{
  "values": [
    515.79999,
    535.41998,
    499.17999,
    529.10999,
    530.27002,
    524.26001,
    543.83002,
    500.75,
    504.82999,
    509.14999,
    528.84003,
    551.63,
    529.09003,
    590.89001,
    436.73001,
    375.14001,
    429.38,
    469.07001,
    509.22,
    519.53998,
    453.14001,
    452.35999,
    279.03,
    460.76999,
    398.47,
    408.76001,
    490.67001,
    296.88,
    332.32999,
    336.64001,
    519.69,
    324.45999,
    297.20001,
    445.45001,
    352.92001,
    397.82999,
    389,
    478.29999,
    329.42001,
    470.39001,
    384.12,
    460.48999,
    438.75,
    283.23001,
    440.25,
    390.85999,
    335.26001,
    342.98999,
    374.06,
    518.03998,
    520.03998,
    495.32001,
    619.16998,
    512.21997,
    319.54001,
    375.60001,
    469.42001,
    396.29001,
    525.21002,
    367.48001,
    419.48999,
    366.82999,
    368.95999,
    530.47998,
    365.66,
    492.69,
    325.14001,
    322.73999,
    380.75,
    443.29001,
    438.28,
    443.35999,
    474.04999,
    322.76999,
    367.57999,
    523.23999,
    508.22,
    323.51999,
    454.42001,
    362.14001,
    607.22998,
    355.92999,
    387.01001,
    536.10999,
    514.23999,
    433.92001,
    396.70999,
    378.54001,
    522.5,
    363.70999,
    400.62,
    259.79001,
    605.40002,
    389.01999,
    477.87,
    336.16,
    459.67999,
    324.76001,
    531.13,
    542.41998,
    337.70999,
    534.17999,
    516.20001,
    518,
    507.91,
    491.54999,
    422.54001,
    340.17001,
    297.42999,
    413.67001,
    554.71997,
    455.97,
    300.45999,
    597.75,
    414.70999,
    511.79999,
    372.29999,
    557.46997,
    508.88,
    498,
    444.73001,
    441.38,
    414.85001,
    438.89999,
    360.57001,
    422.70999,
    363.87,
    561.90002,
    321.88
  ],
  "years": [
    1,
    1,
    1,
    1,
    1,
    1,
    1,
    1,
    1,
    1,
    1,
    1,
    1,
    1,
    1,
    1,
    1,
    1,
    1,
    1,
    1,
    1,
    1,
    1,
    1,
    1,
    1,
    1,
    1,
    1,
    1,
    1,
    1,
    1,
    1,
    1,
    1,
    1,
    1,
    1,
    1,
    1,
    1,
    1,
    1,
    1,
    1,
    1,
    1,
    1,
    1,
    1,
    1,
    1,
    1,
    1,
    1,
    1,
    1,
    1,
    1,
    1,
    1,
    1,
    1,
    1,
    1,
    1,
    1,
    1,
    1,
    1,
    1,
    1,
    1,
    1,
    1,
    1,
    1,
    1,
    1,
    1,
    1,
    1,
    1,
    1,
    1,
    1,
    1,
    1,
    1,
    1,
    1,
    1,
    1,
    1,
    1,
    1,
    1,
    1,
    1,
    1,
    1,
    1,
    1,
    1,
    1,
    1,
    1,
    1,
    1,
    1,
    1,
    1,
    1,
    1,
    1,
    1,
    1,
    1,
    1,
    1,
    1,
    1,
    1,
    1,
    1,
    1,
    1
  ],
  "entities": [
    1,
    2,
    3,
    4,
    5,
    6,
    7,
    8,
    9,
    10,
    11,
    12,
    13,
    14,
    16,
    17,
    21,
    22,
    23,
    24,
    25,
    27,
    32,
    35,
    36,
    37,
    39,
    40,
    41,
    43,
    44,
    60,
    61,
    63,
    64,
    65,
    66,
    67,
    68,
    70,
    71,
    72,
    73,
    74,
    75,
    77,
    78,
    80,
    81,
    83,
    84,
    85,
    86,
    88,
    89,
    90,
    92,
    93,
    95,
    96,
    97,
    98,
    100,
    102,
    105,
    106,
    108,
    109,
    110,
    111,
    112,
    113,
    116,
    117,
    118,
    119,
    122,
    123,
    124,
    126,
    127,
    129,
    130,
    131,
    133,
    135,
    136,
    137,
    138,
    139,
    140,
    143,
    144,
    148,
    149,
    150,
    152,
    153,
    155,
    156,
    160,
    161,
    162,
    163,
    164,
    165,
    166,
    167,
    169,
    170,
    171,
    172,
    173,
    198,
    201,
    207,
    208,
    209,
    210,
    212,
    213,
    215,
    217,
    226,
    233,
    238,
    259,
    262,
    380
  ]
}