{
  "values": [
    450,
    510,
    500,
    790,
    430,
    520,
    870,
    810,
    480,
    520,
    530,
    510,
    420,
    462.23288,
    447.03494,
    473.71027,
    743.5294,
    594.5937,
    797.05444,
    758.9505,
    465.7572,
    168.84738,
    316.97162,
    402.20773,
    341.01044,
    375.39844,
    359.159,
    326.0165,
    351.96396,
    364.44403,
    321.56488,
    279.96304,
    421.3983,
    487.60367,
    352.73257,
    368.7338,
    319.28906,
    310.36716,
    409.39337,
    414.84402,
    367.74368,
    380.06436,
    345.6464,
    336.29443,
    404.76437,
    446.3482,
    410.8725,
    375.4968,
    362.86868,
    398.05768,
    477.57748,
    460.14648,
    517.4383,
    587.6594,
    538.9665,
    498.3494,
    573.6111,
    704.03674,
    612.1865,
    569.87836,
    523.42865,
    562.9827,
    473.2771,
    399.73004,
    414.77548,
    398.058,
    404.38156,
    386.50208,
    333.48123,
    286.86575,
    283.9115,
    293.4723,
    338.9196,
    357.71942,
    528.5297,
    640.0622,
    705.5343,
    722.25885,
    719.8424,
    714.85895,
    699.86884,
    647.04193,
    750.4204,
    594.4946,
    632.8816,
    596.3317,
    557.11383,
    564.8742,
    670.37585,
    797.7686,
    857.8819,
    965.7902,
    760.081,
    682.4567,
    662.1188,
    640.6627,
    675.2709,
    644.891,
    591,
    523.4394,
    550.90594,
    486.88312,
    426.75375,
    530.63586,
    940.55054,
    594.24475,
    646.8254,
    935.6971,
    1801.8579,
    1041.0723,
    1121.0454,
    1058.1592,
    993.90247,
    832.48926,
    915.8851,
    784.05066,
    624.8333,
    944.34924,
    973.71564,
    828.7055,
    699.11127,
    857,
    1110
  ],
  "years": [
    1900,
    1901,
    1902,
    1903,
    1904,
    1905,
    1906,
    1907,
    1908,
    1909,
    1910,
    1911,
    1912,
    1913,
    1914,
    1915,
    1916,
    1917,
    1918,
    1919,
    1920,
    1921,
    1922,
    1923,
    1924,
    1925,
    1926,
    1927,
    1928,
    1929,
    1930,
    1931,
    1932,
    1933,
    1934,
    1935,
    1936,
    1937,
    1938,
    1939,
    1940,
    1941,
    1942,
    1943,
    1944,
    1945,
    1946,
    1947,
    1948,
    1949,
    1950,
    1951,
    1952,
    1953,
    1954,
    1955,
    1956,
    1957,
    1958,
    1959,
    1960,
    1961,
    1962,
    1963,
    1964,
    1965,
    1966,
    1967,
    1968,
    1969,
    1970,
    1971,
    1972,
    1973,
    1974,
    1975,
    1976,
    1977,
    1978,
    1979,
    1980,
    1981,
    1982,
    1983,
    1984,
    1985,
    1986,
    1987,
    1988,
    1989,
    1990,
    1991,
    1992,
    1993,
    1994,
    1995,
    1996,
    1997,
    1998,
    1999,
    2000,
    2001,
    2002,
    2003,
    2004,
    2005,
    2006,
    2007,
    2008,
    2009,
    2010,
    2011,
    2012,
    2013,
    2014,
    2015,
    2016,
    2017,
    2018,
    2019,
    2020,
    2021,
    2022
  ],
  "entities": [
    355,
    355,
    355,
    355,
    355,
    355,
    355,
    355,
    355,
    355,
    355,
    355,
    355,
    355,
    355,
    355,
    355,
    355,
    355,
    355,
    355,
    355,
    355,
    355,
    355,
    355,
    355,
    355,
    355,
    355,
    355,
    355,
    355,
    355,
    355,
    355,
    355,
    355,
    355,
    355,
    355,
    355,
    355,
    355,
    355,
    355,
    355,
    355,
    355,
    355,
    355,
    355,
    355,
    355,
    355,
    355,
    355,
    355,
    355,
    355,
    355,
    355,
    355,
    355,
    355,
    355,
    355,
    355,
    355,
    355,
    355,
    355,
    355,
    355,
    355,
    355,
    355,
    355,
    355,
    355,
    355,
    355,
    355,
    355,
    355,
    355,
    355,
    355,
    355,
    355,
    355,
    355,
    355,
    355,
    355,
    355,
    355,
    355,
    355,
    355,
    355,
    355,
    355,
    355,
    355,
    355,
    355,
    355,
    355,
    355,
    355,
    355,
    355,
    355,
    355,
    355,
    355,
    355,
    355,
    355,
    355,
    355,
    355
  ]
}