{
  "values": [
    11.171749,
    10.622463,
    10.492021,
    12.228413,
    12.222222,
    0.3515249,
    19.101124,
    21.65088,
    22.739363,
    24.512535,
    25,
    0.20064206,
    0.19350474,
    0.21010637,
    21.027287,
    23.815968,
    21.542553,
    22.284124,
    22.222223,
    0.098782144,
    4.0930977,
    3.8159676,
    2.6329787,
    2.3259053,
    2.3611112,
    0.0744249,
    0.28272983,
    0.2777778,
    0.16532905,
    0.29634643,
    0.13696809,
    0.13370475,
    0.13333334,
    0.7720706,
    0.45872802,
    0.96808517,
    0.65738165,
    0.6527778,
    2.4879615,
    2.3815968,
    2.7260637,
    3.3286908,
    3.3333333,
    0.22792937,
    0.18809201,
    0.40159577,
    0.38997218,
    0.38888893,
    28.089888,
    29.634644,
    31.249998,
    29.108635,
    29.166666,
    0.823435,
    0.90798384,
    0.7327128,
    0.5849582,
    0.5833333,
    10.882825,
    5.2638702,
    5.132979,
    3.2869081,
    3.3333333,
    0.176565,
    0.4242021,
    0.22562675,
    0.22222224,
    0,
    0,
    0,
    100,
    100,
    100,
    100,
    100,
    100,
    100,
    100,
    100,
    100,
    100,
    100,
    100,
    100,
    100,
    100,
    100,
    100,
    100,
    100,
    100,
    100,
    100,
    100,
    100,
    100,
    100,
    100,
    100,
    100,
    100,
    100,
    100,
    100,
    100,
    100,
    100,
    100,
    100,
    100,
    100,
    100,
    100,
    100,
    100,
    100,
    100,
    100,
    100,
    100,
    100,
    100,
    100,
    100,
    100,
    100,
    100,
    100,
    100,
    100,
    100,
    100,
    100,
    100,
    100,
    100,
    100,
    100,
    100,
    100,
    100,
    100,
    100,
    100,
    100,
    0.4285714,
    0.57239515,
    0.5930851,
    0.68384403,
    0.6805556
  ],
  "years": [
    2020,
    2021,
    2022,
    2023,
    2024,
    2020,
    2020,
    2021,
    2022,
    2023,
    2024,
    2020,
    2021,
    2022,
    2020,
    2021,
    2022,
    2023,
    2024,
    2021,
    2020,
    2021,
    2022,
    2023,
    2024,
    2021,
    2023,
    2024,
    2020,
    2021,
    2022,
    2023,
    2024,
    2020,
    2021,
    2022,
    2023,
    2024,
    2020,
    2021,
    2022,
    2023,
    2024,
    2020,
    2021,
    2022,
    2023,
    2024,
    2020,
    2021,
    2022,
    2023,
    2024,
    2020,
    2021,
    2022,
    2023,
    2024,
    2020,
    2021,
    2022,
    2023,
    2024,
    2020,
    2022,
    2023,
    2024,
    2020,
    2021,
    2022,
    1944,
    1945,
    1946,
    1947,
    1948,
    1955,
    1956,
    1957,
    1958,
    1959,
    1960,
    1961,
    1962,
    1963,
    1964,
    1965,
    1966,
    1967,
    1968,
    1969,
    1970,
    1971,
    1972,
    1973,
    1974,
    1975,
    1976,
    1977,
    1978,
    1979,
    1980,
    1981,
    1982,
    1983,
    1984,
    1985,
    1986,
    1987,
    1988,
    1989,
    1990,
    1991,
    1992,
    1993,
    1994,
    1995,
    1996,
    1997,
    1998,
    1999,
    2000,
    2001,
    2002,
    2003,
    2004,
    2005,
    2006,
    2007,
    2008,
    2009,
    2010,
    2011,
    2012,
    2013,
    2014,
    2015,
    2016,
    2017,
    2018,
    2019,
    2020,
    2021,
    2022,
    2023,
    2024,
    2020,
    2021,
    2022,
    2023,
    2024
  ],
  "entities": [
    19,
    19,
    19,
    19,
    19,
    23,
    36,
    36,
    36,
    36,
    36,
    37,
    37,
    37,
    44,
    44,
    44,
    44,
    44,
    174,
    167,
    167,
    167,
    167,
    167,
    150,
    150,
    150,
    147,
    147,
    147,
    147,
    147,
    123,
    123,
    123,
    123,
    123,
    108,
    108,
    108,
    108,
    108,
    35473,
    35473,
    35473,
    35473,
    35473,
    12,
    12,
    12,
    12,
    12,
    87,
    87,
    87,
    87,
    87,
    81,
    81,
    81,
    81,
    81,
    64,
    64,
    64,
    64,
    13,
    13,
    13,
    355,
    355,
    355,
    355,
    355,
    355,
    355,
    355,
    355,
    355,
    355,
    355,
    355,
    355,
    355,
    355,
    355,
    355,
    355,
    355,
    355,
    355,
    355,
    355,
    355,
    355,
    355,
    355,
    355,
    355,
    355,
    355,
    355,
    355,
    355,
    355,
    355,
    355,
    355,
    355,
    355,
    355,
    355,
    355,
    355,
    355,
    355,
    355,
    355,
    355,
    355,
    355,
    355,
    355,
    355,
    355,
    355,
    355,
    355,
    355,
    355,
    355,
    355,
    355,
    355,
    355,
    355,
    355,
    355,
    355,
    355,
    355,
    355,
    355,
    355,
    80,
    80,
    80,
    80,
    80
  ]
}