{
  "values": [
    1.908397,
    2.074074,
    2.0769231,
    1.9847329,
    2.0769231,
    0.46153846,
    0.45801526,
    0.46153846,
    67.78626,
    64.37037,
    66.61539,
    66.48855,
    64.61539,
    1.6793894,
    1.925926,
    1.8461539,
    1.832061,
    1.7692307,
    5.19084,
    5.7777777,
    6.1538463,
    6.5648856,
    7.1538463,
    0.22900763,
    0.22222222,
    0.23076923,
    0.3053435,
    0.30769232,
    0.22900763,
    0.2962963,
    0.23076923,
    0.22900763,
    0.23076923,
    4.7328243,
    5.185185,
    4.923077,
    4.80916,
    4.769231,
    0.15267175,
    0.22222222,
    0.15384616,
    0.07633588,
    0.07692308,
    5.4198475,
    6,
    5.1538463,
    4.6564884,
    5.1538463,
    3.9694657,
    4,
    4,
    4.1984735,
    4.1538463,
    3.4351146,
    3.4074075,
    3.2307692,
    3.4351146,
    3.3846154,
    0.99236643,
    1.1111112,
    1,
    0.9160305,
    0.9230769,
    0.7633588,
    0.7407407,
    0.6923077,
    0.6870229,
    0.61538464,
    1.5267175,
    1.5555556,
    0.46153846,
    0.45801526,
    0.46153846,
    1.3740458,
    1.6296296,
    1.5384616,
    1.7557251,
    1.6923077,
    0.7633588,
    1.1111112,
    0.9230769,
    0.99236643,
    1,
    100,
    100,
    100,
    100,
    100,
    100,
    100,
    100,
    100,
    100,
    100,
    100,
    100,
    100,
    100,
    100,
    100,
    100,
    100,
    100,
    100,
    100,
    100,
    100,
    100,
    100,
    100,
    100,
    100,
    100,
    100,
    100,
    100,
    100,
    100,
    100,
    100,
    100,
    100,
    100,
    100,
    100,
    100,
    100,
    100,
    100,
    100,
    100,
    100,
    100,
    100,
    100,
    100,
    100,
    100,
    100,
    100,
    100,
    100,
    100,
    100,
    100,
    100,
    100,
    100,
    100,
    100,
    100,
    100,
    100,
    100,
    100,
    100,
    100,
    100,
    100,
    100,
    100,
    100,
    100,
    100,
    100,
    100,
    100,
    100,
    100,
    100,
    100,
    100,
    100,
    100,
    100,
    100,
    100,
    100,
    100,
    100,
    100,
    100,
    100,
    100,
    100,
    100,
    100,
    100,
    100,
    100,
    100,
    100,
    100,
    100,
    100,
    100,
    100,
    100
  ],
  "years": [
    2020,
    2021,
    2022,
    2023,
    2024,
    2022,
    2023,
    2024,
    2020,
    2021,
    2022,
    2023,
    2024,
    2020,
    2021,
    2022,
    2023,
    2024,
    2020,
    2021,
    2022,
    2023,
    2024,
    2020,
    2021,
    2022,
    2023,
    2024,
    2020,
    2021,
    2022,
    2023,
    2024,
    2020,
    2021,
    2022,
    2023,
    2024,
    2020,
    2021,
    2022,
    2023,
    2024,
    2020,
    2021,
    2022,
    2023,
    2024,
    2020,
    2021,
    2022,
    2023,
    2024,
    2020,
    2021,
    2022,
    2023,
    2024,
    2020,
    2021,
    2022,
    2023,
    2024,
    2020,
    2021,
    2022,
    2023,
    2024,
    2020,
    2021,
    2022,
    2023,
    2024,
    2020,
    2021,
    2022,
    2023,
    2024,
    2020,
    2021,
    2022,
    2023,
    2024,
    1910,
    1911,
    1912,
    1913,
    1914,
    1915,
    1916,
    1917,
    1918,
    1919,
    1920,
    1921,
    1922,
    1923,
    1924,
    1925,
    1926,
    1927,
    1928,
    1929,
    1930,
    1931,
    1932,
    1933,
    1934,
    1935,
    1936,
    1937,
    1938,
    1939,
    1940,
    1941,
    1942,
    1943,
    1944,
    1945,
    1946,
    1947,
    1948,
    1949,
    1950,
    1951,
    1952,
    1953,
    1954,
    1955,
    1956,
    1957,
    1958,
    1959,
    1960,
    1961,
    1962,
    1963,
    1964,
    1965,
    1966,
    1967,
    1968,
    1969,
    1970,
    1971,
    1972,
    1973,
    1974,
    1975,
    1976,
    1977,
    1978,
    1979,
    1980,
    1981,
    1982,
    1983,
    1984,
    1985,
    1986,
    1987,
    1988,
    1989,
    1990,
    1991,
    1992,
    1993,
    1994,
    1995,
    1996,
    1997,
    1998,
    1999,
    2000,
    2001,
    2002,
    2003,
    2004,
    2005,
    2006,
    2007,
    2008,
    2009,
    2010,
    2011,
    2012,
    2013,
    2014,
    2015,
    2016,
    2017,
    2018,
    2019,
    2020,
    2021,
    2022,
    2023,
    2024
  ],
  "entities": [
    37,
    37,
    37,
    37,
    37,
    44,
    44,
    44,
    171,
    171,
    171,
    171,
    171,
    6,
    6,
    6,
    6,
    6,
    137,
    137,
    137,
    137,
    137,
    135,
    135,
    135,
    135,
    135,
    8,
    8,
    8,
    8,
    8,
    14,
    14,
    14,
    14,
    14,
    113,
    113,
    113,
    113,
    113,
    35473,
    35473,
    35473,
    35473,
    35473,
    12,
    12,
    12,
    12,
    12,
    127,
    127,
    127,
    127,
    127,
    198,
    198,
    198,
    198,
    198,
    70,
    70,
    70,
    70,
    70,
    67,
    67,
    67,
    67,
    67,
    13,
    13,
    13,
    13,
    13,
    84,
    84,
    84,
    84,
    84,
    355,
    355,
    355,
    355,
    355,
    355,
    355,
    355,
    355,
    355,
    355,
    355,
    355,
    355,
    355,
    355,
    355,
    355,
    355,
    355,
    355,
    355,
    355,
    355,
    355,
    355,
    355,
    355,
    355,
    355,
    355,
    355,
    355,
    355,
    355,
    355,
    355,
    355,
    355,
    355,
    355,
    355,
    355,
    355,
    355,
    355,
    355,
    355,
    355,
    355,
    355,
    355,
    355,
    355,
    355,
    355,
    355,
    355,
    355,
    355,
    355,
    355,
    355,
    355,
    355,
    355,
    355,
    355,
    355,
    355,
    355,
    355,
    355,
    355,
    355,
    355,
    355,
    355,
    355,
    355,
    355,
    355,
    355,
    355,
    355,
    355,
    355,
    355,
    355,
    355,
    355,
    355,
    355,
    355,
    355,
    355,
    355,
    355,
    355,
    355,
    355,
    355,
    355,
    355,
    355,
    355,
    355,
    355,
    355,
    355,
    355,
    355,
    355,
    355,
    355
  ]
}