{
  "values": [
    0.51724136,
    0.5464481,
    0.5681818,
    4.9753695,
    4.251366,
    4.5454545,
    0.5788177,
    0.5355191,
    0.5568182,
    68.965515,
    69.94536,
    68.181816,
    1.3793104,
    1.3879782,
    1.3636364,
    0.6885246,
    0.71590906,
    1.2684729,
    1.2131147,
    1.25,
    0.82512313,
    1.3333334,
    1.3636364,
    4.2487683,
    3.956284,
    4.090909,
    2.1551723,
    1.3989071,
    2.3863637,
    0.51724136,
    7.093596,
    7.0382514,
    7.2727275,
    0.6773399,
    0.6557377,
    0.64772725,
    31.327435,
    33.103447,
    32.672413,
    30.335571,
    29.61039,
    26.855347,
    29.329268,
    25.859873,
    29.041916,
    29.438202,
    29.666666,
    20.428572,
    21.034483,
    21.59292,
    19.333334,
    19.71831,
    15.927273,
    16.615385,
    10.497926,
    11.889764,
    15.091575,
    12.826855,
    11.094891,
    12.246377,
    14.046823,
    12.988166,
    10.121065,
    9.189874,
    10.662825,
    11.46875,
    12.302839,
    12.774194,
    12.875,
    12.6470585,
    13.40625,
    12.441176,
    10.485714,
    8.057143,
    7.016129,
    5.763098,
    5.612245,
    5.065913,
    2.5840707,
    2.4486573,
    2.764977,
    2.2204473,
    2.5396826,
    4.735414,
    5.2348995,
    4.9308176,
    5.075949,
    5.269231,
    4.987013,
    5.739972,
    4.8368955,
    3.6214952,
    3.41133,
    3.420765,
    3.5227273,
    100,
    100,
    100,
    100,
    100,
    100,
    100,
    100,
    100,
    100,
    100,
    100,
    100,
    100,
    100,
    100,
    100,
    100,
    100,
    100,
    100,
    100,
    100,
    100,
    100,
    100,
    100,
    100,
    100,
    100,
    100,
    100,
    100,
    100,
    100,
    100,
    100,
    100,
    100,
    100,
    100,
    100,
    100,
    100,
    100,
    100,
    100,
    100,
    100,
    100,
    100,
    100,
    100,
    100,
    100,
    100,
    100,
    100,
    100
  ],
  "years": [
    2020,
    2021,
    2022,
    2020,
    2021,
    2022,
    2020,
    2021,
    2022,
    2020,
    2021,
    2022,
    2020,
    2021,
    2022,
    2021,
    2022,
    2020,
    2021,
    2022,
    2020,
    2021,
    2022,
    2020,
    2021,
    2022,
    2020,
    2021,
    2022,
    2020,
    2020,
    2021,
    2022,
    2020,
    2021,
    2022,
    1964,
    1965,
    1966,
    1967,
    1968,
    1969,
    1970,
    1971,
    1972,
    1973,
    1974,
    1975,
    1976,
    1977,
    1978,
    1979,
    1980,
    1981,
    1982,
    1983,
    1984,
    1985,
    1986,
    1987,
    1988,
    1989,
    1990,
    1991,
    1992,
    1993,
    1994,
    1995,
    1996,
    1997,
    1998,
    1999,
    2000,
    2001,
    2002,
    2003,
    2004,
    2005,
    2006,
    2007,
    2008,
    2009,
    2010,
    2011,
    2012,
    2013,
    2014,
    2015,
    2016,
    2017,
    2018,
    2019,
    2020,
    2021,
    2022,
    1964,
    1965,
    1966,
    1967,
    1968,
    1969,
    1970,
    1971,
    1972,
    1973,
    1974,
    1975,
    1976,
    1977,
    1978,
    1979,
    1980,
    1981,
    1982,
    1983,
    1984,
    1985,
    1986,
    1987,
    1988,
    1989,
    1990,
    1991,
    1992,
    1993,
    1994,
    1995,
    1996,
    1997,
    1998,
    1999,
    2000,
    2001,
    2002,
    2003,
    2004,
    2005,
    2006,
    2007,
    2008,
    2009,
    2010,
    2011,
    2012,
    2013,
    2014,
    2015,
    2016,
    2017,
    2018,
    2019,
    2020,
    2021,
    2022
  ],
  "entities": [
    23,
    23,
    23,
    37,
    37,
    37,
    44,
    44,
    44,
    171,
    171,
    171,
    3,
    3,
    3,
    6,
    6,
    207,
    207,
    207,
    131,
    131,
    131,
    102,
    102,
    102,
    35473,
    35473,
    35473,
    11,
    12,
    12,
    12,
    9,
    9,
    9,
    13,
    13,
    13,
    13,
    13,
    13,
    13,
    13,
    13,
    13,
    13,
    13,
    13,
    13,
    13,
    13,
    13,
    13,
    13,
    13,
    13,
    13,
    13,
    13,
    13,
    13,
    13,
    13,
    13,
    13,
    13,
    13,
    13,
    13,
    13,
    13,
    13,
    13,
    13,
    13,
    13,
    13,
    13,
    13,
    13,
    13,
    13,
    13,
    13,
    13,
    13,
    13,
    13,
    13,
    13,
    13,
    13,
    13,
    13,
    355,
    355,
    355,
    355,
    355,
    355,
    355,
    355,
    355,
    355,
    355,
    355,
    355,
    355,
    355,
    355,
    355,
    355,
    355,
    355,
    355,
    355,
    355,
    355,
    355,
    355,
    355,
    355,
    355,
    355,
    355,
    355,
    355,
    355,
    355,
    355,
    355,
    355,
    355,
    355,
    355,
    355,
    355,
    355,
    355,
    355,
    355,
    355,
    355,
    355,
    355,
    355,
    355,
    355,
    355,
    355,
    355,
    355,
    355
  ]
}