{
  "values": [
    0,
    0,
    0,
    6.304762,
    5.5047617,
    5.72549,
    5.2115383,
    5,
    66.666664,
    66.95238,
    65.588234,
    67.30769,
    70,
    18.571428,
    19.142857,
    19.607843,
    19.23077,
    20,
    8.171429,
    8.380953,
    8.696078,
    8.336538,
    8,
    26.153847,
    41.838234,
    35.042015,
    34.84127,
    51.652893,
    44.636677,
    29.146341,
    10.08547,
    17.647058,
    51.041668,
    0.36666667,
    5,
    5.5528846,
    6.5128207,
    25.282051,
    28.262548,
    30.927835,
    32.483444,
    41.155235,
    51.937984,
    57.762558,
    45.714287,
    50.187267,
    41.51079,
    73.56322,
    89.48412,
    61.78344,
    77.79605,
    53.846153,
    55.230125,
    57.108433,
    55.56872,
    46.82622,
    51.57895,
    49.126213,
    32.416107,
    30.189873,
    28.580645,
    27.5625,
    23.87255,
    20.416666,
    19.246574,
    16.310345,
    19.455782,
    17.745358,
    17.743732,
    21.246458,
    21.286764,
    11.1029415,
    12.604502,
    7.903226,
    6.59375,
    7.125,
    8.939394,
    7.242424,
    6.9578314,
    8.522727,
    5.05618,
    11.48,
    8.84375,
    5.5277777,
    10.6267805,
    0,
    0,
    0,
    0,
    0,
    0,
    0,
    0,
    0.84415585,
    0.39115646,
    1.4783821,
    0.8251748,
    0.14152204,
    0.72604424,
    0,
    0,
    0,
    0,
    0,
    0.49568966,
    0.016190477,
    0,
    0,
    100,
    100,
    100,
    100,
    100,
    100,
    100,
    100,
    100,
    100,
    100,
    100,
    100,
    100,
    100,
    100,
    100,
    100,
    100,
    100,
    100,
    100,
    100,
    100,
    100,
    100,
    100,
    100,
    100,
    100,
    100,
    100,
    100,
    100,
    100,
    100,
    100,
    100,
    100,
    100,
    100,
    100,
    100,
    100,
    100,
    100,
    100,
    100,
    100,
    100,
    100,
    100,
    100,
    100,
    100,
    100,
    100,
    100,
    100,
    100,
    100,
    100,
    100,
    100,
    100,
    100,
    100,
    100,
    100,
    100,
    100,
    100,
    100,
    100,
    100,
    100,
    100,
    100,
    100,
    100,
    100,
    100,
    100,
    100,
    100,
    100,
    100
  ],
  "years": [
    2020,
    2021,
    2022,
    2020,
    2021,
    2022,
    2023,
    2024,
    2020,
    2021,
    2022,
    2023,
    2024,
    2020,
    2021,
    2022,
    2023,
    2024,
    2020,
    2021,
    2022,
    2023,
    2024,
    1912,
    1915,
    1916,
    1917,
    1918,
    1919,
    1920,
    1925,
    1926,
    1932,
    1933,
    1934,
    1935,
    1936,
    1937,
    1938,
    1939,
    1940,
    1941,
    1942,
    1943,
    1944,
    1945,
    1946,
    1947,
    1960,
    1961,
    1962,
    1963,
    1964,
    1965,
    1966,
    1967,
    1968,
    1969,
    1970,
    1971,
    1972,
    1973,
    1974,
    1975,
    1976,
    1977,
    1978,
    1979,
    1980,
    1981,
    1982,
    1983,
    1984,
    1985,
    1986,
    1987,
    1988,
    1989,
    1990,
    1991,
    1992,
    1993,
    1994,
    1995,
    1996,
    2000,
    2001,
    2002,
    2003,
    2004,
    2005,
    2006,
    2007,
    2008,
    2009,
    2010,
    2011,
    2012,
    2013,
    2014,
    2015,
    2016,
    2017,
    2018,
    2019,
    2020,
    2021,
    2022,
    1912,
    1915,
    1916,
    1917,
    1918,
    1919,
    1920,
    1925,
    1926,
    1932,
    1933,
    1934,
    1935,
    1936,
    1937,
    1938,
    1939,
    1940,
    1941,
    1942,
    1943,
    1944,
    1945,
    1946,
    1947,
    1960,
    1961,
    1962,
    1963,
    1964,
    1965,
    1966,
    1967,
    1968,
    1969,
    1970,
    1971,
    1972,
    1973,
    1974,
    1975,
    1976,
    1977,
    1978,
    1979,
    1980,
    1981,
    1982,
    1983,
    1984,
    1985,
    1986,
    1987,
    1988,
    1989,
    1990,
    1991,
    1992,
    1993,
    1994,
    1995,
    1996,
    2000,
    2001,
    2002,
    2003,
    2004,
    2005,
    2006,
    2007,
    2008,
    2009,
    2010,
    2011,
    2012,
    2013,
    2014,
    2015,
    2016,
    2017,
    2018,
    2019,
    2020,
    2021,
    2022,
    2023,
    2024
  ],
  "entities": [
    23,
    23,
    23,
    37,
    37,
    37,
    37,
    37,
    171,
    171,
    171,
    171,
    171,
    12,
    12,
    12,
    12,
    12,
    81,
    81,
    81,
    81,
    81,
    13,
    13,
    13,
    13,
    13,
    13,
    13,
    13,
    13,
    13,
    13,
    13,
    13,
    13,
    13,
    13,
    13,
    13,
    13,
    13,
    13,
    13,
    13,
    13,
    13,
    13,
    13,
    13,
    13,
    13,
    13,
    13,
    13,
    13,
    13,
    13,
    13,
    13,
    13,
    13,
    13,
    13,
    13,
    13,
    13,
    13,
    13,
    13,
    13,
    13,
    13,
    13,
    13,
    13,
    13,
    13,
    13,
    13,
    13,
    13,
    13,
    13,
    13,
    13,
    13,
    13,
    13,
    13,
    13,
    13,
    13,
    13,
    13,
    13,
    13,
    13,
    13,
    13,
    13,
    13,
    13,
    13,
    13,
    13,
    13,
    355,
    355,
    355,
    355,
    355,
    355,
    355,
    355,
    355,
    355,
    355,
    355,
    355,
    355,
    355,
    355,
    355,
    355,
    355,
    355,
    355,
    355,
    355,
    355,
    355,
    355,
    355,
    355,
    355,
    355,
    355,
    355,
    355,
    355,
    355,
    355,
    355,
    355,
    355,
    355,
    355,
    355,
    355,
    355,
    355,
    355,
    355,
    355,
    355,
    355,
    355,
    355,
    355,
    355,
    355,
    355,
    355,
    355,
    355,
    355,
    355,
    355,
    355,
    355,
    355,
    355,
    355,
    355,
    355,
    355,
    355,
    355,
    355,
    355,
    355,
    355,
    355,
    355,
    355,
    355,
    355,
    355,
    355,
    355,
    355,
    355,
    355
  ]
}