{
  "values": [
    32.727272,
    34.7027,
    39.958805,
    40.206184,
    28.181818,
    33.51351,
    31.92585,
    31.958763,
    0.051493306,
    0.05154639,
    11.818182,
    1.2972972,
    1.5447992,
    1.5463917,
    5.4545455,
    6.4864864,
    0.19258496,
    0.19587629,
    12.727273,
    15.135135,
    18.434603,
    18.556702,
    100,
    100,
    100,
    100,
    100,
    100,
    84.87713,
    96.13153,
    100,
    65.30612,
    58.776978,
    87.92453,
    90.86758,
    75.90362,
    64.54849,
    78.9644,
    72.27415,
    77.01863,
    74.17583,
    67.75819,
    67.82077,
    64.96674,
    48.18068,
    44.831223,
    46.25407,
    43.51852,
    47.12963,
    51.037735,
    36.666668,
    44.257427,
    34.81203,
    35.202312,
    30.186047,
    24.666666,
    17.146893,
    13.201755,
    8.667763,
    5.006402,
    4.031355,
    3.5185184,
    3.6890757,
    3.160584,
    3.405797,
    3.5038168,
    2.8057554,
    2.4255319,
    2.4074075,
    3.1020408,
    4.1896553,
    5.4454546,
    7.643564,
    7.1681414,
    9.6875,
    8.08,
    10.2970295,
    9.181818,
    8.832433,
    7.868177,
    7.010309,
    100,
    100,
    100,
    100,
    100,
    100,
    100,
    100,
    100,
    100,
    100,
    100,
    100,
    100,
    100,
    100,
    100,
    100,
    100,
    100,
    100,
    100,
    100,
    100,
    100,
    100,
    100,
    100,
    100,
    100,
    100,
    100,
    100,
    100,
    100,
    100,
    100,
    100,
    100,
    100,
    100,
    100,
    100,
    100,
    100,
    100,
    100,
    100,
    100,
    100,
    100,
    100,
    100,
    100,
    100,
    100,
    100,
    100,
    100,
    100,
    100,
    100,
    100,
    100,
    100,
    100,
    100,
    100,
    100,
    100,
    100,
    100,
    100,
    100,
    100,
    100,
    100,
    100
  ],
  "years": [
    2020,
    2021,
    2022,
    2023,
    2020,
    2021,
    2022,
    2023,
    2022,
    2023,
    2020,
    2021,
    2022,
    2023,
    2020,
    2021,
    2022,
    2023,
    2020,
    2021,
    2022,
    2023,
    1913,
    1914,
    1915,
    1916,
    1917,
    1918,
    1919,
    1920,
    1921,
    1922,
    1923,
    1976,
    1977,
    1978,
    1979,
    1980,
    1981,
    1982,
    1983,
    1984,
    1985,
    1986,
    1987,
    1988,
    1989,
    1990,
    1991,
    1992,
    1993,
    1994,
    1995,
    1996,
    1997,
    1998,
    1999,
    2000,
    2001,
    2002,
    2003,
    2004,
    2005,
    2006,
    2007,
    2008,
    2009,
    2010,
    2011,
    2012,
    2013,
    2014,
    2015,
    2016,
    2017,
    2018,
    2019,
    2020,
    2021,
    2022,
    2023,
    1913,
    1914,
    1915,
    1916,
    1917,
    1918,
    1919,
    1920,
    1921,
    1922,
    1923,
    1924,
    1925,
    1926,
    1960,
    1961,
    1962,
    1963,
    1964,
    1965,
    1966,
    1967,
    1968,
    1969,
    1970,
    1971,
    1972,
    1973,
    1974,
    1975,
    1976,
    1977,
    1978,
    1979,
    1980,
    1981,
    1982,
    1983,
    1984,
    1985,
    1986,
    1987,
    1988,
    1989,
    1990,
    1991,
    1992,
    1993,
    1994,
    1995,
    1996,
    1997,
    1998,
    1999,
    2000,
    2001,
    2002,
    2003,
    2004,
    2005,
    2006,
    2007,
    2008,
    2009,
    2010,
    2011,
    2012,
    2013,
    2014,
    2015,
    2016,
    2017,
    2018,
    2019,
    2020,
    2021,
    2022,
    2023
  ],
  "entities": [
    23,
    23,
    23,
    23,
    171,
    171,
    171,
    171,
    162,
    162,
    137,
    137,
    137,
    137,
    35473,
    35473,
    101,
    101,
    81,
    81,
    81,
    81,
    13,
    13,
    13,
    13,
    13,
    13,
    13,
    13,
    13,
    13,
    13,
    13,
    13,
    13,
    13,
    13,
    13,
    13,
    13,
    13,
    13,
    13,
    13,
    13,
    13,
    13,
    13,
    13,
    13,
    13,
    13,
    13,
    13,
    13,
    13,
    13,
    13,
    13,
    13,
    13,
    13,
    13,
    13,
    13,
    13,
    13,
    13,
    13,
    13,
    13,
    13,
    13,
    13,
    13,
    13,
    13,
    13,
    13,
    13,
    355,
    355,
    355,
    355,
    355,
    355,
    355,
    355,
    355,
    355,
    355,
    355,
    355,
    355,
    355,
    355,
    355,
    355,
    355,
    355,
    355,
    355,
    355,
    355,
    355,
    355,
    355,
    355,
    355,
    355,
    355,
    355,
    355,
    355,
    355,
    355,
    355,
    355,
    355,
    355,
    355,
    355,
    355,
    355,
    355,
    355,
    355,
    355,
    355,
    355,
    355,
    355,
    355,
    355,
    355,
    355,
    355,
    355,
    355,
    355,
    355,
    355,
    355,
    355,
    355,
    355,
    355,
    355,
    355,
    355,
    355,
    355,
    355,
    355,
    355,
    355,
    355,
    355
  ]
}