{
  "values": [
    6.4102564,
    6.451613,
    6.042296,
    5.6657224,
    5.4054055,
    1.9230769,
    1.8387097,
    3.323263,
    3.6827195,
    3.5135136,
    38.46154,
    40.64516,
    38.97281,
    50.42493,
    48.648647,
    2.6923077,
    2.580645,
    3.9274924,
    3.4560907,
    4.5945945,
    9.615385,
    9.67742,
    9.063444,
    1.4164306,
    1.3513514,
    0.44871795,
    0.4516129,
    0.42296073,
    0.39660057,
    0.3783784,
    23.717949,
    23.225807,
    21.450151,
    19.263456,
    19.18919,
    0.44871795,
    0.67741936,
    0.42296073,
    1.1217948,
    1.1612903,
    1.7220544,
    1.4164306,
    1.3513514,
    2.371795,
    2.387097,
    2.4773414,
    2.0963173,
    2,
    10.897436,
    9.67742,
    10.271903,
    9.915014,
    9.189189,
    0.6798867,
    1.6216216,
    0.2549575,
    0.24324325,
    0.32051283,
    0.16129032,
    0.3021148,
    0.11331445,
    1.6025641,
    1.6129032,
    1.510574,
    1.4164306,
    1.3513514,
    0.056657225,
    0.054054055,
    100,
    100,
    100,
    100,
    100,
    100,
    100,
    100,
    100,
    100,
    100,
    100,
    100,
    100,
    100,
    100,
    100,
    100,
    100,
    100,
    100,
    100,
    100,
    100,
    100,
    100,
    100,
    100,
    100,
    100,
    100,
    100,
    100,
    100,
    100,
    100,
    100,
    100,
    100,
    100,
    100,
    100,
    100,
    100,
    100,
    100,
    100,
    100,
    100,
    100,
    100,
    100,
    100,
    100,
    100,
    100,
    100,
    100,
    100,
    100,
    100,
    100,
    100,
    100,
    100,
    100,
    100,
    100,
    100,
    100,
    100,
    100,
    100,
    100,
    100,
    100,
    100,
    100,
    100,
    100,
    100,
    100,
    100,
    100,
    100,
    100,
    100
  ],
  "years": [
    2020,
    2021,
    2022,
    2023,
    2024,
    2020,
    2021,
    2022,
    2023,
    2024,
    2020,
    2021,
    2022,
    2023,
    2024,
    2020,
    2021,
    2022,
    2023,
    2024,
    2020,
    2021,
    2022,
    2023,
    2024,
    2020,
    2021,
    2022,
    2023,
    2024,
    2020,
    2021,
    2022,
    2023,
    2024,
    2020,
    2021,
    2022,
    2020,
    2021,
    2022,
    2023,
    2024,
    2020,
    2021,
    2022,
    2023,
    2024,
    2020,
    2021,
    2022,
    2023,
    2024,
    2023,
    2024,
    2023,
    2024,
    2020,
    2021,
    2022,
    2023,
    2020,
    2021,
    2022,
    2023,
    2024,
    2023,
    2024,
    1938,
    1939,
    1940,
    1941,
    1942,
    1943,
    1944,
    1945,
    1946,
    1947,
    1948,
    1949,
    1950,
    1951,
    1952,
    1953,
    1954,
    1955,
    1956,
    1957,
    1958,
    1959,
    1960,
    1961,
    1962,
    1963,
    1964,
    1965,
    1966,
    1967,
    1968,
    1969,
    1970,
    1971,
    1972,
    1973,
    1974,
    1975,
    1976,
    1977,
    1978,
    1979,
    1980,
    1981,
    1982,
    1983,
    1984,
    1985,
    1986,
    1987,
    1988,
    1989,
    1990,
    1991,
    1992,
    1993,
    1994,
    1995,
    1996,
    1997,
    1998,
    1999,
    2000,
    2001,
    2002,
    2003,
    2004,
    2005,
    2006,
    2007,
    2008,
    2009,
    2010,
    2011,
    2012,
    2013,
    2014,
    2015,
    2016,
    2017,
    2018,
    2019,
    2020,
    2021,
    2022,
    2023,
    2024
  ],
  "entities": [
    4,
    4,
    4,
    4,
    4,
    44,
    44,
    44,
    44,
    44,
    171,
    171,
    171,
    171,
    171,
    155,
    155,
    155,
    155,
    155,
    6,
    6,
    6,
    6,
    6,
    137,
    137,
    137,
    137,
    137,
    14,
    14,
    14,
    14,
    14,
    35473,
    35473,
    35473,
    97,
    97,
    97,
    97,
    97,
    11,
    11,
    11,
    11,
    11,
    12,
    12,
    12,
    12,
    12,
    88,
    88,
    81,
    81,
    10,
    10,
    10,
    10,
    70,
    70,
    70,
    70,
    70,
    62,
    62,
    355,
    355,
    355,
    355,
    355,
    355,
    355,
    355,
    355,
    355,
    355,
    355,
    355,
    355,
    355,
    355,
    355,
    355,
    355,
    355,
    355,
    355,
    355,
    355,
    355,
    355,
    355,
    355,
    355,
    355,
    355,
    355,
    355,
    355,
    355,
    355,
    355,
    355,
    355,
    355,
    355,
    355,
    355,
    355,
    355,
    355,
    355,
    355,
    355,
    355,
    355,
    355,
    355,
    355,
    355,
    355,
    355,
    355,
    355,
    355,
    355,
    355,
    355,
    355,
    355,
    355,
    355,
    355,
    355,
    355,
    355,
    355,
    355,
    355,
    355,
    355,
    355,
    355,
    355,
    355,
    355,
    355,
    355,
    355,
    355,
    355,
    355
  ]
}