{
  "values": [
    6.7330675,
    5.5311356,
    4.7400613,
    3.9733334,
    2.9729729,
    3.0717132,
    2.7838829,
    2.706422,
    2.2053332,
    2.0810812,
    6.6533866,
    4.908425,
    4.373089,
    4.24,
    5.135135,
    4.7808766,
    3.9926739,
    3.4862385,
    3.12,
    3.2432432,
    30.71713,
    38.095238,
    48.318043,
    54.133335,
    59.45946,
    7.9681277,
    6.8131866,
    6.116208,
    6.16,
    2.9729729,
    14.860558,
    15.714286,
    12.35474,
    9.066667,
    8.1081085,
    13.306773,
    14.175824,
    10.550459,
    11.013333,
    8.918919,
    11.2749,
    7.5091577,
    6.788991,
    5.6,
    5.675676,
    0.66533864,
    0.6739927,
    0.5351682,
    0.43733335,
    0.21621622,
    100,
    100,
    100,
    100,
    100,
    100,
    100,
    100,
    100,
    100,
    100,
    100,
    100,
    100,
    100,
    100,
    100,
    100,
    100,
    100,
    100,
    100,
    100,
    100,
    100,
    100,
    100,
    100,
    100,
    100,
    100,
    100,
    100,
    100,
    100,
    100,
    100,
    100,
    100,
    100,
    100,
    100,
    100,
    100,
    100,
    100,
    100,
    100,
    100,
    100,
    100,
    100,
    100,
    100,
    100,
    100,
    100,
    100,
    100,
    100,
    100,
    100,
    100,
    100,
    100,
    100,
    100,
    100,
    100,
    100,
    100,
    100,
    100,
    100,
    100,
    100,
    100,
    100,
    100,
    100,
    100,
    100,
    100,
    100,
    100,
    100,
    100,
    100,
    100,
    100,
    100,
    100,
    100,
    100,
    100,
    100,
    100,
    100,
    100,
    100,
    100,
    100,
    100,
    100,
    100,
    100,
    100,
    100,
    100,
    100,
    100,
    100,
    100,
    100,
    100,
    100,
    100,
    100,
    100,
    100,
    100,
    100,
    100,
    100,
    100
  ],
  "years": [
    2020,
    2021,
    2022,
    2023,
    2024,
    2020,
    2021,
    2022,
    2023,
    2024,
    2020,
    2021,
    2022,
    2023,
    2024,
    2020,
    2021,
    2022,
    2023,
    2024,
    2020,
    2021,
    2022,
    2023,
    2024,
    2020,
    2021,
    2022,
    2023,
    2024,
    2020,
    2021,
    2022,
    2023,
    2024,
    2020,
    2021,
    2022,
    2023,
    2024,
    2020,
    2021,
    2022,
    2023,
    2024,
    2020,
    2021,
    2022,
    2023,
    2024,
    1900,
    1901,
    1902,
    1903,
    1904,
    1905,
    1906,
    1907,
    1908,
    1909,
    1910,
    1911,
    1912,
    1913,
    1914,
    1915,
    1916,
    1917,
    1918,
    1919,
    1920,
    1921,
    1922,
    1923,
    1924,
    1925,
    1926,
    1927,
    1928,
    1929,
    1930,
    1931,
    1932,
    1933,
    1934,
    1935,
    1936,
    1937,
    1938,
    1939,
    1940,
    1941,
    1942,
    1943,
    1944,
    1945,
    1946,
    1947,
    1948,
    1949,
    1950,
    1951,
    1952,
    1953,
    1954,
    1955,
    1956,
    1957,
    1958,
    1959,
    1960,
    1961,
    1962,
    1963,
    1964,
    1965,
    1966,
    1967,
    1968,
    1969,
    1970,
    1971,
    1972,
    1973,
    1974,
    1975,
    1976,
    1977,
    1978,
    1979,
    1980,
    1981,
    1982,
    1983,
    1984,
    1985,
    1986,
    1987,
    1988,
    1989,
    1990,
    1991,
    1992,
    1993,
    1994,
    1995,
    1996,
    1997,
    1998,
    1999,
    2000,
    2001,
    2002,
    2003,
    2004,
    2005,
    2006,
    2007,
    2008,
    2009,
    2010,
    2011,
    2012,
    2013,
    2014,
    2015,
    2016,
    2017,
    2018,
    2019,
    2020,
    2021,
    2022,
    2023,
    2024
  ],
  "entities": [
    23,
    23,
    23,
    23,
    23,
    37,
    37,
    37,
    37,
    37,
    44,
    44,
    44,
    44,
    44,
    171,
    171,
    171,
    171,
    171,
    136,
    136,
    136,
    136,
    136,
    220,
    220,
    220,
    220,
    220,
    35473,
    35473,
    35473,
    35473,
    35473,
    96,
    96,
    96,
    96,
    96,
    12,
    12,
    12,
    12,
    12,
    13,
    13,
    13,
    13,
    13,
    355,
    355,
    355,
    355,
    355,
    355,
    355,
    355,
    355,
    355,
    355,
    355,
    355,
    355,
    355,
    355,
    355,
    355,
    355,
    355,
    355,
    355,
    355,
    355,
    355,
    355,
    355,
    355,
    355,
    355,
    355,
    355,
    355,
    355,
    355,
    355,
    355,
    355,
    355,
    355,
    355,
    355,
    355,
    355,
    355,
    355,
    355,
    355,
    355,
    355,
    355,
    355,
    355,
    355,
    355,
    355,
    355,
    355,
    355,
    355,
    355,
    355,
    355,
    355,
    355,
    355,
    355,
    355,
    355,
    355,
    355,
    355,
    355,
    355,
    355,
    355,
    355,
    355,
    355,
    355,
    355,
    355,
    355,
    355,
    355,
    355,
    355,
    355,
    355,
    355,
    355,
    355,
    355,
    355,
    355,
    355,
    355,
    355,
    355,
    355,
    355,
    355,
    355,
    355,
    355,
    355,
    355,
    355,
    355,
    355,
    355,
    355,
    355,
    355,
    355,
    355,
    355,
    355,
    355,
    355,
    355,
    355,
    355,
    355,
    355
  ]
}