{
  "values": [
    1.6190476,
    2.3913043,
    2.3115578,
    2.1568627,
    2.4761906,
    0.33333334,
    0.054347824,
    0.04901961,
    0.0952381,
    22.380953,
    19.565218,
    18.592964,
    6.7647057,
    10,
    1.1428572,
    2.1195652,
    2.9648242,
    0.04901961,
    0.0952381,
    3.5238094,
    4.130435,
    3.919598,
    3.8235295,
    3.6190476,
    37.142857,
    42.934784,
    44.723618,
    45.098038,
    41.904762,
    3.2857144,
    1.7391304,
    1.9607843,
    1.9047619,
    2.047619,
    2.0108695,
    2.5,
    2.6190476,
    12.380953,
    5.978261,
    5.527638,
    19.117647,
    18.571428,
    6.030151,
    2.3333333,
    2.1195652,
    1.557789,
    1.127451,
    1.3809524,
    12.095238,
    14.619565,
    17.437185,
    17.156862,
    16.666666,
    1.8095238,
    2.0652175,
    0,
    0,
    0,
    100,
    100,
    100,
    100,
    100,
    100,
    100,
    100,
    100,
    100,
    100,
    100,
    100,
    100,
    100,
    100,
    100,
    100,
    100,
    100,
    100,
    100,
    100,
    100,
    100,
    100,
    100,
    100,
    100,
    100,
    100,
    100,
    100,
    100,
    100,
    100,
    100,
    100,
    100,
    100,
    100,
    100,
    100,
    100,
    100,
    100,
    100,
    100,
    100,
    100,
    100,
    100,
    100,
    100,
    100,
    100
  ],
  "years": [
    2020,
    2021,
    2022,
    2023,
    2024,
    2020,
    2021,
    2023,
    2024,
    2020,
    2021,
    2022,
    2023,
    2024,
    2020,
    2021,
    2022,
    2023,
    2024,
    2020,
    2021,
    2022,
    2023,
    2024,
    2020,
    2021,
    2022,
    2023,
    2024,
    2020,
    2021,
    2023,
    2024,
    2020,
    2021,
    2023,
    2024,
    2020,
    2021,
    2022,
    2023,
    2024,
    2022,
    2020,
    2021,
    2022,
    2023,
    2024,
    2020,
    2021,
    2022,
    2023,
    2024,
    2020,
    2021,
    2020,
    2021,
    2022,
    1969,
    1970,
    1971,
    1972,
    1973,
    1974,
    1975,
    1976,
    1977,
    1978,
    1979,
    1980,
    1981,
    1982,
    1983,
    1984,
    1985,
    1986,
    1987,
    1988,
    1989,
    1990,
    1991,
    1992,
    1993,
    1994,
    1995,
    1996,
    1997,
    1998,
    1999,
    2000,
    2001,
    2002,
    2003,
    2004,
    2005,
    2006,
    2007,
    2008,
    2009,
    2010,
    2011,
    2012,
    2013,
    2014,
    2015,
    2016,
    2017,
    2018,
    2019,
    2020,
    2021,
    2022,
    2023,
    2024
  ],
  "entities": [
    23,
    23,
    23,
    23,
    23,
    34,
    34,
    34,
    34,
    37,
    37,
    37,
    37,
    37,
    41,
    41,
    41,
    41,
    41,
    171,
    171,
    171,
    171,
    171,
    167,
    167,
    167,
    167,
    167,
    158,
    158,
    158,
    158,
    109,
    109,
    109,
    109,
    103,
    103,
    103,
    103,
    103,
    35473,
    12,
    12,
    12,
    12,
    12,
    91,
    91,
    91,
    91,
    91,
    68,
    68,
    13,
    13,
    13,
    355,
    355,
    355,
    355,
    355,
    355,
    355,
    355,
    355,
    355,
    355,
    355,
    355,
    355,
    355,
    355,
    355,
    355,
    355,
    355,
    355,
    355,
    355,
    355,
    355,
    355,
    355,
    355,
    355,
    355,
    355,
    355,
    355,
    355,
    355,
    355,
    355,
    355,
    355,
    355,
    355,
    355,
    355,
    355,
    355,
    355,
    355,
    355,
    355,
    355,
    355,
    355,
    355,
    355,
    355,
    355
  ]
}