{
  "values": [
    3.0757575,
    2.8760655,
    2.931596,
    3.2295082,
    3.3,
    5.568182,
    6.43541,
    5.732899,
    6.1311474,
    7,
    6.401515,
    5.087541,
    5.5374594,
    9.606558,
    9.666667,
    31.818182,
    29.508196,
    23.127035,
    22.950819,
    23,
    6.5530305,
    5.47541,
    6.058632,
    6.557377,
    8.333333,
    20.075758,
    22.950819,
    22.801304,
    22.622952,
    16.666666,
    0.530303,
    0.64918035,
    0.8175896,
    0.55737704,
    0.5,
    1.1212121,
    1.6393442,
    1.6286645,
    1.2360656,
    1,
    10.984848,
    12.098361,
    15.309446,
    11.147541,
    11.333333,
    1.8939394,
    0.52459013,
    2.2801304,
    2.2950819,
    2.3333333,
    0.2962121,
    0.38688526,
    0.37785017,
    0.6032787,
    0.6,
    7.8030305,
    8.85082,
    9.185668,
    8.590164,
    10.333333,
    0.9469697,
    0.9836066,
    1.2052118,
    0.8852459,
    1,
    0.6818182,
    0.6557377,
    1.0749185,
    1.1803279,
    1.2,
    0,
    0,
    0,
    2.0454545,
    1.7704918,
    1.9218241,
    2.4918032,
    2.2333333,
    100,
    100,
    100,
    100,
    100,
    100,
    100,
    100,
    100,
    100,
    100,
    100,
    100,
    100,
    100,
    100,
    100,
    100,
    100,
    100,
    100,
    100,
    100,
    100,
    100,
    100,
    100,
    100,
    100,
    100,
    100,
    100,
    100,
    100,
    100,
    100,
    100,
    100,
    100,
    100,
    100,
    100,
    100,
    100,
    100,
    100,
    100,
    100,
    100,
    100,
    100,
    100,
    100,
    100,
    100,
    100,
    100,
    100,
    100,
    100,
    100,
    100,
    100,
    100,
    100,
    100,
    100,
    100,
    100,
    100,
    100,
    100,
    100,
    100,
    100,
    100,
    100,
    100,
    100,
    100,
    100,
    100,
    100,
    100,
    100,
    100,
    100,
    100,
    100,
    100,
    100,
    100,
    100,
    100,
    100,
    100,
    100,
    100,
    100,
    100,
    100,
    100,
    100,
    100,
    100,
    100,
    100,
    100,
    100,
    100,
    100,
    100,
    100,
    100,
    100,
    100,
    100,
    100,
    100,
    100
  ],
  "years": [
    2020,
    2021,
    2022,
    2023,
    2024,
    2020,
    2021,
    2022,
    2023,
    2024,
    2020,
    2021,
    2022,
    2023,
    2024,
    2020,
    2021,
    2022,
    2023,
    2024,
    2020,
    2021,
    2022,
    2023,
    2024,
    2020,
    2021,
    2022,
    2023,
    2024,
    2020,
    2021,
    2022,
    2023,
    2024,
    2020,
    2021,
    2022,
    2023,
    2024,
    2020,
    2021,
    2022,
    2023,
    2024,
    2020,
    2021,
    2022,
    2023,
    2024,
    2020,
    2021,
    2022,
    2023,
    2024,
    2020,
    2021,
    2022,
    2023,
    2024,
    2020,
    2021,
    2022,
    2023,
    2024,
    2020,
    2021,
    2022,
    2023,
    2024,
    2020,
    2021,
    2022,
    2020,
    2021,
    2022,
    2023,
    2024,
    1905,
    1906,
    1907,
    1908,
    1909,
    1910,
    1911,
    1912,
    1913,
    1914,
    1915,
    1916,
    1917,
    1918,
    1919,
    1920,
    1921,
    1922,
    1923,
    1924,
    1925,
    1926,
    1927,
    1928,
    1929,
    1930,
    1931,
    1932,
    1933,
    1934,
    1935,
    1936,
    1937,
    1938,
    1939,
    1940,
    1941,
    1942,
    1943,
    1944,
    1945,
    1946,
    1947,
    1948,
    1949,
    1950,
    1951,
    1952,
    1953,
    1954,
    1955,
    1956,
    1957,
    1958,
    1959,
    1960,
    1961,
    1962,
    1963,
    1964,
    1965,
    1966,
    1967,
    1968,
    1969,
    1970,
    1971,
    1972,
    1973,
    1974,
    1975,
    1976,
    1977,
    1978,
    1979,
    1980,
    1981,
    1982,
    1983,
    1984,
    1985,
    1986,
    1987,
    1988,
    1989,
    1990,
    1991,
    1992,
    1993,
    1994,
    1995,
    1996,
    1997,
    1998,
    1999,
    2000,
    2001,
    2002,
    2003,
    2004,
    2005,
    2006,
    2007,
    2008,
    2009,
    2010,
    2011,
    2012,
    2013,
    2014,
    2015,
    2016,
    2017,
    2018,
    2019,
    2020,
    2021,
    2022,
    2023,
    2024
  ],
  "entities": [
    23,
    23,
    23,
    23,
    23,
    34,
    34,
    34,
    34,
    34,
    37,
    37,
    37,
    37,
    37,
    171,
    171,
    171,
    171,
    171,
    167,
    167,
    167,
    167,
    167,
    136,
    136,
    136,
    136,
    136,
    125,
    125,
    125,
    125,
    125,
    116,
    116,
    116,
    116,
    116,
    142,
    142,
    142,
    142,
    142,
    103,
    103,
    103,
    103,
    103,
    35473,
    35473,
    35473,
    35473,
    35473,
    97,
    97,
    97,
    97,
    97,
    12,
    12,
    12,
    12,
    12,
    91,
    91,
    91,
    91,
    91,
    13,
    13,
    13,
    84,
    84,
    84,
    84,
    84,
    355,
    355,
    355,
    355,
    355,
    355,
    355,
    355,
    355,
    355,
    355,
    355,
    355,
    355,
    355,
    355,
    355,
    355,
    355,
    355,
    355,
    355,
    355,
    355,
    355,
    355,
    355,
    355,
    355,
    355,
    355,
    355,
    355,
    355,
    355,
    355,
    355,
    355,
    355,
    355,
    355,
    355,
    355,
    355,
    355,
    355,
    355,
    355,
    355,
    355,
    355,
    355,
    355,
    355,
    355,
    355,
    355,
    355,
    355,
    355,
    355,
    355,
    355,
    355,
    355,
    355,
    355,
    355,
    355,
    355,
    355,
    355,
    355,
    355,
    355,
    355,
    355,
    355,
    355,
    355,
    355,
    355,
    355,
    355,
    355,
    355,
    355,
    355,
    355,
    355,
    355,
    355,
    355,
    355,
    355,
    355,
    355,
    355,
    355,
    355,
    355,
    355,
    355,
    355,
    355,
    355,
    355,
    355,
    355,
    355,
    355,
    355,
    355,
    355,
    355,
    355,
    355,
    355,
    355,
    355
  ]
}