{
  "values": [
    0.46370023,
    0.4651163,
    0.4627907,
    0.46462265,
    0.47619048,
    0.35128805,
    0.3488372,
    0.3976744,
    0.24528302,
    0.23809524,
    1.8735363,
    1.9534883,
    1.9302325,
    1.9103774,
    1.9285715,
    0.2997658,
    0.3534884,
    0.33023256,
    0.30896226,
    0.30952382,
    0.48243558,
    0.36976743,
    0.3906977,
    0.4528302,
    0.45238096,
    72.59953,
    72.093025,
    72.093025,
    73.113205,
    73.809525,
    0.6088993,
    0.60465115,
    0.5813953,
    0.8254717,
    0.8333333,
    1.6627635,
    1.3023256,
    1.3720931,
    1.3443396,
    1.3571428,
    3.5128806,
    3.7209303,
    3.7209303,
    4.0094337,
    4.047619,
    0.8430913,
    0.90697676,
    0.9302326,
    0.9433962,
    0.95238096,
    0.7962529,
    0.8372093,
    0.81395346,
    0.5660377,
    0.5714286,
    1.3629977,
    1.5465117,
    1.4511628,
    1.4174528,
    1.4285715,
    0.34660423,
    0.3488372,
    0.3488372,
    0.3537736,
    0.35714287,
    3.5128806,
    3.627907,
    3.5813954,
    4.0094337,
    4.047619,
    0.39344263,
    0.39534885,
    0.41860464,
    0.3018868,
    0.30952382,
    0.2997658,
    0.33255813,
    0.25581396,
    2.6697893,
    2.6511629,
    2.6511629,
    2.6886792,
    2.6190476,
    0.28103045,
    0.26046512,
    0.25581396,
    0.28103045,
    0.23255815,
    0.2488372,
    0.25943395,
    0.26190478,
    1.1943794,
    1.2093023,
    1.1860465,
    1.2028302,
    1.2142857,
    0.39812645,
    0.41860464,
    0.39534885,
    0.4009434,
    0.4047619,
    1.1007025,
    1.1162791,
    1.0697675,
    0.9575472,
    0.97619045,
    0.5480094,
    0.54651165,
    0.60465115,
    0.23584905,
    0.23809524,
    0.35128805,
    0.3488372,
    0.3255814,
    0.3301887,
    0.33333334,
    3.7002342,
    3.9069767,
    3.9534883,
    3.7735848,
    3.8095238,
    100,
    100,
    100,
    100,
    100,
    100,
    100,
    100,
    100,
    100,
    100,
    100,
    100,
    100,
    100,
    100,
    100,
    100,
    100,
    100,
    100,
    100,
    100,
    100,
    100,
    100,
    100,
    100,
    100,
    100,
    100,
    100,
    100,
    100,
    100,
    100,
    100,
    100,
    100,
    100,
    100,
    100,
    100,
    100,
    100,
    100,
    100,
    100,
    100,
    100,
    100,
    100,
    100,
    100,
    100,
    100,
    100,
    100,
    100,
    100,
    100,
    100
  ],
  "years": [
    2020,
    2021,
    2022,
    2023,
    2024,
    2020,
    2021,
    2022,
    2023,
    2024,
    2020,
    2021,
    2022,
    2023,
    2024,
    2020,
    2021,
    2022,
    2023,
    2024,
    2020,
    2021,
    2022,
    2023,
    2024,
    2020,
    2021,
    2022,
    2023,
    2024,
    2020,
    2021,
    2022,
    2023,
    2024,
    2020,
    2021,
    2022,
    2023,
    2024,
    2020,
    2021,
    2022,
    2023,
    2024,
    2020,
    2021,
    2022,
    2023,
    2024,
    2020,
    2021,
    2022,
    2023,
    2024,
    2020,
    2021,
    2022,
    2023,
    2024,
    2020,
    2021,
    2022,
    2023,
    2024,
    2020,
    2021,
    2022,
    2023,
    2024,
    2020,
    2021,
    2022,
    2023,
    2024,
    2020,
    2021,
    2022,
    2020,
    2021,
    2022,
    2023,
    2024,
    2020,
    2021,
    2022,
    2020,
    2021,
    2022,
    2023,
    2024,
    2020,
    2021,
    2022,
    2023,
    2024,
    2020,
    2021,
    2022,
    2023,
    2024,
    2020,
    2021,
    2022,
    2023,
    2024,
    2020,
    2021,
    2022,
    2023,
    2024,
    2020,
    2021,
    2022,
    2023,
    2024,
    2020,
    2021,
    2022,
    2023,
    2024,
    1963,
    1964,
    1965,
    1966,
    1967,
    1968,
    1969,
    1970,
    1971,
    1972,
    1973,
    1974,
    1975,
    1976,
    1977,
    1978,
    1979,
    1980,
    1981,
    1982,
    1983,
    1984,
    1985,
    1986,
    1987,
    1988,
    1989,
    1990,
    1991,
    1992,
    1993,
    1994,
    1995,
    1996,
    1997,
    1998,
    1999,
    2000,
    2001,
    2002,
    2003,
    2004,
    2005,
    2006,
    2007,
    2008,
    2009,
    2010,
    2011,
    2012,
    2013,
    2014,
    2015,
    2016,
    2017,
    2018,
    2019,
    2020,
    2021,
    2022,
    2023,
    2024
  ],
  "entities": [
    23,
    23,
    23,
    23,
    23,
    4,
    4,
    4,
    4,
    4,
    37,
    37,
    37,
    37,
    37,
    39,
    39,
    39,
    39,
    39,
    44,
    44,
    44,
    44,
    44,
    171,
    171,
    171,
    171,
    171,
    3,
    3,
    3,
    3,
    3,
    6,
    6,
    6,
    6,
    6,
    137,
    137,
    137,
    137,
    137,
    135,
    135,
    135,
    135,
    135,
    8,
    8,
    8,
    8,
    8,
    14,
    14,
    14,
    14,
    14,
    116,
    116,
    116,
    116,
    116,
    35473,
    35473,
    35473,
    35473,
    35473,
    11,
    11,
    11,
    11,
    11,
    92,
    92,
    92,
    12,
    12,
    12,
    12,
    12,
    83,
    83,
    83,
    81,
    81,
    81,
    81,
    81,
    127,
    127,
    127,
    127,
    127,
    9,
    9,
    9,
    9,
    9,
    70,
    70,
    70,
    70,
    70,
    67,
    67,
    67,
    67,
    67,
    1,
    1,
    1,
    1,
    1,
    13,
    13,
    13,
    13,
    13,
    355,
    355,
    355,
    355,
    355,
    355,
    355,
    355,
    355,
    355,
    355,
    355,
    355,
    355,
    355,
    355,
    355,
    355,
    355,
    355,
    355,
    355,
    355,
    355,
    355,
    355,
    355,
    355,
    355,
    355,
    355,
    355,
    355,
    355,
    355,
    355,
    355,
    355,
    355,
    355,
    355,
    355,
    355,
    355,
    355,
    355,
    355,
    355,
    355,
    355,
    355,
    355,
    355,
    355,
    355,
    355,
    355,
    355,
    355,
    355,
    355,
    355
  ]
}