{
  "values": [
    1.0638298,
    1.01983,
    1.0863509,
    0.89686096,
    0.90909094,
    1.2765957,
    1.1331445,
    1.3927577,
    1.2331839,
    1.2727273,
    0.6680851,
    3.5531914,
    2.3087819,
    2.3537605,
    1.8049327,
    1.8636364,
    2,
    1.3172804,
    1.3927577,
    0.9192825,
    0.9318182,
    24.844193,
    24.428968,
    19.753363,
    20.227272,
    4.680851,
    3.1161473,
    3.6211698,
    2.6681614,
    2.7272727,
    2.796034,
    3.091922,
    2.4887893,
    2.5,
    0.80851066,
    5.06383,
    3.3711047,
    3.3147633,
    2.6681614,
    2.7272727,
    1.1234043,
    1.0028329,
    0.9860724,
    0.793722,
    0.79545456,
    4.255319,
    3.6827195,
    3.8997214,
    7.399103,
    7.5,
    0.81702125,
    0.5598886,
    1.5744681,
    1.1048158,
    1.2534819,
    1.5695068,
    1.5909091,
    1.1489362,
    0.7082153,
    0.75208914,
    0.6053812,
    0.6136364,
    22.978724,
    15.29745,
    2.7855153,
    13.452915,
    13.636364,
    7.191489,
    6.572238,
    6.685237,
    5.089686,
    5.2272725,
    2.3361702,
    1.4674221,
    1.551532,
    1.3295964,
    1.3409091,
    2.0679886,
    2.0334263,
    1.6367713,
    1.6590909,
    0.47085202,
    0.47727272,
    0.9787234,
    0.5892351,
    2.4255319,
    1.6968838,
    1.8384401,
    1.4798206,
    1.3636364,
    4.382979,
    3.1728046,
    4.038997,
    2.9147983,
    2.9545455,
    1.8723404,
    1.5014164,
    1.1699164,
    1.0986547,
    1.1136364,
    23.217392,
    22.035398,
    22.477877,
    21.5,
    22.457626,
    23.454546,
    20.900902,
    22.5,
    25.192308,
    23.333334,
    23.305784,
    28.958334,
    30.12685,
    30.031948,
    26.036036,
    24.912281,
    24.473684,
    24.159292,
    23.913044,
    24.957983,
    27.079645,
    24.913794,
    23.333334,
    25.762712,
    24.774775,
    28.58407,
    34.761906,
    34.657536,
    26.883118,
    29.490616,
    31.00304,
    31.626984,
    27.440634,
    35.294117,
    31.671555,
    29.787233,
    21.133144,
    31.754875,
    29.820627,
    29.545454,
    100,
    100,
    100,
    100,
    100,
    100,
    100,
    100,
    100,
    100,
    100,
    100,
    100,
    100,
    100,
    100,
    100,
    100,
    100,
    100,
    100,
    100,
    100,
    100,
    100,
    100,
    100,
    100,
    100,
    100,
    100,
    100,
    100,
    100,
    100,
    100,
    100,
    100,
    100,
    100
  ],
  "years": [
    2020,
    2021,
    2022,
    2023,
    2024,
    2020,
    2021,
    2022,
    2023,
    2024,
    2020,
    2020,
    2021,
    2022,
    2023,
    2024,
    2020,
    2021,
    2022,
    2023,
    2024,
    2021,
    2022,
    2023,
    2024,
    2020,
    2021,
    2022,
    2023,
    2024,
    2021,
    2022,
    2023,
    2024,
    2020,
    2020,
    2021,
    2022,
    2023,
    2024,
    2020,
    2021,
    2022,
    2023,
    2024,
    2020,
    2021,
    2022,
    2023,
    2024,
    2020,
    2022,
    2020,
    2021,
    2022,
    2023,
    2024,
    2020,
    2021,
    2022,
    2023,
    2024,
    2020,
    2021,
    2022,
    2023,
    2024,
    2020,
    2021,
    2022,
    2023,
    2024,
    2020,
    2021,
    2022,
    2023,
    2024,
    2021,
    2022,
    2023,
    2024,
    2023,
    2024,
    2020,
    2021,
    2020,
    2021,
    2022,
    2023,
    2024,
    2020,
    2021,
    2022,
    2023,
    2024,
    2020,
    2021,
    2022,
    2023,
    2024,
    1985,
    1986,
    1987,
    1988,
    1989,
    1990,
    1991,
    1992,
    1993,
    1994,
    1995,
    1996,
    1997,
    1998,
    1999,
    2000,
    2001,
    2002,
    2003,
    2004,
    2005,
    2006,
    2007,
    2008,
    2009,
    2010,
    2011,
    2012,
    2013,
    2014,
    2015,
    2016,
    2017,
    2018,
    2019,
    2020,
    2021,
    2022,
    2023,
    2024,
    1985,
    1986,
    1987,
    1988,
    1989,
    1990,
    1991,
    1992,
    1993,
    1994,
    1995,
    1996,
    1997,
    1998,
    1999,
    2000,
    2001,
    2002,
    2003,
    2004,
    2005,
    2006,
    2007,
    2008,
    2009,
    2010,
    2011,
    2012,
    2013,
    2014,
    2015,
    2016,
    2017,
    2018,
    2019,
    2020,
    2021,
    2022,
    2023,
    2024
  ],
  "entities": [
    21,
    21,
    21,
    21,
    21,
    23,
    23,
    23,
    23,
    23,
    24,
    39,
    39,
    39,
    39,
    39,
    44,
    44,
    44,
    44,
    44,
    171,
    171,
    171,
    171,
    3,
    3,
    3,
    3,
    3,
    6,
    6,
    6,
    6,
    148,
    137,
    137,
    137,
    137,
    137,
    136,
    136,
    136,
    136,
    136,
    8,
    8,
    8,
    8,
    8,
    14,
    14,
    116,
    116,
    116,
    116,
    116,
    113,
    113,
    113,
    113,
    113,
    5,
    5,
    5,
    5,
    5,
    35473,
    35473,
    35473,
    35473,
    35473,
    11,
    11,
    11,
    11,
    11,
    12,
    12,
    12,
    12,
    90,
    90,
    81,
    81,
    9,
    9,
    9,
    9,
    9,
    70,
    70,
    70,
    70,
    70,
    1,
    1,
    1,
    1,
    1,
    13,
    13,
    13,
    13,
    13,
    13,
    13,
    13,
    13,
    13,
    13,
    13,
    13,
    13,
    13,
    13,
    13,
    13,
    13,
    13,
    13,
    13,
    13,
    13,
    13,
    13,
    13,
    13,
    13,
    13,
    13,
    13,
    13,
    13,
    13,
    13,
    13,
    13,
    13,
    13,
    355,
    355,
    355,
    355,
    355,
    355,
    355,
    355,
    355,
    355,
    355,
    355,
    355,
    355,
    355,
    355,
    355,
    355,
    355,
    355,
    355,
    355,
    355,
    355,
    355,
    355,
    355,
    355,
    355,
    355,
    355,
    355,
    355,
    355,
    355,
    355,
    355,
    355,
    355,
    355
  ]
}