{
  "values": [
    6.161317,
    2.0887282,
    2.251463,
    5.813142,
    1.518021,
    5.970273,
    6.678316,
    2.8994777,
    2.839818,
    2.303258,
    2.160439,
    3.9582176,
    0.8432221,
    6.2198973,
    8.599926,
    10.747551,
    4.810892,
    1.7620422,
    4.501344,
    4.2164454,
    29.255962,
    11.979602,
    5.5585666,
    6.1885567,
    1.0116584,
    8.420335,
    7.5133395,
    16.697548,
    2.9742935,
    1.4324862,
    4.816784,
    6.724083,
    1.6005524,
    3.5071263,
    4.5185595,
    9.234596,
    9.176279,
    12.557513,
    3.1891642,
    5.671742,
    6.6675715,
    9.18903,
    11.415748,
    11.646056,
    4.7963953,
    16.139744,
    6.263139,
    10.981666,
    7.138096,
    4.32543,
    13.709916,
    5.605133,
    0.62627137,
    1.0470331,
    7.695317,
    2.1873496,
    8.298115,
    0.71425205,
    4.095071,
    5.29038,
    5.193536,
    15.465333,
    8.36175,
    5.515141,
    2.9254713,
    3.957876,
    4.753365,
    34.349735,
    14.410187,
    11.269763,
    12.733547,
    9.878975,
    2.651395,
    0.95247984,
    2.492077,
    12.816702,
    23.16233,
    2.727997,
    3.468234,
    5.296107,
    14.759226,
    6.482549,
    10.244259,
    2.9636216,
    15.265173,
    0.7346818,
    14.348392,
    2.5855963,
    11.936557,
    3.8785007,
    13.658207,
    0.7109857,
    8.194784,
    2.9142156,
    1.902687,
    1.9319359,
    6.707121,
    2.8587756,
    8.268511,
    2.9199054,
    7.6709075,
    2.1919575,
    23.759699,
    2.829471,
    16.814083,
    2.2164602,
    6.135066,
    1.540091,
    13.795101,
    0.93590117,
    5.548545,
    7.5300813,
    16.01825,
    4.9379644,
    2.1389225,
    1.4533436,
    1.887494,
    11.647459,
    7.7800303,
    3.7056434,
    15.878616,
    11.898707,
    6.0286746
  ],
  "years": [
    2020,
    2020,
    2020,
    2020,
    2020,
    2020,
    2020,
    2020,
    2020,
    2020,
    2020,
    2020,
    2020,
    2020,
    2020,
    2020,
    2020,
    2020,
    2020,
    2020,
    2020,
    2020,
    2020,
    2020,
    2020,
    2020,
    2020,
    2020,
    2020,
    2020,
    2020,
    2020,
    2020,
    2020,
    2020,
    2020,
    2020,
    2020,
    2020,
    2020,
    2020,
    2020,
    2020,
    2020,
    2020,
    2020,
    2020,
    2020,
    2020,
    2020,
    2020,
    2020,
    2020,
    2020,
    2020,
    2020,
    2020,
    2020,
    2020,
    2020,
    2020,
    2020,
    2020,
    2020,
    2020,
    2020,
    2020,
    2020,
    2020,
    2020,
    2020,
    2020,
    2020,
    2020,
    2020,
    2020,
    2020,
    2020,
    2020,
    2020,
    2020,
    2020,
    2020,
    2020,
    2020,
    2020,
    2020,
    2020,
    2020,
    2020,
    2020,
    2020,
    2020,
    2020,
    2020,
    2020,
    2020,
    2020,
    2020,
    2020,
    2020,
    2020,
    2020,
    2020,
    2020,
    2020,
    2020,
    2020,
    2020,
    2020,
    2020,
    2020,
    2020,
    2020,
    2020,
    2020,
    2020,
    2020,
    2020,
    2020,
    2020,
    2020,
    2020
  ],
  "entities": [
    1,
    2,
    3,
    4,
    5,
    6,
    7,
    8,
    9,
    10,
    11,
    12,
    13,
    14,
    16,
    17,
    21,
    23,
    24,
    27,
    28,
    32,
    34,
    35,
    37,
    39,
    40,
    42,
    43,
    44,
    60,
    62,
    63,
    64,
    65,
    66,
    67,
    68,
    70,
    71,
    72,
    75,
    80,
    81,
    83,
    84,
    85,
    88,
    89,
    90,
    92,
    95,
    96,
    97,
    98,
    102,
    103,
    105,
    106,
    107,
    108,
    110,
    111,
    112,
    113,
    115,
    116,
    119,
    122,
    124,
    125,
    126,
    127,
    129,
    130,
    131,
    133,
    134,
    135,
    136,
    137,
    138,
    141,
    142,
    143,
    144,
    147,
    149,
    150,
    152,
    153,
    155,
    156,
    158,
    160,
    161,
    162,
    163,
    165,
    166,
    168,
    170,
    171,
    172,
    198,
    201,
    212,
    213,
    215,
    238,
    259,
    273,
    275,
    276,
    277,
    294,
    295,
    355,
    379,
    457,
    459,
    460,
    461
  ]
}