{
  "values": [
    57.725986,
    32.31345,
    23.061222,
    37.092125,
    38.46969,
    29.815338,
    40.486267,
    35.100544,
    30.662405,
    57.812916,
    31.055502,
    34.67734,
    53.504307,
    35.729443,
    40.443344,
    49.30796,
    45.219593,
    35.247345,
    49.504528,
    32.635098,
    61.15222,
    38.586918,
    53.21566,
    53.184757,
    39.715008,
    43.949223,
    32.990505,
    26.26446,
    34.766,
    44.37738,
    45.827972,
    39.891903,
    34.414005,
    43.94773,
    34.33756,
    27.730698,
    36.870564,
    26.099257,
    31.156857,
    59.53319,
    60.27446,
    42.651817,
    46.69289,
    20.318605,
    37.811977,
    42.148834,
    17.135792,
    59.337543,
    57.034107,
    34.304302,
    38.66897,
    27.912539,
    26.29207,
    43.83575,
    21.24004,
    43.36877,
    44.70737,
    41.26925,
    36.672848,
    50.387234,
    45.21756,
    33.821262,
    35.24113,
    28.306711,
    40.742714,
    38.33448,
    46.207172,
    42.311417,
    35.55934,
    41.618427,
    47.748497,
    35.223564,
    42.100044,
    41.044777,
    44.340546,
    31.17381,
    39.289368,
    42.750988,
    41.83298,
    51.929554,
    41.450153,
    28.410734,
    40.220234,
    34.444115,
    26.78958,
    29.698221,
    57.44538,
    23.682457,
    32.954327,
    20.267313,
    31.62692,
    41.80394,
    34.112934,
    35.597786,
    48.45552,
    31.787676,
    27.684067,
    49.90607,
    44.1951,
    50.22639,
    40.165268,
    50.25336,
    35.54384,
    30.9866,
    48.59733,
    47.311546,
    41.721153,
    38.499977,
    37.03574,
    43.157642,
    28.296154,
    42.808567,
    36.829224,
    54.365005,
    34.817074,
    32.63312,
    43.982693,
    44.10983,
    59.751015,
    47.28494,
    31.863083,
    36.99741,
    34.688225
  ],
  "years": [
    2020,
    2020,
    2020,
    2020,
    2020,
    2020,
    2020,
    2020,
    2020,
    2020,
    2020,
    2020,
    2020,
    2020,
    2020,
    2020,
    2020,
    2020,
    2020,
    2020,
    2020,
    2020,
    2020,
    2020,
    2020,
    2020,
    2020,
    2020,
    2020,
    2020,
    2020,
    2020,
    2020,
    2020,
    2020,
    2020,
    2020,
    2020,
    2020,
    2020,
    2020,
    2020,
    2020,
    2020,
    2020,
    2020,
    2020,
    2020,
    2020,
    2020,
    2020,
    2020,
    2020,
    2020,
    2020,
    2020,
    2020,
    2020,
    2020,
    2020,
    2020,
    2020,
    2020,
    2020,
    2020,
    2020,
    2020,
    2020,
    2020,
    2020,
    2020,
    2020,
    2020,
    2020,
    2020,
    2020,
    2020,
    2020,
    2020,
    2020,
    2020,
    2020,
    2020,
    2020,
    2020,
    2020,
    2020,
    2020,
    2020,
    2020,
    2020,
    2020,
    2020,
    2020,
    2020,
    2020,
    2020,
    2020,
    2020,
    2020,
    2020,
    2020,
    2020,
    2020,
    2020,
    2020,
    2020,
    2020,
    2020,
    2020,
    2020,
    2020,
    2020,
    2020,
    2020,
    2020,
    2020,
    2020,
    2020,
    2020,
    2020,
    2020,
    2020
  ],
  "entities": [
    13,
    65,
    110,
    124,
    90,
    130,
    70,
    136,
    28,
    1,
    3,
    6,
    5,
    4,
    9,
    8,
    11,
    138,
    162,
    92,
    10,
    149,
    161,
    135,
    144,
    14,
    171,
    137,
    238,
    37,
    113,
    103,
    129,
    64,
    133,
    150,
    68,
    32,
    81,
    44,
    23,
    96,
    141,
    84,
    75,
    42,
    125,
    142,
    106,
    158,
    115,
    89,
    60,
    127,
    198,
    152,
    131,
    126,
    111,
    12,
    67,
    40,
    43,
    80,
    166,
    16,
    17,
    21,
    24,
    27,
    34,
    35,
    39,
    172,
    170,
    168,
    165,
    163,
    160,
    201,
    259,
    156,
    155,
    153,
    147,
    134,
    2,
    143,
    122,
    119,
    66,
    116,
    212,
    213,
    112,
    215,
    108,
    107,
    105,
    102,
    98,
    97,
    95,
    88,
    85,
    83,
    7,
    71,
    72,
    63,
    62,
    379,
    355,
    294,
    273,
    275,
    276,
    295,
    277,
    457,
    460,
    459,
    461
  ]
}