{
  "values": [
    34.817074,
    38.33448,
    46.207172,
    42.311417,
    32.63312,
    60.27446,
    35.55934,
    41.618427,
    30.662405,
    35.729443,
    26.099257,
    47.748497,
    35.223564,
    44.37738,
    42.100044,
    33.821262,
    42.148834,
    35.24113,
    59.53319,
    41.044777,
    32.990505,
    44.340546,
    31.17381,
    40.742714,
    23.682457,
    39.289368,
    42.750988,
    49.504528,
    53.21566,
    41.83298,
    51.929554,
    32.31345,
    41.450153,
    28.410734,
    34.304302,
    43.982693,
    40.220234,
    31.055502,
    34.444115,
    43.36877,
    34.67734,
    27.730698,
    38.586918,
    26.78958,
    47.28494,
    39.715008,
    35.247345,
    26.26446,
    35.100544,
    53.184757,
    29.698221,
    57.44538,
    34.33756,
    49.30796,
    43.949223,
    29.815338,
    44.70737,
    34.414005,
    42.808567,
    41.26925,
    17.135792,
    32.954327,
    37.092125,
    20.267313,
    34.688225,
    31.863083,
    41.80394,
    38.66897,
    34.112934,
    35.597786,
    45.827972,
    36.672848,
    48.45552,
    31.787676,
    23.061222,
    59.337543,
    27.684067,
    49.90607,
    53.504307,
    57.034107,
    44.1951,
    39.891903,
    54.365005,
    31.62692,
    50.22639,
    59.751015,
    40.165268,
    50.25336,
    42.651817,
    45.219593,
    35.54384,
    32.635098,
    50.387234,
    38.46969,
    27.912539,
    30.9866,
    48.59733,
    47.311546,
    31.156857,
    44.10983,
    43.83575,
    40.443344,
    46.69289,
    61.15222,
    41.721153,
    21.24004,
    43.94773,
    37.811977,
    38.499977,
    40.486267,
    36.870564,
    45.21756,
    37.03574,
    57.812916,
    57.725986,
    36.99741,
    43.157642,
    28.296154,
    34.766,
    20.318605,
    36.829224,
    26.29207,
    28.306711
  ],
  "years": [
    2020,
    2020,
    2020,
    2020,
    2020,
    2020,
    2020,
    2020,
    2020,
    2020,
    2020,
    2020,
    2020,
    2020,
    2020,
    2020,
    2020,
    2020,
    2020,
    2020,
    2020,
    2020,
    2020,
    2020,
    2020,
    2020,
    2020,
    2020,
    2020,
    2020,
    2020,
    2020,
    2020,
    2020,
    2020,
    2020,
    2020,
    2020,
    2020,
    2020,
    2020,
    2020,
    2020,
    2020,
    2020,
    2020,
    2020,
    2020,
    2020,
    2020,
    2020,
    2020,
    2020,
    2020,
    2020,
    2020,
    2020,
    2020,
    2020,
    2020,
    2020,
    2020,
    2020,
    2020,
    2020,
    2020,
    2020,
    2020,
    2020,
    2020,
    2020,
    2020,
    2020,
    2020,
    2020,
    2020,
    2020,
    2020,
    2020,
    2020,
    2020,
    2020,
    2020,
    2020,
    2020,
    2020,
    2020,
    2020,
    2020,
    2020,
    2020,
    2020,
    2020,
    2020,
    2020,
    2020,
    2020,
    2020,
    2020,
    2020,
    2020,
    2020,
    2020,
    2020,
    2020,
    2020,
    2020,
    2020,
    2020,
    2020,
    2020,
    2020,
    2020,
    2020,
    2020,
    2020,
    2020,
    2020,
    2020,
    2020,
    2020,
    2020,
    2020
  ],
  "entities": [
    273,
    16,
    17,
    21,
    275,
    23,
    24,
    27,
    28,
    4,
    32,
    34,
    35,
    37,
    39,
    40,
    42,
    43,
    44,
    172,
    171,
    170,
    168,
    166,
    143,
    165,
    163,
    162,
    161,
    160,
    201,
    65,
    259,
    156,
    158,
    276,
    155,
    3,
    153,
    152,
    6,
    150,
    149,
    147,
    457,
    144,
    138,
    137,
    136,
    135,
    134,
    2,
    133,
    8,
    14,
    130,
    131,
    129,
    379,
    126,
    125,
    122,
    124,
    119,
    461,
    460,
    116,
    115,
    212,
    213,
    113,
    111,
    112,
    215,
    110,
    142,
    108,
    107,
    5,
    106,
    105,
    103,
    294,
    66,
    102,
    277,
    98,
    97,
    96,
    11,
    95,
    92,
    12,
    90,
    89,
    88,
    85,
    83,
    81,
    295,
    127,
    9,
    141,
    10,
    7,
    198,
    64,
    75,
    71,
    70,
    68,
    67,
    72,
    1,
    13,
    459,
    63,
    62,
    238,
    84,
    355,
    60,
    80
  ]
}