{
  "values": [
    -50.44543,
    0,
    0,
    -4.6892242,
    -68.20295,
    -46.366467,
    -45.137043,
    0,
    0,
    0,
    -46.300556,
    0,
    0,
    0,
    -62.07583,
    3.9293795,
    5.174858,
    105.28264,
    7.512073,
    0,
    2.169291,
    -4.31812,
    -82.56138,
    17.682486,
    0,
    -94.5429,
    18.756025,
    79.26789,
    172.90941,
    81.55788,
    -27.045008,
    0,
    -2.159394,
    66.115555,
    -21.781488,
    0,
    0,
    -5.559809,
    -70.20415,
    0,
    49.43997,
    0,
    0,
    0,
    0,
    -1.8261118,
    0,
    4.4488764,
    135.9151,
    -3.8754869,
    -50.956993,
    0,
    -48.19701,
    -12.699552,
    -0.99550235,
    6.0292635,
    5.559809,
    -34.006325,
    0,
    14.888224,
    0,
    0.9030082,
    20.140675,
    -55.260647,
    0,
    102.95711,
    0,
    56.51617,
    90.60686,
    -138.30046,
    -41.59411,
    -63.34219,
    -115.46826,
    0,
    3.531489,
    6.5996633,
    2.0460913,
    0,
    0,
    68.78559,
    -47.911392,
    0,
    -2.5040245,
    1.6134408,
    0,
    104.01215,
    0,
    -102.24497,
    0,
    0,
    2.1209733,
    0,
    -23.126026,
    0,
    68.08637,
    -3.616859,
    -22.23622,
    17.358047,
    70.91777,
    0,
    -15.887171,
    22.011494,
    -102.95711,
    -76.79686,
    -2.7090247,
    56.60978,
    25.129,
    -70.766396,
    12.599166,
    0,
    -63.10821,
    -2.0412216,
    15.331298,
    -4.408892,
    13.5944,
    0,
    36.66362,
    0,
    0,
    5.524777,
    -12.422075,
    -15.084149,
    0.061205525,
    12.21113,
    -58.440273,
    5.090009,
    0,
    78.98982,
    38.98204,
    0,
    3.4781072,
    102.44013,
    0,
    41.928566,
    0,
    0,
    35.831387,
    -43.66782,
    -0.94017226,
    23.830757,
    0,
    -54.43784,
    -2.8018577,
    -1.6642239,
    -68.00655,
    30.168476,
    -38.328247,
    43.645576,
    0
  ],
  "years": [
    2020,
    2020,
    2020,
    2020,
    2020,
    2020,
    2020,
    2020,
    2020,
    2020,
    2020,
    2020,
    2020,
    2020,
    2020,
    2020,
    2020,
    2020,
    2020,
    2020,
    2020,
    2020,
    2020,
    2020,
    2020,
    2020,
    2020,
    2020,
    2020,
    2020,
    2020,
    2020,
    2020,
    2020,
    2020,
    2020,
    2020,
    2020,
    2020,
    2020,
    2020,
    2020,
    2020,
    2020,
    2020,
    2020,
    2020,
    2020,
    2020,
    2020,
    2020,
    2020,
    2020,
    2020,
    2020,
    2020,
    2020,
    2020,
    2020,
    2020,
    2020,
    2020,
    2020,
    2020,
    2020,
    2020,
    2020,
    2020,
    2020,
    2020,
    2020,
    2020,
    2020,
    2020,
    2020,
    2020,
    2020,
    2020,
    2020,
    2020,
    2020,
    2020,
    2020,
    2020,
    2020,
    2020,
    2020,
    2020,
    2020,
    2020,
    2020,
    2020,
    2020,
    2020,
    2020,
    2020,
    2020,
    2020,
    2020,
    2020,
    2020,
    2020,
    2020,
    2020,
    2020,
    2020,
    2020,
    2020,
    2020,
    2020,
    2020,
    2020,
    2020,
    2020,
    2020,
    2020,
    2020,
    2020,
    2020,
    2020,
    2020,
    2020,
    2020,
    2020,
    2020,
    2020,
    2020,
    2020,
    2020,
    2020,
    2020,
    2020,
    2020,
    2020,
    2020,
    2020,
    2020,
    2020,
    2020,
    2020,
    2020,
    2020,
    2020,
    2020,
    2020,
    2020,
    2020,
    2020,
    2020
  ],
  "entities": [
    15,
    16,
    17,
    19,
    21,
    22,
    24,
    25,
    28,
    30,
    4,
    31,
    32,
    33,
    34,
    35,
    36,
    37,
    38,
    39,
    40,
    41,
    42,
    43,
    44,
    174,
    173,
    172,
    171,
    170,
    168,
    166,
    165,
    162,
    167,
    161,
    154,
    160,
    201,
    65,
    259,
    159,
    157,
    158,
    155,
    3,
    153,
    151,
    152,
    6,
    150,
    149,
    148,
    147,
    94,
    146,
    145,
    139,
    144,
    138,
    137,
    136,
    135,
    134,
    2,
    133,
    8,
    143,
    130,
    131,
    129,
    126,
    125,
    122,
    124,
    123,
    121,
    120,
    119,
    210,
    66,
    117,
    116,
    115,
    114,
    113,
    111,
    112,
    215,
    110,
    109,
    142,
    108,
    107,
    5,
    105,
    104,
    103,
    128,
    102,
    217,
    101,
    140,
    100,
    99,
    98,
    97,
    11,
    95,
    92,
    12,
    91,
    90,
    89,
    88,
    87,
    85,
    83,
    82,
    81,
    127,
    258,
    9,
    79,
    234,
    78,
    10,
    7,
    77,
    76,
    64,
    75,
    225,
    74,
    71,
    70,
    69,
    68,
    67,
    72,
    1,
    13,
    63,
    62,
    238,
    84,
    61,
    60,
    80
  ]
}