{
  "values": [
    500,
    468.63467,
    306.50912,
    354.50693,
    412.82828,
    424.06677,
    331.15894,
    261.72534,
    217.63417,
    221.7156,
    186.15176,
    174.47511,
    166.35545,
    130.5625,
    96.71505,
    100.68445,
    154.13362,
    132.11429,
    93.14026,
    70.643814,
    77.61286,
    72.48765,
    65.332596,
    66.22211,
    70.75159,
    69.6562,
    63.68394,
    59.9356,
    67.47748,
    66.70715,
    59.17308,
    45.706745,
    37.96849,
    44.17944,
    60.54969,
    100.43742,
    87.18246,
    58.926723,
    68.27403,
    96.84558,
    100,
    88.36517,
    89.275986,
    112.116234,
    113.49536,
    97.68715,
    110.28653,
    114.59629,
    120.130486,
    113.52952,
    87.86008,
    84.97317,
    101.53125,
    145.4278,
    114.65555,
    94.21831,
    174.2224,
    209.0206,
    215.30489,
    196.26817,
    253.38644,
    129.8774,
    146.28989,
    133.32526,
    139.17348,
    158.37462,
    177.6613,
    115.31395,
    113.143814,
    117.143845,
    104.62723,
    60.415855,
    92.79874,
    74.113556,
    109.65632,
    106.940865,
    116.53159,
    124.74399,
    121.92397,
    107.82319,
    106.74726,
    112.47316,
    105.39318,
    99.30109,
    97.60845,
    95.43938,
    104.82476,
    126.19214,
    156.7079,
    158.21913,
    156.7079,
    145.24734,
    142.12904,
    149.07114,
    154.0402,
    154.6154,
    152.33998,
    159.8263,
    155.27472,
    149.67476,
    147.22638,
    145.75018,
    144.11253,
    142.4182,
    139.35345,
    135.85014,
    133.02588,
    133.42169,
    129.5309,
    127.430016,
    121.98014,
    123.59656,
    121.10097,
    148.97693,
    365.38785,
    345.62094,
    343.43668,
    347.85574,
    322.79895,
    433.67435,
    602.3296,
    587.8521,
    505.20612,
    454.35168,
    420.69073,
    383.8928,
    204.76251,
    250.9245,
    200.81363,
    235.12874,
    278.80875,
    234.68655,
    218.06296,
    191.1315,
    172.31262,
    179.33627,
    209.28738,
    188.42436,
    130.97963,
    171.83536,
    262.07968,
    217.7533,
    215.80391,
    251.53966,
    326.42947,
    430.0166,
    487.4131,
    518.711,
    688.0099,
    427.57678,
    541.9357,
    628.7368,
    610.19965,
    625.55835,
    585.2143,
    305.77533,
    267.73514,
    309.00616,
    384.07977,
    331.791,
    225.98163
  ],
  "years": [
    1860,
    1861,
    1862,
    1863,
    1864,
    1865,
    1866,
    1867,
    1868,
    1869,
    1870,
    1871,
    1872,
    1873,
    1874,
    1875,
    1876,
    1877,
    1878,
    1879,
    1880,
    1881,
    1882,
    1883,
    1884,
    1885,
    1886,
    1887,
    1888,
    1889,
    1890,
    1891,
    1892,
    1893,
    1894,
    1895,
    1896,
    1897,
    1898,
    1899,
    1900,
    1901,
    1902,
    1903,
    1904,
    1905,
    1906,
    1907,
    1908,
    1909,
    1910,
    1911,
    1912,
    1913,
    1914,
    1915,
    1916,
    1917,
    1918,
    1919,
    1920,
    1921,
    1922,
    1923,
    1924,
    1925,
    1926,
    1927,
    1928,
    1929,
    1930,
    1931,
    1932,
    1933,
    1934,
    1935,
    1936,
    1937,
    1938,
    1939,
    1940,
    1941,
    1942,
    1943,
    1944,
    1945,
    1946,
    1947,
    1948,
    1949,
    1950,
    1951,
    1952,
    1953,
    1954,
    1955,
    1956,
    1957,
    1958,
    1959,
    1960,
    1961,
    1962,
    1963,
    1964,
    1965,
    1966,
    1967,
    1968,
    1969,
    1970,
    1971,
    1972,
    1973,
    1974,
    1975,
    1976,
    1977,
    1978,
    1979,
    1980,
    1981,
    1982,
    1983,
    1984,
    1985,
    1986,
    1987,
    1988,
    1989,
    1990,
    1991,
    1992,
    1993,
    1994,
    1995,
    1996,
    1997,
    1998,
    1999,
    2000,
    2001,
    2002,
    2003,
    2004,
    2005,
    2006,
    2007,
    2008,
    2009,
    2010,
    2011,
    2012,
    2013,
    2014,
    2015,
    2016,
    2017,
    2018,
    2019,
    2020
  ],
  "entities": [
    355,
    355,
    355,
    355,
    355,
    355,
    355,
    355,
    355,
    355,
    355,
    355,
    355,
    355,
    355,
    355,
    355,
    355,
    355,
    355,
    355,
    355,
    355,
    355,
    355,
    355,
    355,
    355,
    355,
    355,
    355,
    355,
    355,
    355,
    355,
    355,
    355,
    355,
    355,
    355,
    355,
    355,
    355,
    355,
    355,
    355,
    355,
    355,
    355,
    355,
    355,
    355,
    355,
    355,
    355,
    355,
    355,
    355,
    355,
    355,
    355,
    355,
    355,
    355,
    355,
    355,
    355,
    355,
    355,
    355,
    355,
    355,
    355,
    355,
    355,
    355,
    355,
    355,
    355,
    355,
    355,
    355,
    355,
    355,
    355,
    355,
    355,
    355,
    355,
    355,
    355,
    355,
    355,
    355,
    355,
    355,
    355,
    355,
    355,
    355,
    355,
    355,
    355,
    355,
    355,
    355,
    355,
    355,
    355,
    355,
    355,
    355,
    355,
    355,
    355,
    355,
    355,
    355,
    355,
    355,
    355,
    355,
    355,
    355,
    355,
    355,
    355,
    355,
    355,
    355,
    355,
    355,
    355,
    355,
    355,
    355,
    355,
    355,
    355,
    355,
    355,
    355,
    355,
    355,
    355,
    355,
    355,
    355,
    355,
    355,
    355,
    355,
    355,
    355,
    355,
    355,
    355,
    355,
    355,
    355,
    355
  ]
}