{
  "values": [
    70.41666,
    94.2775,
    78.91793,
    73.67573,
    74.70625,
    75.54359,
    70.99583,
    69.42425,
    66.36755,
    91.58395,
    90.19553,
    72.58737,
    76.2623,
    87.97916,
    79.82983,
    70.7,
    82.88316,
    70.62354,
    92.39418,
    80.21901,
    84.2912,
    84.3594,
    86.18912,
    82.92449,
    71.33218,
    69.73334,
    88.21281,
    75.84172,
    89.8,
    94.09318,
    68.03954,
    64.98859,
    91.1285,
    93.19413,
    79.32663,
    42.78481,
    78,
    92.22613,
    62.26886,
    70.81902,
    90.16882,
    90.17623,
    79,
    52.4635,
    46.70487,
    93.849,
    90.5,
    64.20772,
    75.59478,
    74.13333,
    76.08334,
    87.41467,
    72.85596,
    86.38462,
    82.69485,
    85.0641,
    88.3,
    79.73231,
    75,
    72.25,
    73.10397,
    58.72766,
    68.96552,
    85.20018,
    81.56097,
    74.352,
    78.89999,
    78.39177,
    78.43472,
    90.1026,
    88.26598,
    88.91663,
    98.19112,
    77.13964,
    85.39211,
    67.37455,
    76.19574,
    76.66224,
    61.95154,
    63.11476,
    73.44375,
    88.13886,
    92.9841,
    75.31097,
    75.7971,
    61.21618,
    65.07471,
    86.70944,
    86.55198,
    77.85764,
    81.25791,
    86.91366,
    79.95213,
    75.39781,
    73.40287,
    75.27989,
    82.29354,
    85.38539,
    59.3361,
    92.08251,
    87.6008,
    65.95203,
    65.53749,
    67.50234,
    64.88327,
    77.4,
    77.7,
    91.13333,
    90.16064,
    79.7,
    66.46626,
    78.54642
  ],
  "years": [
    2014,
    2010,
    2010,
    2014,
    2014,
    2010,
    2014,
    2014,
    2014,
    2010,
    2014,
    2010,
    2010,
    2010,
    2010,
    2014,
    2010,
    2014,
    2014,
    2010,
    2014,
    2014,
    2010,
    2014,
    2014,
    2010,
    2010,
    2010,
    2010,
    2014,
    2010,
    2014,
    2010,
    2014,
    2010,
    2014,
    2014,
    2010,
    2010,
    2014,
    2010,
    2010,
    2014,
    2010,
    2014,
    2010,
    2014,
    2014,
    2014,
    2014,
    2014,
    2014,
    2010,
    2014,
    2010,
    2010,
    2014,
    2010,
    2010,
    2014,
    2010,
    2014,
    2014,
    2014,
    2010,
    2014,
    2014,
    2010,
    2014,
    2014,
    2010,
    2014,
    2014,
    2010,
    2014,
    2010,
    2014,
    2010,
    2014,
    2010,
    2014,
    2010,
    2014,
    2010,
    2014,
    2010,
    2014,
    2010,
    2014,
    2010,
    2014,
    2010,
    2010,
    2014,
    2010,
    2014,
    2010,
    2014,
    2014,
    2010,
    2014,
    2010,
    2014,
    2010,
    2014,
    2010,
    2014,
    2014,
    2010,
    2014,
    2010,
    2014
  ],
  "entities": [
    17,
    18,
    21,
    21,
    22,
    23,
    23,
    25,
    30,
    37,
    37,
    39,
    40,
    44,
    172,
    172,
    171,
    171,
    170,
    163,
    163,
    201,
    65,
    65,
    156,
    158,
    155,
    3,
    152,
    152,
    6,
    6,
    150,
    150,
    1,
    145,
    144,
    138,
    137,
    137,
    136,
    135,
    134,
    14,
    14,
    130,
    130,
    131,
    208,
    126,
    124,
    120,
    116,
    116,
    115,
    113,
    113,
    111,
    110,
    110,
    5,
    5,
    106,
    103,
    102,
    101,
    140,
    97,
    97,
    96,
    11,
    11,
    226,
    92,
    92,
    12,
    12,
    91,
    91,
    88,
    86,
    83,
    83,
    81,
    81,
    127,
    127,
    9,
    9,
    10,
    10,
    7,
    198,
    198,
    75,
    75,
    73,
    73,
    71,
    70,
    70,
    67,
    67,
    13,
    13,
    63,
    63,
    62,
    84,
    61,
    60,
    80
  ]
}