{
  "values": [
    22.28885,
    14.13373,
    14.79834,
    16.91906,
    9.823222,
    16.64618,
    9.041907,
    10.17893,
    15.15422,
    25.04431,
    16.7898,
    10.04522,
    23.22985,
    8.079206,
    2.211743,
    8.585189,
    1.093112,
    0.9971104,
    4.551112,
    18.77142,
    22.33351,
    15.76218,
    18.02583,
    20.16547,
    11.13168,
    13.14826,
    11.50392,
    7.087572,
    3.897947,
    10.54343,
    12.05696,
    8.21771,
    7.472695,
    8.9503,
    3.534646,
    0.1334376,
    25.77406,
    0.3241107,
    24.8209,
    1.924404,
    0.1954022,
    1.322272,
    19.04088,
    4.040453,
    5.84038,
    8.723289,
    7.048993,
    11.30971,
    0.8682983,
    17.07137,
    4.87957,
    13.6285,
    2.188607,
    16.22192,
    2.529361,
    3.265574,
    2.341432,
    4.294285,
    2.063895,
    8.729382,
    19.87928,
    20.15111,
    16.60266,
    2.356031,
    5.256131,
    1.390503,
    9.038324,
    2.610797,
    7.141916,
    6.138899,
    5.576993,
    8.203176,
    7.369102,
    8.795569,
    2.017888,
    27.21924,
    6.504346,
    1.271947,
    9.320627,
    29.06278,
    10.45421,
    1.701155,
    5.207481,
    33.36338,
    6.518703,
    5.132859,
    1.748472,
    15.23419,
    3.57785,
    0.5054116,
    7.56935,
    13.20596,
    12.52034,
    14.41095,
    13.15203,
    10.63235,
    10.79306,
    11.49294,
    9.214441,
    39.57557,
    2.567633,
    24.41693,
    11.32961,
    4.930196,
    9.4862,
    5.873569,
    2.615827,
    19.52179,
    14.61342,
    0.7214879,
    4.90238,
    3.543222,
    1.272135,
    7.149674,
    10.52212,
    5.861041,
    10.6981,
    1.90579,
    17.54777,
    14.82693,
    7.702789,
    13.68234,
    20.72966,
    14.13785,
    10.13914,
    21.36573,
    9.68993,
    2.871459,
    2.934735,
    6.390322,
    5.8807,
    13.05205,
    2.726198,
    11.7323,
    12.10577,
    12.82936,
    13.56755,
    7.381504,
    11.14726,
    21.57876,
    0,
    13.46385,
    4.828245,
    5.503007,
    13.88662,
    16.25297,
    7.859481,
    6.440678,
    6.769495,
    6.627527,
    10.57897,
    17.35967,
    6.788009,
    6.872362,
    7.947559,
    8.691916,
    10.42092,
    10.43102,
    4.755322
  ],
  "years": [
    2014,
    2014,
    2014,
    2014,
    2014,
    2014,
    2014,
    2014,
    2014,
    2014,
    2014,
    2014,
    2014,
    2014,
    2014,
    2014,
    2014,
    2014,
    2014,
    2014,
    2014,
    2014,
    2014,
    2014,
    2014,
    2014,
    2014,
    2014,
    2014,
    2014,
    2014,
    2014,
    2014,
    2014,
    2014,
    2014,
    2014,
    2014,
    2014,
    2014,
    2014,
    2014,
    2014,
    2014,
    2014,
    2014,
    2014,
    2014,
    2014,
    2014,
    2014,
    2014,
    2014,
    2014,
    2014,
    2014,
    2014,
    2014,
    2014,
    2014,
    2014,
    2014,
    2014,
    2014,
    2014,
    2014,
    2014,
    2014,
    2014,
    2014,
    2014,
    2014,
    2014,
    2014,
    2014,
    2014,
    2014,
    2014,
    2014,
    2014,
    2014,
    2014,
    2014,
    2014,
    2014,
    2014,
    2014,
    2014,
    2014,
    2014,
    2014,
    2014,
    2014,
    2014,
    2014,
    2014,
    2014,
    2014,
    2014,
    2014,
    2014,
    2014,
    2014,
    2014,
    2014,
    2014,
    2014,
    2014,
    2014,
    2014,
    2014,
    2014,
    2014,
    2014,
    2014,
    2014,
    2014,
    2014,
    2014,
    2014,
    2014,
    2014,
    2014,
    2014,
    2014,
    2014,
    2014,
    2014,
    2014,
    2014,
    2014,
    2014,
    2014,
    2014,
    2014,
    2014,
    2014,
    2014,
    2014,
    2014,
    2014,
    2014,
    2014,
    2014,
    2014,
    2014,
    2014,
    2014,
    2014,
    2014,
    2014,
    2014,
    2014,
    2014,
    2014,
    2014,
    2014,
    2014,
    2014
  ],
  "entities": [
    1,
    2,
    3,
    4,
    5,
    6,
    7,
    8,
    9,
    10,
    11,
    12,
    13,
    14,
    15,
    16,
    17,
    19,
    21,
    22,
    23,
    24,
    25,
    27,
    28,
    30,
    31,
    32,
    33,
    34,
    35,
    36,
    37,
    39,
    40,
    41,
    42,
    43,
    44,
    60,
    61,
    62,
    63,
    64,
    65,
    66,
    67,
    68,
    69,
    70,
    71,
    72,
    74,
    75,
    76,
    79,
    80,
    81,
    82,
    83,
    84,
    85,
    86,
    87,
    88,
    89,
    90,
    91,
    92,
    93,
    95,
    96,
    97,
    100,
    101,
    102,
    103,
    104,
    105,
    106,
    107,
    108,
    111,
    112,
    113,
    114,
    115,
    116,
    117,
    118,
    119,
    122,
    124,
    126,
    127,
    129,
    130,
    131,
    132,
    133,
    134,
    135,
    136,
    137,
    138,
    139,
    140,
    141,
    142,
    143,
    144,
    145,
    147,
    148,
    149,
    150,
    152,
    153,
    155,
    156,
    158,
    160,
    161,
    162,
    163,
    165,
    166,
    167,
    168,
    170,
    171,
    172,
    173,
    198,
    201,
    208,
    210,
    212,
    213,
    215,
    238,
    259,
    289,
    302,
    317,
    320,
    326,
    327,
    328,
    330,
    332,
    333,
    340,
    344,
    345,
    355,
    379,
    4676,
    36353
  ]
}