{
  "values": [
    0.4731257,
    0.67464197,
    0.51914185,
    0.45262516,
    0.48822603,
    0.4320214,
    0.7085432,
    0.5165737,
    0.59208244,
    0.6140724,
    0.68144,
    0.6010341,
    0.6496564,
    0.5082481,
    0.6432287,
    0.522256,
    0.5837217,
    0.46996555,
    0.6741441,
    0.4528462,
    0.7289449,
    0.79918003,
    0.5290206,
    0.5749167,
    0.4993179,
    0.5749925,
    0.4002272,
    0.6031801,
    0.6420284,
    0.5100263,
    0.7066135,
    0.49558878,
    0.5129762,
    0.5687294,
    0.61363816,
    0.5028565,
    0.55247325,
    0.58221483,
    0.56914127,
    0.76090455,
    0.67202663,
    0.6186667,
    0.5772305,
    0.62843794,
    0.5771635,
    0.43664855,
    0.5050233,
    0.4580275,
    0.5254416,
    0.6727207,
    0.47916254,
    0.4006106,
    0.50971305,
    0.6544039,
    0.379373,
    0.40605465,
    0.4964931,
    0.5750439,
    0.5781351,
    0.47003067,
    0.6310139,
    0.54969496,
    0.6101745,
    0.6602499,
    0.50748074,
    0.576706,
    0.5717754,
    0.517279,
    0.524969,
    0.61764497,
    0.6189057,
    0.606786,
    0.62967545,
    0.34834626,
    0.64248735,
    0.601,
    0.6267828,
    0.6823434,
    0.5825624,
    0.55199057,
    0.58757174,
    0.5350018,
    0.55256206,
    0.5135013,
    0.47169575,
    0.5163447,
    0.5489104,
    0.52945226,
    0.60997736,
    0.5652247,
    0.5489409,
    0.6866414,
    0.617936,
    0.47744232,
    0.5582898,
    0.66595787,
    0.5893257,
    0.48132858,
    0.5215923,
    0.5031742,
    0.75560206,
    0.52098775,
    0.3802821,
    0.4823069,
    0.6267644,
    0.44573644,
    0.7174495,
    0.48736355,
    0.6562839,
    0.70287603,
    0.4141402,
    0.52990377,
    0.48982045,
    0.54799217,
    0.64604425,
    0.52131677,
    0.5783511,
    0.5055749,
    0.43025845,
    0.63177764,
    0.5288283,
    0.50601584,
    0.5392574,
    0.5395628,
    0.6056245,
    0.4885247,
    0.5020239,
    0.5632396,
    0.65508914,
    0.46020034,
    0.44037893,
    0.47381753,
    0.60018533,
    0.42400238,
    0.44696543,
    0.47928134,
    0.51387775,
    0.56705487,
    0.47265118,
    0.3832669,
    0.4499367,
    0.4181316
  ],
  "years": [
    2021,
    2021,
    2021,
    2021,
    2021,
    2021,
    2021,
    2021,
    2021,
    2021,
    2021,
    2021,
    2021,
    2021,
    2021,
    2021,
    2021,
    2021,
    2021,
    2021,
    2021,
    2021,
    2021,
    2021,
    2021,
    2021,
    2021,
    2021,
    2021,
    2021,
    2021,
    2021,
    2021,
    2021,
    2021,
    2021,
    2021,
    2021,
    2021,
    2021,
    2021,
    2021,
    2021,
    2021,
    2021,
    2021,
    2021,
    2021,
    2021,
    2021,
    2021,
    2021,
    2021,
    2021,
    2021,
    2021,
    2021,
    2021,
    2021,
    2021,
    2021,
    2021,
    2021,
    2021,
    2021,
    2021,
    2021,
    2021,
    2021,
    2021,
    2021,
    2021,
    2021,
    2021,
    2021,
    2021,
    2021,
    2021,
    2021,
    2021,
    2021,
    2021,
    2021,
    2021,
    2021,
    2021,
    2021,
    2021,
    2021,
    2021,
    2021,
    2021,
    2021,
    2021,
    2021,
    2021,
    2021,
    2021,
    2021,
    2021,
    2021,
    2021,
    2021,
    2021,
    2021,
    2021,
    2021,
    2021,
    2021,
    2021,
    2021,
    2021,
    2021,
    2021,
    2021,
    2021,
    2021,
    2021,
    2021,
    2021,
    2021,
    2021,
    2021,
    2021,
    2021,
    2021,
    2021,
    2021,
    2021,
    2021,
    2021,
    2021,
    2021,
    2021,
    2021,
    2021,
    2021,
    2021,
    2021,
    2021,
    2021,
    2021
  ],
  "entities": [
    16,
    21,
    22,
    23,
    24,
    25,
    28,
    30,
    4,
    32,
    34,
    36,
    37,
    39,
    40,
    42,
    43,
    44,
    172,
    171,
    170,
    166,
    143,
    165,
    163,
    162,
    161,
    160,
    201,
    65,
    259,
    156,
    158,
    155,
    3,
    152,
    6,
    150,
    149,
    148,
    147,
    139,
    138,
    137,
    136,
    135,
    2,
    133,
    8,
    132,
    14,
    130,
    131,
    129,
    208,
    126,
    122,
    119,
    210,
    118,
    117,
    116,
    213,
    113,
    110,
    109,
    108,
    107,
    5,
    106,
    105,
    103,
    102,
    217,
    101,
    100,
    98,
    97,
    96,
    11,
    95,
    92,
    12,
    91,
    90,
    89,
    85,
    83,
    81,
    127,
    9,
    141,
    10,
    7,
    76,
    64,
    75,
    74,
    71,
    70,
    68,
    67,
    72,
    1,
    13,
    63,
    238,
    84,
    60,
    80,
    15,
    17,
    19,
    35,
    174,
    173,
    168,
    164,
    154,
    202,
    153,
    151,
    94,
    146,
    145,
    134,
    124,
    123,
    121,
    115,
    114,
    111,
    215,
    142,
    104,
    128,
    88,
    87,
    234,
    69,
    62,
    61
  ]
}