{
  "values": [
    8.655319,
    9.241572,
    14.06504,
    13.478635,
    12.136645,
    11.976833,
    9.924487,
    15.501358,
    13.111291,
    12.654855,
    17.177938,
    29.03056,
    6.689246,
    16.690418,
    37.25587,
    49.737926,
    23.198097,
    9.974969,
    11.312785,
    43.555817,
    13.064381,
    52.749126,
    32.121384,
    29.18861,
    30.022688,
    16.252525,
    19.334064,
    42.712593,
    45.21058,
    9.985679,
    46.50713,
    18.820482,
    27.379164,
    37.588936,
    33.261982,
    41.641056,
    44.24747,
    36.870106,
    27.256779,
    24.192238,
    13.614112,
    28.338812,
    21.292362,
    14.870162,
    31.196798,
    19.639393,
    8.36342,
    24.054436,
    20.549967,
    25.202482,
    17.469955,
    38.564606,
    26.604895,
    30.27997,
    15.680728,
    39.57528,
    12.482959,
    59.012196,
    12.19959,
    33.925957,
    26.22351,
    27.486546,
    20.98476,
    19.304571,
    21.0206,
    50.623756,
    12.819726,
    56.078693,
    26.371399,
    49.421284,
    15.958162,
    29.634119,
    28.69944,
    33.853706,
    32.083492,
    17.968746,
    31.932835,
    27.715063,
    56.626648,
    38.530193,
    12.056283,
    34.604183,
    17.637985,
    39.247723,
    32.28741,
    11.97864,
    20.17674,
    41.309013,
    26.796751,
    12.320651,
    16.136227,
    19.568707,
    31.579697,
    18.59748,
    19.952589,
    18.504671,
    13.33614,
    26.310055,
    19.33307,
    27.155628,
    22.59022,
    12.284774,
    18.609703,
    26.51741
  ],
  "years": [
    2021,
    2021,
    2021,
    2021,
    2021,
    2021,
    2021,
    2021,
    2021,
    2021,
    2021,
    2021,
    2021,
    2021,
    2021,
    2021,
    2021,
    2021,
    2021,
    2021,
    2021,
    2021,
    2021,
    2021,
    2021,
    2021,
    2021,
    2021,
    2021,
    2021,
    2021,
    2021,
    2021,
    2021,
    2021,
    2021,
    2021,
    2021,
    2021,
    2021,
    2021,
    2021,
    2021,
    2021,
    2021,
    2021,
    2021,
    2021,
    2021,
    2021,
    2021,
    2021,
    2021,
    2021,
    2021,
    2021,
    2021,
    2021,
    2021,
    2021,
    2021,
    2021,
    2021,
    2021,
    2021,
    2021,
    2021,
    2021,
    2021,
    2021,
    2021,
    2021,
    2021,
    2021,
    2021,
    2021,
    2021,
    2021,
    2021,
    2021,
    2021,
    2021,
    2021,
    2021,
    2021,
    2021,
    2021,
    2021,
    2021,
    2021,
    2021,
    2021,
    2021,
    2021,
    2021,
    2021,
    2021,
    2021,
    2021,
    2021,
    2021,
    2021,
    2021,
    2021
  ],
  "entities": [
    1,
    2,
    3,
    4,
    5,
    6,
    7,
    8,
    9,
    10,
    11,
    12,
    13,
    14,
    17,
    19,
    21,
    23,
    24,
    25,
    27,
    28,
    30,
    34,
    35,
    37,
    39,
    42,
    43,
    44,
    62,
    63,
    64,
    65,
    66,
    67,
    68,
    69,
    70,
    71,
    72,
    75,
    81,
    83,
    84,
    85,
    86,
    88,
    90,
    92,
    95,
    96,
    97,
    98,
    100,
    101,
    102,
    103,
    106,
    110,
    113,
    116,
    119,
    122,
    124,
    125,
    127,
    129,
    130,
    131,
    133,
    134,
    135,
    136,
    137,
    138,
    139,
    141,
    142,
    143,
    144,
    148,
    149,
    150,
    152,
    155,
    156,
    158,
    160,
    161,
    162,
    165,
    166,
    170,
    171,
    172,
    198,
    201,
    208,
    215,
    217,
    226,
    238,
    259
  ]
}