{
  "values": [
    27933.74,
    23240.537,
    22995.982,
    24189.252,
    24166.828,
    24188.703,
    43461.773,
    20439.045,
    17353.86,
    25825.855,
    9905.59,
    6046.52,
    45898.055,
    20723.898,
    1648.0647,
    1322.1558,
    6443.1685,
    32475.715,
    26409.473,
    2809.143,
    9485.243,
    1499.9324,
    3671.2693,
    2261.037,
    4734.8525,
    4442.8306,
    6924.803,
    1279.3658,
    1196.5359,
    27704.783,
    1039.4144,
    10364.276,
    656.87555,
    3642.3933,
    4989.7056,
    3103.0767,
    663.0901,
    840.93097,
    5425.4863,
    2677.411,
    14409.577,
    3626.5225,
    4324.8687,
    15681.224,
    1805.1606,
    11996.073,
    22639.174,
    5898.6685,
    9996.364,
    8976.611,
    15449.266,
    2581.689,
    4213.8057,
    3712.2825,
    7937.2373,
    970.06726,
    32792.06,
    1268.5775,
    28553.148,
    2184.5288,
    6690.246,
    6319.1216,
    13750.975,
    11246.937,
    2864.3027,
    1729.6198,
    15492.057,
    1578.82,
    3513.235,
    5168.118,
    25044.266,
    1951.4076,
    7624.2344,
    2360.8198,
    1391.5947,
    8886.792,
    2229.999,
    2815.8762,
    885.8045,
    1747.9529,
    30453.373,
    4291.291,
    14117.1875,
    1651.698,
    4300.2734,
    26194.64,
    12992.181,
    592.4403,
    6247.196,
    30251.883,
    12067.872,
    11530.0625,
    8411.837,
    4337.639,
    4680.1055,
    9763.548,
    13564.453,
    3740.6025,
    7942.251,
    7649.307,
    6483.456,
    14488.974,
    250.79521,
    3902.6797
  ],
  "years": [
    2021,
    2021,
    2021,
    2021,
    2021,
    2021,
    2021,
    2021,
    2021,
    2021,
    2021,
    2021,
    2021,
    2021,
    2021,
    2021,
    2021,
    2021,
    2021,
    2021,
    2021,
    2021,
    2021,
    2021,
    2021,
    2021,
    2021,
    2021,
    2021,
    2021,
    2021,
    2021,
    2021,
    2021,
    2021,
    2021,
    2021,
    2021,
    2021,
    2021,
    2021,
    2021,
    2021,
    2021,
    2021,
    2021,
    2021,
    2021,
    2021,
    2021,
    2021,
    2021,
    2021,
    2021,
    2021,
    2021,
    2021,
    2021,
    2021,
    2021,
    2021,
    2021,
    2021,
    2021,
    2021,
    2021,
    2021,
    2021,
    2021,
    2021,
    2021,
    2021,
    2021,
    2021,
    2021,
    2021,
    2021,
    2021,
    2021,
    2021,
    2021,
    2021,
    2021,
    2021,
    2021,
    2021,
    2021,
    2021,
    2021,
    2021,
    2021,
    2021,
    2021,
    2021,
    2021,
    2021,
    2021,
    2021,
    2021,
    2021,
    2021,
    2021,
    2021,
    2021
  ],
  "entities": [
    1,
    2,
    3,
    4,
    5,
    6,
    7,
    8,
    9,
    10,
    11,
    12,
    13,
    14,
    17,
    19,
    21,
    23,
    24,
    25,
    27,
    28,
    30,
    34,
    35,
    37,
    39,
    42,
    43,
    44,
    62,
    63,
    64,
    65,
    66,
    67,
    68,
    69,
    70,
    71,
    72,
    75,
    81,
    83,
    84,
    85,
    86,
    88,
    90,
    92,
    95,
    96,
    97,
    98,
    100,
    101,
    102,
    103,
    106,
    110,
    113,
    116,
    119,
    122,
    124,
    125,
    127,
    129,
    130,
    131,
    133,
    134,
    135,
    136,
    137,
    138,
    139,
    141,
    142,
    143,
    144,
    148,
    149,
    150,
    152,
    155,
    156,
    158,
    160,
    161,
    162,
    165,
    166,
    170,
    171,
    172,
    198,
    201,
    208,
    215,
    217,
    226,
    238,
    259
  ]
}