{
  "values": [
    13.87461,
    11.26362,
    4.765294,
    5.422146,
    7.119242,
    8.566638,
    3.281787,
    11.86405,
    12.24837,
    13.41909,
    23.46452,
    17.23961,
    5.055371,
    30.21982,
    10.74834,
    24.84018,
    26.20268,
    7.088284,
    32.35658,
    12.59346,
    5.95094,
    26.86442,
    20.65457,
    10.50593,
    38.68527,
    32.45926,
    8.430002,
    15.63964,
    46.50013,
    15.62672,
    21.60564,
    31.16426,
    43.86067,
    38.87873,
    45.00753,
    15.98184,
    41.57547,
    45.49056,
    11.65052,
    6.409504,
    46.01327,
    25.25978,
    23.61299,
    37.32281,
    46.45603,
    26.01933,
    43.00706,
    23.52538,
    11.22501,
    19.30481,
    7.654822,
    25.43167,
    20.08515,
    50.69001,
    47.36155,
    57.40453,
    34.33691,
    12.85956,
    30.99015,
    17.88528,
    15.55632,
    43.22002,
    28.93835,
    26.16131,
    26.2094,
    27.79573,
    18.34502,
    6.90266,
    38.96992,
    14.4884,
    14.94172,
    17.32302,
    23.14802,
    44.08322,
    42.99219,
    4.270072,
    17.14856,
    33.19687,
    40.85828,
    42.05988,
    15.62585,
    14.76345,
    34.49976,
    24.12444,
    19.86079,
    43.97172,
    57.71335,
    25.38597,
    41.5074,
    19.16456,
    50.78459,
    11.95632,
    15.63104,
    25.50367,
    16.99719,
    58.21931,
    26.07769,
    31.31436,
    20.73754,
    19.86193,
    41.47291,
    50.09325,
    42.30019,
    19.68996,
    9.549017,
    10.82656,
    41.77243,
    12.71699,
    12.0663,
    36.03462,
    35.00917,
    10.03318,
    20.06394,
    28.76263,
    14.02816,
    27.38094,
    18.2538,
    15.08941,
    24.76438,
    15.43753,
    12.15988,
    18.05994,
    11.95367,
    19.64181,
    7.027575,
    30.05693,
    28.74496,
    25.33675,
    18.27064,
    24.98504,
    9.410056,
    30.80777,
    20.42518,
    6.91243,
    15.36073,
    18.29938,
    5.747144,
    4.982624,
    6.038668,
    35.27841,
    33.05372,
    30.56841,
    9.791342,
    6.278349,
    40.06374,
    19.43512,
    7.901162,
    13.2665,
    30.14124,
    26.37244,
    25.18018,
    24.68345,
    20.26794,
    11.92309,
    23.06774,
    14.41622,
    27.18074,
    22.63296,
    16.99169,
    30.24482,
    31.15703
  ],
  "years": [
    2011,
    2011,
    2011,
    2011,
    2011,
    2011,
    2011,
    2011,
    2011,
    2011,
    2011,
    2011,
    2011,
    2011,
    2011,
    2011,
    2011,
    2011,
    2011,
    2011,
    2011,
    2011,
    2011,
    2011,
    2011,
    2011,
    2011,
    2011,
    2011,
    2011,
    2011,
    2011,
    2011,
    2011,
    2011,
    2011,
    2011,
    2011,
    2011,
    2011,
    2011,
    2011,
    2011,
    2011,
    2011,
    2011,
    2011,
    2011,
    2011,
    2011,
    2011,
    2011,
    2011,
    2011,
    2011,
    2011,
    2011,
    2011,
    2011,
    2011,
    2011,
    2011,
    2011,
    2011,
    2011,
    2011,
    2011,
    2011,
    2011,
    2011,
    2011,
    2011,
    2011,
    2011,
    2011,
    2011,
    2011,
    2011,
    2011,
    2011,
    2011,
    2011,
    2011,
    2011,
    2011,
    2011,
    2011,
    2011,
    2011,
    2011,
    2011,
    2011,
    2011,
    2011,
    2011,
    2011,
    2011,
    2011,
    2011,
    2011,
    2011,
    2011,
    2011,
    2011,
    2011,
    2011,
    2011,
    2011,
    2011,
    2011,
    2011,
    2011,
    2011,
    2011,
    2011,
    2011,
    2011,
    2011,
    2011,
    2011,
    2011,
    2011,
    2011,
    2011,
    2011,
    2011,
    2011,
    2011,
    2011,
    2011,
    2011,
    2011,
    2011,
    2011,
    2011,
    2011,
    2011,
    2011,
    2011,
    2011,
    2011,
    2011,
    2011,
    2011,
    2011,
    2011,
    2011,
    2011,
    2011,
    2011,
    2011,
    2011,
    2011,
    2011,
    2011,
    2011,
    2011,
    2011,
    2011,
    2011,
    2011
  ],
  "entities": [
    1,
    2,
    3,
    4,
    5,
    6,
    8,
    9,
    10,
    11,
    12,
    13,
    14,
    15,
    16,
    17,
    19,
    21,
    22,
    23,
    24,
    25,
    27,
    28,
    30,
    32,
    34,
    35,
    36,
    37,
    39,
    40,
    41,
    42,
    43,
    44,
    60,
    61,
    62,
    63,
    64,
    65,
    66,
    67,
    68,
    69,
    70,
    72,
    73,
    74,
    75,
    76,
    77,
    78,
    79,
    80,
    81,
    83,
    84,
    85,
    86,
    87,
    88,
    89,
    90,
    91,
    92,
    95,
    96,
    97,
    98,
    100,
    101,
    103,
    104,
    105,
    106,
    107,
    110,
    111,
    112,
    113,
    114,
    115,
    116,
    117,
    118,
    119,
    121,
    122,
    123,
    124,
    125,
    126,
    127,
    129,
    130,
    131,
    132,
    133,
    134,
    135,
    136,
    137,
    138,
    139,
    140,
    141,
    144,
    145,
    147,
    148,
    149,
    150,
    152,
    153,
    154,
    155,
    156,
    160,
    161,
    162,
    163,
    165,
    166,
    167,
    168,
    169,
    170,
    171,
    172,
    173,
    174,
    198,
    201,
    208,
    210,
    212,
    213,
    215,
    217,
    226,
    238,
    259,
    289,
    302,
    317,
    320,
    326,
    327,
    328,
    330,
    332,
    333,
    340,
    344,
    345,
    355,
    379,
    4676,
    36353
  ]
}