{
  "values": [
    11.66667,
    18.8247,
    23.36677,
    16.78644,
    7.66083,
    5.997135,
    22.74564,
    18.50073,
    14.92973,
    7.083333,
    18.30926,
    14.27189,
    5.748207,
    8.708894,
    21.6516,
    11.5,
    13.34262,
    12.25734,
    14.90264,
    4.034391,
    8.881578,
    14.8779,
    12.39648,
    24.81397,
    10,
    11.29032,
    5.57163,
    10.08333,
    17.17266,
    4.388186,
    6.988353,
    26.12261,
    25,
    2.950214,
    24.98912,
    13.65574,
    12.61188,
    1.478415,
    18.1,
    32.96009,
    12.26091,
    3.470452,
    28.28552,
    25.83333,
    15.91667,
    16.94638,
    22.83814,
    17.41667,
    9.060681,
    15.76801,
    14.18495,
    10.80222,
    13.04681,
    9.2,
    7.942549,
    24,
    17.83333,
    8.420511,
    9.965338,
    47.23866,
    4.384615,
    8.682406,
    17.07556,
    3.9,
    4.759673,
    20.92318,
    14.66667,
    16.83333,
    0.9166666,
    17.13985,
    32.95255,
    18.54935,
    18.79397,
    12.41667,
    7.68024,
    7.999009,
    22.6898,
    12.99202,
    6.566416,
    20.1,
    6.956536,
    6.475555,
    7.95777,
    9.104988,
    15.82019,
    7.542148,
    7.347239,
    16.76265,
    18.68631,
    16.49674,
    19.68949,
    6.679764,
    14.69098,
    16.32013,
    24.32514,
    23.66764,
    16.83817,
    14.42684,
    11.23317,
    27.79116,
    14.27898,
    30.07589,
    15.55088,
    14.95061,
    18.75,
    15.69351,
    12.80971,
    11.41141,
    4.39834,
    13.29834,
    13.53427,
    16.69875,
    14.87789,
    14.91748,
    20.23279,
    21.87918,
    12.5,
    6.127916,
    21.73333,
    12.77311,
    5.902193,
    8.1,
    7.783941,
    3.966942
  ],
  "years": [
    2014,
    2022,
    2014,
    2022,
    2014,
    2022,
    2014,
    2022,
    2014,
    2022,
    2014,
    2022,
    2014,
    2022,
    2022,
    2014,
    2022,
    2014,
    2022,
    2014,
    2022,
    2014,
    2022,
    2022,
    2014,
    2022,
    2014,
    2022,
    2014,
    2022,
    2014,
    2014,
    2022,
    2014,
    2022,
    2022,
    2022,
    2014,
    2014,
    2022,
    2014,
    2022,
    2022,
    2014,
    2022,
    2014,
    2022,
    2014,
    2022,
    2014,
    2022,
    2022,
    2014,
    2014,
    2022,
    2014,
    2022,
    2014,
    2022,
    2022,
    2014,
    2022,
    2022,
    2014,
    2022,
    2022,
    2014,
    2022,
    2022,
    2014,
    2022,
    2014,
    2022,
    2022,
    2014,
    2022,
    2022,
    2014,
    2022,
    2014,
    2014,
    2022,
    2014,
    2022,
    2014,
    2022,
    2014,
    2014,
    2022,
    2014,
    2022,
    2014,
    2022,
    2014,
    2022,
    2022,
    2014,
    2014,
    2014,
    2022,
    2014,
    2014,
    2014,
    2022,
    2022,
    2014,
    2022,
    2014,
    2014,
    2022,
    2014,
    2022,
    2014,
    2022,
    2014,
    2022,
    2014,
    2022,
    2014,
    2022,
    2022,
    2014,
    2014,
    2022
  ],
  "entities": [
    17,
    18,
    21,
    21,
    22,
    22,
    23,
    23,
    25,
    28,
    30,
    34,
    37,
    37,
    44,
    172,
    172,
    171,
    171,
    170,
    170,
    163,
    163,
    162,
    201,
    201,
    65,
    65,
    156,
    158,
    152,
    6,
    6,
    150,
    1,
    149,
    148,
    145,
    144,
    144,
    137,
    136,
    135,
    134,
    134,
    14,
    14,
    130,
    130,
    131,
    131,
    129,
    208,
    126,
    126,
    124,
    124,
    120,
    120,
    262,
    116,
    116,
    211,
    113,
    113,
    112,
    110,
    110,
    142,
    5,
    5,
    106,
    106,
    105,
    103,
    103,
    357,
    101,
    101,
    140,
    97,
    97,
    96,
    96,
    11,
    93,
    226,
    92,
    92,
    12,
    12,
    91,
    88,
    86,
    86,
    85,
    83,
    81,
    127,
    127,
    9,
    10,
    198,
    198,
    76,
    75,
    75,
    73,
    71,
    71,
    70,
    70,
    67,
    67,
    13,
    13,
    63,
    63,
    62,
    238,
    84,
    61,
    80,
    80
  ]
}