{
  "values": [
    18.83333,
    28.58566,
    27.683,
    27.34723,
    18.55277,
    15.51359,
    23.09873,
    24.39563,
    34.25177,
    29.91667,
    31.64058,
    22.44799,
    22.06609,
    25.29347,
    19.34839,
    27.4,
    16.5524,
    44.62975,
    36.9956,
    15.93915,
    18.68421,
    22.29967,
    15.42528,
    20.15067,
    18.16667,
    30.73005,
    26.50745,
    29.91667,
    29.9077,
    14.93671,
    20.2163,
    22.87687,
    12.10733,
    13.65132,
    20.38758,
    19.51466,
    25.71196,
    5.795387,
    37.6,
    30.88351,
    24.76704,
    26.47484,
    30.88726,
    28.41667,
    25.75,
    33.23782,
    32.22469,
    30.91667,
    23.4414,
    30.8578,
    32.2884,
    16.91819,
    19.26324,
    31.46667,
    21.31991,
    29.75,
    29.08333,
    16.94797,
    13.69151,
    21.30177,
    19.53846,
    26.65651,
    16.97743,
    6.4,
    9.111716,
    30.19828,
    23.66667,
    32.08333,
    7.75,
    9.411146,
    12.82953,
    16.52794,
    16.0804,
    21.75,
    23.56156,
    19.18903,
    21.04452,
    29.61108,
    17.39348,
    24.4,
    29.97111,
    23.73484,
    33.24453,
    34.44145,
    25.57992,
    14.37444,
    16.61575,
    21.08469,
    18.83126,
    30.76517,
    30.184,
    38.3759,
    29.98987,
    24.01288,
    23.52881,
    17.74472,
    20.11225,
    29.88979,
    44.21328,
    44.49799,
    21.10405,
    16.44927,
    36.5785,
    38.42591,
    21.25,
    29.48335,
    35.60646,
    14.11411,
    12.36515,
    18.28522,
    34.01339,
    40.6641,
    28.83932,
    25.75884,
    19.31301,
    21.15377,
    19,
    17.39853,
    24.8,
    32.18488,
    23.7774,
    28.9,
    17.02737,
    14.46281
  ],
  "years": [
    2014,
    2022,
    2014,
    2022,
    2014,
    2022,
    2014,
    2022,
    2014,
    2022,
    2014,
    2022,
    2014,
    2022,
    2022,
    2014,
    2022,
    2014,
    2022,
    2014,
    2022,
    2014,
    2022,
    2022,
    2014,
    2022,
    2014,
    2022,
    2014,
    2022,
    2014,
    2014,
    2022,
    2014,
    2022,
    2022,
    2022,
    2014,
    2014,
    2022,
    2014,
    2022,
    2022,
    2014,
    2022,
    2014,
    2022,
    2014,
    2022,
    2014,
    2022,
    2022,
    2014,
    2014,
    2022,
    2014,
    2022,
    2014,
    2022,
    2022,
    2014,
    2022,
    2022,
    2014,
    2022,
    2022,
    2014,
    2022,
    2022,
    2014,
    2022,
    2014,
    2022,
    2022,
    2014,
    2022,
    2022,
    2014,
    2022,
    2014,
    2014,
    2022,
    2014,
    2022,
    2014,
    2022,
    2014,
    2014,
    2022,
    2014,
    2022,
    2014,
    2022,
    2014,
    2022,
    2022,
    2014,
    2014,
    2014,
    2022,
    2014,
    2014,
    2014,
    2022,
    2022,
    2014,
    2022,
    2014,
    2014,
    2022,
    2014,
    2022,
    2014,
    2022,
    2014,
    2022,
    2014,
    2022,
    2014,
    2022,
    2022,
    2014,
    2014,
    2022
  ],
  "entities": [
    17,
    18,
    21,
    21,
    22,
    22,
    23,
    23,
    25,
    28,
    30,
    34,
    37,
    37,
    44,
    172,
    172,
    171,
    171,
    170,
    170,
    163,
    163,
    162,
    201,
    201,
    65,
    65,
    156,
    158,
    152,
    6,
    6,
    150,
    1,
    149,
    148,
    145,
    144,
    144,
    137,
    136,
    135,
    134,
    134,
    14,
    14,
    130,
    130,
    131,
    131,
    129,
    208,
    126,
    126,
    124,
    124,
    120,
    120,
    262,
    116,
    116,
    211,
    113,
    113,
    112,
    110,
    110,
    142,
    5,
    5,
    106,
    106,
    105,
    103,
    103,
    357,
    101,
    101,
    140,
    97,
    97,
    96,
    96,
    11,
    93,
    226,
    92,
    92,
    12,
    12,
    91,
    88,
    86,
    86,
    85,
    83,
    81,
    127,
    127,
    9,
    10,
    198,
    198,
    76,
    75,
    75,
    73,
    71,
    71,
    70,
    70,
    67,
    67,
    13,
    13,
    63,
    63,
    62,
    238,
    84,
    61,
    80,
    80
  ]
}