{
  "values": [
    10.66667,
    22.70916,
    23.75508,
    28.58629,
    4.601915,
    16.89818,
    35.22175,
    29.00537,
    13.40351,
    9.166667,
    18.07924,
    9.240445,
    7.028678,
    7.899439,
    47.61049,
    17.8,
    14.53744,
    1.877049,
    6.179045,
    3.174603,
    6.710526,
    22.41498,
    49.914,
    46.12452,
    12,
    5.263158,
    8.7902,
    6.666667,
    15.72892,
    2.278481,
    10.73211,
    34.84668,
    43.12827,
    4.205225,
    35.1433,
    47.93645,
    11.63548,
    0.8870491,
    16.5,
    16.45864,
    9.538989,
    1.175705,
    23.01534,
    12.33333,
    7.083333,
    7.981989,
    10.12565,
    22,
    15.54447,
    11.72304,
    11.59875,
    6.115965,
    12.73983,
    2.4,
    6.379178,
    11,
    16.25,
    12.95596,
    8.318891,
    22.38659,
    2.307692,
    5.407464,
    3.95,
    4.41121,
    13.70127,
    14,
    23.25,
    1,
    23.449,
    44.28822,
    36.38526,
    49.24623,
    10.33333,
    9.629189,
    2.222797,
    36.62714,
    10.14182,
    7.468671,
    14.7,
    3.91031,
    6.882679,
    1.799845,
    2.076976,
    29.61058,
    22.53771,
    6.44806,
    23.76605,
    30.8237,
    17.54213,
    19.33785,
    0.1964637,
    15.60284,
    25.92041,
    16.91824,
    42.3537,
    34.79888,
    15.19337,
    2.813662,
    8.273092,
    28.40117,
    41.85734,
    7.510362,
    10.0648,
    28.5,
    20.66982,
    20.17041,
    41.24124,
    2.489627,
    1.487314,
    10.4794,
    4.571703,
    16.03257,
    14.92397,
    42.32753,
    41.21043,
    18,
    10.89014,
    28.13333,
    9.327731,
    1.939292,
    6.7,
    8.96039,
    3.057851
  ],
  "years": [
    2014,
    2022,
    2014,
    2022,
    2014,
    2022,
    2014,
    2022,
    2014,
    2022,
    2014,
    2022,
    2014,
    2022,
    2022,
    2014,
    2022,
    2014,
    2022,
    2014,
    2022,
    2014,
    2022,
    2022,
    2014,
    2022,
    2014,
    2022,
    2014,
    2022,
    2014,
    2014,
    2022,
    2014,
    2022,
    2022,
    2022,
    2014,
    2014,
    2022,
    2014,
    2022,
    2022,
    2014,
    2022,
    2014,
    2022,
    2014,
    2022,
    2014,
    2022,
    2022,
    2014,
    2014,
    2022,
    2014,
    2022,
    2014,
    2022,
    2022,
    2014,
    2022,
    2014,
    2022,
    2022,
    2014,
    2022,
    2022,
    2014,
    2022,
    2014,
    2022,
    2022,
    2014,
    2022,
    2022,
    2014,
    2022,
    2014,
    2014,
    2022,
    2014,
    2022,
    2014,
    2022,
    2014,
    2014,
    2022,
    2014,
    2022,
    2014,
    2022,
    2014,
    2022,
    2022,
    2014,
    2014,
    2014,
    2022,
    2014,
    2014,
    2014,
    2022,
    2022,
    2014,
    2022,
    2014,
    2014,
    2022,
    2014,
    2022,
    2014,
    2022,
    2014,
    2022,
    2014,
    2022,
    2014,
    2022,
    2022,
    2014,
    2014,
    2022
  ],
  "entities": [
    17,
    18,
    21,
    21,
    22,
    22,
    23,
    23,
    25,
    28,
    30,
    34,
    37,
    37,
    44,
    172,
    172,
    171,
    171,
    170,
    170,
    163,
    163,
    162,
    201,
    201,
    65,
    65,
    156,
    158,
    152,
    6,
    6,
    150,
    1,
    149,
    148,
    145,
    144,
    144,
    137,
    136,
    135,
    134,
    134,
    14,
    14,
    130,
    130,
    131,
    131,
    129,
    208,
    126,
    126,
    124,
    124,
    120,
    120,
    262,
    116,
    116,
    113,
    113,
    112,
    110,
    110,
    142,
    5,
    5,
    106,
    106,
    105,
    103,
    103,
    357,
    101,
    101,
    140,
    97,
    97,
    96,
    96,
    11,
    93,
    226,
    92,
    92,
    12,
    12,
    91,
    88,
    86,
    86,
    85,
    83,
    81,
    127,
    127,
    9,
    10,
    198,
    198,
    76,
    75,
    75,
    73,
    71,
    71,
    70,
    70,
    67,
    67,
    13,
    13,
    63,
    63,
    62,
    238,
    84,
    61,
    80,
    80
  ]
}