{
  "values": [
    50.25,
    29.28287,
    19.71008,
    20.86072,
    67.67341,
    60.15786,
    14.84247,
    21.40762,
    34.6984,
    51.75,
    27.46573,
    50.12095,
    59.88589,
    56.41941,
    11.38952,
    37.7,
    49.26241,
    28.70094,
    41.5627,
    74.80159,
    49.67105,
    32.35747,
    17.31979,
    4.571488,
    59.83334,
    50.76401,
    55.40148,
    50.16667,
    30.71393,
    77.97469,
    58.23627,
    14.3743,
    5.890052,
    77.46571,
    19.15706,
    18.79823,
    50.04069,
    91.83915,
    22.5,
    17.97514,
    45.1692,
    68.79813,
    13.60907,
    29.91667,
    48.75,
    26.9341,
    25.42498,
    25.75,
    37.73898,
    38.65427,
    37.7743,
    65.5282,
    48.27322,
    54,
    63.54145,
    28.58333,
    36.83334,
    55.58231,
    66.81109,
    9.072978,
    73.46154,
    59.25362,
    65.35819,
    85.55,
    80.83083,
    35.17727,
    41.16667,
    27.83333,
    90.33333,
    2.628812,
    4.481546,
    13.55529,
    7.738694,
    55.5,
    53.7904,
    70.27791,
    18.89919,
    44.58485,
    67.26817,
    35,
    52.81548,
    56.88274,
    56.53747,
    54.08912,
    15.15919,
    51.2866,
    68.95339,
    27.97963,
    21.92151,
    23.89967,
    27.42628,
    54.6169,
    34.54914,
    28.1821,
    35.06395,
    4.03187,
    16.83817,
    35.20506,
    38.0919,
    19.43775,
    30.18896,
    8.038271,
    36.44616,
    36.55868,
    31.5,
    31.22857,
    31.41341,
    29.52953,
    77.17842,
    66.66667,
    40.52541,
    36.718,
    35.09312,
    38.73746,
    15.75399,
    13.93614,
    45.3,
    58.45276,
    22.06667,
    45.71429,
    68.38111,
    53.3,
    65.96069,
    78.5124
  ],
  "years": [
    2014,
    2022,
    2014,
    2022,
    2014,
    2022,
    2014,
    2022,
    2014,
    2022,
    2014,
    2022,
    2014,
    2022,
    2022,
    2014,
    2022,
    2014,
    2022,
    2014,
    2022,
    2014,
    2022,
    2022,
    2014,
    2022,
    2014,
    2022,
    2014,
    2022,
    2014,
    2014,
    2022,
    2014,
    2022,
    2022,
    2022,
    2014,
    2014,
    2022,
    2014,
    2022,
    2022,
    2014,
    2022,
    2014,
    2022,
    2014,
    2022,
    2014,
    2022,
    2022,
    2014,
    2014,
    2022,
    2014,
    2022,
    2014,
    2022,
    2022,
    2014,
    2022,
    2022,
    2014,
    2022,
    2022,
    2014,
    2022,
    2022,
    2014,
    2022,
    2014,
    2022,
    2022,
    2014,
    2022,
    2022,
    2014,
    2022,
    2014,
    2014,
    2022,
    2014,
    2022,
    2014,
    2022,
    2014,
    2014,
    2022,
    2014,
    2022,
    2014,
    2022,
    2014,
    2022,
    2022,
    2014,
    2014,
    2014,
    2022,
    2014,
    2014,
    2014,
    2022,
    2022,
    2014,
    2022,
    2014,
    2014,
    2022,
    2014,
    2022,
    2014,
    2022,
    2014,
    2022,
    2014,
    2022,
    2014,
    2022,
    2022,
    2014,
    2014,
    2022
  ],
  "entities": [
    17,
    18,
    21,
    21,
    22,
    22,
    23,
    23,
    25,
    28,
    30,
    34,
    37,
    37,
    44,
    172,
    172,
    171,
    171,
    170,
    170,
    163,
    163,
    162,
    201,
    201,
    65,
    65,
    156,
    158,
    152,
    6,
    6,
    150,
    1,
    149,
    148,
    145,
    144,
    144,
    137,
    136,
    135,
    134,
    134,
    14,
    14,
    130,
    130,
    131,
    131,
    129,
    208,
    126,
    126,
    124,
    124,
    120,
    120,
    262,
    116,
    116,
    211,
    113,
    113,
    112,
    110,
    110,
    142,
    5,
    5,
    106,
    106,
    105,
    103,
    103,
    357,
    101,
    101,
    140,
    97,
    97,
    96,
    96,
    11,
    93,
    226,
    92,
    92,
    12,
    12,
    91,
    88,
    86,
    86,
    85,
    83,
    81,
    127,
    127,
    9,
    10,
    198,
    198,
    76,
    75,
    75,
    73,
    71,
    71,
    70,
    70,
    67,
    67,
    13,
    13,
    63,
    63,
    62,
    238,
    84,
    61,
    80,
    80
  ]
}