{
  "values": [
    0,
    0,
    0,
    0,
    1.166683,
    0.857459,
    0,
    0,
    2.716592,
    1.416667,
    4.505182,
    2.370585,
    1.69962,
    1.125646,
    0,
    5.6,
    2.473469,
    3.224818,
    0,
    0.9920635,
    0,
    8.04997,
    2.835855,
    1.828592,
    0,
    1.612903,
    0,
    2.25,
    6.476791,
    0.3375528,
    3.826955,
    1.223725,
    2.552356,
    1.727524,
    0.2789592,
    0,
    0,
    0,
    5.1,
    1.677139,
    8.263855,
    0.0808665,
    0.4002669,
    3.5,
    1.833333,
    14.89971,
    8.277902,
    3.916667,
    14.21446,
    0,
    1.880878,
    0.4765687,
    3.837299,
    2.933333,
    0.4096146,
    6.666667,
    0,
    4.896179,
    0.779896,
    0,
    0.3076923,
    0,
    0.0981354,
    0.1,
    0.531087,
    0,
    4.916667,
    0,
    0,
    46.6877,
    4.56942,
    8.204518,
    8.140703,
    0,
    5.338608,
    0.2080269,
    0.4858025,
    2.127058,
    1.253133,
    0,
    2.818687,
    3.773654,
    0.4603883,
    0.1489187,
    13.83013,
    0,
    0.6355546,
    5.75255,
    6.501195,
    11.29629,
    3.258835,
    0.1309758,
    1.013171,
    5.51827,
    0,
    4.60228,
    3.180542,
    5.284941,
    3.452301,
    0,
    3.08835,
    1.918039,
    3.640372,
    0,
    0,
    1.83761,
    0,
    3.703704,
    3.568465,
    0.0874891,
    1.38695,
    0.3368624,
    0,
    4.881079,
    0,
    0,
    2.4,
    2.330258,
    0,
    0,
    0,
    3,
    0.267614,
    0
  ],
  "years": [
    2014,
    2022,
    2014,
    2022,
    2014,
    2022,
    2014,
    2022,
    2014,
    2022,
    2014,
    2022,
    2014,
    2022,
    2022,
    2014,
    2022,
    2014,
    2022,
    2014,
    2022,
    2014,
    2022,
    2022,
    2014,
    2022,
    2014,
    2022,
    2014,
    2022,
    2014,
    2014,
    2022,
    2014,
    2022,
    2022,
    2022,
    2014,
    2014,
    2022,
    2014,
    2022,
    2022,
    2014,
    2022,
    2014,
    2022,
    2014,
    2022,
    2014,
    2022,
    2022,
    2014,
    2014,
    2022,
    2014,
    2022,
    2014,
    2022,
    2022,
    2014,
    2022,
    2022,
    2014,
    2022,
    2022,
    2014,
    2022,
    2022,
    2014,
    2022,
    2014,
    2022,
    2022,
    2014,
    2022,
    2022,
    2014,
    2022,
    2014,
    2014,
    2022,
    2014,
    2022,
    2014,
    2022,
    2014,
    2014,
    2022,
    2014,
    2022,
    2014,
    2022,
    2014,
    2022,
    2022,
    2014,
    2014,
    2014,
    2022,
    2014,
    2014,
    2014,
    2022,
    2022,
    2014,
    2022,
    2014,
    2014,
    2022,
    2014,
    2022,
    2014,
    2022,
    2014,
    2022,
    2014,
    2022,
    2014,
    2022,
    2022,
    2014,
    2014,
    2022
  ],
  "entities": [
    17,
    18,
    21,
    21,
    22,
    22,
    23,
    23,
    25,
    28,
    30,
    34,
    37,
    37,
    44,
    172,
    172,
    171,
    171,
    170,
    170,
    163,
    163,
    162,
    201,
    201,
    65,
    65,
    156,
    158,
    152,
    6,
    6,
    150,
    1,
    149,
    148,
    145,
    144,
    144,
    137,
    136,
    135,
    134,
    134,
    14,
    14,
    130,
    130,
    131,
    131,
    129,
    208,
    126,
    126,
    124,
    124,
    120,
    120,
    262,
    116,
    116,
    211,
    113,
    113,
    112,
    110,
    110,
    142,
    5,
    5,
    106,
    106,
    105,
    103,
    103,
    357,
    101,
    101,
    140,
    97,
    97,
    96,
    96,
    11,
    93,
    226,
    92,
    92,
    12,
    12,
    91,
    88,
    86,
    86,
    85,
    83,
    81,
    127,
    127,
    9,
    10,
    198,
    198,
    76,
    75,
    75,
    73,
    71,
    71,
    70,
    70,
    67,
    67,
    13,
    13,
    63,
    63,
    62,
    238,
    84,
    61,
    80,
    80
  ]
}