{
  "values": [
    8.583333,
    0.5976096,
    5.485061,
    6.419328,
    0.3443939,
    0.5757752,
    4.091415,
    6.690643,
    0,
    0.6666667,
    0,
    1.548137,
    3.571504,
    0.5531394,
    0,
    0,
    3.831664,
    9.310098,
    0.3600211,
    1.058201,
    16.05263,
    0,
    2.1086,
    2.510761,
    0,
    0.3395586,
    3.729242,
    0.9166666,
    0,
    0.0843882,
    0,
    0.5558248,
    11.32199,
    0,
    0.0439725,
    0.0949255,
    0,
    0,
    0.2,
    0.045485,
    0,
    0,
    3.802535,
    0,
    0.6666667,
    0,
    1.108647,
    0,
    0,
    2.996877,
    2.272727,
    0.1588562,
    2.839601,
    0,
    0.4072964,
    0,
    0,
    1.197063,
    0.4332756,
    0,
    0,
    0,
    0.4906771,
    0.1,
    0.3554843,
    0,
    1.583333,
    0,
    0,
    0.6834911,
    0.8787346,
    6.777646,
    0,
    0,
    0,
    0.1032331,
    0.2535466,
    0.5431614,
    0.0501253,
    5.8,
    3.527873,
    2.250522,
    0,
    0.1385487,
    0,
    4.259095,
    0,
    4.654441,
    3.236026,
    0,
    0.1035462,
    0,
    4.154002,
    0.0462103,
    0.163859,
    7.599787,
    8.231993,
    0,
    0.1956949,
    0,
    2.938502,
    1.661189,
    0.2737392,
    0,
    0,
    1.087134,
    0,
    0,
    0,
    0.1749781,
    0.0605904,
    1.010587,
    5.157097,
    0.781167,
    2.372685,
    1.820474,
    2.8,
    4.800402,
    3.266667,
    0,
    0,
    0,
    0,
    0
  ],
  "years": [
    2014,
    2022,
    2014,
    2022,
    2014,
    2022,
    2014,
    2022,
    2014,
    2022,
    2014,
    2022,
    2014,
    2022,
    2022,
    2014,
    2022,
    2014,
    2022,
    2014,
    2022,
    2014,
    2022,
    2022,
    2014,
    2022,
    2014,
    2022,
    2014,
    2022,
    2014,
    2014,
    2022,
    2014,
    2022,
    2022,
    2022,
    2014,
    2014,
    2022,
    2014,
    2022,
    2022,
    2014,
    2022,
    2014,
    2022,
    2014,
    2022,
    2014,
    2022,
    2022,
    2014,
    2014,
    2022,
    2014,
    2022,
    2014,
    2022,
    2022,
    2014,
    2022,
    2022,
    2014,
    2022,
    2022,
    2014,
    2022,
    2022,
    2014,
    2022,
    2014,
    2022,
    2022,
    2014,
    2022,
    2022,
    2014,
    2022,
    2014,
    2014,
    2022,
    2014,
    2022,
    2014,
    2022,
    2014,
    2014,
    2022,
    2014,
    2022,
    2014,
    2022,
    2014,
    2022,
    2022,
    2014,
    2014,
    2014,
    2022,
    2014,
    2014,
    2014,
    2022,
    2022,
    2014,
    2022,
    2014,
    2014,
    2022,
    2014,
    2022,
    2014,
    2022,
    2014,
    2022,
    2014,
    2022,
    2014,
    2022,
    2022,
    2014,
    2014,
    2022
  ],
  "entities": [
    17,
    18,
    21,
    21,
    22,
    22,
    23,
    23,
    25,
    28,
    30,
    34,
    37,
    37,
    44,
    172,
    172,
    171,
    171,
    170,
    170,
    163,
    163,
    162,
    201,
    201,
    65,
    65,
    156,
    158,
    152,
    6,
    6,
    150,
    1,
    149,
    148,
    145,
    144,
    144,
    137,
    136,
    135,
    134,
    134,
    14,
    14,
    130,
    130,
    131,
    131,
    129,
    208,
    126,
    126,
    124,
    124,
    120,
    120,
    262,
    116,
    116,
    211,
    113,
    113,
    112,
    110,
    110,
    142,
    5,
    5,
    106,
    106,
    105,
    103,
    103,
    357,
    101,
    101,
    140,
    97,
    97,
    96,
    96,
    11,
    93,
    226,
    92,
    92,
    12,
    12,
    91,
    88,
    86,
    86,
    85,
    83,
    81,
    127,
    127,
    9,
    10,
    198,
    198,
    76,
    75,
    75,
    73,
    71,
    71,
    70,
    70,
    67,
    67,
    13,
    13,
    63,
    63,
    62,
    238,
    84,
    61,
    80,
    80
  ]
}