{
  "values": [
    0.408204826,
    0.309008672,
    0.084220026,
    0.014976128,
    0.407683954,
    0.309621179,
    0.082753241,
    0.015309533,
    0.401493884,
    0.302257138,
    0.083493743,
    0.015743003,
    0.405641505,
    0.305299061,
    0.084353843,
    0.015988601,
    0.405020912,
    0.302642917,
    0.085955544,
    0.016422451,
    0.469974661,
    0.36276338,
    0.090238603,
    0.016972678,
    0.462848897,
    0.35413693,
    0.091372867,
    0.0173391,
    0.468084156,
    0.35631018,
    0.094190587,
    0.017583389,
    0.471506528,
    0.361743023,
    0.091792079,
    0.017971426,
    0.453623918,
    0.341206785,
    0.094079449,
    0.018337684,
    0.466165883,
    0.351828171,
    0.096282054,
    0.018055658,
    0.477710669,
    0.361717793,
    0.097439951,
    0.018552924,
    0.488266383,
    0.368273706,
    0.100923604,
    0.019069073,
    0.494411079,
    0.369924784,
    0.105035882,
    0.019450413,
    0.542347003,
    0.40797866,
    0.11424141,
    0.020126933,
    0.564870094,
    0.426479789,
    0.117747763,
    0.020642541,
    0.582771708,
    0.443090004,
    0.118337179,
    0.021344525,
    0.603290854,
    0.457756643,
    0.123396821,
    0.02213739,
    0.618449581,
    0.465167784,
    0.130787168,
    0.022494629,
    0.610025253,
    0.45735753,
    0.12990884,
    0.022758883,
    0.623586026,
    0.463483758,
    0.13681048,
    0.023291787,
    0.628093661,
    0.465247802,
    0.139051681,
    0.023794179,
    0.631414059,
    0.460735843,
    0.146474591,
    0.024203625,
    0.635935715,
    0.45928413,
    0.152156163,
    0.024495422,
    0.625005459,
    0.442668646,
    0.15763991,
    0.024696904,
    0.621574963,
    0.436911272,
    0.159832972,
    0.024830719
  ],
  "years": [
    1990,
    1990,
    1990,
    1990,
    1991,
    1991,
    1991,
    1991,
    1992,
    1992,
    1992,
    1992,
    1993,
    1993,
    1993,
    1993,
    1994,
    1994,
    1994,
    1994,
    1995,
    1995,
    1995,
    1995,
    1996,
    1996,
    1996,
    1996,
    1997,
    1997,
    1997,
    1997,
    1998,
    1998,
    1998,
    1998,
    1999,
    1999,
    1999,
    1999,
    2000,
    2000,
    2000,
    2000,
    2001,
    2001,
    2001,
    2001,
    2002,
    2002,
    2002,
    2002,
    2003,
    2003,
    2003,
    2003,
    2004,
    2004,
    2004,
    2004,
    2005,
    2005,
    2005,
    2005,
    2006,
    2006,
    2006,
    2006,
    2007,
    2007,
    2007,
    2007,
    2008,
    2008,
    2008,
    2008,
    2009,
    2009,
    2009,
    2009,
    2010,
    2010,
    2010,
    2010,
    2011,
    2011,
    2011,
    2011,
    2012,
    2012,
    2012,
    2012,
    2013,
    2013,
    2013,
    2013,
    2014,
    2014,
    2014,
    2014,
    2015,
    2015,
    2015,
    2015
  ],
  "entities": [
    175932,
    175933,
    175934,
    175935,
    175932,
    175933,
    175934,
    175935,
    175932,
    175933,
    175934,
    175935,
    175932,
    175933,
    175934,
    175935,
    175932,
    175933,
    175934,
    175935,
    175932,
    175933,
    175934,
    175935,
    175932,
    175933,
    175934,
    175935,
    175932,
    175933,
    175934,
    175935,
    175932,
    175933,
    175934,
    175935,
    175932,
    175933,
    175934,
    175935,
    175932,
    175933,
    175934,
    175935,
    175932,
    175933,
    175934,
    175935,
    175932,
    175933,
    175934,
    175935,
    175932,
    175933,
    175934,
    175935,
    175932,
    175933,
    175934,
    175935,
    175932,
    175933,
    175934,
    175935,
    175932,
    175933,
    175934,
    175935,
    175932,
    175933,
    175934,
    175935,
    175932,
    175933,
    175934,
    175935,
    175932,
    175933,
    175934,
    175935,
    175932,
    175933,
    175934,
    175935,
    175932,
    175933,
    175934,
    175935,
    175932,
    175933,
    175934,
    175935,
    175932,
    175933,
    175934,
    175935,
    175932,
    175933,
    175934,
    175935,
    175932,
    175933,
    175934,
    175935
  ]
}