{
  "values": [
    93.78612,
    53.25743,
    82.65034,
    59.02764,
    10,
    88.94887,
    92.54958,
    100,
    100,
    41.71169,
    83.27411,
    79.04472,
    58.36623,
    13.60325,
    100,
    95,
    87.55,
    29.14845,
    89.35032,
    89.00755,
    96.39304,
    99.902,
    87.43953,
    92.65285,
    90.09867,
    93.61326,
    59.12189,
    51.81053,
    29.11381,
    100,
    73.56889,
    97.17564,
    100,
    79.61775,
    100,
    100,
    100,
    61.51,
    79.75487,
    100,
    100,
    93.99346,
    100,
    90.27994,
    100,
    100,
    56.27327,
    100,
    91.47556,
    100,
    57.17635,
    100,
    100,
    90.58611,
    100,
    92.46873,
    85.1591,
    83.18349,
    100,
    100,
    100,
    100,
    88.82793,
    95.02706,
    99.01759,
    99.66735,
    94.89843,
    100,
    100,
    100,
    67.53566,
    82.44621,
    100,
    100,
    100,
    100,
    100,
    90.13338,
    64.51578,
    100,
    100,
    91.00684,
    100,
    100,
    83.68059,
    100,
    100,
    92.28472,
    88.16917,
    100,
    100,
    100,
    94.05333,
    66.11993,
    100,
    100,
    100,
    100,
    87.35947,
    87.23092,
    91.60294,
    100,
    100,
    100,
    92.9443,
    5.6312,
    93.66158,
    100,
    100,
    31.94384,
    97.43075,
    100,
    100,
    100,
    86.99246,
    99.19991,
    100,
    79.62334,
    79.38277,
    50.37641,
    100,
    10.34986,
    92.33643,
    64.44994,
    48.38
  ],
  "years": [
    2009,
    2010,
    2010,
    2010,
    2011,
    2011,
    2012,
    2012,
    2012,
    2012,
    2012,
    2013,
    2013,
    2013,
    2013,
    2013,
    2013,
    2013,
    2013,
    2014,
    2014,
    2014,
    2014,
    2014,
    2014,
    2014,
    2014,
    2014,
    2014,
    2014,
    2014,
    2014,
    2014,
    2014,
    2015,
    2015,
    2015,
    2015,
    2015,
    2015,
    2015,
    2015,
    2015,
    2015,
    2015,
    2015,
    2015,
    2015,
    2015,
    2015,
    2015,
    2015,
    2015,
    2015,
    2015,
    2015,
    2015,
    2016,
    2016,
    2016,
    2016,
    2016,
    2016,
    2016,
    2016,
    2016,
    2016,
    2016,
    2016,
    2016,
    2016,
    2016,
    2016,
    2016,
    2016,
    2016,
    2016,
    2016,
    2016,
    2016,
    2016,
    2016,
    2016,
    2016,
    2016,
    2016,
    2016,
    2016,
    2016,
    2016,
    2016,
    2016,
    2016,
    2016,
    2016,
    2016,
    2016,
    2016,
    2016,
    2016,
    2016,
    2016,
    2016,
    2016,
    2016,
    2017,
    2017,
    2017,
    2017,
    2017,
    2017,
    2017,
    2017,
    2017,
    2017,
    2017,
    2017,
    2017,
    2017,
    2017,
    2017,
    2017,
    2017,
    2017,
    2017
  ],
  "entities": [
    215,
    16,
    77,
    72,
    137,
    96,
    45,
    202,
    214,
    90,
    73,
    29,
    160,
    139,
    66,
    224,
    227,
    71,
    238,
    26,
    27,
    30,
    166,
    259,
    146,
    132,
    208,
    116,
    110,
    106,
    217,
    229,
    85,
    234,
    18,
    39,
    44,
    171,
    170,
    161,
    200,
    65,
    3,
    152,
    2,
    8,
    130,
    122,
    211,
    212,
    97,
    12,
    231,
    233,
    83,
    81,
    69,
    20,
    21,
    22,
    23,
    4,
    31,
    35,
    37,
    38,
    172,
    199,
    165,
    164,
    163,
    201,
    156,
    155,
    6,
    149,
    148,
    135,
    134,
    133,
    14,
    126,
    210,
    113,
    112,
    5,
    102,
    100,
    98,
    11,
    95,
    230,
    88,
    86,
    127,
    9,
    10,
    7,
    76,
    75,
    70,
    1,
    13,
    63,
    62,
    369115,
    369116,
    24,
    162,
    369119,
    367066,
    206,
    138,
    207,
    131,
    119,
    213,
    111,
    105,
    226,
    92,
    369217,
    67,
    369114,
    355
  ]
}