viewId,chartType,queryStr,resolvedQueryStr,md5,svgFilename,durationReceiveData,durationTotal,heapUsed,totalDataFileSize
above-ground-biomass-in-forest-per-hectare,WorldMap,,,47158d1f9dd3aacab9b24869cc021a54,above-ground-biomass-in-forest-per-hectare_v20_850x600.svg,4,85,220331344,40299
above-or-below-extreme-poverty-line-world-bank,StackedArea,,,f321de05080bb30a9dde78d7256361af,above-or-below-extreme-poverty-line-world-bank_v41_850x600.svg,10,61,232196304,181731
absolute-change-co2,WorldMap,,,1e9b1e9d4935219772c4337e889274c2,absolute-change-co2_v29_850x600.svg,9,130,232647072,838887
absolute-gains-in-mean-female-height,WorldMap,,,3add57899b57a0e1abc6eeef1bf7ac62,absolute-gains-in-mean-female-height_v13_850x600.svg,6,101,226478352,6921
absolute-number-of-deaths-from-ambient-particulate-air-pollution,LineChart,,,40cc19e70a8932786a0c9a7d5d5f7fa2,absolute-number-of-deaths-from-ambient-particulate-air-pollution_v5_850x600.svg,5,57,228339160,29854
absolute-number-of-deaths-from-household-air-pollution,WorldMap,,,2efccafd84c998eaa52f17b30e2782bd,absolute-number-of-deaths-from-household-air-pollution_v24_850x600.svg,7,116,234858920,259527
absolute-number-of-deaths-from-outdoor-air-pollution,WorldMap,,,d34fe0e7a504eb739efe23d16aaa40e6,absolute-number-of-deaths-from-outdoor-air-pollution_v21_850x600.svg,3,39,236368632,259076
academic-freedom-index,WorldMap,,,5a3fadfeef4773767d0c4642b6f33744,academic-freedom-index_v15_850x600.svg,33,157,239480824,578060
acceptability-of-uk-farming-practices,StackedDiscreteBar,,,04a2c5a3b7fa966d53477615b3e75b25,acceptability-of-uk-farming-practices_v14_850x600.svg,3,34,250424112,998
access-drinking-water-stacked,StackedDiscreteBar,,,845e0080989333fb503d0ae86b11a054,access-drinking-water-stacked_v19_850x600.svg,20,45,234049392,859851
access-to-basic-services,LineChart,,,542ddf4afc67afd9ca0d5d46e54b8f9d,access-to-basic-services_v22_850x600.svg,18,60,219579376,699291
access-to-clean-fuels-and-technologies-for-cooking,WorldMap,,,ae47e473af0b149bd6df99ca889b811a,access-to-clean-fuels-and-technologies-for-cooking_v26_850x600.svg,2,31,245295936,144171
access-to-clean-fuels-for-cooking-vs-gdp-per-capita,ScatterPlot,,,f2fef40d32379082d5b506eda887bf2d,access-to-clean-fuels-for-cooking-vs-gdp-per-capita_v38_850x600.svg,95,241,357172400,2234020
access-to-clean-fuels-for-cooking-vs-per-capita-energy-use,ScatterPlot,,,ba62548517924cb7064b185740943e3f,access-to-clean-fuels-for-cooking-vs-per-capita-energy-use_v41_850x600.svg,79,231,325240976,2360457
access-to-electricity-urban-vs-rural,ScatterPlot,,,bd233189e72a0eab8cc0cbd5a37a298c,access-to-electricity-urban-vs-rural_v29_850x600.svg,17,98,244137856,406136
access-to-electricity-vs-gdp-per-capita,ScatterPlot,,,22df0fbd9ff9f9928a1778363889c060,access-to-electricity-vs-gdp-per-capita_v46_850x600.svg,15,106,239310360,461988
access-to-justice-men-row,WorldMap,,,edc608bc21f97e046a04bd172dfe0e64,access-to-justice-men-row_v65_850x600.svg,5,43,246812080,1660502
access-to-justice-women-row,WorldMap,,,e25c7b2cbeae0d244d360fb7ecd89119,access-to-justice-women-row_v70_850x600.svg,5,40,271455424,1659826
access-to-sexual-health-care-and-education,WorldMap,,,cd0987788c6f296adaa473e6aa0ac9f6,access-to-sexual-health-care-and-education_v23_850x600.svg,1,18,257115040,3522
accessibility-of-statins-in-the-public-health-sector,WorldMap,,,6f028c4fb70b204fae16155cdbb4154a,accessibility-of-statins-in-the-public-health-sector_v12_850x600.svg,2,19,266554848,26526
account-at-financial-institution,WorldMap,,,afb7cb27d76ba952b4f195e0896319a5,account-at-financial-institution_v28_850x600.svg,2,21,282521464,24984
ace-north-atlantic-hurricanes,StackedBar,,,e1022afda0c4dae3de0f5aab4158e480,ace-north-atlantic-hurricanes_v8_850x600.svg,2,67,232943936,5100
acres-burned-per-wildfire-usa,StackedBar,,,d1e0cb2947c2333b37ea23f9d7533f5d,acres-burned-per-wildfire-usa_v5_850x600.svg,1,17,274744792,1055
acres-burned-usa,StackedBar,,,75eb8e7d52f08d0c07514393be1e81e7,acres-burned-usa_v6_850x600.svg,2,17,247587776,1238
active-mobile-money-accounts,StackedArea,,,a569e9c2461d8a3375439e6f1b4a7725,active-mobile-money-accounts_v15_850x600.svg,2,21,295712544,3048
adequacy-of-social-insurance-programs,WorldMap,,,2d0f6d5a9d8018c1727222ff5fe48de6,adequacy-of-social-insurance-programs_v18_850x600.svg,2,53,239298280,16487
adequacy-of-social-safety-net-programs,WorldMap,,,21ff16f0f82b810cd97aaa38258befba,adequacy-of-social-safety-net-programs_v16_850x600.svg,2,18,285864712,15942
adequacy-of-unemployment-benefits,DiscreteBar,,,7397a2a2ea57bbc2bde1a1708676b374,adequacy-of-unemployment-benefits_v15_850x600.svg,2,17,302404792,3780
adjusted-net-saving-current-us-dollars,LineChart,,,e75955a365c762737a7ac052320247cb,adjusted-net-saving-current-us-dollars_v14_850x600.svg,2,33,250428072,145924
adjusted-net-savings-per-person,LineChart,,,b9d85bd13a595fdff1c214dc05c48073,adjusted-net-savings-per-person_v14_850x600.svg,2,30,260221872,128704
adolescent-fertility,WorldMap,,,923bb7cccbfae4c0d35543e8b726c9bb,adolescent-fertility_v24_850x600.svg,2,25,248395496,108545
adolescent-fertility-15-19,WorldMap,,,6c40b68fd43e466a7379c14dbd6675ce,adolescent-fertility-15-19_v29_850x600.svg,2,27,255919368,121654
adoption-of-mobile-money-accounts-vs-adoption-of-mobile-phones,ScatterPlot,,,366c91c77a672f6fb94ac8c915f080d5,adoption-of-mobile-money-accounts-vs-adoption-of-mobile-phones_v18_850x600.svg,3,27,267864808,23225
adoption-of-new-icd-guidelines-who-mortality-database,StackedBar,,,ed076645b5d5f9895825a3040691fec2,adoption-of-new-icd-guidelines-who-mortality-database_v20_850x600.svg,2,26,266648632,4078
adult-obesity-vs-protein,ScatterPlot,,,d0bf43ecd5d1322bf08cb3a6e95c5ff9,adult-obesity-vs-protein_v17_850x600.svg,15,86,269881184,748049
adult-population-covered-in-primary-data-on-the-prevalence-of-major-depression,DiscreteBar,,,5a6a8fa9447fd8c32c9dc5a4515f0a24,adult-population-covered-in-primary-data-on-the-prevalence-of-major-depression_v9_850x600.svg,1,24,266338640,698
adult-population-covered-in-primary-data-on-the-prevalence-of-mental-illnesses,DiscreteBar,,,72ea401e0f2b6101c8b6286e2f999a75,adult-population-covered-in-primary-data-on-the-prevalence-of-mental-illnesses_v11_850x600.svg,1,18,334353888,4137
adults-living-alone,LineChart,,,cada00cb1c27f5016708a2dccdec9f30,adults-living-alone_v7_850x600.svg,1,20,365153744,1715
adults-smoking-2007-2018,ScatterPlot,,,24e91dd28541a0ca3a7b81940c45176b,adults-smoking-2007-2018_v22_850x600.svg,8,43,293583304,100830
advertising-expenditure-and-market-share-of-breakfast-cereals-in-chicago,ScatterPlot,,,eb4fcba2fd54d0ab9b2b6b2302279cf1,advertising-expenditure-and-market-share-of-breakfast-cereals-in-chicago_v16_850x600.svg,1,20,277049888,2377
affected-by-disasters-vs-gdp,ScatterPlot,,,66fbdce34cd9cf377bee2c3c78c58491,affected-by-disasters-vs-gdp_v14_850x600.svg,11,72,273463088,500535
affiliation-researchers-building-artificial-intelligence-systems-all,StackedBar,,,de2bd4bb6926030cab15c02351e8fc2a,affiliation-researchers-building-artificial-intelligence-systems-all_v164_850x600.svg,2,35,276803160,8949
affordability-cigarettes,WorldMap,,,4066773df117909a5442e9650a848291,affordability-cigarettes_v12_850x600.svg,1,20,291327792,31318
african-elephant-carcass-ratio,DiscreteBar,,,1535bf87133e5d0f85e6214c4db0e212,african-elephant-carcass-ratio_v5_850x600.svg,1,13,283911640,373
african-elephants,LineChart,,,771883a38f19cc3ad057f5262ce05e5a,african-elephants_v8_850x600.svg,1,13,251719856,2671
after-the-golden-age-unemployment-and-inflation-in-advanced-economies,LineChart,,,8b7ad9bb926118e23ff7efe31105aa28,after-the-golden-age-unemployment-and-inflation-in-advanced-economies_v8_850x600.svg,2,21,302478368,4081
age-at-marriage-women,LineChart,,,2561ad63ae43405cdb7d0a45eb6a0ed0,age-at-marriage-women_v32_850x600.svg,2,27,266519560,19576
age-dependency-breakdown,StackedArea,,,44b725dba5d442026430e75dcefb95e2,age-dependency-breakdown_v18_850x600.svg,25,44,287199888,1289186
age-dependency-ratio-of-working-age-population,WorldMap,,,c510e6eafa2d2dda0938c1c0105c3f9d,age-dependency-ratio-of-working-age-population_v18_850x600.svg,3,33,299135184,642824
age-dependency-ratio-old,WorldMap,,,675bf6e8732c218f5f489a651a1db671,age-dependency-ratio-old_v22_850x600.svg,4,36,298340824,645919
age-dependency-ratio-projected-to-2100,LineChart,,,59e6620915408cd957e8815a2fffd7d6,age-dependency-ratio-projected-to-2100_v15_850x600.svg,40,79,300273088,1311674
age-dependency-ratio-young-of-working-age-population,WorldMap,,,a92c85dff701550fcfea9ee681eb98bc,age-dependency-ratio-young-of-working-age-population_v20_850x600.svg,3,35,291607048,643267
age-group-with-the-largest-population,WorldMap,,,88ce9bf7eda97add11aadf541312cd90,age-group-with-the-largest-population_v14_850x600.svg,3,26,291128232,589567
age-of-consent-same-sex-different-sex-partners,WorldMap,,,dc35feb9f95fb1ce86f56593970665da,age-of-consent-same-sex-different-sex-partners_v19_850x600.svg,2,22,311200224,260964
age-of-consent-same-sex-partners-equaldex,WorldMap,,,4de9d9da2a4f17d0faf8cc1903755a3a,age-of-consent-same-sex-partners-equaldex_v22_850x600.svg,2,19,308467336,219612
age-of-democracy-polity,WorldMap,,,b5b73c3bf82d5d24d4fa1f1dc2fe9044,age-of-democracy-polity_v56_850x600.svg,3,60,328237496,651384
age-of-electoral-democracy,WorldMap,,,5f091d262c4e6f9b8caa0e22ce75c52e,age-of-electoral-democracy_v53_850x600.svg,7,49,317866824,1270651
age-of-electoral-democracy-lexical,WorldMap,,,c157878c8c59b599df030cac2cb6e11f,age-of-electoral-democracy-lexical_v56_850x600.svg,7,50,319530960,1687711
age-of-full-democracy,WorldMap,,,3261b703f2ef4b32104b0cca5e3fe199,age-of-full-democracy_v60_850x600.svg,4,43,342059232,1734696
age-of-liberal-democracy-row,WorldMap,,,10eb9dc3e85851c8e1d97373d4de209e,age-of-liberal-democracy-row_v50_850x600.svg,6,42,301141872,1324156
age-of-mothers-at-childbirth-by-year,LineChart,,,61f7e646f852a9b76ebafc85b678c179,age-of-mothers-at-childbirth-by-year_v16_850x600.svg,69,108,228520952,2531639
age-standardized-death-rate-by-cause,StackedArea,,,1e83b4427354a2710eca7de6f2070c47,age-standardized-death-rate-by-cause_v24_850x600.svg,17,35,326762312,975503
age-standardized-deaths-from-all-causes,WorldMap,,,28808abb972b24ecb77588400379efab,age-standardized-deaths-from-all-causes_v29_850x600.svg,3,26,293256848,325786
age-when-first-had-anxiety-depression,StackedDiscreteBar,,,b33f1598a7a283aaade7812cbf598a28,age-when-first-had-anxiety-depression_v22_850x600.svg,3,17,273002640,1751
agri-environmental-policies-intensity,WorldMap,,,f4b73fff0f9c04a925460f681f52131e,agri-environmental-policies-intensity_v2_850x600.svg,2,18,298137752,6087
agricultural-area-per-capita,LineChart,,,6a8f0651efd05f398db8d1a43f682527,agricultural-area-per-capita_v11_850x600.svg,4,35,295730520,477546
agricultural-export-subsidies,LineChart,,,59c7093414281dc0628854de28aecfe5,agricultural-export-subsidies_v17_850x600.svg,1,12,281114544,30979
agricultural-land,WorldMap,,,a6b20cdef1920488d49f217bc9a1aad3,agricultural-land_v11_850x600.svg,6,29,311758432,527513
agricultural-land-area-by-farm-size,StackedDiscreteBar,,,4c258504af99d2b9b90e8a5653312f78,agricultural-land-area-by-farm-size_v8_850x600.svg,4,21,197181888,20936
agricultural-land-irrigation,WorldMap,,,f7cecaae72d090f74578f12e837af9d4,agricultural-land-irrigation_v20_850x600.svg,1,21,293059504,40936
agricultural-output-dollars,LineChart,,,cbf30bf9855476c51690cdfbd0c376e0,agricultural-output-dollars_v6_850x600.svg,5,23,340453712,362692
agricultural-water-as-a-share-of-total-water-withdrawals,WorldMap,,,4344c8f27e66eea643d067c860e7bb2b,agricultural-water-as-a-share-of-total-water-withdrawals_v18_850x600.svg,2,29,316158912,194787
agricultural-water-withdrawals,WorldMap,,,5e13824474376a16609dac847159fc7b,agricultural-water-withdrawals_v7_850x600.svg,2,28,217005136,229498
agricultural-water-withdrawals-vs-gdp-per-capita,ScatterPlot,,,fdc24e75d063d55e4fb5d451bd194684,agricultural-water-withdrawals-vs-gdp-per-capita_v30_850x600.svg,10,81,292784712,452258
agriculture-more-less-land,WorldMap,,,83273cdacbad299e542b1585fbda53e1,agriculture-more-less-land_v14_850x600.svg,4,26,329308952,453051
agriculture-orientation-index,WorldMap,,,f13c15ca005e7be82f8cd720af91fb94,agriculture-orientation-index_v19_850x600.svg,3,26,309881240,135043
agriculture-share-gdp,WorldMap,,,7499692767ba5f9b2ac55cc1ed80bf44,agriculture-share-gdp_v14_850x600.svg,3,43,252752688,324146
agriculture-value-added-per-worker-vs-gdp-per-capita,ScatterPlot,,,2ccc48fcaf58e23d1f82ffae8a7d4c4c,agriculture-value-added-per-worker-vs-gdp-per-capita_v31_850x600.svg,89,221,376397648,2290378
agriculture-value-added-per-worker-wdi,WorldMap,,,dcb69b00ab8d5cb9b83cbc48d39d0185,agriculture-value-added-per-worker-wdi_v17_850x600.svg,3,30,236030704,200529
agriculture-vs-non-agriculture-share-in-informal-employment,ScatterPlot,,,c36494568c2d68abf3552f11f028591b,agriculture-vs-non-agriculture-share-in-informal-employment_v18_850x600.svg,7,59,204979992,81897
ai-frontiermath-over-time,ScatterPlot,,,3aeed62b40e0cd0e2f19c322a9cbef26,ai-frontiermath-over-time_v19_850x600.svg,2,26,308757712,3703
air-conditioners-projections,StackedArea,,,4dacdc5433356d978e6027494f19c597,air-conditioners-projections_v4_850x600.svg,1,15,262340288,20835
air-passenger-kilometers,WorldMap,,,08aea21e067e910911667746d17676ed,air-passenger-kilometers_v8_850x600.svg,2,24,245185784,45308
air-passengers-carried,WorldMap,,,b7f3180a7f222e202ffa5d915d04c785,air-passengers-carried_v24_850x600.svg,11,68,205608496,279171
air-passengers-per-fatality,LineChart,,,dd86036c4a8f8d49f63e4e07c9a022b0,air-passengers-per-fatality_v12_850x600.svg,2,14,220474136,1833
air-pollutant-emissions,LineChart,,,c575a8a2880a6623e7b2cacc1a483ea2,air-pollutant-emissions_v4_850x600.svg,2,22,303009688,6634
air-pollution-deaths-by-age,StackedArea,,,96c3e557cea38b55b1d064eb805f5efe,air-pollution-deaths-by-age_v17_850x600.svg,23,35,233395816,1300731
air-pollution-deaths-country,WorldMap,,,01dbc4d083085ced30bb264cb03d9479,air-pollution-deaths-country_v17_850x600.svg,3,22,234529240,258837
air-pollution-london-vs-delhi,LineChart,,,4463fc3fe13c574513ff39c6517b6c56,air-pollution-london-vs-delhi_v9_850x600.svg,2,25,317169648,11595
air-pollution-vs-gdp-per-capita,ScatterPlot,,,48b9fe153f376323c7008f6f1957e597,air-pollution-vs-gdp-per-capita_v23_850x600.svg,78,182,311747528,1852033
air-transport-freight-ton-km,WorldMap,,,68d7d7ce4461f8b0f97528c77f1355d2,air-transport-freight-ton-km_v21_850x600.svg,2,24,248349448,245991
air-trips-per-capita,WorldMap,,,515437744d59759135758641550112fc,air-trips-per-capita_v6_850x600.svg,1,17,241903744,11472
airline-capacity-and-traffic,LineChart,,,2de126d3437dce85233c1c195c8a6ddb,airline-capacity-and-traffic_v13_850x600.svg,2,20,327827160,6482
airline-passenger-load-factor,StackedArea,,,e40e65d455d315076ba1c8f1e28dd147,airline-passenger-load-factor_v10_850x600.svg,2,11,212395480,4563
airliner-hijackings-and-fatalities-from-them,StackedBar,,,fd3712f7a3dea8110ee534e050cf1eef,airliner-hijackings-and-fatalities-from-them_v22_850x600.svg,2,48,229225360,4328
alcohol-attributable-fraction-of-mortality,WorldMap,,,6a5c5df01c40d6d6db64eb2e08c7d5a5,alcohol-attributable-fraction-of-mortality_v14_850x600.svg,1,15,249947704,6025
alcohol-by-type-1890,StackedArea,,,253aa86aac665da61939aa03ad16d532,alcohol-by-type-1890_v6_850x600.svg,2,11,219230104,5239
alcohol-consumption-by-15-19-year-old-males-vs-females,ScatterPlot,,,ea4d10a865cc3fad0c88d185693bd060,alcohol-consumption-by-15-19-year-old-males-vs-females_v23_850x600.svg,42,166,348150048,1852191
alcohol-consumption-in-15-19-year-olds,WorldMap,,,1e092da2dd8efcc92d29a93c57472b4d,alcohol-consumption-in-15-19-year-olds_v14_850x600.svg,2,13,226997288,5274
alcohol-consumption-per-capita-men-women,ScatterPlot,,,f908995235c9e1c1671cb98c0708809a,alcohol-consumption-per-capita-men-women_v11_850x600.svg,71,230,293638608,2529273
alcohol-consumption-per-person-us,StackedArea,,,fd4250153c243e7f162862ec93d349af,alcohol-consumption-per-person-us_v9_850x600.svg,2,12,234726704,8016
alcohol-consumption-vs-gdp-per-capita,ScatterPlot,,,51f57bfcf8d6bd6c1aab0d2b4d4e2fc4,alcohol-consumption-vs-gdp-per-capita_v35_850x600.svg,11,64,226579704,378238
alcohol-disorders-dalys-age-standardized-rate,WorldMap,,,2cf9d704dbe90dc105cdbbd4c0a7a863,alcohol-disorders-dalys-age-standardized-rate_v21_850x600.svg,1,20,243666816,252496
alcohol-drug-use-disorders-share-total-disease,WorldMap,,,1d75db2fb65a4fd5d85ee2ee2adefb18,alcohol-drug-use-disorders-share-total-disease_v28_850x600.svg,3,27,258445720,263421
alcohol-expenditure,StackedArea,,,d807bd1c31a43ce9e944e7d659691e4d,alcohol-expenditure_v7_850x600.svg,2,18,385967176,16623
alcohol-expenditure-as-share-of-total,WorldMap,,,732c43e9d45231c3d729bccae75d1cc2,alcohol-expenditure-as-share-of-total_v15_850x600.svg,2,18,267946736,13697
alcohol-or-drug-use-disorders-male-vs-female,ScatterPlot,,,cfd6b22215f4db4c501b4f392c014100,alcohol-or-drug-use-disorders-male-vs-female_v29_850x600.svg,91,214,302183296,2363888
alcohol-related-crimes-of-all-crimes,DiscreteBar,,,540c2f5fab6bb9269320ba9f58ddd123,alcohol-related-crimes-of-all-crimes_v17_850x600.svg,2,20,393321648,6460
almond-yields,WorldMap,,,16c2659d7d6c7d383cf789d0b273e222,almond-yields_v11_850x600.svg,3,18,277755584,137592
alzheimers-parkinsons-prevalence,DiscreteBar,,,55bf6e4a9a852b0c87d8eb546827495a,alzheimers-parkinsons-prevalence_v11_850x600.svg,11,23,194014352,538199
americans-worry-work-being-automated,StackedBar,,,30d06f0e8c17d77537bca8c5c5edb958,americans-worry-work-being-automated_v32_850x600.svg,3,14,248202272,12454
amount-of-foreign-aid-spend-in-recipient-countries,LineChart,,,02f3741641140bd99a2c2b8232c8d7d5,amount-of-foreign-aid-spend-in-recipient-countries_v13_850x600.svg,2,32,248347080,53395
anemia-pregnant-women-vs-children,ScatterPlot,,,f6742e3a7e4420af96bb72f15de34031,anemia-pregnant-women-vs-children_v28_850x600.svg,5,37,222765208,267863
anemia-risk-groups,DiscreteBar,,,dcd532ae6004b5ebc201757de7b284d9,anemia-risk-groups_v8_850x600.svg,9,31,271254008,400035
animal-lives-lost-direct,DiscreteBar,,,de717baca273260a969db3060ac4ed31,animal-lives-lost-direct_v9_850x600.svg,2,10,353942072,481
animal-lives-lost-total,DiscreteBar,,,c4e8f1f234882725771932f51f59cf64,animal-lives-lost-total_v6_850x600.svg,2,11,254607408,485
animal-protein-consumption,StackedDiscreteBar,,,9c21ef77a94e811c220f72f4f6b189b6,animal-protein-consumption_v16_850x600.svg,64,94,223552840,3482263
animal-protein-vs-gdp,ScatterPlot,,,20f78808721866f3d3ec951cc54d6874,animal-protein-vs-gdp_v39_850x600.svg,9,71,280139400,694147
animals-slaughtered-for-meat,LineChart,,,46f3e5062b4dd73ea47b8c3d0384847e,animals-slaughtered-for-meat_v21_850x600.svg,59,92,281580240,2630603
annual-afforestation,WorldMap,,,af87bc973e43622c8611fe2d24810995,annual-afforestation_v9_850x600.svg,2,15,231828792,18303
annual-area-burnt-by-wildfires,StackedBar,,,b233cb645e7a350911a5b10139b79897,annual-area-burnt-by-wildfires_v27_850x600.svg,1,26,247550512,112504
annual-area-burnt-by-wildfires-gwis,LineChart,,,3725635e318d8b028125ea91941a8ec3,annual-area-burnt-by-wildfires-gwis_v15_850x600.svg,2,33,314529400,172206
annual-area-burnt-per-wildfire,WorldMap,,,a42e6b8711cd12c501c7c37786e459ef,annual-area-burnt-per-wildfire_v34_850x600.svg,2,22,208781856,91204
annual-area-burnt-per-wildfire-vs-number-of-fires,ScatterPlot,,,7cf847f108af94b62df995c013ebe9e2,annual-area-burnt-per-wildfire-vs-number-of-fires_v22_850x600.svg,5,29,307793328,206339
annual-broad-money-growth,WorldMap,,,e1897663d33b6f2381e399f46beab098,annual-broad-money-growth_v11_850x600.svg,2,18,219981856,109584
annual-burned-area-by-landcover,StackedArea,,,876eac6e5e9321ca53e898e02b6e3b4c,annual-burned-area-by-landcover_v18_850x600.svg,10,64,292689576,828913
annual-carbon-dioxide-emissions,StackedBar,,,57a8500bd2eaf41a8f631d689fd93fa3,annual-carbon-dioxide-emissions_v29_850x600.svg,2,27,244067824,195392
annual-change-foreign-born-us,StackedBar,,,e1beb24953aa2788fa0821035ca529c4,annual-change-foreign-born-us_v4_850x600.svg,1,62,214383680,5562
annual-change-forest-area,WorldMap,,,a727582e945f18d7988abab90b01686a,annual-change-forest-area_v15_850x600.svg,3,24,298229584,272062
annual-change-in-average-female-height,LineChart,,,1998aa198b4075657043365b231789fd,annual-change-in-average-female-height_v9_850x600.svg,4,19,280385184,657833
annual-change-in-average-male-height,LineChart,,,443a3068c434dd16807482eac4c5dd02,annual-change-in-average-male-height_v9_850x600.svg,4,24,314519384,656742
annual-change-primary-energy-source,DiscreteBar,,,d0e29e6452fd62b3cbc1a7c6a7cae3de,annual-change-primary-energy-source_v24_850x600.svg,23,35,279871688,1548709
annual-co-emissions-by-region,StackedArea,,,ec5a9cfeec3ef855aaad4e7330bda398,annual-co-emissions-by-region_v54_850x600.svg,6,40,288502544,940158
annual-co-emissions-from-aviation,WorldMap,,,bf4f5dcad253a790f4ac6b148fc5cde5,annual-co-emissions-from-aviation_v12_850x600.svg,1,14,290608296,52943
annual-co2-cement,WorldMap,,,073da1bd4eb3881970e4909b3da1b55b,annual-co2-cement_v29_850x600.svg,4,32,314668928,826441
annual-co2-coal,WorldMap,,,0f86d397fd79508db7ed728a10f6c51e,annual-co2-coal_v31_850x600.svg,3,30,334472072,682637
annual-co2-emissions-per-country,LineChart,,,1f2c22197d8f89b78d7221286a380b7c,annual-co2-emissions-per-country_v56_850x600.svg,3,29,313009848,940158
annual-co2-flaring,WorldMap,,,9799ea0ad93f15415a03ae6c167a6a72,annual-co2-flaring_v27_850x600.svg,3,25,232097520,453237
annual-co2-gas,WorldMap,,,0e572e578bb9aca28164ccda1640643a,annual-co2-gas_v26_850x600.svg,3,24,244082856,526339
annual-co2-including-land-use,WorldMap,,,96434d82656ed02a6c6405422fee1aa5,annual-co2-including-land-use_v19_850x600.svg,5,37,312242104,786108
annual-co2-oil,WorldMap,,,f63270ddfc264cefdb50c6c83a70e484,annual-co2-oil_v32_850x600.svg,3,30,337661936,785430
annual-co2-other-industry,WorldMap,,,188144490fa800e16fd886fbeb3890af,annual-co2-other-industry_v38_850x600.svg,1,14,323921440,100865
annual-condoms-distributed-and-sold-per-1000-people,WorldMap,,,6b7a5eab04a9094439770b12a2bf5271,annual-condoms-distributed-and-sold-per-1000-people_v9_850x600.svg,1,15,344423352,15501
annual-death-rate-by-age-group,DiscreteBar,,,648444493fe29cff75564e0e75837a54,annual-death-rate-by-age-group_v15_850x600.svg,34,53,224791864,2488296
annual-death-rates-in-different-age-groups,LineChart,,,e3140aa176181612d6ef7ac17ae5ad8a,annual-death-rates-in-different-age-groups_v17_850x600.svg,53,108,252825432,4058711
annual-death-rates-in-different-age-groups-by-sex,DiscreteBar,,,004b3504a146fc580d8e16ef505d7cb8,annual-death-rates-in-different-age-groups-by-sex_v27_850x600.svg,182,202,376778400,9381200
annual-death-rates-in-different-age-groups-females,LineChart,,,7efe8423379b31fe05680dc033762447,annual-death-rates-in-different-age-groups-females_v24_850x600.svg,77,110,373543048,4024623
annual-death-rates-in-different-age-groups-males,LineChart,,,dae6eb1a99a6abcc223da7c6ab59c204,annual-death-rates-in-different-age-groups-males_v25_850x600.svg,75,109,333889680,4032072
annual-deaths-by-age,DiscreteBar,,,47727b699e209445f8680287e010eda0,annual-deaths-by-age_v33_850x600.svg,184,218,359639328,11152583
annual-deaths-by-age-england-and-wales,StackedArea,,,f2e474354b0812fda80d6826f5ee1c96,annual-deaths-by-age-england-and-wales_v10_850x600.svg,1,15,233402984,6301
annual-deaths-from-outdoor-air-pollution-by-region,StackedArea,,,2de9ee92144fab184cb1002c0ec9f1b9,annual-deaths-from-outdoor-air-pollution-by-region_v20_850x600.svg,2,13,242961704,259076
annual-deforestation,WorldMap,,,06243b69801625bc542481c10ffdf3f9,annual-deforestation_v10_850x600.svg,2,20,251993512,20132
annual-fish-catch-taxa,LineChart,,,a49c7e93a2f9f31c08a771f2c7721a8d,annual-fish-catch-taxa_v6_850x600.svg,2,19,263944384,25036
annual-forest-expansion,WorldMap,,,3e7ee2deef358743a432e9edd53955d9,annual-forest-expansion_v8_850x600.svg,1,19,262507048,18896
annual-freshwater-withdrawals,WorldMap,,,73fe7e8b3a8b1319dd2831d51a1076c9,annual-freshwater-withdrawals_v19_850x600.svg,3,28,246975728,199887
annual-gdp-growth,WorldMap,,,fdff351cb7592e43f8280fa6f3e491a8,annual-gdp-growth_v19_850x600.svg,2,17,349752672,161110
annual-growth-income-consumption-poorest-vs-total-population,ScatterPlot,,,06173b7832336a596ca4626cd8a8e918,annual-growth-income-consumption-poorest-vs-total-population_v19_850x600.svg,45,160,306770232,1848705
annual-growth-of-exports-of-goods-and-services,WorldMap,,,7336fbd6717ca0cab9c88df54b35f11f,annual-growth-of-exports-of-goods-and-services_v12_850x600.svg,1,15,344660904,125959
annual-growth-of-imports-of-goods-and-services,WorldMap,,,836ba34ef86f9e73fd0980ffc5d7521b,annual-growth-of-imports-of-goods-and-services_v11_850x600.svg,1,19,364145208,126297
annual-growth-of-the-gross-capital-formation,WorldMap,,,a7d480b5946e50fe91f0af4df6ae363a,annual-growth-of-the-gross-capital-formation_v11_850x600.svg,2,16,355559552,118397
annual-growth-rate-of-urban-population-share,WorldMap,,,554d8729dc1ad7db5c30d6327a4271c0,annual-growth-rate-of-urban-population-share_v13_850x600.svg,18,105,276527496,850106
annual-healthcare-expenditure-per-capita,WorldMap,,,ffe16033466b7a22f91b4c91174467a9,annual-healthcare-expenditure-per-capita_v34_850x600.svg,2,23,380785992,162385
annual-hours-of-free-time-per-worker-and-income,ScatterPlot,,,0c0117913c8f9dd512de65b5d9b118cb,annual-hours-of-free-time-per-worker-and-income_v23_850x600.svg,2,22,334262144,11376
annual-hours-of-free-time-per-worker-and-income-finn,ScatterPlot,,,ddc29b3a16dd88f7c4372c52063e7b6a,annual-hours-of-free-time-per-worker-and-income-finn_v10_850x600.svg,1,15,392047448,11376
annual-hours-of-work-and-income-18702016,ScatterPlot,,,0bbd2455a1c1f21fcfc84c866bd32089,annual-hours-of-work-and-income-18702016_v22_850x600.svg,2,16,343367024,5320
annual-industrial-robots-installed,LineChart,,,e1bb445a255f0f5b90cb9708230282f8,annual-industrial-robots-installed_v25_850x600.svg,1,15,361242824,2512
annual-mortality-rate-from-seasonal-influenza-ages-65,WorldMap,,,53d9f3715a5e737623b3a42782661803,annual-mortality-rate-from-seasonal-influenza-ages-65_v42_850x600.svg,1,16,352469752,5944
annual-number-of-births-by-world-region,StackedArea,,,29804253ee2fc5192d23d24c02befee2,annual-number-of-births-by-world-region_v21_850x600.svg,6,22,390976312,575365
annual-number-of-deaths-by-cause,DiscreteBar,,,fd11e75233829949226ba38a0b1d2cee,annual-number-of-deaths-by-cause_v64_850x600.svg,179,201,457465104,10224323
annual-number-of-deaths-by-world-region,StackedArea,,,90275a93f3ba01016ab95fa761d5a31d,annual-number-of-deaths-by-world-region_v27_850x600.svg,4,22,367206224,561297
annual-number-of-dhs-surveys-by-type,StackedBar,,,3406b3d01667ded10c909e7cd8d01915,annual-number-of-dhs-surveys-by-type_v15_850x600.svg,2,15,402855960,6440
annual-number-of-fires,WorldMap,,,a6dcc2602aa7d3cdd1a69a372db458f6,annual-number-of-fires_v24_850x600.svg,2,18,371417016,105837
annual-number-of-people-receiving-antiretroviral-therapy-through-pepfar,LineChart,,,af8ef267b4e171c070ae6078d182f0a4,annual-number-of-people-receiving-antiretroviral-therapy-through-pepfar_v13_850x600.svg,1,10,373620560,701
annual-patent-applications,WorldMap,,,9e40b8603752ec716d8e634657c0daa8,annual-patent-applications_v11_850x600.svg,1,21,290689520,118721
annual-patents-invention-united-states-1790,LineChart,,,4249e56a940f3555a42a99e611f9d33e,annual-patents-invention-united-states-1790_v15_850x600.svg,1,14,413498352,6623
annual-per-capita-consumption-books,LineChart,,,9f5e5d1f7fd51a00dfab10887ec7c829,annual-per-capita-consumption-books_v9_850x600.svg,2,16,381845400,2921
annual-pm25-emissions-from-wildfires,StackedBar,,,29d2d292bc711aa4f881d1d3a5cf3f15,annual-pm25-emissions-from-wildfires_v26_850x600.svg,3,31,357328768,190506
annual-population-growth,LineChart,,,ef74db96b51b4c0391863e1519adea6c,annual-population-growth_v38_850x600.svg,30,55,415140992,1151004
annual-primary-energy-fossil-vs-low-carbon,DiscreteBar,,,77a6fff3f836de14d81599ce1b31e026,annual-primary-energy-fossil-vs-low-carbon_v25_850x600.svg,15,30,257597336,855002
annual-professional-service-robots-installed-by-area,SlopeChart,,,d97fbf7c1fbf4dd3f496d1c3c1545b98,annual-professional-service-robots-installed-by-area_v21_850x600.svg,1,15,390742672,709
annual-rate-of-change-in-urban-populations,WorldMap,,,28cb4bc5b2f9a311c5ca0377381ea1c4,annual-rate-of-change-in-urban-populations_v18_850x600.svg,4,41,335184936,220298
annual-reported-passenger-kilometers,StackedArea,,,f548cdbfb5a70ea6e1d92ac3a0f5dad5,annual-reported-passenger-kilometers_v22_850x600.svg,3,14,400082416,145658
annual-research-and-development-funding-for-technologies-infectious-diseases,LineChart,,,3081fd0314231c135241b0772b00d7f9,annual-research-and-development-funding-for-technologies-infectious-diseases_v10_850x600.svg,1,35,386116120,7214
annual-research-development-funding-for-neglected-tropical-diseases,DiscreteBar,,,2f1aaf6bff0e095659aeb81d5e68fe2d,annual-research-development-funding-for-neglected-tropical-diseases_v16_850x600.svg,1,17,272097544,11615
annual-scholarly-publications-on-artificial-intelligence,WorldMap,,,8304add481d939947f3277576876708d,annual-scholarly-publications-on-artificial-intelligence_v29_850x600.svg,2,18,409639096,44125
annual-share-of-co2-emissions,LineChart,,,851b8726ca002ee4b17c4d8cf2cd4b7b,annual-share-of-co2-emissions_v49_850x600.svg,3,32,354061096,957658
annual-space-visits,StackedBar,,,aa00fe22f565fa1c3f4fb7bc956daac2,annual-space-visits_v41_850x600.svg,1,23,286090688,61436
annual-temperature-anomalies,WorldMap,,,cd94e3823f4d7987ba4e5089d0ae8fce,annual-temperature-anomalies_v24_850x600.svg,2,38,379988992,649592
annual-working-hours-per-person-employed,LineChart,,,721d1de3031ec3dd739b06af79a7f86c,annual-working-hours-per-person-employed_v4_850x600.svg,1,30,433398528,51119
annual-working-hours-per-worker,LineChart,,,3a84484e4792544e8cd4752e717c1541,annual-working-hours-per-worker_v100_850x600.svg,4,36,380213144,166740
annual-working-hours-per-worker-vs-gdp-per-capita-long-run,ScatterPlot,,,1de87827bf19986541bd553cffe8c280,annual-working-hours-per-worker-vs-gdp-per-capita-long-run_v24_850x600.svg,80,466,458001136,2652042
annual-working-hours-vs-gdp-per-capita-pwt,ScatterPlot,,,42afc5a19169b6c29123222f6a88f1df,annual-working-hours-vs-gdp-per-capita-pwt_v69_850x600.svg,63,187,371038640,2358007
annualized-average-growth-rate-in-per-capita-real-survey-mean-consumption-or-income-bottom-40-of-population,WorldMap,,,dadc74ebb0662dd71d006894adbe4783,annualized-average-growth-rate-in-per-capita-real-survey-mean-consumption-or-income-bottom-40-of-population_v38_850x600.svg,1,18,444315760,3547
anorexia-bulimia-nervosa-estimated-cases,DiscreteBar,,,7217e1367ae61ffd40006334fb556161,anorexia-bulimia-nervosa-estimated-cases_v29_850x600.svg,8,20,395700408,517825
antarctic-ozone-hole-area,LineChart,,,af37016d64b417ab4b136cdf85cd3726,antarctic-ozone-hole-area_v18_850x600.svg,2,14,452188408,3139
antarctica-sea-ice-extent,LineChart,,,5732459e7f04ab77ae3b8711d568c10d,antarctica-sea-ice-extent_v20_850x600.svg,1,12,388201936,3002
anthromes,StackedArea,,,399451056e450515e71df0a092d083a8,anthromes_v9_850x600.svg,3,62,399895216,91961
antibiotic-consumption-rate,WorldMap,,,2c62f308eba0eed9d9dcd2b708f35503,antibiotic-consumption-rate_v10_850x600.svg,1,17,398216296,13751
antibiotic-usage-by-surveillance-category-stacked,StackedDiscreteBar,,,7815716a477c5d2b1872672128fb4f9a,antibiotic-usage-by-surveillance-category-stacked_v15_850x600.svg,2,15,397818288,55481
antibiotic-usage-in-children,WorldMap,,,f4cecd27ca2a3dc0e53fa341e0cdaac0,antibiotic-usage-in-children_v12_850x600.svg,1,18,408340560,71862
antibiotic-usage-in-livestock,WorldMap,,,80e1da8cf143e1a7e22930fe97065ea3,antibiotic-usage-in-livestock_v12_850x600.svg,1,17,406640272,6421
antibiotic-use-in-livestock-in-europe,WorldMap,,,fa8307efe9070ebe687442f1c92be549,antibiotic-use-in-livestock-in-europe_v11_850x600.svg,1,52,448031080,12269
antibiotic-use-intensity-in-livestock-by-region,DiscreteBar,,,3d73ac52785b60692fe392c1ac844ca2,antibiotic-use-intensity-in-livestock-by-region_v5_850x600.svg,1,12,417437232,2724
antibiotic-use-livestock-marimekko,Marimekko,,,823f7187cd37e9e9be42353827ec9072,antibiotic-use-livestock-marimekko_v10_850x600.svg,1,22,379223120,15719
antibiotic-use-livestock-per-kg,LineChart,,,596eb90abf94f5233046b34e3c45f76d,antibiotic-use-livestock-per-kg_v7_850x600.svg,2,15,407149944,1364
antibiotic-use-livestock-tonnes,WorldMap,,,17d42e183e3f87c91fbccc2a2a1fe1a2,antibiotic-use-livestock-tonnes_v7_850x600.svg,1,18,425102584,6458
antidepressants-per-capita,WorldMap,,,0a1db81baa96d2d3bff8cfe1be4a0af2,antidepressants-per-capita_v5_850x600.svg,1,17,416432776,9388
antidepressants-per-capita-vs-gdp,ScatterPlot,,,4ff1763a0d3cb09b7f6499cdcae47ed4,antidepressants-per-capita-vs-gdp_v17_850x600.svg,6,41,409485224,266859
antiretroviral-therapy-coverage-among-people-living-with-hiv,WorldMap,,,59d551c9882e5c0f6dfccd404248a9a5,antiretroviral-therapy-coverage-among-people-living-with-hiv_v25_850x600.svg,2,17,438070272,96816
anxiety-disorders-prevalence,WorldMap,,,0f5efec86bc3ac57c4ad9e39be2b3fe0,anxiety-disorders-prevalence_v37_850x600.svg,1,19,431326216,258597
anxiety-disorders-prevalence-by-age,DiscreteBar,,,5ec207d71bf8d6c24cf20743d1c55099,anxiety-disorders-prevalence-by-age_v39_850x600.svg,52,64,470831992,3359931
anxiety-disorders-prevalence-males-vs-females,ScatterPlot,,,1dce643247586be79915c7e0c511ca1a,anxiety-disorders-prevalence-males-vs-females_v44_850x600.svg,54,160,468654952,2359406
anxiety-disorders-prevalence-vs-gdp,ScatterPlot,,,d7bf7f62b47c1fe4ac120040e8dae525,anxiety-disorders-prevalence-vs-gdp_v52_850x600.svg,63,203,506710072,2341614
anxiety-disorders-treatment-gap,StackedDiscreteBar,,,082938c25ce11d633ae31bad1acbbc3a,anxiety-disorders-treatment-gap_v30_850x600.svg,1,11,416522608,2374
apple-production,WorldMap,,,5b46469c36bc9a960d4292c651fae7c1,apple-production_v10_850x600.svg,1,15,389827504,240065
aquaculture-farmed-fish-production,LineChart,,,7e582755c659eced889c34c82a6ecf04,aquaculture-farmed-fish-production_v23_850x600.svg,3,30,412360096,386255
arable-land-pin,LineChart,,,ab50073355103ac4c8bcaa1b4b3020c8,arable-land-pin_v13_850x600.svg,2,24,383877640,420631
arable-land-use-per-person,LineChart,,,3d80cee69a246fcb8c14c941a31ac501,arable-land-use-per-person_v19_850x600.svg,6,37,495111096,438634
arctic-sea-ice,LineChart,,,2f4c714a6e194dcb234e681a14a6911c,arctic-sea-ice_v20_850x600.svg,1,12,392157056,3292
arctic-sea-ice-coverage-19352014,LineChart,,,29994e83dbd58dffb434a980e389d185,arctic-sea-ice-coverage-19352014_v8_850x600.svg,1,9,420439328,2297
area-burned-wildfires-by-type,StackedBar,,,dd95fd0ebf8647c7f6261d5aff6d212d,area-burned-wildfires-by-type_v11_850x600.svg,8,39,364813664,669570
area-land-needed-to-global-oil,DiscreteBar,,,43b309b87d4d27f738777bafba7315e4,area-land-needed-to-global-oil_v16_850x600.svg,19,39,403461720,1087085
area-meadows-and-pastures,WorldMap,,,1090b993dcecc51e0c524a5bb84cac8d,area-meadows-and-pastures_v10_850x600.svg,3,33,477200752,433909
area-of-permanent-meadows-and-pastures,LineChart,,,cd739cd563505ea1ed80f9f47379caac,area-of-permanent-meadows-and-pastures_v4_850x600.svg,3,26,383097912,488617
area-per-tonne-oil,LineChart,,,80da123accc0b7f20d3de5df4f2f0dd3,area-per-tonne-oil_v19_850x600.svg,20,35,436240064,1071075
armed-forces-personnel,WorldMap,,,0a97ae5dff66a5a2cf23597a8f680d38,armed-forces-personnel_v42_850x600.svg,5,27,504615808,182052
armed-forces-personnel-of-total-labor-force,WorldMap,,,65e322af4ab77f5bbe37ea6a621952fc,armed-forces-personnel-of-total-labor-force_v34_850x600.svg,4,29,408252768,192431
armed-forces-personnel-percent,WorldMap,,,4e019348600b52bd0129d7026e6c4901,armed-forces-personnel-percent_v41_850x600.svg,4,20,491855712,198194
art-coverage-for-pregnant-women,WorldMap,,,152b60afedb076454910d272b4545014,art-coverage-for-pregnant-women_v23_850x600.svg,1,16,515928816,56533
artificial-intelligence-number-training-datapoints,ScatterPlot,,,8edb8aa5f86a5990967f35ba444f6730,artificial-intelligence-number-training-datapoints_v195_850x600.svg,4,1119,567438176,70586
asthma-prevalence,WorldMap,,,826c9d82c32b7f3e5324955879020d91,asthma-prevalence_v20_850x600.svg,3,19,504996640,250970
asylum-seekers-refugees-country-of-asylum,ScatterPlot,,,0f3e73e78e152b358c178d5187c4097c,asylum-seekers-refugees-country-of-asylum_v7_850x600.svg,8,53,521693016,388915
attendance-major-artificial-intelligence-conferences,LineChart,,,675460c4e9c7b42112b3b8abe4beb197,attendance-major-artificial-intelligence-conferences_v32_850x600.svg,2,15,376658328,5553
attitudes-bans-factory-farming,StackedDiscreteBar,,,719d45748a30fd0bf81c926c5e4f5f3d,attitudes-bans-factory-farming_v5_850x600.svg,1,13,386262776,6311
augmented-hdi-vs-gdp-per-capita,ScatterPlot,,,39c0ee3b1798738eba28695b4662d561,augmented-hdi-vs-gdp-per-capita_v38_850x600.svg,69,462,668969832,2622382
augmented-human-development-index,WorldMap,,,0d781bbe6ec78f50b3dedb7017cf4a27,augmented-human-development-index_v25_850x600.svg,6,20,478593728,137080
augmented-human-development-index-comparison,ScatterPlot,,,a22d7334f850749af52c8467e3070397,augmented-human-development-index-comparison_v21_850x600.svg,54,163,464521800,2097815
augmented-human-development-index-excluding-gdp,WorldMap,,,3517280210de714312ccca6c898cbac6,augmented-human-development-index-excluding-gdp_v26_850x600.svg,3,21,497475808,137655
automated-teller-machines-atms-per-100000-adults,WorldMap,,,146f20e0e1bb3800c682a85b0819a8c1,automated-teller-machines-atms-per-100000-adults_v22_850x600.svg,2,23,538520264,125719
autopsy-rate,WorldMap,,,a9ad1355c3caebba1011c4152eaf14d3,autopsy-rate_v29_850x600.svg,1,16,508700352,36680
autumn-temperature-anomalies,StackedBar,,,970eb4dcedd1a22483ae952198226cb4,autumn-temperature-anomalies_v20_850x600.svg,25,76,500616672,1917718
availability-of-unemployment-estimates-by-source-ilo,WorldMap,,,b7b6d7decfa67bbb01386f5d88974621,availability-of-unemployment-estimates-by-source-ilo_v43_850x600.svg,1,19,484889320,435796
average-age-of-mothers-birth-cohort,LineChart,,,8fbad1b86814a107a1cd792e4fe83d61,average-age-of-mothers-birth-cohort_v19_850x600.svg,4,23,505325864,122581
average-ammonium-concentration-in-freshwater,LineChart,,,b6252b975d467617ffa4aab26c8973ad,average-ammonium-concentration-in-freshwater_v7_850x600.svg,2,14,467812168,78852
average-annual-surface-temperature,WorldMap,,,5d934edf378585c236377d93ad6d3e60,average-annual-surface-temperature_v16_850x600.svg,3,25,526963560,622434
average-battery-cell-price,LineChart,,,6a911d42c252c341eb0ccaf48bdbd80a,average-battery-cell-price_v13_850x600.svg,2,14,422430664,1616
average-cost-of-tuberculosis-treatment-by-type,DiscreteBar,,,2565368792eff92c428082d2a53c67e2,average-cost-of-tuberculosis-treatment-by-type_v18_850x600.svg,2,19,438651016,70759
average-cost-of-tuberculosis-treatment-multi-drug-resistant,WorldMap,,,9594c6977d056a890d82f9c4a55ed291,average-cost-of-tuberculosis-treatment-multi-drug-resistant_v13_850x600.svg,1,13,510299416,21381
average-daily-time-spent-by-women-on-domestic-work-paid-and-unpaid,WorldMap,,,48627c7671286a04a7f50bd7ab359ffd,average-daily-time-spent-by-women-on-domestic-work-paid-and-unpaid_v11_850x600.svg,2,18,500336176,13597
average-effective-retirement-men,LineChart,,,bd4c45a079a8849196a0ccae446d7e87,average-effective-retirement-men_v12_850x600.svg,1,15,522619288,60633
average-effective-retirement-women,LineChart,,,0b73df4afdb17d0f1157a449cf043b4c,average-effective-retirement-women_v11_850x600.svg,1,18,451503304,60549
average-exposure-pm25-pollution,WorldMap,,,cbd1f83c60030316fee2495cdeff180a,average-exposure-pm25-pollution_v8_850x600.svg,1,16,537319504,241672
average-farm-size,WorldMap,,,1ce2ef2f3eace9268db55014ed91ba0f,average-farm-size_v4_850x600.svg,1,12,507529176,12008
average-farm-size-vs-gdp,ScatterPlot,,,b2468a4776056e92c74ce62e5d726bf8,average-farm-size-vs-gdp_v22_850x600.svg,6,36,436532888,269479
average-harmonized-learning-outcome-scores,WorldMap,,,a1fa1d50b7888a2eb6e182fb69376e8c,average-harmonized-learning-outcome-scores_v46_850x600.svg,1,15,473036656,19165
average-height-by-year-of-birth,LineChart,,,85bc09ebc9a71fe3c905753220a8491e,average-height-by-year-of-birth_v14_850x600.svg,21,46,555657936,1401687
average-height-of-men,WorldMap,,,965864c299019513989691603059117c,average-height-of-men_v10_850x600.svg,4,24,558901272,700900
average-height-of-men-by-year-of-birth,LineChart,,,de570cde60fef8568016f403eb375542,average-height-of-men-by-year-of-birth_v5_850x600.svg,1,12,481372264,44659
average-height-of-men-for-selected-countries,LineChart,,,8f1675a28821f833064f853c3d9d9b52,average-height-of-men-for-selected-countries_v14_850x600.svg,2,12,489875944,44637
average-height-of-women,WorldMap,,,0d20abbb42c7abcecdb5b8b527af176a,average-height-of-women_v9_850x600.svg,3,32,458525168,700787
average-hourly-earnings,WorldMap,,,df999cd5c8aaf14cef178f02105ada31,average-hourly-earnings_v18_850x600.svg,1,17,526637056,30983
average-learning-outcomes-by-total-education-expenditure-per-capita,ScatterPlot,,,dfc873ddb1443b732f2defa9877d61e6,average-learning-outcomes-by-total-education-expenditure-per-capita_v27_850x600.svg,3,45,454571416,136633
average-length-of-stay,WorldMap,,,3e7bc74d7369777a6df19a9c0fb28e53,average-length-of-stay_v18_850x600.svg,4,23,521477544,92336
average-monthly-surface-temperature,WorldMap,,,1b0c33c403fc773766ff07ac11183549,average-monthly-surface-temperature_v17_850x600.svg,432,611,861290080,7587315
average-nitrate-concentration-in-freshwater,LineChart,,,8e2bb844571b17e34395e11c03e4ebbb,average-nitrate-concentration-in-freshwater_v6_850x600.svg,3,15,469176488,80026
average-non-hdl-cholesterol-levels,WorldMap,,,8f3b32c97531fc61c4df16e3725946d7,average-non-hdl-cholesterol-levels_v23_850x600.svg,3,21,536282776,212332
average-oecd-education-expenditure-by-source-of-funding-gdp,StackedArea,,,6c10513ba0881243c3bfc0a03cd4a46a,average-oecd-education-expenditure-by-source-of-funding-gdp_v8_850x600.svg,1,10,461087928,534
average-per-capita-fruit-intake-vs-minimum-recommended-guidelines,WorldMap,,,b3ac0e51cab2dd914203356d5cc1487c,average-per-capita-fruit-intake-vs-minimum-recommended-guidelines_v33_850x600.svg,4,42,449354968,437214
average-per-capita-vegetable-intake-vs-minimum-recommended-guidelines,WorldMap,,,f301117aa7e9f5e495797b61a0b05b3b,average-per-capita-vegetable-intake-vs-minimum-recommended-guidelines_v32_850x600.svg,4,32,486571360,438032
average-performance-of-15-year-old-girls-and-boys-on-the-science-scale,ScatterPlot,,,27872ee9141f9a86dcd4403d3c03f785,average-performance-of-15-year-old-girls-and-boys-on-the-science-scale_v10_850x600.svg,69,199,631362528,2497716
average-performance-of-15-year-olds-in-mathematics-reading-and-science,LineChart,,,45b189161d72094ab3b8b6f58eb57a76,average-performance-of-15-year-olds-in-mathematics-reading-and-science_v22_850x600.svg,2,20,462400176,45074
average-phosphorus-concentration-in-freshwater,LineChart,,,3bf0f910a35d3e1eb06431427be447bb,average-phosphorus-concentration-in-freshwater_v6_850x600.svg,2,14,463005232,66236
average-precipitation-per-year,WorldMap,,,0b8a706baef3637c05689caa836c784b,average-precipitation-per-year_v22_850x600.svg,5,31,483764000,556695
average-schooling-vs-expected-schooling,ScatterPlot,,,e2bf7a2bb54de1034ca4452d430feeba,average-schooling-vs-expected-schooling_v29_850x600.svg,63,189,528235376,2290017
average-study-length-by-phase,LineChart,,,6d98c61987368ea3f67a14c1d8722433,average-study-length-by-phase_v33_850x600.svg,1,21,495109112,7990
average-tariff-rates-per-cent-19882016,LineChart,,,45895164afbc34aa3ca7e21fa9368bc0,average-tariff-rates-per-cent-19882016_v11_850x600.svg,2,11,463955144,697
average-usual-weekly-hours-worked-women-15-years-and-older,LineChart,,,64f9d92d0bcd9011f0d554f8bc523649,average-usual-weekly-hours-worked-women-15-years-and-older_v3_850x600.svg,2,15,474290160,32077
average-working-hours-of-children,DiscreteBar,,,db5495a9a847a79e89aab8b4324aaa95,average-working-hours-of-children_v17_850x600.svg,1,12,482039848,3922
average-years-of-schooling-males-vs-females,ScatterPlot,,,f014ed2a240d8784cb3b162d77f98f25,average-years-of-schooling-males-vs-females_v18_850x600.svg,77,225,542123056,2897443
average-years-of-schooling-vs-gdp-per-capita,ScatterPlot,,,825a1b97d10854bccaecc213a0198252,average-years-of-schooling-vs-gdp-per-capita_v30_850x600.svg,62,198,716402616,2306316
avertable-deaths-from-rotavirus-with-full-vaccine-coverage,WorldMap,,,3853fa93f1d11f1596cc6de5ce83099e,avertable-deaths-from-rotavirus-with-full-vaccine-coverage_v21_850x600.svg,2,15,639547280,5872
aviation-demand-efficiency,LineChart,,,1be3126deefc64b02d9d66925e52dac5,aviation-demand-efficiency_v4_850x600.svg,2,23,573851416,6012
aviation-fatalities-by-flight-phase,StackedArea,,,d883a9d0fbb07d6fd175b2f11dc756ff,aviation-fatalities-by-flight-phase_v3_850x600.svg,2,15,536593704,10817
aviation-fatalities-per-million-passengers,LineChart,,,0e2750eaf1cf53a2d27c088c194a372b,aviation-fatalities-per-million-passengers_v14_850x600.svg,2,10,580598032,1839
aviation-share-co2,LineChart,,,bb163eed365e1f1f367a28f44494335d,aviation-share-co2_v4_850x600.svg,1,11,545787704,2428
avocado-production,WorldMap,,,a799c03ab5ba49271d441cc9600a0c3d,avocado-production_v10_850x600.svg,2,16,591086424,200885
banana-production,WorldMap,,,8e6ad53718f748d94c4ac71111387fda,banana-production_v21_850x600.svg,3,26,565130680,323747
banana-production-by-region,StackedArea,,,efd581984350b7a56182593225324b42,banana-production-by-region_v10_850x600.svg,3,19,601900480,323747
banana-yields,LineChart,,,e4a02ce67b45478a002858c06b725893,banana-yields_v15_850x600.svg,2,17,616492336,331212
banning-of-chick-culling,WorldMap,,,d6392e83f515b6da7f0626faeefa69bd,banning-of-chick-culling_v8_850x600.svg,1,14,522123920,9205
barley-production,WorldMap,,,c2eb7f2ee65357325a40babd70aae512,barley-production_v9_850x600.svg,2,17,533948512,262712
barley-yields,WorldMap,,,bc252327b135615c74df446d6e6ac2f5,barley-yields_v11_850x600.svg,1,16,589742752,269901
basic-state-functions-score-bti,WorldMap,,,eb92d54d5c0bcc13b76c04befcd33e21,basic-state-functions-score-bti_v79_850x600.svg,3,18,548212848,47509
bathing-sites-with-excellent-water-quality,LineChart,,,731eda1690451d444bee0e3a6f0b721d,bathing-sites-with-excellent-water-quality_v12_850x600.svg,2,12,599325488,45601
battery-price-vs-cumulative-production,ScatterPlot,,,42ae7e1c736583b7ced98d2c4c469eb8,battery-price-vs-cumulative-production_v10_850x600.svg,1,14,609638704,2320
bcg-immunization-coverage-for-tb-among-1-year-olds,WorldMap,,,f9a10736dc42bac8bf9ed4834b61121c,bcg-immunization-coverage-for-tb-among-1-year-olds_v29_850x600.svg,2,20,561899912,199284
beach-litter,WorldMap,,,343a2d19f629214d0ae690b6b523f07d,beach-litter_v18_850x600.svg,1,14,725978512,24522
bean-production,WorldMap,,,3ec5cbac4dfd8cf4c871b5fa9be028d7,bean-production_v10_850x600.svg,2,17,622433224,296035
bean-yields,LineChart,,,e6435e9a0ca3ddfb17179a94ca866aad,bean-yields_v13_850x600.svg,2,19,557539160,314102
beef-and-buffalo-meat-production-tonnes,WorldMap,,,79a65ea6ca1688e57aee60733fb26d85,beef-and-buffalo-meat-production-tonnes_v14_850x600.svg,3,29,753958688,450111
beer-as-share-alcohol-consumption,WorldMap,,,ee05fb03cefaee90ead2a453dc8e11a5,beer-as-share-alcohol-consumption_v12_850x600.svg,1,16,535489416,121621
beer-consumption-per-person,WorldMap,,,1e6a629ae147b150b951f5d1ad8d5f64,beer-consumption-per-person_v16_850x600.svg,2,20,613510616,314687
beliefs-about-what-it-takes-to-gete-ahead-in-life,DiscreteBar,,,cc7ef9c0f3d84609c42e3ca64527f5d1,beliefs-about-what-it-takes-to-gete-ahead-in-life_v14_850x600.svg,1,10,565131368,406
bev-share-new-ev,LineChart,,,98fe1a19f49b0f0b9cd2b321d166628d,bev-share-new-ev_v12_850x600.svg,1,12,544253584,25502
biofuel-production,WorldMap,,,9a61cb1ea5ad1d10a37b6b5455433fec,biofuel-production_v20_850x600.svg,1,11,573310888,47700
biofuels-production-by-region,StackedArea,,,1acbf4e7afcfb54e59c2e6ef897c8060,biofuels-production-by-region_v18_850x600.svg,2,11,623200688,47700
biological-weapons,WorldMap,,,3cd90102cfb4dcb8fac32e21441499a5,biological-weapons_v26_850x600.svg,1,14,552874752,5094
biological-weapons-convention,WorldMap,,,bc5a7496dec2b49ee58feb1dcc6a43f0,biological-weapons-convention_v14_850x600.svg,1,14,581075944,6965
biomass-fish-stocks-region,LineChart,,,a014c5f7d29840cd426644b3f426b7c8,biomass-fish-stocks-region_v12_850x600.svg,1,24,729945376,28933
biomass-fish-stocks-taxa,LineChart,,,40cbeab8d5c01570b3b9604d038aa3f8,biomass-fish-stocks-taxa_v13_850x600.svg,1,10,631652192,24440
biomass-vs-abundance-taxa,ScatterPlot,,,04b8002125f3039c428fd7dd8452ec9d,biomass-vs-abundance-taxa_v8_850x600.svg,1,12,561405200,1351
bipolar-disorder-prevalence,WorldMap,,,fa9551bab5e5a26d3e2c33b250663405,bipolar-disorder-prevalence_v32_850x600.svg,2,21,549352760,265672
bipolar-disorder-prevalence-by-age,DiscreteBar,,,21efc7cadf3840a4d6a587abe236414f,bipolar-disorder-prevalence-by-age_v30_850x600.svg,37,48,654696432,3968050
bipolar-disorder-prevalence-males-vs-females,ScatterPlot,,,f48f8ebb524580dcf940551944339bee,bipolar-disorder-prevalence-males-vs-females_v34_850x600.svg,58,168,809927160,2372793
bird-populations-eu,LineChart,,,18bbd568d9053419ab0446ea6fa57e9e,bird-populations-eu_v5_850x600.svg,1,12,569447056,3237
birth-rate-colored-by-peak-birth-month,LineChart,,,51dd248388aff513ccc8acb1c6bd4e2c,birth-rate-colored-by-peak-birth-month_v26_850x600.svg,5,27,570575840,245203
birth-rate-total,LineChart,,,7cad398a0da4381926831c84e0acd9b7,birth-rate-total_v23_850x600.svg,4,23,557413272,230754
birth-rate-vs-death-rate,ScatterPlot,,,8b8bbbc3237b4cbb06d42b999aee25e2,birth-rate-vs-death-rate_v30_850x600.svg,27,72,585695552,1757736
birth-rates-and-death-rates,LineChart,,,e1d2f1efeeedeb91de9bfdeed45496d2,birth-rates-and-death-rates_v10_850x600.svg,21,35,599768160,1134110
births-and-deaths,LineChart,,,80ca33689c71237e4d7a1ed3af461e2c,births-and-deaths_v18_850x600.svg,3,16,670481192,221193
births-and-deaths-projected-to-2100,LineChart,,,a2813974747a6c0f22d478c2532b1ed0,births-and-deaths-projected-to-2100_v36_850x600.svg,43,62,678570080,2324389
births-attended-by-health-staff-sdgs,WorldMap,,,a5d2c1c8cc5eda2922851c6ab3d01642,births-attended-by-health-staff-sdgs_v29_850x600.svg,1,15,557899432,85788
births-by-age-of-mother,LineChart,,,b94a13ad4747394db8c8500196cec0ea,births-by-age-of-mother_v10_850x600.svg,85,98,642918336,4987909
births-per-month-annual,DiscreteBar,,,6ad0b36549c15f76796b5fb327daa747,births-per-month-annual_v14_850x600.svg,16,24,614292024,1564698
births-registered,WorldMap,,,6d97da7ef5711f644ebd2eaeea703dd8,births-registered_v32_850x600.svg,2,21,807964416,26454
biweekly-change-covid-deaths,WorldMap,,,8cfd19d07fde5c7faf77dc3fdbb9e28b,biweekly-change-covid-deaths_v3008_850x600.svg,29,418,371919408,6736813
biweekly-confirmed-covid-19-cases,WorldMap,,,f680fbffff6c043fca2404e187b3db58,biweekly-confirmed-covid-19-cases_v3002_850x600.svg,63,637,390047256,15698940
biweekly-covid-cases-per-million-people,WorldMap,,,36c532acd0817a4489584d535f589267,biweekly-covid-cases-per-million-people_v2959_850x600.svg,71,737,406973800,17673726
biweekly-covid-deaths,WorldMap,,,ae140402de7abdc892889a8459c59fd4,biweekly-covid-deaths_v3008_850x600.svg,65,626,449233080,15148905
biweekly-covid-deaths-per-million-people,WorldMap,,,ea009dcd75aaf6eab626351f5e811755,biweekly-covid-deaths-per-million-people_v2963_850x600.svg,66,677,878360320,16794932
biweekly-growth-covid-cases,WorldMap,,,9be76e6eacddcf052251f1b04c654701,biweekly-growth-covid-cases_v3010_850x600.svg,45,596,682325984,10386858
black-rhinos,WorldMap,,,87370179fe55a17250f0a0d09198d4c0,black-rhinos_v17_850x600.svg,2,45,400783384,6001
bladder-cancer-death-rate,WorldMap,,,b308188ea160ccc42ed56120af1c0137,bladder-cancer-death-rate_v13_850x600.svg,2,23,346484040,113886
bleaching-events-enso,StackedBar,,,b5acaf8fda5d1266bec68ec5ff32f4db,bleaching-events-enso_v7_850x600.svg,0,14,355579656,3299
borrowing-to-start-or-expand-business-men-vs-women,ScatterPlot,,,8e61b237239a997010799858108c8782,borrowing-to-start-or-expand-business-men-vs-women_v25_850x600.svg,2,33,371804880,30897
bottom-trawling,WorldMap,,,8d9b230a3f64d7f1b17272b86abc0305,bottom-trawling_v6_850x600.svg,2,18,383646848,212578
brain-and-nervous-system-cancer-death-rate,WorldMap,,,8d1c724da6af068f6aa64f785dbb475b,brain-and-nervous-system-cancer-death-rate_v21_850x600.svg,2,19,398376424,100383
breakdown-habitable-land,StackedArea,,,59d2145115ba87a84d5933e1965382a4,breakdown-habitable-land_v7_850x600.svg,33,47,397865720,1178102
breakdown-of-child-mortality-by-cause,LineChart,,,165c8c2530eb0b8f500e65a3391b96be,breakdown-of-child-mortality-by-cause_v20_850x600.svg,21,35,375038256,1005256
breast-cancer-death-rate-in-women,LineChart,,,2d7d02e5491d1ad84c773c5e004b11c7,breast-cancer-death-rate-in-women_v30_850x600.svg,2,26,409799112,162025
breast-cancer-screening-coverage-in-europe,DiscreteBar,,,c72cc962d4737b3d9e0842bc5eb2421f,breast-cancer-screening-coverage-in-europe_v7_850x600.svg,1,10,416500392,14728
bribery-incidence-for-firms,WorldMap,,,48b1a3c8f7de77d6387691f11c74a167,bribery-incidence-for-firms_v30_850x600.svg,2,22,467597376,21001
bribery-prevalence-un,WorldMap,,,e572a801b4d9550a960847fab6beb6eb,bribery-prevalence-un_v36_850x600.svg,1,20,391370648,16965
britain-road-deaths-user,LineChart,,,550a460daad08df41d02f0a90e0f2298,britain-road-deaths-user_v2_850x600.svg,2,17,429739024,10497
british-vapers-by-smoking-history,StackedArea,,,9aa6955e7d07e59d04d1a97866d36809,british-vapers-by-smoking-history_v8_850x600.svg,2,11,474164112,1263
broad-causes-of-death,StackedArea,,,55135a561449f8b31235f2094dce6180,broad-causes-of-death_v7_850x600.svg,15,44,379301224,1004258
broadband-penetration-by-country,LineChart,,,f1abe8599ad8a444d5dcca4bff465ffc,broadband-penetration-by-country_v38_850x600.svg,2,13,440358024,154644
budget-to-manage-invasive-alien-species,WorldMap,,,7ce55fd615f0ca0e1db65c37aaebd902,budget-to-manage-invasive-alien-species_v22_850x600.svg,1,16,484468096,9084
bullfighting-ban,WorldMap,,,0e2990894564fc208e5ce0996da808e8,bullfighting-ban_v4_850x600.svg,1,13,448372864,1031
burden-disease-from-each-mental-illness,DiscreteBar,,,5bdc4466ea0f6996a39ebe2d64b295c7,burden-disease-from-each-mental-illness_v57_850x600.svg,18,28,516456184,1259780
burden-of-disease,WorldMap,,,db683e67a7f8bef9f2384287430e1c44,burden-of-disease_v18_850x600.svg,1,19,415022960,258891
burden-of-disease-by-cause,DiscreteBar,,,2fadc8dc69af43278448bac9c4a658e8,burden-of-disease-by-cause_v35_850x600.svg,96,115,437059384,6446974
burden-of-disease-from-injuries-by-age,StackedArea,,,b402410cd5c959d0c365f76bb9f3e401,burden-of-disease-from-injuries-by-age_v18_850x600.svg,23,40,826294608,1292423
burden-of-disease-rates-from-communicable-neonatal-maternal-nutritional-diseases,WorldMap,,,bc80a691b1a4e9f04388339702c56366,burden-of-disease-rates-from-communicable-neonatal-maternal-nutritional-diseases_v22_850x600.svg,3,29,421432360,252119
burden-of-disease-rates-from-injuries,WorldMap,,,28397efb49d17a17dae864fad6bb5d3d,burden-of-disease-rates-from-injuries_v20_850x600.svg,1,22,434806832,251782
burden-of-disease-rates-from-ncds,WorldMap,,,a63854c716745a75eac3da7ecc792750,burden-of-disease-rates-from-ncds_v18_850x600.svg,3,24,468143360,253157
burden-of-disease-who,WorldMap,,,8294685e017ee574b5f2092f189d2fa5,burden-of-disease-who_v17_850x600.svg,2,19,694103208,143518
but-so-is-the-quality-of-their-local-environment,ScatterPlot,,,1b539151d48b8d48f96efc88b7edc3ca,but-so-is-the-quality-of-their-local-environment_v18_850x600.svg,1,22,452348280,19706
but-so-is-the-quality-of-their-local-environment-finn,ScatterPlot,,,345c72a1502f4c68ee2d327a09882c8a,but-so-is-the-quality-of-their-local-environment-finn_v9_850x600.svg,2,30,439229008,19706
calorie-supply-by-food-group,StackedDiscreteBar,,,715bd0788795f2b0874ee050f9686324,calorie-supply-by-food-group_v12_850x600.svg,36,56,476209840,2610935
calories-wasted-food-group,DiscreteBar,,,7362a04bd961f65a12086b2e50dc7daf,calories-wasted-food-group_v4_850x600.svg,2,15,700000184,260
cancer-crude-death-rate-by-type,DiscreteBar,,,4a6b853faa1b426aa0cb1ad1e9f65430,cancer-crude-death-rate-by-type_v32_850x600.svg,48,60,759007112,3355641
cancer-death-rate-by-age-group,DiscreteBar,,,868516541b5dba8a9a2638c5def6cd8e,cancer-death-rate-by-age-group_v11_850x600.svg,35,50,247818432,3016357
cancer-death-rate-crude-vs-age-standardized-who-mdb,LineChart,,,cbb8e538e4baffc50be3e764c4ad4b64,cancer-death-rate-crude-vs-age-standardized-who-mdb_v24_850x600.svg,7,21,432308720,324636
cancer-death-rate-in-children-under-5-years-old-by-type,LineChart,,,ad7fe7e8e3eb1112b0cfd04472f66094,cancer-death-rate-in-children-under-5-years-old-by-type_v38_850x600.svg,29,49,444395072,2062507
cancer-death-rate-who-mdb,LineChart,,,626d3dd945e0e8ec8d47bf6a3762f171,cancer-death-rate-who-mdb_v21_850x600.svg,1,21,450318336,162438
cancer-death-rates,WorldMap,,,29c61823133243745911aefb6ec50798,cancer-death-rates_v40_850x600.svg,3,21,494296296,327013
cancer-death-rates-by-age,DiscreteBar,,,52ee4c87586dc7ba8890e170d00d96e9,cancer-death-rates-by-age_v27_850x600.svg,26,36,442154232,1674538
cancer-death-rates-by-type,LineChart,,,8a1c885f374c6766638652cc39035f41,cancer-death-rates-by-type_v28_850x600.svg,45,72,252549784,3260397
cancer-death-rates-by-type-who-db,LineChart,,,1a37f8bb244c71311ebea4ce8f3274d0,cancer-death-rates-by-type-who-db_v10_850x600.svg,42,63,460272184,2567819
cancer-death-rates-in-children-under-10-years-old,LineChart,,,86ba2ad092f9ac0f93596ab5b7dfcf78,cancer-death-rates-in-children-under-10-years-old_v22_850x600.svg,8,35,466178912,575571
cancer-deaths-by-age,StackedArea,,,41ccf089f2cbdb72bf5ce85df7b32313,cancer-deaths-by-age_v29_850x600.svg,22,37,478041616,1678651
cancer-deaths-by-type-grouped,StackedArea,,,6b623c6b55d7345c52703f0882e4f050,cancer-deaths-by-type-grouped_v21_850x600.svg,61,83,710101600,5032491
cancer-deaths-in-children-under-5-years-old-by-type,StackedArea,,,6ea4a0036662fe28c64dac21c226156d,cancer-deaths-in-children-under-5-years-old-by-type_v44_850x600.svg,24,65,460620784,2062507
cancer-deaths-rate-and-age-standardized-rate-index,LineChart,,,9f5a7c8eb25cc6b2f39ac82bdbe4965d,cancer-deaths-rate-and-age-standardized-rate-index_v32_850x600.svg,12,28,506996440,996919
cancer-incidence,WorldMap,,,51d9bdf47abad3728904aeca92e247e8,cancer-incidence_v15_850x600.svg,2,20,442987112,253027
cancer-incidence-rate-by-age-group,LineChart,,,3e661779e7f8b49d6455479bb7d8ecfa,cancer-incidence-rate-by-age-group_v12_850x600.svg,22,42,486951392,1547768
cancer-screening-rates-in-europe,DiscreteBar,,,2c46b0949957ee7dd95621a751f602e5,cancer-screening-rates-in-europe_v20_850x600.svg,2,17,415399248,33919
cantril-ladder-age-groups,DiscreteBar,,,0482305976c69198c2d9e88c6271f741,cantril-ladder-age-groups_v17_850x600.svg,1,22,522658760,17034
capital-intensity,LineChart,,,a2264ab09f2a3621909d63fe3508e89f,capital-intensity_v5_850x600.svg,2,17,261550536,75290
capital-intensity-vs-labor-productivity,ScatterPlot,,,b7e5adacc572f152242dffaebdd3d2dc,capital-intensity-vs-labor-productivity_v16_850x600.svg,52,151,454282760,2009980
capture-and-aquaculture-production,StackedArea,,,41f22e1db5ea226e1335299f8a49f1a3,capture-and-aquaculture-production_v25_850x600.svg,12,50,470593048,799836
capture-fisheries-vs-aquaculture,LineChart,,,fe0af2f5a3690a3ce6eff0b549b99716,capture-fisheries-vs-aquaculture_v22_850x600.svg,14,29,243335600,799836
capture-fishery-production,LineChart,,,fb4a138c1ded0629dbf7d227e4a58789,capture-fishery-production_v26_850x600.svg,5,33,734207520,413581
car-sales,StackedBar,,,c19719b535e83e74fc168d9f4afc16f1,car-sales_v17_850x600.svg,2,11,489659304,48550
carbon-dioxide-emissions-are-higher-in-richer-countries,ScatterPlot,,,23e0bf453db2fcb24af68627db302567,carbon-dioxide-emissions-are-higher-in-richer-countries_v15_850x600.svg,2,24,506785392,20297
carbon-dioxide-emissions-are-higher-in-richer-countries-finn,ScatterPlot,,,3a015f65fbbb485a286ba78161f5b41c,carbon-dioxide-emissions-are-higher-in-richer-countries-finn_v8_850x600.svg,2,25,457559040,20297
carbon-dioxide-emissions-factor,DiscreteBar,,,99248c8db97593604430ffc26cafc408,carbon-dioxide-emissions-factor_v11_850x600.svg,2,12,250676592,1840
carbon-emission-intensity-vs-gdp-per-capita,ScatterPlot,,,164999e82d12fcaefa51b5954373b168,carbon-emission-intensity-vs-gdp-per-capita_v31_850x600.svg,7,57,731581888,500751
carbon-emissions-trading-system,WorldMap,,,0c85d40db84637f83b16dbf61543f3ea,carbon-emissions-trading-system_v29_850x600.svg,1,17,520381248,246280
carbon-footprint-travel-mode,DiscreteBar,,,3a68b1d4d480a9d08438e92dccf3a024,carbon-footprint-travel-mode_v27_850x600.svg,1,11,466130160,615
carbon-intensity-vs-gdp,ScatterPlot,,,009945eca4eb007ac2f61558424935ab,carbon-intensity-vs-gdp_v50_850x600.svg,9,75,253527312,601571
carbon-new-passenger-vehicles,LineChart,,,3301a64dfeac5eb88cbf5f5ad62aeaee,carbon-new-passenger-vehicles_v9_850x600.svg,2,22,486140416,10112
carbon-opportunity-costs-per-kilogram-of-food,DiscreteBar,,,bbb6e29c569e5865513d23dc65daddb6,carbon-opportunity-costs-per-kilogram-of-food_v7_850x600.svg,1,12,473786768,1542
carbon-price-vs-share-emissions,Marimekko,,,7ea085fda32c94165a11b457260d04c4,carbon-price-vs-share-emissions_v13_850x600.svg,8,44,509581664,408830
carbon-tax-instruments,WorldMap,,,973dc5fdcf1a6bfcbf3538e2d8038bc5,carbon-tax-instruments_v23_850x600.svg,2,18,486352728,296042
carbon-tax-trading-coverage,WorldMap,,,12d85da68b66b9af2991748e99a2a51a,carbon-tax-trading-coverage_v28_850x600.svg,9,26,509428360,589262
cardiovascular-death-rate-vs-gdp-per-capita,ScatterPlot,,,1ef87cc90686887b6ea0e2068af6daf2,cardiovascular-death-rate-vs-gdp-per-capita_v59_850x600.svg,54,166,562150568,2238987
cardiovascular-disease-death-crude-rate-who-mdb,LineChart,,,6b518819474976c559566cd67462520f,cardiovascular-disease-death-crude-rate-who-mdb_v26_850x600.svg,2,28,753314160,161925
cardiovascular-disease-death-rate-age-group-who-mdb,DiscreteBar,,,cdc8381bca0910b67d2f375e8522aebd,cardiovascular-disease-death-rate-age-group-who-mdb_v27_850x600.svg,29,42,528485808,3018223
cardiovascular-disease-death-rate-crude-versus-age-standardized,LineChart,,,342fb81b5e8ef2e8b09e4a00b8238e25,cardiovascular-disease-death-rate-crude-versus-age-standardized_v27_850x600.svg,4,20,529101400,324116
cardiovascular-disease-death-rate-males-vs-females,ScatterPlot,,,bcad4af0c8ea8d25b121d146c8f8b502,cardiovascular-disease-death-rate-males-vs-females_v28_850x600.svg,64,192,363460704,2794619
cardiovascular-disease-death-rate-over-time-males-vs-females,LineChart,,,7ddce939e7396e0614623f57c9c3d9b4,cardiovascular-disease-death-rate-over-time-males-vs-females_v33_850x600.svg,5,26,723254432,324233
cardiovascular-disease-death-rate-who-mdb,LineChart,,,832d29672ee9d367d3e6b527d76e660f,cardiovascular-disease-death-rate-who-mdb_v23_850x600.svg,2,16,540981200,162191
cardiovascular-disease-death-rates,WorldMap,,,b40b803aa690be83642d52bb01f74e5a,cardiovascular-disease-death-rates_v31_850x600.svg,3,25,470924624,326523
cardiovascular-disease-death-rates-by-age,LineChart,,,75af7dad024251d4f5710fc6f160e2ec,cardiovascular-disease-death-rates-by-age_v32_850x600.svg,19,36,544971680,1678238
cardiovascular-disease-deaths-by-age,StackedArea,,,b32ac03129ff4ba2c36fe4c240eb7b40,cardiovascular-disease-deaths-by-age_v38_850x600.svg,18,37,499456416,1679300
cardiovascular-diseases-deaths-by-risk-factor,DiscreteBar,,,9bf5cb718c2dd32241fd4f5408f0b051,cardiovascular-diseases-deaths-by-risk-factor_v40_850x600.svg,36,50,773581736,3111949
caribbean-acropora,LineChart,,,94eacc1734be1f94a4705334490e8c85,caribbean-acropora_v8_850x600.svg,2,11,478057520,878
cases-of-extensively-drug-resistant-tuberculosis,WorldMap,,,3718644ce196efbad196af965cd81ead,cases-of-extensively-drug-resistant-tuberculosis_v34_850x600.svg,2,24,493874672,262291
cases-of-killed-human-rights-defenders-journalists-trade-unionists,StackedDiscreteBar,,,05527b235561a693d739cccbf051e392,cases-of-killed-human-rights-defenders-journalists-trade-unionists_v37_850x600.svg,1,11,552969824,5220
cases-of-multidrug-resistant-tuberculosis,WorldMap,,,684bc5cf1f9bc891fc01b6f05b3f3a49,cases-of-multidrug-resistant-tuberculosis_v29_850x600.svg,2,20,513775088,260049
cases-of-paralytic-polio-from-vaccine-derived-viruses,WorldMap,,,efb9c948ef49518ec88017b5e622853f,cases-of-paralytic-polio-from-vaccine-derived-viruses_v31_850x600.svg,1,16,564211816,105308
cases-of-paralytic-polio-from-vaccine-derived-viruses-by-strain,LineChart,,,36629c14767b612ef20682a9e8b7472e,cases-of-paralytic-polio-from-vaccine-derived-viruses-by-strain_v25_850x600.svg,2,14,781020568,4940
cases-of-paralytic-polio-from-wild-polioviruses,LineChart,,,b0f24eeae9789e3f09ca375c49733617,cases-of-paralytic-polio-from-wild-polioviruses_v22_850x600.svg,1,14,524620176,102255
cases-of-paralytic-polio-from-wild-vs-vaccine-derived-viruses,LineChart,,,7290bb18ef1b95f545108a1ee5fe5082,cases-of-paralytic-polio-from-wild-vs-vaccine-derived-viruses_v38_850x600.svg,8,24,472726520,411861
cashew-nut-production,WorldMap,,,983c1934464698ecc948d648bf62b6d0,cashew-nut-production_v10_850x600.svg,1,14,525878568,112218
cashew-nut-yields,LineChart,,,b4c191b1a19d62867ddac38ecf11deff,cashew-nut-yields_v13_850x600.svg,2,15,741450112,109901
cassava-production,WorldMap,,,66137dd827873910c026781400b2887b,cassava-production_v9_850x600.svg,2,17,536426744,261135
cassava-yields,WorldMap,,,e2cd7f4a93d7fc7648dab00bd607a9a0,cassava-yields_v11_850x600.svg,2,17,539979696,271433
catch-fishing-power-uk,LineChart,,,b02b613a27bc46534161fd235b7442dd,catch-fishing-power-uk_v7_850x600.svg,1,15,483718616,9637
catching-up-and-stagnating-manufacturing-wages-relative-to-the-us-19502016,LineChart,,,cabe0c1b180f22c9145e58d1ea18cb32,catching-up-and-stagnating-manufacturing-wages-relative-to-the-us-19502016_v14_850x600.svg,1,24,758568872,10733
catching-up-and-stagnating-manufacturing-wages-relative-to-the-us-with-finland,LineChart,,,7ce0097e660ad80b38379604cfe6a349,catching-up-and-stagnating-manufacturing-wages-relative-to-the-us-with-finland_v5_850x600.svg,1,23,508887520,10733
catching-up-to-the-us-during-the-golden-age-and-beyond-19502018,LineChart,,,3ee3dbe295f9402b3f55ac5770fb0a7b,catching-up-to-the-us-during-the-golden-age-and-beyond-19502018_v10_850x600.svg,2,15,492496864,15636
categorical-inequality-average-years-of-schooling-girls-relative-to-boys,LineChart,,,960405a082a406a5aa23a88632fa1d20,categorical-inequality-average-years-of-schooling-girls-relative-to-boys_v11_850x600.svg,1,13,549058384,1899
cattle-livestock-count-heads,WorldMap,,,8ffa6da23e66225f0301f218c0353107,cattle-livestock-count-heads_v15_850x600.svg,3,27,585101992,460042
cattle-meat-yields-hectograms-100-grams-per-animal,WorldMap,,,5fb0f9b7fa0aa3d5c37d3c45d045d166,cattle-meat-yields-hectograms-100-grams-per-animal_v18_850x600.svg,4,32,782053920,387331
cause-of-death-registration-population,Marimekko,,,f7db6f3c6efb47fb5ad05f5a789dc0be,cause-of-death-registration-population_v67_850x600.svg,10,27,573599432,1845519
causes-of-death-in-15-49-year-olds,DiscreteBar,,,eb67c57fbef9be3697762f86dfe591d9,causes-of-death-in-15-49-year-olds_v43_850x600.svg,89,103,589866752,8278583
causes-of-death-in-5-14-year-olds,DiscreteBar,,,feeb323c2953bf54d0563a1bfa2d15c8,causes-of-death-in-5-14-year-olds_v30_850x600.svg,93,107,528808248,6976380
causes-of-death-in-50-69-year-olds,DiscreteBar,,,855c689e30954d3caecf3fab0f675fa3,causes-of-death-in-50-69-year-olds_v34_850x600.svg,122,138,610038280,8273593
causes-of-death-in-70-year-olds,DiscreteBar,,,a764ce5c5931484b93c3324d7ac9e09f,causes-of-death-in-70-year-olds_v38_850x600.svg,105,130,802575224,8282492
causes-of-death-in-children-under-5,DiscreteBar,,,91d7eaa9d5a9dfaa633491e8e454cad1,causes-of-death-in-children-under-5_v48_850x600.svg,142,164,609477264,9325851
censorship-of-lgbt-issues,WorldMap,,,5c19acead824a56772221181d2050214,censorship-of-lgbt-issues_v12_850x600.svg,2,15,290122208,175642
census-based-on-population-register-recently-completed,WorldMap,,,eb824f9819369eee3a6ed7596f039e39,census-based-on-population-register-recently-completed_v14_850x600.svg,3,21,304723800,451991
cereal-allocation-by-country,StackedDiscreteBar,,,6ee7e1910190296ce96768528185daa1,cereal-allocation-by-country_v17_850x600.svg,20,35,339340024,1569014
cereal-crop-yield-vs-fertilizer-application,ScatterPlot,,,3b6b1212f75c62552fc69674176d637b,cereal-crop-yield-vs-fertilizer-application_v15_850x600.svg,12,47,604710032,826247
cereal-distribution-to-uses,StackedArea,,,76a4565521bf7ac631d4124954ed336a,cereal-distribution-to-uses_v20_850x600.svg,16,66,338655832,1198933
cereal-land-spared,StackedArea,,,cc1d4ded58ad2cf5214db3b26a126d4b,cereal-land-spared_v13_850x600.svg,1,14,506757816,36126
cereal-production,WorldMap,,,43dd876153916b5a6280c3d5366ec505,cereal-production_v10_850x600.svg,3,23,523033328,434002
cereal-yield,WorldMap,,,46a1527ed9b5b8f2bd3e94acdcc76733,cereal-yield_v20_850x600.svg,4,30,549600704,443132
cereal-yield-vs-extreme-poverty,LineChart,,,b7c9d63de0e08b6a93241c3a58c0cead,cereal-yield-vs-extreme-poverty_v55_850x600.svg,7,19,622248216,460140
cereal-yield-vs-extreme-poverty-scatter,ScatterPlot,,,6b0b7aaaaaefbb956339c8fc2164404e,cereal-yield-vs-extreme-poverty-scatter_v39_850x600.svg,65,149,672947824,2301816
cereal-yield-vs-gdp-per-capita,ScatterPlot,,,3499a8215cabc6575e49b704b1721d75,cereal-yield-vs-gdp-per-capita_v39_850x600.svg,61,202,889358840,2430393
cereal-yields-uk,LineChart,,,eb0d43a494f337f82e3ada23e0978274,cereal-yields-uk_v8_850x600.svg,11,28,363672400,803802
cereals-human-food-vs-gdp,ScatterPlot,,,2bcb3af991600e7d88782493cddf4866,cereals-human-food-vs-gdp_v26_850x600.svg,12,55,630451552,695274
cereals-imports-vs-exports,ScatterPlot,,,de44e1aca3324fd24cfc72bdd979064d,cereals-imports-vs-exports_v12_850x600.svg,14,61,569601792,816806
cervical-cancer-death-rate-in-women,WorldMap,,,46fb6f54ef07aa7f5e259dc5679bee82,cervical-cancer-death-rate-in-women_v27_850x600.svg,2,18,628761792,161692
cervical-cancer-screening-coverage-in-europe,DiscreteBar,,,c3ed534242f4fb9cc5dadca3ae0d064e,cervical-cancer-screening-coverage-in-europe_v6_850x600.svg,1,13,329609840,12746
change-air-pollutant-emissions,LineChart,,,2ed3fa518e6b6130014a01d6b1619e07,change-air-pollutant-emissions_v5_850x600.svg,269,315,428189560,14850803
change-co2-annual-pct,WorldMap,,,4904aef61eedd40e182931e55e72f412,change-co2-annual-pct_v30_850x600.svg,4,32,658408264,874370
change-energy-gdp-per-capita,LineChart,,,7866b0a05c23edede679946bc620ac33,change-energy-gdp-per-capita_v24_850x600.svg,5,17,606481832,322150
change-forest-area-share-total,WorldMap,,,c3e1db6a63169aedee91eb2d45b4c22d,change-forest-area-share-total_v7_850x600.svg,2,22,541578944,278653
change-forest-vs-gdp,ScatterPlot,,,f51863eaf8161574374e8111aa0461be,change-forest-vs-gdp_v20_850x600.svg,7,36,650326760,536124
change-heat-death-rate,LineChart,,,75cfb26dbd2e4ff38632f5da517d9d64,change-heat-death-rate_v8_850x600.svg,1,10,666838968,22358
change-heat-deaths-gdp,ScatterPlot,,,077687c4ac09c211cd00d706129a7134,change-heat-deaths-gdp_v17_850x600.svg,5,43,579356928,279829
change-in-food-supply-population-and-agricultural-land-use,LineChart,,,24ca257ba68aee03790906b96563fcb6,change-in-food-supply-population-and-agricultural-land-use_v17_850x600.svg,17,51,674697712,1363546
change-in-male-height,WorldMap,,,2df8c8006d327be22f8eb7c5e9d63888,change-in-male-height_v7_850x600.svg,1,10,613805328,6954
change-in-production-yield-and-land-palm,LineChart,,,66843f344445fb219f8b5b39606043dd,change-in-production-yield-and-land-palm_v10_850x600.svg,6,23,693895328,427638
change-in-total-mangrove-area,WorldMap,,,09d5ddb567d1ab26b8e3d4bd6979ae55,change-in-total-mangrove-area_v16_850x600.svg,1,10,621591944,37471
change-marine-mammals,StackedDiscreteBar,,,c3ce137a229072089886fade3ea5332f,change-marine-mammals_v10_850x600.svg,2,11,546292232,908
change-of-cereal-yield-vs-land-used,LineChart,,,01f85d7d1ff9468fcd075e969faa3b51,change-of-cereal-yield-vs-land-used_v9_850x600.svg,13,28,649730776,868989
change-visitors-grocery-stores,WorldMap,,,cb97db85217a4ca4fbb50a628c965a6f,change-visitors-grocery-stores_v715_850x600.svg,16,123,654549584,3684361
change-visitors-parks-covid,WorldMap,,,280c8d12bfb6ef60b7423bc98ab35fbd,change-visitors-parks-covid_v715_850x600.svg,17,134,731799664,3722269
change-visitors-retail-recreation,WorldMap,,,308e7bd66b1035de69971c3179c52c2e,change-visitors-retail-recreation_v714_850x600.svg,16,139,717126320,3720430
changes-in-unemployment-and-wellbeing-during-the-financial-crisis-evidence-from-the-us-states,ScatterPlot,,,886b36bde2f78912d442673ec361dd73,changes-in-unemployment-and-wellbeing-during-the-financial-crisis-evidence-from-the-us-states_v20_850x600.svg,2,12,661659640,12438
changes-residential-duration-covid,WorldMap,,,c24f43b90a5597b34a56c8993b2483a7,changes-residential-duration-covid_v715_850x600.svg,17,136,944902944,3607175
changes-uk-butterfly,LineChart,,,6afb4b1aff5bff65cfa8ee933457e547,changes-uk-butterfly_v5_850x600.svg,1,12,626630960,13426
changes-visitors-covid,LineChart,,,c9d7b0815c12217ad5e2428af739bb80,changes-visitors-covid_v716_850x600.svg,534,648,847571792,22293245
chemical-weapons,WorldMap,,,6d126b3c89f2bb98fb46d575cea38d2e,chemical-weapons_v36_850x600.svg,1,14,669742648,5094
chemical-weapons-convention,WorldMap,,,fdd50daa1da9cb7d202cf8abc93cc563,chemical-weapons-convention_v20_850x600.svg,1,11,589079296,6914
chicken-meat-production,WorldMap,,,850f5a2ad31453e0078755369f920695,chicken-meat-production_v14_850x600.svg,3,30,745155208,448702
chicken-meat-yields-per-animal,WorldMap,,,ab03c6a8d4969b4b4b8c234e342354ed,chicken-meat-yields-per-animal_v11_850x600.svg,5,27,607962024,435207
child-adolescent-obesity,WorldMap,,,46f9eed6c69ff6fbc65f21f8d2e9a350,child-adolescent-obesity_v12_850x600.svg,2,21,959471864,308989
child-and-maternal-malnutrition-death-rate,WorldMap,,,3d6f88a1d136ae83a3e2c00fe44e4e07,child-and-maternal-malnutrition-death-rate_v5_850x600.svg,8,31,703492280,509620
child-death-change,LineChart,,,4ca7c8f1558e3a77cd69c4ce02eaa256,child-death-change_v18_850x600.svg,16,32,724414600,1341454
child-death-rates-by-cause,DiscreteBar,,,3d7bd4513d48eda91d9aada40d5d5d9f,child-death-rates-by-cause_v20_850x600.svg,114,130,656827496,7322670
child-deaths-by-world-region-un-data,StackedBar,,,281a6334edf894f97ae34d17f6655e9a,child-deaths-by-world-region-un-data_v13_850x600.svg,6,34,920250864,543746
child-deaths-from-invasive-non-typhoidal-salmonella,WorldMap,,,35ffa3e68910db77b32a5748b55acc40,child-deaths-from-invasive-non-typhoidal-salmonella_v25_850x600.svg,3,23,719449488,348439
child-deaths-from-malaria,WorldMap,,,cb3d4ddd0d3dd6b7db079c379882ce7f,child-deaths-from-malaria_v22_850x600.svg,2,21,443105928,302248
child-deaths-from-malaria-number,WorldMap,,,36059e822edcc03913b45b6172f6e4d4,child-deaths-from-malaria-number_v26_850x600.svg,2,20,740642368,300901
child-deaths-from-rotavirus,WorldMap,,,7d4bc76c3f5d1c34f8cdb10142c9681f,child-deaths-from-rotavirus_v14_850x600.svg,1,14,727781704,5917
child-deaths-from-streptococcus-by-disease,StackedArea,,,bde28e8022df502ef0d66f32c40a93f1,child-deaths-from-streptococcus-by-disease_v14_850x600.svg,7,18,932025800,249093
child-deaths-igme-data,StackedArea,,,466a7efce43d352fed2a9f803ef4cff3,child-deaths-igme-data_v35_850x600.svg,3,16,455108160,341723
child-deaths-life-stage,StackedArea,,,c5eabfa51faadd6b03dc44497f098a14,child-deaths-life-stage_v31_850x600.svg,15,27,726741256,964745
child-deaths-malnutrition-by-risk,DiscreteBar,,,fcf3511746f9be1cfb1d1da3bb0fadb4,child-deaths-malnutrition-by-risk_v9_850x600.svg,27,38,727382072,2094766
child-homicide-rate,WorldMap,,,4891c5e6333c1334eb9c7a96ef7881de,child-homicide-rate_v10_850x600.svg,3,34,967469704,170215
child-homicide-rate-per-100000,WorldMap,,,5b96625a63529a46834ed0b454ce803f,child-homicide-rate-per-100000_v21_850x600.svg,2,15,464491424,12914
child-labor-among-girls-and-boys-under-two-different-definitions,Dumbbell,,,d008c5f055e9a06419a462d4fbb67136,child-labor-among-girls-and-boys-under-two-different-definitions_v16_850x600.svg,1,14,734207152,240
child-mortality,LineChart,,,2c6b0fdba245c8deb6e68facdb23f291,child-mortality_v43_850x600.svg,3,20,478496664,490544
child-mortality-around-the-world,WorldMap,,,9a4427f6f5b72dc2615b966942f95d4d,child-mortality-around-the-world_v40_850x600.svg,5,34,758300696,578626
child-mortality-by-income-level-of-country,LineChart,,,01304a11c8978d93000146370d09ec7f,child-mortality-by-income-level-of-country_v21_850x600.svg,4,26,934307168,466304
child-mortality-by-sex,ScatterPlot,,,65f8a2aba0515b57599056e9cf59b507,child-mortality-by-sex_v37_850x600.svg,71,207,810058512,2756266
child-mortality-by-the-type-of-congenital-birth-defect,LineChart,,,0f99157a353dfeafb8fac6ce8bf4760e,child-mortality-by-the-type-of-congenital-birth-defect_v14_850x600.svg,39,62,501684248,3040009
child-mortality-complete-gapminder,WorldMap,,,8cd01e7a066615e0f7523d3ebdf706ea,child-mortality-complete-gapminder_v31_850x600.svg,11,88,998058536,1413394
child-mortality-from-ari-vs-treatment,ScatterPlot,,,f16b923ff5df8d482dee1c00f2d99d44,child-mortality-from-ari-vs-treatment_v32_850x600.svg,7,45,693095416,356334
child-mortality-gdp-per-capita,ScatterPlot,,,f5f2ee248dfbae7419033436fb016860,child-mortality-gdp-per-capita_v46_850x600.svg,85,308,825069088,2985144
child-mortality-igme,WorldMap,,,813f4b5ff72e536ef48627e4c487e538,child-mortality-igme_v50_850x600.svg,3,26,675159728,466304
child-mortality-line-chart-by-sex,LineChart,,,8553f0275d1db17906311e49a416a254,child-mortality-line-chart-by-sex_v22_850x600.svg,14,30,472975136,914590
child-mortality-rate-ihme,WorldMap,,,e2051bdbac008a400d739ad7a445567e,child-mortality-rate-ihme_v21_850x600.svg,2,32,698947728,412704
child-mortality-rate-including-un-projections-through-2100,LineChart,,,36e80676d50668a1ae0caf0895cac6ea,child-mortality-rate-including-un-projections-through-2100_v31_850x600.svg,30,60,520445848,1174556
child-mortality-rate-marimekko,Marimekko,,,37807eb8eb7ff31fa38c9030b931c9a3,child-mortality-rate-marimekko_v26_850x600.svg,52,120,974219256,2307980
child-mortality-rate-vs-mean-male-height-cm,ScatterPlot,,,035dec72b9c8b6ea1cc6db6ae3e6c1ac,child-mortality-rate-vs-mean-male-height-cm_v23_850x600.svg,23,81,741136392,1176502
child-mortality-respiratory-infections-vs-clean-fuels,ScatterPlot,,,e5760a150a51a935c708fd36387b0afe,child-mortality-respiratory-infections-vs-clean-fuels_v25_850x600.svg,9,63,491646832,488652
child-mortality-under-five-death-rate-by-wealth-group,LineChart,,,1a8ac9417a7ac1d651d24e0c70eb2640,child-mortality-under-five-death-rate-by-wealth-group_v19_850x600.svg,5,16,826485888,384137
child-mortality-vs-co2-emissions-per-capita,ScatterPlot,,,5b9c6fcf541974cbf0edb1b3aee40f85,child-mortality-vs-co2-emissions-per-capita_v37_850x600.svg,32,169,806641776,1374680
child-mortality-vs-electoral-democracy,ScatterPlot,,,f59bb53802e2dd2e2696c67d9415a66e,child-mortality-vs-electoral-democracy_v57_850x600.svg,74,197,744014360,1500669
child-mortality-vs-health-expenditure,ScatterPlot,,,31ddc0465701a8da26aa0b57b53f5d55,child-mortality-vs-health-expenditure_v42_850x600.svg,108,394,544300320,2470365
child-mortality-vs-level-of-prosperity-regression,ScatterPlot,,,a15026ba4f3d7d8ce2279440ec6939e1,child-mortality-vs-level-of-prosperity-regression_v45_850x600.svg,99,374,1052803128,2558201
child-mortality-vs-population-growth,ScatterPlot,,,5bcb8068165de1a7a21763bbb519ee7f,child-mortality-vs-population-growth_v36_850x600.svg,129,380,296593072,2994056
child-mortality-vs-share-of-children-immunized-against-diphtheria-pertussis-and-tetanus,ScatterPlot,,,3897c439939b1da9ac884de3345833e5,child-mortality-vs-share-of-children-immunized-against-diphtheria-pertussis-and-tetanus_v36_850x600.svg,204,333,894661792,2555019
childhood-deaths-from-the-five-most-lethal-infectious-diseases-worldwide,LineChart,,,7e0c2500cb85199768a256ac942cb9d8,childhood-deaths-from-the-five-most-lethal-infectious-diseases-worldwide_v26_850x600.svg,24,154,890579744,1984042
children-aged-5-17-engaged-in-labor,WorldMap,,,6385648defe70f86ac3bea50c2c7c49e,children-aged-5-17-engaged-in-labor_v24_850x600.svg,7,41,769987224,260576
children-aged-5-17-years-engaged-in-labor,ScatterPlot,,,ece4f5b124289dd3a51508ca06e0f6d7,children-aged-5-17-years-engaged-in-labor_v29_850x600.svg,5,31,787168880,15459
children-born-per-woman,LineChart,,,bb5f60c0f87c4350ae8c9dd57d25d0f7,children-born-per-woman_v52_850x600.svg,2,17,854416120,575554
children-died-before-five-per-woman,LineChart,,,33b8149e963ab0bc47b0d85838ad5979,children-died-before-five-per-woman_v19_850x600.svg,3,20,558077968,571959
children-in-employment-ages-7-14-vs-weekly-hours-worked-by-children-ages-7-14,ScatterPlot,,,3fdbc51503e05d7e5b9fb797d278cced,children-in-employment-ages-7-14-vs-weekly-hours-worked-by-children-ages-7-14_v29_850x600.svg,49,165,1099006496,1853822
children-lead-5micrograms,DiscreteBar,,,aad23f82ce6f86532613b6f62614cf54,children-lead-5micrograms_v9_850x600.svg,1,9,745368672,1159
children-living-with-hiv,WorldMap,,,2d6b74e59bf7ce2f82e6099f0b7d4dae,children-living-with-hiv_v22_850x600.svg,1,16,866331600,88887
children-per-woman-fertility-rate-vs-level-of-prosperity,ScatterPlot,,,8103ce263c07cf1ed020f844f38ec264,children-per-woman-fertility-rate-vs-level-of-prosperity_v41_850x600.svg,16,83,560546648,939609
children-per-woman-un,WorldMap,,,897c55cc944f9c495272afc534fea790,children-per-woman-un_v40_850x600.svg,4,30,766463880,568734
children-per-woman-vs-human-development-index,ScatterPlot,,,5b6d92eebe8d14d72a3d84fde0e79904,children-per-woman-vs-human-development-index_v34_850x600.svg,62,173,937274992,2607324
children-per-woman-vs-population-growth,ScatterPlot,,,6b3173085743a252b25b779d327e69e3,children-per-woman-vs-population-growth_v33_850x600.svg,69,189,806376472,2984164
children-sleeping-under-treated-bednet,WorldMap,,,a3c67cb06f76ca271c097b71a28b9105,children-sleeping-under-treated-bednet_v23_850x600.svg,2,19,306226448,8167
children-treated-ari,WorldMap,,,9c6c28ae550be45774d12749b2eedebe,children-treated-ari_v16_850x600.svg,2,21,571605024,11853
children-under-age-5,LineChart,,,e14bc7dda6fb6ce837b4e14e4934fb38,children-under-age-5_v11_850x600.svg,34,64,274945808,1217053
children-who-are-overweight-sdgs,WorldMap,,,0f87a74891db76baf14305a7a1aae21c,children-who-are-overweight-sdgs_v15_850x600.svg,2,22,905676664,150108
children-who-experience-violent-discipline-boys-vs-girls,ScatterPlot,,,5a6f1fdeaa8e1274179cff43c33d75f9,children-who-experience-violent-discipline-boys-vs-girls_v18_850x600.svg,49,142,632450776,1844924
children-who-receive-ors,WorldMap,,,c9249049ae8f1212a7ca0caa22bbc25c,children-who-receive-ors_v34_850x600.svg,2,19,918398760,27050
children-woman-death-vs-survival,StackedArea,,,6c43ba3a0f17233f0f433bec22dec45f,children-woman-death-vs-survival_v16_850x600.svg,17,32,952627296,1124953
chile-covid-19-mortality-rate-by-vaccination-status,LineChart,,,6b96eacacfaa39d0ba852793d072b599,chile-covid-19-mortality-rate-by-vaccination-status_v93_850x600.svg,10,25,1134446376,100220
china-imports-as-share-of-gdp,WorldMap,,,0e7bb903e97b62addb99e1a4cd3e75a6,china-imports-as-share-of-gdp_v18_850x600.svg,2,22,293758432,399994
chinas-rank-in-imports-of-goods,WorldMap,,,60b0eab09faefa8c23d17b712929f470,chinas-rank-in-imports-of-goods_v35_850x600.svg,2,33,908762216,270653
chinese-plastic-imports,StackedBar,,,64a86026da4fcb25b550e038a423cd25,chinese-plastic-imports_v6_850x600.svg,1,8,299642136,569
chlorophyll-a-deviation-from-the-global-average,WorldMap,,,be20f3783983a579034033cb3960c692,chlorophyll-a-deviation-from-the-global-average_v21_850x600.svg,2,16,1078935520,108532
chocolate-consumption-per-person,WorldMap,,,54e82ea4b4952017035c626237685c22,chocolate-consumption-per-person_v10_850x600.svg,2,26,961616952,433103
cholera-case-fatality-rate,LineChart,,,4871b7e596735aeb4b5ed71fac03693d,cholera-case-fatality-rate_v18_850x600.svg,2,12,309511328,95995
chronic-respiratory-diseases-death-rate-who-mdb,WorldMap,,,07fa9d7892194d4d0c911aa0e7c03d5a,chronic-respiratory-diseases-death-rate-who-mdb_v5_850x600.svg,1,22,1097350416,162071
citizen-satisfaction-with-democracy,WorldMap,,,a49123c5be97ded61b131bbf2d4c1e68,citizen-satisfaction-with-democracy_v18_850x600.svg,1,15,320163976,104155
citizen-support-for-democracy,WorldMap,,,51bbff5297fce422ac129e7e492dcc7f,citizen-support-for-democracy_v15_850x600.svg,2,16,971413360,106783
civil-liberties-rating-fh,WorldMap,,,fff0e6508380b4aaf495cd19dd2a23bb,civil-liberties-rating-fh_v29_850x600.svg,3,22,923765360,272412
civil-liberties-score-fh,WorldMap,,,feb2eec50e8e5a326c9be5bf47533fec,civil-liberties-score-fh_v40_850x600.svg,6,24,1116031080,136843
civil-rights-score-bti,WorldMap,,,e903ce4b32916ef5a69ee3071bb5f947,civil-rights-score-bti_v95_850x600.svg,3,18,294574768,46074
civil-society-participation-index,WorldMap,,,8ebbff34cd1d583a3b8e47f46b8269e3,civil-society-participation-index_v52_850x600.svg,22,94,910498952,1049276
civilian-and-combatant-deaths-in-armed-conflicts,StackedBar,,,823d4e20841f162a9acea724a1e84656,civilian-and-combatant-deaths-in-armed-conflicts_v54_850x600.svg,8,29,944131064,610635
civilian-and-combatant-deaths-in-armed-conflicts-based-on-where-they-occurred,StackedBar,,,f4dc0156275e5c8b006a6c9c51c96e35,civilian-and-combatant-deaths-in-armed-conflicts-based-on-where-they-occurred_v71_850x600.svg,10,49,921795064,610635
clientelism-index,WorldMap,,,3b7f5445464fb11e6bb08f6c8979af78,clientelism-index_v18_850x600.svg,24,101,328798088,823793
co-emissions-by-sector,LineChart,,,23a3ce0b3b2f0f32751346bdaafefa6d,co-emissions-by-sector_v16_850x600.svg,32,53,1115677840,1731957
co-emissions-embedded-in-global-trade,WorldMap,,,dd6601b42e77df14051d207258795f12,co-emissions-embedded-in-global-trade_v31_850x600.svg,2,19,645253664,153805
co-emissions-per-capita,LineChart,,,9a995c2e79878dfdf81c8a06452aaa89,co-emissions-per-capita_v62_850x600.svg,5,28,963257280,899078
co-emissions-per-capita-vs-fossil-fuel-consumption-per-capita,ScatterPlot,,,eb2983f13fa4a60d74162a960d5855ea,co-emissions-per-capita-vs-fossil-fuel-consumption-per-capita_v54_850x600.svg,75,193,732974480,2889234
co2-by-source,StackedArea,,,c327d14c45d0766150340df9272e34ce,co2-by-source_v41_850x600.svg,81,112,975453728,3374949
co2-consumption-share,WorldMap,,,d411b72ad47af7ab43037c1dc4603642,co2-consumption-share_v9_850x600.svg,1,14,974865800,162666
co2-deforestation-for-food,WorldMap,,,6680f2740e972744eb6429a697902787,co2-deforestation-for-food_v5_850x600.svg,1,19,1124656896,1520
co2-emissions-and-gdp,LineChart,,,0a5e9521964abb65d6913003d0cf72b5,co2-emissions-and-gdp_v35_850x600.svg,30,63,872629784,1378317
co2-emissions-and-gdp-long-term,LineChart,,,6f69d9ade10514ca3b712fca0a6a0a22,co2-emissions-and-gdp-long-term_v53_850x600.svg,25,44,977974136,1552002
co2-emissions-and-gdp-per-capita,LineChart,,,fa6450b593145584646276e403e7e8f7,co2-emissions-and-gdp-per-capita_v70_850x600.svg,21,60,1118850248,1302879
co2-emissions-by-fuel-line,LineChart,,,d40dbe41606b6c76106f451019aa5aa0,co2-emissions-by-fuel-line_v29_850x600.svg,80,119,335438152,3374949
co2-emissions-domestic-aviation,WorldMap,,,83228cfedb0c4fd1df04c448f1f59c04,co2-emissions-domestic-aviation_v8_850x600.svg,1,13,986852328,53130
co2-emissions-fossil-land,StackedArea,,,258876cf8051c07298837230782e449f,co2-emissions-fossil-land_v30_850x600.svg,53,101,1127261520,2166228
co2-emissions-transport,WorldMap,,,292958296174eaae4cd6364cba98cc00,co2-emissions-transport_v10_850x600.svg,4,27,888292696,217323
co2-emissions-vs-gdp,ScatterPlot,,,9927ed0ca48564d2c4434d63c7b5d680,co2-emissions-vs-gdp_v67_850x600.svg,86,435,1167506184,3393678
co2-fossil-plus-land-use,LineChart,,,4e259df23a425315b3c2697f7b6487f0,co2-fossil-plus-land-use_v20_850x600.svg,74,97,996943880,2952336
co2-gdp-growth,LineChart,,,c18f6d5d15fef901c40a7f448a8be25a,co2-gdp-growth_v43_850x600.svg,33,59,859219936,1283446
co2-gdp-pop-growth,LineChart,,,bdfb7a22d71c33909a11f96c4b3a1889,co2-gdp-pop-growth_v45_850x600.svg,31,53,394512920,1788197
co2-heating-cooling,LineChart,,,264bf9ddf98db96b2360b181a029c47f,co2-heating-cooling_v4_850x600.svg,2,11,676618312,1136
co2-income-level,StackedArea,,,568186a0f40b819de35f85f387e7a388,co2-income-level_v20_850x600.svg,6,25,876307688,940158
co2-intensity,WorldMap,,,c8d6f7faebbd23d262728c6851593c6d,co2-intensity_v37_850x600.svg,3,39,1165345544,603654
co2-international-aviation,WorldMap,,,99a56ffbeffdcd92e5a3ecb06fa95bdc,co2-international-aviation_v8_850x600.svg,1,14,686138992,77542
co2-land-use,WorldMap,,,05bf9bcf23022e98b37728d1b3bf5af7,co2-land-use_v20_850x600.svg,7,47,1030447056,1226070
co2-land-use-global-share,WorldMap,,,93448c2f501bf9c38c15095dbbd268b0,co2-land-use-global-share_v16_850x600.svg,6,44,913534552,1297154
co2-land-use-per-capita,WorldMap,,,6a15a2bd96c1815d4c11431277022bdc,co2-land-use-per-capita_v14_850x600.svg,6,46,721042840,1231240
co2-long-term-concentration,LineChart,,,5fed18f24ad605820979922402bb39bc,co2-long-term-concentration_v21_850x600.svg,1,17,404890768,64976
co2-mitigation-15c,LineChart,,,25248c5c734a5d28e2f050d625c7d64c,co2-mitigation-15c_v12_850x600.svg,1,19,1176504992,93867
co2-mitigation-2c,LineChart,,,db51b275c4ae2c5e25b50e576f1790f2,co2-mitigation-2c_v11_850x600.svg,2,19,352136112,107044
co2-per-capita-marimekko,Marimekko,,,af1970fd3a52220826fc8bebf7c0a773,co2-per-capita-marimekko_v38_850x600.svg,73,255,1108128776,2740754
co2-per-capita-vs-renewable-electricity,ScatterPlot,,,c7532036e417039de4e7f90fd65f3758,co2-per-capita-vs-renewable-electricity_v54_850x600.svg,24,143,1246794296,1152640
coal-by-end-user-uk,StackedArea,,,99f37a1141358aee9932dd19daa6f445,coal-by-end-user-uk_v5_850x600.svg,3,17,923869504,17671
coal-consumption-by-region,StackedArea,,,d9f87aaf040c8fb6943c7e3c398a32b2,coal-consumption-by-region_v24_850x600.svg,2,17,732737536,210776
coal-output-per-worker-in-the-united-kingdom,LineChart,,,16ddd290458927996533fa386eb58d2f,coal-output-per-worker-in-the-united-kingdom_v5_850x600.svg,1,12,360682920,3491
coal-output-uk-tonnes,LineChart,,,4f101406e915f456a83b6571fa852a29,coal-output-uk-tonnes_v6_850x600.svg,2,15,370636872,5179
coal-phase-out-timeline,WorldMap,,,3edc24e29a8004303217de60286cc847,coal-phase-out-timeline_v15_850x600.svg,2,17,742293888,4316
coal-prices,LineChart,,,07ac8c7757db6fc5e5465a9726772380,coal-prices_v18_850x600.svg,2,20,884671328,5705
coal-production-by-region,StackedArea,,,cac722aa9b5524746b92d80ff758765e,coal-production-by-region_v20_850x600.svg,2,15,381194960,93916
coal-reserves-by-type,DiscreteBar,,,d89708baf83f9107ddf5780c8df5e131,coal-reserves-by-type_v15_850x600.svg,1,8,890243072,3491
coal-uk-opencast-deep-mine,StackedArea,,,213eef841d2c7f47abb43b9f461100f7,coal-uk-opencast-deep-mine_v7_850x600.svg,1,11,699418632,6257
coal-vs-gdp-per-capita,ScatterPlot,,,fb211d73f57ee3a6366f348ec5155dbf,coal-vs-gdp-per-capita_v31_850x600.svg,18,256,1028419968,822997
coastal-eutrophication,DiscreteBar,,,c2881fdfc97a11ed3ae4e76cdd6cf732,coastal-eutrophication_v10_850x600.svg,2,15,392361144,73098
cobalt-production,WorldMap,,,1c91929173721f4ebb723b85fcb4a5fc,cobalt-production_v15_850x600.svg,1,11,706914568,22047
cocoa-bean-production,WorldMap,,,4aeaeec89624895c9f67cb4cad115f77,cocoa-bean-production_v11_850x600.svg,2,18,717034096,170937
cocoa-bean-yields,WorldMap,,,cb87d018d327e376b275fed3fd9e38f5,cocoa-bean-yields_v13_850x600.svg,2,19,366931664,185531
cocoa-beans-production-by-region,StackedArea,,,63aed6262a1da130d63b7a0f8aa3d82b,cocoa-beans-production-by-region_v12_850x600.svg,2,12,725922336,170937
coefficient-of-variation-cv-in-per-capita-caloric-intake,WorldMap,,,788bd6ad6785509db9f28370159d4a83,coefficient-of-variation-cv-in-per-capita-caloric-intake_v8_850x600.svg,1,16,378691416,110157
coefficient-of-variation-in-caloric-consumption-vs-gdp-per-capita,ScatterPlot,,,d93f5130ce4c02d697e90256f1229c9d,coefficient-of-variation-in-caloric-consumption-vs-gdp-per-capita_v36_850x600.svg,66,185,811651496,2200006
coffee-bean-production,WorldMap,,,8043817adbd9b5d00e1f91cedfe880a7,coffee-bean-production_v15_850x600.svg,2,18,391765184,224802
coffee-production-by-region,StackedArea,,,c5c42fd30bba32c795efdc2f174abb9c,coffee-production-by-region_v13_850x600.svg,2,16,402398976,224802
coffee-yields,WorldMap,,,267996305859955fb3ad2c88b77e4b0a,coffee-yields_v13_850x600.svg,3,21,384726344,235497
cohort-fertility-rate,LineChart,,,e38d8e2c3e0506581db3e88418ff6cc7,cohort-fertility-rate_v16_850x600.svg,1,18,1188471400,38303
cohort-fertility-rate-by-age,LineChart,,,edeef91059a3fc1a0438c138efc89aa6,cohort-fertility-rate-by-age_v21_850x600.svg,10,53,1222427016,547570
collective-wage-bargaining-coverage-and-unemployment-across-the-oecd,ScatterPlot,,,d3d15fddae59945ddd62eb413b33d0f2,collective-wage-bargaining-coverage-and-unemployment-across-the-oecd_v15_850x600.svg,2,17,396072392,11049
colon-and-rectum-cancer-death-rate,WorldMap,,,6a47c3e1ca8dab3293bd3d54a817963a,colon-and-rectum-cancer-death-rate_v16_850x600.svg,1,26,415873032,161964
colon-and-rectum-cancer-screening-coverage-in-europe,DiscreteBar,,,efbb91cfaac929dffa1f8692e152ff6f,colon-and-rectum-cancer-screening-coverage-in-europe_v5_850x600.svg,1,11,386452064,6445
comfort-speaking-vs-knowing-friends-family-with-anxiety-depression,ScatterPlot,,,532e79e04157fbfdb6dcef3400519baa,comfort-speaking-vs-knowing-friends-family-with-anxiety-depression_v25_850x600.svg,78,211,1274686824,2478698
commodity-deforestation-by-region,DiscreteBar,,,dc8cdbfeb7f0f34833f3225b8a09ba52,commodity-deforestation-by-region_v4_850x600.svg,1,8,392002608,333
commodity-driven-deforestation,WorldMap,,,7e3937a42fc12eb2b11c97483c660699,commodity-driven-deforestation_v7_850x600.svg,2,19,1120633728,151458
commodity-price-index-cereal-crops-and-petroleum,LineChart,,,712c39f8db6b94763ee0fcc5f7b43bc1,commodity-price-index-cereal-crops-and-petroleum_v10_850x600.svg,1,13,399705688,17096
common-good-justifications-score,WorldMap,,,08083be36c93f17d1363fd8664535e2f,common-good-justifications-score_v59_850x600.svg,5,36,1193064792,706140
community-health-workers,WorldMap,,,ecfbba06cb61e5585269c5e6ec093fd5,community-health-workers_v18_850x600.svg,2,16,409259392,6068
companies-publishing-sustainability-reports-minimum-requirements,WorldMap,,,85fad9a965533a27e7b14fc47195483a,companies-publishing-sustainability-reports-minimum-requirements_v14_850x600.svg,1,15,1085209992,22080
compare-sources-working-hours,LineChart,,,ff66c08311402e5b01d0197ed14e163b,compare-sources-working-hours_v99_850x600.svg,7,27,431026784,220988
comparing-the-share-of-men-and-women-who-are-smoking,ScatterPlot,,,349c1eb2cb9ac60f8f81d82dbfafebdc,comparing-the-share-of-men-and-women-who-are-smoking_v34_850x600.svg,4,39,1107402152,100333
comparison-of-fertility-rates,LineChart,,,fdfa1170153da196283d9fb0501dac19,comparison-of-fertility-rates_v21_850x600.svg,39,59,1177872808,1938471
comparison-of-world-population-projections,LineChart,,,f19262fceb25e2775fffaa0a15d6ea85,comparison-of-world-population-projections_v32_850x600.svg,87,111,270746064,3195700
competitive-elections-lexical,WorldMap,,,7ffcf250822330ad3fe08bb202717a62,competitive-elections-lexical_v66_850x600.svg,8,40,1056535360,1828824
competitiveness-of-executive-recruitment-score,WorldMap,,,8daaace9cf398660e30ca57bb19fe533,competitiveness-of-executive-recruitment-score_v55_850x600.svg,4,42,433199328,981402
competitiveness-of-political-participation-score,WorldMap,,,803eda2951f3c5d48c3b8fab13f992e7,competitiveness-of-political-participation-score_v58_850x600.svg,3,47,1042493168,981402
completeness-of-homelessness-data,WorldMap,,,693a250bc596d7598bc7f2db236d6261,completeness-of-homelessness-data_v47_850x600.svg,1,13,202097352,3353
composition-of-tax-revenues-regional,LineChart,,,d2b75f0a33dcc7128638022f1f6ef1f7,composition-of-tax-revenues-regional_v6_850x600.svg,2,10,1184999880,3458
comprehensive-nuclear-test-ban-treaty,WorldMap,,,38b7b1e141bd987ba770027b25d4463d,comprehensive-nuclear-test-ban-treaty_v9_850x600.svg,2,15,446434784,202751
computation-used-to-train-notable-artificial-intelligence-systems,ScatterPlot,,,15fa5094ebfedaa5a7f7d682613a56bf,computation-used-to-train-notable-artificial-intelligence-systems_v166_850x600.svg,2,42,265417320,21398
computer-chess-ability,LineChart,,,861a608e1ae8b6a5b6c261af7fb3eb81,computer-chess-ability_v46_850x600.svg,1,13,1194720336,1305
condom-use-at-last-high-risk-sex,WorldMap,,,f43ba778b142d42e879f72d6a9610007,condom-use-at-last-high-risk-sex_v12_850x600.svg,1,10,455040944,2636
condom-use-between-men,WorldMap,,,bef2cafc2ea8fc4f4d4111384e07ee5a,condom-use-between-men_v12_850x600.svg,1,14,1204746560,12510
condom-use-during-last-high-risk-sex,DiscreteBar,,,622f9840f1c5412373292ec81d7602ec,condom-use-during-last-high-risk-sex_v13_850x600.svg,1,8,462504944,23734
confidence-in-the-effectiveness-of-vaccines-vs-perception-of-importance,ScatterPlot,,,325ddc33dfe8282825384cec627b6fd1,confidence-in-the-effectiveness-of-vaccines-vs-perception-of-importance_v18_850x600.svg,2,24,1059162488,29922
confidence-in-un-wvs,WorldMap,,,f523cd06241d7148d8e4d9427ff9b918,confidence-in-un-wvs_v14_850x600.svg,1,13,1173108592,11336
congenital-birth-defect-mortality-rates-in-children-under-5,WorldMap,,,fa5525d2f39020005eab4b8cfbb52c14,congenital-birth-defect-mortality-rates-in-children-under-5_v18_850x600.svg,3,17,425587424,333914
constitutional-protections-lgbt,WorldMap,,,f3e3cfaacb076838a5ea291ac165d09d,constitutional-protections-lgbt_v89_850x600.svg,2,18,217005960,274109
constraints-on-the-executive-score,WorldMap,,,493db599b9726e719a606dd657dbeca9,constraints-on-the-executive-score_v58_850x600.svg,4,46,308934696,490701
consumer-price-index,LineChart,,,23c10a72fec3879c4059fb9e9325d005,consumer-price-index_v8_850x600.svg,1,22,1191464328,307380
consumption-based-carbon-intensity,WorldMap,,,3a5af18bbe0d63614a2409b9dc4e6c29,consumption-based-carbon-intensity_v30_850x600.svg,2,13,437724056,152764
consumption-based-energy-per-capita,WorldMap,,,a5590347dcad0c24e28a77651e6f731e,consumption-based-energy-per-capita_v8_850x600.svg,1,12,1067277352,37025
consumption-co2-emissions,WorldMap,,,b7e879cd6ccc48ce7c99afcefe014a63,consumption-co2-emissions_v38_850x600.svg,2,17,228215536,169660
consumption-co2-emissions-vs-population,ScatterPlot,,,f2b808a49e2b44b2b010d2982a6d774b,consumption-co2-emissions-vs-population_v36_850x600.svg,58,165,1350316264,2925789
consumption-co2-per-capita,WorldMap,,,9e785507d7c551c3308c428cf4646e46,consumption-co2-per-capita_v43_850x600.svg,2,17,1079177968,155628
consumption-co2-per-capita-equity,WorldMap,,,5fd94b2d3c5ac57e74834dc2c07fe406,consumption-co2-per-capita-equity_v32_850x600.svg,2,13,449772360,155628
consumption-co2-per-capita-vs-gdppc,ScatterPlot,,,56ac9b3657375f4fd7e88243d817f545,consumption-co2-per-capita-vs-gdppc_v60_850x600.svg,49,150,1270452216,2245477
consumption-deforestation-per-person,WorldMap,,,c75967a791fe45599d2a4f0819a0a348,consumption-deforestation-per-person_v3_850x600.svg,5,24,248781360,118127
consumption-energy-intensity,WorldMap,,,b19606341b65482165d16a603de02421,consumption-energy-intensity_v7_850x600.svg,1,10,458818064,36898
consumption-of-ozone-depleting-substances,WorldMap,,,1b3a319db422eaca1b7d1a600c6a56e2,consumption-of-ozone-depleting-substances_v14_850x600.svg,1,24,325926632,165947
consumption-per-smoker-per-day,WorldMap,,,8826003c89a5151cf74ea5ae75fbdde0,consumption-per-smoker-per-day_v26_850x600.svg,1,17,1037127112,174739
consumption-subsidies-for-fossil-fuels,StackedBar,,,710d16d6156902730ff778e1bff7ce78,consumption-subsidies-for-fossil-fuels_v10_850x600.svg,2,9,465726296,22691
consumption-vs-production-co2-per-capita,ScatterPlot,,,1650f369ec33f7b63a08dd18271b2579,consumption-vs-production-co2-per-capita_v43_850x600.svg,103,229,328237904,3817829
continents-according-to-our-world-in-data,WorldMap,,,c08e255263d7076dbce240715602b9fd,continents-according-to-our-world-in-data_v14_850x600.svg,1,10,430989664,9298
contraceptive-prevalence-any-methods-of-women-ages-15-49,WorldMap,,,9eb0d78482955e9cc11eb7b9962e223d,contraceptive-prevalence-any-methods-of-women-ages-15-49_v19_850x600.svg,1,19,1052679872,37768
contraceptive-prevalence-any-methods-vs-modern-methods,ScatterPlot,,,2045a8bb9e8b92a59be771907d75ed7c,contraceptive-prevalence-any-methods-vs-modern-methods_v40_850x600.svg,3,59,293386208,83211
contribution-temp-rise-degrees,LineChart,,,3c69d4fee50dd02bf112466d3f3d07dd,contribution-temp-rise-degrees_v9_850x600.svg,5,35,455429752,1509004
contribution-to-temp-rise-by-gas,StackedArea,,,036d5812f80b250d3b937a4e58f105b1,contribution-to-temp-rise-by-gas_v9_850x600.svg,59,78,1122475448,4359484
contributions-global-temp-change,LineChart,,,e28e69edafc1044ae22156eac65edc89,contributions-global-temp-change_v11_850x600.svg,6,30,479709864,1431296
conversion-therapies-banned,WorldMap,,,845a5f31220629fb535b76456dbcd64b,conversion-therapies-banned_v55_850x600.svg,2,18,306469208,251487
conversion-therapy-equaldex,WorldMap,,,0930aab405c9e7ab4303658454a67bf1,conversion-therapy-equaldex_v16_850x600.svg,1,10,487260288,17504
coral-bleaching-events,StackedBar,,,d0c831a23cc9929a63db3f5e81cba3d9,coral-bleaching-events_v7_850x600.svg,1,12,315206328,10358
corn-production-land-us,LineChart,,,91a69a23c27f7fa6b6fd6e1c7c56cb1d,corn-production-land-us_v3_850x600.svg,1,16,500940920,10188
corporate-investment-in-artificial-intelligence-by-type,StackedBar,,,2856a8117d7a139c94c965cd4266c050,corporate-investment-in-artificial-intelligence-by-type_v50_850x600.svg,1,12,323037752,2568
correlation-between-child-mortality-and-mean-years-of-schooling-for-those-aged-15-and-older,ScatterPlot,,,657f74c57f04da98a8d1646f8b8a0d4a,correlation-between-child-mortality-and-mean-years-of-schooling-for-those-aged-15-and-older_v41_850x600.svg,11,54,348074696,599718
cost-calorie-sufficient-diet,WorldMap,,,8a3fc86f420497745f3b395449531c3c,cost-calorie-sufficient-diet_v31_850x600.svg,1,15,1279681184,5337
cost-calorie-sufficient-diet-share-food-expenditure,WorldMap,,,47094a52020771eba92b351e5ecd7f65,cost-calorie-sufficient-diet-share-food-expenditure_v16_850x600.svg,1,14,457213736,4915
cost-drugs-extensive-resistant-tb,SlopeChart,,,5632f36285a68477d67d67a396024d3d,cost-drugs-extensive-resistant-tb_v6_850x600.svg,1,30,1063282944,14568
cost-foods-healthy-diet,StackedDiscreteBar,,,c04e857b068d1613f4c2abb9f978c383,cost-foods-healthy-diet_v8_850x600.svg,2,15,1360525696,31350
cost-healthy-diet,WorldMap,,,12d720827ef2330546e3f8272892a62c,cost-healthy-diet_v34_850x600.svg,1,15,1289957488,42546
cost-healthy-diet-share-food-expenditure,WorldMap,,,32781528ea1b2c0e0f7d0d7eb355a0ea,cost-healthy-diet-share-food-expenditure_v19_850x600.svg,1,15,465290128,4988
cost-nutritionally-adequate-diet,WorldMap,,,bb0977dfeaaa9b0c7ffae2b029d3fbad,cost-nutritionally-adequate-diet_v29_850x600.svg,1,16,1369775896,5344
cost-nutritious-diet-share-food-expenditure,WorldMap,,,cb921c405af278ccf1cfdca15ce0a9a6,cost-nutritious-diet-share-food-expenditure_v18_850x600.svg,1,15,473994408,5036
cost-of-generating-electricity-new-capacity-from-different-sources-in-the-us-20082018,LineChart,,,21c58f777c4f459a5c662fc69b0fc842,cost-of-generating-electricity-new-capacity-from-different-sources-in-the-us-20082018_v8_850x600.svg,1,11,1071427840,2033
cost-of-generating-electricity-new-capacity-using-photovoltaic-cells-in-the-us-19762009,LineChart,,,a9107fb05df75be4141afdeaa020ee57,cost-of-generating-electricity-new-capacity-using-photovoltaic-cells-in-the-us-19762009_v10_850x600.svg,1,11,1233605432,1477
cost-of-sequencing-a-full-human-genome,LineChart,,,64205ae6fb3ec755209e8eb68e1014d9,cost-of-sequencing-a-full-human-genome_v24_850x600.svg,1,9,1376000152,769
cost-per-gigabase-dna-sequencing,LineChart,,,402b9d84142728253be5da7043b1802d,cost-per-gigabase-dna-sequencing_v16_850x600.svg,1,8,1077556040,740
cost-space-launches-low-earth-orbit,ScatterPlot,,,0bef3c8c7c0458bfb18ca049814e09bf,cost-space-launches-low-earth-orbit_v22_850x600.svg,1,17,1246989544,4274
costs-of-66-different-technologies-over-time,LineChart,,,9111310493a0eb0854716023eb754b96,costs-of-66-different-technologies-over-time_v14_850x600.svg,1,17,486898104,43050
costs-of-polio-vaccines-in-low-income-countries,StackedDiscreteBar,,,6c56dacd91eef33f539e6ba1ecec29b0,costs-of-polio-vaccines-in-low-income-countries_v6_850x600.svg,1,13,1384428144,1008
cotton-yield,WorldMap,,,31f797a2009d6404ba36bfd82a52d2cc,cotton-yield_v12_850x600.svg,3,21,1094882336,268933
countries-by-income-classification,StackedArea,,,5a9aa882560afea04bc0266a998fbcba,countries-by-income-classification_v17_850x600.svg,1,9,356302808,29084
countries-by-legal-status-of-same-sex-marriage,StackedArea,,,ecc670ca578bc5e84df69b253165656b,countries-by-legal-status-of-same-sex-marriage_v29_850x600.svg,2,9,1254358416,51006
countries-by-share-of-women-in-parliament,StackedArea,,,9fc48086c0fb6c1f7ff127352a929f02,countries-by-share-of-women-in-parliament_v37_850x600.svg,3,15,323243344,161841
countries-data-antibiotic-livestock,LineChart,,,f2727ffa9b1abf7c2690fc8ccb18e946,countries-data-antibiotic-livestock_v10_850x600.svg,2,11,493068584,277
countries-democracies-autocracies-bti,StackedArea,,,333fb2eb15f3ec098253419ffbfd35eb,countries-democracies-autocracies-bti_v55_850x600.svg,1,12,1326340464,10398
countries-democracies-autocracies-lexical,StackedArea,,,15bcaf17c0eeea0178d6ea446ec37a9c,countries-democracies-autocracies-lexical_v54_850x600.svg,4,19,1272699584,347368
countries-democracies-autocracies-row,StackedArea,,,67f4c9cb7dd7756a7590835d431d05d5,countries-democracies-autocracies-row_v47_850x600.svg,4,16,507331328,174202
countries-democracies-nondemocracies-eiu,StackedArea,,,baaa807b0417b5fff5a0651fd475fced,countries-democracies-nondemocracies-eiu_v54_850x600.svg,2,11,1064978632,12786
countries-democracies-nondemocracies-fh,StackedArea,,,efc782b624699bf811f7fe3937b15529,countries-democracies-nondemocracies-fh_v56_850x600.svg,1,9,1332971032,7991
countries-democracies-nondemocracies-polity,StackedArea,,,43b42096f0d79aa011c8b934b29207dd,countries-democracies-nondemocracies-polity_v52_850x600.svg,3,13,333406888,115519
countries-democracies-nondemocracies-simplified-lexical,StackedArea,,,e3ecda6cd0c44b7180b45e3166a7d388,countries-democracies-nondemocracies-simplified-lexical_v23_850x600.svg,3,14,1074731616,88143
countries-enrolled-in-glass-surveillance-of-antimicrobial-consumption-and-resistance,WorldMap,,,42088a580f690a2e836133a56b406776,countries-enrolled-in-glass-surveillance-of-antimicrobial-consumption-and-resistance_v12_850x600.svg,1,15,1341043280,6466
countries-in-which-same-sex-sexual-acts-are-legal,StackedArea,,,eff4b3bf577b9cd35742373965179cf8,countries-in-which-same-sex-sexual-acts-are-legal_v11_850x600.svg,4,15,475825976,233891
countries-joint-adoptions-same-sex-partners,StackedArea,,,c77d163b4bcc500f442f9771a429c4a7,countries-joint-adoptions-same-sex-partners_v35_850x600.svg,2,11,340453352,30648
countries-long-standing-democracies-polity,StackedArea,,,7e93d81c5109e08828baa7c43bc5234a,countries-long-standing-democracies-polity_v54_850x600.svg,3,17,1254346712,268042
countries-long-standing-electoral-democracies,StackedArea,,,deb986073758decaea93a3e92fb5d7ff,countries-long-standing-electoral-democracies_v43_850x600.svg,6,22,348596992,303790
countries-long-standing-electoral-democracies-lexical,StackedArea,,,8ac4fdfe464112f4ba2c8571b9db233e,countries-long-standing-electoral-democracies-lexical_v53_850x600.svg,4,18,1089943024,260910
countries-long-standing-liberal-democracies-row,StackedArea,,,e56643ab76aa5646f2002c52a0b30a60,countries-long-standing-liberal-democracies-row_v47_850x600.svg,6,24,1360784440,346921
countries-protecting-core-lgbt-rights,LineChart,,,f575777c6f67ca0da0b3512c81cf1916,countries-protecting-core-lgbt-rights_v32_850x600.svg,4,25,360267184,166176
countries-reporting-progress-in-multi-stakeholder-development-effectiveness-monitoring-frameworks-in-support-of-the-sdgs,StackedDiscreteBar,,,48cb0fe59b6bd5bca0217e39a4d5487e,countries-reporting-progress-in-multi-stakeholder-development-effectiveness-monitoring-frameworks-in-support-of-the-sdgs_v18_850x600.svg,1,14,487800560,6371
countries-that-adopt-guarantees-for-public-access-to-information,DiscreteBar,,,1767a90cc9750f6ae16b178b2ad964c6,countries-that-adopt-guarantees-for-public-access-to-information_v26_850x600.svg,1,10,1262508008,3971
countries-that-are-democratizing-and-autocratizing,StackedArea,,,4ab44d544235144de1eeaf8cde018690,countries-that-are-democratizing-and-autocratizing_v85_850x600.svg,3,12,1098579104,69937
countries-that-are-democratizing-and-autocratizing-within-regimes,StackedArea,,,fd72bcd1f416dd69b565a32d485ffb0c,countries-that-are-democratizing-and-autocratizing-within-regimes_v90_850x600.svg,4,17,361134808,138924
countries-that-are-long-standing-full-democracies,StackedArea,,,2f1848436904f21506f1b15b31efcd79,countries-that-are-long-standing-full-democracies_v60_850x600.svg,3,15,1276247232,217717
countries-that-are-parties-to-the-nagoya-protocol,WorldMap,,,76d6ba9eb8d5390dea3971f65d7275c2,countries-that-are-parties-to-the-nagoya-protocol_v29_850x600.svg,2,20,498298696,30030
countries-that-have-universal-voting-rights,StackedArea,,,743f53cb62397ba0a6dbdd4142696493,countries-that-have-universal-voting-rights_v34_850x600.svg,5,16,1371220440,131223
countries-that-have-universal-voting-rights-in-practice,StackedArea,,,527eb871badf06b58b6b62f7ae58090a,countries-that-have-universal-voting-rights-in-practice_v34_850x600.svg,3,14,1079251776,131336
countries-third-gender-recognized,StackedArea,,,a07942bd694129db09f03ba10d5f1256,countries-third-gender-recognized_v38_850x600.svg,2,13,328028936,30629
countries-to-access-and-benefit-sharing-clearing-house,WorldMap,,,a3db8590d45f0fd90da5df8a44e7e3e6,countries-to-access-and-benefit-sharing-clearing-house_v25_850x600.svg,1,17,372332632,31667
countries-to-montreal-protocol-and-vienna-convention,WorldMap,,,9d3839cf477f0294a574dd8918a4fe57,countries-to-montreal-protocol-and-vienna-convention_v9_850x600.svg,2,19,1287595264,217846
countries-to-the-international-treaty-on-plant-genetic-resources,WorldMap,,,262084f55f9ec99dfdc4a89e7ffa7873,countries-to-the-international-treaty-on-plant-genetic-resources_v25_850x600.svg,2,19,509077960,96034
countries-using-ecosystem-based-approaches-to-manage-marine-areas,WorldMap,,,76fef0d603aeea314c8b5303526b5ebf,countries-using-ecosystem-based-approaches-to-manage-marine-areas_v10_850x600.svg,1,15,1339628424,1812
countries-using-the-system-of-environmental-economic-accounting,WorldMap,,,8859ff23a2c18c7ea8a1a7511a9de9dd,countries-using-the-system-of-environmental-economic-accounting_v8_850x600.svg,1,16,1088242608,3044
countries-where-interstate-or-intrastate-wars-took-place,WorldMap,,,4ee5f07d957d487941861f7e2ceeb6f2,countries-where-interstate-or-intrastate-wars-took-place_v37_850x600.svg,3,23,344543936,752772
countries-with-a-signed-bilateral-investment-treaty,LineChart,,,7accdc0170fbe9311a86eca6c2cecce1,countries-with-a-signed-bilateral-investment-treaty_v11_850x600.svg,1,13,326243336,3755
countries-with-an-elected-parliament-and-government,StackedArea,,,337448d5ba904c73bc1446696fb02411,countries-with-an-elected-parliament-and-government_v30_850x600.svg,2,12,1261870488,88064
countries-with-an-inforce-bilateral-investment-treaty,LineChart,,,c39b8993d2c4017494b072cd9a6062ce,countries-with-an-inforce-bilateral-investment-treaty_v16_850x600.svg,1,13,1348825728,3740
countries-with-independent-national-human-rights-institution,WorldMap,,,e5dd9eab585f8b1a7f84b9f23ce02cab,countries-with-independent-national-human-rights-institution_v37_850x600.svg,2,17,1097723352,69371
countries-with-legislative-regulatory-provisions-for-managing-disaster-risk,WorldMap,,,e7624bd192f98c33c66afd6d50337503,countries-with-legislative-regulatory-provisions-for-managing-disaster-risk_v27_850x600.svg,1,15,482589200,22020
countries-with-national-adaptation-plans-for-climate-change,DiscreteBar,,,6616b57b21f1b2951e7ce849d8899d32,countries-with-national-adaptation-plans-for-climate-change_v12_850x600.svg,1,7,349743912,115
countries-with-national-cervical-cancer-screening-program,WorldMap,,,9810eab7ce8371c1877a9ef4709e1449,countries-with-national-cervical-cancer-screening-program_v6_850x600.svg,1,13,1270015184,23041
countries-with-requirements-for-face-coverings,StackedArea,,,45fa80459772dea799a891b8dea9d79a,countries-with-requirements-for-face-coverings_v10_850x600.svg,23,60,339963928,1526148
countries-with-restrictions-on-international-travels,StackedArea,,,cdeae822ec41138f970c35ff8aad92a2,countries-with-restrictions-on-international-travels_v6_850x600.svg,23,58,1352667632,1526095
countries-with-restrictions-on-public-gatherings,StackedArea,,,314e8f3dbf055d97f948e6a93bdf3891,countries-with-restrictions-on-public-gatherings_v10_850x600.svg,23,63,357353416,1524962
countries-with-stats-plan-funded-by-source,WorldMap,,,87dbdeffb94f935a708b223f9b472009,countries-with-stats-plan-funded-by-source_v21_850x600.svg,1,12,490917872,28877
country-has-a-civil-register,WorldMap,,,f1296532f4d5c9bed265e7e1efcd3297,country-has-a-civil-register_v12_850x600.svg,2,28,1122051624,406079
country-has-a-statistical-agency,WorldMap,,,434302c4efcf1e3a4115d95e50436334,country-has-a-statistical-agency_v19_850x600.svg,2,25,1291841504,350530
country-level-monthly-temperature-anomalies,StackedBar,,,f5b946bd7bb1fb84c0cba7513a5589cf,country-level-monthly-temperature-anomalies_v21_850x600.svg,109,194,588891272,7719777
country-position-nuclear-weapons,WorldMap,,,0eb2168dc4e59a387d2e14df5b0b46c7,country-position-nuclear-weapons_v46_850x600.svg,3,22,1310822760,1093518
country-reporting-data-on-covid-vaccinations,WorldMap,,,5ffb1abd7ccfa1aa30cd8c26f35e5f81,country-reporting-data-on-covid-vaccinations_v11_850x600.svg,9,41,1115065448,1243479
country-scp-plan,WorldMap,,,1b60ce61784bcf2ad47dd31cb267bc8e,country-scp-plan_v23_850x600.svg,1,15,1361605496,4232
countrys-top-destination-for-exports-of-goods,WorldMap,,,4ecec1d1f2e9841bd933d4351a62f8cc,countrys-top-destination-for-exports-of-goods_v26_850x600.svg,3,21,357028976,413439
countrys-top-source-of-imported-goods,WorldMap,,,b17e30e3d05fba9e338dd0bf51a63eee,countrys-top-source-of-imported-goods_v22_850x600.svg,1,18,1287556736,411240
coverage-by-protected-areas-of-important-sites-for-mountain-biodiversity,WorldMap,,,fa0da0c61e92ea0f8eafc16c0b2dbae4,coverage-by-protected-areas-of-important-sites-for-mountain-biodiversity_v28_850x600.svg,2,20,371918536,151761
coverage-of-the-human-papillomavirus-vaccine,WorldMap,,,688ac38a700406d3f6bc14e0a2ad6a44,coverage-of-the-human-papillomavirus-vaccine_v25_850x600.svg,1,14,1371004080,29232
coverage-of-wetlands,WorldMap,,,1b92368fc5b24d8211064abef5739c1a,coverage-of-wetlands_v13_850x600.svg,1,13,1122701368,7203
covid-19-cumulative-confirmed-cases-vs-confirmed-deaths,ScatterPlot,,,1e2daf74ef0cc8f5100552c218366b41,covid-19-cumulative-confirmed-cases-vs-confirmed-deaths_v3127_850x600.svg,2369,3634,821393016,34124567
covid-19-daily-tests-vs-daily-new-confirmed-cases,ScatterPlot,,,200b1e71677fe2cc320df2ef76227f03,covid-19-daily-tests-vs-daily-new-confirmed-cases_v3461_850x600.svg,1767,2772,842634720,20204044
covid-19-daily-tests-vs-daily-new-confirmed-cases-per-million,ScatterPlot,,,a0b90133199deecafef231dec75ea2f1,covid-19-daily-tests-vs-daily-new-confirmed-cases-per-million_v3469_850x600.svg,1938,3003,865333968,20641747
covid-19-positive-rate-bar,WorldMap,,,310c2170b455509719333210693985c0,covid-19-positive-rate-bar_v465_850x600.svg,12,172,1452903720,3040970
covid-19-testing-policy,WorldMap,,,782d702d1037c1c8ea4749b22485eda0,covid-19-testing-policy_v2831_850x600.svg,23,212,1196589680,4967827
covid-19-tests-cases-scatter-with-comparisons,ScatterPlot,,,1518f3b314594d116a185ccbe6e3cc97,covid-19-tests-cases-scatter-with-comparisons_v3550_850x600.svg,2009,3121,1199895240,21681900
covid-19-total-confirmed-cases-vs-total-tests-conducted,ScatterPlot,,,4d6f408e3e425399650371bd568ccb74,covid-19-total-confirmed-cases-vs-total-tests-conducted_v3538_850x600.svg,2002,3094,768834896,20001338
covid-booster-vaccinated-by-age,LineChart,,,a4d48261c21c4cdd797813a8646d9b4b,covid-booster-vaccinated-by-age_v915_850x600.svg,39,59,1247694488,1636267
covid-contact-tracing,WorldMap,,,5ac7f34bb4dabf4b61fffe6549f9f792,covid-contact-tracing_v2832_850x600.svg,24,220,1294028096,4967827
covid-containment-and-health-index,WorldMap,,,e9b2bf3b096318a30f55cba6887aefe2,covid-containment-and-health-index_v2324_850x600.svg,28,234,1425139904,5713035
covid-daily-vs-total-cases-per-million,ScatterPlot,,,6c9c9d4860e415faebbbcdd8a598f5ec,covid-daily-vs-total-cases-per-million_v3026_850x600.svg,2483,6345,1253149168,36980289
covid-fully-vaccinated-by-age,LineChart,,,a22f9b03e35c414c2bdff2fa7cd1153a,covid-fully-vaccinated-by-age_v936_850x600.svg,45,67,822543480,1855644
covid-icu-patients-per-million,LineChart,,,bbd5ad8195d0170d12e9181938c386d4,covid-icu-patients-per-million_v1496_850x600.svg,5,64,866357280,1120586
covid-people-vaccinated-marimekko,Marimekko,,,15f33ff4a3cb1bd0a8dbea2012608785,covid-people-vaccinated-marimekko_v1017_850x600.svg,214,839,1243854496,5312853
covid-vaccination-doses-per-capita,LineChart,,,781830cc2a366faff37b769b095e4d10,covid-vaccination-doses-per-capita_v1703_850x600.svg,12,88,856727320,2712675
covid-vaccination-policy,WorldMap,,,9331ae7153b3c55ce235883122c267f5,covid-vaccination-policy_v905_850x600.svg,25,215,957304248,4967827
covid-vaccinations-vs-covid-death-rate,ScatterPlot,,,a30490ae8b1b503422d8be67c4bdb0bf,covid-vaccinations-vs-covid-death-rate_v4142_850x600.svg,1904,4227,861532760,19542928
covid-vaccine-age,WorldMap,,,a6286529e52813475113e4e8739dffa1,covid-vaccine-age_v533_850x600.svg,30,221,275316560,4967827
covid-vaccine-booster-doses-per-capita,LineChart,,,84eccfa840c40ee1e48e8565bc39c687,covid-vaccine-booster-doses-per-capita_v1710_850x600.svg,9,57,993853456,1884856
covid-vaccine-by-age,LineChart,,,86664770b1831ab360af9cfcba174339,covid-vaccine-by-age_v904_850x600.svg,65,85,975827568,1903703
covid-vaccine-doses-by-manufacturer,StackedArea,,,9fc94928c0aec9c1968db9149a956d81,covid-vaccine-doses-by-manufacturer_v1129_850x600.svg,484,554,1187389304,21706550
covid-vaccine-share-boosters,LineChart,,,3866268974405769e36bd03afd1f48f1,covid-vaccine-share-boosters_v1664_850x600.svg,1,17,285482848,40201
covid-vaccine-willingness-and-people-vaccinated-by-month,StackedBar,,,c25b1522c1bdc00348f46a0f06a5bf4b,covid-vaccine-willingness-and-people-vaccinated-by-month_v82_850x600.svg,4,20,298993680,18990
covid-variants-area,StackedArea,,,6d4fac9778bd165e8aa9536d97921bf3,covid-variants-area_v816_850x600.svg,51,76,288528936,2102196
covid-variants-bar,StackedDiscreteBar,,,e18df029c41dc07465fe642516f6e7b1,covid-variants-bar_v833_850x600.svg,40,73,799902000,2102196
covid-world-unvaccinated-people,WorldMap,,,6a6cf24a7f9af1d8cbcae2f22a47eab5,covid-world-unvaccinated-people_v776_850x600.svg,10,177,361466632,2555333
criminal-penalties-or-civil-remedies-sexual-harassment-in-employment,WorldMap,,,24047d1b5a3f57ca5357ea8722ad100b,criminal-penalties-or-civil-remedies-sexual-harassment-in-employment_v47_850x600.svg,2,23,817093192,260445
crop-allocation-farm-size,StackedDiscreteBar,,,19149beef1b4ed8ef54b53359271089c,crop-allocation-farm-size_v6_850x600.svg,2,15,826973616,2939
cropland-area,WorldMap,,,f10ef76fb7f018608a5a6d0d0fef26c9,cropland-area_v4_850x600.svg,4,26,844650536,514264
cropland-pasture-per-person,LineChart,,,d2c7dde8b1e2fced3d01ac0f31201263,cropland-pasture-per-person_v3_850x600.svg,5,14,1255648376,270715
cropland-per-person-over-the-long-term,LineChart,,,d42395f2e4199a9cf6b36b30275e5a0a,cropland-per-person-over-the-long-term_v6_850x600.svg,5,28,1274457352,893219
cropland-use-over-the-long-term,StackedArea,,,f06036ffa0d7a9a5ca024870f354e0fb,cropland-use-over-the-long-term_v9_850x600.svg,7,28,826265408,855812
cross-country-literacy-rates,LineChart,,,525c6dbedf2ff427a8d9d2897a629ba3,cross-country-literacy-rates_v43_850x600.svg,2,16,1228747848,65533
cross-country-variation-in-altruism,WorldMap,,,3956d1ce5b8642246807ff85c2240267,cross-country-variation-in-altruism_v17_850x600.svg,1,14,834790232,2708
cross-country-variation-in-negative-reciprocity,WorldMap,,,7f8c8b0e30f65ff3b33d19ce9e342749,cross-country-variation-in-negative-reciprocity_v16_850x600.svg,1,14,1237504184,2696
cross-country-variation-in-patience,WorldMap,,,d0ac207fd986a16525a1929fcbce92cd,cross-country-variation-in-patience_v23_850x600.svg,1,14,370423544,2701
cross-country-variation-in-positive-reciprocity,WorldMap,,,7e78a63a6b7306d2687aae94c57ffa4c,cross-country-variation-in-positive-reciprocity_v17_850x600.svg,1,14,843201928,2690
cross-country-variation-in-risk-taking,WorldMap,,,abd37d2f2dcb95f285d8b56120c1dc92,cross-country-variation-in-risk-taking_v11_850x600.svg,0,14,1245898480,2701
crude-birth-rate,WorldMap,,,982a6a2b59a678447e662848b709604c,crude-birth-rate_v26_850x600.svg,3,28,393632864,571738
crude-death-rate,WorldMap,,,36bc6094169424e06c12d8efd708c520,crude-death-rate_v12_850x600.svg,4,28,864571488,562372
crude-death-rate-hmd,LineChart,,,789f69af4e755426d7db6ff84dbe23b7,crude-death-rate-hmd_v13_850x600.svg,1,13,1255443192,144216
crude-death-rate-the-share-of-the-population-that-dies-each-year-gbd,WorldMap,,,78cab415b1e2dc799b9c13233fa9aa8a,crude-death-rate-the-share-of-the-population-that-dies-each-year-gbd_v9_850x600.svg,3,20,1271706704,333980
crude-death-rate-the-share-of-the-population-that-dies-each-year-who,WorldMap,,,9128a1b712e5a6d5e866d3f3756d586b,crude-death-rate-the-share-of-the-population-that-dies-each-year-who_v7_850x600.svg,2,19,405769416,135973
crude-oil-prices,LineChart,,,a2ab0002c463e96d01a7049d4fb9cfb1,crude-oil-prices_v18_850x600.svg,1,12,834111560,5581
crude-oil-spot-prices,LineChart,,,1ebf6bd981af335be301e1cad629150c,crude-oil-spot-prices_v19_850x600.svg,1,17,416681192,7355
cumulative-area-burnt-by-wildfires-by-week,LineChart,,,100271e849b65ebbff3b7caa2ab43a4f,cumulative-area-burnt-by-wildfires-by-week_v30_850x600.svg,90,112,871510160,5182909
cumulative-area-burnt-by-wildfires-last-year,LineChart,,,9f54dc79334b49accb597d5a4b3379a6,cumulative-area-burnt-by-wildfires-last-year_v45_850x600.svg,25,45,1283869096,1682647
cumulative-co-emissions,LineChart,,,03348a5f6fb3f4c66bd585870ed4cbac,cumulative-co-emissions_v41_850x600.svg,4,28,366738352,907196
cumulative-co-emissions-from-other-industry,WorldMap,,,c86757aeef306277d455c2555ffb3e3f,cumulative-co-emissions-from-other-industry_v18_850x600.svg,1,13,1292917800,103780
cumulative-co-emissions-released-by-wildfires-by-week,LineChart,,,ade2d9becab28cfdc7b59805d72f4db4,cumulative-co-emissions-released-by-wildfires-by-week_v27_850x600.svg,150,177,461276680,9160692
cumulative-co-emissions-released-by-wildfires-last-year,LineChart,,,50bd03d678ebfe26838725a0b1c97798,cumulative-co-emissions-released-by-wildfires-last-year_v40_850x600.svg,24,45,1296624304,1814588
cumulative-co2-cement,WorldMap,,,f0c52bf481cf283cd51aa44aed15976d,cumulative-co2-cement_v26_850x600.svg,5,32,895251664,842613
cumulative-co2-coal,WorldMap,,,b5009119496b919584e8e246e9169fb5,cumulative-co2-coal_v28_850x600.svg,3,27,1316836152,715231
cumulative-co2-emissions-region,StackedArea,,,18ebd9638c914a4f44361b9b7f8fb46d,cumulative-co2-emissions-region_v41_850x600.svg,6,33,921271688,907196
cumulative-co2-flaring,WorldMap,,,4720e115384e9e2f3d4b7e8867c08a97,cumulative-co2-flaring_v28_850x600.svg,3,25,1204688360,461041
cumulative-co2-fuel,StackedArea,,,2c7832be233307d953023276d30456e3,cumulative-co2-fuel_v30_850x600.svg,59,79,1361939360,3472822
cumulative-co2-gas,WorldMap,,,16dc8c828bd11201b1d21fa8345f0d00,cumulative-co2-gas_v26_850x600.svg,3,25,1183932424,538141
cumulative-co2-including-land,WorldMap,,,3b0eb32036b80827cc94fec4a38a2888,cumulative-co2-including-land_v17_850x600.svg,4,34,945484432,813815
cumulative-co2-land-use,WorldMap,,,677208ea4cba1f247cfca2f6583047bf,cumulative-co2-land-use_v16_850x600.svg,6,45,1215954456,1255468
cumulative-co2-oil,WorldMap,,,3ab4fb4f903e8dc3bc4e03f1c5f64d70,cumulative-co2-oil_v26_850x600.svg,4,33,913128864,812016
cumulative-cohort-fertility-rate-by-age,LineChart,,,e55c212aa4961db982bce31f2bb968b6,cumulative-cohort-fertility-rate-by-age_v14_850x600.svg,8,23,453845552,427984
cumulative-covid-cases-region,StackedArea,,,4047d5bd2dd87c0838d52fc896d68a37,cumulative-covid-cases-region_v3093_850x600.svg,78,297,1466753368,17601994
cumulative-covid-deaths-region,StackedArea,,,88f7d378494762e7437fa54b3f2cc94c,cumulative-covid-deaths-region_v3095_850x600.svg,130,376,351818680,16513275
cumulative-covid-vaccinations,LineChart,,,3aa985f742a77b0ec731c2e91d7cf1eb,cumulative-covid-vaccinations_v1669_850x600.svg,11,66,955693680,2625136
cumulative-covid-vaccinations-income-group,LineChart,,,4d836bb17f885413887fc244c53081a8,cumulative-covid-vaccinations-income-group_v1653_850x600.svg,18,79,504370840,2712675
cumulative-covid-vaccine-booster-doses,WorldMap,,,66d7092ef26853ad03ffa93638032751,cumulative-covid-vaccine-booster-doses_v1678_850x600.svg,14,144,976684328,1782853
cumulative-death-rates-in-armed-conflicts,DiscreteBar,,,abe7f4832a97d0506150532e895efcd7,cumulative-death-rates-in-armed-conflicts_v42_850x600.svg,1,9,463628656,6396
cumulative-deaths-and-cases-covid-19,LineChart,,,94bfcf12be0791670a820f215520732e,cumulative-deaths-and-cases-covid-19_v3126_850x600.svg,1234,1618,709874024,34115269
cumulative-deaths-in-armed-conflicts,DiscreteBar,,,89b679d343ed88b2efb5b6ea4fa81bbc,cumulative-deaths-in-armed-conflicts_v37_850x600.svg,1,8,982707352,5694
cumulative-deaths-in-armed-conflicts-by-country-region-and-type,StackedDiscreteBar,,,8ac9699f209ac2eeee6f20af7136f07f,cumulative-deaths-in-armed-conflicts-by-country-region-and-type_v33_850x600.svg,2,12,991808136,22122
cumulative-deaths-in-armed-conflicts-by-type,DiscreteBar,,,13153da7333ba37ad59c98ee1cf419cc,cumulative-deaths-in-armed-conflicts-by-type_v32_850x600.svg,2,10,1000286944,27816
cumulative-excess-deaths-covid,LineChart,,,7c8cd697927503c9b598ffd8505d955f,cumulative-excess-deaths-covid_v271_850x600.svg,39,59,1003768168,431399
cumulative-excess-deaths-per-million-covid,WorldMap,,,55c815c833a323e7ed972fb323bdef84,cumulative-excess-deaths-per-million-covid_v284_850x600.svg,33,66,1421999896,448133
cumulative-excess-mortality-p-scores-projected-baseline,WorldMap,,,92e7fdc309aababed24d29cd9a620978,cumulative-excess-mortality-p-scores-projected-baseline_v281_850x600.svg,35,74,1025179488,389067
cumulative-exoplanets-by-method,StackedArea,,,13669809e3c79e92560d46aae4eac7d1,cumulative-exoplanets-by-method_v35_850x600.svg,1,11,1428939328,4154
cumulative-global-plastics,StackedArea,,,3b857a892b7fbaad683fa5e00ef38253,cumulative-global-plastics_v7_850x600.svg,1,8,1434442032,2420
cumulative-gravitational-wave-observations,LineChart,,,5b85ca8505017eb82b7aef3c5483010c,cumulative-gravitational-wave-observations_v15_850x600.svg,1,9,1030874360,220
cumulative-installed-wind-energy-capacity-gigawatts,LineChart,,,24b278e0a9dfaf29d6af2b776ca02516,cumulative-installed-wind-energy-capacity-gigawatts_v18_850x600.svg,2,15,305066752,105791
cumulative-lives-saved-by-measles-vaccination-since-1974,StackedArea,,,2739a2c2e02ae05e652e40368dc0b454,cumulative-lives-saved-by-measles-vaccination-since-1974_v6_850x600.svg,1,10,1442516104,12467
cumulative-lives-saved-vaccination,StackedBar,,,78521c4604b99e862ae119810889cf7f,cumulative-lives-saved-vaccination_v7_850x600.svg,1,45,1069840904,11602
cumulative-number-of-dhs-surveys-conducted,WorldMap,,,de7c8d1af2e77ff4e59ad02cd385d115,cumulative-number-of-dhs-surveys-conducted_v10_850x600.svg,1,14,313471360,5199
cumulative-number-of-large-scale-ai-systems-by-country,LineChart,,,1d74b7127a4afe6fa6d0e677e8fcb633,cumulative-number-of-large-scale-ai-systems-by-country_v17_850x600.svg,1,13,1452491760,4561
cumulative-number-of-objects-launched-into-outer-space,LineChart,,,4f9915284540959d7a28be89d42104bd,cumulative-number-of-objects-launched-into-outer-space_v39_850x600.svg,1,13,1461317200,33946
cumulative-people-space,LineChart,,,734c26def3bb3d13d21e989fc3bcef67,cumulative-people-space_v17_850x600.svg,1,18,326428120,61675
cumulative-plastic-exports,DiscreteBar,,,bbe16df59d499734ae53b7ecb7a88a3b,cumulative-plastic-exports_v4_850x600.svg,1,10,1467379856,364
cumulative-space-visits,LineChart,,,4c05d5b5b8a0e2ab116ee67870988198,cumulative-space-visits_v41_850x600.svg,1,17,338921696,61783
current-account-balance-as-a-proportion-of-gdp,WorldMap,,,3bcef974b97e74a83b782db7566ff8cd,current-account-balance-as-a-proportion-of-gdp_v16_850x600.svg,2,13,1042046008,128895
current-covid-hospitalizations-per-million,LineChart,,,a09280815c543f97a8e0231c4f4bcc43,current-covid-hospitalizations-per-million_v1508_850x600.svg,4,62,1460040128,1207292
current-covid-patients-hospital,LineChart,,,dd77070fa06d91c918ebee7d5dcf2c25,current-covid-patients-hospital_v1502_850x600.svg,6,61,1080849456,1093486
current-covid-patients-icu,LineChart,,,e887b77cf85e9bb0214da50a82de3d99,current-covid-patients-icu_v1494_850x600.svg,5,67,347461328,1015706
cvd-deaths-vs-rates,LineChart,,,8e9b2e592f7ba9712d3b34b11302f718,cvd-deaths-vs-rates_v2_850x600.svg,11,24,1491640760,997180
daily-caloric-supply-derived-from-carbohydrates-protein-and-fat,StackedArea,,,39beee9a5c0a7c520a3e5e1521b7ae34,daily-caloric-supply-derived-from-carbohydrates-protein-and-fat_v12_850x600.svg,30,41,1073964016,1768008
daily-cases-covid-region,StackedArea,,,fb7e43a2c14f93d6242fd142dcc4e5f6,daily-cases-covid-region_v3104_850x600.svg,88,330,480824080,17308738
daily-covid-19-tests-smoothed-7-day,LineChart,,,f69f881054bff061a01900f38a3359da,daily-covid-19-tests-smoothed-7-day_v399_850x600.svg,12,67,1503490232,2886008
daily-covid-19-vaccination-doses,WorldMap,,,e837f8586288466f567013def4c17020,daily-covid-19-vaccination-doses_v1596_850x600.svg,24,299,1221891888,6517619
daily-covid-cases-deaths-7-day-ra,LineChart,,,e37e98e06c4fa1363bb7004a9b7a7b97,daily-covid-cases-deaths-7-day-ra_v3119_850x600.svg,1025,1173,669733528,33781752
daily-covid-deaths-region,StackedArea,,,e078f93dbf4e06fbc8b0c7f59a10c19d,daily-covid-deaths-region_v3095_850x600.svg,93,340,1319666400,16473014
daily-covid-vaccination-doses-per-capita,LineChart,,,1354267b0756bd78ca5d6db039e84ae6,daily-covid-vaccination-doses-per-capita_v1623_850x600.svg,42,135,500140072,6583218
daily-hours-spent-with-digital-media-per-adult-user,StackedBar,,,b3b37934aab0cbcd6e7879d1e471b979,daily-hours-spent-with-digital-media-per-adult-user_v21_850x600.svg,1,10,506818096,1060
daily-income-of-the-poorest-and-richest-decile,ScatterPlot,,,94a127118c9a67889ed2ab58025e55ed,daily-income-of-the-poorest-and-richest-decile_v69_850x600.svg,65,210,643046192,2075470
daily-mean-income-2011-ppp,WorldMap,,,8432ff67400633aac800ac0423d23918,daily-mean-income-2011-ppp_v49_850x600.svg,99,228,1405075936,2807244
daily-meat-consumption-per-person,WorldMap,,,06d4daac793eedba4c51e943ccbf6e2a,daily-meat-consumption-per-person_v18_850x600.svg,3,32,590863224,446920
daily-new-confirmed-covid-19-deaths-in-sweden-oct-2020,LineChart,,,c31fa16cf9c4d0f406b4b5b1d2b2e982,daily-new-confirmed-covid-19-deaths-in-sweden-oct-2020_v16_850x600.svg,1,11,597731448,681
daily-new-estimated-covid-19-infections-icl-model,LineChart,,,ff758d3f962009365b5dcdf14636f724,daily-new-estimated-covid-19-infections-icl-model_v3118_850x600.svg,1089,1792,799067552,31985925
daily-new-estimated-covid-19-infections-ihme-model,LineChart,,,1a16624025a74e2b104cd16460e54c0a,daily-new-estimated-covid-19-infections-ihme-model_v3125_850x600.svg,1166,1335,711148984,33250187
daily-new-estimated-covid-19-infections-lshtm-model,LineChart,,,d8ad1859803ac979437242591cdc4a6a,daily-new-estimated-covid-19-infections-lshtm-model_v2950_850x600.svg,814,994,500940064,19181106
daily-new-estimated-covid-19-infections-yyg-model,LineChart,,,0261d8b64b451713042cc58e86e96901,daily-new-estimated-covid-19-infections-yyg-model_v2956_850x600.svg,762,919,545974816,18625341
daily-new-estimated-infections-of-covid-19,LineChart,,,496cd45a5a0c76feca380a8f7b31a33b,daily-new-estimated-infections-of-covid-19_v3358_850x600.svg,1194,1376,999605040,28608899
daily-number-of-animals-slaughtered-for-meat,StackedBar,,,2aca03636dc65191abd9fbe21545597b,daily-number-of-animals-slaughtered-for-meat_v29_850x600.svg,34,73,551745112,2427101
daily-per-capita-caloric-supply,LineChart,,,30b1043c1528b6fac5a35d953de78125,daily-per-capita-caloric-supply_v21_850x600.svg,3,17,723766000,445221
daily-per-capita-fat-supply,WorldMap,,,2e3ea0c39b3552fc9cabca9ff1b57ba0,daily-per-capita-fat-supply_v10_850x600.svg,2,27,576568904,437506
daily-per-capita-fat-supply-vs-gdp-per-capita,ScatterPlot,,,768dac89e1e8dc3b7e8ef0ddefd49053,daily-per-capita-fat-supply-vs-gdp-per-capita_v42_850x600.svg,56,176,644170200,2527355
daily-per-capita-protein-supply,WorldMap,,,81dd2f1d7f49f10bb3e725ed1e465a44,daily-per-capita-protein-supply_v10_850x600.svg,4,47,176965048,435994
daily-per-capita-protein-supply-vs-gdp-per-capita,ScatterPlot,,,ea1af3df88362b544bad39ccd63d256a,daily-per-capita-protein-supply-vs-gdp-per-capita_v34_850x600.svg,67,204,277134416,2525843
daily-per-capita-supply-of-calories-vs-gdp-per-capita,ScatterPlot,,,f59b2aa6525d67621bde1fcf5e4035a0,daily-per-capita-supply-of-calories-vs-gdp-per-capita_v45_850x600.svg,67,216,1331060024,2535070
daily-protein-supply-from-animal-and-plant-based-foods,LineChart,,,3c149fca946de558b5c24973d9f1cf20,daily-protein-supply-from-animal-and-plant-based-foods_v21_850x600.svg,12,29,674688496,873506
daily-protein-supply-of-animal-origin-vs-plant-origin,ScatterPlot,,,7d1f488605442552862b574b81dff01a,daily-protein-supply-of-animal-origin-vs-plant-origin_v20_850x600.svg,54,178,759543256,2715182
daily-tests-and-daily-new-confirmed-covid-cases,LineChart,,,970308541c7962520232f5858207f718,daily-tests-and-daily-new-confirmed-covid-cases_v3065_850x600.svg,815,1032,540520544,20194746
daily-tests-per-thousand-people-smoothed-7-day,WorldMap,,,689ce1b4d20b20f21770356a700be237,daily-tests-per-thousand-people-smoothed-7-day_v424_850x600.svg,16,180,323288576,2949600
daly-rates-from-all-causes-by-age,LineChart,,,d5a96c060aa3d665335f0176ecabb866,daly-rates-from-all-causes-by-age_v20_850x600.svg,22,43,1376407872,1805721
daly-rates-from-infectious-diseases,WorldMap,,,0ef3f590bb7d49ae4257b41a2f0cd294,daly-rates-from-infectious-diseases_v4_850x600.svg,2,25,1329812144,252045
dalys-from-alcohol-use-disorders-by-age,LineChart,,,638d018ef9d6b64d4bd5a837b1aa277b,dalys-from-alcohol-use-disorders-by-age_v17_850x600.svg,20,40,1369436024,1547986
dalys-particulate-matter,WorldMap,,,976dc83432c8dfaff71c74abdf34cd52,dalys-particulate-matter_v17_850x600.svg,2,23,775743120,252253
dalys-rate-from-all-causes,WorldMap,,,5613df8a4c7cc423b4d14c151c473628,dalys-rate-from-all-causes_v24_850x600.svg,2,22,1338631576,251847
dalys-to-ncds-vs-gdp,ScatterPlot,,,fed209b75967ce6c4b89d91248db28e1,dalys-to-ncds-vs-gdp_v46_850x600.svg,52,159,825845008,2343006
damage-costs-from-natural-disasters,StackedBar,,,a4a7e893fe9cceea2bf9c285cddc72d8,damage-costs-from-natural-disasters_v23_850x600.svg,2,15,871645776,39678
data-centers-share-electricity-demand,LineChart,,,1ec10dbebf87d95065342d4269ab8a87,data-centers-share-electricity-demand_v9_850x600.svg,1,11,1346195496,1511
data-deprivation-poverty-surveys-per-decade,WorldMap,,,ec9bb42f7dd88a38a3ac36823afd97b1,data-deprivation-poverty-surveys-per-decade_v31_850x600.svg,2,26,890427144,297780
date-of-the-peak-cherry-tree-blossom-in-kyoto,LineChart,,,472aeebe95f2559a0c229575e6f7986f,date-of-the-peak-cherry-tree-blossom-in-kyoto_v31_850x600.svg,2,39,1376515616,54803
days-of-vacation-and-holidays,LineChart,,,28f3df01205aca83317a48cf03e49d4a,days-of-vacation-and-holidays_v45_850x600.svg,1,12,331301320,2524
dealing-with-anxiety-depression-approaches,DiscreteBar,,,c79804cab45d3c35bba861be6b1782c9,dealing-with-anxiety-depression-approaches_v19_850x600.svg,2,12,339814472,30142
dealing-with-anxiety-depression-comparison,DiscreteBar,,,d86e048ca688b18ebbc1e5cdb98cf4ec,dealing-with-anxiety-depression-comparison_v22_850x600.svg,2,27,912283360,30142
dealt-with-anxiety-depression-friends-family,WorldMap,,,cf7e2d3a90c70639c2cab7baafef2d13,dealt-with-anxiety-depression-friends-family_v21_850x600.svg,1,15,348060984,3744
dealt-with-anxiety-depression-religious-spiritual,WorldMap,,,60186c10b7796d9b3a6c3c0616496ec1,dealt-with-anxiety-depression-religious-spiritual_v23_850x600.svg,2,16,1340828296,3759
dealt-with-anxiety-depression-took-prescribed-medication,WorldMap,,,35857dbd96b83492bb23f2b9e96166c1,dealt-with-anxiety-depression-took-prescribed-medication_v20_850x600.svg,1,14,873320064,3772
death-rate-ambient-air-pollution,WorldMap,,,18fb5c2032a1f125c045d71458a78959,death-rate-ambient-air-pollution_v16_850x600.svg,2,16,292329696,5357
death-rate-amphetamine,WorldMap,,,2e4306ef88d8bd59dfa0d0d31f2a02ab,death-rate-amphetamine_v32_850x600.svg,2,21,1357094024,350214
death-rate-amphetamine-who,WorldMap,,,84d70032078082fcc52049d68ed6667c,death-rate-amphetamine-who_v14_850x600.svg,1,16,883746400,122885
death-rate-by-age-group-in-england-and-wales,LineChart,,,f9b21653ce8e02b04b0ebb7dd5364912,death-rate-by-age-group-in-england-and-wales_v2_850x600.svg,1,18,306755832,6618
death-rate-by-cause-who-mdb,LineChart,,,183d50cc3997bea06b0b2420db7bbc27,death-rate-by-cause-who-mdb_v29_850x600.svg,17,32,1395745320,1447826
death-rate-by-source-from-air-pollution,StackedArea,,,89a1f7a87c8f032928d588cdc4b1684a,death-rate-by-source-from-air-pollution_v26_850x600.svg,14,27,908912656,762328
death-rate-by-source-from-indoor-air-pollution,WorldMap,,,1d42a84579b89a00d0f9cef868f7e2d4,death-rate-by-source-from-indoor-air-pollution_v25_850x600.svg,2,24,322900152,254696
death-rate-from-air-pollution-per-100000,WorldMap,,,c0a170106e95e1ffff2fc895153c6eba,death-rate-from-air-pollution-per-100000_v23_850x600.svg,3,23,338590384,252475
death-rate-from-alzheimers-other-dementias-gbd,WorldMap,,,559b8af30354558d5580a433d179ff66,death-rate-from-alzheimers-other-dementias-gbd_v8_850x600.svg,3,22,888191880,334536
death-rate-from-alzheimers-other-dementias-ghe,WorldMap,,,1a10b06419b77b4074117acd4b910a3b,death-rate-from-alzheimers-other-dementias-ghe_v7_850x600.svg,2,21,1354743560,128038
death-rate-from-ambient-particulate-air-pollution,WorldMap,,,3fcb5cf7db6c9ea80adda8abee02e0d8,death-rate-from-ambient-particulate-air-pollution_v7_850x600.svg,2,19,839397568,258961
death-rate-from-cancer,WorldMap,,,82e3ef9cae9cb6d6cb84aede15e56da7,death-rate-from-cancer_v9_850x600.svg,2,18,899456728,132552
death-rate-from-cancer-by-sex,LineChart,,,0e3a1667fcd9fad5b4029270d1cf6ba2,death-rate-from-cancer-by-sex_v23_850x600.svg,5,21,316588560,324332
death-rate-from-cancer-for-15-to-49-year-olds,LineChart,,,3133d25be529780817550ac078c80767,death-rate-from-cancer-for-15-to-49-year-olds_v12_850x600.svg,2,13,1365241672,335694
death-rate-from-cancer-gbd,WorldMap,,,58dd84100ce13313ad868e21989858f2,death-rate-from-cancer-gbd_v15_850x600.svg,2,21,1381245600,335017
death-rate-from-cancers-vs-average-income,ScatterPlot,,,9fc3fd5b12ef9030374b0a415510a7ef,death-rate-from-cancers-vs-average-income_v49_850x600.svg,71,213,970910864,2416786
death-rate-from-cancers-vs-income-inequality,ScatterPlot,,,67aab8c8b8c13be614d39fd4351623b7,death-rate-from-cancers-vs-income-inequality_v68_850x600.svg,50,157,876893856,2271182
death-rate-from-cardiomyopathy-myocarditis-endocarditis-who-ghe-age-standardized,WorldMap,,,f839eaa72bedcf2f3cb2e198e5e01c6d,death-rate-from-cardiomyopathy-myocarditis-endocarditis-who-ghe-age-standardized_v29_850x600.svg,2,22,329716704,146649
death-rate-from-cardiovascular-disease-age-standardized-ghe,WorldMap,,,b26ec75bc0116d66248a9df5fb57c2b5,death-rate-from-cardiovascular-disease-age-standardized-ghe_v35_850x600.svg,1,17,1393326376,147090
death-rate-from-cardiovascular-disease-for-15--to-49-year-olds,LineChart,,,a5231cc6e9520ef87e7c7a274122c679,death-rate-from-cardiovascular-disease-for-15--to-49-year-olds_v17_850x600.svg,2,23,347018576,335080
death-rate-from-cardiovascular-disease-ghe,WorldMap,,,7bbab2654c9a412d526fcaf6391ad7da,death-rate-from-cardiovascular-disease-ghe_v19_850x600.svg,1,17,1369917400,134569
death-rate-from-cardiovascular-diseases,WorldMap,,,1df1b4864d3e97fe2217168c625d8643,death-rate-from-cardiovascular-diseases_v23_850x600.svg,2,21,323607480,335844
death-rate-from-cardiovascular-diseases-age-group-who-mdb,LineChart,,,74c3c436779666c8fc9bebb0c3a23877,death-rate-from-cardiovascular-diseases-age-group-who-mdb_v36_850x600.svg,18,54,1374409016,1436414
death-rate-from-cardiovascular-diseases-by-risk-factor-age-standardized,DiscreteBar,,,056aaa2900f6d7595b48f6a476821481,death-rate-from-cardiovascular-diseases-by-risk-factor-age-standardized_v39_850x600.svg,41,55,373734304,3031993
death-rate-from-communicable-vs-non-communicable-diseases,ScatterPlot,,,3dd8ee0ab23ff27eb982453951d69733,death-rate-from-communicable-vs-non-communicable-diseases_v24_850x600.svg,80,213,1465707808,3120481
death-rate-from-diabetes,WorldMap,,,dfed67e4f9e811166b815825b3199ac9,death-rate-from-diabetes_v10_850x600.svg,2,22,335952472,326295
death-rate-from-diabetes-gbd,WorldMap,,,921fb3253b0b2cb5f6e5b211ce3d581d,death-rate-from-diabetes-gbd_v10_850x600.svg,2,19,892364416,335757
death-rate-from-diabetes-ghe,WorldMap,,,b641d0203aec5a0d2c86bff9276c397e,death-rate-from-diabetes-ghe_v6_850x600.svg,2,17,346968544,130156
death-rate-from-diabetes-who-mdb,WorldMap,,,fe21730599aa54287ce2ee01d22abe35,death-rate-from-diabetes-who-mdb_v6_850x600.svg,1,22,364469368,149016
death-rate-from-diarrheal-diseases,WorldMap,,,932f5af3588fa619e3c36aa362a8feaa,death-rate-from-diarrheal-diseases_v12_850x600.svg,2,21,836643096,336878
death-rate-from-diarrheal-diseases-who,WorldMap,,,77adae243f11f08228a136d18a5fdddc,death-rate-from-diarrheal-diseases-who_v5_850x600.svg,1,23,375493272,128262
death-rate-from-digestive-diseases,WorldMap,,,acc18a179e84c4306f0e62c512dd6810,death-rate-from-digestive-diseases_v12_850x600.svg,2,23,853122760,325515
death-rate-from-digestive-diseases-gbd,WorldMap,,,822eb9e4ced48c68758b0c085c52fabb,death-rate-from-digestive-diseases-gbd_v7_850x600.svg,3,27,986557592,335370
death-rate-from-digestive-diseases-who-mdb,WorldMap,,,df12f92a8c0df1f7e806769bb0c4bd89,death-rate-from-digestive-diseases-who-mdb_v6_850x600.svg,2,22,353867448,162232
death-rate-from-drowning,WorldMap,,,633c27565891141c5261e7f420a718ca,death-rate-from-drowning_v6_850x600.svg,1,18,868398672,335458
death-rate-from-drowning-among-children-aged-5-to-14,WorldMap,,,e7fa40eea0bea764bb2493d2d198e8d8,death-rate-from-drowning-among-children-aged-5-to-14_v4_850x600.svg,2,28,1011266352,336627
death-rate-from-drowning-ghe,WorldMap,,,a5c49dc951e5317a3cea16f488fe6a27,death-rate-from-drowning-ghe_v5_850x600.svg,1,16,364486056,126870
death-rate-from-drug-use-disorders-for-15--to-49-year-olds,LineChart,,,32fe7034dc966ca7a926686f81438587,death-rate-from-drug-use-disorders-for-15--to-49-year-olds_v8_850x600.svg,2,16,849987616,343170
death-rate-from-falls,WorldMap,,,02c0c9b0477cf3713ed2e71abf7e3c68,death-rate-from-falls_v8_850x600.svg,2,17,972866592,126987
death-rate-from-falls-gbd,WorldMap,,,3e45926e6c513264d3d45d118fa92660,death-rate-from-falls-gbd_v9_850x600.svg,2,21,380437392,325466
death-rate-from-falls-gbd-rate,WorldMap,,,5aa4e49731b8e0b3a5d61f337a42231f,death-rate-from-falls-gbd-rate_v8_850x600.svg,2,15,865058872,334250
death-rate-from-famines-by-decade,StackedBar,,,c602a5fc375973aa182210608f1ee2ae,death-rate-from-famines-by-decade_v19_850x600.svg,1,26,996629752,2923
death-rate-from-famines-by-year,StackedBar,,,60f45be9aa0a2ad088a4f8b02f16cdc6,death-rate-from-famines-by-year_v18_850x600.svg,1,83,898997688,26358
death-rate-from-fires-and-burns-ihme,WorldMap,,,f33e57f1ba7daacb9c5baa09c3ea8a76,death-rate-from-fires-and-burns-ihme_v8_850x600.svg,2,20,362044136,337658
death-rate-from-fires-and-burns-who,WorldMap,,,372567a47f55cfff259b5791378dfffe,death-rate-from-fires-and-burns-who_v5_850x600.svg,2,18,1007470648,126489
death-rate-from-hivaids,WorldMap,,,cbbc50e4bac91e3f819980dced0705dc,death-rate-from-hivaids_v9_850x600.svg,3,25,377564792,339552
death-rate-from-hivaids-who,WorldMap,,,bfe913dfc7ff3f6007288e8f3623641b,death-rate-from-hivaids-who_v5_850x600.svg,2,17,1476220560,127706
death-rate-from-hypertensive-heart-disease-who-ghe-age-standardized,WorldMap,,,7748a34a32523038bab0cd464021f37e,death-rate-from-hypertensive-heart-disease-who-ghe-age-standardized_v29_850x600.svg,3,23,984319088,146877
death-rate-from-indoor-air-pollution-in-1990-vs-2023,ScatterPlot,,,2ff3599f9300435a8feef6f843f05907,death-rate-from-indoor-air-pollution-in-1990-vs-2023_v21_850x600.svg,18,55,382570224,518690
death-rate-from-indoor-air-pollution-vs-per-capita-energy-use,ScatterPlot,,,fab8f104d020f9cdafff02e9c651dc90,death-rate-from-indoor-air-pollution-vs-per-capita-energy-use_v44_850x600.svg,63,189,289482640,2470982
death-rate-from-ischaemic-heart-disease-who-ghe-age-standardized,WorldMap,,,a59adaf646f54816a08c37182ba62a2f,death-rate-from-ischaemic-heart-disease-who-ghe-age-standardized_v35_850x600.svg,3,20,996580304,146731
death-rate-from-liver-disease,WorldMap,,,bac5cc8c565b0d48e27b864646aab466,death-rate-from-liver-disease_v9_850x600.svg,2,21,867149608,326632
death-rate-from-liver-disease-gbd,WorldMap,,,744a06cf281145e360c0d86f5f1535da,death-rate-from-liver-disease-gbd_v9_850x600.svg,2,20,1012192840,336038
death-rate-from-malaria,WorldMap,,,12dbed59cde3399192e920aa727cf83b,death-rate-from-malaria_v10_850x600.svg,1,13,876405072,89364
death-rate-from-malaria-ghe,WorldMap,,,e357911f2ca26e850b092a5099cfd0f8,death-rate-from-malaria-ghe_v8_850x600.svg,1,15,393043584,119967
death-rate-from-malaria-ihme,WorldMap,,,7c5775e3f2fb20b7f0a302c59835017f,death-rate-from-malaria-ihme_v11_850x600.svg,2,17,1026637472,303677
death-rate-from-malnutrition,WorldMap,,,7cc62e0605405993d286672fb7d2eba2,death-rate-from-malnutrition_v8_850x600.svg,2,18,891712976,339378
death-rate-from-malnutrition-ghe,WorldMap,,,5bcc2781ec4a5d5930d4f201a25671d8,death-rate-from-malnutrition-ghe_v8_850x600.svg,1,15,403816152,126923
death-rate-from-maternal-disorders,WorldMap,,,86956ac00f18d5445017dfe23f4034b0,death-rate-from-maternal-disorders_v14_850x600.svg,2,18,1007588096,162381
death-rate-from-maternal-disorders-ihme,WorldMap,,,d553783771c5d612fbfb14ee04bc9b9d,death-rate-from-maternal-disorders-ihme_v13_850x600.svg,2,20,908741760,331570
death-rate-from-meningitis,WorldMap,,,00ea00a2e8c9051dead1cf784be42302,death-rate-from-meningitis_v7_850x600.svg,2,18,388102448,329035
death-rate-from-meningitis-gbd,WorldMap,,,c7215cc28b7ac9ea6459ce876a714bb9,death-rate-from-meningitis-gbd_v7_850x600.svg,2,16,1022629088,338104
death-rate-from-meningitis-who,WorldMap,,,b38245e46448f0a401261dbe43e734e4,death-rate-from-meningitis-who_v5_850x600.svg,1,15,919494664,127318
death-rate-from-mental-health-and-substance-use-disorders-who,WorldMap,,,9363070b1ef697c5c49572edc945fdaa,death-rate-from-mental-health-and-substance-use-disorders-who_v10_850x600.svg,1,16,399559272,126877
death-rate-from-natural-disasters,WorldMap,,,57d239ca288decf8e484ca2bc7943c2b,death-rate-from-natural-disasters_v8_850x600.svg,2,13,1032587240,120706
death-rate-from-natural-disasters-gbd,WorldMap,,,6e9aaf91cfd2266d2a492e9753dca0fa,death-rate-from-natural-disasters-gbd_v8_850x600.svg,2,20,889057984,293769
death-rate-from-obesity,WorldMap,,,6b164b7d6a73fb44122493f887fea805,death-rate-from-obesity_v25_850x600.svg,2,20,414643816,251652
death-rate-from-obesity-gbd,WorldMap,,,fc21c1b4d9fcb61c2a9cbd283499c6d8,death-rate-from-obesity-gbd_v11_850x600.svg,2,16,1015374648,258656
death-rate-from-opioid-use,WorldMap,,,3d5320ca9d21e19d081881193f59e578,death-rate-from-opioid-use_v43_850x600.svg,2,19,905157256,337113
death-rate-from-opioid-use-who,WorldMap,,,100afc9d36efd9bf2e605bb3c16005c9,death-rate-from-opioid-use-who_v17_850x600.svg,1,15,425259984,126344
death-rate-from-outdoor-air-pollution-in-1990-vs-2023,ScatterPlot,,,4fd47ddfc1c0c12436e3287279092d7d,death-rate-from-outdoor-air-pollution-in-1990-vs-2023_v31_850x600.svg,123,249,1112171440,2345434
death-rate-from-ozone-pollution,WorldMap,,,52e75243242d0771f4276ca243a9fe39,death-rate-from-ozone-pollution_v12_850x600.svg,2,19,919825088,255753
death-rate-from-ozone-pollution-gbd,WorldMap,,,fc1bd94c5ca50b5ff718b8fa3e8a04ac,death-rate-from-ozone-pollution-gbd_v9_850x600.svg,2,20,399763408,263951
death-rate-from-parkinsons-disease,LineChart,,,fce8796e7ae47b2060f8f98abb1a689a,death-rate-from-parkinsons-disease_v10_850x600.svg,2,20,416862224,325253
death-rate-from-parkinsons-disease-gbd,WorldMap,,,419c3a4cdd70ad067382654f46e8d47a,death-rate-from-parkinsons-disease-gbd_v7_850x600.svg,2,24,900588056,336285
death-rate-from-parkinsons-disease-ghe,WorldMap,,,42a995a46a6dd3f5254d843d3a47953b,death-rate-from-parkinsons-disease-ghe_v6_850x600.svg,2,14,427333872,126613
death-rate-from-pm25-vs-pm25-concentration,ScatterPlot,,,93333563cfa976575a00532edeb48bf6,death-rate-from-pm25-vs-pm25-concentration_v47_850x600.svg,64,181,337166712,2217232
death-rate-from-pneumonia-gbd,WorldMap,,,18c391ee046bf565d06ec04d0b6a78b8,death-rate-from-pneumonia-gbd_v7_850x600.svg,2,19,915856784,335288
death-rate-from-pneumonia-ghe,WorldMap,,,efaf91aa8fbde4578ba701cbcc15ff3b,death-rate-from-pneumonia-ghe_v4_850x600.svg,1,13,437618952,130909
death-rate-from-poisoning,WorldMap,,,da43eddcdd52346b36ff346401576be2,death-rate-from-poisoning_v9_850x600.svg,2,20,931833680,332033
death-rate-from-poisoning-gbd,WorldMap,,,b9587d2528ee8648cd6a5c906353a0fd,death-rate-from-poisoning-gbd_v12_850x600.svg,2,18,414490720,341125
death-rate-from-poisoning-ghe,WorldMap,,,ac1f58ad1b34e72a0aa0ffe56a40bbce,death-rate-from-poisoning-ghe_v7_850x600.svg,2,16,910063200,126493
death-rate-from-poisonings,WorldMap,,,afac8053324f806e81f9cf1e28c3872a,death-rate-from-poisonings_v21_850x600.svg,1,11,422880576,38687
death-rate-from-respiratory-infections,LineChart,,,fba8beaf887872cbfaeb0bdb2410e195,death-rate-from-respiratory-infections_v9_850x600.svg,2,24,1017883912,326503
death-rate-from-respiratory-infections-gbd,LineChart,,,ec9cbe712ce324611420caa6d6731ffd,death-rate-from-respiratory-infections-gbd_v15_850x600.svg,2,18,439484776,335490
death-rate-from-rheumatic-heart-disease-who-ghe-age-standardized,WorldMap,,,9116702451c175b274c06804adb9b0a6,death-rate-from-rheumatic-heart-disease-who-ghe-age-standardized_v27_850x600.svg,1,17,922458776,148050
death-rate-from-road-accidents,WorldMap,,,214964b8596962c55f72058af538d64d,death-rate-from-road-accidents_v8_850x600.svg,2,25,1035442488,335701
death-rate-from-road-accidents-for-15--to-49-year-olds,LineChart,,,5538a03048e66cf0da2928b90b8f7b10,death-rate-from-road-accidents-for-15--to-49-year-olds_v14_850x600.svg,3,21,455633976,335666
death-rate-from-road-accidents-ghe,WorldMap,,,4519e1b5ecadf2271e90ad9d7ea9f019,death-rate-from-road-accidents-ghe_v6_850x600.svg,2,16,933304152,129565
death-rate-from-rotavirus-children-under-5,WorldMap,,,46cded9112a207f07e998970afa3610a,death-rate-from-rotavirus-children-under-5_v17_850x600.svg,1,14,941705920,6151
death-rate-from-secondhand-smoke,WorldMap,,,cb5660ebfdd197632e4be92465199a7b,death-rate-from-secondhand-smoke_v11_850x600.svg,2,25,1051613256,252269
death-rate-from-secondhand-smoke-gbd,WorldMap,,,1a5d803c72947d603a3def299acd1b3a,death-rate-from-secondhand-smoke-gbd_v9_850x600.svg,3,23,554209672,259050
death-rate-from-smoking,WorldMap,,,8366646536094f69bb8b0dabc4ad4f8a,death-rate-from-smoking_v9_850x600.svg,1,17,428147976,258979
death-rate-from-snakebite-envenoming,WorldMap,,,2cc87115d6267bd1afbbd3da209730c6,death-rate-from-snakebite-envenoming_v7_850x600.svg,1,13,918862352,4656
death-rate-from-strokes,WorldMap,,,0b08504732b1258d6a6492a02202ad93,death-rate-from-strokes_v11_850x600.svg,2,17,443069472,334662
death-rate-from-strokes-who,WorldMap,,,da605b68e80d3901bd2df3c107ffc751,death-rate-from-strokes-who_v20_850x600.svg,1,19,566249960,147012
death-rate-from-suicides,WorldMap,,,047993b842284e56a072e792c84fe038,death-rate-from-suicides_v18_850x600.svg,2,20,934584600,334981
death-rate-from-suicides-ghe,WorldMap,,,8d6e05a891dc7da34ff49cf485979534,death-rate-from-suicides-ghe_v22_850x600.svg,1,20,981599288,128013
death-rate-from-suicides-gho,WorldMap,,,68d7b960a8230ca196d800b772407c77,death-rate-from-suicides-gho_v47_850x600.svg,1,14,454697608,146654
death-rate-from-tuberculosis-gbd,WorldMap,,,6b7ba2e69edd22b836842d2a6f36674f,death-rate-from-tuberculosis-gbd_v8_850x600.svg,2,22,582860792,335901
death-rate-from-tuberculosis-ghe,WorldMap,,,9f9eb118f2363f4bae2663a003693e5b,death-rate-from-tuberculosis-ghe_v9_850x600.svg,1,14,946117544,128316
death-rate-from-unsafe-sanitation,WorldMap,,,12d3b270e58c5731537cf6562820ca99,death-rate-from-unsafe-sanitation_v24_850x600.svg,2,23,997839504,256947
death-rate-from-unsafe-sanitation-gbd,WorldMap,,,6e9681c39981d24229f508ff6b2b5cb4,death-rate-from-unsafe-sanitation-gbd_v17_850x600.svg,2,16,468154120,263933
death-rate-from-unsafe-water-sources-vs-share-in-extreme-poverty,ScatterPlot,,,006d585801f5624068e819c603d0a50b,death-rate-from-unsafe-water-sources-vs-share-in-extreme-poverty_v49_850x600.svg,55,167,1006194168,2223994
death-rate-from-venomous-animal,WorldMap,,,11eea6ee30e24994b6645bf29ce0dcff,death-rate-from-venomous-animal_v18_850x600.svg,2,30,532249624,338213
death-rate-household-air-pollution,WorldMap,,,965cd1886a6e53df19db5619098b861f,death-rate-household-air-pollution_v14_850x600.svg,1,17,345795296,5258
death-rate-household-and-ambient-air-pollution,WorldMap,,,822c502461f4bd94007addf3a6fd9123,death-rate-household-and-ambient-air-pollution_v18_850x600.svg,1,16,1006909256,5425
death-rate-in-armed-conflicts,WorldMap,,,ba5905c7ea6f9a7209a1c9a6bd383def,death-rate-in-armed-conflicts_v34_850x600.svg,2,16,443420808,209704
death-rate-in-armed-conflicts-by-type,StackedBar,,,ac14b620f899fbfb247b81e854b0f761,death-rate-in-armed-conflicts-by-type_v32_850x600.svg,16,28,1145039368,1007741
death-rate-in-armed-conflicts-by-type-and-country,StackedBar,,,874f639d93188ea6bba5a6cc88dd86e9,death-rate-in-armed-conflicts-by-type-and-country_v35_850x600.svg,13,69,1011675872,806848
death-rate-in-state-based-conflicts,StackedBar,,,987281f9dcf76b9e1d6c3dbc91aa6078,death-rate-in-state-based-conflicts_v31_850x600.svg,2,24,361991168,44686
death-rate-in-wars-correlates-of-war,StackedBar,,,199642037ec3ce55d1c90557c0c131a6,death-rate-in-wars-correlates-of-war_v28_850x600.svg,2,67,445426624,25285
death-rate-in-wars-project-mars,StackedBar,,,caba483acceeacabe1ed9a296cd83f08,death-rate-in-wars-project-mars_v23_850x600.svg,2,71,534219240,70174
death-rate-invasive-non-typhoidal-salmonella-across-age-groups,LineChart,,,5b6913f329372071a217396a0f770c20,death-rate-invasive-non-typhoidal-salmonella-across-age-groups_v20_850x600.svg,27,47,1127904864,1767758
death-rate-invasive-non-typhoidal-salmonella-children-under-5,WorldMap,,,2509b6295db6cdcae26e3f2a34499737,death-rate-invasive-non-typhoidal-salmonella-children-under-5_v16_850x600.svg,3,25,293282680,352355
death-rate-lead-exposure,WorldMap,,,d396c0846f05fecf97b78d5769a996cb,death-rate-lead-exposure_v13_850x600.svg,2,24,313587640,251954
death-rate-road-traffic-injuries,WorldMap,,,08afeb4a30475b16fc938d994964aee2,death-rate-road-traffic-injuries_v17_850x600.svg,2,15,1136434536,26859
death-rate-smoking,WorldMap,,,eac68b69ea113dabb274846ae74589eb,death-rate-smoking_v26_850x600.svg,2,21,1027371064,251829
death-rate-tuberculosis-england-wales,LineChart,,,d9d0667775f8faa13c798dbacf0bd4e6,death-rate-tuberculosis-england-wales_v8_850x600.svg,1,16,459431888,10474
death-rate-typhoid-paratyphoid-fever-age-groups,LineChart,,,d045936a317f8d4e64794142ed00546f,death-rate-typhoid-paratyphoid-fever-age-groups_v21_850x600.svg,23,41,578914128,1773385
death-rate-typhoid-paratyphoid-fever-children-under-5,WorldMap,,,7338d142ca6b6cd07ea0746f5458610c,death-rate-typhoid-paratyphoid-fever-children-under-5_v24_850x600.svg,2,23,330049424,352446
death-rate-upper-respiratory-age,DiscreteBar,,,96ef15dbe33309e345674cc61297808b,death-rate-upper-respiratory-age_v14_850x600.svg,27,36,1132469544,1751608
death-rate-vs-share-obesity,ScatterPlot,,,27bf8023e1da7e2cc72378985b1f4f55,death-rate-vs-share-obesity_v25_850x600.svg,14,46,454232520,570003
death-rates-alcohol-drug-overdoses-by-age-who,DiscreteBar,,,16d9689208cec532de2463e136d7c4a3,death-rates-alcohol-drug-overdoses-by-age-who_v19_850x600.svg,7,25,1012782824,558798
death-rates-amphetamine-overdoses-by-age,LineChart,,,20dff6205edb5323c6a1d986ca0d9870,death-rates-amphetamine-overdoses-by-age_v18_850x600.svg,12,27,317824744,783936
death-rates-cocaine,WorldMap,,,495539eaa01bf333f5210f16716cdefd,death-rates-cocaine_v36_850x600.svg,3,23,595089016,345626
death-rates-cocaine-overdoses-by-age,LineChart,,,d2e4f5dda3ad1e11410dee0749d3dd68,death-rates-cocaine-overdoses-by-age_v18_850x600.svg,11,24,1158853120,794128
death-rates-cocaine-who,WorldMap,,,0e0fe6c1418f5553d715ce262e2aa597,death-rates-cocaine-who_v14_850x600.svg,1,16,1024124944,124796
death-rates-disaster-gdp,ScatterPlot,,,03f79b4ecb0afafeb1483676285ea82a,death-rates-disaster-gdp_v16_850x600.svg,14,78,528727704,504413
death-rates-due-to-low-physical-activity,WorldMap,,,75c99d969f78f87dcb19a405ba00e193,death-rates-due-to-low-physical-activity_v9_850x600.svg,2,21,332296704,251713
death-rates-due-to-low-physical-activity-gbd,WorldMap,,,063d511875bf95c3f2d823904eef831b,death-rates-due-to-low-physical-activity-gbd_v9_850x600.svg,2,15,1019085640,259073
death-rates-from-air-pollution,LineChart,,,6e25f0c9cb1b81f69b1b8cb6ccb0f30b,death-rates-from-air-pollution_v16_850x600.svg,14,30,1050984248,1014803
death-rates-from-alcohol-use-disorders,WorldMap,,,56e214a75549cd031fe277a8c2a81718,death-rates-from-alcohol-use-disorders_v26_850x600.svg,2,23,1175201952,329885
death-rates-from-alcohol-use-disorders-gbd,WorldMap,,,175eef71292bb26702017c40004b6951,death-rates-from-alcohol-use-disorders-gbd_v12_850x600.svg,3,23,557023480,339652
death-rates-from-alcohol-use-disorders-ghe,WorldMap,,,a50818baac811493b7d7d0fcf988f9d6,death-rates-from-alcohol-use-disorders-ghe_v6_850x600.svg,1,12,1029482176,126548
death-rates-from-conflict-and-terrorism-gbd,WorldMap,,,7ca122dfd762634c77889b98aaa9def2,death-rates-from-conflict-and-terrorism-gbd_v18_850x600.svg,6,35,316285144,307012
death-rates-from-disasters,StackedBar,,,8edc37b151642d1855e5430a96ca0d09,death-rates-from-disasters_v28_850x600.svg,2,13,1040717688,303170
death-rates-from-drug-use,WorldMap,,,d480bd5e90f82dd5b2be137d6fda9831,death-rates-from-drug-use_v21_850x600.svg,2,21,571579624,252224
death-rates-from-drug-use-disorders,WorldMap,,,4f5cb8d860968497f1cab9b55ccccb99,death-rates-from-drug-use-disorders_v42_850x600.svg,3,24,1147553440,335058
death-rates-from-drug-use-disorders-gbd,WorldMap,,,9d2e23b4e07ce7410332ba40d10d03a1,death-rates-from-drug-use-disorders-gbd_v18_850x600.svg,3,23,1019538608,344639
death-rates-from-drug-use-disorders-who,WorldMap,,,04c9e52174affc29efd05266344dc2ac,death-rates-from-drug-use-disorders-who_v20_850x600.svg,2,12,1008832064,126352
death-rates-from-drug-use-gbd,WorldMap,,,640a6377e001cd8002aa928e363a5361,death-rates-from-drug-use-gbd_v13_850x600.svg,2,20,329765248,259373
death-rates-from-energy-production-per-twh,DiscreteBar,,,b99b29040c0353ae14f46a0ae5e2b488,death-rates-from-energy-production-per-twh_v11_850x600.svg,1,9,577612584,341
death-rates-from-high-blood-pressure,WorldMap,,,55f8fe70cd7239ca3520f38c64c3109d,death-rates-from-high-blood-pressure_v18_850x600.svg,1,15,1022855160,252881
death-rates-from-high-blood-pressure-gbd,WorldMap,,,db0d4514bc5603b589235e4fc9243fd1,death-rates-from-high-blood-pressure-gbd_v15_850x600.svg,2,21,1034165528,258931
death-rates-from-high-blood-sugar,WorldMap,,,2a99c7194effa9ca6e0d597016e86ac7,death-rates-from-high-blood-sugar_v9_850x600.svg,2,23,1164058416,251346
death-rates-from-high-blood-sugar-gbd,WorldMap,,,9d1f535950bc75e3edf485582d5eaa81,death-rates-from-high-blood-sugar-gbd_v8_850x600.svg,1,20,590973192,258518
death-rates-from-indoor-air-pollution-gbd,WorldMap,,,35039950751ec1a51f9e940fb08d8f28,death-rates-from-indoor-air-pollution-gbd_v8_850x600.svg,2,24,349192160,260859
death-rates-from-indoor-air-pollution-vs-gdp-per-capita,ScatterPlot,,,daa9e070ce146145d20f39c11fc4f23c,death-rates-from-indoor-air-pollution-vs-gdp-per-capita_v44_850x600.svg,7,44,1030109592,509946
death-rates-from-indoor-air-pollution-vs-share-of-population-in-absolute-poverty,ScatterPlot,,,075eb80b21d56f8bda5dabeaa911071b,death-rates-from-indoor-air-pollution-vs-share-of-population-in-absolute-poverty_v70_850x600.svg,56,174,586465592,2215968
death-rates-from-mental-and-substance-disorders-by-age-who,DiscreteBar,,,5ef7c58ae485c86940f894e788ba3f62,death-rates-from-mental-and-substance-disorders-by-age-who_v25_850x600.svg,10,20,1055150816,802426
death-rates-from-no-access-to-handwashing-facilities,WorldMap,,,4602e772f01e77614977dee11c314d46,death-rates-from-no-access-to-handwashing-facilities_v20_850x600.svg,2,21,1178992640,254853
death-rates-from-pneumonia-and-other-lower-respiratory-infections-vs-gdp-per-capita,ScatterPlot,,,ff169c896a4e7e9ed25bdd5d9d2aea11,death-rates-from-pneumonia-and-other-lower-respiratory-infections-vs-gdp-per-capita_v49_850x600.svg,60,191,682269096,2425032
death-rates-from-unsafe-sanitation-vs-gdp-per-capita,ScatterPlot,,,84f8b9b395c71ffba92e19a942a28f22,death-rates-from-unsafe-sanitation-vs-gdp-per-capita_v37_850x600.svg,9,50,362397008,514418
death-rates-from-unsafe-sex,WorldMap,,,95ef5a4150878a589268224e35e9c99f,death-rates-from-unsafe-sex_v12_850x600.svg,2,23,1030209400,252324
death-rates-from-unsafe-sex-gbd,WorldMap,,,c83a887e4123585aad12830c1170cdec,death-rates-from-unsafe-sex-gbd_v9_850x600.svg,2,21,1157638672,259134
death-rates-from-unsafe-water-sources-gbd,WorldMap,,,75427fd39e9e65c32c91b28ed1f9c7c3,death-rates-from-unsafe-water-sources-gbd_v16_850x600.svg,2,15,1043377192,262722
death-rates-no-handwashing,WorldMap,,,cf941f44d6ebd1b4371940c4fcfbe136,death-rates-no-handwashing_v24_850x600.svg,2,20,1171275440,261913
death-rates-opioid-overdoses-by-age,LineChart,,,b3cbfcf08a96ae4674f0ff6be0682d2a,death-rates-opioid-overdoses-by-age_v14_850x600.svg,11,25,1053573480,797809
death-rates-road-incidents,WorldMap,,,8fcc1893824661a7cf2fb8b5b057cb75,death-rates-road-incidents_v30_850x600.svg,2,17,1059242432,326672
death-rates-smoking-age,LineChart,,,6f2f853a632bbbec4b374efe888fdc43,death-rates-smoking-age_v17_850x600.svg,11,25,1195250656,776848
death-rates-substance-disorders,WorldMap,,,be6d2b0dd5b2de45cdc8644b20b1b5a5,death-rates-substance-disorders_v37_850x600.svg,2,17,1041076520,328170
death-rates-substance-disorders-who,WorldMap,,,bcd736a0d3323e8644a56fc8ad7b560a,death-rates-substance-disorders-who_v42_850x600.svg,2,19,334725024,147962
death-rates-through-the-20th-century,LineChart,,,8e89fd9bec193d44f7033c9540d32142,death-rates-through-the-20th-century_v18_850x600.svg,2,17,1064923648,21012
death-rates-unsafe-water,WorldMap,,,7beb6fb69f4b18ce2baacf51c69cddeb,death-rates-unsafe-water_v23_850x600.svg,1,16,1055115896,255868
death-rates-unsafe-water-vs-gdp,ScatterPlot,,,713bcd506d157cae139d516f6ef08d59,death-rates-unsafe-water-vs-gdp_v28_850x600.svg,8,48,381744576,513339
deaths-age-group-stacked-bar,StackedDiscreteBar,,,310ab574909fd342b94bf7fced9bacaa,deaths-age-group-stacked-bar_v34_850x600.svg,21,36,1060657336,1674898
deaths-alcohol-drugs-by-sex-who,StackedArea,,,3f680ecc794be94e020034525b686961,deaths-alcohol-drugs-by-sex-who_v19_850x600.svg,5,13,1167868184,269228
deaths-amphetamine-overdoses-by-sex,StackedArea,,,f439928628c5935aae993a3aa1dea22d,deaths-amphetamine-overdoses-by-sex_v9_850x600.svg,4,12,1067395248,249417
deaths-and-disappearances-during-migration,LineChart,,,b3faf4cb410eef63b50fe8a6d018ebb4,deaths-and-disappearances-during-migration_v25_850x600.svg,1,9,1174038448,27399
deaths-and-missing-persons-due-to-natural-disasters,WorldMap,,,f6b9338c400f3d1962cd5257fb7b5ed9,deaths-and-missing-persons-due-to-natural-disasters_v19_850x600.svg,1,13,1078926616,59566
deaths-and-new-cases-of-hiv,LineChart,,,336df1e68cb8b102097703f9f68f2698,deaths-and-new-cases-of-hiv_v36_850x600.svg,15,29,1201804704,853848
deaths-attributed-to-household-air-pollution-vs-deaths-attributed-to-ambient-air-pollution,ScatterPlot,,,7ce4f3826a7ef2e6e8292c4c7194f38e,deaths-attributed-to-household-air-pollution-vs-deaths-attributed-to-ambient-air-pollution_v25_850x600.svg,48,165,1116945064,1852291
deaths-averted-due-to-rotavirus-vaccine,WorldMap,,,21d30b6a33e08fc3e9d4e53feabf9005,deaths-averted-due-to-rotavirus-vaccine_v9_850x600.svg,1,11,1046455696,5830
deaths-by-age-group,StackedArea,,,a9b66b83170604272455d5e918ded049,deaths-by-age-group_v18_850x600.svg,110,127,404752688,5889510
deaths-by-age-group-stacked,StackedBar,,,3f83a92a832d6a9289d3e2e0564000e6,deaths-by-age-group-stacked_v24_850x600.svg,19,32,1091838416,1674898
deaths-by-risk-factor-over-70,DiscreteBar,,,45bea7f209e2146ae76c02512f9c6262,deaths-by-risk-factor-over-70_v30_850x600.svg,71,87,1210822224,4671307
deaths-by-risk-under5s,DiscreteBar,,,9fda2d6cf7808f8b6821e10f5f80f6d0,deaths-by-risk-under5s_v30_850x600.svg,41,54,584376280,3139040
deaths-caused-by-vaccine-preventable-diseases-over-time,StackedArea,,,d2c8a609e7fe675de347976b6afb7183,deaths-caused-by-vaccine-preventable-diseases-over-time_v33_850x600.svg,33,47,665529312,2647645
deaths-cocaine-overdoses-by-sex,StackedArea,,,99d89d8ba0e871d0a7a4917ca5f8cedf,deaths-cocaine-overdoses-by-sex_v8_850x600.svg,5,13,1060631680,250611
deaths-conflict-terrorism-per-100000,WorldMap,,,7a70cea85acec4df2068da4b7d5bb9a9,deaths-conflict-terrorism-per-100000_v37_850x600.svg,6,28,1095736184,316020
deaths-drug-overdoses,LineChart,,,ee3b06c5730766a967f2fefd24436472,deaths-drug-overdoses_v20_850x600.svg,17,32,568845216,1369341
deaths-drug-overdoses-who,LineChart,,,53dc1730edd840fb37505459cfdd3e78,deaths-drug-overdoses-who_v6_850x600.svg,6,16,1114709984,508470
deaths-drug-use-disorders-by-sex,StackedArea,,,37e32c990b46c5207a737409975de9a0,deaths-drug-use-disorders-by-sex_v10_850x600.svg,5,13,628017712,256721
deaths-due-to-alcohol-use,WorldMap,,,830a11853cb2b25b90153ee71f8ea0bc,deaths-due-to-alcohol-use_v8_850x600.svg,2,15,1078743680,259096
deaths-due-to-drug-use,WorldMap,,,192420d70452c8924c426c15ff80bba3,deaths-due-to-drug-use_v15_850x600.svg,2,20,1224561856,259311
deaths-due-to-high-blood-pressure,WorldMap,,,2871b31c40edab33a04a982aaf5efe2e,deaths-due-to-high-blood-pressure_v18_850x600.svg,2,20,582247272,258738
deaths-due-to-high-blood-sugar,WorldMap,,,b5a9782e70d1f99d1278825a5568f742,deaths-due-to-high-blood-sugar_v9_850x600.svg,2,20,641336480,258969
deaths-due-to-illicit-drug-use-by-age,StackedArea,,,1316ffff9123dc05e4b294d59ae98024,deaths-due-to-illicit-drug-use-by-age_v24_850x600.svg,15,24,1109063800,1272192
deaths-due-to-lack-of-access-to-hand-washing-facilities,WorldMap,,,1074794179de910ae0073b3bd15bad92,deaths-due-to-lack-of-access-to-hand-washing-facilities_v16_850x600.svg,2,18,418535520,259573
deaths-due-to-low-physical-activity,WorldMap,,,03d055e17ab897931e834c483f9feeda,deaths-due-to-low-physical-activity_v9_850x600.svg,2,21,1208660016,259139
deaths-due-to-measles-by-region,StackedArea,,,614b356c9f7bd9fa76571f24d4682395,deaths-due-to-measles-by-region_v20_850x600.svg,2,15,652783928,331501
deaths-due-to-measles-gbd,LineChart,,,75b4ae752c4e2f049e881b2fe448e47d,deaths-due-to-measles-gbd_v16_850x600.svg,2,13,592520400,331501
deaths-due-to-obesity,WorldMap,,,e769bd37f29474072d094d0d4888e5e2,deaths-due-to-obesity_v10_850x600.svg,2,17,432844344,258910
deaths-due-to-unsafe-sanitation,WorldMap,,,1ed7d5d67dcc8d868d628b0c40d7bd1a,deaths-due-to-unsafe-sanitation_v19_850x600.svg,3,18,1131418080,260342
deaths-due-to-unsafe-sex,WorldMap,,,65e35607925bebd04e2c966af80de571,deaths-due-to-unsafe-sex_v9_850x600.svg,2,15,1122172552,259129
deaths-due-to-unsafe-water-sources,WorldMap,,,ad210643c7da7a0165fc730e4d4000c7,deaths-due-to-unsafe-water-sources_v19_850x600.svg,2,20,666553496,259803
deaths-from-abortion-and-miscarriage-per-100000-people,WorldMap,,,ea016770c2799ac0d906a1d4ab2220d8,deaths-from-abortion-and-miscarriage-per-100000-people_v8_850x600.svg,2,25,568537616,340560
deaths-from-acute-hepatitis-by-age,StackedArea,,,1ba009fe1ce226d050b1723abd610153,deaths-from-acute-hepatitis-by-age_v16_850x600.svg,21,32,1248377784,1703329
deaths-from-acute-hepatitis-by-cause,StackedArea,,,d2d33f367845f68f5b4363eecc0672ec,deaths-from-acute-hepatitis-by-cause_v19_850x600.svg,16,26,1160882960,1367297
deaths-from-aids-ihme,WorldMap,,,ec763fc50dacad90c60d33914c9dfad3,deaths-from-aids-ihme_v18_850x600.svg,2,16,1094298376,335775
deaths-from-aids-un,LineChart,,,77e3799f4351ba1507670b0be8151808,deaths-from-aids-un_v14_850x600.svg,2,11,403782376,178644
deaths-from-air-pollution,StackedArea,,,ec433f91e71fb6bf14c686aa7d57fdb9,deaths-from-air-pollution_v17_850x600.svg,11,21,651990608,779332
deaths-from-air-pollution-line,LineChart,,,149403e6f320530661ae37a423c24b05,deaths-from-air-pollution-line_v7_850x600.svg,14,27,597018096,1038169
deaths-from-alcohol-use-disorders,WorldMap,,,45f0cee2108b0840e9e7fe06db9cca01,deaths-from-alcohol-use-disorders_v23_850x600.svg,2,17,418980224,336016
deaths-from-alcohol-use-disorders-ghe,WorldMap,,,6b73f8bcbc4467802e81d01bb1baf1ad,deaths-from-alcohol-use-disorders-ghe_v8_850x600.svg,1,13,1104771952,131846
deaths-from-alzheimers,WorldMap,,,f697ce0dac45d9d74f79d7f5735801f4,deaths-from-alzheimers_v11_850x600.svg,2,24,1210836176,335263
deaths-from-alzheimers-other-dementias,WorldMap,,,08e4f73e1e1a8874ee0fb4b192ec59a3,deaths-from-alzheimers-other-dementias_v8_850x600.svg,2,15,1172013176,135358
deaths-from-cancer-gbd,WorldMap,,,cb0f0cc0ebb2faa133f66981a0334cf8,deaths-from-cancer-gbd_v9_850x600.svg,2,22,667654704,334889
deaths-from-cancer-who,WorldMap,,,2545b0b51c5b0b894f4575c6484afe55,deaths-from-cancer-who_v7_850x600.svg,1,12,1115067112,139924
deaths-from-cardiovascular-disease,WorldMap,,,b963f639c2fdcb000ca0a05edf89adc9,deaths-from-cardiovascular-disease_v27_850x600.svg,3,19,434538168,334813
deaths-from-cardiovascular-disease-ghe,WorldMap,,,7a7777286a8d9006f205fc8fbc2666c2,deaths-from-cardiovascular-disease-ghe_v28_850x600.svg,2,18,563679184,141381
deaths-from-cardiovascular-disease-type,DiscreteBar,,,a5dd7a1a379fb658829947b36089b1f6,deaths-from-cardiovascular-disease-type_v36_850x600.svg,13,23,1239113800,954983
deaths-from-cardiovascular-diseases-by-region,StackedArea,,,1abb4bbe8219b9b6d56f0ccaf35d4958,deaths-from-cardiovascular-diseases-by-region_v27_850x600.svg,1,11,1123091360,141381
deaths-from-conflict-and-terrorism,WorldMap,,,36259e656e1ba5016d2e165aa1350ad3,deaths-from-conflict-and-terrorism_v33_850x600.svg,7,30,1135612176,307910
deaths-from-cysticercosis,WorldMap,,,cda11dff2ebfb72f29f692d9df41e415,deaths-from-cysticercosis_v19_850x600.svg,3,20,682683528,327641
deaths-from-diabetes,WorldMap,,,0999a184ea770e0d94b871a9d5fe3611,deaths-from-diabetes_v10_850x600.svg,3,19,449607648,335075
deaths-from-diabetes-by-age,StackedArea,,,aeb1fd3783b2f18be0d414c853718aa5,deaths-from-diabetes-by-age_v18_850x600.svg,18,28,1130652632,1688830
deaths-from-diabetes-by-type,StackedArea,,,412b6278021b1430d1b9a1b71f630fc1,deaths-from-diabetes-by-type_v16_850x600.svg,10,20,585546360,671349
deaths-from-diabetes-ghe,WorldMap,,,a477c0360747d3e0d349060b7f8f1081,deaths-from-diabetes-ghe_v6_850x600.svg,1,17,1249950696,137226
deaths-from-diarrheal-diseases,WorldMap,,,1c7cf52a600783a489f933e387d83e99,deaths-from-diarrheal-diseases_v11_850x600.svg,3,19,1152099576,335542
deaths-from-diarrheal-diseases-by-age,StackedArea,,,c84a629da2e648851123d325e8078200,deaths-from-diarrheal-diseases-by-age_v25_850x600.svg,19,34,568233480,1688051
deaths-from-diarrheal-diseases-who,WorldMap,,,2921af75ce7a32248d466756e9b106cd,deaths-from-diarrheal-diseases-who_v10_850x600.svg,1,13,654462528,134585
deaths-from-digestive-diseases,WorldMap,,,154233522cd72fb949f1ad5ab320253f,deaths-from-digestive-diseases_v7_850x600.svg,2,16,429229880,335051
deaths-from-drowning,WorldMap,,,d3d4792e1dd91f22c87c216c95d5152e,deaths-from-drowning_v7_850x600.svg,2,19,1264965624,335520
deaths-from-drowning-ghe,WorldMap,,,0e2b94b4218de768bf4aca4077223ceb,deaths-from-drowning-ghe_v4_850x600.svg,2,16,1141181504,133844
deaths-from-drug-use-disorders,WorldMap,,,400fd8698a7817ffdc9394e1d1847b76,deaths-from-drug-use-disorders_v30_850x600.svg,2,17,669653080,337856
deaths-from-drug-use-disorders-by-age,StackedArea,,,cb019d7003943fd5120209e21853d27b,deaths-from-drug-use-disorders-by-age_v32_850x600.svg,18,30,1147326816,1539614
deaths-from-drug-use-disorders-by-age-who,StackedArea,,,b52ba2346e1818f0badedc2f9864f88c,deaths-from-drug-use-disorders-by-age-who_v35_850x600.svg,12,20,451372632,618198
deaths-from-drug-use-disorders-ghe,WorldMap,,,79cfbf021ab9384443b5beb1049037fe,deaths-from-drug-use-disorders-ghe_v12_850x600.svg,1,15,1152293336,130011
deaths-from-encephalitis-by-age,StackedArea,,,eec105a966d1725f1738da27a442807c,deaths-from-encephalitis-by-age_v16_850x600.svg,20,30,1259664536,1705853
deaths-from-falls,WorldMap,,,d774b22110417625870d5e21d9c50ebc,deaths-from-falls_v9_850x600.svg,1,15,680281296,134625
deaths-from-falls-gbd,WorldMap,,,783019491bde33980997b81b43da4fa0,deaths-from-falls-gbd_v6_850x600.svg,2,20,583374328,335476
deaths-from-famines-by-country-and-decade,StackedBar,,,cb36f2d655ca0c325ea55eb4bc87955a,deaths-from-famines-by-country-and-decade_v22_850x600.svg,1,8,459483656,2004
deaths-from-famines-by-country-and-year,StackedBar,,,f43b354665c7332b92720024fe0c035d,deaths-from-famines-by-country-and-year_v26_850x600.svg,1,41,1142866760,17941
deaths-from-famines-by-decade,StackedBar,,,d9ae7cb5e001d74d1fff35520c28fb01,deaths-from-famines-by-decade_v24_850x600.svg,1,11,1155658096,2844
deaths-from-famines-by-main-trigger-and-decade,StackedBar,,,a69c3c765487d8137630378bad886dfb,deaths-from-famines-by-main-trigger-and-decade_v25_850x600.svg,1,20,698999528,10775
deaths-from-famines-by-main-trigger-and-year,StackedBar,,,b24906a90dd8537bd8084e6a89abc7b6,deaths-from-famines-by-main-trigger-and-year_v16_850x600.svg,2,43,462610656,98974
deaths-from-famines-by-previous-population-growth,ScatterPlot,,,c6db4bbbbfff385eebde15fe51471515,deaths-from-famines-by-previous-population-growth_v19_850x600.svg,1,22,600616416,8139
deaths-from-famines-by-region-and-year,StackedBar,,,4dd62c03a6eea84926edd8c2e11365fc,deaths-from-famines-by-region-and-year_v18_850x600.svg,1,47,1240199208,26015
deaths-from-fires-and-burns,WorldMap,,,985aafaaf944576613fcf070a4d034b4,deaths-from-fires-and-burns_v7_850x600.svg,2,21,1172352184,336203
deaths-from-fires-and-burns-who,WorldMap,,,d796c9b49de5df73cb035c44c5e900aa,deaths-from-fires-and-burns-who_v7_850x600.svg,2,18,669508928,132469
deaths-from-hiv-by-age,StackedArea,,,a272f52408f3a8d9c8f294410851ff23,deaths-from-hiv-by-age_v26_850x600.svg,27,37,598855032,1699265
deaths-from-household-and-outdoor-air-pollution,LineChart,,,3cc1ad9c986f74e946f402bc830b3ace,deaths-from-household-and-outdoor-air-pollution_v14_850x600.svg,11,27,1145584760,779332
deaths-from-indoor-air-pollution-by-age,StackedArea,,,cd1ef9c725481d8ff920894d79fd8966,deaths-from-indoor-air-pollution-by-age_v14_850x600.svg,14,27,1118869664,1313578
deaths-from-infections-of-currently-noneradicable-diseases,LineChart,,,43594b45f25a7b023de24dc5010e7a76,deaths-from-infections-of-currently-noneradicable-diseases_v23_850x600.svg,13,29,700926216,972613
deaths-from-infectious-diseases,WorldMap,,,11138e1e83ec87c79f55e9b5960545ed,deaths-from-infectious-diseases_v7_850x600.svg,2,17,477759856,334763
deaths-from-liver-disease,WorldMap,,,be62e391f92e2862a95b5594c83aed69,deaths-from-liver-disease_v7_850x600.svg,3,18,1255344128,335440
deaths-from-lower-respiratory-infections-ghe,WorldMap,,,eb2417b5f9b7945df6f659d23025819c,deaths-from-lower-respiratory-infections-ghe_v6_850x600.svg,1,17,1157065296,138168
deaths-from-malnutrition,WorldMap,,,8d56557f403ac55c0974fdcb44cc4173,deaths-from-malnutrition_v7_850x600.svg,2,17,445289216,336206
deaths-from-malnutrition-ghe,WorldMap,,,e1af02d93f61acb176c1cff73e4f997e,deaths-from-malnutrition-ghe_v6_850x600.svg,1,15,1129761488,132474
deaths-from-measles-by-age,StackedArea,,,ee2419e560a74360f5759a6cf4d1ed7f,deaths-from-measles-by-age_v16_850x600.svg,17,27,632630696,1346273
deaths-from-meningitis,WorldMap,,,e51c83d02bac67d08c4e4e521794f005,deaths-from-meningitis_v6_850x600.svg,2,21,716159496,335928
deaths-from-meningitis-by-age,StackedArea,,,6d12320df48290bf49542bc89a67f98f,deaths-from-meningitis-by-age_v17_850x600.svg,21,30,1294625288,1687727
deaths-from-meningitis-ghe,WorldMap,,,c834aa494243e8d92ec1f465cd8c90dc,deaths-from-meningitis-ghe_v5_850x600.svg,2,17,1168521664,132781
deaths-from-mental-health-and-substance-use-disorders-who,WorldMap,,,fd2657710323a0fb7eb16cfb81fd04b8,deaths-from-mental-health-and-substance-use-disorders-who_v8_850x600.svg,1,13,456094688,132946
deaths-from-natural-disasters,WorldMap,,,d1db82abd590c696d1c5e1d427bdc28a,deaths-from-natural-disasters_v8_850x600.svg,1,16,1140244320,121859
deaths-from-obesity-by-age,StackedArea,,,1d0cd2a8ea2b42814a407d56dbcb3682,deaths-from-obesity-by-age_v21_850x600.svg,17,30,701799304,1317796
deaths-from-one-sided-violence,WorldMap,,,117cd87722d26f33c8dc3b1b0dd4bacb,deaths-from-one-sided-violence_v39_850x600.svg,2,14,467639896,202980
deaths-from-ozone-pollution,WorldMap,,,f2192697b09c452d5ec4b3cec00298e2,deaths-from-ozone-pollution_v9_850x600.svg,2,20,1182929608,260729
deaths-from-parkinsons-disease,WorldMap,,,de0f9a66f44e947e22c6a279df65c59a,deaths-from-parkinsons-disease_v7_850x600.svg,2,21,605910648,335453
deaths-from-parkinsons-disease-ghe,WorldMap,,,6e65cc219d448cc3d8373adae765997a,deaths-from-parkinsons-disease-ghe_v6_850x600.svg,1,15,1151097888,133151
deaths-from-pneumonia,WorldMap,,,b5f073d873b70725956352d22d3247b2,deaths-from-pneumonia_v5_850x600.svg,3,20,1254292192,334885
deaths-from-pneumonia-in-people-aged-70-and-older-by-risk-factor,LineChart,,,3e6275f42cdc12dc6fb0fbfa6104aeb4,deaths-from-pneumonia-in-people-aged-70-and-older-by-risk-factor_v18_850x600.svg,16,32,450180624,1039519
deaths-from-poisoning,WorldMap,,,afa9aeea988a03d6aad0c2bc496060da,deaths-from-poisoning_v6_850x600.svg,2,20,1166388416,336896
deaths-from-poisonings-ghe,WorldMap,,,3852a5b9fb1e0076fa3053d25ff54fa8,deaths-from-poisonings-ghe_v7_850x600.svg,1,18,616539072,131077
deaths-from-preterm-birth-complications,WorldMap,,,8f272519080bdef8a71173cf8c7ecf69,deaths-from-preterm-birth-complications_v35_850x600.svg,86,197,1217885384,3054071
deaths-from-rabies-by-age,StackedArea,,,cd125f8707aecc74fb689e198739b00c,deaths-from-rabies-by-age_v18_850x600.svg,21,36,684514928,1781242
deaths-from-respiratory-disease,WorldMap,,,e0973e353af61428929751371f90718c,deaths-from-respiratory-disease_v6_850x600.svg,2,19,1269286048,335232
deaths-from-respiratory-infections,WorldMap,,,2742f3391dfb9da9a3b8aefc18b00a09,deaths-from-respiratory-infections_v9_850x600.svg,2,22,1145574592,335189
deaths-from-road-injuries,WorldMap,,,638b21249f2d1f1397ed83717334b27c,deaths-from-road-injuries_v6_850x600.svg,2,19,626808720,127765
deaths-from-secondhand-smoke,WorldMap,,,897a4e9d50abbb5847e58a60ec0190e7,deaths-from-secondhand-smoke_v12_850x600.svg,2,17,463514256,258820
deaths-from-smallpox-in-london,LineChart,,,1c4f8a6801ae801715b65e33153e2403,deaths-from-smallpox-in-london_v18_850x600.svg,1,13,1280338064,7721
deaths-from-smallpox-per-1000-population,LineChart,,,514514c2275f24208d6fda0c7913d4e5,deaths-from-smallpox-per-1000-population_v21_850x600.svg,1,21,642748216,11366
deaths-from-snakebite-envenoming,WorldMap,,,c2ac096e8f9193a7f3b0ad162e0c50f0,deaths-from-snakebite-envenoming_v3_850x600.svg,1,13,1153471752,4364
deaths-from-strokes,WorldMap,,,1e51eae56706c7c8add55398d1807d38,deaths-from-strokes_v16_850x600.svg,2,17,1295301464,334891
deaths-from-strokes-ghe,WorldMap,,,3428e66437484584d5c6cce5950f89ee,deaths-from-strokes-ghe_v12_850x600.svg,1,16,474326208,139319
deaths-from-substance-disorders,WorldMap,,,4d46b268a09ff883afad3ebe9d9d5d67,deaths-from-substance-disorders_v24_850x600.svg,2,20,700207736,335795
deaths-from-substance-disorders-who,WorldMap,,,2614a308e3e9d281e5c74b3eef61781c,deaths-from-substance-disorders-who_v27_850x600.svg,2,17,1164601208,136197
deaths-from-substance-use-disorders,StackedArea,,,4cef6e1f07838f06c00d570b380e59f3,deaths-from-substance-use-disorders_v32_850x600.svg,11,21,496745464,673872
deaths-from-substance-use-disorders-who,StackedArea,,,b981177b19986b74d47a9d8fa480e9bc,deaths-from-substance-use-disorders-who_v35_850x600.svg,4,12,1267693992,261857
deaths-from-suicide-and-non-suicide-terrorist-attacks,StackedArea,,,871601054ccc196265afdd1462012125,deaths-from-suicide-and-non-suicide-terrorist-attacks_v23_850x600.svg,10,21,625424312,532652
deaths-from-syphilis-by-age,StackedArea,,,0dde7bc73457683de884fb84e036bbd4,deaths-from-syphilis-by-age_v16_850x600.svg,22,33,739714944,1726171
deaths-from-terrorism-by-target,DiscreteBar,,,a2828523f6a5bfddb231b8926f89917a,deaths-from-terrorism-by-target_v10_850x600.svg,106,121,1217684856,5777997
deaths-from-terrorist-attacks-by-method,DiscreteBar,,,74817123603f92a1931051defa3dda18,deaths-from-terrorist-attacks-by-method_v21_850x600.svg,44,54,1287742816,2386323
deaths-from-terrorist-attacks-by-method-of-attack-stacked-bar,StackedBar,,,67a3315dac9fd856032dfc225c50d199,deaths-from-terrorist-attacks-by-method-of-attack-stacked-bar_v19_850x600.svg,40,62,465323856,2386323
deaths-from-venomous-animal-contact,WorldMap,,,3cf0f1d1490b817c085a7e0737c96242,deaths-from-venomous-animal-contact_v6_850x600.svg,2,21,640682192,339062
deaths-from-volcanic-eruptions,StackedBar,,,a0916cc748b240ed9b39b7af27f6deef,deaths-from-volcanic-eruptions_v7_850x600.svg,1,329,752193960,34749
deaths-from-yellow-fever-by-age,StackedArea,,,1632a88842bbdf6e7cc49b3b3ea2da82,deaths-from-yellow-fever-by-age_v15_850x600.svg,25,36,633306224,1396384
deaths-illicit-drugs,DiscreteBar,,,ca18674e87b096473c4f4ba308255438,deaths-illicit-drugs_v31_850x600.svg,10,19,1309295024,597167
deaths-in-armed-conflicts,LineChart,,,4befae9ed96c08ced46e40b6984080fc,deaths-in-armed-conflicts_v45_850x600.svg,12,28,657057184,614908
deaths-in-armed-conflicts-by-country,WorldMap,,,b3b9491ab9bb003fed775cd1ea8f52f3,deaths-in-armed-conflicts-by-country_v84_850x600.svg,3,17,1322043168,210458
deaths-in-armed-conflicts-by-region,StackedBar,,,4f66055510f14e540890be82682735f5,deaths-in-armed-conflicts-by-region_v72_850x600.svg,3,20,477651696,210458
deaths-in-armed-conflicts-by-type,StackedBar,,,94047cc2096f3a06b353ee7aa9c9d6dd,deaths-in-armed-conflicts-by-type_v40_850x600.svg,16,27,1312702184,1011575
deaths-in-armed-conflicts-by-type-and-country,StackedBar,,,1bb767db9d51204cadf6ea35713daf7d,deaths-in-armed-conflicts-by-type-and-country_v37_850x600.svg,14,52,524569152,810682
deaths-in-interstate-conflicts,WorldMap,,,2aadacc585cd16d1f3fd9025382b4610,deaths-in-interstate-conflicts_v40_850x600.svg,2,20,178036448,201219
deaths-in-interstate-conflicts-by-region-gibler-miller,StackedBar,,,e9fa00be2fdeed4cefa5fc7cb4726f0e,deaths-in-interstate-conflicts-by-region-gibler-miller_v20_850x600.svg,2,77,1272032728,33368
deaths-in-interstate-conflicts-gibler-miller,LineChart,,,aa6cc70e07b5081a4fcf72f7c51a7da8,deaths-in-interstate-conflicts-gibler-miller_v18_850x600.svg,2,18,1233052600,66913
deaths-in-intrastate-conflicts,WorldMap,,,e7f4e6e48fef63ed2cc67d5fffc582cb,deaths-in-intrastate-conflicts_v38_850x600.svg,2,15,1324369424,203963
deaths-in-non-state-conflicts,WorldMap,,,63cb9ca4fb5e5806eabf92860aa9d9e3,deaths-in-non-state-conflicts_v38_850x600.svg,1,18,189986640,202520
deaths-in-state-based-conflicts,LineChart,,,4c0b2b3353c3f945bf9adfd7030697e3,deaths-in-state-based-conflicts_v43_850x600.svg,2,18,1338457136,43242
deaths-in-state-based-conflicts-by-region,StackedBar,,,98991c7527ccd5514b2d455798f81160,deaths-in-state-based-conflicts-by-region_v39_850x600.svg,1,20,1212321768,14417
deaths-in-state-based-conflicts-by-type,StackedBar,,,c8c49d9c9eab7af45c020c16f8e7b747,deaths-in-state-based-conflicts-by-type_v26_850x600.svg,3,26,206770480,54302
deaths-in-wars,LineChart,,,15e1479744b6c81abb850addf1b3ae01,deaths-in-wars_v14_850x600.svg,2,22,489937704,73266
deaths-in-wars-by-region-project-mars,StackedBar,,,d23d1cb8b948590d24b6d9508c02b479,deaths-in-wars-by-region-project-mars_v25_850x600.svg,1,112,1317108376,36567
deaths-in-wars-by-war-1800-2011-bar-chart,DiscreteBar,,,ff55a1a05adb4ce17117fa57ec0501b3,deaths-in-wars-by-war-1800-2011-bar-chart_v37_850x600.svg,1,7,1218618856,8185
deaths-in-wars-correlates-of-war,StackedBar,,,4548d780ba1b89251546b3faed9e920f,deaths-in-wars-correlates-of-war_v23_850x600.svg,2,63,1215590600,22530
deaths-in-wars-project-mars,StackedBar,,,de8794809de2a29fba008c50730c6a7e,deaths-in-wars-project-mars_v19_850x600.svg,2,102,514921496,71402
deaths-lead-exposure,WorldMap,,,86169104dda64d453a332df089ccfbf0,deaths-lead-exposure_v13_850x600.svg,2,18,219592320,259010
deaths-opioid-overdoses-by-sex,StackedArea,,,c1711725cf579b9dd017d707dacf1f07,deaths-opioid-overdoses-by-sex_v14_850x600.svg,5,14,1214615904,255506
deaths-registered-with-an-ill-defined-cause-of-death,WorldMap,,,04c7d86d66b66b32740134b80dbd8143,deaths-registered-with-an-ill-defined-cause-of-death_v30_850x600.svg,2,19,236147896,165126
deaths-risk-factor-15-49years,DiscreteBar,,,2391dd4a3ddb61a43acd7acfb5a7ffc2,deaths-risk-factor-15-49years_v30_850x600.svg,65,84,1226266712,4943858
deaths-risk-factor-5-14years,DiscreteBar,,,00ebb5dcb5cadc39e980e6fba51cb72b,deaths-risk-factor-5-14years_v26_850x600.svg,44,60,193774536,2930839
deaths-risk-factor-50-69years,DiscreteBar,,,84a11d038628893e4b57e33a809b1757,deaths-risk-factor-50-69years_v28_850x600.svg,55,70,1250896144,4674279
deaths-substance-disorders,DiscreteBar,,,211768d10c41c89ae8b94c94364faf12,deaths-substance-disorders_v26_850x600.svg,26,36,1362495808,2043213
deaths-substance-disorders-age,StackedArea,,,684f935bf72c407b80d4884d2ab0ef82,deaths-substance-disorders-age_v26_850x600.svg,22,34,489879224,1536318
deaths-substance-disorders-who,DiscreteBar,,,54dcd8fc674c43b3a9a8622158426a14,deaths-substance-disorders-who_v14_850x600.svg,11,18,216964512,770327
deaths-temperature-gasparrini,StackedDiscreteBar,,,00c37fa9204060c610ec600ea886cc46,deaths-temperature-gasparrini_v2_850x600.svg,1,14,1234628944,1805
debt-as-a-percentage-of-gdp-in-the-us,StackedArea,,,dd5e98fab00ae29fde31b7d24a6468fd,debt-as-a-percentage-of-gdp-in-the-us_v7_850x600.svg,2,10,225335728,10124
debt-relief-covid,WorldMap,,,b89c75aefa2d6e21c5c9ca255a48a47a,debt-relief-covid_v2798_850x600.svg,19,246,236469424,4967827
debt-service-of-exports-of-goods-services,WorldMap,,,eabb476b4722d7c1e2ef12acfd6bd21a,debt-service-of-exports-of-goods-services_v12_850x600.svg,2,15,1308461080,80503
decadal-average-surface-temperature,WorldMap,,,e654ce46929a083b87b90afac91a9f11,decadal-average-surface-temperature_v12_850x600.svg,1,11,234855248,57293
decadal-change-foreign-born-us,StackedBar,,,b16bc1a7ea2e36293999fb944720a4e7,decadal-change-foreign-born-us_v3_850x600.svg,1,11,497385632,629
decadal-temperature-anomaly,WorldMap,,,93a53f2231d4a078e33dd5022c488f21,decadal-temperature-anomaly_v18_850x600.svg,2,17,1244515320,59995
decade-in-which-smallpox-ceased-to-be-endemic-by-country,WorldMap,,,a119f5641c212396540c008959a4ec20,decade-in-which-smallpox-ceased-to-be-endemic-by-country_v23_850x600.svg,1,14,505206312,3797
declining-share-of-the-top-1-in-some-european-economies-and-japan,LineChart,,,3ea30b10694330f93dbf5d764e5e1d16,declining-share-of-the-top-1-in-some-european-economies-and-japan_v13_850x600.svg,1,12,243709392,21854
declining-share-of-the-top-1-in-some-european-economies-and-japan-with-finland,LineChart,,,d70fe0a28a5c00aa7c745b1813ef29f3,declining-share-of-the-top-1-in-some-european-economies-and-japan-with-finland_v6_850x600.svg,1,13,1317667216,21854
decomposition-rates-marine-debris,DiscreteBar,,,42c798415e53ca7b12cde12e6d22164b,decomposition-rates-marine-debris_v5_850x600.svg,1,10,1251046528,443
deforestation-agriculture-plantations,WorldMap,,,0b9b45aca14c9c616ea228fb9fae07d8,deforestation-agriculture-plantations_v3_850x600.svg,1,18,519359296,123177
deforestation-by-commodity,DiscreteBar,,,5ce473d2e6fb6ebe9b3421d73fb7f9f4,deforestation-by-commodity_v6_850x600.svg,1,7,206401336,394
deforestation-co2-trade-by-product,DiscreteBar,,,1d505824a27d9e801d5b2d365b41783d,deforestation-co2-trade-by-product_v4_850x600.svg,2,13,1260195184,15142
deforestation-drivers-indonesia,StackedBar,,,9c992280076042e6e77663171bfe531e,deforestation-drivers-indonesia_v7_850x600.svg,1,10,1324160672,3762
deforestation-embedded-trade,WorldMap,,,671b4258f9fdb99e00bad7a910d53b11,deforestation-embedded-trade_v3_850x600.svg,1,17,703806288,111595
deforestation-share-forest-area,WorldMap,,,69533201f556a091f8e1040a501fbf39,deforestation-share-forest-area_v7_850x600.svg,1,11,215363608,21955
degree-to-which-the-legal-framework-guarantees-womens-equal-rights-to-land-ownership-andor-control,WorldMap,,,0e6861ea259d7d58fac292ce8a605db2,degree-to-which-the-legal-framework-guarantees-womens-equal-rights-to-land-ownership-andor-control_v22_850x600.svg,1,14,1333512384,2819
deliberative-democracy-index-vdem,WorldMap,,,1a9cf14d8bb1e7908a4e98082c9fc620,deliberative-democracy-index-vdem_v50_850x600.svg,15,61,518338000,703652
deliberative-political-institutions-index,WorldMap,,,0d505f6313adb6d976143cfb6d7bf80a,deliberative-political-institutions-index_v54_850x600.svg,14,58,1296721456,704864
dementia-death-rates,WorldMap,,,00fdf1087ffbe357ba2b42aab71b7560,dementia-death-rates_v28_850x600.svg,2,18,231242264,327714
dementia-related-deaths-by-age,StackedArea,,,b4d708fe1a585362280ace9e0862a5c8,dementia-related-deaths-by-age_v21_850x600.svg,14,25,731603592,1013615
democracies-autocracies-amb-row,StackedArea,,,7db7d31e8262f9f7553ce83cc160ba8d,democracies-autocracies-amb-row_v57_850x600.svg,6,26,1358270984,433386
democracy-index-by-source,LineChart,,,ead73c545d2ec7659bc6860bc65a9d79,democracy-index-by-source_v89_850x600.svg,71,90,281698496,2832608
democracy-index-eiu,WorldMap,,,a117a61fefaf8e604858fa9fce5a35d1,democracy-index-eiu_v111_850x600.svg,3,21,748702216,98103
democracy-index-polity,WorldMap,,,7d80f859cc1df2fb61a86a1a3aa953ac,democracy-index-polity_v46_850x600.svg,3,45,1352648560,621585
democracy-lexical,WorldMap,,,67c74f1e3187bbde2bbe7b088d555e60,democracy-lexical_v89_850x600.svg,6,36,776604176,1828824
democratic-electoral-institutions-fh,WorldMap,,,aee79ce6c5cc1c6f751997c561a1e960,democratic-electoral-institutions-fh_v31_850x600.svg,1,18,1307706496,114364
democratic-electoral-institutions-row,WorldMap,,,4779cd62fc43afe20deb7b2ca76f8052,democratic-electoral-institutions-row_v72_850x600.svg,5,33,544541560,1611302
democratic-features-bti,WorldMap,,,72a786a2e10aab76a5e50628720fa9e3,democratic-features-bti_v96_850x600.svg,2,18,1321730680,51768
demographic-and-health-surveys-that-were-ongoing-before-termination,WorldMap,,,77d927e56fff547a016a28ae23832cd3,demographic-and-health-surveys-that-were-ongoing-before-termination_v7_850x600.svg,1,11,1360146560,1195
demographic-transition-england-wales,LineChart,,,17796f5d2f0c9cbe964d36a926d3a9c1,demographic-transition-england-wales_v19_850x600.svg,2,21,560940072,12862
demographic-transition-sweden,LineChart,,,e8e5df70e5f3c8454784c053e996b9b3,demographic-transition-sweden_v22_850x600.svg,8,19,734069840,457733
dengue-fever-deaths,WorldMap,,,996428cc69d26e3574cf1c52d0768d9d,dengue-fever-deaths_v12_850x600.svg,2,21,1375871400,317984
dengue-incidence,WorldMap,,,810a5dfa39c57d196c9d33ec602f5f87,dengue-incidence_v25_850x600.svg,2,21,1263987096,237971
dentistry-personnel-per-1000,WorldMap,,,615e7158972bcd1ee0af626a0cc978e5,dentistry-personnel-per-1000_v18_850x600.svg,1,19,294331904,77481
depression-vs-self-reported-life-satisfaction,ScatterPlot,,,6c163266268c68a06d8dc16bedc4fe58,depression-vs-self-reported-life-satisfaction_v42_850x600.svg,67,180,865056896,2161788
depressive-disorders-prevalence-by-age,DiscreteBar,,,cf20057e3d92dcb805f46263b6ae6b7f,depressive-disorders-prevalence-by-age_v41_850x600.svg,62,76,585200368,3877326
depressive-disorders-prevalence-ihme,WorldMap,,,1257fea0d57da7fd7ab9083b75c6f288,depressive-disorders-prevalence-ihme_v41_850x600.svg,2,28,1287019456,252597
depressive-disorders-prevalence-ihme-vs-who,ScatterPlot,,,100dae58603c0a62e8e36ea68fb6eb94,depressive-disorders-prevalence-ihme-vs-who_v53_850x600.svg,60,179,1427606040,2100075
depressive-disorders-prevalence-males-vs-females,ScatterPlot,,,d716c97185da8fbbd1b3e90f4773f6f7,depressive-disorders-prevalence-males-vs-females_v36_850x600.svg,59,178,346445456,2346599
depressive-disorders-prevalence-vs-gdp-per-capita,ScatterPlot,,,396a289378a0ad98c67c13f2a15c00f0,depressive-disorders-prevalence-vs-gdp-per-capita_v45_850x600.svg,8,51,1286008584,510068
depressive-symptoms-across-us-population,StackedDiscreteBar,,,8c0c74cc336534b1da85e9d4db6b77fd,depressive-symptoms-across-us-population_v28_850x600.svg,3,16,244129360,1354
dhs-is-the-only-source-of-maternal-mortality-data,WorldMap,,,70cbe54bc44560670a370ae3bc3a7d3d,dhs-is-the-only-source-of-maternal-mortality-data_v7_850x600.svg,1,15,544810656,5828
diabetes-prevalence,WorldMap,,,ac641c22b1b821146a7b70dab1a5f49d,diabetes-prevalence_v24_850x600.svg,1,13,1295372640,12857
diabetes-prevalence-vs-gdp-per-capita,ScatterPlot,,,252f2eef7bc75f5f0c3815f6fae37591,diabetes-prevalence-vs-gdp-per-capita_v34_850x600.svg,8,38,284786944,270328
diabetes-prevalence-who-gho,WorldMap,,,5b6a8aa5db2a01b661a61efcabfb4002,diabetes-prevalence-who-gho_v23_850x600.svg,2,16,1309597432,191159
diarrheal-death-rates-children-vs-gdp-per-capita,ScatterPlot,,,7a9b1028dc96f6a08dc42e4de0bf8074,diarrheal-death-rates-children-vs-gdp-per-capita_v61_850x600.svg,9,53,599367264,593755
diarrheal-disease-death-rates,WorldMap,,,66966ab5ff697a0273b7bf8f76e64fd3,diarrheal-disease-death-rates_v33_850x600.svg,2,18,1291469840,328200
diarrheal-disease-death-rates-in-children-under-5,StackedArea,,,87f3e15388f728a4af8138f8a2371b8e,diarrheal-disease-death-rates-in-children-under-5_v30_850x600.svg,3,13,296277072,336284
diarrheal-diseases-vs-handwashing-facilities,ScatterPlot,,,d78c10cab3429bb953a1b2fa0de66bc6,diarrheal-diseases-vs-handwashing-facilities_v38_850x600.svg,8,41,1291814800,410556
dietary-choices,StackedArea,,,fe970b9548cd960f5fe928d34f2e6e38,dietary-choices_v8_850x600.svg,2,11,258037584,4039
dietary-choices-of-british-adults,StackedDiscreteBar,,,65f1e00ff4860caaf2918f9f3bf9fb55,dietary-choices-of-british-adults_v42_850x600.svg,2,12,561495928,12483
dietary-choices-uk,DiscreteBar,,,9c5d52968c374a7bd0c9fb95df909be9,dietary-choices-uk_v23_850x600.svg,1,9,266264496,12483
dietary-composition-by-country,StackedArea,,,eb10296db945ec7675f9eb3898456c03,dietary-composition-by-country_v15_850x600.svg,172,194,346136376,10486729
dietary-compositions-by-commodity-group,StackedArea,,,7a04fc0879e3ad2660617c2936f08976,dietary-compositions-by-commodity-group_v9_850x600.svg,70,83,607211976,4338571
dietary-land-use-vs-beef-consumption,ScatterPlot,,,8edc19411886522c6cb6a527ef00eb85,dietary-land-use-vs-beef-consumption_v29_850x600.svg,88,221,232144712,2282531
dietary-land-use-vs-gdp-per-capita,ScatterPlot,,,534e4b6e5e27885d5edd2e984778743c,dietary-land-use-vs-gdp-per-capita_v31_850x600.svg,58,164,1383621304,2094787
difference-in-female-and-male-life-expectancy-at-age-45,LineChart,,,f84e500b52954bfc049044026891bf4e,difference-in-female-and-male-life-expectancy-at-age-45_v13_850x600.svg,5,24,1442235776,689728
difference-in-female-and-male-life-expectancy-at-birth,WorldMap,,,988890fcb04ec8cbdba305a3fea25dc1,difference-in-female-and-male-life-expectancy-at-birth_v23_850x600.svg,4,30,369354680,690224
difference-in-life-expectancy-between-females-and-males-vs-child-mortality,ScatterPlot,,,e09c3496bbf074fbe24489b46473a966,difference-in-life-expectancy-between-females-and-males-vs-child-mortality_v42_850x600.svg,20,128,1476884200,1167874
difference-in-life-expectancy-between-females-and-males-vs-gdp-per-capita,ScatterPlot,,,1d7ae367cc52257b5261885da273ac3b,difference-in-life-expectancy-between-females-and-males-vs-gdp-per-capita_v29_850x600.svg,93,292,462220680,3408783
difference-in-male-and-female-life-expectancy,LineChart,,,a972f90c006eeac811330e7d989e58b4,difference-in-male-and-female-life-expectancy_v24_850x600.svg,70,86,657806432,4845782
difference-in-the-value-of-goods-exported-to-and-imported-by-the-us,DiscreteBar,,,25cd205af7e83c592b9300cefdf887ba,difference-in-the-value-of-goods-exported-to-and-imported-by-the-us_v9_850x600.svg,1,14,1393559144,6643
different-ways-of-pushing-down-the-wage-setting-curve-the-netherlands-and-the-uk,LineChart,,,ea1e406ac0144296dd47b3151153c02e,different-ways-of-pushing-down-the-wage-setting-curve-the-netherlands-and-the-uk_v7_850x600.svg,1,13,1485415616,17459
diphtheria-cases-in-the-united-states,LineChart,,,d5488ef27a4017954aafe84af8ceeea2,diphtheria-cases-in-the-united-states_v5_850x600.svg,1,9,615956608,2297
diphtheria-deaths,LineChart,,,1c4c8abfc97c2eb90060f1eb4698a118,diphtheria-deaths_v6_850x600.svg,2,13,1494368440,4515
diphtheria-tetanus-pertussis-vaccine-vs-pneumococcal-vaccine-coverage,ScatterPlot,,,00cbf7046602bc69949ff46dd003173d,diphtheria-tetanus-pertussis-vaccine-vs-pneumococcal-vaccine-coverage_v24_850x600.svg,7,46,1356232528,317516
direct-democracy-index,WorldMap,,,c4f2ed71e792803b4311f8316558cb83,direct-democracy-index_v54_850x600.svg,13,47,676771944,590115
direct-disaster-economic-loss,WorldMap,,,7ed3de16c96cccd63dd7f3a44eefc9f5,direct-disaster-economic-loss_v12_850x600.svg,1,18,357185048,55695
direct-disaster-loss-as-a-share-of-gdp,WorldMap,,,be96f7761f8dc8c011a6124669cd3b64,direct-disaster-loss-as-a-share-of-gdp_v26_850x600.svg,1,18,1441483472,46254
direct-economic-loss-attributed-to-disasters,WorldMap,,,20dcc1fc984d497249988d70228251a8,direct-economic-loss-attributed-to-disasters_v14_850x600.svg,1,17,368191328,55695
disaster-risk-reduction-progress,WorldMap,,,6de8b04334f31ede0aa9fce267fb8189,disaster-risk-reduction-progress_v15_850x600.svg,1,13,239979984,2354
discomfort-speaking-anxiety-depression,WorldMap,,,d68f6d2b2a385e08291c61f8f2a543ba,discomfort-speaking-anxiety-depression_v12_850x600.svg,1,12,1449240680,4129
discomfort-speaking-anxiety-depression-by-gender,ScatterPlot,,,3549f6ac0df7ba2b45c5a6a0d9a9a0a3,discomfort-speaking-anxiety-depression-by-gender_v27_850x600.svg,101,227,287792704,2478656
discrimination-access-to-credit-gender,WorldMap,,,1aee59bbcbb07a0d6ed2e60d0fc9bad4,discrimination-access-to-credit-gender_v70_850x600.svg,3,25,256467536,260445
discrimination-lgbt-equaldex,WorldMap,,,da8004f4c015d6d3914e7a3bb4209905,discrimination-lgbt-equaldex_v23_850x600.svg,2,12,1457267904,118334
disease-burden-by-age,StackedArea,,,d3552a3f49e759462d9fb0449ef98eae,disease-burden-by-age_v21_850x600.svg,17,33,631937352,1289374
disease-burden-by-region,StackedArea,,,7b4d4f0916ed853d02135ec96d2a30e0,disease-burden-by-region_v22_850x600.svg,3,17,378795464,257235
disease-burden-by-risk-factor,DiscreteBar,,,8c38ae0d9df5afc3e96a27d32a101044,disease-burden-by-risk-factor_v18_850x600.svg,90,103,1491090320,5687080
disease-burden-from-communicable-diseases,StackedArea,,,b0dba54a76cea069d9f412245b58230a,disease-burden-from-communicable-diseases_v22_850x600.svg,21,34,375447088,2067986
disease-burden-from-communicable-diseases-by-age,StackedArea,,,a610ba075d6b8a13768305d4831ab79a,disease-burden-from-communicable-diseases-by-age_v20_850x600.svg,18,32,287896176,1291567
disease-burden-from-injuries,StackedArea,,,4b3bc9833e10717cd0ee4556a71880d1,disease-burden-from-injuries_v18_850x600.svg,36,51,685509872,2572983
disease-burden-from-ncds,StackedArea,,,ac0ef093f4fab91e8f84b7c85aa9a842,disease-burden-from-ncds_v19_850x600.svg,37,53,380054496,3100037
disease-burden-from-ncds-by-age,StackedArea,,,ea04bd3e855f5ed63885f793f32836b3,disease-burden-from-ncds-by-age_v17_850x600.svg,16,29,271049608,1290910
disease-burden-lead,LineChart,,,18c08183cb0aef934df11a3032dda833,disease-burden-lead_v30_850x600.svg,2,25,654674896,258241
disease-burden-rates-by-cancer-types,DiscreteBar,,,94555d7fc22e1f3dd5c554271cc9bf52,disease-burden-rates-by-cancer-types_v26_850x600.svg,103,120,322976664,6808210
disease-burden-rates-from-cancers,WorldMap,,,baae2fa71e98b1b908d2319952895814,disease-burden-rates-from-cancers_v28_850x600.svg,2,21,477647160,252529
disease-burden-to-communicable-diseases-vs-gdp,ScatterPlot,,,167ff8b81f699b70db5c0e3bf5da5a00,disease-burden-to-communicable-diseases-vs-gdp_v47_850x600.svg,88,210,717394224,2341968
disease-burden-vs-health-expenditure-per-capita,ScatterPlot,,,57ba73000eada0fc486b4b86c486b69e,disease-burden-vs-health-expenditure-per-capita_v41_850x600.svg,49,170,451596312,2255908
displaced-plastic-chinese-import-ban,LineChart,,,f74ad54c6932d9db98f21fc2731a2aa0,displaced-plastic-chinese-import-ban_v3_850x600.svg,1,7,1497421952,567
distribution-democracy-index-polity,Marimekko,,,5b46056cd77b0a8b3ad08ceb425a6169,distribution-democracy-index-polity_v25_850x600.svg,13,87,1514072624,568347
distribution-of-bilateral-and-unilateral-trade-partnerships,StackedArea,,,3389f7dd19a5b9972a9c7446208c707a,distribution-of-bilateral-and-unilateral-trade-partnerships_v20_850x600.svg,1,11,485005248,5830
distribution-of-child-labor-by-economic-sector,StackedDiscreteBar,,,702760472f89943f92433c2c0d9116fe,distribution-of-child-labor-by-economic-sector_v18_850x600.svg,1,13,494868816,743
distribution-of-population-across-income-thresholds-stacked-bar-30-only,StackedDiscreteBar,,,7e2b1cb7d2d3f4ec3c47647df7ecdc3c,distribution-of-population-across-income-thresholds-stacked-bar-30-only_v52_850x600.svg,4,20,439527608,182912
distribution-of-population-between-different-poverty-lines-more-thresholds,StackedArea,,,959d757e845768dd93444152e68b762d,distribution-of-population-between-different-poverty-lines-more-thresholds_v50_850x600.svg,10,25,466143952,798611
distribution-of-population-between-different-poverty-lines-round-povlines,StackedArea,,,46152b592baa18dbecc6e0c532c61c41,distribution-of-population-between-different-poverty-lines-round-povlines_v63_850x600.svg,12,26,311563528,799224
distribution-of-population-between-different-poverty-thresholds-historical,StackedArea,,,2d7e59ddbc4852e05a1c505078426801,distribution-of-population-between-different-poverty-thresholds-historical_v19_850x600.svg,3,14,1525037864,88642
distribution-of-population-between-different-poverty-thresholds-stacked-bar,StackedDiscreteBar,,,ea801577204499945685c1617edec9b5,distribution-of-population-between-different-poverty-thresholds-stacked-bar_v56_850x600.svg,6,21,448624400,361089
distribution-of-population-poverty-thresholds,StackedArea,,,fca982d8dc5858d1be85f6ce73fd9de6,distribution-of-population-poverty-thresholds_v60_850x600.svg,7,19,311800032,447587
distribution-of-population-poverty-thresholds-2011-ppp,StackedArea,,,2a07e8d5b2aa54eaa5727f591cf1cfb0,distribution-of-population-poverty-thresholds-2011-ppp_v55_850x600.svg,8,19,1544704256,427877
divergence-of-gdp-per-capita-among-latecomers-to-the-capitalist-revolution-18002016,LineChart,,,8ac5328c676d989062b71e3e6c12fe52,divergence-of-gdp-per-capita-among-latecomers-to-the-capitalist-revolution-18002016_v23_850x600.svg,3,20,461803480,587464
divorces-per-1000-people,LineChart,,,61cdae57fe15a21ebc8c8a8e01be161c,divorces-per-1000-people_v21_850x600.svg,1,21,326027688,58480
do-honest-elections-make-a-difference-to-your-life,StackedDiscreteBar,,,51fb218c0c288bd3a3a790628738bca0,do-honest-elections-make-a-difference-to-your-life_v37_850x600.svg,1,18,322867736,19966
domestic-forest-change-vs-imported-deforestation,ScatterPlot,,,926b9272cc953900628a79dcdd65e5a5,domestic-forest-change-vs-imported-deforestation_v10_850x600.svg,7,39,1527224704,337668
domestic-guests-in-tourism-accommodation-hotels-and-similar-establishments-vs-foreign-guests-in-tourism-accommodation-hotels-and-similar-establishments,ScatterPlot,,,5ba941a7dd826cf1612185c434968a51,domestic-guests-in-tourism-accommodation-hotels-and-similar-establishments-vs-foreign-guests-in-tourism-accommodation-hotels-and-similar-establishments_v26_850x600.svg,4,41,267249728,167391
domestic-material-consumption-per-capita,WorldMap,,,373f3e341bc362cc419321425f4fdd4f,domestic-material-consumption-per-capita_v26_850x600.svg,2,19,473874544,178466
domestic-material-consumption-per-unit-of-gdp,WorldMap,,,e25b93689bb8085f9d7f74fc919b0a48,domestic-material-consumption-per-unit-of-gdp_v20_850x600.svg,1,20,336187208,160152
domestic-policy-free-from-interference-of-other-states-score,WorldMap,,,51cf0e678289429e29b38aaab976ffd5,domestic-policy-free-from-interference-of-other-states-score_v36_850x600.svg,4,42,483803608,1064678
donated-official-development-assistance-grants-for-poverty-reduction,WorldMap,,,121a0247de7fa540ea2784291d0514b6,donated-official-development-assistance-grants-for-poverty-reduction_v18_850x600.svg,1,14,483425560,21228
drink-drive-collisions-uk,LineChart,,,31cae6d8de7c7e18febf653778c6734d,drink-drive-collisions-uk_v4_850x600.svg,1,13,344865048,3878
drinkers-had-a-heavy-session-in-past-30-days,WorldMap,,,c33e474686a7cd17206a5bf52ca8104c,drinkers-had-a-heavy-session-in-past-30-days_v15_850x600.svg,2,18,1538668952,130055
drinking-water-service-coverage,StackedArea,,,0515a5904325aba59b3f94932484e044,drinking-water-service-coverage_v10_850x600.svg,15,26,468538720,853016
drinking-water-services-coverage-rural,StackedArea,,,3c812e1129bb169d34815978522a523d,drinking-water-services-coverage-rural_v8_850x600.svg,12,24,326213072,616388
drinking-water-services-coverage-urban,StackedArea,,,4cbc71aad01167feeca5f35c702c3b63,drinking-water-services-coverage-urban_v9_850x600.svg,11,26,287546744,681497
drivers-deforestation-commodity,StackedArea,,,a1a3f36dde6f953d3be120fd3119c722,drivers-deforestation-commodity_v6_850x600.svg,13,37,1574432264,566894
drivers-forest-loss-brazil-amazon,StackedArea,,,f81ac2f2850d18b12654609dea536a17,drivers-forest-loss-brazil-amazon_v6_850x600.svg,1,17,727249440,4709
drivers-of-recovery-in-european-bird-populations,DiscreteBar,,,82437761f72aacb98ea1096fdb1ecae0,drivers-of-recovery-in-european-bird-populations_v5_850x600.svg,1,9,490678256,441
drought-severity-index-us,LineChart,,,02081ae2695dbd0362ea1e5556da24de,drought-severity-index-us_v10_850x600.svg,2,19,339070304,8385
drowning-death-rates,WorldMap,,,21f144526ba5870a95241a4fdaa5d52b,drowning-death-rates_v22_850x600.svg,2,22,484619776,326748
drowning-death-rates-under-5,WorldMap,,,19f51eea657a6823a5bd5aa0d6a10d62,drowning-death-rates-under-5_v23_850x600.svg,2,26,307414328,335982
drowning-deaths-by-age-group,StackedArea,,,7f141bea7b5a6f13339ceb25517e10c7,drowning-deaths-by-age-group_v20_850x600.svg,19,30,465167632,1682872
drug-disorder-dalys-rate,WorldMap,,,9f06639339cfad0a19630e781407ea28,drug-disorder-dalys-rate_v28_850x600.svg,2,21,353423952,251645
drug-overdose-death-rates,LineChart,,,788671c38083dac90fc3741a7b9adb59,drug-overdose-death-rates_v17_850x600.svg,1,14,1543704200,3245
drug-resistant-confirmed-cases-of-tuberculosis,DiscreteBar,,,ab0a4285c499be4480d0e6819a781b54,drug-resistant-confirmed-cases-of-tuberculosis_v10_850x600.svg,1,9,492549928,42649
dtp3-children-unvaccinated,WorldMap,,,90f5361a2ab0cd972746b83c9f8a4170,dtp3-children-unvaccinated_v16_850x600.svg,4,30,175097984,266292
duration-of-compulsory-education,WorldMap,,,9b884fd1c13d47955dc7d73510c8571e,duration-of-compulsory-education_v13_850x600.svg,2,21,1559451792,140346
duration-of-pre-primary-education,WorldMap,,,3e42d3ccdca3f372b7c0e2953c3866f2,duration-of-pre-primary-education_v24_850x600.svg,2,26,290062976,307342
earthquake-deaths,StackedBar,,,bbda31a178a08410e9d5ce3f646a17c4,earthquake-deaths_v11_850x600.svg,2,418,497625624,123188
eat-lancet-diet-animal-products,StackedDiscreteBar,,,0bab1e9a6b22405b8efc5ebafe5872f0,eat-lancet-diet-animal-products_v5_850x600.svg,2,14,324958992,114238
eat-lancet-diet-comparison,StackedDiscreteBar,,,85f34b2fc87f5be6c5c8628fb6ad9dfa,eat-lancet-diet-comparison_v4_850x600.svg,3,17,480474544,296907
eating-disorders-prevalence,WorldMap,,,e1fddc55410f493fa30ddcdafcecb5a5,eating-disorders-prevalence_v33_850x600.svg,2,22,1576256280,267898
eating-disorders-prevalence-by-age,DiscreteBar,,,a3aaafc5264871197976c0e5253b710e,eating-disorders-prevalence-by-age_v27_850x600.svg,34,45,376844024,2666378
eating-disorders-prevalence-males-vs-females,ScatterPlot,,,621ca44b86eaa9929ef1dd96b7422ee4,eating-disorders-prevalence-males-vs-females_v34_850x600.svg,65,179,298751896,2378012
eci-ranking-vs-gdp-per-capita,ScatterPlot,,,3f613b335a4e2ad493cafe7922b038f4,eci-ranking-vs-gdp-per-capita_v50_850x600.svg,61,172,322025264,2239194
econimpact2c,WorldMap,,,300820caf30ffddc40990a7578f95f51,econimpact2c_v57_850x600.svg,1,14,490291096,23744
economic-complexity-rankings,WorldMap,,,5461c751f5005bd5ecbfd2f14d173471,economic-complexity-rankings_v14_850x600.svg,1,17,1587787640,149345
economic-damage-from-natural-disasters,StackedBar,,,cbc312b0e5a2f6a076796e38b67b80cc,economic-damage-from-natural-disasters_v18_850x600.svg,1,15,456798360,39678
economic-decline-in-the-second-quarter-of-2020,DiscreteBar,,,6defddc87c6dc1a59376796b65335320,economic-decline-in-the-second-quarter-of-2020_v18_850x600.svg,1,13,1559026448,1388
effective-fertility-rate-children-per-woman-who-are-expected-to-survive-until-childbearing-age,WorldMap,,,f65bb0ac3ffea1f3e94080bad0efc685,effective-fertility-rate-children-per-woman-who-are-expected-to-survive-until-childbearing-age_v16_850x600.svg,3,29,481228952,681332
effective-fertility-rates-malani-and-jacob,LineChart,,,232ec63a587aaa3a40e2fd0f016c4c35,effective-fertility-rates-malani-and-jacob_v11_850x600.svg,50,79,406559296,3114523
effective-power-to-govern-score-bti,WorldMap,,,536794cb8efb0f166db43875df1f5caa,effective-power-to-govern-score-bti_v83_850x600.svg,2,19,1572455232,46185
efficiency-lighting-uk-sources,LineChart,,,de13d26140c2c8ec75dd75eb41e251bf,efficiency-lighting-uk-sources_v5_850x600.svg,1,13,488022904,603
efficiency-of-lighting-in-the-united-kingdom-lumen-hours-per-kilowatt-hour,LineChart,,,238e08e44857af43bc97829525f59365,efficiency-of-lighting-in-the-united-kingdom-lumen-hours-per-kilowatt-hour_v11_850x600.svg,1,9,1578064120,255
egalitarian-democracy-index-vdem,WorldMap,,,125a7829eff099b10bcb60c95a9a29f2,egalitarian-democracy-index-vdem_v55_850x600.svg,15,68,1587517872,703281
egalitarian-political-institutions-index,WorldMap,,,db3bf149894d727885caf8c8d8837350,egalitarian-political-institutions-index_v57_850x600.svg,14,59,487900000,704862
egg-production-system,StackedArea,,,1abcc28dcd0268608c0646b3f3af9b81,egg-production-system_v11_850x600.svg,2,10,338559496,3809
egg-production-thousand-tonnes,WorldMap,,,ed0f6d546663615fba1f2f38fc9be003,egg-production-thousand-tonnes_v14_850x600.svg,2,29,512391576,445006
egg-yield-per-bird,WorldMap,,,4b5210668640835247c9f1e69596ec5e,egg-yield-per-bird_v15_850x600.svg,4,31,365235496,440495
eggs-cage-free,LineChart,,,cc00c2b36b6dbbc90fa495aa77d41be1,eggs-cage-free_v7_850x600.svg,1,11,1595510192,13724
elec-fossil-nuclear-renewables,StackedArea,,,6606c21cb77ee3568295c7de7fe60f60,elec-fossil-nuclear-renewables_v50_850x600.svg,10,71,1605903000,614092
elec-mix-bar,StackedDiscreteBar,,,e3dd883550f9ecefa3052afb32a688a2,elec-mix-bar_v44_850x600.svg,10,30,345807520,614092
elected-parliament-and-government,WorldMap,,,5373893c0e81f32c8de0ace186dcd49f,elected-parliament-and-government_v41_850x600.svg,5,34,541412024,1828824
elected-political-leaders-index,WorldMap,,,1b7bb705d48fbaacce5f26f9e9a35c31,elected-political-leaders-index_v46_850x600.svg,23,95,394702200,933723
elections-for-the-governments-chief-executive,WorldMap,,,69d7d21f7c34c015cfd6a26ab6401cf9,elections-for-the-governments-chief-executive_v61_850x600.svg,5,36,249912312,1828824
elections-legislature-lexical,WorldMap,,,7b036545033584ee53a87ff4b6090e39,elections-legislature-lexical_v61_850x600.svg,5,37,378424992,1828824
elections-recently-led-to-a-change-in-government,WorldMap,,,873ab009675a1845dd759ce44a8f41e8,elections-recently-led-to-a-change-in-government_v25_850x600.svg,4,33,569171720,1828824
electoral-democracy-index,WorldMap,,,dd3a1edc6f3a434c143581005be95ab1,electoral-democracy-index_v61_850x600.svg,24,93,275859704,1034365
electoral-democracy-row,WorldMap,,,5df09beec2778026082372b74f7d2ba5,electoral-democracy-row_v54_850x600.svg,6,35,1632237880,1608262
electric-car-sales,WorldMap,,,bd87a1f1059ad3d81dba743a6b1732b1,electric-car-sales_v13_850x600.svg,1,13,386660176,23550
electric-car-sales-share,LineChart,,,538043ecc217b96903aa59ad2d346af5,electric-car-sales-share_v16_850x600.svg,1,16,527899640,22804
electric-car-stocks,LineChart,,,ffca5c28abd875cabebc6e6994b60061,electric-car-stocks_v9_850x600.svg,1,12,394763312,19695
electricity-air-conditioning,LineChart,,,d097a47b8a17e374a981fff0d85665b7,electricity-air-conditioning_v7_850x600.svg,1,8,533467600,722
electricity-as-a-share-of-primary-energy,WorldMap,,,4d9dc950e63bc02b0a68116772b78727,electricity-as-a-share-of-primary-energy_v27_850x600.svg,1,14,405012592,133516
electricity-fossil-renewables-nuclear-line,LineChart,,,b05c6e8d91ee5eded969bfc1ffb71704,electricity-fossil-renewables-nuclear-line_v33_850x600.svg,10,33,363975792,695119
electricity-generation-from-solar-and-wind-compared-to-coal,LineChart,,,3b5194f84380f92d1807a70a01860d86,electricity-generation-from-solar-and-wind-compared-to-coal_v20_850x600.svg,8,31,1661268712,439303
electricity-mix-uk,StackedArea,,,88227d89bbf764dd8ffeae46042860da,electricity-mix-uk_v30_850x600.svg,26,155,588949640,2052798
electricity-production-by-source,LineChart,,,d4a33e5545406096c0bd55c20aae0096,electricity-production-by-source_v43_850x600.svg,39,56,409102216,1983623
electricity-source-scale-up,LineChart,,,5c2098a4c52c81e68d119bdf9b0beb6e,electricity-source-scale-up_v16_850x600.svg,2,18,376179600,18960
electricity-source-wb-stacked,StackedArea,,,3c787d61354c1f4f066a4caa5e7e480c,electricity-source-wb-stacked_v12_850x600.svg,11,34,1649607608,810378
electronic-waste-recycling-rate,DiscreteBar,,,99565eba1058349c43aec64e74eb6f2f,electronic-waste-recycling-rate_v16_850x600.svg,2,9,282472672,19152
elite-consultations-score,WorldMap,,,03caa2fec483b52859c6dcf5aa679e72,elite-consultations-score_v66_850x600.svg,8,43,315382696,1072242
emission-factors-food-transport,DiscreteBar,,,9b0b9e6e7c65cf9c44e7bc68c06366b0,emission-factors-food-transport_v10_850x600.svg,1,9,382601344,180
emissions-from-food,WorldMap,,,6e8fed324533a2671a693b7de89bdf5c,emissions-from-food_v7_850x600.svg,3,18,355337512,193511
emissions-of-air-pollutants,LineChart,,,0b3a70515533fe91765c686a19fcb1a9,emissions-of-air-pollutants_v10_850x600.svg,1,14,1660597496,13076
emissions-of-air-pollutants-oecd,LineChart,,,ddd7fb0603cbcf3c92a4077ce7971780,emissions-of-air-pollutants-oecd_v4_850x600.svg,3,12,420399256,101041
emissions-of-particulate-matter,LineChart,,,a93363a2c644e112f4b913a2857e62c5,emissions-of-particulate-matter_v5_850x600.svg,1,12,363438888,4183
emissions-weighted-carbon-price,WorldMap,,,53711f18a85cda7895d0f46735954012,emissions-weighted-carbon-price_v28_850x600.svg,2,19,435786096,194810
employed-fisheries-aquaculture,StackedDiscreteBar,,,3072492a4762ec6ed9b9a08662936732,employed-fisheries-aquaculture_v7_850x600.svg,1,11,1669242232,3637
employed-fisheries-aquaculture-time,LineChart,,,fa0cf78910dbf182188c12fbab681d59,employed-fisheries-aquaculture-time_v5_850x600.svg,1,11,322970368,3637
employment-by-economic-sector,StackedArea,,,8406d8ed0698cfd86219fc6afb008bcc,employment-by-economic-sector_v10_850x600.svg,2,11,371432400,66829
employment-discrimination-bans-lgbt,WorldMap,,,abea4a03292213d196abbc0c410d86a6,employment-discrimination-bans-lgbt_v66_850x600.svg,2,17,335072864,284738
employment-discrimination-lgbt-equaldex,WorldMap,,,785ee493c81db21952d7f9e0fd6c3037,employment-discrimination-lgbt-equaldex_v27_850x600.svg,2,15,1635270112,105640
employment-in-agri-vs-urban-pop,ScatterPlot,,,5ff8911dad03ed277a6476599c99f698,employment-in-agri-vs-urban-pop_v40_850x600.svg,17,68,491983984,920081
employment-in-agriculture-vs-share-of-population-living-in-rural-areas,ScatterPlot,,,344475b0ba01be442fc636189cbb7d1c,employment-in-agriculture-vs-share-of-population-living-in-rural-areas_v44_850x600.svg,7,37,442979176,349846
employment-in-the-coal-industry-in-the-united-kingdom,LineChart,,,fb9263f142fd6da559624659954c217c,employment-in-the-coal-industry-in-the-united-kingdom_v7_850x600.svg,1,10,379345816,2970
employment-to-population-ratio,WorldMap,,,27e9024c5c19da5ed801864cc8dea09c,employment-to-population-ratio_v18_850x600.svg,2,24,1653245480,214640
employment-to-population-ratio-men-vs-women,ScatterPlot,,,8b31c4a6b93f82c728de0966f8e241e9,employment-to-population-ratio-men-vs-women_v28_850x600.svg,52,167,432505576,2270898
endemic-amphibian-species-by-country,WorldMap,,,d62bf28e0b77f85231ee48fa1db23634,endemic-amphibian-species-by-country_v12_850x600.svg,2,15,293304056,6496
endemic-bird-species-by-country,WorldMap,,,c306d5d8f29640d36cefc9417f6ca08b,endemic-bird-species-by-country_v14_850x600.svg,1,15,301366280,6489
endemic-freshwater-crab-species,WorldMap,,,aa4d1837443e35c11de077ef6543b481,endemic-freshwater-crab-species_v8_850x600.svg,1,9,1660749072,6459
endemic-mammal-species-by-country,WorldMap,,,40f5444de0ec480d028122640eb63454,endemic-mammal-species-by-country_v14_850x600.svg,1,14,451108408,6478
endemic-reef-forming-coral-species,WorldMap,,,9351fd2da90eed06356788191a2f4704,endemic-reef-forming-coral-species_v13_850x600.svg,1,9,596566296,6438
endemic-shark-and-ray-species,WorldMap,,,a19ae8f812b4dbfa71019dcfbe87a73f,endemic-shark-and-ray-species_v8_850x600.svg,1,9,1668356696,5499
energy-efficiency-of-meat-and-dairy-production,DiscreteBar,,,8db2f4ca26798de2570115304f4d932e,energy-efficiency-of-meat-and-dairy-production_v4_850x600.svg,1,8,307284552,234
energy-embedded-traded-goods,WorldMap,,,b30c691d455f7ac62d75a908bf7e7ea9,energy-embedded-traded-goods_v6_850x600.svg,1,12,420909544,36965
energy-imports-and-exports-energy-use,DiscreteBar,,,78c6d803dbfbf15ca31bba4db0aaf4e6,energy-imports-and-exports-energy-use_v14_850x600.svg,1,8,603277120,162557
energy-intensity,WorldMap,,,86d9d43767db97c2bd043f27596c0268,energy-intensity_v29_850x600.svg,1,20,323220440,264542
energy-intensity-by-sector,LineChart,,,41f93f531a269b137cd16bc50bcbfe03,energy-intensity-by-sector_v10_850x600.svg,8,22,1644608184,650303
energy-intensity-of-economies,WorldMap,,,b67a82a22a1037cea49ac4800baa1066,energy-intensity-of-economies_v26_850x600.svg,2,21,507598808,138234
energy-intensity-transport,DiscreteBar,,,45edfb493a3cc429baeca025f59584e7,energy-intensity-transport_v6_850x600.svg,0,5,608906488,10528
energy-intensity-vs-gdp,ScatterPlot,,,bad15dd2cf132442d16041ec387a9b41,energy-intensity-vs-gdp_v37_850x600.svg,18,305,585613112,926764
energy-mineral-prices,LineChart,,,e46d4da12c23ca6c9e82757c25a2e811,energy-mineral-prices_v7_850x600.svg,2,23,600936424,28808
energy-use-gdp-decoupling,LineChart,,,a10547b166a72b644ec1fe75c45096d7,energy-use-gdp-decoupling_v19_850x600.svg,5,19,344139504,341803
energy-use-per-capita-vs-co2-emissions-per-capita,ScatterPlot,,,9a1edeec2fd7687b4cf7fa514fbd0611,energy-use-per-capita-vs-co2-emissions-per-capita_v33_850x600.svg,60,190,1733877608,2429903
energy-use-per-capita-vs-gdp-per-capita,ScatterPlot,,,c9704b5f1831a5866a4de6188db8fd0d,energy-use-per-capita-vs-gdp-per-capita_v41_850x600.svg,56,175,565873368,2277706
energy-use-per-person-vs-gdp-per-capita,ScatterPlot,,,fa50d5f92e7b2abf13a14223d20e4afd,energy-use-per-person-vs-gdp-per-capita_v47_850x600.svg,8,57,621492296,632081
enforcement-of-bans-on-tobacco-advertising,WorldMap,,,3418eb6749cdf1f142007ed329000ee0,enforcement-of-bans-on-tobacco-advertising_v15_850x600.svg,2,16,308701608,44850
engaged-society-score,WorldMap,,,5a9192790f60182178b63beba549ab1a,engaged-society-score_v70_850x600.svg,7,38,341165752,1071755
england-covid-19-mortality-rate-by-vaccination-status,LineChart,,,8948887deec7d030dc6914f2eb7123f9,england-covid-19-mortality-rate-by-vaccination-status_v30_850x600.svg,2,11,630345592,3339
englands-economy-over-the-long-run-gdp-per-capita-vs-population,ScatterPlot,,,7669ebb8505a3dc7b41ed927476bea55,englands-economy-over-the-long-run-gdp-per-capita-vs-population_v9_850x600.svg,1,20,356060168,50506
englands-economy-over-the-long-run-gdp-vs-population,ScatterPlot,,,918e58b2323902283b2727a7e1634027,englands-economy-over-the-long-run-gdp-vs-population_v12_850x600.svg,1,16,642597696,53348
environmental-footprint-milks,DiscreteBar,,,b2de8dc9ba7541da9d6098d9bff35fba,environmental-footprint-milks_v9_850x600.svg,2,16,444811848,915
equal-access-to-power-index,WorldMap,,,0a8f94a0189f3d478c33f5db9632f65f,equal-access-to-power-index_v67_850x600.svg,30,89,415242576,1062424
equal-authority-over-assets-during-marriage,WorldMap,,,4caa04cb9d3874744bd9e9ac0f7fcbe5,equal-authority-over-assets-during-marriage_v69_850x600.svg,2,24,627751584,260445
equal-resource-distribution-index,WorldMap,,,e2612e7a51bfbb85c20a39fee7c83d91,equal-resource-distribution-index_v74_850x600.svg,18,61,518663544,704757
equal-rights-protection-index,WorldMap,,,d1e5fe684762147d1c7f584062c2b5dc,equal-rights-protection-index_v65_850x600.svg,19,82,731791640,1062451
equality-of-civil-liberties-across-social-groups-score,WorldMap,,,364b122c2968cd1dbafb6e625dd318ba,equality-of-civil-liberties-across-social-groups-score_v31_850x600.svg,5,43,598511552,1070249
equality-of-political-power-across-social-groups-score,WorldMap,,,655369eaee2369ad14f877992977a414,equality-of-political-power-across-social-groups-score_v31_850x600.svg,5,42,467026776,1072413
escaping-the-malthusian-trap,ScatterPlot,,,b7e905ebb711591d6a7b5e78123e597c,escaping-the-malthusian-trap_v16_850x600.svg,2,15,1746114632,4278
estimated-destroyable-area-by-nuclear-weapons-deliverable-in-first-strike,LineChart,,,dee55a162c2ae17c9631f1d9cd2ba3b1,estimated-destroyable-area-by-nuclear-weapons-deliverable-in-first-strike_v37_850x600.svg,1,22,430921968,10903
estimated-lifetime-hours-of-work-and-leisure,LineChart,,,6a85eb1bc8d77f8b3e7a5fb1ce7b963f,estimated-lifetime-hours-of-work-and-leisure_v10_850x600.svg,2,8,1752383688,448
estimated-lifetime-hours-of-work-and-leisure-alt,DiscreteBar,,,e869436e3bcf7b018e4db5ea4b477d67,estimated-lifetime-hours-of-work-and-leisure-alt_v11_850x600.svg,2,10,1759927536,763
estimated-megatons-of-nuclear-weapons-deliverable-in-first-strike,LineChart,,,7a0cbc63aa141ac66a14a93623d1a9f0,estimated-megatons-of-nuclear-weapons-deliverable-in-first-strike_v38_850x600.svg,1,22,374070248,10909
estimated-nuclear-warheads-deliverable-in-first-strike,LineChart,,,f33d53633e13a64d8acf6c2d294a7552,estimated-nuclear-warheads-deliverable-in-first-strike_v24_850x600.svg,1,21,613947384,9124
estimated-number-of-malaria-cases,LineChart,,,65955fc161352779709ddf145df6d86c,estimated-number-of-malaria-cases_v6_850x600.svg,3,14,664041128,201357
estimated-prevalence-vs-burden-mental-illnesses,DiscreteBar,,,57e59060573a4912493a8ff04d8c6386,estimated-prevalence-vs-burden-mental-illnesses_v27_850x600.svg,1,12,476127024,12325
estimated-share-people-generative-ai,WorldMap,,,4b476029ee3f617725992c33e1d13c49,estimated-share-people-generative-ai_v21_850x600.svg,5,15,1774046192,269201
european-overseas-colonies-and-their-colonizers,WorldMap,,,37333c82cbcaa5ef418524c249749252,european-overseas-colonies-and-their-colonizers_v27_850x600.svg,20,71,526883928,3832045
european-overseas-colonies-and-their-last-colonizer,WorldMap,,,4e36285afff84dd42e84ffe0802cc482,european-overseas-colonies-and-their-last-colonizer_v16_850x600.svg,17,35,684710960,3806137
european-overseas-colonies-by-colonizer,StackedArea,,,cde3c031ecd2b2a3fd4e03a21353d650,european-overseas-colonies-by-colonizer_v18_850x600.svg,3,29,397253640,123945
eutrophying-emissions-kcal,DiscreteBar,,,1fca1196321e6060c77a1c78506f8ab7,eutrophying-emissions-kcal_v17_850x600.svg,1,8,1732907400,1403
eutrophying-emissions-per-kg-poore,DiscreteBar,,,7be1010adae3678f57a826294caafe60,eutrophying-emissions-per-kg-poore_v18_850x600.svg,1,10,566316824,1259
eutrophying-emissions-protein,DiscreteBar,,,de210a54b5ac2499606a6e2ebbf96be3,eutrophying-emissions-protein_v19_850x600.svg,1,9,1740431648,1147
evolution-of-happiness-inequality-within-countries-during-periods-of-uninterrupted-economic-growth,LineChart,,,c1b09cc7a3348b45ef52e84c8fced97c,evolution-of-happiness-inequality-within-countries-during-periods-of-uninterrupted-economic-growth_v7_850x600.svg,1,12,574380816,1722
excess-deaths-cumulative-economist,LineChart,,,5f717ce1aabcdee8eee796d2d232d81a,excess-deaths-cumulative-economist_v144_850x600.svg,470,523,1813283584,5440113
excess-deaths-cumulative-economist-single-entity,LineChart,,,45ce1b9c228116a31cc70c168184e238,excess-deaths-cumulative-economist-single-entity_v1740_850x600.svg,1399,2211,440618360,21953388
excess-deaths-cumulative-economist-who,LineChart,,,d059aa4e052b053c08d0ed4b72686aa4,excess-deaths-cumulative-economist-who_v1773_850x600.svg,1633,1751,729360336,22430884
excess-deaths-cumulative-per-100k-economist,WorldMap,,,4230c5e03cecc72daffc9ea564126baf,excess-deaths-cumulative-per-100k-economist_v153_850x600.svg,393,446,779312688,5443455
excess-deaths-cumulative-who,LineChart,,,0d82bb29e245803500df7f605d70a00d,excess-deaths-cumulative-who_v1728_850x600.svg,778,881,468917152,16990771
excess-deaths-daily-economist,LineChart,,,60725444072f934721d3f67528ce8d3c,excess-deaths-daily-economist_v90_850x600.svg,458,483,583408608,5538275
excess-deaths-daily-economist-single-entity,LineChart,,,8cfda71928a03bdc99e7fc02f09742ab,excess-deaths-daily-economist-single-entity_v1748_850x600.svg,1202,1374,521082432,22011289
excess-deaths-daily-per-100k-economist,WorldMap,,,93fa521c61a2305314539efa978024f4,excess-deaths-daily-per-100k-economist_v165_850x600.svg,459,512,1906166648,5680438
excess-mortality-p-scores-average-baseline,LineChart,,,aded86da543e564ad597490de4536416,excess-mortality-p-scores-average-baseline_v316_850x600.svg,33,50,543954712,468835
excess-mortality-p-scores-average-baseline-by-age,LineChart,,,a81d1b02ec3f1470922c8fcfc9b37422,excess-mortality-p-scores-average-baseline-by-age_v313_850x600.svg,133,170,547872824,1613634
excess-mortality-p-scores-projected-baseline,LineChart,,,e3240e2bf892eb04dc8474093c703757,excess-mortality-p-scores-projected-baseline_v328_850x600.svg,34,56,553258768,450884
excess-mortality-p-scores-projected-baseline-by-age,LineChart,,,8dbced24b9921cd5d721f6dae03ce07b,excess-mortality-p-scores-projected-baseline-by-age_v319_850x600.svg,124,162,551695800,1598384
excess-mortality-raw-death-count,LineChart,,,bbbe29c8f6407e6cd8732a658ed348e2,excess-mortality-raw-death-count_v280_850x600.svg,136,152,517124800,1302406
excess-mortality-raw-death-count-single-series,LineChart,,,32ff7ee40142fa7a832980f7ebd9c842,excess-mortality-raw-death-count-single-series_v288_850x600.svg,70,90,589484456,816791
excess-nitrogen,WorldMap,,,1417338a082bcd8406299605659c2321,excess-nitrogen_v5_850x600.svg,1,15,1856713216,6449
excess-nitrogen-per-hectare,WorldMap,,,493d8b663c7fd1c529ec172d25d6da21,excess-nitrogen-per-hectare_v5_850x600.svg,1,15,525192872,6155
excess-phosphorous,WorldMap,,,8b40c53365124976a68b58082368ff5c,excess-phosphorous_v5_850x600.svg,1,14,1864587424,6430
excess-phosphorous-per-hectare,WorldMap,,,799a96d962634bfe87e8139e9b3dc913,excess-phosphorous-per-hectare_v5_850x600.svg,1,14,1872217352,6072
excess-skin-cancer-cases-due-to-ozone-depletion,LineChart,,,7a821ec64ab8bbffc94807db752637e5,excess-skin-cancer-cases-due-to-ozone-depletion_v8_850x600.svg,1,11,480231280,1021
exclusive-breastfeeding-rate,WorldMap,,,e58f6663c5941e38a4ceaa818896d671,exclusive-breastfeeding-rate_v21_850x600.svg,1,17,602177160,22226
executive-corruption-index,WorldMap,,,91fd2662735a60968bdeb3d62b5129bf,executive-corruption-index_v20_850x600.svg,19,84,581592536,869605
expected-years-of-living-with-disability-or-disease-burden,WorldMap,,,c21c7b09faabb9b2b2bc1205062630fe,expected-years-of-living-with-disability-or-disease-burden_v11_850x600.svg,99,212,1955877704,2968829
expected-years-of-schooling-males-vs-females,ScatterPlot,,,2e897a6b54310f6f4b0b3c5d9b2929e9,expected-years-of-schooling-males-vs-females_v20_850x600.svg,77,214,697042840,2910642
expected-years-of-schooling-vs-share-in-extreme-poverty,ScatterPlot,,,eeae1b367c4093c1d523eaeb10535f65,expected-years-of-schooling-vs-share-in-extreme-poverty_v59_850x600.svg,58,191,620874416,2193146
expenditure-on-cultural-and-natural-heritage-per-capita,WorldMap,,,3b87b74c7ae139e5b53e864fa0bc3690,expenditure-on-cultural-and-natural-heritage-per-capita_v14_850x600.svg,1,14,1964452960,3556
exponential-growth-of-computation-in-the-training-of-notable-ai-systems,ScatterPlot,,,6fda482b23a90117d8bd9a149a2c8791,exponential-growth-of-computation-in-the-training-of-notable-ai-systems_v36_850x600.svg,2,63,676567240,20121
exponential-growth-of-datapoints-used-to-train-notable-ai-systems,ScatterPlot,,,a967b69554b06b57f1e3e77e87737d86,exponential-growth-of-datapoints-used-to-train-notable-ai-systems_v213_850x600.svg,1,64,1965695632,25360
exponential-growth-of-parameters-in-notable-ai-systems,ScatterPlot,,,ec1e6f804ee6ef368409b30198cbc391,exponential-growth-of-parameters-in-notable-ai-systems_v194_850x600.svg,2,74,606814184,27653
export-of-environmentally-sound-technologies,WorldMap,,,463918321f8aa935b1fa3b5bbc31a86d,export-of-environmentally-sound-technologies_v10_850x600.svg,2,19,688889888,91253
exported-deforestation,WorldMap,,,7e89b9ebaf30b7bb3fe2e6e21aa7775d,exported-deforestation_v7_850x600.svg,2,16,1975979920,106070
exposure-to-outdoor-air-pollution-in-urban-areas,WorldMap,,,53e77cdab560ae0256b2729e7d40d3d2,exposure-to-outdoor-air-pollution-in-urban-areas_v6_850x600.svg,1,23,657813248,99844
extensively-drug-resistant-tuberculosis,LineChart,,,3326a300262ebd0d59061e8289829651,extensively-drug-resistant-tuberculosis_v29_850x600.svg,8,22,1996220840,525730
extent-of-extensive-agriculture,WorldMap,,,96a595650abff347f3da2eca814e87e9,extent-of-extensive-agriculture_v3_850x600.svg,2,19,666408880,52316
extent-of-foraging,WorldMap,,,348de1f4dc6a6e5a961d6cdf910150e0,extent-of-foraging_v2_850x600.svg,2,16,1957760568,54185
extent-of-intensive-agriculture,WorldMap,,,0bf515afdfbf847fb21d9fd981f25d42,extent-of-intensive-agriculture_v5_850x600.svg,1,19,674818968,52135
extent-of-pastoralism,WorldMap,,,f224be19bf4df7e643a6f8d5d8e51d27,extent-of-pastoralism_v3_850x600.svg,2,16,615335320,52535
external-balance-on-goods-and-services-as-a-percent-of-gdp,WorldMap,,,e779a79f9ebe17b7a71a34ed0cf469b7,external-balance-on-goods-and-services-as-a-percent-of-gdp_v11_850x600.svg,3,22,1973494880,332557
external-debt-as-a-share-of-gni,WorldMap,,,f93894d42cc0669525521aed172b1311,external-debt-as-a-share-of-gni_v12_850x600.svg,2,18,684421112,86026
extinct-species-since-1500,StackedDiscreteBar,,,98f6ed6523f9aef6f2d360d66be3d63e,extinct-species-since-1500_v8_850x600.svg,1,17,575452488,1960
extreme-one-day-precipitation-usa,LineChart,,,f4e22e886219091405c8684341127d7e,extreme-one-day-precipitation-usa_v7_850x600.svg,1,16,695887824,7067
extreme-poverty-headcount-ratio-vs-life-expectancy-at-birth,ScatterPlot,,,45847984e83b50f6d101345b19794fb8,extreme-poverty-headcount-ratio-vs-life-expectancy-at-birth_v76_850x600.svg,70,217,2054151296,2533971
extreme-poverty-vs-child-mortality,ScatterPlot,,,08e1187d4ac326e56c913dabc619fbf3,extreme-poverty-vs-child-mortality_v64_850x600.svg,73,168,663868152,2427576
extreme-poverty-vs-prevalence-of-underweight-children,ScatterPlot,,,7b022ea854a769886936db49972be842,extreme-poverty-vs-prevalence-of-underweight-children_v62_850x600.svg,60,187,756935920,2002159
face-covering-policies-covid,WorldMap,,,080ad62a3ae42adb655e2630c07b50b2,face-covering-policies-covid_v1309_850x600.svg,25,220,734943232,4967827
facilitate-orderly-safe-migration,WorldMap,,,be22e83d8556c1eefc9aaff65cf604cb,facilitate-orderly-safe-migration_v20_850x600.svg,1,14,765882784,5146
famines-and-the-deaths-in-them,ScatterPlot,,,5898966c127331000e363fd349c78e50,famines-and-the-deaths-in-them_v27_850x600.svg,1,19,2067804008,5622
famines-by-level-of-gdp-per-capita-at-the-time,ScatterPlot,,,40a52535c0db148eabfb76f43384f26a,famines-by-level-of-gdp-per-capita-at-the-time_v30_850x600.svg,1,20,782842120,8284
fao-projections-of-arable-land-to-2050,LineChart,,,43e9a04cd2d89db4e88566bd6c9e30a8,fao-projections-of-arable-land-to-2050_v6_850x600.svg,13,32,2044186144,514645
farm-size-change,WorldMap,,,05eaad3a543421d86c774a7a10ba7432,farm-size-change_v4_850x600.svg,1,8,788879296,3779
farmed-crustaceans,DiscreteBar,,,1c12964981a01804d23808239dddcf30,farmed-crustaceans_v17_850x600.svg,3,21,744146752,29183
farmed-fish-killed,LineChart,,,6e85c042a39a140878bf1ec7af6cf15b,farmed-fish-killed_v16_850x600.svg,4,22,740777872,62678
fatal-airliner-accidents-hijacking-incidents,StackedBar,,,007ceca6e01993b2be480fd33b0828a5,fatal-airliner-accidents-hijacking-incidents_v21_850x600.svg,2,20,2057265664,4308
fatal-airliner-accidents-per-million-flights,LineChart,,,8146009e864afefcebd8f173da714bbc,fatal-airliner-accidents-per-million-flights_v12_850x600.svg,2,12,747791672,1818
fatal-occupational-injuries-among-employees,WorldMap,,,a71eac6e992f987c36fe1d0c0f289095,fatal-occupational-injuries-among-employees_v25_850x600.svg,1,13,168962728,38843
fatality-rates-due-to-lightning-in-the-us,LineChart,,,bfd489785a9da1658aa8ecd704a4a3ea,fatality-rates-due-to-lightning-in-the-us_v4_850x600.svg,1,11,2065137440,3435
fatality-rates-in-the-us-due-to-weather-events,LineChart,,,bc955fe0653781472b390bee515c74e6,fatality-rates-in-the-us-due-to-weather-events_v5_850x600.svg,2,25,766079888,15686
feed-required-to-produce-one-kilogram-of-meat-or-dairy-product,DiscreteBar,,,99ff327d7572d5eda37867ef82ba85f0,feed-required-to-produce-one-kilogram-of-meat-or-dairy-product_v4_850x600.svg,1,7,2070986040,266
female-and-male-life-expectancy-at-birth-in-years,LineChart,,,33957b726bf5d22e0bf4075d1c5f44b7,female-and-male-life-expectancy-at-birth-in-years_v23_850x600.svg,24,39,207234608,1145556
female-employment-to-population-ratio,WorldMap,,,2eed89e88f42b92151e57dd81d44f6a5,female-employment-to-population-ratio_v18_850x600.svg,1,23,2089623416,134862
female-employment-to-population-ratio-latest-vs-1980,ScatterPlot,,,ace6a6963419ebd861937464f8e1f6cb,female-employment-to-population-ratio-latest-vs-1980_v35_850x600.svg,161,295,837599344,2111400
female-employment-vs-public-spending-on-family-benefits-oecd,ScatterPlot,,,2bf417db659d050fc621b967d4982b94,female-employment-vs-public-spending-on-family-benefits-oecd_v35_850x600.svg,56,165,2154563040,2099513
female-genital-mutilation-prevalence,WorldMap,,,ddf61ae2800fa54c9541ced8f09add13,female-genital-mutilation-prevalence_v26_850x600.svg,1,10,216563112,2619
female-homicide-rate,WorldMap,,,5dc5d5963bded1bb4ce48ecd3b784c11,female-homicide-rate_v19_850x600.svg,3,26,545921960,122841
female-homicide-victims,WorldMap,,,9397bbac586c8c2da3f5d6617ef8456e,female-homicide-victims_v18_850x600.svg,3,26,178168360,108740
female-labor-force-by-age,StackedArea,,,6627c0ba12cc768e01785ff3e85a12c3,female-labor-force-by-age_v31_850x600.svg,11,23,569802672,964641
female-labor-force-participation-long-run,LineChart,,,4bb86dd2c3dd16b887d112640065b352,female-labor-force-participation-long-run_v19_850x600.svg,1,14,190435136,6856
female-labor-force-participation-rate-by-age,LineChart,,,290782c11b2e1008e767d51185f80b42,female-labor-force-participation-rate-by-age_v19_850x600.svg,13,29,765532056,956051
female-labor-force-participation-rates,WorldMap,,,27f1210e755a81146b4504beb9ff6fb4,female-labor-force-participation-rates_v30_850x600.svg,3,21,210723544,220781
female-labor-force-participation-rates-by-family-benefits-public-spending,ScatterPlot,,,b13d75df8c784eee5628ce49eebc9824,female-labor-force-participation-rates-by-family-benefits-public-spending_v35_850x600.svg,49,147,584696720,2105620
female-labor-force-participation-rates-by-national-per-capita-income,ScatterPlot,,,ec9968ed91b5ecee90e4d5c6b23d51d3,female-labor-force-participation-rates-by-national-per-capita-income_v40_850x600.svg,8,51,724422768,478252
female-labor-force-participation-rates-latest-vs-1980,Dumbbell,,,edb27157d86801e331af9b26f93eb10b,female-labor-force-participation-rates-latest-vs-1980_v42_850x600.svg,2,16,223521784,155104
female-labor-force-participation-rates-slopes,LineChart,,,dc8184076e06426fe485938b29e5bf9e,female-labor-force-participation-rates-slopes_v33_850x600.svg,1,18,200242216,155104
female-population-by-age-group,DiscreteBar,,,4547b0a754004a8ceceadb7b229021a0,female-population-by-age-group_v4_850x600.svg,206,226,332848192,12062779
female-share-of-low-pay-earners,DiscreteBar,,,28be02af4dced0d7540b9288f9418d13,female-share-of-low-pay-earners_v15_850x600.svg,1,9,731681832,32913
female-to-male-life-expectancy-ratio,LineChart,,,2e955ee4f0163a4e15d0b6b2779dafed,female-to-male-life-expectancy-ratio_v9_850x600.svg,28,54,725110904,2096283
female-to-male-ratio-of-time-devoted-to-unpaid-care-work,DiscreteBar,,,43e3165c1de78189994abaec02ff8af7,female-to-male-ratio-of-time-devoted-to-unpaid-care-work_v6_850x600.svg,1,10,2162068816,2004
fertility-and-female-labor-force-participation,ScatterPlot,,,48be45e597831f0f299615e5027ff58f,fertility-and-female-labor-force-participation_v48_850x600.svg,71,211,2234641528,2565514
fertility-and-wanted-fertility,LineChart,,,f0b57ac2a4db1cbb12ae3258a23499c4,fertility-and-wanted-fertility_v31_850x600.svg,10,29,751169008,450639
fertility-rate-by-age-group,DiscreteBar,,,4dd37bbe6e7b7a79c4bbdd8ccc674110,fertility-rate-by-age-group_v8_850x600.svg,71,100,589881312,5217593
fertility-rate-vs-mean-years-of-schooling,ScatterPlot,,,c10a475e5c316fc4cb952d8b0030706e,fertility-rate-vs-mean-years-of-schooling_v31_850x600.svg,100,231,878406848,3133626
fertility-rate-vs-share-of-women-between-25-and-29-years-old-with-no-education,ScatterPlot,,,aca291035439dbd60192231ef2e929d0,fertility-rate-vs-share-of-women-between-25-and-29-years-old-with-no-education_v42_850x600.svg,96,231,252030760,2532114
fertility-rate-vs-share-that-are-religious,ScatterPlot,,,4a40f8a591bb302600dfcd2da123f36b,fertility-rate-vs-share-that-are-religious_v4_850x600.svg,11,52,637702304,598514
fertility-rate-vs-the-share-living-in-extreme-poverty,ScatterPlot,,,80344b1f3e5a6f4d5b5f699a521f1210,fertility-rate-vs-the-share-living-in-extreme-poverty_v76_850x600.svg,69,201,551733592,2530006
fertility-rate-with-projections,LineChart,,,a994c8b383c9074dff09b7f875785490,fertility-rate-with-projections_v42_850x600.svg,28,59,317352088,1161154
fertility-vs-child-mortality,ScatterPlot,,,e7b68dfd315bbfcb5f603f0d7f024906,fertility-vs-child-mortality_v31_850x600.svg,57,185,672774752,2989036
fertility-vs-contraception,ScatterPlot,,,cafd4ad8a1745c15b91e7ca99d87efc7,fertility-vs-contraception_v34_850x600.svg,18,62,2221681744,489030
fertility-vs-unmet-contraception,ScatterPlot,,,4b6b32100d710ef7942013293c621f07,fertility-vs-unmet-contraception_v26_850x600.svg,10,55,368539312,470808
fertilizer-application-rates-over-the-long-run,LineChart,,,e8e3382c0742b0c38c7c30d6b8942943,fertilizer-application-rates-over-the-long-run_v3_850x600.svg,2,17,2197921360,87732
fertilizer-consumption-per-hectare-vs-gdp-per-capita,ScatterPlot,,,883ced5fd0651060f1c8f76504d7bf2a,fertilizer-consumption-per-hectare-vs-gdp-per-capita_v26_850x600.svg,12,72,845102456,631288
fertilizer-per-capita,StackedArea,,,cb506ef51cf488ba7b3aae229e12d8c7,fertilizer-per-capita_v4_850x600.svg,17,29,2230280912,1084258
fertilizer-per-hectare,StackedDiscreteBar,,,35f1097f4356f0d6b7bfa559fc03412a,fertilizer-per-hectare_v11_850x600.svg,17,31,321482312,1089002
fertilizer-production-by-nutrient-type-npk,StackedArea,,,e2c966debfd70f2857802723e6797a9d,fertilizer-production-by-nutrient-type-npk_v13_850x600.svg,15,26,2251507312,631265
fertilizer-total-use,LineChart,,,c39f8d33eec48099589b22ef985f5c59,fertilizer-total-use_v10_850x600.svg,3,17,263797456,413601
fertilizer-use-in-kg-per-hectare-of-arable-land,WorldMap,,,d6cfd24ec3108f0c29c30e271068eb05,fertilizer-use-in-kg-per-hectare-of-arable-land_v18_850x600.svg,3,30,347975392,357255
fertilizer-use-nutrient,LineChart,,,2edd019d70046a48ebd105bee5906083,fertilizer-use-nutrient_v6_850x600.svg,16,33,877606664,1104186
fertilizer-use-per-hectare-of-cropland,WorldMap,,,99e0ba6387ea243bd6a7c8549eb6180a,fertilizer-use-per-hectare-of-cropland_v8_850x600.svg,3,24,2213700152,387148
financial-contributions-toward-polio-eradication,StackedBar,,,03881f2d04e2ee5998cbc552c0f36a6a,financial-contributions-toward-polio-eradication_v4_850x600.svg,1,15,274803304,5956
fire-death-rates,WorldMap,,,0166cb107506132d1a452eecbf7c530b,fire-death-rates_v29_850x600.svg,2,24,291151776,328586
fire-deaths-by-age,StackedArea,,,72136cf2a7e222b9df5a2297f39122a1,fire-deaths-by-age_v20_850x600.svg,18,29,705598304,1689531
firm-size-in-the-us-number-of-employees,LineChart,,,996dd9cb90baff08344524aa52e11682,firm-size-in-the-us-number-of-employees_v15_850x600.svg,1,22,321027376,13613
fish-and-seafood-consumption-per-capita,WorldMap,,,727cc5858aa4e11df10484f4180b38fd,fish-and-seafood-consumption-per-capita_v16_850x600.svg,2,30,2237731568,436598
fish-catch-by-fishing-sector,StackedDiscreteBar,,,5ca9c499ccb32efd8daf1a6b0a854559,fish-catch-by-fishing-sector_v5_850x600.svg,22,36,861067680,1446223
fish-catch-gear-type,StackedArea,,,1fc6ccbd0258e3d5b90ee2e270c7c213,fish-catch-gear-type_v9_850x600.svg,32,51,525507808,1829095
fish-catch-region,LineChart,,,ff673ebb6e1b75c23fc52d6c3f1909c5,fish-catch-region_v6_850x600.svg,1,16,255749760,30748
fish-catch-uk,LineChart,,,0c32c7ae464aefbf8193c5baff6de467,fish-catch-uk_v5_850x600.svg,1,16,331910528,7668
fish-consumption-vs-gdp-per-capita,ScatterPlot,,,ad65a2e655dcad07cf7dbf8526d62140,fish-consumption-vs-gdp-per-capita_v35_850x600.svg,69,203,741903720,2526447
fish-discard-rates-gear,DiscreteBar,,,52ff968d5724a894f173fb04262baa36,fish-discard-rates-gear_v5_850x600.svg,1,9,2244822184,850
fish-discards,LineChart,,,edc507bee4e0db01b08a5102a336608a,fish-discards_v5_850x600.svg,2,15,265181288,328811
fish-discards-gear,DiscreteBar,,,da4425ea592774e1a513c0556d2a26b1,fish-discards-gear_v6_850x600.svg,1,8,337312456,295
fish-landings-and-discards,StackedArea,,,255cf10947bc01467d10a7a99d3d43a3,fish-landings-and-discards_v6_850x600.svg,13,53,2260642552,786025
fish-seafood-production,WorldMap,,,a277dc2ee8949184246c0c924ca12775,fish-seafood-production_v9_850x600.svg,4,27,354184080,405253
fish-species-threatened,WorldMap,,,0993c2b00995885dac1449b842fd54e2,fish-species-threatened_v19_850x600.svg,1,21,869240560,12211
fish-stocks-by-region,LineChart,,,6f60efa56aa4a7b82ef3d78ff6a8e555,fish-stocks-by-region_v10_850x600.svg,2,22,276321168,58104
fish-stocks-taxa,LineChart,,,e0502b8fc258cde7b86426d6d056f524,fish-stocks-taxa_v12_850x600.svg,2,20,490424776,48533
fish-stocks-within-sustainable-levels,StackedArea,,,4d2f45f02b69e69283cbcdcf8728b495,fish-stocks-within-sustainable-levels_v34_850x600.svg,2,22,882399840,19839
fishing-pressure-by-region,LineChart,,,7c508067348e1b020d57347b65023314,fishing-pressure-by-region_v8_850x600.svg,2,27,294009128,29171
fishing-pressure-by-taxa,LineChart,,,fc750f43383a835e3adb903dafdf0f96,fishing-pressure-by-taxa_v10_850x600.svg,1,28,332411408,24093
five-year-net-cancer-survival-rates-by-sex,LineChart,,,94f4cf8b359b64938b30922f7957f4d4,five-year-net-cancer-survival-rates-by-sex_v6_850x600.svg,3,21,505324680,49725
five-year-survival-rates-by-cancer-type,LineChart,,,d8e9a22e06cd94b3ab2b6a6c73a48860,five-year-survival-rates-by-cancer-type_v8_850x600.svg,2,25,851696056,24910
fixed-telephone-subscriptions-per-100-people,WorldMap,,,da9daa08deeffb9177261194acd1ee63,fixed-telephone-subscriptions-per-100-people_v22_850x600.svg,3,31,2251671552,409867
flu-vaccines-older-people-recommendation,WorldMap,,,65411b848105564ad6818f8c2cde0d89,flu-vaccines-older-people-recommendation_v12_850x600.svg,1,13,340030840,26660
fluctuations-in-output-and-the-size-of-government-in-the-us,LineChart,,,390912e748e0bec97b94ceb81750a2a0,fluctuations-in-output-and-the-size-of-government-in-the-us_v11_850x600.svg,1,18,269537560,8207
food-aid-received,WorldMap,,,bcd57bc18aa329c21f6c940e12f0ae20,food-aid-received_v4_850x600.svg,1,13,513404680,44918
food-emissions-life-cycle,StackedArea,,,ede204fe8be92d9d70e6a1bc270dd06d,food-emissions-life-cycle_v13_850x600.svg,2,14,349783504,31883
food-emissions-production-supply-chain,StackedDiscreteBar,,,6947af368fe4dcfa758dece5a33b1a32,food-emissions-production-supply-chain_v11_850x600.svg,1,13,859603776,3232
food-emissions-supply-chain,StackedDiscreteBar,,,d07a39fe75ad225f2207c20371512c71,food-emissions-supply-chain_v22_850x600.svg,2,22,282627776,12748
food-expenditure-per-person,StackedArea,,,249e20b567762f6bfe540af3bf17716e,food-expenditure-per-person_v15_850x600.svg,1,11,520932912,4469
food-expenditure-per-person-per-year,WorldMap,,,5a39cf47aea1cbe82f4f76795ff66b89,food-expenditure-per-person-per-year_v16_850x600.svg,1,16,2261293688,23449
food-expenditure-share-family-disposable-income,StackedArea,,,b5f1fb9a33c283534bdcc55d4ec47e28,food-expenditure-share-family-disposable-income_v11_850x600.svg,1,11,356929416,6107
food-expenditure-share-gdp,ScatterPlot,,,afa72b036d4b4a3d327e9a21858abdc7,food-expenditure-share-gdp_v30_850x600.svg,2,23,875460120,56962
food-expenditure-vs-gdp,ScatterPlot,,,4427149b89cd1d48860eda4d8460e596,food-expenditure-vs-gdp_v28_850x600.svg,2,23,536193920,56298
food-exports-ukraine-russia,StackedDiscreteBar,,,6a1ee8ffbaa8dbf37f6eab243d89c65a,food-exports-ukraine-russia_v11_850x600.svg,1,10,362588392,381
food-loss-postharvest-by-region,DiscreteBar,,,57144e449169f6ed15676b0531e1f021,food-loss-postharvest-by-region_v11_850x600.svg,1,13,292041152,10260
food-miles-by-transport,DiscreteBar,,,bd77d605724a91e487b8f06851885910,food-miles-by-transport_v6_850x600.svg,1,8,2266359280,178
food-price-anomalies,WorldMap,,,e08eeef9aa86d7ac02364e643e291df5,food-price-anomalies_v14_850x600.svg,1,17,2277240760,87002
food-production-ukraine-russia,StackedDiscreteBar,,,55c3b283a51ac781891cd9032581433a,food-production-ukraine-russia_v12_850x600.svg,1,8,881107832,368
food-share-total-emissions,WorldMap,,,dd43705ca59ecf87a30c451873774e7b,food-share-total-emissions_v9_850x600.svg,2,20,341359640,191706
food-supply-vs-life-expectancy,ScatterPlot,,,5b72ce82d6cc4accda441488090f1c26,food-supply-vs-life-expectancy_v35_850x600.svg,73,226,387885784,2859596
food-transport-emissions,DiscreteBar,,,0d5c46a6f3b00170c6145c323c98fd3e,food-transport-emissions_v6_850x600.svg,1,8,497338120,356
food-waste-per-capita,StackedDiscreteBar,,,d89f15131762e79fc50894d5a0557777,food-waste-per-capita_v15_850x600.svg,2,10,853393152,48248
ford-employees-across-the-world-in-2014,DiscreteBar,,,b3adfad98a0e4abccb88fecb0ddc1722,ford-employees-across-the-world-in-2014_v9_850x600.svg,2,14,505552544,676
foreign-aid-and-investments-given,LineChart,,,62353fdbd51f54ffe8bb66fe82fc3cda,foreign-aid-and-investments-given_v39_850x600.svg,1,21,2255060504,69941
foreign-aid-and-investments-received,WorldMap,,,fc6aebca2627cdb040cb7782517bd316,foreign-aid-and-investments-received_v36_850x600.svg,2,22,355853424,113540
foreign-aid-given-as-a-share-of-national-income,LineChart,,,492920e7aaf17509edaaf46a0393671f,foreign-aid-given-as-a-share-of-national-income_v47_850x600.svg,1,29,874258240,72426
foreign-aid-given-as-grants-and-concessional-loans,StackedBar,,,cd0a45249136106d40b821f843857ef5,foreign-aid-given-as-grants-and-concessional-loans_v47_850x600.svg,4,21,522093632,142192
foreign-aid-given-by-sector,StackedArea,,,f39056937ac453d96d5d50ef59d94ef8,foreign-aid-given-by-sector_v27_850x600.svg,10,22,2280603512,655627
foreign-aid-given-by-sector-per-capita,DiscreteBar,,,f60669901e00fa26f25caa52e0c0a6f1,foreign-aid-given-by-sector-per-capita_v32_850x600.svg,6,16,370625536,352972
foreign-aid-given-for-emergencies-and-longer-term-development,StackedArea,,,f84d670b42a4e70545b4c6745101dbf3,foreign-aid-given-for-emergencies-and-longer-term-development_v42_850x600.svg,3,14,534080792,165839
foreign-aid-given-for-emergencies-and-longer-term-development-per-capita,StackedArea,,,51b911ac8e8530ed4f75c3e1fe362f4f,foreign-aid-given-for-emergencies-and-longer-term-development-per-capita_v42_850x600.svg,2,13,884571280,91974
foreign-aid-given-for-social-infrastructure-and-services,StackedArea,,,2c39006881821d3c75dad3e811b0dbd2,foreign-aid-given-for-social-infrastructure-and-services_v37_850x600.svg,8,21,356563488,491817
foreign-aid-given-for-social-infrastructure-and-services-per-capita,DiscreteBar,,,a31f52b07c7a653f7a42f4ac4912445b,foreign-aid-given-for-social-infrastructure-and-services-per-capita_v39_850x600.svg,4,14,503155720,262208
foreign-aid-given-grant-equivalents,LineChart,,,3fcc5ddb39307e6e244d6e13c1ecf051,foreign-aid-given-grant-equivalents_v48_850x600.svg,1,12,750924896,14948
foreign-aid-given-net,LineChart,,,59b0d019aa7852701f5602e531e956cb,foreign-aid-given-net_v50_850x600.svg,2,28,859689416,163801
foreign-aid-given-net-flows-vs-grant-equivalents-line,LineChart,,,5d137b2abb58e4265100c36bfaa6e4f8,foreign-aid-given-net-flows-vs-grant-equivalents-line_v29_850x600.svg,3,22,2262300224,100812
foreign-aid-given-per-capita,LineChart,,,859d3dc606c84dbcfe7a1fc9aee5f909,foreign-aid-given-per-capita_v45_850x600.svg,1,26,769993848,63501
foreign-aid-given-per-capita-vs-gdp-per-capita,ScatterPlot,,,5af91581a3227b130090f5316906418a,foreign-aid-given-per-capita-vs-gdp-per-capita_v73_850x600.svg,88,215,587980488,2782060
foreign-aid-given-to-donor-countries,StackedBar,,,e3aeb20eef01b8266f9f728b45a9e028,foreign-aid-given-to-donor-countries_v19_850x600.svg,4,14,367734952,136443
foreign-aid-given-to-donor-countries-share,StackedDiscreteBar,,,358050c8ce69483f49f24a13ded286e0,foreign-aid-given-to-donor-countries-share_v15_850x600.svg,3,17,2276949688,141230
foreign-aid-given-to-least-developed-countries-as-a-share-of-donors-national-income,LineChart,,,26066153fa6e46e754e00be49fbf1e91,foreign-aid-given-to-least-developed-countries-as-a-share-of-donors-national-income_v36_850x600.svg,1,15,872088768,27882
foreign-aid-received-as-a-share-of-national-income-net,WorldMap,,,7166956a73a3ad9f257401e9d3f42800,foreign-aid-received-as-a-share-of-national-income-net_v49_850x600.svg,7,47,368471416,319922
foreign-aid-received-as-grants-and-concessional-loans,StackedBar,,,c4c550f07606847d2980a19937f75e11,foreign-aid-received-as-grants-and-concessional-loans_v33_850x600.svg,11,36,746996968,864652
foreign-aid-received-by-income-group,StackedArea,,,db2b4560bb0470d44a25e6e7a25b7955,foreign-aid-received-by-income-group_v72_850x600.svg,3,18,2291626216,477926
foreign-aid-received-net,WorldMap,,,d2f14f9c67050d1af82ea4e3c715e8c3,foreign-aid-received-net_v61_850x600.svg,9,42,924547352,487224
foreign-aid-received-per-capita,WorldMap,,,e02ba3071ae2a2bf0e32c9bfbec2b679,foreign-aid-received-per-capita_v52_850x600.svg,7,46,2287635024,334077
foreign-aid-received-per-capita-vs-gdp-per-capita,ScatterPlot,,,35a2a58bd330aa7739f224c89aa7b38b,foreign-aid-received-per-capita-vs-gdp-per-capita_v70_850x600.svg,70,211,828023904,3043338
foreign-born-population-of-the-united-states,LineChart,,,2bc176dd2c0108c6103e6c728c0b8804,foreign-born-population-of-the-united-states_v5_850x600.svg,1,10,375086024,1170
foreign-born-population-of-the-united-states-by-country-of-birth,WorldMap,,,d31e772dc892a33273d6199a852494cd,foreign-born-population-of-the-united-states-by-country-of-birth_v7_850x600.svg,2,13,883899160,80233
foreign-direct-investment-net-inflows-as-share-of-gdp,WorldMap,,,b9c3c51403ec4d0fe79e0352761cf5f1,foreign-direct-investment-net-inflows-as-share-of-gdp_v22_850x600.svg,3,30,401573480,338882
foreign-direct-investment-net-outflows-as-share-of-gdp,WorldMap,,,b9cf857962838e3027d76d763f10a375,foreign-direct-investment-net-outflows-as-share-of-gdp_v24_850x600.svg,2,16,897707368,266569
foreign-guests-in-hotels-and-similar-establishments,WorldMap,,,04a9c8fb5dbe42ca523471020b65f300,foreign-guests-in-hotels-and-similar-establishments_v8_850x600.svg,3,24,2309147776,105412
foreign-policy-free-from-interference-of-other-states-score,WorldMap,,,795d4c986aff04b6919a219942595eeb,foreign-policy-free-from-interference-of-other-states-score_v33_850x600.svg,6,38,928974296,1065132
forest-area-as-share-of-land-area,WorldMap,,,1ef6eeec8ef2293e9b1982ade00ba73d,forest-area-as-share-of-land-area_v25_850x600.svg,2,25,393779888,266602
forest-area-km,WorldMap,,,944ee0ba33f8f7e9eebe141f2ab1f364,forest-area-km_v13_850x600.svg,2,24,2294638800,276514
forest-area-net-change-rate,WorldMap,,,08beaa39bdd966ffccbafb88d07ac43e,forest-area-net-change-rate_v25_850x600.svg,1,14,396271304,21138
forest-area-primary-planted,StackedArea,,,7ce88327e92f488f46d4c6168d1740ef,forest-area-primary-planted_v17_850x600.svg,9,42,388108752,552105
forest-transition-phase,WorldMap,,,ea6821f8def8eb4999d99215c1cd33df,forest-transition-phase_v7_850x600.svg,1,12,937081032,7345
forms-of-homelessness-included-in-available-statistics,WorldMap,,,bfbeafe38a7d879f7b82fa7c0eda1c5e,forms-of-homelessness-included-in-available-statistics_v33_850x600.svg,1,14,2303993800,6368
fossil-fuel-cons-per-capita,LineChart,,,825af7c1576085a8353c6f63e180037a,fossil-fuel-cons-per-capita_v26_850x600.svg,8,24,418429480,489387
fossil-fuel-consumption-by-type,LineChart,,,fffca51de7e3e81faf61630c920d74ea,fossil-fuel-consumption-by-type_v22_850x600.svg,8,21,916509688,635006
fossil-fuel-price-index,LineChart,,,f13e21e2a293d729fece9a56538757c2,fossil-fuel-price-index_v13_850x600.svg,1,14,2313329624,17140
fossil-fuel-production,LineChart,,,5b257a63ee44ecb29c8212434fe1a635,fossil-fuel-production_v16_850x600.svg,7,21,2332990240,401340
fossil-fuel-subsidies,WorldMap,,,767b7bacd9710922feafdaeceba1cd4f,fossil-fuel-subsidies_v17_850x600.svg,2,16,400580368,81102
fossil-fuel-subsidies-gdp,WorldMap,,,c29bb02dfcf2873d23994a6762637c49,fossil-fuel-subsidies-gdp_v24_850x600.svg,2,22,364152120,81060
fossil-fuel-subsidies-per-capita,WorldMap,,,118668aa810fd8ba6095fde0f599c401,fossil-fuel-subsidies-per-capita_v32_850x600.svg,1,17,929105864,83975
fraction-of-countries-with-available-data-on-deaths-from-suicides-by-income-group,LineChart,,,4bfcdb9276071b39a20620837217c04c,fraction-of-countries-with-available-data-on-deaths-from-suicides-by-income-group_v17_850x600.svg,1,16,414681104,25663
free-and-fair-elections-index,WorldMap,,,5cb8b8eeb8a83f0d9d78afb81d55aaa0,free-and-fair-elections-index_v37_850x600.svg,23,97,396663096,1006330
free-and-fair-elections-row,WorldMap,,,1dd6d8cea7167c214ea9f81275407055,free-and-fair-elections-row_v72_850x600.svg,3,26,2306208352,902086
free-countries-fh,StackedArea,,,c1ebb4a3494648976d330d0894dbff9d,free-countries-fh_v59_850x600.svg,1,8,936715496,29637
free-fair-elections-bti,WorldMap,,,0cd1245d8d7595669aba55ee53c7c748,free-fair-elections-bti_v81_850x600.svg,2,18,601670968,46154
freedom-of-association-index,WorldMap,,,3c34b4a3fad6b29c167ff6957442b6c0,freedom-of-association-index_v39_850x600.svg,23,93,470820824,1047861
freedom-of-association-score-bti,WorldMap,,,4c35654a87b84d250f02af7d5981aca4,freedom-of-association-score-bti_v90_850x600.svg,2,13,949588344,46197
freedom-of-expression-index,WorldMap,,,ced67f312a6ea18b8b9b883e0066e51d,freedom-of-expression-index_v45_850x600.svg,25,94,621398472,1052165
freedom-of-expression-score-bti,WorldMap,,,438d5856dbb90b400fe4815c01bb993e,freedom-of-expression-score-bti_v91_850x600.svg,2,18,2319426656,46096
freedom-score-fh,WorldMap,,,ac6892ca22e9ddfd32b1f4052ae62e84,freedom-score-fh_v8_850x600.svg,4,24,925847568,142548
frequency-north-atlantic-hurricanes,LineChart,,,f085659f31498a222c36f4a386876ae5,frequency-north-atlantic-hurricanes_v12_850x600.svg,2,21,2335558424,19508
freshwater-use-by-aggregated-region,StackedArea,,,e2c9cb7f3a798786e7c81b884b31a007,freshwater-use-by-aggregated-region_v3_850x600.svg,1,11,933370664,17067
freshwater-use-seafood,DiscreteBar,,,942ea215a457ba695d3311fb3afa6000,freshwater-use-seafood_v8_850x600.svg,1,10,834705464,523
freshwater-withdrawals-as-a-share-of-internal-resources,WorldMap,,,788c99c913b67aa5b734716879d4ace1,freshwater-withdrawals-as-a-share-of-internal-resources_v18_850x600.svg,2,20,946860872,133888
freshwater-withdrawals-per-1000kcal,DiscreteBar,,,53bc8be38bf0c9466021e4daa791545a,freshwater-withdrawals-per-1000kcal_v17_850x600.svg,1,10,2343072656,1291
friends-family-anxious-depressed,WorldMap,,,820f433e9b0b8347ea1188aebf75887c,friends-family-anxious-depressed_v13_850x600.svg,1,15,843166024,4167
fruit-consumption-by-fruit-type,StackedArea,,,c59a684c1aefa91422c5a3d5459d7b6f,fruit-consumption-by-fruit-type_v11_850x600.svg,70,86,2355167200,4399450
fruit-consumption-per-capita,WorldMap,,,33c28506ff865a57e8277475c2f1d40f,fruit-consumption-per-capita_v11_850x600.svg,2,29,866997992,437214
fruit-consumption-vs-gdp-per-capita,ScatterPlot,,,92a330d5d71bec7ef06d02c67e0421c4,fruit-consumption-vs-gdp-per-capita_v26_850x600.svg,13,65,960638440,694685
fuel-efficiency-new-vehicles,WorldMap,,,30fdc1c6a8dabe08b239ff41536c8e0a,fuel-efficiency-new-vehicles_v7_850x600.svg,1,12,403489056,9951
full-democracy-lexical,WorldMap,,,7dd876b3ad6912e2e68f81b0142f9362,full-democracy-lexical_v74_850x600.svg,5,42,447110552,1828824
full-list-cumulative-total-tests-per-thousand,LineChart,,,ff990b2f0fa62c2b803b0e6839d54719,full-list-cumulative-total-tests-per-thousand_v519_850x600.svg,12,78,455608648,2384460
full-list-total-tests-for-covid-19,LineChart,,,bde05a1bb9d2fe9b43532ee2b1a5f4c0,full-list-total-tests-for-covid-19_v579_850x600.svg,9,80,861680672,2390046
funding-for-trachoma,LineChart,,,277e13194b22e9a404e6899a1811b1ca,funding-for-trachoma_v14_850x600.svg,1,10,628596560,567
fur-farming-ban,WorldMap,,,b57a7ac177314bf767e26485c8927f59,fur-farming-ban_v8_850x600.svg,2,16,637538304,13491
fur-trading-ban,WorldMap,,,d2b970878bbf153aee4b4a9bf8b1a440,fur-trading-ban_v6_850x600.svg,1,12,645045176,1700
future-life-expectancy-projections,WorldMap,,,b867adc18261e0c6f41028fcd3842758,future-life-expectancy-projections_v36_850x600.svg,4,33,473072592,595834
gap-in-gdp-per-hour-worked-with-respect-to-the-united-states,LineChart,,,69884d6046a53188769240e7bd7f7a2f,gap-in-gdp-per-hour-worked-with-respect-to-the-united-states_v4_850x600.svg,1,25,978088136,50960
gap-to-reaching-the-target-of-art,WorldMap,,,2510884ff70ff85275340b9af8200414,gap-to-reaching-the-target-of-art_v10_850x600.svg,2,22,661187832,167204
gavi-supported-countries,WorldMap,,,a58149778c2fc14f2a888654d9370a2f,gavi-supported-countries_v12_850x600.svg,1,12,2362733536,9422
gdp-maddison-project-database,WorldMap,,,459b2d16869dacea33a0fb467ce9297c,gdp-maddison-project-database_v11_850x600.svg,3,39,517057456,572694
gdp-penn-world-table,WorldMap,,,8f23c6b14aeef0ead76675a71e087e82,gdp-penn-world-table_v38_850x600.svg,2,27,958695688,388507
gdp-per-capita-growth,WorldMap,,,2bf32a02adb498b3f2f999794ac2d908,gdp-per-capita-growth_v36_850x600.svg,2,23,634869224,413551
gdp-per-capita-in-international-and-market-dollars,LineChart,,,10b9b8800eb04f48b3a9c8560672c6b0,gdp-per-capita-in-international-and-market-dollars_v27_850x600.svg,11,31,418858648,660850
gdp-per-capita-in-the-uk-since-1270,LineChart,,,2c65eed14f2dccb07320ec17c58dff54,gdp-per-capita-in-the-uk-since-1270_v11_850x600.svg,1,10,2370454152,22315
gdp-per-capita-maddison-project-database,WorldMap,,,03bc583602211fc38c4fce2ccc45b699,gdp-per-capita-maddison-project-database_v53_850x600.svg,3,55,940187504,652924
gdp-per-capita-penn-world-table,WorldMap,,,cf0f1f2957121be0bd029c72247c749d,gdp-per-capita-penn-world-table_v47_850x600.svg,2,24,2358253568,361577
gdp-per-capita-prados-de-la-escosura,WorldMap,,,97d24a5b3acbb67e2477fe0a6fbf1f66,gdp-per-capita-prados-de-la-escosura_v11_850x600.svg,3,22,978977456,126010
gdp-per-capita-vs-electoral-democracy-index,ScatterPlot,,,c8db041f7f6959935278dc477cb5830d,gdp-per-capita-vs-electoral-democracy-index_v60_850x600.svg,33,352,781590056,1687289
gdp-per-capita-world-bank-data-vs-penn-world-table,ScatterPlot,,,782109069464597f631131d8605a649e,gdp-per-capita-world-bank-data-vs-penn-world-table_v47_850x600.svg,59,196,536828336,2451426
gdp-per-capita-world-bank-vs-maddison-project,ScatterPlot,,,89e7287abc47a133485d114edc15b1fc,gdp-per-capita-world-bank-vs-maddison-project_v31_850x600.svg,71,465,673925536,2742773
gdp-per-capita-worldbank,WorldMap,,,f4e6b0905740a97e411e2feeb91b93a9,gdp-per-capita-worldbank_v58_850x600.svg,5,26,2390457968,257471
gdp-per-capita-worldbank-constant-usd,WorldMap,,,9efbeb6b84b520c05915728710d3f0a4,gdp-per-capita-worldbank-constant-usd_v41_850x600.svg,2,32,966502864,412677
gdp-per-person-employed-constant-ppp,WorldMap,,,68e690b48e18c8f660cf3d0436ed1a9f,gdp-per-person-employed-constant-ppp_v24_850x600.svg,2,15,2362127856,218734
gdp-price-levels-relative-to-the-us,LineChart,,,dc87f8e32c95ab36da071b814e1d60ee,gdp-price-levels-relative-to-the-us_v19_850x600.svg,80,181,961973432,2950846
gdp-vs-agriculture-employment,ScatterPlot,,,b609a6746c61fde6e0e9086dbcfcbbab,gdp-vs-agriculture-employment_v29_850x600.svg,84,458,1178370752,2728206
gdp-vs-agriculture-gdp,ScatterPlot,,,ab17445d1ed06881794860dea3115187,gdp-vs-agriculture-gdp_v34_850x600.svg,80,393,2516207584,2575455
gdp-vs-happiness,ScatterPlot,,,45a278960ce9482933c4b1d251be6a80,gdp-vs-happiness_v56_850x600.svg,8,54,497591008,324986
gdp-vs-industry-gdp-at-constant-prices,ScatterPlot,,,fe822f0ded366f22172ef91becf5cd5b,gdp-vs-industry-gdp-at-constant-prices_v29_850x600.svg,74,339,1099986936,2556312
gdp-vs-manufacturing-gdp,ScatterPlot,,,d05874679f138533f3a31f43d3f034a4,gdp-vs-manufacturing-gdp_v31_850x600.svg,83,358,638699648,2576488
gdp-vs-services-employment,ScatterPlot,,,b964d90e710940e735182137d1c29a9e,gdp-vs-services-employment_v31_850x600.svg,80,361,894477880,2564183
gdp-vs-services-gdp,ScatterPlot,,,48a7a3ee6bac27056eb3ff076fadd15b,gdp-vs-services-gdp_v31_850x600.svg,142,455,326418816,2576520
gdp-world-regions-stacked-area,StackedArea,,,1d4fda032099fba6ed37d264c3f948ac,gdp-world-regions-stacked-area_v30_850x600.svg,4,20,689999312,572694
gdp-worldbank,WorldMap,,,5cba6146c9c2f7ac6f28a2ff36c0df50,gdp-worldbank_v29_850x600.svg,2,26,710483560,268499
gdp-worldbank-constant-usd,WorldMap,,,16698263988d876f03d952666072b368,gdp-worldbank-constant-usd_v37_850x600.svg,3,33,1204873328,441099
gender-affirming-care,WorldMap,,,bf322101d7d21b3422de7ae6761e19b9,gender-affirming-care_v15_850x600.svg,2,17,1213329168,88386
gender-affirming-care-velasco,WorldMap,,,acf460960e33205dbcd535c416226b23,gender-affirming-care-velasco_v7_850x600.svg,3,32,166104416,387876
gender-assignment-surgeries-on-children-banned,WorldMap,,,8e44840a04775b25759bc20caa30ce58,gender-assignment-surgeries-on-children-banned_v58_850x600.svg,2,17,1111756208,251787
gender-development-index,WorldMap,,,6a605752fb67cc5ef13f59d03f030a51,gender-development-index_v47_850x600.svg,4,27,1175847480,171470
gender-development-index-groups,WorldMap,,,5fc5ffa3a3dce733f5115a8c094ae02e,gender-development-index-groups_v7_850x600.svg,1,14,1119720112,4750
gender-development-index-vs-gdp-per-capita,ScatterPlot,,,405ccbf892bf29d0f0f071eab20ceb1c,gender-development-index-vs-gdp-per-capita_v20_850x600.svg,84,234,1307028056,2880731
gender-development-index-vs-human-development-index,ScatterPlot,,,1506a75e185a9d9ae0e0e26fb46596a3,gender-development-index-vs-human-development-index_v13_850x600.svg,75,235,259966392,2829472
gender-gap-education-levels,LineChart,,,641202e8a74e378c091dea7a9dbccdf7,gender-gap-education-levels_v20_850x600.svg,20,51,1095733608,1442084
gender-gap-in-average-wages-2000-vs-today,ScatterPlot,,,d7b41cbe53c72c345e9f3414b163f225,gender-gap-in-average-wages-2000-vs-today_v13_850x600.svg,150,277,781716184,2536890
gender-gap-in-average-wages-ilo,WorldMap,,,7a417e057b5c5b0cc0ea386217cf8fa5,gender-gap-in-average-wages-ilo_v12_850x600.svg,2,18,1108106528,33252
gender-gap-in-hourly-wages-vs-ratio-of-female-to-male-labor-force-participation,ScatterPlot,,,116bc777b9cd9a7a8c99f31ea85bcc50,gender-gap-in-hourly-wages-vs-ratio-of-female-to-male-labor-force-participation_v27_850x600.svg,52,158,1186598616,2104306
gender-gap-in-life-expectancy-by-age-group,StackedArea,,,885ed84ba4083dd5a237bd28cf420c2d,gender-gap-in-life-expectancy-by-age-group_v16_850x600.svg,9,25,918910264,692810
gender-inequality-index-from-the-human-development-report,WorldMap,,,b4776c7a932e04b8718546e6dbacbff9,gender-inequality-index-from-the-human-development-report_v20_850x600.svg,2,20,930602232,150683
gender-of-chief-executive,WorldMap,,,087a4c1e634052e0b4bd7c4c56a4d0f1,gender-of-chief-executive_v39_850x600.svg,7,36,957630560,1618950
gender-of-the-head-of-government,WorldMap,,,fe81b6b35cda0e52cf0d40bde879010e,gender-of-the-head-of-government_v30_850x600.svg,7,35,921199640,1618912
gender-of-the-head-of-state,WorldMap,,,e1e9c9ba5e380195ed3f8baf17d74db6,gender-of-the-head-of-state_v35_850x600.svg,6,36,1333579048,1630310
gender-ratio-in-life-expectancy-at-birth,WorldMap,,,c713dc4e10b3928475ad4b45acd753ee,gender-ratio-in-life-expectancy-at-birth_v17_850x600.svg,5,34,286624456,698763
gender-ratios-for-mean-years-of-schooling,WorldMap,,,9d6478e510bbbfd86e05eb536c48343e,gender-ratios-for-mean-years-of-schooling_v24_850x600.svg,1,19,1201478376,49628
gender-wage-gap-oecd,LineChart,,,a54fa2c701f016d1b57829a18c9a7d39,gender-wage-gap-oecd_v13_850x600.svg,1,18,932439448,17720
gender-wage-gap-vs-gdp-per-capita,ScatterPlot,,,5c39fc3982bdc8274c9b70a522c15d91,gender-wage-gap-vs-gdp-per-capita_v42_850x600.svg,57,161,1205884000,2123101
gender-wage-gap-vs-gdp-per-capita-income-groups,ScatterPlot,,,9fd63202846d563773811d51dd7a6623,gender-wage-gap-vs-gdp-per-capita-income-groups_v52_850x600.svg,72,180,960178856,2125149
genuine-saving-and-gdp-per-capita-in-international-dollars,LineChart,,,a0e7fef5e94de9d97865c167a0d6ca18,genuine-saving-and-gdp-per-capita-in-international-dollars_v11_850x600.svg,3,21,299925712,74215
genuine-savings-per-capita-in-international-dollars-1900-2000,LineChart,,,64206d6c87dfca51231bc8c494142e38,genuine-savings-per-capita-in-international-dollars-1900-2000_v12_850x600.svg,1,14,1342253072,36532
ghg-emissions-by-gas,StackedArea,,,62987cb132566049bf4642aa11b3a3cc,ghg-emissions-by-gas_v12_850x600.svg,99,122,234601336,3882777
ghg-emissions-by-sector,LineChart,,,4901fd90cb2161003a083472be24d7b8,ghg-emissions-by-sector_v27_850x600.svg,38,64,286618944,2311480
ghg-emissions-by-sector-stacked,StackedArea,,,95fa847e6eb985c44bb238e8505842f1,ghg-emissions-by-sector-stacked_v9_850x600.svg,27,40,1298475288,1882375
ghg-emissions-by-world-region,StackedArea,,,d0345d809bfb520a6da512b79c69baca,ghg-emissions-by-world-region_v9_850x600.svg,6,35,350797992,1265807
ghg-emissions-plastic-stage,StackedBar,,,ef4dd9d6cd4065605c3fa64a31bb6344,ghg-emissions-plastic-stage_v4_850x600.svg,1,10,1304561464,622
ghg-emissions-seafood,DiscreteBar,,,36fbaebed89e34c78726c82dc1264186,ghg-emissions-seafood_v15_850x600.svg,1,11,1313706504,934
ghg-kcal-poore,DiscreteBar,,,7a98a8d69ce78f9e6904f44cae7f03ca,ghg-kcal-poore_v25_850x600.svg,2,14,359196056,1404
ghg-per-kg-poore,DiscreteBar,,,698430374ae3c0e5689ef35abe1e6c0a,ghg-per-kg-poore_v19_850x600.svg,1,9,1268516544,1242
ghg-per-protein-poore,DiscreteBar,,,44f0d3dd4f363b1c623e35af5ba891a7,ghg-per-protein-poore_v29_850x600.svg,1,9,245496304,1157
gini-coefficient-after-vs-before-tax-lis-scatter,ScatterPlot,,,dea521432a5847ea0a7a713e71b8e783,gini-coefficient-after-vs-before-tax-lis-scatter_v43_850x600.svg,84,213,387363160,2526848
gini-coefficient-after-vs-before-tax-wb-scatter,ScatterPlot,,,69547510cbcf8dc1550452508836621c,gini-coefficient-after-vs-before-tax-wb-scatter_v51_850x600.svg,70,188,1421624808,2493544
gini-coefficient-after-vs-before-tax-wid-scatter,ScatterPlot,,,03b2ac0c2f4e1ceabfdffa72c11cf5ef,gini-coefficient-after-vs-before-tax-wid-scatter_v46_850x600.svg,73,189,350344896,2671956
gini-coefficient-equivalized-income-chartbook,LineChart,,,e7ac5f8d5296d630b51ac695fc35c3f7,gini-coefficient-equivalized-income-chartbook_v30_850x600.svg,1,15,1216772328,13385
gini-coefficient-of-lifespan-inequality-by-sex,LineChart,,,83e39b552fddfa5dd0bf0dff49c1c2dd,gini-coefficient-of-lifespan-inequality-by-sex_v12_850x600.svg,20,46,279361424,1438852
gini-coefficient-of-lifespan-inequality-in-females,WorldMap,,,f5ad6da79eddaeb22441f93c85b85626,gini-coefficient-of-lifespan-inequality-in-females_v14_850x600.svg,3,29,1239930384,720143
gini-coefficient-of-lifespan-inequality-in-males,LineChart,,,8a68d958d8c306975a6617be29624976,gini-coefficient-of-lifespan-inequality-in-males_v17_850x600.svg,4,22,975490552,718709
gini-coefficient-vs-gdp-per-capita-pip,ScatterPlot,,,f3218c1f2ca1280c71bd6009de3ad844,gini-coefficient-vs-gdp-per-capita-pip_v91_850x600.svg,63,175,1096622912,2192342
gini-coefficient-wid-vs-pip,ScatterPlot,,,b7c15fb940b5a511254bc15ff17a0d87,gini-coefficient-wid-vs-pip_v76_850x600.svg,46,155,1315745928,2030049
gini-index-around-2015-1990-2015-countries-vs-gini-index-around-1990-1990-2015-countries,ScatterPlot,,,af5b5257914b551834ac1d049afcc0d6,gini-index-around-2015-1990-2015-countries-vs-gini-index-around-1990-1990-2015-countries_v31_850x600.svg,48,138,283173216,1841625
girls-and-boys-who-are-out-of-primary-secondary-school,StackedArea,,,4bdc85db6b75a72c94e43c6f09058fbe,girls-and-boys-who-are-out-of-primary-secondary-school_v45_850x600.svg,9,20,369750296,607963
global-agri-productivity-growth,StackedDiscreteBar,,,e592706dd025040c3d7a4577f544fc0b,global-agri-productivity-growth_v3_850x600.svg,2,11,1426859400,807
global-agricultural-land-use-by-major-crop-type,LineChart,,,f516f57452f229f54385d092321d06a5,global-agricultural-land-use-by-major-crop-type_v10_850x600.svg,1,15,1434776512,22543
global-alien-species-first-record-database,LineChart,,,3b3452bdafd6a5a5ab006ed879f8ea66,global-alien-species-first-record-database_v10_850x600.svg,5,67,324428480,313743
global-and-between-country-income-inequality,LineChart,,,1c87c748d14273cfcc7316ce053231c7,global-and-between-country-income-inequality_v11_850x600.svg,1,12,396428768,2508
global-antimicrobial-resistance-and-use-surveillance-system-glass-by-pathogen,DiscreteBar,,,2196510f2a226e5822aeb0c92dfcdc92,global-antimicrobial-resistance-and-use-surveillance-system-glass-by-pathogen_v9_850x600.svg,2,10,404929528,83739
global-aquaculture-wild-fish-feed,LineChart,,,1ea3366a5b01047309903cd46f48f721,global-aquaculture-wild-fish-feed_v21_850x600.svg,10,26,311560320,549619
global-average-gdp-per-capita-over-the-long-run,LineChart,,,d26e1a150f527af92b511f6c447be7a3,global-average-gdp-per-capita-over-the-long-run_v15_850x600.svg,1,10,412957800,1708
global-case-numbers-of-infectious-diseases,LineChart,,,d56dd8e896c3c12e5ed33da5b11807b7,global-case-numbers-of-infectious-diseases_v45_850x600.svg,10,32,1266895576,641022
global-change-over-the-last-50-years,LineChart,,,8f0167d8c9b36205b299d786d10b686c,global-change-over-the-last-50-years_v79_850x600.svg,268,303,273505912,6911848
global-child-deaths-by-cause,SlopeChart,,,f1fca41f538d8f6a51f80d4485d42235,global-child-deaths-by-cause_v22_850x600.svg,1,12,421088744,3131
global-child-mortality-timeseries,StackedArea,,,ecbc047c26da16c127798ba3896879fb,global-child-mortality-timeseries_v19_850x600.svg,2,11,1025338104,13511
global-co2-concentration,LineChart,,,26f888ec2b51c61ee72cc036937939d7,global-co2-concentration_v18_850x600.svg,3,22,390364416,37456
global-co2-emissions-by-source-inc-land,StackedArea,,,f63128f39bc0ffc83731d32f3c2fbe94,global-co2-emissions-by-source-inc-land_v51_850x600.svg,121,150,315507704,4601019
global-commodity-prices-19602019,LineChart,,,ccd55a830e429f5fc47b6e7af6bbfd30,global-commodity-prices-19602019_v6_850x600.svg,1,11,1274472656,2065
global-crop-production-by-farm-size,StackedDiscreteBar,,,6cf2b5064b26a2e19fd4ece13188dc4a,global-crop-production-by-farm-size_v8_850x600.svg,1,14,1034531312,3314
global-cropland,LineChart,,,be80f88fb90d8c8ebabb2376b118b58b,global-cropland_v19_850x600.svg,32,56,370549696,1519394
global-death-rate-in-violent-political-conflicts-over-the-long-run,LineChart,,,6ce6a9dfc7efdc120a601b0ac6474b8d,global-death-rate-in-violent-political-conflicts-over-the-long-run_v29_850x600.svg,1,11,1282205472,20376
global-deaths-by-syndrome-and-antimicrobial-resistance,StackedDiscreteBar,,,e608497288f4a22f98f226e37abff2ae,global-deaths-by-syndrome-and-antimicrobial-resistance_v13_850x600.svg,1,14,399081240,914
global-deaths-from-infections-attributable-to-antimicrobial-resistance,StackedDiscreteBar,,,7f611751adb824ccaff7a48d6db9f237,global-deaths-from-infections-attributable-to-antimicrobial-resistance_v18_850x600.svg,2,16,1045363088,1651
global-deaths-in-violent-political-conflicts-over-the-long-run,LineChart,,,45d93547785cf211cafc18b85f12e357,global-deaths-in-violent-political-conflicts-over-the-long-run_v23_850x600.svg,1,11,1289772024,18151
global-fatalities-from-aviation-accidents-and-hijackings,StackedBar,,,c0e6becce1f47f7f082ddb2d68e37247,global-fatalities-from-aviation-accidents-and-hijackings_v21_850x600.svg,1,19,412118728,4412
global-first-records-of-established-alien-species,StackedBar,,,850e55901cf96ae811b9041b9b7f6ed4,global-first-records-of-established-alien-species_v16_850x600.svg,2,402,1081636992,11969
global-fishery-catch-by-sector,StackedArea,,,f8b4816830c476bc633dd8ead20734ca,global-fishery-catch-by-sector_v6_850x600.svg,2,11,1297643120,10146
global-food-loss-index,DiscreteBar,,,13690cd2d4719e991db974d3cce01469,global-food-loss-index_v12_850x600.svg,1,11,420154688,4809
global-food-waste-by-region,DiscreteBar,,,5f8341649aa57cfcd2fd9ce10b07aa1d,global-food-waste-by-region_v4_850x600.svg,1,9,1303434800,252
global-freshwater-use-over-the-long-run,StackedArea,,,06203799daa23875045a1792b71c7a16,global-freshwater-use-over-the-long-run_v4_850x600.svg,1,9,1309390400,17067
global-gdp-over-the-long-run,LineChart,,,5b43559aecb1fd84afc8ba17e8009f6b,global-gdp-over-the-long-run_v30_850x600.svg,0,12,428394112,2047
global-hidden-hunger-index-in-pre-school-children,WorldMap,,,b600a956ebacd9750d2b8bb67f1c604b,global-hidden-hunger-index-in-pre-school-children_v17_850x600.svg,1,17,323162968,4232
global-hunger-index,WorldMap,,,ec8340c3d6ff090ac78de988f738c3d3,global-hunger-index_v16_850x600.svg,1,14,1283236824,13270
global-hunger-index-vs-gdp-per-capita,ScatterPlot,,,ad3ed6ec5ee1546999b40b62605b9b68,global-hunger-index-vs-gdp-per-capita_v39_850x600.svg,61,178,488664808,2103119
global-inequality-between-world-citizens-and-its-components,LineChart,,,d9f5c4c02e58c62479b14ad285cfbe1d,global-inequality-between-world-citizens-and-its-components_v13_850x600.svg,1,11,330432776,1155
global-investment-in-generative-ai,StackedBar,,,73fd58bc6e0db7a1375c11c53ce151f1,global-investment-in-generative-ai_v10_850x600.svg,1,10,1290130568,305
global-land-use-since-10000bc,StackedArea,,,2c8a96ac037a169e99850d3b750f6864,global-land-use-since-10000bc_v12_850x600.svg,3,18,345401264,180328
global-living-planet-index,LineChart,,,d57bb731f4633b1f89a4f6aada1e322a,global-living-planet-index_v22_850x600.svg,2,14,1300455736,37636
global-malaria-deaths-by-world-region,StackedArea,,,8a0f28bd8b568aee188434a8221ee6c6,global-malaria-deaths-by-world-region_v27_850x600.svg,2,9,1306715456,3699
global-marine-protected-area,StackedDiscreteBar,,,41fd77e6b03e1ccf354adac2900eff9b,global-marine-protected-area_v5_850x600.svg,1,9,350858336,321
global-meat-production,StackedArea,,,3a40a4fa6b58cb2ecd941be185c9cb36,global-meat-production_v14_850x600.svg,3,16,1318467056,477360
global-meat-production-by-livestock-type,StackedArea,,,60a2cdb95c3130d8f6e70c826dd298e6,global-meat-production-by-livestock-type_v17_850x600.svg,43,58,345339608,2276369
global-meat-projections-to-2050,StackedArea,,,22a81bcf6069ad34b13ee51b431857c8,global-meat-projections-to-2050_v14_850x600.svg,1,13,324315840,9071
global-methane-concentrations,LineChart,,,fd782cf7c902f635bbe24bd1888657b8,global-methane-concentrations_v18_850x600.svg,3,21,1297108032,34518
global-mine-production-minerals,LineChart,,,c5139d5b0a281ba704cff2323fdc96ec,global-mine-production-minerals_v8_850x600.svg,3,32,347584496,156891
global-nitrous-oxide-concentration,LineChart,,,9824d99d1ce0feee2c5a120b76aa981f,global-nitrous-oxide-concentration_v18_850x600.svg,2,14,1312743872,19918
global-number-of-missing-women,StackedArea,,,d7f07a3ff5292eca1dcebd62eafd5e3a,global-number-of-missing-women_v11_850x600.svg,1,10,1319082168,2346
global-pasture,LineChart,,,c07e45c72435f2fcd0577f81ad5cda51,global-pasture_v18_850x600.svg,37,61,353345832,1489134
global-peak-agricultural-land,LineChart,,,1591f37a93e6db7a2c93396a48adfa73,global-peak-agricultural-land_v21_850x600.svg,32,56,392652368,1541375
global-plastic-production-projections,LineChart,,,48dcd49844156896001bf2076ff3d0dd,global-plastic-production-projections_v5_850x600.svg,1,10,1326547168,16651
global-plastics-production,LineChart,,,8fea6380a2b0884ad3a2ce9ad8319901,global-plastics-production_v15_850x600.svg,0,7,1333031048,2355
global-precipitation-anomaly,StackedBar,,,dde3013e652f6357a97b16afe638bf09,global-precipitation-anomaly_v18_850x600.svg,3,55,1347958440,565429
global-prevalence-of-zinc-deficiency,WorldMap,,,6216070e87b0bd3f95cf28a099ea21dd,global-prevalence-of-zinc-deficiency_v9_850x600.svg,1,16,362743608,21098
global-primary-energy-by-source,StackedArea,,,f01f6d142b62feea10d6f41f7c2d9c93,global-primary-energy-by-source_v25_850x600.svg,29,152,400399096,1648901
global-primary-energy-share-inc-biomass,LineChart,,,b08d9347c23567f52b519c340bd26f66,global-primary-energy-share-inc-biomass_v21_850x600.svg,2,16,499228800,26133
global-research-and-development-funding-for-malaria,StackedArea,,,3f3045b5aca3f4f612f536c80b936a7d,global-research-and-development-funding-for-malaria_v7_850x600.svg,2,14,371875232,4242
global-smallpox-cases,LineChart,,,efb1704d35ad8769e710f16f09a48c82,global-smallpox-cases_v20_850x600.svg,1,9,1312184792,3030
global-temperature-anomalies-by-el-nino-la-nina,LineChart,,,ac66573985687000f5cbd9d55d06c6ef,global-temperature-anomalies-by-el-nino-la-nina_v45_850x600.svg,515,606,595518744,7882628
global-temperature-anomalies-by-el-nino-la-nina-and-month,LineChart,,,64721da22c6813aaf2151a5dbceea6db,global-temperature-anomalies-by-el-nino-la-nina-and-month_v43_850x600.svg,1,47,247562792,69781
global-temperature-anomalies-by-month,StackedBar,,,f93382f90f50087cc74b987f9a2a87d8,global-temperature-anomalies-by-month_v21_850x600.svg,1,16,1326572760,39994
global-tuberculosis-incidence-rate-by-age,DiscreteBar,,,99196b1ae97bd7de798e61345e050645,global-tuberculosis-incidence-rate-by-age_v6_850x600.svg,2,10,337362888,51475
global-vaccination-coverage,LineChart,,,2226d30ebc34196c55501d3257afcff1,global-vaccination-coverage_v20_850x600.svg,21,43,1370995368,1331619
global-warming-by-gas-and-source,StackedArea,,,a6bcb6bc165c5c4eb07cf480e86897d9,global-warming-by-gas-and-source_v9_850x600.svg,134,158,425378384,8419910
global-warming-fossil,WorldMap,,,eabffed157343591f7d4138353641b97,global-warming-fossil_v9_850x600.svg,6,52,286531616,1515758
global-warming-land,WorldMap,,,61343e43f413dc2f98019f67674870b0,global-warming-land_v9_850x600.svg,5,44,1352202672,1420301
global-warming-potential-of-greenhouse-gases-over-100-year-timescale-gwp,DiscreteBar,,,641f867e35b19e1c2cd141ae9d930ed7,global-warming-potential-of-greenhouse-gases-over-100-year-timescale-gwp_v10_850x600.svg,1,8,291983608,245
global-whale-biomass,SlopeChart,,,6ee22dfa953031aad22cf251c24c2df8,global-whale-biomass_v7_850x600.svg,1,16,302523488,600
globalization-over-5-centuries,LineChart,,,d5c56b007292e967b482114057dda2d3,globalization-over-5-centuries_v42_850x600.svg,14,36,1383617208,749613
gni-per-capita-vs-gdp-per-capita,ScatterPlot,,,a1a39cef1ef83ddaad2d1aa626edb441,gni-per-capita-vs-gdp-per-capita_v24_850x600.svg,82,259,470122616,2880999
good-cholesterol-levels-age-standardized,WorldMap,,,48889ec0b9a0130dcf14428a6fef84a3,good-cholesterol-levels-age-standardized_v31_850x600.svg,2,21,316526584,211276
goods-and-services-discrimination-protections-sexual-orientation-gender-identity,WorldMap,,,3dafbc6e1edb9d0d7d077b0915a05c11,goods-and-services-discrimination-protections-sexual-orientation-gender-identity_v4_850x600.svg,2,19,1039807056,279193
gov-procurement-share-gov-expenditure,DiscreteBar,,,8fd7d4f4be56bc4cd6cf128918268b55,gov-procurement-share-gov-expenditure_v12_850x600.svg,1,10,274838264,23536
government-effectiveness-vs-electoral-democracy-index,ScatterPlot,,,e54cb2636bb4f6d4574bec432666151b,government-effectiveness-vs-electoral-democracy-index_v49_850x600.svg,24,112,1447911992,1167194
government-expenditure-per-primary-student-vs-gdp-per-capita,ScatterPlot,,,8631f7b136722d82d27df6a7ae3dfebb,government-expenditure-per-primary-student-vs-gdp-per-capita_v44_850x600.svg,7,44,1080233680,312529
government-expenditure-vs-gdp,ScatterPlot,,,8326a689e604dd75a930c2e592acb832,government-expenditure-vs-gdp_v22_850x600.svg,12,73,333403536,719054
government-procurement-share-gdp,DiscreteBar,,,ecbebc9d8778885a2e8e54778f045cbb,government-procurement-share-gdp_v10_850x600.svg,1,11,433111168,23939
government-revenues-as-a-share-of-gdp-imf,WorldMap,,,72319ab840e744243a99cf213e85689f,government-revenues-as-a-share-of-gdp-imf_v14_850x600.svg,2,26,412526408,98696
government-revenues-as-a-share-of-gdp-world-bank,WorldMap,,,5d8803895f1e40d3dddf690606f3b9a6,government-revenues-as-a-share-of-gdp-world-bank_v24_850x600.svg,2,29,1096815456,168124
government-revenues-national-income,StackedArea,,,07fa0d21ec30efca86ed7f9259758548,government-revenues-national-income_v4_850x600.svg,2,17,419238272,1459
government-spending-by-function,StackedDiscreteBar,,,71f7e85603b5a1d97378f86c172ee472,government-spending-by-function_v28_850x600.svg,5,21,1062202344,193616
government-spending-by-function-as-share-of-gdp-across-countries,StackedDiscreteBar,,,7d40a4d8e220e82a0e1e58b3a4833bb4,government-spending-by-function-as-share-of-gdp-across-countries_v28_850x600.svg,4,18,300983544,191490
government-spending-vs-gdp-per-capita,ScatterPlot,,,4b01d2adfdea50805ded7dc1898605c5,government-spending-vs-gdp-per-capita_v39_850x600.svg,82,387,599137984,2792126
government-transparency,WorldMap,,,ecf407332359ff6186eba011973137d5,government-transparency_v8_850x600.svg,5,20,1462670968,394855
government-vs-private-aid-by-donor,StackedBar,,,0ca7ffac0a5786869efb39449afd01f8,government-vs-private-aid-by-donor_v47_850x600.svg,3,18,1077360120,126112
government-vs-private-aid-by-recipient,StackedBar,,,ddc6ff185f10e1e2ecbe3770c26594c5,government-vs-private-aid-by-recipient_v53_850x600.svg,10,24,327182896,555092
govt-expenditure-share-budget,WorldMap,,,1af2ca2b4933b60c6f5932b9df574ba7,govt-expenditure-share-budget_v27_850x600.svg,1,22,1089972336,74501
grapes-production,WorldMap,,,e61331ce198d8c761b31476d579be667,grapes-production_v11_850x600.svg,2,20,338700792,238208
graphite-production,WorldMap,,,ec75c66839df5f1968b06e998f2205ca,graphite-production_v15_850x600.svg,1,11,1386028312,21234
grazing-land-use-over-the-long-term,StackedArea,,,115f1b1345cbfb3bd9e714f9c9891682,grazing-land-use-over-the-long-term_v8_850x600.svg,6,25,1404539760,851587
green-climate-gcf-fund-pledges,LineChart,,,2eb087a83d3218d92b6d3024c5c3b9f1,green-climate-gcf-fund-pledges_v10_850x600.svg,1,10,1060930216,417
greenhouse-gas-emissions-from-plastics,DiscreteBar,,,cfb37e65d8152b8f72ca629a5ec265ff,greenhouse-gas-emissions-from-plastics_v6_850x600.svg,1,15,305813096,2439
grocery-bag-comparisons-ghg,DiscreteBar,,,92843511723b68e5cf170edb250fbb73,grocery-bag-comparisons-ghg_v6_850x600.svg,1,9,1066960120,341
grocery-bag-environmental-impact,DiscreteBar,,,c4671e2f796f237ed89be1efaa12f7ff,grocery-bag-environmental-impact_v13_850x600.svg,2,36,1093970464,2140
gross-national-income-per-capita-males-vs-females,ScatterPlot,,,849d744ce8b87464295bfa34138d9eb6,gross-national-income-per-capita-males-vs-females_v23_850x600.svg,79,220,396929640,2857922
gross-national-income-per-capita-undp,WorldMap,,,210911d92f4dd6d2455b5a4bb21d089a,gross-national-income-per-capita-undp_v21_850x600.svg,6,30,1429826880,250347
gross-national-income-per-capita-worldbank,WorldMap,,,c3a13f80d05e91cb3059b5c9376a5989,gross-national-income-per-capita-worldbank_v38_850x600.svg,1,21,1446692704,162440
gross-public-sector-debt-as-a-proportion-of-gdp,WorldMap,,,285ee82c565a73a7baaaa9d6a7713af4,gross-public-sector-debt-as-a-proportion-of-gdp_v13_850x600.svg,1,15,1103832016,29868
groundnuts-yield,WorldMap,,,a5d2cd3fafd4de8c637f12d34fa821ca,groundnuts-yield_v15_850x600.svg,3,24,490489280,312401
growth-of-global-trade,LineChart,,,c12a291c9ec3d67f8e00c5a67b915936,growth-of-global-trade_v9_850x600.svg,1,14,1076324784,7275
growth-rate-of-real-gdp-per-employed-person,WorldMap,,,8c176bccf13402057f7ce92653c5bbc3,growth-rate-of-real-gdp-per-employed-person_v23_850x600.svg,2,21,1416000208,154911
growth-rates-of-consumption-investment-and-gdp-in-india-1961-to-2020,LineChart,,,5fc73eea4a5324e2be5791aff04ac249,growth-rates-of-consumption-investment-and-gdp-in-india-1961-to-2020_v18_850x600.svg,1,15,501885176,12265
growth-rates-of-consumption-investment-and-gdp-in-mexico-19812016,LineChart,,,ab79a770fd6a0333a84f428079a34c4d,growth-rates-of-consumption-investment-and-gdp-in-mexico-19812016_v13_850x600.svg,2,16,1086735056,4231
growth-rates-of-consumption-investment-and-gdp-in-south-africa-19612016,LineChart,,,fbd12add25ed7e349f27678760114f50,growth-rates-of-consumption-investment-and-gdp-in-south-africa-19612016_v12_850x600.svg,1,15,1427502416,6072
growth-rates-of-consumption-investment-and-gdp-in-sri-lanka-1961-to-2020,LineChart,,,fd06df63cf2859fbe5909e97ba38e1b6,growth-rates-of-consumption-investment-and-gdp-in-sri-lanka-1961-to-2020_v17_850x600.svg,1,15,513450168,12265
growth-rates-of-consumption-investment-and-gdp-in-the-uk-per-cent-per-annum-19602016,LineChart,,,30b249e7aa0c052b542639ab597543ac,growth-rates-of-consumption-investment-and-gdp-in-the-uk-per-cent-per-annum-19602016_v15_850x600.svg,1,17,1098606640,6003
growth-rates-of-consumption-investment-and-gdp-in-the-us-per-cent-per-annum-19602016,LineChart,,,069466ec49748fd836f9afb212f4841f,growth-rates-of-consumption-investment-and-gdp-in-the-us-per-cent-per-annum-19602016_v12_850x600.svg,2,18,1439187584,6312
h5n1-flu-reported-cases,StackedBar,,,3abf983c89d4d555b11988dc2b58041c,h5n1-flu-reported-cases_v22_850x600.svg,25,72,1092492560,290142
habitat-loss-25-species,WorldMap,,,f0f3429359a02ae37ca0859083292d85,habitat-loss-25-species_v4_850x600.svg,1,14,477482416,1557
haemophilus-influenzae-b-vaccine-immunization-schedule,WorldMap,,,cb2641f294e99f3e36bfadf8b0ac0c0a,haemophilus-influenzae-b-vaccine-immunization-schedule_v15_850x600.svg,2,18,1453577856,338139
happiness-cantril-ladder,WorldMap,,,98ab42407dd0893abc0a55a8869b966b,happiness-cantril-ladder_v34_850x600.svg,2,20,489946016,67515
happiness-vs-gdp-per-capita-time,ScatterPlot,,,efb9d2496dcb52cddc7863c663f0730d,happiness-vs-gdp-per-capita-time_v51_850x600.svg,51,162,1493423616,2103512
happiness-wvs-vs-gallup,ScatterPlot,,,5aad80cb96947e392f8d59697dcacbaa,happiness-wvs-vs-gallup_v39_850x600.svg,54,165,556868592,1922854
haq-by-level-of-healthcare-spending-endpoints,ScatterPlot,,,1fe15a62d4e7c44f2eb342872d0fb76d,haq-by-level-of-healthcare-spending-endpoints_v36_850x600.svg,53,166,1199728256,2136095
hate-crime-protections-based-on-sexual-orientation-or-gender-identity,WorldMap,,,977b0f7633b98d0e21b943503ed3e524,hate-crime-protections-based-on-sexual-orientation-or-gender-identity_v10_850x600.svg,1,15,405371696,57103
hate-crime-protections-lgbt,WorldMap,,,19908927f65bc15480fb9a34dd450e07,hate-crime-protections-lgbt_v66_850x600.svg,2,18,416995392,264883
hazardous-waste-generated-per-capita,WorldMap,,,82f16356bcae31a60eb0dc0d4d20040f,hazardous-waste-generated-per-capita_v17_850x600.svg,1,16,427328752,30862
hci-males-vs-females,ScatterPlot,,,7b6bed04592f5d0e167f7b83220a5443,hci-males-vs-females_v12_850x600.svg,51,147,673332728,1876288
hdi-male-vs-female,ScatterPlot,,,880cc4996c916462dcbee26976223224,hdi-male-vs-female_v22_850x600.svg,70,209,545993376,2841825
hdi-vs-augmented-hdi,ScatterPlot,,,5328c598e818cdc19c0a9f56caa56ba8,hdi-vs-augmented-hdi_v35_850x600.svg,68,180,657281600,2166372
health-coverage-vs-gdp-per-capita-simple,ScatterPlot,,,6d59a77282cc1795485f9a1d2924d55d,health-coverage-vs-gdp-per-capita-simple_v37_850x600.svg,46,145,1549716664,2094356
health-expenditure-and-financing-per-capita,LineChart,,,bc0a75410abc9c981abe3c0be27d831d,health-expenditure-and-financing-per-capita_v14_850x600.svg,1,23,575951008,68183
health-expenditure-government-expenditure,WorldMap,,,387096c35df8c22abf86885edf74ac3f,health-expenditure-government-expenditure_v20_850x600.svg,2,20,591021984,157996
health-insurance-coverage-in-the-us,LineChart,,,daeb00539a0ecd9642dee578d5600bd0,health-insurance-coverage-in-the-us_v6_850x600.svg,2,12,533724480,2509
health-protection-coverage,WorldMap,,,c7f4ea985a45af846a6ca332217abe11,health-protection-coverage_v6_850x600.svg,1,14,543527288,4507
health-spending-per-person-by-source,StackedDiscreteBar,,,fe903442d8656f9320c5b9822e9b5f99,health-spending-per-person-by-source_v7_850x600.svg,10,30,172950432,461145
healthcare-access-quality-un,WorldMap,,,02ae4fd7bae14f4640be7e0b84e443e8,healthcare-access-quality-un_v16_850x600.svg,1,21,557619360,132034
healthcare-expenditure-vs-gdp,ScatterPlot,,,28bda9bb13dee2ea45937766c9d4ea91,healthcare-expenditure-vs-gdp_v33_850x600.svg,58,192,696890032,2252234
healthy-life-expectancy-and-years-lived-with-disability,StackedArea,,,361b3d0f9aef558f236bf086f199f326,healthy-life-expectancy-and-years-lived-with-disability_v16_850x600.svg,10,22,189018096,500774
healthy-life-expectancy-at-birth,WorldMap,,,1d7a685ad1b75e3e9e2e2be366cc0ebf,healthy-life-expectancy-at-birth_v17_850x600.svg,2,18,569075440,139520
healthy-life-expectancy-vs-health-expenditure-per-capita,ScatterPlot,,,1ef0d48398326135a6d65a058d426ffc,healthy-life-expectancy-vs-health-expenditure-per-capita_v29_850x600.svg,61,190,637109688,2254565
hearing-loss-by-age-group,DiscreteBar,,,02833d69ae13abb63f50fd071dd0ccde,hearing-loss-by-age-group_v7_850x600.svg,22,31,220061744,1292838
heat-death-rate-vs-co2,ScatterPlot,,,a4a5f051752699e5b23e2e427433c1cb,heat-death-rate-vs-co2_v20_850x600.svg,33,160,206257008,930734
heat-deaths-vs-projected-death-rates,DiscreteBar,,,5500c18dc1b68e88478b74ef084db580,heat-deaths-vs-projected-death-rates_v12_850x600.svg,15,31,688974304,609427
heat-wave-index-usa,LineChart,,,8c05d654f5512db8c1b57cf017fc5144,heat-wave-index-usa_v8_850x600.svg,1,13,555015832,3733
hepatitis-b-birth-dose-vaccine-immunization-schedule,WorldMap,,,755648325d1ee0dd2f472951cd98e31a,hepatitis-b-birth-dose-vaccine-immunization-schedule_v14_850x600.svg,2,19,568446664,330497
hepatitis-b-deaths-by-type-of-disease,StackedArea,,,dfe0deb0cbe94277b692a0307beb698d,hepatitis-b-deaths-by-type-of-disease_v8_850x600.svg,16,32,182426032,1010490
hepatitis-b-incidence-sdgs,WorldMap,,,ccce2f012c28ba4eb042412de4376204,hepatitis-b-incidence-sdgs_v22_850x600.svg,1,21,702457104,259359
hepatitis-b-number-of-deaths,StackedArea,,,66389bcb30b2c7e559673d843cdce5bd,hepatitis-b-number-of-deaths_v12_850x600.svg,2,14,493605592,335499
hepatitis-b-total-number-of-deaths-by-age-group,StackedArea,,,e40fc2bfd1295ce4023150d06e06dd4c,hepatitis-b-total-number-of-deaths-by-age-group_v5_850x600.svg,27,39,684387904,1695961
hepatitis-b-vaccine-immunization-schedule,WorldMap,,,ba8fbfcb7696ed6f7a50e49c21e241f1,hepatitis-b-vaccine-immunization-schedule_v15_850x600.svg,2,22,196776576,361563
hepatitis-c-deaths-by-type-of-disease,StackedArea,,,3bf23865241bbb804344cff8036bb3bb,hepatitis-c-deaths-by-type-of-disease_v7_850x600.svg,13,24,521591312,1015159
hepatitis-c-number-of-deaths,WorldMap,,,4a3905f721540124a29874435f1f0834,hepatitis-c-number-of-deaths_v10_850x600.svg,1,18,212318512,335192
hepatitis-c-total-number-of-deaths-by-age-group,StackedArea,,,27a993d0929da192d2b77c0362946c93,hepatitis-c-total-number-of-deaths-by-age-group_v8_850x600.svg,25,37,512787992,1705303
hepatitis-death-rate,WorldMap,,,34bf5234e4e97513b979e94f43b6e1d2,hepatitis-death-rate_v21_850x600.svg,2,22,700096112,344540
hepb3-number-unvaccinated,LineChart,,,7cf27e3095b0b15d4c614422262e0e7d,hepb3-number-unvaccinated_v15_850x600.svg,1,11,221670704,156086
hib-vaccine,LineChart,,,4bed2ce19426a64bd81dd30e87175aa8,hib-vaccine_v23_850x600.svg,1,12,179199184,128817
hib3-number-unvaccinated,WorldMap,,,c06734e3a8442a2a5172ee906ac82187,hib3-number-unvaccinated_v15_850x600.svg,2,20,712332192,129906
hidden-hunger-index-vs-extreme-poverty,ScatterPlot,,,1e28f1a1173e7958ff8344287417a422,hidden-hunger-index-vs-extreme-poverty_v57_850x600.svg,64,192,733473328,1965504
hidden-hunger-index-vs-gdp-per-capita,ScatterPlot,,,203fa6a0590f63812e474a668354f454,hidden-hunger-index-vs-gdp-per-capita_v40_850x600.svg,80,195,232249264,2094081
hidden-hunger-index-vs-share-of-energy-supply-from-cereals-roots-and-tubers,ScatterPlot,,,8d28583e092f3f92249e481a41a33ae8,hidden-hunger-index-vs-share-of-energy-supply-from-cereals-roots-and-tubers_v28_850x600.svg,5,36,541494816,138323
high-summer-temp-usa,LineChart,,,293c14121a8ee69c3f5f1aa8ff4fe4d9,high-summer-temp-usa_v11_850x600.svg,1,16,649012400,7069
historical-cost-of-computer-memory-and-storage,LineChart,,,f8411a1e5d82471dc97d1daf8b8f04ac,historical-cost-of-computer-memory-and-storage_v41_850x600.svg,1,19,684878632,4871
historical-death-rates-from-each-cause-category-in-france,LineChart,,,cdbb30a28dea8b42b367e5e09523ade2,historical-death-rates-from-each-cause-category-in-france_v15_850x600.svg,3,22,218604608,25910
historical-gov-spending-gdp,WorldMap,,,801d200e4be28bc9c9f94ebb3bc4501d,historical-gov-spending-gdp_v21_850x600.svg,2,37,616030440,297526
historical-national-accounts-estimates-of-the-distribution-of-people-living-at-different-income-thresholds-globally,StackedArea,,,f81ead56e7b12dc3fe9cb68dbe6b7cf8,historical-national-accounts-estimates-of-the-distribution-of-people-living-at-different-income-thresholds-globally_v6_850x600.svg,3,20,693018760,2844
historical-share-of-population-living-on-less-than-5-per-day-roser-hasell,StackedArea,,,48f60525f5f8ee024045eb984d754d05,historical-share-of-population-living-on-less-than-5-per-day-roser-hasell_v18_850x600.svg,3,20,517118632,6323
historys-hockey-stick-gross-domestic-product-per-capita-using-the-ratio-scale-1990,LineChart,,,704aa614ec1ca48a740f46494d00c472,historys-hockey-stick-gross-domestic-product-per-capita-using-the-ratio-scale-1990_v17_850x600.svg,8,29,234977072,587464
historys-hockey-stick-real-gross-domestic-product-per-capita-finn-using-the-ratio-scale,LineChart,,,d64f18ea0ad2dfa6540dac804b8ffee9,historys-hockey-stick-real-gross-domestic-product-per-capita-finn-using-the-ratio-scale_v9_850x600.svg,4,28,709823240,587464
historys-hockey-stick-worldwide-historical-gross-domestic-product-percapita-1990,LineChart,,,6272dd1be01d676a2521eadadc7ed9a6,historys-hockey-stick-worldwide-historical-gross-domestic-product-percapita-1990_v28_850x600.svg,8,32,532987328,587464
historys-hockey-stick-worldwide-historical-real-gross-domestic-product-per-capita-finn,LineChart,,,21cc8c21447975ab0f39000c89bcd606,historys-hockey-stick-worldwide-historical-real-gross-domestic-product-per-capita-finn_v13_850x600.svg,5,35,632298288,587464
hiv-death-rates,WorldMap,,,bdcc8362233fd187ebaecbd22586b2f3,hiv-death-rates_v28_850x600.svg,5,25,251001040,330562
hiv-death-rates-by-age,LineChart,,,05956b4e7f01a2d4e58c187da9133236,hiv-death-rates-by-age_v25_850x600.svg,31,49,716644120,2051088
hiv-expenditure,WorldMap,,,6cddfa40210fe7dbfa42638d80c1e90c,hiv-expenditure_v10_850x600.svg,2,21,545050032,51333
hiv-funding-and-future-requirements,LineChart,,,8d1c6b57c1fc56b82f935dedac23b46b,hiv-funding-and-future-requirements_v13_850x600.svg,2,11,258875456,7364
hiv-funding-by-region,StackedArea,,,1136ce764e7ee02febbb36a5697dd604,hiv-funding-by-region_v23_850x600.svg,2,14,553642456,3401
hivaids-deaths-and-averted-due-to-art,StackedArea,,,4eeb938a5f29d4690708b1466b647dc9,hivaids-deaths-and-averted-due-to-art_v31_850x600.svg,10,21,179812776,360042
hivaids-deaths-tuberculosis-drug-resistant,StackedArea,,,a5f098d4f75d9a6b78d3bdb2db607dbb,hivaids-deaths-tuberculosis-drug-resistant_v29_850x600.svg,17,30,243483704,1342559
homelessness-by-gender-point-in-time-count,StackedDiscreteBar,,,0f2a29b6dbe24279fcc7685c2ff86146,homelessness-by-gender-point-in-time-count_v50_850x600.svg,1,16,564281320,1239
homelessness-rate-flow-count,StackedDiscreteBar,,,091f108d4308e8b2006f623e4f68e0c8,homelessness-rate-flow-count_v38_850x600.svg,1,11,188339112,571
homelessness-rate-point-in-time-count,StackedDiscreteBar,,,0bcf303ca0e896f3a21c09ec5178ff6c,homelessness-rate-point-in-time-count_v47_850x600.svg,1,19,727549856,1351
homicide-deaths-by-age,StackedArea,,,095f2f4e4883f5dbbe6056030abd4a9a,homicide-deaths-by-age_v28_850x600.svg,23,35,561388328,1687574
homicide-rate,WorldMap,,,7b6ba4402d4a4cd7e58af072ad4216e0,homicide-rate_v34_850x600.svg,6,34,227390840,345218
homicide-rate-1990-vs-2020,ScatterPlot,,,d1aec04c5e15b7bd872aec071e3ac2a8,homicide-rate-1990-vs-2020_v45_850x600.svg,14,40,232759752,338430
homicide-rate-across-sources,LineChart,,,b446555e53ac1992d67d578364e3bd45,homicide-rate-across-sources_v67_850x600.svg,20,43,725067000,810980
homicide-rate-age-standardized,WorldMap,,,3cfbfe5c236f5b3355e5dcfad1caa1ae,homicide-rate-age-standardized_v12_850x600.svg,7,32,766859688,336360
homicide-rate-by-age,LineChart,,,08759080139e94b1610411ea50522ddf,homicide-rate-by-age_v28_850x600.svg,29,47,286264344,2022945
homicide-rate-by-age-of-the-victim,LineChart,,,dfb41fb8d205433da8e47a21b07dcfd7,homicide-rate-by-age-of-the-victim_v10_850x600.svg,13,40,540388072,950191
homicide-rate-by-sex,ScatterPlot,,,099a530c409f421f29b980c92fed4626,homicide-rate-by-sex_v23_850x600.svg,4,38,259209984,236046
homicide-rate-ghe,WorldMap,,,5a3238cf854c28fcb406f0fe1f379ea1,homicide-rate-ghe_v11_850x600.svg,4,22,199851808,136922
homicide-rate-ihme-vs-unodc,ScatterPlot,,,b7bd5d8d796196a000f589c7ddeefd38,homicide-rate-ihme-vs-unodc_v52_850x600.svg,10,45,720923240,509784
homicide-rate-ihme-vs-who-mort-db,ScatterPlot,,,ea2b63527b68e121e9171cbefac7e5b0,homicide-rate-ihme-vs-who-mort-db_v45_850x600.svg,14,60,207231744,504611
homicide-rate-in-15--to-49-year-olds,LineChart,,,68cd98c389af1799b02c7419da02dfb9,homicide-rate-in-15--to-49-year-olds_v17_850x600.svg,2,23,700899176,335614
homicide-rate-unodc,WorldMap,,,00cecf1eb1cb5799fa0b2d6e00b14b8e,homicide-rate-unodc_v50_850x600.svg,5,34,243332312,173864
homicide-rate-vs-gdp-pc,ScatterPlot,,,ef7462ea9a646e9e8cba0865b4004502,homicide-rate-vs-gdp-pc_v68_850x600.svg,63,177,668428400,2254415
homicide-rate-where-the-perpetrator-is-an-intimate-partner,LineChart,,,942f6402ea61b44495ad077ac1f621bf,homicide-rate-where-the-perpetrator-is-an-intimate-partner_v19_850x600.svg,2,15,239909928,53564
homicide-rate-who-age-standardized,WorldMap,,,7acf7522be1b38fafd806895bed06236,homicide-rate-who-age-standardized_v12_850x600.svg,4,35,737986400,168691
homicide-rate-who-mortality-database,WorldMap,,,343694bc6f33a3827544df99507afe85,homicide-rate-who-mortality-database_v12_850x600.svg,4,34,757416312,168691
homicide-rate-who-vs-unodc,ScatterPlot,,,97b630fa2a7515a075bc81bba50f1c07,homicide-rate-who-vs-unodc_v22_850x600.svg,9,52,287064944,333257
homicide-rates-across-western-europe,LineChart,,,0d92bdd4fc108a6ff97d681714278fb6,homicide-rates-across-western-europe_v21_850x600.svg,1,20,257138184,23477
homicide-rates-from-firearms,WorldMap,,,5d94736348c724289053a328fe350abb,homicide-rates-from-firearms_v46_850x600.svg,3,18,224660000,46192
homicides-by-firearm,WorldMap,,,01988625056bd9b33f2a8942e2517ac8,homicides-by-firearm_v20_850x600.svg,2,21,272748024,38930
homicides-by-sex-of-the-victim,StackedArea,,,3404b6215f1f8194799b0494d626e8fe,homicides-by-sex-of-the-victim_v18_850x600.svg,4,13,708397536,199811
homicides-ihme,WorldMap,,,bd7e02a20ddeee0b921d63506bddc7d8,homicides-ihme_v32_850x600.svg,7,34,744123720,344976
homicides-unodc,WorldMap,,,eb3b23a9483ea0a54389f3b91ca87f26,homicides-unodc_v20_850x600.svg,4,29,736242080,148649
homicides-whomd,WorldMap,,,13f56db24355569f47685f79b297abe9,homicides-whomd_v16_850x600.svg,4,36,216079504,142285
homicidesghe,WorldMap,,,46ce8fdb5bfe20b63e1cf457bc860f60,homicidesghe_v14_850x600.svg,4,22,291176200,143915
hospital-beds-per-1000-people,WorldMap,,,d93e609f48da5792eda562d03f00001d,hospital-beds-per-1000-people_v27_850x600.svg,1,22,262514072,149340
hourly-earnings-male-vs-female,ScatterPlot,,,ed6ff5e8fd280cd741745cdaf198aa3c,hourly-earnings-male-vs-female_v29_850x600.svg,2,31,769323160,71564
hours-of-work-per-1000-lumen-hours,LineChart,,,625ecd87c2d3b40e92765ac61a777e12,hours-of-work-per-1000-lumen-hours_v6_850x600.svg,2,9,742221976,417
household-air-pollution-deaths-by-region,StackedArea,,,1177c46d6ebad39add06daa20554e403,household-air-pollution-deaths-by-region_v21_850x600.svg,2,14,259204592,259527
household-vs-outdoor-air-pollution-death-rates,ScatterPlot,,,10842393c218d547c43db41e1d3a4de2,household-vs-outdoor-air-pollution-death-rates_v28_850x600.svg,8,39,303163016,515873
households-air-conditioning,DiscreteBar,,,63fb5ea7692b802ff4b1c2b86256808f,households-air-conditioning_v3_850x600.svg,1,7,221636008,1964
housing-discrimination-lgbt-equaldex,WorldMap,,,3b4ca11a3aaac3dfb2a25641b9629b18,housing-discrimination-lgbt-equaldex_v27_850x600.svg,1,14,750449008,67900
how-important-family-is-to-people-in-life,StackedDiscreteBar,,,7e8db0e6fa7fd8c69aa9541d38eba8d1,how-important-family-is-to-people-in-life_v23_850x600.svg,2,13,233102216,71624
how-important-friends-are-to-people-in-life,StackedDiscreteBar,,,1fb2619d0a0c86b7048d27bdbe2f549f,how-important-friends-are-to-people-in-life_v22_850x600.svg,2,16,270393656,75245
how-important-leisure-is-to-people-in-life,StackedDiscreteBar,,,b3df1a7afa16f01c6037209b95c30ab9,how-important-leisure-is-to-people-in-life_v21_850x600.svg,3,16,720264480,75600
how-important-politics-is-in-your-life,StackedDiscreteBar,,,5ffe811eccdf231f3516645c6af9faa6,how-important-politics-is-in-your-life_v21_850x600.svg,3,13,244404616,75845
how-important-religion-is-in-your-life,StackedDiscreteBar,,,c025fd3936f22ef73f14f3514462cd1e,how-important-religion-is-in-your-life_v28_850x600.svg,3,17,780922784,75258
how-important-work-is-to-people-in-life,StackedDiscreteBar,,,9d239ef93417dd47f3c7e577266726f6,how-important-work-is-to-people-in-life_v24_850x600.svg,2,15,281584536,75639
how-many-deaths-does-it-take-for-a-disaster-in-different-continents-to-receive-news-coverage,DiscreteBar,,,c10742fb3d72f4a9f98216b6b068ffb4,how-many-deaths-does-it-take-for-a-disaster-in-different-continents-to-receive-news-coverage_v5_850x600.svg,1,8,250957696,494
how-many-deaths-does-it-take-for-a-disaster-to-receive-news-coverage,DiscreteBar,,,38a7fa7ab1e16d18d30fbbec85aa6327,how-many-deaths-does-it-take-for-a-disaster-to-receive-news-coverage_v5_850x600.svg,1,10,727893192,494
how-much-we-think-we-spend-on-healthcare-vs-how-much-we-actually-do,ScatterPlot,,,7e2baf05593a336f7ba09ca95e2c7ae7,how-much-we-think-we-spend-on-healthcare-vs-how-much-we-actually-do_v20_850x600.svg,67,148,366936448,1843860
hpv-vaccination-coverage-in-15-year-olds,LineChart,,,9b5be7d4c0bd965c25e012d3ee17af82,hpv-vaccination-coverage-in-15-year-olds_v11_850x600.svg,2,13,756625088,83928
hubberts-peak-vs-actual-oil-production-in-the-united-states,LineChart,,,1ce3ffbebe96e4b9fbf73fa24214d82b,hubberts-peak-vs-actual-oil-production-in-the-united-states_v11_850x600.svg,1,13,290496160,7719
human-capital-index-in-2018,WorldMap,,,0e593da7022433ba00f3bf6b08e30a70,human-capital-index-in-2018_v17_850x600.svg,1,13,261570688,29039
human-capital-index-vs-gdp,ScatterPlot,,,0f0756cca74a8754ce9f42eb5cd6a495,human-capital-index-vs-gdp_v24_850x600.svg,70,187,848015608,2109590
human-caused-air-pollution-exposure,WorldMap,,,f9f221ac1137869eb23fb60d45393862,human-caused-air-pollution-exposure_v19_850x600.svg,2,22,306108768,201864
human-development-index,WorldMap,,,070680e4a6b72c8ec650c5d514d9721c,human-development-index_v31_850x600.svg,5,29,785881064,206212
human-development-index-groups,WorldMap,,,26acf1565283522934758f5500e9dbcf,human-development-index-groups_v15_850x600.svg,2,16,235323216,196914
human-development-index-vs-gdp-per-capita,ScatterPlot,,,bdafba6b7ee65b08d719569c5cc64e2a,human-development-index-vs-gdp-per-capita_v28_850x600.svg,60,184,710004240,2286763
human-development-index-vs-mean-male-height,ScatterPlot,,,f30e89766a2f1acad0b14e0c2e2943dc,human-development-index-vs-mean-male-height_v18_850x600.svg,76,208,328744648,2739490
human-papillomavirus-vaccine-immunization-schedule,WorldMap,,,9eee761d8d8889ddacbfa54fa6763756,human-papillomavirus-vaccine-immunization-schedule_v25_850x600.svg,2,18,275861800,177567
human-rights-index-vdem,WorldMap,,,5ff16a6f0c112fc83f4083c15faa26ea,human-rights-index-vdem_v66_850x600.svg,27,93,843648488,1055215
human-rights-index-vs-electoral-democracy-index,ScatterPlot,,,9bc2844abb13ee403a6c17708e58aaa7,human-rights-index-vs-electoral-democracy-index_v52_850x600.svg,38,147,323608624,2080282
human-rights-index-vs-gdp-per-capita,ScatterPlot,,,a9ee0d0ba9f11431c7ab06ad5d5109ff,human-rights-index-vs-gdp-per-capita_v53_850x600.svg,136,330,335640912,3540517
human-trafficking-victims,WorldMap,,,3e49ff1cb272bc9e1aac27f82ed80f8c,human-trafficking-victims_v17_850x600.svg,3,19,378363576,48018
hurricane-landfalls-us,LineChart,,,309a6f3b616a3b8d76c03569d25504f7,hurricane-landfalls-us_v9_850x600.svg,1,22,317632824,21785
hurricane-track-error,LineChart,,,c726129232fc50367de8c71849a96b0a,hurricane-track-error_v10_850x600.svg,3,34,861631600,18398
hydropower-generation-by-region,StackedArea,,,bb5d8822ae1c74e25a22a2e1a058083f,hydropower-generation-by-region_v20_850x600.svg,3,17,329385664,202291
hypertension-adults-30-79,WorldMap,,,9594da598ca42193caff473944beab2e,hypertension-adults-30-79_v27_850x600.svg,2,20,337992592,177457
hypothetical-global-meat-demand,LineChart,,,4a003516b5494219ef24d12d9c7eaa53,hypothetical-global-meat-demand_v9_850x600.svg,2,30,733085328,446525
hypothetical-land-animals-slaughtered,LineChart,,,463ef6869bfa848b602d662a776ad2b5,hypothetical-land-animals-slaughtered_v14_850x600.svg,3,27,348630480,442897
hypothetical-number-of-deaths-from-energy-production,DiscreteBar,,,e3c154acd858caade119a73af14ab7ae,hypothetical-number-of-deaths-from-energy-production_v5_850x600.svg,2,12,343798456,257
icd-code-version-used-to-classify-causes-of-death,WorldMap,,,16b59131bdc34aa8856c6e4a10d400db,icd-code-version-used-to-classify-causes-of-death_v22_850x600.svg,2,22,347870864,201342
ice-sheet-mass-balance,LineChart,,,c3e38095607a903494980b22a119844e,ice-sheet-mass-balance_v20_850x600.svg,1,19,364900864,12869
ict-adoption,LineChart,,,39c769545dc6881d9a5a1ad4d9f7ecaf,ict-adoption_v39_850x600.svg,16,41,330410888,1062210
ict-adoption-per-100-people,LineChart,,,90e66860f4b84d0671ac661f43e2d628,ict-adoption-per-100-people_v42_850x600.svg,25,45,200803712,1104594
ihr-core-capacity-index-sdgs,DiscreteBar,,,5262c765e91ef75dda8fc337f0bc0b60,ihr-core-capacity-index-sdgs_v27_850x600.svg,18,34,680883168,628977
imf-imports-by-region-of-origin,StackedArea,,,b9609c847409619c11415bcf07da3cbe,imf-imports-by-region-of-origin_v42_850x600.svg,43,59,342639232,2727603
immunization-coverage-against-diphtheria-tetanus-and-pertussis-dtp3-vs-gdp-per-capita,ScatterPlot,,,2297009b2f83c5f82f73d1531c061e19,immunization-coverage-against-diphtheria-tetanus-and-pertussis-dtp3-vs-gdp-per-capita_v32_850x600.svg,64,177,390988768,2336888
immunization-hepb3-of-one-year-old-children,LineChart,,,1e3182661758326e3ab356d09f2620fe,immunization-hepb3-of-one-year-old-children_v20_850x600.svg,2,21,345735024,152664
immunization-measles-vs-vaccine-safety,ScatterPlot,,,cc8b4e021cdaa80fd0533f8bb537b9ae,immunization-measles-vs-vaccine-safety_v22_850x600.svg,4,34,226939240,123558
implementation-of-integrated-water-resource-management,WorldMap,,,e378f7cf02fc027a0ef6750934d1de1e,implementation-of-integrated-water-resource-management_v11_850x600.svg,1,16,175568888,15977
implementation-of-tools-to-monitor-economic-and-environmental-tourism,WorldMap,,,803938d1cf2e0802562d15b0f0830e57,implementation-of-tools-to-monitor-economic-and-environmental-tourism_v22_850x600.svg,2,21,362507376,72523
implementation-of-unclos,WorldMap,,,758a37f0a52335f5a8d7cffa55ac7a8b,implementation-of-unclos_v12_850x600.svg,1,14,184217112,1628
import-of-environmentally-sound-technologies,WorldMap,,,56135b724753cf0f9eb49cc97685c9e0,import-of-environmentally-sound-technologies_v7_850x600.svg,1,15,352082744,93315
importance-government-funding-research-anxiety-depression,StackedDiscreteBar,,,b983ee20c12e364f411cba94a31f0922,importance-government-funding-research-anxiety-depression_v19_850x600.svg,1,13,182741944,20443
importance-science-treating-anxiety-depression,WorldMap,,,d1c4cc92d3d44bdf7ec1a8fdd543c2ac,importance-science-treating-anxiety-depression_v17_850x600.svg,91,182,334822680,2722690
imported-deforestation,WorldMap,,,f1d034b02502d7608ce4f05c7906118e,imported-deforestation_v7_850x600.svg,1,15,336344584,109144
imported-or-exported-co-emissions-per-capita,WorldMap,,,26f8f4c5a5a322aa04c7159fba5e38e8,imported-or-exported-co-emissions-per-capita_v31_850x600.svg,1,16,194222008,159695
imports-exports-plastic-income-group,LineChart,,,a0af38d1ebe3b81ab3a0989e34b91e53,imports-exports-plastic-income-group_v13_850x600.svg,5,25,331319480,318516
imports-of-ppe-related-products-per-capita,WorldMap,,,eb257eea9ed632a65c0d5167808c37aa,imports-of-ppe-related-products-per-capita_v14_850x600.svg,1,19,352775488,162027
improved-water-sources-vs-gdp-per-capita,ScatterPlot,,,368f6ff6b0563d2fc3613d57c5291d61,improved-water-sources-vs-gdp-per-capita_v33_850x600.svg,8,53,196046416,452913
inactivated-poliovirus-vaccine-immunization-schedule,WorldMap,,,311ad778099401843d538816d75b63f1,inactivated-poliovirus-vaccine-immunization-schedule_v14_850x600.svg,2,19,370778984,614802
incidence-and-prevalence-of-rabies,LineChart,,,3b65e978a65244920437aab9e531d694,incidence-and-prevalence-of-rabies_v33_850x600.svg,8,21,355022128,617192
incidence-of-child-labour,LineChart,,,89804be36e14637a5ee3d0d148ed892f,incidence-of-child-labour_v16_850x600.svg,1,8,377354584,8224
incidence-of-child-labour-boys-vs-girls,ScatterPlot,,,0dd8b7166884451f56cd69ae8f3c2f64,incidence-of-child-labour-boys-vs-girls_v31_850x600.svg,46,145,403414832,1858159
incidence-of-child-labour-vs-gdp-per-capita,ScatterPlot,,,68e2502b87980a1648b22c560cf8a263,incidence-of-child-labour-vs-gdp-per-capita_v32_850x600.svg,16,52,397125432,870762
incidence-of-diarrheal-diseases,WorldMap,,,e62feb02da6c0fd33b03eaeebb6647e1,incidence-of-diarrheal-diseases_v14_850x600.svg,2,20,209291800,259217
incidence-of-diarrheal-episodes-vs-access-to-improved-sanitation,ScatterPlot,,,b5940e76b71971d8c95d3963301ad164,incidence-of-diarrheal-episodes-vs-access-to-improved-sanitation_v24_850x600.svg,7,44,205671920,405560
incidence-of-hiv-by-age,LineChart,,,933059ae70142651c0b98f3ef7ac3ca7,incidence-of-hiv-by-age_v16_850x600.svg,9,24,414354360,781413
incidence-of-hiv-the-share-of-new-infections-among-the-previously-uninfected-population-ages-15-49,LineChart,,,43aeb03c1f9c856ff9ea042361d1a3bd,incidence-of-hiv-the-share-of-new-infections-among-the-previously-uninfected-population-ages-15-49_v20_850x600.svg,2,11,405427552,182184
incidence-of-hivaids,WorldMap,,,c3ede0846f3be6d8930f81a3561a6570,incidence-of-hivaids_v11_850x600.svg,4,26,349582656,277873
incidence-of-invasive-non-typhoidal-salmonella-age-groups,LineChart,,,287f07d628f096e36d0360dbc2f55cb1,incidence-of-invasive-non-typhoidal-salmonella-age-groups_v13_850x600.svg,13,26,385388232,1330164
incidence-of-malaria,WorldMap,,,23d5c352865988ab1ae3c91b3270947d,incidence-of-malaria_v25_850x600.svg,2,15,425814256,83676
incidence-of-meningitis,WorldMap,,,211395a279dbe18399686308a3031318,incidence-of-meningitis_v8_850x600.svg,2,21,219069544,259252
incidence-of-tuberculosis,WorldMap,,,c875c85a5ffa64d8f60fa61de27adbe2,incidence-of-tuberculosis_v12_850x600.svg,3,29,315523928,272515
incidence-of-tuberculosis-sdgs,WorldMap,,,2bcd30b63f216530c28f09ad7cdcb247,incidence-of-tuberculosis-sdgs_v30_850x600.svg,2,18,385148120,153490
incidence-of-typhoid-and-paratyphoid-fever-age-groups,LineChart,,,7729ac10a180f4a1f3c34770294af4f5,incidence-of-typhoid-and-paratyphoid-fever-age-groups_v21_850x600.svg,14,27,414640920,1310630
incidence-of-venomous-animal-contact,WorldMap,,,d0339cfc6b3b198986419ca7689aabe4,incidence-of-venomous-animal-contact_v21_850x600.svg,2,21,232712600,252249
incidence-rate-of-cardiovascular-disease,WorldMap,,,f5954bc0e3fea953d0cb3228373f8be9,incidence-rate-of-cardiovascular-disease_v26_850x600.svg,2,22,406992240,257469
inciting-hatred-laws-lgbt,WorldMap,,,e23d765c5b90c816a4c6c473b12f1b19,inciting-hatred-laws-lgbt_v71_850x600.svg,1,17,262933296,275979
income-inequality-atkinson-index-undp,WorldMap,,,0981cec4ca50b657367a3ab59fde870f,income-inequality-atkinson-index-undp_v38_850x600.svg,3,21,330957080,99571
income-inequality-in-market-and-disposable-income-across-the-world,ScatterPlot,,,edf4b0b065bb6185747b9da83bf240e0,income-inequality-in-market-and-disposable-income-across-the-world_v23_850x600.svg,1,20,247059744,11987
income-large-scale-food-producers,WorldMap,,,961e82ae6b4b79587659166bbd4496aa,income-large-scale-food-producers_v25_850x600.svg,1,9,374006368,3782
income-share-top-1-after-vs-before-tax-wid-scatter,ScatterPlot,,,f3b62c8e0bb18d67b182f238a7485a53,income-share-top-1-after-vs-before-tax-wid-scatter_v47_850x600.svg,77,183,446988856,2663074
income-share-top-1-before-tax-wid-extrapolations,LineChart,,,1d9973d18a699fcc4e438f805ba82fb7,income-share-top-1-before-tax-wid-extrapolations_v55_850x600.svg,10,35,435118344,474128
income-share-top-10-after-vs-before-tax-lis-scatter,ScatterPlot,,,a2920d77b432d3a27b21404f93ff8354,income-share-top-10-after-vs-before-tax-lis-scatter_v41_850x600.svg,72,191,407349232,2525313
income-share-top-10-after-vs-before-tax-wid-scatter,ScatterPlot,,,8168c5066c3b24f9a3c5135e27c6794a,income-share-top-10-after-vs-before-tax-wid-scatter_v49_850x600.svg,76,185,437332096,2665253
income-small-scale-food-producers,WorldMap,,,73b792935f2f2556b758118f02639a77,income-small-scale-food-producers_v32_850x600.svg,1,9,382683568,3910
income-support-covid,WorldMap,,,c2b19a14d45e651076f554f87db241c4,income-support-covid_v2798_850x600.svg,24,236,295857192,4967827
income-taxes-share-of-revenue-europe,LineChart,,,d8b02ac9d6ef55f14324797a4a34f25a,income-taxes-share-of-revenue-europe_v5_850x600.svg,1,13,394283352,22728
increase-male-vs-female-height,ScatterPlot,,,e7d6ce788cd807e17853122c3a78a5ae,increase-male-vs-female-height_v5_850x600.svg,1,15,409422128,23167
index-of-cereal-production-yield-and-land-use,LineChart,,,ac1f9d876ca5ab368600fadd0aae3e06,index-of-cereal-production-yield-and-land-use_v24_850x600.svg,81,128,428734656,3135369
india-government-debt-as-a-percentage-of-gdp-19802019,LineChart,,,99c32c1f737e65d82a34197f5df70a30,india-government-debt-as-a-percentage-of-gdp-19802019_v13_850x600.svg,1,8,415981808,1252
indian-rhinos,LineChart,,,698dc84e6753e6d166d07bb7d8b298b1,indian-rhinos_v10_850x600.svg,1,8,382069360,1404
individual-liberties-and-equality-before-the-law-index,WorldMap,,,50c60edabcf109623dd8a9ccf311879c,individual-liberties-and-equality-before-the-law-index_v49_850x600.svg,21,81,486546752,1064697
indoor-pollution-death-rates-clean-fuels,ScatterPlot,,,65c9b519c8ec8e9cbfdd2e3a0dc05ab0,indoor-pollution-death-rates-clean-fuels_v42_850x600.svg,6,40,442994640,408165
industrial-robots-annual-installations-total-operational,StackedBar,,,7354d76e3a76c94d58de395ddf16e193,industrial-robots-annual-installations-total-operational_v27_850x600.svg,1,15,439086368,2985
industrial-robots-in-operation-per-1000-employees,DiscreteBar,,,96adf1755a0e868f9821088e478df004,industrial-robots-in-operation-per-1000-employees_v9_850x600.svg,1,9,455409040,1202
industrial-water-as-a-share-of-total-water-withdrawals,WorldMap,,,1ca7e72cd9542af5f17792b1ac3a2927,industrial-water-as-a-share-of-total-water-withdrawals_v18_850x600.svg,2,27,460048560,190961
industrial-water-withdrawal,WorldMap,,,8afcc11750651e580a8fa3a361f798d8,industrial-water-withdrawal_v7_850x600.svg,3,22,472610064,227863
industry-share-of-total-emplyoment,WorldMap,,,816bc8f99adfcc4788bd5bc562d7bae8,industry-share-of-total-emplyoment_v21_850x600.svg,2,25,454871640,233403
inequality-adjusted-hdi-vs-human-development-index,ScatterPlot,,,e9f7b63a1d394a474f6c71642cf8da53,inequality-adjusted-hdi-vs-human-development-index_v12_850x600.svg,83,214,487495344,2738734
inequality-adjusted-human-development-index,WorldMap,,,7dae84d408cb1d0815214d28461b8f99,inequality-adjusted-human-development-index_v39_850x600.svg,2,19,458657848,80732
inequality-adjusted-human-development-index-vs-gdp-per-capita,ScatterPlot,,,f9f29d215aca0f255eecdf9977def218,inequality-adjusted-human-development-index-vs-gdp-per-capita_v31_850x600.svg,83,230,554572392,2789993
inequality-in-education,WorldMap,,,49eb83b4dd15a29cdf5a57a759785a84,inequality-in-education_v33_850x600.svg,3,16,487579440,100254
inequality-in-life-expectancy,WorldMap,,,ff8a7b0135af4444e4158bfa9bb85eb8,inequality-in-life-expectancy_v28_850x600.svg,3,22,470890920,115182
inequality-in-life-expectancy-vs-health-expenditure-per-capita,ScatterPlot,,,9ab5eb6fd4534b55c1eb44495456af67,inequality-in-life-expectancy-vs-health-expenditure-per-capita_v30_850x600.svg,76,186,549882424,2109945
inequality-in-wealth-earnings-and-disposable-income-us-sweden-and-japan-2000s,DiscreteBar,,,3f879f0fd5aed705913db1658f29e2a0,inequality-in-wealth-earnings-and-disposable-income-us-sweden-and-japan-2000s_v7_850x600.svg,2,11,495293368,342
inequality-metrics-before-tax-wid,LineChart,,,2f2fd458204f486dcba11033f5b744ed,inequality-metrics-before-tax-wid_v32_850x600.svg,5,26,478041744,338417
inequality-of-incomes-before-and-after-taxes-and-transfers-scatter,ScatterPlot,,,540be3c9d240e80edbc3e38371b9e690,inequality-of-incomes-before-and-after-taxes-and-transfers-scatter_v62_850x600.svg,47,116,468469392,1883887
inequality-of-incomes-before-and-after-taxes-and-transfers-scatter-working-age-pop,ScatterPlot,,,2060d36d0228d4bdd62aaa78d737b67f,inequality-of-incomes-before-and-after-taxes-and-transfers-scatter-working-age-pop_v67_850x600.svg,48,127,343365096,1883928
infant-death-rates-by-cause-by-sex,ScatterPlot,,,d2ef2101a1dcf90ff3e05f30cae16518,infant-death-rates-by-cause-by-sex_v14_850x600.svg,1,14,487255152,3212
infant-deaths,StackedArea,,,af0280ba9e49047527c11fd0fad0f606,infant-deaths_v17_850x600.svg,14,25,511214104,1006382
infant-mortality,WorldMap,,,d502ea11299a4ae9e32ca2e10b6e614c,infant-mortality_v44_850x600.svg,3,33,494066616,465127
infant-mortality-by-sex,ScatterPlot,,,aa1b48826e0294434fb6bd0199d3c108,infant-mortality-by-sex_v27_850x600.svg,13,63,498235992,926665
infant-mortality-rate,WorldMap,,,71c36189071fe604d549ddee3b172302,infant-mortality-rate_v20_850x600.svg,3,26,493740800,326038
infant-mortality-rate-wdi,LineChart,,,54f2b2165610a040b6ab02c4f770d73e,infant-mortality-rate-wdi_v24_850x600.svg,14,28,371187152,917367
infant-mortality-rates,WorldMap,,,e64757925420f6000bdf715c8320f75a,infant-mortality-rates_v18_850x600.svg,4,30,450245896,576657
infant-mortality-rates-uk,LineChart,,,efd33d79f28f92113ec7eb2212046fcd,infant-mortality-rates-uk_v4_850x600.svg,1,15,559103616,2894
infant-mortality-vaccines,LineChart,,,fbc0b3b02479714c101bfe975bf70d85,infant-mortality-vaccines_v7_850x600.svg,1,14,379934816,3319
infant-mortality-vs-prenatal-care,ScatterPlot,,,be4125be1cd12c915065831ae55df9ba,infant-mortality-vs-prenatal-care_v17_850x600.svg,9,52,456474784,386075
infants-pre-term-share,DiscreteBar,,,cf3626fa3312323194c2f0a76ba83910,infants-pre-term-share_v4_850x600.svg,1,10,506003080,840
infectious-and-parasitic-diseases-death-rate-who-mdb,LineChart,,,a84a0cd6a9393c9b162afcb4923dd014,infectious-and-parasitic-diseases-death-rate-who-mdb_v15_850x600.svg,2,29,336672576,161759
infectious-disease-death-rates,WorldMap,,,917bb62ae9635a5b10f13606f0fe0693,infectious-disease-death-rates_v24_850x600.svg,2,25,498523192,325868
infectious-disease-death-rates-gbd,WorldMap,,,6fa717e489e0ba296a7c041920ba36c7,infectious-disease-death-rates-gbd_v8_850x600.svg,2,22,465577080,334802
inflation-and-central-bank-independence-oecd-countries,ScatterPlot,,,e15ea343e1ad82c43db74dd640e0c413,inflation-and-central-bank-independence-oecd-countries_v19_850x600.svg,1,13,564334936,1024
inflation-and-presidential-election-victory-in-the-us,ScatterPlot,,,b4e338b7902e35ed202d592ed61b6067,inflation-and-presidential-election-victory-in-the-us_v32_850x600.svg,1,15,516798224,1828
inflation-levels-and-volatility-in-high--and-low-income-economies-1960-2017,LineChart,,,eb737f2b95a7dd44177ce4fc7c88135b,inflation-levels-and-volatility-in-high--and-low-income-economies-1960-2017_v11_850x600.svg,1,19,480176816,10196
inflation-of-consumer-prices,WorldMap,,,7494e5f76d319b642b7cb9692ac73fd8,inflation-of-consumer-prices_v28_850x600.svg,3,29,589662336,327333
influenza-vaccination-rate-elderly-oecd,WorldMap,,,75a1af2d5a0fe8273ace5fb581dfa190,influenza-vaccination-rate-elderly-oecd_v29_850x600.svg,1,14,507352712,15682
influenza-vaccination-rate-elderly-who-unicef,WorldMap,,,93d6e4cf5ca4a3e4f9bf69ab3b56b523,influenza-vaccination-rate-elderly-who-unicef_v10_850x600.svg,1,14,525497448,7377
informal-employment-in-agriculture,WorldMap,,,4d7c861eb7e1685d0c0256104889158c,informal-employment-in-agriculture_v18_850x600.svg,1,15,349051832,35227
injuries-from-terrorist-attacks,WorldMap,,,94d3c2b4a977867d58d1991cb6f35049,injuries-from-terrorist-attacks_v29_850x600.svg,6,34,492487824,282800
innovation-in-computing-power-index-of-computing-speed,ScatterPlot,,,3f8360cc12e40fdf1b2d091aa4cffb86,innovation-in-computing-power-index-of-computing-speed_v13_850x600.svg,1,31,498252416,14986
insecticide-use,WorldMap,,,445ff0c603b94b7620d77d932a2056dc,insecticide-use_v11_850x600.svg,2,21,492084760,230310
installed-geothermal-capacity,WorldMap,,,215eb2c447741e693f3f03d014779928,installed-geothermal-capacity_v12_850x600.svg,1,8,356204544,29180
installed-global-renewable-energy-capacity-by-technology,LineChart,,,3d0d6797eec2176c30ec6b4bae17c974,installed-global-renewable-energy-capacity-by-technology_v19_850x600.svg,1,14,465881184,17920
installed-solar-pv-capacity,LineChart,,,21a8ce27ae2812ceb9bb9648fd6bb6ff,installed-solar-pv-capacity_v21_850x600.svg,2,13,366039344,148804
intensity-of-multidimensional-poverty,WorldMap,,,9af421b2b0cde47d27d84d6f284050d7,intensity-of-multidimensional-poverty_v39_850x600.svg,2,19,539893024,12979
intensity-of-multidimensional-poverty-hot,LineChart,,,9dcd771efeab0dbdf5e4548ea15d59a9,intensity-of-multidimensional-poverty-hot_v20_850x600.svg,1,24,442696120,8155
intercontinental-trade-per-capita-1500-1800,LineChart,,,651616c8be236ca340fe0d112b718ece,intercontinental-trade-per-capita-1500-1800_v5_850x600.svg,1,9,372184352,590
intergenerational-and-cross-sectional-inequality,ScatterPlot,,,be68d410b0232800dbedd6a130de4691,intergenerational-and-cross-sectional-inequality_v23_850x600.svg,1,13,456570624,787
internal-movement-covid,WorldMap,,,fb31d8d77a7aad2d98a1bbb42f1b139d,internal-movement-covid_v2826_850x600.svg,25,210,619197992,4967827
internal-renewable-freshwater-resources-by-region,DiscreteBar,,,0c3462aaf6f10a1c901ea721204f822b,internal-renewable-freshwater-resources-by-region_v11_850x600.svg,2,13,503440728,320860
internally-displaced-people-due-to-conflict,WorldMap,,,66382ce0b9d2f04ae842f6e413911a5d,internally-displaced-people-due-to-conflict_v18_850x600.svg,4,24,564545552,165932
internally-displaced-persons-from-disasters,WorldMap,,,3a87ebc8540d65696506981981142f6b,internally-displaced-persons-from-disasters_v23_850x600.svg,1,11,380636488,57224
international-arrivals-for-personal-vs-business-and-professional-reasons,ScatterPlot,,,b8f49e173d735e5366c4a4ca7b28cecb,international-arrivals-for-personal-vs-business-and-professional-reasons_v20_850x600.svg,5,42,490891480,254126
international-capital-flows,LineChart,,,16a088ff6468851a66322694081e5eb2,international-capital-flows_v8_850x600.svg,1,10,450040648,998
international-finance-clean-energy,WorldMap,,,7a69259e101db2f2baefc4aac40eadae,international-finance-clean-energy_v23_850x600.svg,2,19,515172720,118418
international-same-day-arrivals,WorldMap,,,7be26723fb46f90a79613ce45ee561a5,international-same-day-arrivals_v29_850x600.svg,3,20,363290184,100964
international-same-day-visitors-per-1000-people,WorldMap,,,239d351f19e891101d5fd6d1dbe0fad0,international-same-day-visitors-per-1000-people_v21_850x600.svg,3,26,472427472,107661
international-tourist-arrivals-by-region-of-origin,StackedArea,,,5721ec74a849c2493a0e2a463f56464a,international-tourist-arrivals-by-region-of-origin_v18_850x600.svg,1,14,572807352,6607
international-tourist-departures,WorldMap,,,a974586d59d5e94913d4342915853ca6,international-tourist-departures_v17_850x600.svg,2,23,534881192,84660
international-tourist-departures-per-1000,WorldMap,,,e18bbc5e060ca8a9e8404f5f3b53d49c,international-tourist-departures-per-1000_v37_850x600.svg,3,20,383742968,89573
international-tourist-trips,WorldMap,,,ecd81008719c12b504b47d21ed2476ed,international-tourist-trips_v29_850x600.svg,5,31,564518848,171383
international-tourist-trips-by-destination-region,StackedArea,,,fb26ae50f6addf72e042e9995a05fb8f,international-tourist-trips-by-destination-region_v24_850x600.svg,2,11,443463976,7023
international-tourist-trips-per-1000-people,WorldMap,,,5c14cfc4c3973da09e379f910c03448c,international-tourist-trips-per-1000-people_v13_850x600.svg,4,29,483556568,181882
international-travel-covid,WorldMap,,,58af2313a390f5d16087111c00632aab,international-travel-covid_v2818_850x600.svg,20,217,589206344,4967827
international-trips-for-business-and-professional-reasons,WorldMap,,,26d50a5aeb67efdd622839c1fbbfdec9,international-trips-for-business-and-professional-reasons_v17_850x600.svg,4,26,361988984,128164
international-trips-for-personal-reasons,WorldMap,,,28bd37c782e39e4811e88aa38f6b1807,international-trips-for-personal-reasons_v14_850x600.svg,3,26,467200768,135260
interpersonal-trust-in-europe,WorldMap,,,8b9ec7b0ad065dbc29b9b5bbab792a6a,interpersonal-trust-in-europe_v19_850x600.svg,1,47,554044424,920
interpersonal-trust-in-the-us,LineChart,,,ebcd1dc79e0b9549a88a1497cf58f7fe,interpersonal-trust-in-the-us_v14_850x600.svg,1,9,489507792,868
interpersonal-trust-measured-in-different-surveys,ScatterPlot,,,381163aef55a027505dec3e9e66d4235,interpersonal-trust-measured-in-different-surveys_v18_850x600.svg,2,21,381685776,38329
interpersonal-trust-vs-income-inequality,ScatterPlot,,,63433a188d78103437233fceb21cdf14,interpersonal-trust-vs-income-inequality_v53_850x600.svg,62,178,519790288,1957829
intersex-infant-surgery,WorldMap,,,d5168defc31a83658c13db92f5c4398d,intersex-infant-surgery_v17_850x600.svg,1,14,497144752,12786
interventions-for-substance-use-disorders,DiscreteBar,,,b47ffe3e2335d7cdb099083abbeccea1,interventions-for-substance-use-disorders_v20_850x600.svg,1,8,387984808,19154
interventions-ntds-sdgs,WorldMap,,,fbb61c637a712800906486d8aa764cf4,interventions-ntds-sdgs_v29_850x600.svg,1,18,507254984,91741
investment-in-renewable-energy-by-technology,StackedArea,,,46e35213dbe217b6106fa9e53b26d044,investment-in-renewable-energy-by-technology_v8_850x600.svg,1,9,396423912,4360
ipv-vaccine-coverage,WorldMap,,,e2c35794cdc1ffde50d27172e15e84c8,ipv-vaccine-coverage_v15_850x600.svg,2,18,565430864,55399
ipv1-number-unvaccinated,WorldMap,,,a7ddf87d9347758ead1cbe698ca5e26a,ipv1-number-unvaccinated_v15_850x600.svg,2,18,407732096,54608
is-antibiotic-use-in-livestock-above-global-guidelines,WorldMap,,,c44871b1772c84c370be2249dd377f7d,is-antibiotic-use-in-livestock-above-global-guidelines_v10_850x600.svg,2,16,477863424,6421
iwc-members,WorldMap,,,9a7c1593441b3bf707af1f4404413557,iwc-members_v11_850x600.svg,1,15,574766264,126433
javan-rhinos,LineChart,,,53cb97889e9c2e6f96d7a2db86b93ab7,javan-rhinos_v11_850x600.svg,2,10,484735080,1055
joint-adoptions-by-same-sex-partners,WorldMap,,,54cf1869c3b9e84d03473a1b9c46c25c,joint-adoptions-by-same-sex-partners_v79_850x600.svg,1,17,380727296,257318
joint-adoptions-same-sex-partners-equaldex,WorldMap,,,783a30965e51a722dd7442ad932f6293,joint-adoptions-same-sex-partners-equaldex_v32_850x600.svg,1,14,582749272,63625
judicial-constraints-on-the-executive-index,WorldMap,,,089814ba2cb214fc1001d155c77a00c0,judicial-constraints-on-the-executive-index_v53_850x600.svg,22,99,513586616,1018441
judicial-corruption-score,WorldMap,,,3fd075ca1aaab33a14a7e443a64266ba,judicial-corruption-score_v18_850x600.svg,6,41,617425608,882204
justified-political-positions-score,WorldMap,,,9f0a3469a6545400088b22d22a64b95c,justified-political-positions-score_v58_850x600.svg,6,38,406158880,707430
kaya-identity-co2,LineChart,,,75ecff7eec363a49ebde07b9195f012e,kaya-identity-co2_v67_850x600.svg,119,143,670735856,4644661
key-crop-yields,LineChart,,,df44488fee867bc94b36df62897d275e,key-crop-yields_v14_850x600.svg,71,87,450182384,3310141
key-features-of-democracy,LineChart,,,36e08072f27dda385c82fc3ff3ba7a8c,key-features-of-democracy_v79_850x600.svg,75,110,586112120,4443750
key-features-of-electoral-democracy,LineChart,,,fae8383d607c6c833eb5fa78b4dbaf8e,key-features-of-electoral-democracy_v72_850x600.svg,110,135,585156840,5989902
key-features-of-human-rights,LineChart,,,26181dd47915607a91c352f43f55047e,key-features-of-human-rights_v71_850x600.svg,65,93,529220112,4206201
key-features-of-liberal-democracy,LineChart,,,43ec032731dbeee7d1f91b7d70ce76ba,key-features-of-liberal-democracy_v74_850x600.svg,81,107,608919776,5946436
key-features-of-womens-political-empowerment,LineChart,,,961b195283cf50494d0ffd20d7a43ac9,key-features-of-womens-political-empowerment_v49_850x600.svg,62,90,501697736,3865615
key-media-freedoms,LineChart,,,057b4f494a9db27d33ffe344eda97c75,key-media-freedoms_v19_850x600.svg,60,91,597885336,3929631
kilograms-meat-per-animal,DiscreteBar,,,911c160e349450425b04254324f0ceda,kilograms-meat-per-animal_v8_850x600.svg,1,7,676175808,508
knowledge-hiv-prevention-in-males-vs-females,ScatterPlot,,,1f9dffae417150c8d26903b2f45921cc,knowledge-hiv-prevention-in-males-vs-females_v21_850x600.svg,45,157,627663056,1854900
labor-force-participation-rate-by-age,LineChart,,,409f2f3d27838102cd7e2efa3faf08a8,labor-force-participation-rate-by-age_v18_850x600.svg,12,32,607678920,959849
labor-force-participation-rate-of-men-65-years-and-older-in-the-usa,LineChart,,,4caa3f620b38d96c24c9118780ebbc78,labor-force-participation-rate-of-men-65-years-and-older-in-the-usa_v10_850x600.svg,1,16,615526952,967
labor-force-participation-rates-for-women-ages-15-24-2020-vs-1980,ScatterPlot,,,1223cf7f11568ae58b0e56faa63ea41d,labor-force-participation-rates-for-women-ages-15-24-2020-vs-1980_v32_850x600.svg,125,266,686744880,2117532
labor-participation-rate,WorldMap,,,8674d7ea2f99f4a3f8a488570f6a3e1e,labor-participation-rate_v22_850x600.svg,2,26,626319536,220491
labor-productivity-agriculture-sweden,LineChart,,,69d1c50ba4393eef79fdbafd0ab8ed35,labor-productivity-agriculture-sweden_v3_850x600.svg,1,14,424867288,5103
labor-productivity-per-hour,LineChart,,,251a405eeb307c1428912b1762dc7bcc,labor-productivity-per-hour_v8_850x600.svg,2,18,166540464,8178
labor-productivity-per-hour-pennworldtable,WorldMap,,,3711676af7462bcac32962f3ff6bb012,labor-productivity-per-hour-pennworldtable_v35_850x600.svg,2,23,442812736,163788
labor-productivity-vs-gdp-per-capita,ScatterPlot,,,90840b0371fc8e5522e4f5ea006536c0,labor-productivity-vs-gdp-per-capita_v34_850x600.svg,61,175,652473472,2367041
labor-share-of-gdp,WorldMap,,,5d61eb7428cd8821d080f308ca4a759d,labor-share-of-gdp_v25_850x600.svg,1,16,636206576,70067
land-animals-slaughtered-for-meat,StackedArea,,,8042dc05e2a3fd7392086a114161ecea,land-animals-slaughtered-for-meat_v14_850x600.svg,63,79,232575768,3252136
land-area-hectares,DiscreteBar,,,99f2cb8ca96b97507256c1c32d104c02,land-area-hectares_v24_850x600.svg,5,18,453182144,547780
land-area-km,WorldMap,,,37783726baa221baf5e2313777914857,land-area-km_v20_850x600.svg,5,34,652675480,397004
land-area-per-crop-type,LineChart,,,7129572821924b73e4e4dd20567a9bcf,land-area-per-crop-type_v10_850x600.svg,100,121,490303032,4748270
land-natural-share,LineChart,,,cf2d381934af33e27ad7f024e7d0fca4,land-natural-share_v3_850x600.svg,2,15,173134280,142146
land-ownership-men-vs-women,ScatterPlot,,,b306a78ea8dae101fbe78248f7138658,land-ownership-men-vs-women_v24_850x600.svg,2,23,188041696,14418
land-sparing-by-crop,DiscreteBar,,,799b601191fb26f97dba9a1e3a431c82,land-sparing-by-crop_v12_850x600.svg,1,10,635177752,17993
land-use,LineChart,,,8fbf0f546603ee18603e13d6a9420156,land-use_v18_850x600.svg,30,50,598065672,1350677
land-use-agriculture-longterm,LineChart,,,2b0bb2f041c0919b08ee23ebfb44a99f,land-use-agriculture-longterm_v5_850x600.svg,1,10,172506112,149031
land-use-for-vegetable-oil-crops,StackedArea,,,5d1b4730bbd55daa9996eae560f83d7e,land-use-for-vegetable-oil-crops_v10_850x600.svg,53,223,228520152,2320005
land-use-kcal-poore,DiscreteBar,,,e004d2634e1e6e0d7091253598ea0528,land-use-kcal-poore_v20_850x600.svg,1,13,181389856,1415
land-use-over-the-long-term,StackedArea,,,51dc216fe7247edaa3793a613136f853,land-use-over-the-long-term_v15_850x600.svg,40,54,231723032,2624873
land-use-palm-oil,WorldMap,,,b4698fe1d42da70a9df0502b20a2d1d9,land-use-palm-oil_v12_850x600.svg,2,15,606975728,136833
land-use-per-kg-poore,DiscreteBar,,,202824779d6381f61d5acc99d003089d,land-use-per-kg-poore_v20_850x600.svg,1,9,498061280,1246
land-use-protein-poore,DiscreteBar,,,5041c62dd77ffd099000de79b1d820d4,land-use-protein-poore_v23_850x600.svg,1,10,613807208,1153
land-use-seafood,DiscreteBar,,,d9d049e862e5628b2e4665d3a025edeb,land-use-seafood_v12_850x600.svg,2,18,659222208,514
land-use-vs-yield-change-in-cereal-production,ScatterPlot,,,db5c210e9f2fdba774746f409657892b,land-use-vs-yield-change-in-cereal-production_v18_850x600.svg,66,204,587095672,2415903
landline-internet-subscriptions,WorldMap,,,a1aeda84547840c360250633267f2550,landline-internet-subscriptions_v32_850x600.svg,2,25,628035096,139410
landline-internet-subscriptions-by-speed,StackedDiscreteBar,,,35544a7614819e03d42fdebaa550efef,landline-internet-subscriptions-by-speed_v13_850x600.svg,4,18,242064272,179805
landline-internet-subscriptions-per-100-people-by-speed,LineChart,,,39abab5f28302bac46b5c80b05d5f344,landline-internet-subscriptions-per-100-people-by-speed_v16_850x600.svg,6,30,603878256,305981
landline-phone-subscriptions,WorldMap,,,c0c34186817e1adbbf64f243510df8fb,landline-phone-subscriptions_v26_850x600.svg,3,33,183711712,382920
large-household-expenditures-health,WorldMap,,,39b69c51c85a985014655c5adc791f27,large-household-expenditures-health_v22_850x600.svg,1,19,190671128,30242
large-oil-spills-decadal,StackedBar,,,f22d09d89b0f1f8a05291b62f4761acd,large-oil-spills-decadal_v16_850x600.svg,1,11,198468248,465
law-mandate-nondiscrimination-hiring,WorldMap,,,bc6c9a3cd2d7c64b4f63b8f86593951f,law-mandate-nondiscrimination-hiring_v17_850x600.svg,2,26,703307256,260445
laws-antimicrobials-livestock,WorldMap,,,56def22b614adfa8806a6e7614b63147,laws-antimicrobials-livestock_v6_850x600.svg,1,14,611309072,5691
laws-on-child-marriage,WorldMap,,,4e5d29fa19ae6e6ceb1d8563cccb608e,laws-on-child-marriage_v30_850x600.svg,1,16,191921440,4996
laying-hens-cages-and-cage-free,StackedDiscreteBar,,,ce099c3a30a910b7ca940af03d931664,laying-hens-cages-and-cage-free_v7_850x600.svg,2,13,206945224,26338
lead-blood-usa-children,LineChart,,,e91b7acf2d5c854a8c1f56b58008fd30,lead-blood-usa-children_v6_850x600.svg,1,18,619605672,794
lead-concentrations-blood-adults,WorldMap,,,6e77d4959426f961253628b422ad5aec,lead-concentrations-blood-adults_v5_850x600.svg,2,14,214209256,1111
lead-concentrations-blood-children,WorldMap,,,6029257396b528eceae87e679501dd7e,lead-concentrations-blood-children_v4_850x600.svg,1,17,199285968,1017
lead-paint-over-10000ppm,WorldMap,,,cfecf01499091598f512ced4bed694e4,lead-paint-over-10000ppm_v3_850x600.svg,2,18,712239528,1555
lead-paint-over-600ppm,WorldMap,,,97ce7ba6d929538f884e4e58b94902af,lead-paint-over-600ppm_v2_850x600.svg,1,14,628438784,1618
lead-paint-over-90ppm,WorldMap,,,c2e863b928c065943883bcc51ea0782c,lead-paint-over-90ppm_v4_850x600.svg,1,13,222945872,1620
lead-petrol-ban,WorldMap,,,7b9effb316db3ab600e5070a863ef1ee,lead-petrol-ban_v9_850x600.svg,2,15,210129152,134626
leading-broad-cause-of-death,WorldMap,,,6d902317c7553c30c2a8fd0108b46f89,leading-broad-cause-of-death_v9_850x600.svg,2,16,726403752,604861
leading-cancer-types-causing-death-in-men,WorldMap,,,8df06f6e2e5cb4b8336ae56f59e58d04,leading-cancer-types-causing-death-in-men_v17_850x600.svg,1,19,239359656,238122
leading-cancer-types-causing-death-in-women,WorldMap,,,6122267c7d245448b3136e600100b6a8,leading-cancer-types-causing-death-in-women_v18_850x600.svg,1,20,645114136,203476
leading-cause-of-child-mortality-among-children-under-five,WorldMap,,,768724035ee1c5eba880ce424ff64660,leading-cause-of-child-mortality-among-children-under-five_v11_850x600.svg,2,20,225830560,461227
leading-cause-of-death,WorldMap,,,655338e504f97b5d27eb92ff97f6f769,leading-cause-of-death_v18_850x600.svg,2,16,691902048,475814
learning-adjusted-years-of-schooling-gender-scatter,ScatterPlot,,,51ed6d9fca920662dac2e30df13cfffe,learning-adjusted-years-of-schooling-gender-scatter_v13_850x600.svg,57,194,287736520,2504083
learning-adjusted-years-of-schooling-vs-electoral-democracy-index,ScatterPlot,,,a02996392eb5f117c76f022d1ac4b757,learning-adjusted-years-of-schooling-vs-electoral-democracy-index_v61_850x600.svg,24,134,653165728,1053544
learning-outcomes-vs-gdp-per-capita,ScatterPlot,,,d2a33a97379d958170348e02adf6d468,learning-outcomes-vs-gdp-per-capita_v61_850x600.svg,81,200,252599104,2114834
legal-controls-lead-paint,WorldMap,,,a2a569243d751ac37e33ff52346a9bd5,legal-controls-lead-paint_v8_850x600.svg,1,9,698921064,4824
legal-frameworks-addressing-gender-equality-in-employment-and-economic-benefits,WorldMap,,,f4bbf377451a07984ef2a8de166f0d11,legal-frameworks-addressing-gender-equality-in-employment-and-economic-benefits_v17_850x600.svg,1,13,236458928,11794
legal-frameworks-gender-equality-within-marriage-and-family,WorldMap,,,58cf30242ee12836933cd4cfb153aba1,legal-frameworks-gender-equality-within-marriage-and-family_v14_850x600.svg,1,11,706512640,12798
legal-frameworks-regarding-violence-against-women,WorldMap,,,2f1c1008f0a9da43c87c10cdad239bda,legal-frameworks-regarding-violence-against-women_v13_850x600.svg,1,10,713742296,12780
legally-recognized-rights-to-land,DiscreteBar,,,7ee6eebcb9b45547723442e4d203b574,legally-recognized-rights-to-land_v18_850x600.svg,1,9,242373256,2801
legislation-domestic-violence,WorldMap,,,20a780c28d41b14a9d4fddd3b2bca2ef,legislation-domestic-violence_v86_850x600.svg,2,24,259075392,260445
legislation-on-sexual-harassment-in-employment,WorldMap,,,f5c51bd6924125ca30437e516e2916f8,legislation-on-sexual-harassment-in-employment_v80_850x600.svg,2,23,693617520,260445
legislative-constraints-on-the-executive-index,WorldMap,,,b58c6dd0b1346af31f02d98458fc9afe,legislative-constraints-on-the-executive-index_v54_850x600.svg,24,91,611860112,834442
legislative-corruption-score,WorldMap,,,084735104b3d40113d6584769ce0d5d1,legislative-corruption-score_v17_850x600.svg,5,29,716124144,605454
legislative-provisions-for-managing-disaster-risk,WorldMap,,,ebb97bd16bc9dd925592e09f0ef74daf,legislative-provisions-for-managing-disaster-risk_v28_850x600.svg,2,18,242524472,22020
lettuce-yields,WorldMap,,,d61e79acfe5ff7da22808f226510bf22,lettuce-yields_v11_850x600.svg,3,21,255320744,260027
level-of-national-compliance-with-labor-rights,WorldMap,,,3a27b261c793c8ac48964b8cef2e9b93,level-of-national-compliance-with-labor-rights_v18_850x600.svg,1,17,726099808,58393
levelized-cost-of-energy,LineChart,,,a52d258381c678875a66e9f54c3a57b1,levelized-cost-of-energy_v27_850x600.svg,2,22,270426248,44468
leverage-ratio-of-banks-in-the-uk-and-us-19602018,LineChart,,,fb96bd9c9aca4bf75829320fa9d05cf2,leverage-ratio-of-banks-in-the-uk-and-us-19602018_v12_850x600.svg,1,12,734873488,2818
lgbt-legal-equality-index,WorldMap,,,a7cc3593c8de1d5954f6c5f358e62b12,lgbt-legal-equality-index_v19_850x600.svg,1,16,743130392,6085
lgbt-rights-index,WorldMap,,,fb6104bc95a5fbbe5b6db8853f97eab1,lgbt-rights-index_v27_850x600.svg,1,19,665480408,196957
liberal-democracy-index,WorldMap,,,61cd5b9a191f11c0b446b294880f970f,liberal-democracy-index_v49_850x600.svg,22,91,312833120,993265
liberal-democracy-row,WorldMap,,,ca1c30a7e31ed676ef3a02fd3aec5e8c,liberal-democracy-row_v48_850x600.svg,5,36,731353992,1608262
liberal-political-institutions-index,WorldMap,,,c649199f0417ec887267b36e445bbf11,liberal-political-institutions-index_v49_850x600.svg,23,89,773774648,1015346
liberal-political-institutions-row,WorldMap,,,3c720a9ae82eecdb48c263a669e8bfcf,liberal-political-institutions-row_v78_850x600.svg,4,35,637647112,1578672
life-expectancy,LineChart,,,e1a07b05d7d7b1f4497dea0b08c0aa5c,life-expectancy_v64_850x600.svg,5,35,755289584,675005
life-expectancy-at-age-15,WorldMap,,,f62feda2ec95ecb94cb96e744ed6ad5b,life-expectancy-at-age-15_v22_850x600.svg,5,72,293745456,1255570
life-expectancy-at-birth-including-the-un-projections,LineChart,,,751fe54642b0a8cb2db7c665b6d4b3e4,life-expectancy-at-birth-including-the-un-projections_v27_850x600.svg,31,67,626522048,1168533
life-expectancy-at-birth-oecd,WorldMap,,,4a042afcd291e6c285909b50fb9a9afa,life-expectancy-at-birth-oecd_v18_850x600.svg,1,18,264306312,77689
life-expectancy-at-birth-source-comparison,LineChart,,,cec47bfb92da4ff4bfdba353a6cc9ed9,life-expectancy-at-birth-source-comparison_v18_850x600.svg,16,36,308379960,778260
life-expectancy-at-birth-vs-co-emissions-per-capita,ScatterPlot,,,0341679ca97dd235f91f4214c65a8bb5,life-expectancy-at-birth-vs-co-emissions-per-capita_v28_850x600.svg,18,75,753485632,982367
life-expectancy-at-birth-who-gho,WorldMap,,,eb16df91d826f8808030b4046d72f2d3,life-expectancy-at-birth-who-gho_v27_850x600.svg,2,19,323523800,138915
life-expectancy-at-different-ages,LineChart,,,905eab99e517c6bbf51ae5c48bb76a72,life-expectancy-at-different-ages_v25_850x600.svg,82,101,320482944,3967803
life-expectancy-hmd-unwpp,WorldMap,,,97eb91023a848b629ecd2094135eb548,life-expectancy-hmd-unwpp_v15_850x600.svg,4,39,710159560,654528
life-expectancy-marimekko,Marimekko,,,55804a05ad2a20baccbafef00cdcb625,life-expectancy-marimekko_v38_850x600.svg,75,253,711234368,2516681
life-expectancy-men-women,LineChart,,,3fd728483989427b12d19909bbce598d,life-expectancy-men-women_v5_850x600.svg,17,33,326991640,1145556
life-expectancy-of-women-vs-life-expectancy-of-men,ScatterPlot,,,9e3b74b68d1e177f3a47fa827c80c283,life-expectancy-of-women-vs-life-expectancy-of-men_v37_850x600.svg,27,88,333333744,1769182
life-expectancy-prados-de-la-escosura,WorldMap,,,7ea11659e092364165c0053b4768ca06,life-expectancy-prados-de-la-escosura_v20_850x600.svg,4,23,345464632,122772
life-expectancy-un-vs-gdp-per-capita-wb,ScatterPlot,,,069525aef079369d93e5015f317818ae,life-expectancy-un-vs-gdp-per-capita-wb_v48_850x600.svg,97,230,260664816,2662548
life-expectancy-unwpp,WorldMap,,,846bc9e130a100494e0496df620b05a8,life-expectancy-unwpp_v15_850x600.svg,7,38,189976232,572699
life-expectancy-versus-gini-lifespan-inequality,ScatterPlot,,,2a74b3b09fcdf64b31def31771dee2a4,life-expectancy-versus-gini-lifespan-inequality_v17_850x600.svg,25,105,393496448,1916468
life-expectancy-vs-electoral-democracy-index,ScatterPlot,,,8d0e534bcef3f5437bf52ce575c6916d,life-expectancy-vs-electoral-democracy-index_v53_850x600.svg,41,189,255383216,1709370
life-expectancy-vs-expected-years-lived-with-disability,ScatterPlot,,,ca1d2070bdc09a3e2c869e16163aff8c,life-expectancy-vs-expected-years-lived-with-disability_v19_850x600.svg,56,175,409609496,2341149
life-expectancy-vs-gdp-per-capita,ScatterPlot,,,30d07384fa2e19765804bd6031de83e6,life-expectancy-vs-gdp-per-capita_v39_850x600.svg,78,465,448366640,3169605
life-expectancy-vs-health-expenditure,ScatterPlot,,,6b8df6555550213042c411c69a635b5c,life-expectancy-vs-health-expenditure_v42_850x600.svg,11,48,355135560,650180
life-expectancy-vs-healthcare-expenditure,ScatterPlot,,,84e8922dcf7f343f1f1823d495b639bd,life-expectancy-vs-healthcare-expenditure_v39_850x600.svg,61,181,433799440,2576760
life-expectation-at-birth-by-sex,LineChart,,,1c32e9cb029f6e85981dd0ce4ad6d218,life-expectation-at-birth-by-sex_v28_850x600.svg,23,43,301111736,1306458
life-satisfaction-vs-child-mortality,ScatterPlot,,,843ce0b35ca5cf7756b5d3bb02cb3c3f,life-satisfaction-vs-child-mortality_v42_850x600.svg,68,193,424909480,2375495
life-satisfaction-vs-co-emissions-per-capita,ScatterPlot,,,314ecaf7a3dcdd30bcfbde751bb3f59e,life-satisfaction-vs-co-emissions-per-capita_v32_850x600.svg,20,122,283043832,975891
life-satisfaction-vs-life-expectancy,ScatterPlot,,,34e3e00a2a41fc27baad3d6d36aab33f,life-satisfaction-vs-life-expectancy_v34_850x600.svg,68,171,286188192,2481890
life-science-patents-granted-by-technology,StackedBar,,,2425fda6341d53b71cfb38918d95e4e1,life-science-patents-granted-by-technology_v17_850x600.svg,5,23,260383000,202870
lifetime-risk-of-maternal-death,WorldMap,,,805bf5b547d63739c597383b51817ab7,lifetime-risk-of-maternal-death_v30_850x600.svg,1,24,275279816,278577
lighting-sources-uk,StackedArea,,,0bbe1eabbde9f5bc3efb1f87b6629df7,lighting-sources-uk_v9_850x600.svg,2,19,288302816,44906
literacy-rate-adult-total-dhs-surveys-vs-unesco,ScatterPlot,,,1d66b2ff9e41541b0341eac3d271f46c,literacy-rate-adult-total-dhs-surveys-vs-unesco_v39_850x600.svg,57,157,342854096,1894298
literacy-rate-of-young-men-and-women,ScatterPlot,,,89e6afc17182f527743bc05be2e59dcd,literacy-rate-of-young-men-and-women_v28_850x600.svg,3,44,319714008,132806
literacy-rate-source-type,WorldMap,,,bf4f86cc4dc9f4031a39fcf6f966eb93,literacy-rate-source-type_v31_850x600.svg,1,17,445496136,22938
literacy-rate-vs-gdp-per-capita,ScatterPlot,,,cc8b65473bcea25b951526c2b556bab6,literacy-rate-vs-gdp-per-capita_v32_850x600.svg,57,171,440402184,2146049
literacy-rates-of-younger-vs-older-population,ScatterPlot,,,93dcd6cd1cbb2254317e2c78048269d1,literacy-rates-of-younger-vs-older-population_v30_850x600.svg,3,47,314462744,126725
literacy-rates-vs-average-years-of-schooling,ScatterPlot,,,215c1f0f82dea05a5082ef56a4b1b0e0,literacy-rates-vs-average-years-of-schooling_v27_850x600.svg,57,215,276121360,2031242
literate-and-illiterate-world-population,StackedArea,,,5655f6cefe85c0f104ae9063321c8615,literate-and-illiterate-world-population_v27_850x600.svg,3,36,462447536,135478
lithium-production,WorldMap,,,86fee92b6a13349c1f642279f263fa9a,lithium-production_v14_850x600.svg,1,12,321706392,17875
liver-cancer-death-rate,WorldMap,,,c4221f6ba53f5ffadc4b7823869daaf1,liver-cancer-death-rate_v17_850x600.svg,2,23,477341232,108004
liver-cancer-incidence-rate-by-risk-factor,LineChart,,,9e9cfcd54fb99481fef4da13a63d1f89,liver-cancer-incidence-rate-by-risk-factor_v13_850x600.svg,17,36,325631480,1285216
lives-saved-vaccines,DiscreteBar,,,ff35262c454472d22cca4f60790e8f5e,lives-saved-vaccines_v5_850x600.svg,1,12,437224792,3783
lives-saved-vaccines-region,DiscreteBar,,,a4df9d4a0e3b680cbdf26612f9c06c1d,lives-saved-vaccines-region_v2_850x600.svg,1,8,443701288,291
livestock-counts,LineChart,,,d77c42a8828bda52c8e452e40b9bd53e,livestock-counts_v5_850x600.svg,38,53,333017344,2195725
living-languages,WorldMap,,,b567912f44c3e38f1815d59560c9955c,living-languages_v11_850x600.svg,1,14,350540312,6614
living-planet-index-by-region,LineChart,,,6adac16db66e5b74bb8ae61bb65a77ec,living-planet-index-by-region_v12_850x600.svg,1,21,458094200,12568
living-planet-index-comparison,LineChart,,,12f43ca353d480e06224da7fede1a16d,living-planet-index-comparison_v14_850x600.svg,2,22,465271040,24570
loan-from-a-financial-institution-poorest-40-vs-richest-60,ScatterPlot,,,85293362a3613d738d0f8502b8845653,loan-from-a-financial-institution-poorest-40-vs-richest-60_v24_850x600.svg,2,25,368458600,53449
local-gov-disaster-strategies,WorldMap,,,dc553110052ad9b73321c8cb9420f9e0,local-gov-disaster-strategies_v19_850x600.svg,1,17,468193392,24567
local-govts-risk-reduction,WorldMap,,,247e3156c11f1aac6ad264a0b8b6d7ee,local-govts-risk-reduction_v20_850x600.svg,1,16,475875224,24567
local-guests-in-hotels-and-similar-establishments,WorldMap,,,bf0e3fe7441da8faf8d0a1974955fa18,local-guests-in-hotels-and-similar-establishments_v9_850x600.svg,2,21,453785112,71277
locations-of-ongoing-armed-conflicts,WorldMap,,,3c73f8dfed987f720ffbf7ba252719b7,locations-of-ongoing-armed-conflicts_v35_850x600.svg,2,19,312896584,389798
long-run-air-pollution,LineChart,,,ba3034cc5b7d16afa416afe5a9bffa5b,long-run-air-pollution_v6_850x600.svg,244,290,554886680,12730019
long-run-birth-rate,WorldMap,,,6689884a7ac2885a7fe0254350adcf17,long-run-birth-rate_v13_850x600.svg,4,32,356204552,620651
long-run-cases-of-vaccine-preventable-diseases-in-the-united-states,LineChart,,,e9590b840cf508f73dab72c2cbe82ff9,long-run-cases-of-vaccine-preventable-diseases-in-the-united-states_v17_850x600.svg,1,20,457931072,14198
long-run-childhood-stunting-rates,LineChart,,,77d85dd5deeabb7874997aee9a4241be,long-run-childhood-stunting-rates_v14_850x600.svg,1,14,321520800,20155
long-run-deaths-from-vaccine-preventable-diseases-in-the-united-states,LineChart,,,79cd550215f3c6c2921337f5dfefcf6d,long-run-deaths-from-vaccine-preventable-diseases-in-the-united-states_v7_850x600.svg,2,24,469659944,11428
long-run-growth-trajectories-of-selected-economies,ScatterPlot,,,6594ca59908872c3b1f1b9a42cd87404,long-run-growth-trajectories-of-selected-economies_v5_850x600.svg,1,15,467739800,12825
long-run-methane-concentration,LineChart,,,11b76b62e01a5209b895eda7b1bd15f9,long-run-methane-concentration_v18_850x600.svg,1,18,332185136,71063
long-run-unemployment-and-real-wage-growth-across-the-oecd-19702017,ScatterPlot,,,6d4908043f81d59d6a24b62fae659543,long-run-unemployment-and-real-wage-growth-across-the-oecd-19702017_v16_850x600.svg,2,16,324963312,1019
long-term-cod-catch,LineChart,,,24598f2428189c88fbef88657838d485,long-term-cod-catch_v6_850x600.svg,1,10,474410688,16951
long-term-energy-transitions,StackedArea,,,e399b7aa50625a4b40ce4d78f3aebccf,long-term-energy-transitions_v9_850x600.svg,7,36,454032888,380716
long-term-prices-food,LineChart,,,b3e2bca620e1a0d96824ba031eed8241,long-term-prices-food_v9_850x600.svg,2,19,346395280,80475
long-term-urban-population-region,LineChart,,,84791190a14a81fa3a57391ba63590c6,long-term-urban-population-region_v14_850x600.svg,3,23,443889696,898967
low-earth-orbits-objects,StackedArea,,,67677ff578162cef45259ec15f0a55fe,low-earth-orbits-objects_v56_850x600.svg,1,12,333097296,6529
low-winter-temps-usa,LineChart,,,af9318c16433cceaf32592eaa0fef253,low-winter-temps-usa_v10_850x600.svg,1,20,288255080,6958
lower-secondary-completion-rate-adjusted-gender-parity-index,WorldMap,,,89d9b0a70959ef43bdb546bdfeaaec63,lower-secondary-completion-rate-adjusted-gender-parity-index_v21_850x600.svg,2,23,349536856,242653
lung-cancer-death-rates-males,LineChart,,,b7632d519c30ea7e18add412aa1f2f4a,lung-cancer-death-rates-males_v14_850x600.svg,2,17,325343944,161179
lung-cancer-deaths-men-women,ScatterPlot,,,e15b788c57df03d19869f13fcf74897d,lung-cancer-deaths-men-women_v12_850x600.svg,6,45,496192792,331804
lung-cancer-deaths-per-100000-by-sex-1950-2002,LineChart,,,23828b040f96f47a3ca0ce04e0718adf,lung-cancer-deaths-per-100000-by-sex-1950-2002_v17_850x600.svg,5,20,461881520,322506
lymphatic-filariasis-treatment-coverage,WorldMap,,,f60735b131e1ef6004487f104e62157e,lymphatic-filariasis-treatment-coverage_v10_850x600.svg,1,18,298436432,30750
machinery-per-agricultural-land,WorldMap,,,e8959cf0da5a36ae1e9c3f058c76a64d,machinery-per-agricultural-land_v3_850x600.svg,4,23,365309456,422927
macroplastics-in-ocean,LineChart,,,5eb58fbb7f7fce6475ebde448e3da564,macroplastics-in-ocean_v8_850x600.svg,2,16,337559312,9991
mainstreaming-sustainable-development-into-student-assessment,DiscreteBar,,,d70664fd78d218b374535748cbd32b09,mainstreaming-sustainable-development-into-student-assessment_v18_850x600.svg,2,18,475381936,7210
maize-attainable-yield,WorldMap,,,7b57785453cfb20fd95f407721836082,maize-attainable-yield_v15_850x600.svg,2,17,309016352,204512
maize-exports-ukraine-russia-perspective,StackedDiscreteBar,,,3674dcd3d11c67c2d6e4a0df470df418,maize-exports-ukraine-russia-perspective_v15_850x600.svg,2,13,346694144,15975
maize-production,LineChart,,,dd836fc48feeb92d13699a30b9783399,maize-production_v13_850x600.svg,3,21,343602232,389962
maize-yield-gap,WorldMap,,,60e9bddbae5f7a2ba23c23f2ba65d333,maize-yield-gap_v13_850x600.svg,2,19,510477784,220827
maize-yields,WorldMap,,,d40ec85c37e0e084b13d2e51d02c7f41,maize-yields_v18_850x600.svg,2,30,468601304,408608
major-causes-of-child-deaths,LineChart,,,09ddfae0ac9858c1a0dd8d74d235dd2e,major-causes-of-child-deaths_v7_850x600.svg,54,80,343546960,3661552
malaria-cases-per-100-by-age,LineChart,,,184d298dbb72064fde18dfa85731bdbe,malaria-cases-per-100-by-age_v3_850x600.svg,16,33,279144520,1169336
malaria-death-rates,LineChart,,,0b2e0e1fdbe97eb4a4d1e810bd5d8145,malaria-death-rates_v27_850x600.svg,3,14,354508304,294488
malaria-deaths-by-age,StackedArea,,,d413a28771d051d10c52ebdb893b819b,malaria-deaths-by-age_v27_850x600.svg,21,32,500568496,1506453
malaria-deaths-by-region,StackedArea,,,d01c47a0c5ccea2d045ccf81dc0d3fed,malaria-deaths-by-region_v25_850x600.svg,3,15,479162936,301408
malaria-deaths-comparisons,ScatterPlot,,,36f8ec0140c4a810adf970c37c714e0b,malaria-deaths-comparisons_v42_850x600.svg,66,174,402901008,2222706
malaria-deaths-ihme,WorldMap,,,06b280ff03d1befdfc62e934423e1f95,malaria-deaths-ihme_v22_850x600.svg,3,22,294092536,301408
malaria-prevalence-vs-gdp-per-capita,ScatterPlot,,,fad2d8708ae5900d14e4d67f84165bbd,malaria-prevalence-vs-gdp-per-capita_v47_850x600.svg,57,165,564394424,2323674
male-female-ratio-suicides-rates,WorldMap,,,d4c1e1c778d6a68df9c44a9c12b9daff,male-female-ratio-suicides-rates_v40_850x600.svg,2,22,515502952,145908
male-high-blood-pressure,WorldMap,,,b5dc3436ae5d146fce0c988e867673eb,male-high-blood-pressure_v18_850x600.svg,2,22,308436112,178318
male-homicide-rate,WorldMap,,,08dcece79cd8195072cd4813f144696d,male-homicide-rate_v15_850x600.svg,3,30,490160768,122503
male-homicide-victims,WorldMap,,,bcd1b4eb770ae15b01f56be97586afa8,male-homicide-victims_v20_850x600.svg,3,27,368518216,109667
male-labor-participation-rate,WorldMap,,,3c7a7c6409f54b7ef873bad3efd81d8f,male-labor-participation-rate_v22_850x600.svg,2,26,281704184,220654
male-population-by-age-group,DiscreteBar,,,cba08d56154109cdfde7bc39474d51c9,male-population-by-age-group_v4_850x600.svg,216,236,444565704,12030726
male-to-female-height-ratio,WorldMap,,,1a4adfa17e2ce5cd1ca289457731b360,male-to-female-height-ratio_v8_850x600.svg,3,32,303590112,702210
male-to-female-ratio-of-high-school-courses-in-math-and-science,LineChart,,,3a998b2b2026a6ab388249ce93500970,male-to-female-ratio-of-high-school-courses-in-math-and-science_v9_850x600.svg,2,12,497397304,558
male-vs-female-informal-employment-as-share-of-total-employment,ScatterPlot,,,448f864d27d17654e4c2071320e7f319,male-vs-female-informal-employment-as-share-of-total-employment_v30_850x600.svg,2,34,523754128,110526
male-vs-female-suicide-who,ScatterPlot,,,d9740820e9647e465cef7f0ea7b7ddef,male-vs-female-suicide-who_v42_850x600.svg,67,215,346737968,2763874
malnutrition-death-rate-vs-gdp-per-capita,ScatterPlot,,,19fefd5fc37822e10650d00b65275ceb,malnutrition-death-rate-vs-gdp-per-capita_v46_850x600.svg,60,183,566573968,2420317
malnutrition-death-rates,WorldMap,,,bdd8897bc8defe37a7f2771c2b049586,malnutrition-death-rates_v38_850x600.svg,6,35,594660168,339766
malnutrition-deaths-by-age,StackedArea,,,2c64e3c5fb59f8ce497b5eee6fccbd13,malnutrition-deaths-by-age_v23_850x600.svg,26,39,585160264,1697882
mandatory-childhood-vaccination,WorldMap,,,b0fc02be6e3865628bc366ae1d28672e,mandatory-childhood-vaccination_v18_850x600.svg,1,12,410577992,8052
manufacturing-share-of-total-employment,WorldMap,,,8b4b05da9862180a4844be8fea376834,manufacturing-share-of-total-employment_v21_850x600.svg,1,17,577171608,95853
manufacturing-value-added-to-gdp,WorldMap,,,8f2761a55a923bf960e37a877287314b,manufacturing-value-added-to-gdp_v27_850x600.svg,2,23,432457752,292152
manufacturing-wages-relative-to-the-us,SlopeChart,,,6f4696ca14471bbba0d9235a68f5dbf7,manufacturing-wages-relative-to-the-us_v22_850x600.svg,1,16,512016840,1100
manufacturing-wages-relative-to-the-us-with-finland,WorldMap,,,8452ab9fa5c155d2d486797427c28874,manufacturing-wages-relative-to-the-us-with-finland_v11_850x600.svg,1,13,440733640,1100
manuscript-production-century,StackedBar,,,5b1ba170cd30ca27a36d3a07e36f0f1d,manuscript-production-century_v12_850x600.svg,1,8,591273328,3161
map-gender-equal-inheritance,WorldMap,,,944318a31f51b170b842ec54643bdb05,map-gender-equal-inheritance_v40_850x600.svg,1,12,519080136,8095
marine-protected-areas,WorldMap,,,5ca3944740ae12cd9c0b35257e7986f0,marine-protected-areas_v29_850x600.svg,1,16,601456168,66739
marriage-for-same-sex-partners-velasco,WorldMap,,,c5b5a62844efc06a361aeb5127a039dd,marriage-for-same-sex-partners-velasco_v26_850x600.svg,1,17,451849896,277515
marriage-rate-per-1000-inhabitants,LineChart,,,b2ce9c43f39d5a6bee98554f51b94439,marriage-rate-per-1000-inhabitants_v21_850x600.svg,1,20,533619592,68865
marriage-rates-in-1990-vs-2022,ScatterPlot,,,4c6a9fbfd731f673fe335b42f37961ec,marriage-rates-in-1990-vs-2022_v23_850x600.svg,7,45,621373408,147028
marriage-same-sex-partners-equaldex,WorldMap,,,7843325b79cf94fac70d3b3e6acb103c,marriage-same-sex-partners-equaldex_v35_850x600.svg,2,16,460950304,181216
marriages-ending-divorce-uk,LineChart,,,bc2626b432df066be6ec75e57555983d,marriages-ending-divorce-uk_v17_850x600.svg,2,26,549283928,9395
marriages-uk-ended-in-divorce,LineChart,,,406dbfe448672f9b729f1d354466ad10,marriages-uk-ended-in-divorce_v13_850x600.svg,2,15,427398968,6734
mass-us-glaciers,LineChart,,,ea46be6041e042cb85d2d392936f744a,mass-us-glaciers_v18_850x600.svg,1,16,438661632,7973
material-footprint-end-products,DiscreteBar,,,2fbfa645fcec3141e76953e1578bb4e4,material-footprint-end-products_v4_850x600.svg,1,13,520330456,2059
material-footprint-per-capita,LineChart,,,a5cb45d194dc9f02bce77d52ac16f2fc,material-footprint-per-capita_v20_850x600.svg,2,12,627988120,12626
material-footprint-per-unit-of-gdp,LineChart,,,1bca141f6ead1250a6be4e7772bcc7cd,material-footprint-per-unit-of-gdp_v20_850x600.svg,1,10,635467912,12411
materials-low-carbon-electricity,StackedDiscreteBar,,,4a06ccaf50e3ab94ce88857c2f9039df,materials-low-carbon-electricity_v12_850x600.svg,2,19,535697944,6504
maternal-deaths-by-cause,StackedArea,,,8d630fe382907acddfbc5e11946649d8,maternal-deaths-by-cause_v24_850x600.svg,51,65,470107616,3419120
maternal-deaths-by-income-group,StackedArea,,,160dcd7659ebc451113d4dba8da201e0,maternal-deaths-by-income-group_v20_850x600.svg,3,14,645226880,234184
maternal-deaths-ihme,WorldMap,,,06fdef4a6876fe48e436fd1656c698f2,maternal-deaths-ihme_v21_850x600.svg,2,19,580066360,234184
maternal-mortality,WorldMap,,,84d0728d2a5941f88f8dda8db1b14a3e,maternal-mortality_v40_850x600.svg,8,88,566796208,313921
maternal-mortality-rate-who-mdb,LineChart,,,fd16507fd288f1a7f0f3d83a64ccc8d5,maternal-mortality-rate-who-mdb_v45_850x600.svg,2,25,464382816,162381
maternal-mortality-ratio-vs-mean-daily-income,ScatterPlot,,,4c2fb0e7a7cdd04e0de5c131cced47c6,maternal-mortality-ratio-vs-mean-daily-income_v56_850x600.svg,58,203,437721272,2192125
maternal-mortality-ratio-who-gho,WorldMap,,,a43e4d787fd75850f5dd73dd04c3fce2,maternal-mortality-ratio-who-gho_v20_850x600.svg,2,20,607699168,261881
maternal-mortality-slope-chart,SlopeChart,,,282270cab664a3b72e7920a657935256,maternal-mortality-slope-chart_v30_850x600.svg,8,29,604796960,491220
maternal-mortality-vs-births-attended-by-health-staff,ScatterPlot,,,d204a51495ed998bf767469231624d3a,maternal-mortality-vs-births-attended-by-health-staff_v25_850x600.svg,7,53,464667632,328835
maternal-mortality-vs-female-labor-force-participation,ScatterPlot,,,6146615a775629fb509b4eec7dd70660,maternal-mortality-vs-female-labor-force-participation_v27_850x600.svg,86,125,697580992,2143857
maternal-mortality-vs-fertility,ScatterPlot,,,78a69d3e37226e928fbf0b564d615410,maternal-mortality-vs-fertility_v35_850x600.svg,14,56,603827096,685011
maternal-mortality-vs-neonatal-mortality,ScatterPlot,,,e4aca2f074c5e2dc3bf8231b1fe6e864,maternal-mortality-vs-neonatal-mortality_v28_850x600.svg,12,60,477301304,610361
maximum-life-expectancy-sex-female,ScatterPlot,,,72a8cc8c7ff55eb787005c41ed877eaf,maximum-life-expectancy-sex-female_v28_850x600.svg,2,56,503563056,13013
maximum-marginal-tax-rates-on-individual-income,LineChart,,,2cf81dfde14b328777b2b018d2727906,maximum-marginal-tax-rates-on-individual-income_v6_850x600.svg,1,13,575487576,3739
mcv2-vaccine-immunization-schedule,WorldMap,,,c49432a95ac07f9c4c4306f46a60142f,mcv2-vaccine-immunization-schedule_v13_850x600.svg,2,21,593188960,531118
mean-body-mass-index-bmi-in-adult-males,WorldMap,,,20d9397bbeb1c1c677159a2d208a2761,mean-body-mass-index-bmi-in-adult-males_v13_850x600.svg,2,25,578702744,234530
mean-body-mass-index-bmi-in-adult-women,WorldMap,,,b7030e52b645eb7b79820b3ffa9086e8,mean-body-mass-index-bmi-in-adult-women_v13_850x600.svg,2,25,493808568,234513
mean-daily-expenditure-per-capita-vs-national-poverty-line,ScatterPlot,,,2712f4b4ecfca19ea5fab8a008d9aaeb,mean-daily-expenditure-per-capita-vs-national-poverty-line_v47_850x600.svg,50,168,673098560,1963836
mean-daily-per-capita-expenditure-vs-gdp-per-capita,ScatterPlot,,,62ec6e7948960c739ac351db6f44fa1d,mean-daily-per-capita-expenditure-vs-gdp-per-capita_v95_850x600.svg,60,190,652311088,2206549
mean-height-males-vs-females,ScatterPlot,,,3416ab8850eecb38d81a9b6b7e650c20,mean-height-males-vs-females_v6_850x600.svg,27,85,517870856,1410985
mean-income-or-consumption-per-day-2011-vs-2017-prices,LineChart,,,eabb29355ce72d9f47501ee688598238,mean-income-or-consumption-per-day-2011-vs-2017-prices_v20_850x600.svg,3,34,479998704,177354
mean-income-or-consumption-per-day-2017-vs-2021-international-,ScatterPlot,,,557f8aef1ec75947042476d3965596c1,mean-income-or-consumption-per-day-2017-vs-2021-international-_v54_850x600.svg,116,298,268098128,2703915
mean-income-or-expenditure-per-day-2011-vs-2017-international-,ScatterPlot,,,0eb3f16748f25b514aedbc35277e243d,mean-income-or-expenditure-per-day-2011-vs-2017-international-_v40_850x600.svg,81,238,610273456,2647740
mean-product-lifetime-plastic,DiscreteBar,,,b1299401b219634dc2ebd5072b5f6080,mean-product-lifetime-plastic_v2_850x600.svg,1,8,443169768,287
mean-versus-median-monthly-per-capita-expenditure-or-income,ScatterPlot,,,ca89bb6df5543ca151a111a669a9b034,mean-versus-median-monthly-per-capita-expenditure-or-income_v90_850x600.svg,57,199,479903392,2075057
mean-years-of-schooling-long-run,WorldMap,,,33a5048d878aff6159d7a4d496f667af,mean-years-of-schooling-long-run_v19_850x600.svg,2,21,531807104,124033
measles-cases-and-death,LineChart,,,87c2e8e8ca34daf19881321d95ec3fcc,measles-cases-and-death_v20_850x600.svg,2,13,499246432,5189
measles-cases-and-death-rate,LineChart,,,73a1ab57eef0df761c97f6a98a1c5118,measles-cases-and-death-rate_v23_850x600.svg,2,13,508462728,6290
measles-coverage-vs-cases-worldwide,ScatterPlot,,,8095b3edfe1cb4d620bcbb9a52df91c4,measles-coverage-vs-cases-worldwide_v29_850x600.svg,87,130,609742928,2816102
measles-number-unvaccinated,WorldMap,,,5d1733c6eca7d0e15796d7a7b00a6de3,measles-number-unvaccinated_v18_850x600.svg,1,16,615788896,262696
measles-prevalence-vaccine-attitudes,ScatterPlot,,,644d344162664f4b856b0ecb16f4d343,measles-prevalence-vaccine-attitudes_v22_850x600.svg,5,29,647327528,271552
meat-consumption-vs-gdp-per-capita,ScatterPlot,,,727360a306a42d79dabb47c3e75f155e,meat-consumption-vs-gdp-per-capita_v38_850x600.svg,11,73,647535600,693933
meat-production-tonnes,WorldMap,,,e93e63d8dd1e0fb9591b059b5f6b7de5,meat-production-tonnes_v20_850x600.svg,3,31,628335024,477360
meat-supply-per-person,WorldMap,,,3c04babcd14de586b379f8efb94ccd99,meat-supply-per-person_v17_850x600.svg,3,27,652321600,436462
mechanisms-to-enhance-policy-for-sustainable-development,WorldMap,,,72a33d3ac68c06444b21ba8785ffd75b,mechanisms-to-enhance-policy-for-sustainable-development_v14_850x600.svg,2,15,656937848,2509
media-corruption-score,WorldMap,,,f91d48270fa50fef291aec9073335f42,media-corruption-score_v22_850x600.svg,4,26,675617472,639915
median-age,LineChart,,,004f9b4ddf82523017c66c22db627c9c,median-age_v37_850x600.svg,26,54,665321504,1168607
median-age-vs-births-per-woman,ScatterPlot,,,887c003285c9b2f392727a33013f781c,median-age-vs-births-per-woman_v32_850x600.svg,27,87,633063160,1765068
median-and-mean-income-after-tax-lis,LineChart,,,86dbed72c934926916587ba8888f64ed,median-and-mean-income-after-tax-lis_v27_850x600.svg,2,12,668055944,68290
median-daily-expenditure-per-capita-vs-national-poverty-line,ScatterPlot,,,28ef54364871924ee5c655d8b0a2a107,median-daily-expenditure-per-capita-vs-national-poverty-line_v71_850x600.svg,51,197,543597312,1963817
median-daily-per-capita-expenditure-vs-gdp-per-capita,ScatterPlot,,,cdf90e2ad96748ee0a67f3b858a2ad55,median-daily-per-capita-expenditure-vs-gdp-per-capita_v86_850x600.svg,66,196,712623256,2206530
median-income-after-tax-lis,LineChart,,,6ec470c0ff6053c18dc955f69d04fd01,median-income-after-tax-lis_v33_850x600.svg,2,26,649385416,34165
median-income-or-consumption-per-day-2011-prices,WorldMap,,,b94c8270455b968c76779f5d9b1b34fa,median-income-or-consumption-per-day-2011-prices_v52_850x600.svg,2,29,285704600,86926
median2021-vs-median2017,ScatterPlot,,,960173d728222313b26d1a8fac14efb4,median2021-vs-median2017_v85_850x600.svg,5,51,633226400,214964
medical-doctors-per-1000-people-vs-gdp-per-capita,ScatterPlot,,,93b995a8bafd638051c90af064d01bec,medical-doctors-per-1000-people-vs-gdp-per-capita_v27_850x600.svg,68,206,332073304,2247624
medicine-and-biotechnology-patents-granted-by-filing-office,LineChart,,,14024915d55803c7358fa4e6f3426987,medicine-and-biotechnology-patents-granted-by-filing-office_v14_850x600.svg,2,27,180637200,101236
medium-high-level-implementation-of-sustainable-public-procurement,WorldMap,,,bb3a3fdbb6c379c49ce67773245622eb,medium-high-level-implementation-of-sustainable-public-procurement_v18_850x600.svg,1,14,642297792,8453
men-experienced-sexual-violence-by-age-18,DiscreteBar,,,0c43c6b78c6d9115af31a44fb5498a7d,men-experienced-sexual-violence-by-age-18_v18_850x600.svg,1,11,186642984,462
men-survival-to-age-65,WorldMap,,,bd29cf7836308a2a035a6c33b6800de8,men-survival-to-age-65_v23_850x600.svg,3,28,587400440,494654
men-weight-categories,StackedArea,,,6c27aaa914a4ca114ec5f4f5b7c67770,men-weight-categories_v6_850x600.svg,15,27,211311104,677976
men-women-friends-family-anxious-depressed,ScatterPlot,,,81a2adcb18b2902f18b4fbc70bedb24b,men-women-friends-family-anxious-depressed_v23_850x600.svg,78,196,689441552,2478697
meningitis-death-rates-children-under-5,WorldMap,,,7fca12e403e7dfbed16fc54e88ac89c7,meningitis-death-rates-children-under-5_v20_850x600.svg,2,21,226900232,335993
mens-life-expectancy-at-birth,WorldMap,,,587f403ccb387a8e7abe93e07e11ee29,mens-life-expectancy-at-birth_v32_850x600.svg,3,27,608218144,572763
mental-and-substance-use-as-share-of-disease,WorldMap,,,d2783866f39cfd255e98450235f8dfed,mental-and-substance-use-as-share-of-disease_v22_850x600.svg,1,19,188026512,258316
mental-health-as-risk-for-alcohol-dependency,DiscreteBar,,,7d6efa24d178a6a0631a0c628d5a8b60,mental-health-as-risk-for-alcohol-dependency_v2_850x600.svg,1,9,615828728,593
mental-health-as-risk-for-drug-dependency,DiscreteBar,,,0b0200308ae5efe090964585bbf4d10f,mental-health-as-risk-for-drug-dependency_v4_850x600.svg,1,9,623615480,595
mental-health-units-in-general-hospitals,WorldMap,,,447a7846e037395341557ee6fccc5343,mental-health-units-in-general-hospitals_v24_850x600.svg,1,15,197157968,4386
mental-illness-estimated-cases,DiscreteBar,,,3220c12a63fd851e410c55185f006495,mental-illness-estimated-cases_v57_850x600.svg,18,26,613744792,1292813
mental-illnesses-prevalence,DiscreteBar,,,7f8675869537177e33198934ee9be77b,mental-illnesses-prevalence_v44_850x600.svg,16,25,567597864,1284109
mention-of-the-word-capitalism-in-new-york-times-articles,LineChart,,,4137d3f06de83dc946fa9ecff0807f2b,mention-of-the-word-capitalism-in-new-york-times-articles_v20_850x600.svg,1,14,208378696,5506
merchandise-exports-by-continent,StackedArea,,,e5373eac764551fab58772e53a7602b2,merchandise-exports-by-continent_v17_850x600.svg,72,91,199180736,3011191
merchandise-exports-gdp-cepii,LineChart,,,1d95e29f2b7f87659d47943e5138f1fe,merchandise-exports-gdp-cepii_v24_850x600.svg,4,18,218878944,444125
merchandise-imports-as-a-share-of-countrys-gdp,WorldMap,,,22b8d919d2886d4f58dc05e82c429df9,merchandise-imports-as-a-share-of-countrys-gdp_v7_850x600.svg,2,23,636350344,338169
merchandise-imports-gdp-cepii,LineChart,,,99c17001acefceedab6d055b72dd641f,merchandise-imports-gdp-cepii_v12_850x600.svg,3,17,519464864,443491
methane-emissions,WorldMap,,,a0287796610d9d2846771ec481af5fa9,methane-emissions_v26_850x600.svg,4,56,224341720,1263290
methane-emissions-agriculture,WorldMap,,,f913ee6e6a43d700452f3975018775ed,methane-emissions-agriculture_v16_850x600.svg,2,16,606007264,218760
methane-emissions-by-sector,LineChart,,,a41ed59e88b4a557b4896386754877ea,methane-emissions-by-sector_v17_850x600.svg,31,54,569143888,2138205
microplastics-in-ocean,LineChart,,,f474ffd2b7989460baee04b639767536,microplastics-in-ocean_v13_850x600.svg,2,16,618306720,9843
migrant-recruitment-costs,DiscreteBar,,,d1668b37705484391412b74052278a0c,migrant-recruitment-costs_v9_850x600.svg,2,10,337184432,276
migrant-stock-share,WorldMap,,,902544cffb02b50ee2b8c9ea1c1918b7,migrant-stock-share_v12_850x600.svg,3,19,351419248,82762
migrant-stock-total,WorldMap,,,3514d9e35359295ad19b7cb1daf94a51,migrant-stock-total_v10_850x600.svg,1,12,626934768,67028
military-expenditure-as-a-share-of-government-spending,WorldMap,,,45f99ae09b6a9c5d4193116641c90ce2,military-expenditure-as-a-share-of-government-spending_v46_850x600.svg,4,30,255829584,172955
military-personnel,LineChart,,,fb96c90b9a2f3b656fb3ec449223f781,military-personnel_v32_850x600.svg,10,62,630066200,495865
military-personnel-as-a-share-of-total-population,LineChart,,,f3d058d886a29df83906ae14f819ef51,military-personnel-as-a-share-of-total-population_v55_850x600.svg,11,64,358497072,563080
military-spending-as-a-share-of-gdp-gmsd,LineChart,,,cc29dfcac2122f541a420b99f3c0a106,military-spending-as-a-share-of-gdp-gmsd_v29_850x600.svg,10,71,267181504,534316
military-spending-as-a-share-of-gdp-sipri,WorldMap,,,bf978846d7283980091c508f9fb16b39,military-spending-as-a-share-of-gdp-sipri_v35_850x600.svg,6,45,737061576,292389
military-spending-gmsd,LineChart,,,c4cd756ae3fd4b46542edd4408f1fcb4,military-spending-gmsd_v36_850x600.svg,10,65,580247824,556699
military-spending-per-armed-forces-personnel,WorldMap,,,82a6e57f2eecf8792a29a80ffab2e649,military-spending-per-armed-forces-personnel_v53_850x600.svg,5,29,236244080,162282
military-spending-per-military-personnel,LineChart,,,49994e004edccef4be666a0b5d0e684c,military-spending-per-military-personnel_v54_850x600.svg,9,68,742028400,504096
military-spending-sipri,WorldMap,,,56846c7a1b2fdcb0a09e325ab1d1f2c8,military-spending-sipri_v35_850x600.svg,6,39,675289248,320315
milk-production-tonnes,WorldMap,,,6108f7813e028437890441d37a4974d6,milk-production-tonnes_v13_850x600.svg,2,34,385470872,447479
milk-yields-per-animal,WorldMap,,,f897e54d2f58669b63ab32209f0fce1a,milk-yields-per-animal_v16_850x600.svg,2,31,261878208,469356
millet-yield,WorldMap,,,4b92c28042d302a58ce13fcfde7923b4,millet-yield_v12_850x600.svg,3,23,596450936,238543
minimum-requirement-calories,DiscreteBar,,,bf0add79988796156b9e2bc9c733c141,minimum-requirement-calories_v10_850x600.svg,2,13,216946464,172603
mining-electricity-sources-including-gas,StackedDiscreteBar,,,f6e9b23566af0464493aa415cd474743,mining-electricity-sources-including-gas_v5_850x600.svg,1,11,223885536,625
mining-requirements-electricity-sources,StackedDiscreteBar,,,51cd4e03bcb23652ac63f42b5bf91b25,mining-requirements-electricity-sources_v12_850x600.svg,2,9,641970360,535
mismanaged-plastic-waste-per-capita,WorldMap,,,877098d2627c15e6752d7a2c3197567a,mismanaged-plastic-waste-per-capita_v16_850x600.svg,1,13,229103528,5595
missing-female-births-and-excess-mortality,LineChart,,,484690c09756d0ee93309419e398cc4b,missing-female-births-and-excess-mortality_v4_850x600.svg,1,12,231114120,4133
mobile-cellular-subscriptions-by-country,WorldMap,,,1b04ab7cda0f22d1228733ba9e9a07c7,mobile-cellular-subscriptions-by-country_v31_850x600.svg,2,27,559869808,327658
mobile-cellular-subscriptions-per-100-people,WorldMap,,,c667f14dc923b5fcc767705299cc923e,mobile-cellular-subscriptions-per-100-people_v31_850x600.svg,2,28,354191552,343338
mobile-landline-subscriptions,LineChart,,,1dde7835c31475e9a279db229bf69e9d,mobile-landline-subscriptions_v10_850x600.svg,12,32,676413064,753205
mobile-money-account-usage,WorldMap,,,377a95634d3d4485fbfd11b742b9481f,mobile-money-account-usage_v11_850x600.svg,1,15,239916592,8903
modal-age-at-death-in-adults,LineChart,,,2c2221bd23482f10c5b0c3b0ef478b32,modal-age-at-death-in-adults_v10_850x600.svg,2,20,243095968,21706
mode-of-reporting-literacy-rates,WorldMap,,,4d211b32cc085d8ccff251ecbfc25371,mode-of-reporting-literacy-rates_v21_850x600.svg,1,18,753775824,38137
modeled-female-employment-to-population-ratio,WorldMap,,,34d533067a68aa3e9695dfa409d0342b,modeled-female-employment-to-population-ratio_v18_850x600.svg,3,28,582542696,214674
modern-contraceptive-prevalence-vs-gdp-per-capita,ScatterPlot,,,93e571235bf2b17b00fd44e760437896,modern-contraceptive-prevalence-vs-gdp-per-capita_v24_850x600.svg,6,61,240856104,293616
modern-renewable-prod,LineChart,,,51cb6458811135168b42152683737ec1,modern-renewable-prod_v36_850x600.svg,15,29,387702264,985042
money-committed-to-public-private-partnerships-for-infrastructure,WorldMap,,,b4ca65aab095eef806f7ba7f91eec86c,money-committed-to-public-private-partnerships-for-infrastructure_v15_850x600.svg,1,14,252754184,71680
money-sent-or-brought-back-by-migrants-as-a-share-of-gdp,WorldMap,,,5d1ee157da0ac8301995e2b5767877ca,money-sent-or-brought-back-by-migrants-as-a-share-of-gdp_v14_850x600.svg,5,40,738687792,272789
monthly-average-surface-temperatures-by-decade,LineChart,,,ec57d2bb2aed7fbfa998a331a6c12051,monthly-average-surface-temperatures-by-decade_v32_850x600.svg,11,29,653061952,712027
monthly-average-surface-temperatures-by-year,LineChart,,,52a9c424217af3aa14d0a88ddd1a6712,monthly-average-surface-temperatures-by-year_v24_850x600.svg,80,110,261852080,6056170
monthly-birth-rate-per-day,LineChart,,,76f749d07561711c90236074d10c2a77,monthly-birth-rate-per-day_v17_850x600.svg,84,122,616842944,1611314
monthly-co2-emissions-from-international-and-domestic-flights,StackedArea,,,0d167ecd19ed175782cad2aaa7cc6fae,monthly-co2-emissions-from-international-and-domestic-flights_v30_850x600.svg,51,67,360198464,783132
monthly-co2-emissions-from-international-aviation,StackedArea,,,78bd9cb050cffef4df97dacff792f72b,monthly-co2-emissions-from-international-aviation_v30_850x600.svg,71,105,679190376,1113350
monthly-ocean-heat-2000m,LineChart,,,f4bb297d1f49fdfb70fcade86372688a,monthly-ocean-heat-2000m_v20_850x600.svg,1,19,759401664,8930
monthly-sea-ice-extent-in-the-antarctic,LineChart,,,ed8e8954fd588f412f593dc94820c0ce,monthly-sea-ice-extent-in-the-antarctic_v20_850x600.svg,2,23,256153072,17166
monthly-sea-ice-extent-in-the-antarctic-decadal-average,LineChart,,,5dae62822c16efcd9dcd4fdc65fafe1f,monthly-sea-ice-extent-in-the-antarctic-decadal-average_v19_850x600.svg,1,14,768617088,2247
monthly-sea-ice-extent-in-the-arctic,LineChart,,,a59e90d9ec0a40507a1866170fd67124,monthly-sea-ice-extent-in-the-arctic_v20_850x600.svg,1,20,743744456,17201
monthly-sea-ice-extent-in-the-arctic-decadal-average,LineChart,,,dccd379166bc447a430a578adb33096c,monthly-sea-ice-extent-in-the-arctic-decadal-average_v18_850x600.svg,1,16,265185736,2236
monthly-spending-data-center-us,LineChart,,,194a1fb6a04c49ef47e1b9c5fd28348a,monthly-spending-data-center-us_v31_850x600.svg,2,16,279991072,5010
monthly-surface-temperature-anomalies-by-decade,LineChart,,,d162209715c858b55a14bb049b4417c2,monthly-surface-temperature-anomalies-by-decade_v31_850x600.svg,9,25,769897528,743886
monthly-surface-temperature-anomalies-by-year,LineChart,,,ca85a2522a89a4a378248b89c06705e6,monthly-surface-temperature-anomalies-by-year_v23_850x600.svg,104,139,406310864,6293342
monthly-temperature-anomalies,WorldMap,,,ce15315b977e5459cc8f7b7b7e366413,monthly-temperature-anomalies_v16_850x600.svg,353,526,375589376,7855044
monthly-upper-ocean-heat,LineChart,,,deadaec9c06f02bc477cb6b5cc87cc1f,monthly-upper-ocean-heat_v19_850x600.svg,2,21,740234192,8888
mortality-from-ncds-gender,ScatterPlot,,,6ccfd13b22f28bb7635b08ef68595aac,mortality-from-ncds-gender_v33_850x600.svg,61,169,797061528,2081131
mortality-from-ncds-sdgs,WorldMap,,,b6c05b0c2294d042b8dcbb5ad61deb4e,mortality-from-ncds-sdgs_v29_850x600.svg,2,22,575857712,125231
mortality-neonatal-asphyxia-and-trauma,WorldMap,,,5d0ede0fb3eccd5da22fc678215693eb,mortality-neonatal-asphyxia-and-trauma_v21_850x600.svg,2,28,277165240,335218
mortality-rate-attributable-to-wash,WorldMap,,,b435aa924c517486a2bbc86937808205,mortality-rate-attributable-to-wash_v21_850x600.svg,1,25,749491832,5832
mortality-rates-age-25-by-sex,ScatterPlot,,,370e23c7b7cf9fc615af7971b5c11d6d,mortality-rates-age-25-by-sex_v20_850x600.svg,27,102,676578848,1332247
mortality-rates-age-65-by-sex,ScatterPlot,,,379e43f89171ecc6a385799908ed9549,mortality-rates-age-65-by-sex_v26_850x600.svg,28,102,334537888,1359602
most-common-religion,WorldMap,,,b14c4a0d572b6fa3d4184b7659c8b9aa,most-common-religion_v9_850x600.svg,1,16,167619912,15709
most-common-waste-rivers-oceans,DiscreteBar,,,e66b11171c82a1db2e47201e8aa86368,most-common-waste-rivers-oceans_v9_850x600.svg,1,11,175031064,423
mountain-green-cover-index,WorldMap,,,1de7a032ba72c501491128aa0f47854d,mountain-green-cover-index_v21_850x600.svg,1,16,184252024,35597
multi-party-elections-hoe-row,WorldMap,,,1273a0630dea392524a7c16197c939ce,multi-party-elections-hoe-row_v60_850x600.svg,5,39,211965512,1654506
multi-party-elections-legislature-row,WorldMap,,,b261544a11f8eeef6e92b762a2ee70cd,multi-party-elections-legislature-row_v58_850x600.svg,3,26,427413800,907954
multi-party-elections-row,WorldMap,,,ba9fead7d862e4eff9ebb57dd8529c37,multi-party-elections-row_v54_850x600.svg,3,26,230584256,902068
multidimensional-poverty-index-mpi,WorldMap,,,b50bf1fe8ce8e6a6aeadec9e07b1a9c4,multidimensional-poverty-index-mpi_v41_850x600.svg,1,19,607005040,13187
multidimensional-poverty-index-mpi-hot,LineChart,,,f8d08d92263f3afb046eb82ec45a148d,multidimensional-poverty-index-mpi-hot_v30_850x600.svg,1,25,355231456,8562
multidrug-resistant-tuberculosis-without-extensive-drug-resistance,LineChart,,,ab44ebba674d9799a66505dc29a9149d,multidrug-resistant-tuberculosis-without-extensive-drug-resistance_v23_850x600.svg,9,21,447037592,520853
mumps-cases-and-deaths-in-the-united-states,LineChart,,,3c72e5f5ff03bbc72dedaba370138bee,mumps-cases-and-deaths-in-the-united-states_v3_850x600.svg,1,13,615973424,3216
mumps-vaccine-immunization-schedule,WorldMap,,,4e235b07c73a00946bd8054c71bdcaa4,mumps-vaccine-immunization-schedule_v12_850x600.svg,3,25,247165112,491612
municipal-waste-management-method,StackedDiscreteBar,,,15de9383b2817286d2980a5fe4e8600a,municipal-waste-management-method_v4_850x600.svg,3,23,806888560,49296
municipal-waste-recycled,WorldMap,,,21fddb2f4a011bd5633dcd2aed82fcfa,municipal-waste-recycled_v18_850x600.svg,1,18,458036352,46752
municipal-waste-recycling-rate,WorldMap,,,7a708813f866eb07a7b0bff6d9b22abe,municipal-waste-recycling-rate_v5_850x600.svg,2,11,296868184,20354
municipal-water-as-a-share-of-total-water-withdrawals,WorldMap,,,1198970651e8d649ef43241e0302ea09,municipal-water-as-a-share-of-total-water-withdrawals_v18_850x600.svg,2,29,635593144,195806
municipal-water-withdrawal,WorldMap,,,8b676b3515002a31580652dc4741fb9d,municipal-water-withdrawal_v6_850x600.svg,2,20,313876592,237750
nasa-annual-budget,LineChart,,,b2e9a385da8f7ecbf06dfdd06f5f0528,nasa-annual-budget_v10_850x600.svg,2,13,465525760,2294
national-average-learning-outcomes-vs-government-expenditure-per-primary-student,ScatterPlot,,,5ac84e5317d7271053649a78cac75bc2,national-average-learning-outcomes-vs-government-expenditure-per-primary-student_v29_850x600.svg,65,175,288347680,1924834
national-biodiversity-strategy-align-with-aichi-target-9,WorldMap,,,f18e85afcba1d66e7c9aa3c21882922f,national-biodiversity-strategy-align-with-aichi-target-9_v17_850x600.svg,2,17,644387856,19969
national-gdp-fouquin-current-gbp,WorldMap,,,bccd1753d904eb8e41df498e59837384,national-gdp-fouquin-current-gbp_v13_850x600.svg,3,22,331223160,478884
national-poverty-line-vs-gdp-per-capita,ScatterPlot,,,4bfa107e0bc66484299cd8dd6289dc9f,national-poverty-line-vs-gdp-per-capita_v42_850x600.svg,86,227,533988472,2721654
national-progress-towards-aichi-biodiversity-target-2,WorldMap,,,3fa00af0c2618eb34ddc4b760ea5cfb8,national-progress-towards-aichi-biodiversity-target-2_v11_850x600.svg,1,19,167524912,19204
national-statistical-legislation,WorldMap,,,8578ea14e521b0d3a2c5be3f50478ddf,national-statistical-legislation_v25_850x600.svg,1,12,615334800,35013
national-strategy-for-youth-employment,WorldMap,,,c05de7e9992a76fd2796ffecad0dad93,national-strategy-for-youth-employment_v21_850x600.svg,1,16,176477584,18873
national-system-to-monitor-antimicrobials-usage-for-human-medicine,WorldMap,,,aecf4684e68a1e400a4e0c415281e775,national-system-to-monitor-antimicrobials-usage-for-human-medicine_v7_850x600.svg,0,9,338618848,16714
national-system-to-monitor-spread-of-antimicrobial-resistance-in-humans,WorldMap,,,75ced73a40f493d83eab05ac951a720c,national-system-to-monitor-spread-of-antimicrobial-resistance-in-humans_v8_850x600.svg,2,12,622969120,15362
nationally-determined-contributions,DiscreteBar,,,02d9ab4753850cb209c49b1999171237,nationally-determined-contributions_v13_850x600.svg,1,7,308642984,169
natural-disaster-deaths-ihme,WorldMap,,,a5ce131b2ef178058dfed549b85f3279,natural-disaster-deaths-ihme_v27_850x600.svg,2,21,191275896,296496
natural-disasters-by-decadal-size,StackedBar,,,befbb44a14df63aaf6fc440fbfa79c99,natural-disasters-by-decadal-size_v6_850x600.svg,3,14,321650768,169090
natural-disasters-by-type,StackedBar,,,3f91ef8ea6758869277fd42d8d6a4b37,natural-disasters-by-type_v26_850x600.svg,1,21,637876376,33159
natural-disasters-by-yearly-impact,LineChart,,,a18ceb21b19c450dd78a446c09a938c3,natural-disasters-by-yearly-impact_v6_850x600.svg,11,28,351138184,766668
natural-disasters-reported-by-deaths,LineChart,,,03847d7800c7d770e4b155fa0b3fe057,natural-disasters-reported-by-deaths_v7_850x600.svg,1,27,207018912,18393
natural-gas-consumption-by-region,StackedArea,,,0479447c546be70b37c919912288f4a6,natural-gas-consumption-by-region_v24_850x600.svg,2,18,649736048,202339
natural-gas-prices,LineChart,,,845782f4a689f31160bfec19344e1ff8,natural-gas-prices_v28_850x600.svg,2,14,168428184,4030
natural-gas-production-by-region-terawatt-hours-twh,StackedArea,,,1b0480bf539442945be9e3085b3c05c6,natural-gas-production-by-region-terawatt-hours-twh_v21_850x600.svg,2,15,218069368,145162
natural-population-growth,LineChart,,,c2100cec5b9890d8ae70062236dedb4b,natural-population-growth_v43_850x600.svg,27,47,360109392,1179449
natural-resource-rents,LineChart,,,370c58e592b89d30afc0653b4037c0ea,natural-resource-rents_v18_850x600.svg,2,15,188079592,328814
near-earth-asteroids-discovered-over-time,StackedArea,,,02c27f6c6b5f00ad13f951f85640a93e,near-earth-asteroids-discovered-over-time_v33_850x600.svg,1,11,178159648,3193
neighbors-different-religion,WorldMap,,,ff093fbfd7b141989a1f6ea80371f543,neighbors-different-religion_v6_850x600.svg,0,14,198153152,6577
neonatal-deaths-by-cause,DiscreteBar,,,ea67574311e56971f73930e9b54ac0f3,neonatal-deaths-by-cause_v25_850x600.svg,56,72,178117208,4034153
neonatal-deaths-from-bloodstream-infections-attributed-to-antimicrobial-resistance,StackedDiscreteBar,,,04360b1899df00a9983a1b0b0ec7c80d,neonatal-deaths-from-bloodstream-infections-attributed-to-antimicrobial-resistance_v13_850x600.svg,1,11,206690536,1284
neonatal-deaths-from-infections-attributed-to-antimicrobial-resistance-by-syndrome,StackedDiscreteBar,,,dcfea3e284a5eb0d032090a8fbba66da,neonatal-deaths-from-infections-attributed-to-antimicrobial-resistance-by-syndrome_v12_850x600.svg,1,8,367885336,909
neonatal-infant-and-child-deaths,LineChart,,,44e2120a7a55aa3b448f9bb27eddeb93,neonatal-infant-and-child-deaths_v22_850x600.svg,23,43,196305384,1057844
neonatal-mortality-ihme,WorldMap,,,360d6f1fcf6987a107193d9a23effecb,neonatal-mortality-ihme_v10_850x600.svg,2,19,386079776,408091
neonatal-mortality-rate-gho,WorldMap,,,65104b2976a088902bdbbeea4b4e09c4,neonatal-mortality-rate-gho_v8_850x600.svg,3,22,303821048,360792
neonatal-mortality-wdi,WorldMap,,,5fe5a5ba4e29245c98cbab7410327436,neonatal-mortality-wdi_v38_850x600.svg,1,21,356421568,367314
neonatal-sepsis-and-infection-death-rate-in-infants,WorldMap,,,9d7e626d33e31c5bbf5d52a4c2a78e09,neonatal-sepsis-and-infection-death-rate-in-infants_v53_850x600.svg,2,18,318759720,326344
net-enrollment-pre-primary-boys-vs-girls,ScatterPlot,,,43998c1cb345ce988a12440f86486a52,net-enrollment-pre-primary-boys-vs-girls_v27_850x600.svg,3,42,228838184,179704
net-enrollment-rate-primary-gender-parity-index-gpi,WorldMap,,,2b68c999bccbb11d931c5e66ca988f75,net-enrollment-rate-primary-gender-parity-index-gpi_v44_850x600.svg,1,17,373345776,118331
net-food-trade-as-a-share-of-domestic-supply,WorldMap,,,526aa1af4ef1fe1f7acd8178bc06664f,net-food-trade-as-a-share-of-domestic-supply_v12_850x600.svg,3,28,267075072,455607
net-oda-to-medical-research,WorldMap,,,df6ceb583229360ca25f92cf4988228f,net-oda-to-medical-research_v25_850x600.svg,1,20,190290096,67914
net-official-development-assistance-and-aid-received,WorldMap,,,5857c771868a3035423a777a4aaaeaea,net-official-development-assistance-and-aid-received_v20_850x600.svg,1,17,387319184,335968
net-portfolio-investment,WorldMap,,,42ad7fc90ad180bf280a9e9b04299de8,net-portfolio-investment_v15_850x600.svg,2,17,544586488,137234
net-zero-target-set,WorldMap,,,199a2d842994a08555afb4cb606963bc,net-zero-target-set_v14_850x600.svg,1,14,199056712,10707
net-zero-targets,WorldMap,,,e92208474cd9235a2c3aa80bd4cb4471,net-zero-targets_v25_850x600.svg,1,12,275722512,9895
new-books-per-million,WorldMap,,,1d599d5d42cc7b8437bcb735aa3f52ce,new-books-per-million_v9_850x600.svg,2,32,212583528,265475
new-cases-of-hiv-infection,WorldMap,,,05000e9ac7df4c9f4f9a950d4c56667b,new-cases-of-hiv-infection_v21_850x600.svg,2,19,559040576,259222
new-cases-of-hiv-unaids-vs-ihme,ScatterPlot,,,0d692fd10f7ad2da4a40150e1ce67d4a,new-cases-of-hiv-unaids-vs-ihme_v35_850x600.svg,51,155,404619616,2288031
new-cases-of-malaria-per-100-people,WorldMap,,,c6c07d8b2346e1863d73da03223a0d2d,new-cases-of-malaria-per-100-people_v25_850x600.svg,2,16,288191288,233578
new-drugs-approved-in-the-united-states,StackedBar,,,385a6336ced12d26fe0cce798e14a012,new-drugs-approved-in-the-united-states_v59_850x600.svg,1,15,210467456,5910
new-drugs-approved-in-the-united-states-by-designations,LineChart,,,24e682900ae267dc42556d9ea4bbdf24,new-drugs-approved-in-the-united-states-by-designations_v83_850x600.svg,2,20,573380536,7094
new-infections-with-tetanus,WorldMap,,,29f629471cbdce4944fadcfd39617f17,new-infections-with-tetanus_v30_850x600.svg,3,22,223601544,268970
new-neonatal-tetanus-cases-per-million,WorldMap,,,93e2c51d5e086115c0138db5501da1a5,new-neonatal-tetanus-cases-per-million_v26_850x600.svg,2,15,268387432,211342
new-reported-cases-tetanus,LineChart,,,b47db75121d95a6dd33381623ccd405a,new-reported-cases-tetanus_v34_850x600.svg,2,12,220944136,228591
news-coverage-of-disasters,DiscreteBar,,,afe476e28917f2f9691f014c3c46769e,news-coverage-of-disasters_v6_850x600.svg,1,10,315959720,478
nitrogen-emissions-seafood,DiscreteBar,,,9cb0a92997cb9e63f525bca20a973871,nitrogen-emissions-seafood_v12_850x600.svg,1,8,275879280,535
nitrogen-fertilizer-application-per-hectare-of-cropland,WorldMap,,,8b61cd03f564298c0feb0444f1cf5b0c,nitrogen-fertilizer-application-per-hectare-of-cropland_v12_850x600.svg,3,25,524583064,373817
nitrogen-inputs-per-hectare,WorldMap,,,548716d89a167cf5dc1a3c4c23d8d51d,nitrogen-inputs-per-hectare_v5_850x600.svg,1,15,228546384,6017
nitrogen-output-vs-nitrogen-input-to-agriculture,ScatterPlot,,,607a0e368cc781a95074dade88862d3c,nitrogen-output-vs-nitrogen-input-to-agriculture_v8_850x600.svg,11,33,213240296,679163
nitrogen-use-efficiency,WorldMap,,,020a33f9333c5c415dd665b200874215,nitrogen-use-efficiency_v3_850x600.svg,3,19,290823112,352698
nitrous-oxide-agriculture,WorldMap,,,06beb00add23b1b94c6fc440d890afc5,nitrous-oxide-agriculture_v15_850x600.svg,2,21,328079112,217131
nitrous-oxide-emissions,WorldMap,,,e2e5dc70ebd233e93fa0a266b501701d,nitrous-oxide-emissions_v26_850x600.svg,6,48,262372912,1272668
nitrous-oxide-emissions-by-sector,LineChart,,,8b2979ed017f7869f01381e41930b174,nitrous-oxide-emissions-by-sector_v20_850x600.svg,36,61,547422640,2077035
nitrous-oxide-long,LineChart,,,af4a893200e1c9c56956d7d6a544e130,nitrous-oxide-long_v19_850x600.svg,1,12,298706752,29855
nominal-wages-consumer-prices-and-real-wages-in-the-uk-since-1750,LineChart,,,1b7564b8065f643ada24de1473bd14de,nominal-wages-consumer-prices-and-real-wages-in-the-uk-since-1750_v10_850x600.svg,1,12,336038160,25536
non-agricultural-share-of-labour-force,LineChart,,,3fe1e92e42d0f5ca0e66b628defdd59d,non-agricultural-share-of-labour-force_v18_850x600.svg,1,20,227799648,9792
non-fatal-occupational-injuries-per-100000,WorldMap,,,5b5b24ee7f2e4ae10a43bd6ba0eb3bc0,non-fatal-occupational-injuries-per-100000_v22_850x600.svg,1,11,277159464,40351
northern-hemisphere-temperatures-over-the-long-run-deviation-from-1951-1990-mean-temperature-c,LineChart,,,620cee22957a4829193d03c41ae5a68e,northern-hemisphere-temperatures-over-the-long-run-deviation-from-1951-1990-mean-temperature-c_v12_850x600.svg,1,14,345625784,33784
northern-white-rhinos,LineChart,,,797e4f5de8e84b49d9f9f0c5d0345c14,northern-white-rhinos_v12_850x600.svg,1,8,283800632,1455
not-religious-vs-gdp,ScatterPlot,,,08db05f5a3b2574ea91c720892c272c2,not-religious-vs-gdp_v10_850x600.svg,6,41,377468864,278326
nuclear-non-proliferation-treaty,WorldMap,,,ad21d7a597dff1b1de6ce854188c72a3,nuclear-non-proliferation-treaty_v6_850x600.svg,2,27,197833488,398459
nuclear-warhead-inventories,StackedDiscreteBar,,,39837fd6959aeb69f899f3bed12f3114,nuclear-warhead-inventories_v75_850x600.svg,1,10,291758648,1177
nuclear-warhead-stockpiles,StackedArea,,,6ad81cce4604c0376afdcc474f559ca2,nuclear-warhead-stockpiles_v59_850x600.svg,1,15,233029256,24290
nuclear-warhead-stockpiles-lines,LineChart,,,a1e00a542018aac79ae8d45166d40ea9,nuclear-warhead-stockpiles-lines_v67_850x600.svg,1,13,301196840,24290
nuclear-weapons-proliferation,StackedBar,,,856abcc21afc99f394ada9d9f675ede9,nuclear-weapons-proliferation_v25_850x600.svg,1,20,248965800,6881
number-agri-environmental-policies,WorldMap,,,276cc8881fe4824deb731b94ef83002f,number-agri-environmental-policies_v5_850x600.svg,6,30,576257224,263256
number-air-trips-vs-gdp,ScatterPlot,,,2c1f82e77c67b48c78b60fc0c18796ce,number-air-trips-vs-gdp_v19_850x600.svg,58,189,257601640,2101321
number-airline-passengers,WorldMap,,,3581d338a06dc4fca723b28091fa4ace,number-airline-passengers_v19_850x600.svg,2,17,313577256,269873
number-bev-phev-sold,LineChart,,,56851c465a351e086f090d9724cbef73,number-bev-phev-sold_v9_850x600.svg,2,21,345484648,43371
number-calorie-diet-unaffordable,WorldMap,,,dcaed17c6e3b2cc447cb4bffa368add4,number-calorie-diet-unaffordable_v17_850x600.svg,1,10,256783480,5025
number-child-deaths-malnutrition,WorldMap,,,cb19dfe442213779062aed8b0bc1255c,number-child-deaths-malnutrition_v9_850x600.svg,2,20,417966152,259119
number-children-stunted-who,WorldMap,,,48e442fdc82914d6ae28c1f45ce2e187,number-children-stunted-who_v10_850x600.svg,2,15,291602160,170530
number-children-wasted-who,WorldMap,,,b10170124cc95f5da627141711277b2f,number-children-wasted-who_v15_850x600.svg,1,13,269396592,33704
number-countries-mandatory-vaccination,DiscreteBar,,,51841eb9cacb8269a0a1c3c202a7d758,number-countries-mandatory-vaccination_v10_850x600.svg,1,7,536390648,812
number-democracies-age-polity,DiscreteBar,,,e1f7920f23b069ac42477dc96bdbcdef,number-democracies-age-polity_v63_850x600.svg,5,14,357756784,268042
number-electoral-democracies-age,DiscreteBar,,,de4c2b378a247464b56496d83c25c9e6,number-electoral-democracies-age_v51_850x600.svg,5,14,430457168,303790
number-electoral-democracies-age-lexical,DiscreteBar,,,f55cfd18cafc630d94a13b10b15b71e0,number-electoral-democracies-age-lexical_v54_850x600.svg,5,12,303862936,260910
number-extreme-poverty-version-comparison,LineChart,,,88486d9b34a4a908d5e9924fb4edd13f,number-extreme-poverty-version-comparison_v23_850x600.svg,3,18,551491640,172619
number-farms-size,StackedDiscreteBar,,,afa5409d6292527d8d203833edbc16b3,number-farms-size_v5_850x600.svg,1,11,279862712,23651
number-healthy-diet-unaffordable,WorldMap,,,483c7f2a5b88177f14c8e1e203c3c111,number-healthy-diet-unaffordable_v16_850x600.svg,2,16,366592400,40778
number-liberal-democracies-age,DiscreteBar,,,04e5a9f52ac90ae14b91b86c55c775f5,number-liberal-democracies-age_v46_850x600.svg,5,14,444026128,346921
number-nutritional-diet-unaffordable,WorldMap,,,0432f4201d1bc3ea294cbc12ea60a909,number-nutritional-diet-unaffordable_v17_850x600.svg,1,13,311866264,5105
number-of-accessions-of-plant-genetic-resources-secured-in-conservation-facilities,WorldMap,,,54ea59501b73f4c8d6dfc72abf9ff2b6,number-of-accessions-of-plant-genetic-resources-secured-in-conservation-facilities_v19_850x600.svg,2,13,243471784,59299
number-of-armed-conflicts,StackedBar,,,6fb7f7e0120c186ab1d61b4a249f5398,number-of-armed-conflicts_v51_850x600.svg,18,33,586425872,1025514
number-of-asian-elephants,WorldMap,,,ea98fbfeff7574463f0916c408ce0e92,number-of-asian-elephants_v8_850x600.svg,1,36,294228200,1218
number-of-births-per-year,LineChart,,,53b4b83ac8d7c17a0b90c3a46f2ed8df,number-of-births-per-year_v22_850x600.svg,29,54,381696464,1173054
number-of-child-deaths,LineChart,,,d9b5bc3bd39ef064fbae5319aa5ad749,number-of-child-deaths_v20_850x600.svg,2,18,408946400,334886
number-of-child-deaths-by-the-type-of-congenital-birth-defect,DiscreteBar,,,4a45fae873bfa86f5cb68e1be3c50db6,number-of-child-deaths-by-the-type-of-congenital-birth-defect_v14_850x600.svg,40,54,246820912,3042727
number-of-child-deaths-igme,WorldMap,,,894731f114ff447e3ea239e4fba38a3c,number-of-child-deaths-igme_v22_850x600.svg,2,28,432191784,364987
number-of-child-deaths-unwpp,LineChart,,,ce3757364e8e2404539d05aafff22277,number-of-child-deaths-unwpp_v19_850x600.svg,4,21,308274240,543746
number-of-children-dying-from-diarrheal-diseases,WorldMap,,,57aba51d561486b44600b1a146d193cb,number-of-children-dying-from-diarrheal-diseases_v32_850x600.svg,2,23,556055520,336792
number-of-children-newly-infected-with-hiv,WorldMap,,,d7dd23658ceeca0ddb28e6a2df8bf4d5,number-of-children-newly-infected-with-hiv_v19_850x600.svg,1,16,444071328,85224
number-of-children-orphaned-from-aids,LineChart,,,1b03ca252ab1e1d4a9c08575a2d75948,number-of-children-orphaned-from-aids_v21_850x600.svg,1,21,323315624,173271
number-of-children-that-die-from-road-injuries,StackedArea,,,8a5030be4abb6e0b7ff76157b1a10281,number-of-children-that-die-from-road-injuries_v5_850x600.svg,10,19,400924080,673430
number-of-children-who-are-underweight,WorldMap,,,fe336d4c3109a94e59906f686329e652,number-of-children-who-are-underweight_v7_850x600.svg,1,20,569130248,37828
number-of-cigarettes-smoked-per-smoker-per-day,LineChart,,,b62976fdfec27401a77230b7442e0896,number-of-cigarettes-smoked-per-smoker-per-day_v2_850x600.svg,2,14,417828272,2682
number-of-clinical-trials,LineChart,,,cc3d3cc5e58a08fc8a8b22ce05b3ca11,number-of-clinical-trials_v24_850x600.svg,1,16,261241384,76357
number-of-clinical-trials-by-purpose,LineChart,,,6bc2871674ce2ed11ecb5355369a6eec,number-of-clinical-trials-by-purpose_v29_850x600.svg,1,18,414174928,8919
number-of-clinical-trials-by-sponsor,StackedBar,,,b7a1785fbb5befb8c29398e559cabc1d,number-of-clinical-trials-by-sponsor_v19_850x600.svg,1,14,333205200,5344
number-of-clinical-trials-by-status,StackedBar,,,aa79fc649ae6381a5bfb283afe04027f,number-of-clinical-trials-by-status_v47_850x600.svg,1,17,579613656,11977
number-of-clinical-trials-by-study-type,StackedBar,,,5321b343ac04e366b59c8ca37a66d6e9,number-of-clinical-trials-by-study-type_v29_850x600.svg,1,13,427449648,3225
number-of-clinical-trials-with-results-posted,StackedBar,,,b1aa1b368ef06566a397b7d04401474d,number-of-clinical-trials-with-results-posted_v23_850x600.svg,1,9,269382472,2687
number-of-commercial-bank-branches-per-100000-adults,WorldMap,,,1e78612deaff5f72a3594ac1569a1871,number-of-commercial-bank-branches-per-100000-adults_v18_850x600.svg,2,22,346980744,131093
number-of-countries,LineChart,,,cd7ef48a1910a80b61bb3d53aafafed0,number-of-countries_v14_850x600.svg,3,12,590674272,127178
number-of-countries-administering-each-major-vaccine,LineChart,,,55686f4e5d6f95596efad58c048f202e,number-of-countries-administering-each-major-vaccine_v14_850x600.svg,2,14,280991928,18203
number-of-countries-by-region,StackedArea,,,8f3d4dcc2dc948a50a3ea65c21d33994,number-of-countries-by-region_v22_850x600.svg,3,36,458673648,127178
number-of-countries-having-implemented-a-vat,LineChart,,,915d58576499519e537d18b069edcd06,number-of-countries-having-implemented-a-vat_v5_850x600.svg,1,8,359158056,1434
number-of-countries-that-approve-of-nuclear-weapons-treaties,LineChart,,,252dd212ae8cc6463c9eeaf2b6a6453f,number-of-countries-that-approve-of-nuclear-weapons-treaties_v11_850x600.svg,2,16,370374944,13621
number-of-countries-where-armed-conflicts-took-place,StackedBar,,,da10907cc64c4f5ca2df796c3a5ee21c,number-of-countries-where-armed-conflicts-took-place_v42_850x600.svg,1,10,561068440,6078
number-of-countries-with-a-vaccine-stock-out,DiscreteBar,,,db322a8b398e19b196e287cfad3ebc8f,number-of-countries-with-a-vaccine-stock-out_v8_850x600.svg,3,15,269269464,5111
number-of-countries-with-basic-statistical-institutions,LineChart,,,8a681127c6e13fe6bd9c221060bf85e1,number-of-countries-with-basic-statistical-institutions_v35_850x600.svg,7,20,300544384,422735
number-of-countries-with-key-economic-and-social-rights-for-women,LineChart,,,d36dbc04a629387c8f679da1f1c060a5,number-of-countries-with-key-economic-and-social-rights-for-women_v19_850x600.svg,2,22,320307520,60763
number-of-countries-with-primary-data-on-prevalence-of-mental-illnesses-in-the-global-burden-of-disease-study,DiscreteBar,,,532ea9d292a010992d66ea3ada4685e9,number-of-countries-with-primary-data-on-prevalence-of-mental-illnesses-in-the-global-burden-of-disease-study_v15_850x600.svg,1,9,569355992,504
number-of-countries-with-recent-electoral-turnover,StackedArea,,,ccf58c1cdc9381b73710d1f6bc8902b2,number-of-countries-with-recent-electoral-turnover_v30_850x600.svg,2,12,379458464,88114
number-of-covid-19-tests-per-confirmed-case-bar-chart,WorldMap,,,0e0a3fcbe216b7f6b826770f6280bab5,number-of-covid-19-tests-per-confirmed-case-bar-chart_v462_850x600.svg,13,181,360406648,3011454
number-of-daily-smokers-gender,LineChart,,,713a92a69b71c67ad85066daa8b15fff,number-of-daily-smokers-gender_v14_850x600.svg,6,15,584547872,376381
number-of-deaths,WorldMap,,,15d2b78cf7563f5dbb9816ac9271614c,number-of-deaths_v10_850x600.svg,3,28,440472528,561297
number-of-deaths-by-age-group,StackedArea,,,481b14d65562aa5f60246acc9068d683,number-of-deaths-by-age-group_v27_850x600.svg,23,34,412667608,1674898
number-of-deaths-by-risk-factor,DiscreteBar,,,7793913fc9547ac1fddebd69572371b5,number-of-deaths-by-risk-factor_v47_850x600.svg,101,119,371414712,6480292
number-of-deaths-from-cervical-cancer,WorldMap,,,af90f49cf5aeca09c3fafe432c3df68c,number-of-deaths-from-cervical-cancer_v8_850x600.svg,2,18,269492488,335205
number-of-deaths-from-diarrheal-diseases-by-risk-factor-for-under-5s,LineChart,,,55893dc06255132e5498976b6cc19430,number-of-deaths-from-diarrheal-diseases-by-risk-factor-for-under-5s_v26_850x600.svg,35,54,598037696,2370692
number-of-deaths-from-hivaids,StackedArea,,,f0bf4d7619ee19e71efa8ed23a6d9f61,number-of-deaths-from-hivaids_v29_850x600.svg,3,14,281037160,335775
number-of-deaths-from-hivaids-who,WorldMap,,,d1b85be3b219287e584a70e06ca80edf,number-of-deaths-from-hivaids-who_v5_850x600.svg,1,16,451193168,133553
number-of-deaths-from-indoor-air-pollution-1990-vs-2023,ScatterPlot,,,b29e82935c6ccfb4d5098367e08f96aa,number-of-deaths-from-indoor-air-pollution-1990-vs-2023_v17_850x600.svg,18,59,290351800,528352
number-of-deaths-from-malaria-ghe,WorldMap,,,7793abca33172a757a14bbcdc4c4029e,number-of-deaths-from-malaria-ghe_v8_850x600.svg,2,18,375548016,120175
number-of-deaths-from-malaria-who,WorldMap,,,cf6006cf4bfcc73ecc8ca0414b3bc6a7,number-of-deaths-from-malaria-who_v9_850x600.svg,1,15,459879344,79622
number-of-deaths-from-pneumonia-in-children-under-5,WorldMap,,,5735983e92b436e9a411bad461838413,number-of-deaths-from-pneumonia-in-children-under-5_v23_850x600.svg,4,25,391939880,335549
number-of-deaths-from-rabies-by-world-region,StackedArea,,,d9dd28cee9dc455b4bf419b77cae777a,number-of-deaths-from-rabies-by-world-region_v24_850x600.svg,2,14,471142656,348505
number-of-deaths-from-road-injuries,WorldMap,,,95846ab43431fa18a1afbd90c537d5bc,number-of-deaths-from-road-injuries_v23_850x600.svg,2,18,614743608,334962
number-of-deaths-from-suicide-ghe,WorldMap,,,fb0df9889ea8f9bef731132952f3f324,number-of-deaths-from-suicide-ghe_v27_850x600.svg,1,18,451302144,135318
number-of-deaths-from-tetanus,WorldMap,,,3c6aeabfe7aaf45f2c03baaa33cc6af8,number-of-deaths-from-tetanus_v18_850x600.svg,2,22,407158984,342771
number-of-deaths-from-tobacco-smoking,WorldMap,,,38bdb865275019b5a2898f341c1ebb53,number-of-deaths-from-tobacco-smoking_v25_850x600.svg,1,16,590419736,258839
number-of-deaths-from-tuberculosis-ghe,WorldMap,,,230310a4cc82591723e4d6b83129069f,number-of-deaths-from-tuberculosis-ghe_v16_850x600.svg,2,21,301985464,134896
number-of-deaths-gbd,WorldMap,,,67e73285a1b8f7937a108bac07b6dc17,number-of-deaths-gbd_v5_850x600.svg,2,21,466249672,334354
number-of-deaths-per-year,LineChart,,,f4bc383d1ae7fc9b1c6a99d4facd93e6,number-of-deaths-per-year_v27_850x600.svg,32,60,647329312,1151335
number-of-deaths-who,WorldMap,,,4d9e303e1948393d0e8f4dfe9283069b,number-of-deaths-who_v4_850x600.svg,2,18,417972696,143260
number-of-described-species,DiscreteBar,,,768733a82d6185b6653b927c173736dc,number-of-described-species_v17_850x600.svg,1,9,308343816,896
number-of-entries-in-biological-sequence-databases,LineChart,,,09a016b27383ce9f9777f6dd857bceac,number-of-entries-in-biological-sequence-databases_v9_850x600.svg,1,15,477077416,4418
number-of-estimated-paralytic-polio-cases-by-world-region,StackedArea,,,601a36d41f99097a1728a8129cb5e05b,number-of-estimated-paralytic-polio-cases-by-world-region_v42_850x600.svg,2,14,318331560,206520
number-of-european-overseas-colonies,LineChart,,,f5c90365425889c6d439bfec9bde5e8d,number-of-european-overseas-colonies_v20_850x600.svg,2,19,382734472,123945
number-of-european-overseas-colonies-and-colonizers,StackedArea,,,59268d07d5f068456c39b762c14a3c7e,number-of-european-overseas-colonies-and-colonizers_v28_850x600.svg,10,25,402508808,539184
number-of-european-overseas-colonies-by-region,StackedArea,,,c055cb570b1c70e79ec8dab4ca7013a2,number-of-european-overseas-colonies-by-region_v34_850x600.svg,2,24,457426480,179129
number-of-farms,WorldMap,,,3e49fd5fa7ad9dc8f6ee8f0597824379,number-of-farms_v7_850x600.svg,1,15,292501344,3427
number-of-full-democracies-by-age,DiscreteBar,,,6a5d1c845bb534f26bae34e018dca328,number-of-full-democracies-by-age_v56_850x600.svg,5,14,394127120,217717
number-of-individuals-employed-in-tourism-related-industries-per-1000-people,WorldMap,,,7e7471f344d3d82e8604ab4d9f3ecd12,number-of-individuals-employed-in-tourism-related-industries-per-1000-people_v26_850x600.svg,2,19,417208824,42472
number-of-infant-deaths,WorldMap,,,30537e794260a3e1bab0d02c8e3e24c8,number-of-infant-deaths_v24_850x600.svg,3,25,308892744,387910
number-of-infant-deaths-gho,WorldMap,,,62dca77a7824db2aa294662886818c2e,number-of-infant-deaths-gho_v8_850x600.svg,3,32,604895184,379068
number-of-infant-deaths-ihme,WorldMap,,,bd15042b26253fac61480066058e3091,number-of-infant-deaths-ihme_v22_850x600.svg,2,20,472815576,335153
number-of-infant-deaths-unwpp,WorldMap,,,1aa36c16e9d0f821690ca6169aad68bd,number-of-infant-deaths-unwpp_v13_850x600.svg,3,30,376546400,541595
number-of-infections-tested-for-antibiotic-susceptibility,DiscreteBar,,,44433c494f1275f5f50c92b674264def,number-of-infections-tested-for-antibiotic-susceptibility_v5_850x600.svg,1,8,366277984,7424
number-of-internet-users,LineChart,,,4d79cc7ee2caad8cdba7f9ce42d986e5,number-of-internet-users_v46_850x600.svg,1,18,430570696,212222
number-of-interstate-conflicts,StackedBar,,,43de56d67fe26e43594bf93a482f6398,number-of-interstate-conflicts_v41_850x600.svg,3,81,337723320,127703
number-of-maternal-deaths,WorldMap,,,72a5bd8863a4b658e853c50acf9f01d1,number-of-maternal-deaths_v28_850x600.svg,3,23,488474560,262741
number-of-maternal-deaths-by-region,StackedArea,,,e8fbd517f1b1e83b1f8a1a3844678015,number-of-maternal-deaths-by-region_v19_850x600.svg,3,14,318617032,234184
number-of-measles-cases,LineChart,,,2670bcec437522d991358ec0e584dab4,number-of-measles-cases_v11_850x600.svg,1,13,399729200,2697
number-of-members-of-united-nations,StackedArea,,,fc57c86b325f585a6ae551026d5a7342,number-of-members-of-united-nations_v13_850x600.svg,2,10,383415688,34782
number-of-natural-disaster-events,LineChart,,,2b1e53dd0f57d697b896bf32a13be815,number-of-natural-disaster-events_v18_850x600.svg,1,13,614643704,33159
number-of-neonatal-deaths-by-region,StackedArea,,,4991eea0c5d5607848ce6904bb412845,number-of-neonatal-deaths-by-region_v23_850x600.svg,2,15,330409784,294801
number-of-neonatal-deaths-igme,WorldMap,,,5b82b3c71560c18f465dbc0742d76a10,number-of-neonatal-deaths-igme_v21_850x600.svg,2,23,397975776,304947
number-of-neonatal-deaths-ihme,WorldMap,,,fdaf7704791d0cc0caeda3c8b414a751,number-of-neonatal-deaths-ihme_v20_850x600.svg,3,25,416375864,405530
number-of-new-armed-conflicts,StackedBar,,,2720b93209d93d06fc1ad9f50ae7264e,number-of-new-armed-conflicts_v56_850x600.svg,2,15,500515280,50305
number-of-new-cases-and-deaths-from-cervical-cancer,LineChart,,,a784b0a73e306c2d11eb443fd81a8aa1,number-of-new-cases-and-deaths-from-cervical-cancer_v9_850x600.svg,10,23,638051160,594377
number-of-new-hiv-child-infections-vs-number-of-infections-averted-due-to-pmtct,StackedArea,,,a2c8cc3bbdbbb5df97dae3dab67c6266,number-of-new-hiv-child-infections-vs-number-of-infections-averted-due-to-pmtct_v11_850x600.svg,5,21,317697464,211357
number-of-new-hiv-infections-per-year,WorldMap,,,0ae53233347436e1985f7f7925dcaf20,number-of-new-hiv-infections-per-year_v21_850x600.svg,2,19,484127504,180902
number-of-new-hivaids-infections-who,WorldMap,,,1b7226cbeb2dd9ee7a093f8841a9baee,number-of-new-hivaids-infections-who_v8_850x600.svg,1,18,409846960,107535
number-of-new-state-based-conflicts,StackedBar,,,3163bbb70afcc530bef26ff805740586,number-of-new-state-based-conflicts_v45_850x600.svg,2,27,606742144,51431
number-of-new-tetanus-cases-in-children-under-5,StackedBar,,,b5adea3164338ee6fda0dea0e2d2299a,number-of-new-tetanus-cases-in-children-under-5_v25_850x600.svg,2,17,428130960,269357
number-of-new-wars,StackedBar,,,74cd09e220e415bcdab2dbf0fa87c6f9,number-of-new-wars_v14_850x600.svg,3,102,349583584,68378
number-of-nuclear-weapons-tests,StackedBar,,,e4dd8d51c6bbfae0da2116d531ef5ed3,number-of-nuclear-weapons-tests_v27_850x600.svg,1,18,501904840,16286
number-of-one-year-olds,StackedArea,,,827d18f079a48376795c79c6beb87057,number-of-one-year-olds_v15_850x600.svg,22,69,430075528,1154303
number-of-parties-env-agreements,LineChart,,,7ee5d13888d23a91b67501211251ce49,number-of-parties-env-agreements_v8_850x600.svg,2,15,385853792,16532
number-of-patents-through-the-industrial-revolution,LineChart,,,4ae517741731bcf462a8266e50700ecf,number-of-patents-through-the-industrial-revolution_v5_850x600.svg,1,22,623239200,12167
number-of-people-by-religion,DiscreteBar,,,dbf2ba25541417bbce2815dabd5e435c,number-of-people-by-religion_v3_850x600.svg,2,11,297647984,96478
number-of-people-employed-in-agriculture,LineChart,,,964ab2516247b49e2cbbde403fb401c6,number-of-people-employed-in-agriculture_v11_850x600.svg,2,14,512407760,219455
number-of-people-in-the-world-with-and-without-access-to-improved-water-sources,StackedArea,,,63bc33355acc2a99908e4cfac35bfedb,number-of-people-in-the-world-with-and-without-access-to-improved-water-sources_v9_850x600.svg,6,28,412020856,397406
number-of-people-infected-with-hiv-by-region,StackedArea,,,8437c685d290a90718651069436fa3ed,number-of-people-infected-with-hiv-by-region_v23_850x600.svg,1,15,307920800,258851
number-of-people-living-in-extreme-poverty-2011-vs-2017-prices,LineChart,,,27ca0eb09976b3f100fb355d8349aaf9,number-of-people-living-in-extreme-poverty-2011-vs-2017-prices_v10_850x600.svg,3,18,638368480,167879
number-of-people-living-in-extreme-poverty-by-region-cbn,StackedArea,,,a3765b15a59489bc1968c2b4364fa0d3,number-of-people-living-in-extreme-poverty-by-region-cbn_v24_850x600.svg,1,14,490444208,64464
number-of-people-living-in-extreme-poverty-by-region-long-run,StackedArea,,,3e6e6ca42dfdcd72b077e8fa91b8f227,number-of-people-living-in-extreme-poverty-by-region-long-run_v26_850x600.svg,1,15,317920968,17763
number-of-people-living-in-the-capital-city-european-commission,WorldMap,,,dcee391a27326fa9f4ddf0cee9c86753,number-of-people-living-in-the-capital-city-european-commission_v19_850x600.svg,6,49,400889424,195889
number-of-people-living-with-hiv,WorldMap,,,40a0d61607aee4db096fd425f2a3210c,number-of-people-living-with-hiv_v19_850x600.svg,2,16,503190512,258851
number-of-people-moderately-or-severely-food-insecure,WorldMap,,,4637445f324f6e0908cb7ff41d288adc,number-of-people-moderately-or-severely-food-insecure_v13_850x600.svg,1,16,647746408,48540
number-of-people-severely-food-insecure,WorldMap,,,a7ece326d2054765f43a9a36d28ab9ba,number-of-people-severely-food-insecure_v18_850x600.svg,2,16,329608224,55215
number-of-people-with-alcohol-or-drug-use-disorders,WorldMap,,,e46707574b4c47c0fb675c52c55f4931,number-of-people-with-alcohol-or-drug-use-disorders_v23_850x600.svg,1,16,516269744,258332
number-of-people-with-and-without-electricity-access,StackedArea,,,647b2933ea49f2a4f7432400d7c9675b,number-of-people-with-and-without-electricity-access_v18_850x600.svg,9,39,632290104,445900
number-of-people-with-blindness-due-to-each-cause,StackedArea,,,4c4c282632cefaa1ba4156b41303df1c,number-of-people-with-blindness-due-to-each-cause_v16_850x600.svg,25,72,446935464,1697200
number-of-people-with-cancer,WorldMap,,,88ee1096dbaaa544d249013f643f12b4,number-of-people-with-cancer_v15_850x600.svg,2,18,343784936,258599
number-of-people-with-cancer-by-age,StackedArea,,,1b8e74c3da962609761f0fce05ee3216,number-of-people-with-cancer-by-age_v19_850x600.svg,16,29,496387496,1294106
number-of-people-with-cancer-by-type,DiscreteBar,,,3c2b1841f1dc47c8fffeb22b46df37fd,number-of-people-with-cancer-by-type_v21_850x600.svg,98,113,358213656,5443172
number-of-people-with-developmental-intellectual-disability-by-sex,StackedArea,,,66b6100f1ad077ee21069b5ddc797841,number-of-people-with-developmental-intellectual-disability-by-sex_v27_850x600.svg,9,19,418788736,517550
number-of-people-with-mild-or-severe-anemia-from-ntds,DiscreteBar,,,66d28c600fb50f7db6a8817dfba1e5a0,number-of-people-with-mild-or-severe-anemia-from-ntds_v5_850x600.svg,14,23,325479328,954933
number-of-refugees-per-100000,WorldMap,,,07724564e1d6ba8a53243c1f6a59462d,number-of-refugees-per-100000_v18_850x600.svg,1,22,648472072,239165
number-of-reported-cholera-deaths,WorldMap,,,f62d2f93cf0106beeb3847d40d209543,number-of-reported-cholera-deaths_v19_850x600.svg,2,23,435537496,84677
number-of-reported-guinea-worm-dracunculiasis-cases,WorldMap,,,be0b1642b13c5be408e5f3a8525a99a9,number-of-reported-guinea-worm-dracunculiasis-cases_v36_850x600.svg,2,14,508247536,160607
number-of-reported-smallpox-cases,WorldMap,,,474c4e75d17d185111d58c729005e57c,number-of-reported-smallpox-cases_v12_850x600.svg,2,11,335183704,112462
number-of-reported-yaws-cases,WorldMap,,,47ea22fe493bc178db7306465adb3c7e,number-of-reported-yaws-cases_v14_850x600.svg,1,14,657485408,2178
number-of-rhinos-poached,StackedBar,,,c086b71b999f49b467f5db8f3c29c1dc,number-of-rhinos-poached_v7_850x600.svg,1,9,515255176,7031
number-of-severely-food-insecure-people-by-region,StackedArea,,,9fc2c0cafb5a0e30b9e364f6cc6547c8,number-of-severely-food-insecure-people-by-region_v15_850x600.svg,1,8,342728088,15322
number-of-state-based-conflicts,StackedBar,,,1c2f14ea0a61da9883eeff5f6b428a82,number-of-state-based-conflicts_v44_850x600.svg,15,37,433930128,831269
number-of-tanker-spills-by-operation-at-time-of-incident,StackedDiscreteBar,,,5d4ce0745673d92106236436e1dda810,number-of-tanker-spills-by-operation-at-time-of-incident_v12_850x600.svg,1,8,349432928,760
number-of-tanker-spills-by-primary-cause-of-spill,StackedDiscreteBar,,,b01d4c5a60a657d9900efba5f9674ad0,number-of-tanker-spills-by-primary-cause-of-spill_v11_850x600.svg,1,7,521411048,827
number-of-total-daily-smokers,LineChart,,,881c399ab60b14bea4a9115409b924a2,number-of-total-daily-smokers_v7_850x600.svg,2,20,461274584,191174
number-of-transboundary-animal-breeds-which-have-genetic-resources-secured-in-conservation-facilities,WorldMap,,,a5da4de6c6a4d3d2bfa2a64b292084e6,number-of-transboundary-animal-breeds-which-have-genetic-resources-secured-in-conservation-facilities_v14_850x600.svg,1,17,668441456,25304
number-of-tsunamis,WorldMap,,,ea713abfc18409b82bae9280c0621440,number-of-tsunamis_v8_850x600.svg,2,9,529648608,83742
number-of-tuberculosis-cases,WorldMap,,,c1ca99b84694106abc8489411941e3bd,number-of-tuberculosis-cases_v18_850x600.svg,2,14,323722056,159442
number-of-wars-correlates-of-war,StackedBar,,,4f297281d21bbfe1f3932c1297b5f58b,number-of-wars-correlates-of-war_v28_850x600.svg,3,64,541908072,156617
number-of-wars-project-mars,StackedBar,,,d514d6100dfa9e72889b79430b30a267,number-of-wars-project-mars_v29_850x600.svg,2,103,496322296,68378
number-of-youth-deaths,WorldMap,,,0cba1b7e2c93bbb7d077c8a08ec2f341,number-of-youth-deaths_v8_850x600.svg,1,19,642442096,212195
number-oil-spills,StackedBar,,,68aabe3572795dc92f3071eda65a1f97,number-oil-spills_v12_850x600.svg,1,15,333964904,3082
number-outdoor-pollution-deaths-by-age,StackedArea,,,ad80d6b412f4f2420e3c588b30e5b49c,number-outdoor-pollution-deaths-by-age_v18_850x600.svg,17,28,462750248,1302494
number-reported-cases-of-cholera,WorldMap,,,2b37bb527a668de2af236215e0cc41b0,number-reported-cases-of-cholera_v18_850x600.svg,2,22,660090296,89337
number-species-evaluated-iucn,DiscreteBar,,,c87e5983c12e29d743e30815bfa87acd,number-species-evaluated-iucn_v12_850x600.svg,1,10,340675664,867
number-species-threatened,DiscreteBar,,,d0fccafbbec49a6d9a2356398a8c21a4,number-species-threatened_v16_850x600.svg,1,10,347793736,851
number-suffering-from-depression-by-region,StackedArea,,,e6d530b0b0197c1ce9edeae39da2474d,number-suffering-from-depression-by-region_v37_850x600.svg,2,17,358432160,258343
number-suicide-deaths,WorldMap,,,2144457bf15ea862cde35530237b9968,number-suicide-deaths_v31_850x600.svg,2,23,677686976,335224
number-suicide-deaths-source-comparison,LineChart,,,9974f199ed98040255be1789086cfe0f,number-suicide-deaths-source-comparison_v41_850x600.svg,17,45,353088416,605796
number-un-peacekeeping-missions,LineChart,,,eea918a1cc8059dd1541c2fd851eb252,number-un-peacekeeping-missions_v23_850x600.svg,1,10,412694320,2067
number-undernourished,LineChart,,,8d0925a1618ff8b44c52264f4ace4561,number-undernourished_v25_850x600.svg,2,16,422798128,101345
number-using-at-least-basic-sanitation,WorldMap,,,78922649798658ffae544b54cfcf3897,number-using-at-least-basic-sanitation_v7_850x600.svg,2,19,556997768,200482
number-with-adhd,StackedArea,,,fff58be791ae87d33d80692ac55fff1c,number-with-adhd_v23_850x600.svg,7,17,373503672,517072
number-with-alcohol-use-disorders,StackedArea,,,d7b4586635ac287864e01e7f28b10846,number-with-alcohol-use-disorders_v21_850x600.svg,9,19,440519976,517216
number-with-alcohol-use-disorders-country,WorldMap,,,aa0e9e7a9ff0f0c0fdb7c510a65973e3,number-with-alcohol-use-disorders-country_v19_850x600.svg,2,21,657084208,258337
number-with-autistic-spectrum-disorder,StackedArea,,,06cdd8e8c036d6231dd63b52f027bd05,number-with-autistic-spectrum-disorder_v19_850x600.svg,7,16,526164648,517297
number-with-drug-disorders-by-substance,StackedArea,,,6c2f08ff82cc06acaaa8e7ca995c162f,number-with-drug-disorders-by-substance_v25_850x600.svg,17,29,354973296,1293937
number-with-drug-use-disorders-country,WorldMap,,,7d5329bc95a8b8894ba51040eef77eb5,number-with-drug-use-disorders-country_v20_850x600.svg,2,21,366847560,258302
number-with-mental-and-neurodevelopmental-disorders-by-type,DiscreteBar,,,13250c2d91437347622de8c929e2e3f9,number-with-mental-and-neurodevelopmental-disorders-by-type_v28_850x600.svg,44,56,451731848,2843227
number-with-mental-health-disorders-by-sex,StackedArea,,,9e26abbca4bff60943565c710b90259f,number-with-mental-health-disorders-by-sex_v22_850x600.svg,8,19,675868544,515813
number-with-without-clean-cooking-fuels,StackedArea,,,1627749461ef19adb5835a348d3c161d,number-with-without-clean-cooking-fuels_v18_850x600.svg,4,18,545505664,307394
number-without-access-to-improved-sanitation,WorldMap,,,f50abeb1b879ccdc44af73a001265db2,number-without-access-to-improved-sanitation_v10_850x600.svg,2,24,456795264,197190
number-without-basic-handwashing,WorldMap,,,4338cfb49d31329acd256b8962e716a8,number-without-basic-handwashing_v17_850x600.svg,1,17,378244528,64721
number-without-clean-cooking-fuel,WorldMap,,,2188ce71dee4322640684fd6c444256d,number-without-clean-cooking-fuel_v14_850x600.svg,2,18,366116024,149066
number-without-electricity-by-region,StackedArea,,,0e4c4a5ff4164fab063886375db688f2,number-without-electricity-by-region_v21_850x600.svg,2,15,687277312,214220
number-without-improved-water,WorldMap,,,7f130ba730d6e1ff4b6590caf9ead63c,number-without-improved-water_v12_850x600.svg,1,19,557527096,195409
number-without-safe-drinking-water,WorldMap,,,05acb142a5522b7b57a7fa60a33ac14e,number-without-safe-drinking-water_v9_850x600.svg,1,18,389041680,145432
numeracy-rate-in-adult-men,WorldMap,,,bb78b74db131c989d6c953c25df7ceea,numeracy-rate-in-adult-men_v15_850x600.svg,2,16,465244896,1188
numeracy-rate-in-adult-women-sdg,WorldMap,,,825ceba31bc6287ab225f9ec6fdad495,numeracy-rate-in-adult-women-sdg_v16_850x600.svg,1,15,375118784,1189
nurses-and-midwives-per-1000-people,WorldMap,,,ced13388edfda7d591bebdba2ad96306,nurses-and-midwives-per-1000-people_v19_850x600.svg,1,21,667947648,101579
nvidia-quarterly-revenue-segment,StackedBar,,,d115742960b742d065e8b06595ed6911,nvidia-quarterly-revenue-segment_v19_850x600.svg,2,12,570383328,5659
obesity-in-men-vs-obesity-in-women,ScatterPlot,,,98e4d12c742b3a350cf5aaeee0a0d646,obesity-in-men-vs-obesity-in-women_v29_850x600.svg,11,45,506434216,627632
obesity-prevalence-adults-who-gho,WorldMap,,,7b1c439eef35c0e29a226b46d158c774,obesity-prevalence-adults-who-gho_v21_850x600.svg,2,22,369618888,309153
obesity-vs-gdp,ScatterPlot,,,624cc1954dabe50679fb425254632b58,obesity-vs-gdp_v31_850x600.svg,8,42,574167920,566524
ocean-heat-content-upper,LineChart,,,1140ad8955e8db00e55c743be3d010ce,ocean-heat-content-upper_v20_850x600.svg,1,18,466076248,8872
ocean-heat-top-2000m,LineChart,,,1425ca3b66a5acdc52628c0f587d6118,ocean-heat-top-2000m_v20_850x600.svg,1,18,350501208,7023
ocean-plastic-waste-per-capita-vs-gdp,ScatterPlot,,,dba69cc17b3ae55830f580d303f256d6,ocean-plastic-waste-per-capita-vs-gdp_v27_850x600.svg,5,36,704747104,263055
ocean-research-funding,WorldMap,,,db3b9bac21683ed060285a86e36c20c8,ocean-research-funding_v24_850x600.svg,2,15,358951568,4800
ocean-waste-by-item,DiscreteBar,,,7d757fe2dace5161f0880c667c21797e,ocean-waste-by-item_v9_850x600.svg,1,28,393598808,2205
oda-for-scholarships,WorldMap,,,d3f67f8994534897b42f27d05d2af0f9,oda-for-scholarships_v22_850x600.svg,2,17,441270872,84019
oecd-average-trust-in-governments,WorldMap,,,ed576c063a603b9173c04c46c3c5a71c,oecd-average-trust-in-governments_v19_850x600.svg,1,14,367966280,9574
oecd-expenditures-on-government-outsourcing-gdp,DiscreteBar,,,b34620c1e0ef37e0543555334285473b,oecd-expenditures-on-government-outsourcing-gdp_v16_850x600.svg,1,9,464137208,21045
official-development-assistance-donor-bilateral-multilateral,StackedArea,,,2f6de54bb6338c24d398701ca6de2c27,official-development-assistance-donor-bilateral-multilateral_v22_850x600.svg,4,12,452952352,166920
official-development-assistance-to-least-developed-countries,LineChart,,,c4e2b3c23c65e8badc58fb1e2761b410,official-development-assistance-to-least-developed-countries_v24_850x600.svg,2,14,675915672,32098
official-entrance-age-to-compulsory-education,WorldMap,,,13d8e79438fc6538cdcc26b295a1c7f5,official-entrance-age-to-compulsory-education_v13_850x600.svg,1,15,552600496,137408
official-entrance-age-to-pre-primary-education,WorldMap,,,ad66d8d1f817219175bf12cab1a1c2ff,official-entrance-age-to-pre-primary-education_v17_850x600.svg,2,22,486992328,307342
oil-consumption-by-region-terawatt-hours-twh,StackedArea,,,c9eabfe4e4ca49f1d12f7894c278959f,oil-consumption-by-region-terawatt-hours-twh_v24_850x600.svg,2,15,379825104,221891
oil-prices-inflation-adjusted,LineChart,,,13c85a4f4c8ab412ae2da8a986a5eaf2,oil-prices-inflation-adjusted_v6_850x600.svg,1,14,403736760,5627
oil-production-by-region,StackedArea,,,2cb4b94c1214cf0557e23183ed51ee19,oil-production-by-region_v21_850x600.svg,2,14,463858824,162262
oil-rents-as-a-share-of-gdp,WorldMap,,,c8753dea4e84911d57b3949505d37a0d,oil-rents-as-a-share-of-gdp_v11_850x600.svg,2,17,691081576,278983
oil-yield-by-crop,DiscreteBar,,,64f546028ce9960818218b01169f232b,oil-yield-by-crop_v16_850x600.svg,19,30,583121624,1120533
one-person-households,LineChart,,,3f8a10cde254883befb3393c8386e26b,one-person-households_v27_850x600.svg,2,18,391957552,30150
one-person-households-vs-gdp-per-capita,ScatterPlot,,,c2ce63f285f658c922eea475f68c9e4f,one-person-households-vs-gdp-per-capita_v37_850x600.svg,66,181,511510160,2119999
open-defecation-in-rural-areas-vs-urban-areas,ScatterPlot,,,0afa7e62f214d94a87ced5f7a71068f8,open-defecation-in-rural-areas-vs-urban-areas_v14_850x600.svg,5,40,399224920,314533
openness-of-executive-recruitment-score,WorldMap,,,21e957d67f360d2565b1d1600ffc7dec,openness-of-executive-recruitment-score_v57_850x600.svg,3,38,525455840,981402
opinions-young-people-climate,DiscreteBar,,,ba4a03ea05347970bfbceaec7cbcfb79,opinions-young-people-climate_v8_850x600.svg,2,24,713931128,2082
orange-production,WorldMap,,,3c406873424949e01ec2990a50a053c9,orange-production_v11_850x600.svg,3,21,362700192,307448
orange-yields,WorldMap,,,44f8aba1982a88b866134c4f14d90c98,orange-yields_v13_850x600.svg,3,28,555293088,301406
organic-agricultural-area,LineChart,,,c9830a46e9c88563054314689997f086,organic-agricultural-area_v10_850x600.svg,14,29,708070704,646450
out-of-pocket-expenditure-per-capita-on-healthcare,WorldMap,,,a25ce4c1d7db22b51cbe982bbada7079,out-of-pocket-expenditure-per-capita-on-healthcare_v28_850x600.svg,1,18,415128152,162302
out-of-school-children-of-primary-school-age-by-world-region,StackedArea,,,b56e5c943b1095d8c257dee02f198648,out-of-school-children-of-primary-school-age-by-world-region_v27_850x600.svg,2,15,371829664,151015
outdoor-air-pollution-deaths-in-1990-vs-2023,ScatterPlot,,,42af702425f65fcf31e6b4e44d20be78,outdoor-air-pollution-deaths-in-1990-vs-2023_v14_850x600.svg,16,44,523120520,527450
outdoor-air-pollution-exposure,WorldMap,,,2fbae9303d020069c7600e22e86b889b,outdoor-air-pollution-exposure_v18_850x600.svg,1,19,568518024,196400
outdoor-pollution-death-rate,WorldMap,,,4461a8113204ee021d3b18b7d2888eda,outdoor-pollution-death-rate_v17_850x600.svg,3,22,386151368,251879
outdoor-pollution-rate-vs-gdp,ScatterPlot,,,e32491a05089f8af02dc9c6f9993c8d1,outdoor-pollution-rate-vs-gdp_v52_850x600.svg,65,181,788440936,2341728
outdoor-pollution-rates-by-age,DiscreteBar,,,5fd5cb30f8ec947cc11fdd8cd3d4b447,outdoor-pollution-rates-by-age_v15_850x600.svg,17,25,407044832,1304064
output-of-key-industrial-sectors-in-england-and-the-uk,LineChart,,,435b2b4044464983ec0b7fdaffcbc804,output-of-key-industrial-sectors-in-england-and-the-uk_v14_850x600.svg,2,19,581768976,84804
output-of-key-industries-in-england,LineChart,,,595e563bfd6068bda1330595c89c4b45,output-of-key-industries-in-england_v12_850x600.svg,3,32,406535616,152703
output-of-key-service-and-industrial-sectors-in-england-and-the-uk,LineChart,,,3dfd957bf20ec5687408ec37589ccf09,output-of-key-service-and-industrial-sectors-in-england-and-the-uk_v10_850x600.svg,2,22,422864248,107285
overarching-legal-frameworks-regarding-gender-equality,WorldMap,,,6eee7714a6ae39d1a1c731e18ab08a74,overarching-legal-frameworks-regarding-gender-equality_v15_850x600.svg,1,13,589585936,11998
ozone-depleting-substance-consumption,StackedArea,,,54c5de7856889f52c05562789802a5cb,ozone-depleting-substance-consumption_v16_850x600.svg,16,51,537954640,904933
ozone-depleting-substance-emissions,LineChart,,,bd32538d99135caffbe494d0c06540f6,ozone-depleting-substance-emissions_v13_850x600.svg,2,14,598426904,3454
ozone-depleting-substances-index,LineChart,,,3aa18cfebb73cb7a11d1a52332ed1930,ozone-depleting-substances-index_v15_850x600.svg,2,12,431793896,159200
ozone-o3-concentration-in-ppb,WorldMap,,,19d3d9c6f6edfd5091c5fef107970f1a,ozone-o3-concentration-in-ppb_v8_850x600.svg,2,17,375359680,34956
p10-vs-gdp-per-capita,ScatterPlot,,,0269551b22486bf717370c1d63d2343a,p10-vs-gdp-per-capita_v51_850x600.svg,73,229,659641016,2835672
pain-broiler-chickens,DiscreteBar,,,6c4a66b31ea014d386e0f071d07ebbd9,pain-broiler-chickens_v11_850x600.svg,1,11,397320952,465
pain-levels-hen-systems,DiscreteBar,,,58c82a3706c7e0ef3d4e3efbb675b8e9,pain-levels-hen-systems_v9_850x600.svg,1,14,385904864,615
palm-oil-imports,WorldMap,,,e53f858fde0fb89d03b45ab1a16707a8,palm-oil-imports_v12_850x600.svg,2,24,417997392,376805
palm-oil-production,LineChart,,,26f3a8dbed62573b3fe45db7f038ede7,palm-oil-production_v16_850x600.svg,1,11,504190328,141569
palm-oil-yields,WorldMap,,,2edcfc1fffaee0afcd9b1d0c0ee12538,palm-oil-yields_v14_850x600.svg,2,15,395700256,145256
palma-ratio-after-tax-lis,LineChart,,,3799dae14c50f50a3c362adff82ce3e8,palma-ratio-after-tax-lis_v46_850x600.svg,2,13,514971280,35057
pancreatic-cancer-death-rate,WorldMap,,,580c75b97ee37697eae061cf9e8610fa,pancreatic-cancer-death-rate_v22_850x600.svg,2,15,432480944,99997
parameters-in-notable-artificial-intelligence-systems,ScatterPlot,,,52f54da5dcfb3c564b36162d1ca6864a,parameters-in-notable-artificial-intelligence-systems_v178_850x600.svg,1,60,423716312,28970
parameters-vs-training-dataset-size-in-notable-ai-systems,ScatterPlot,,,75e44f116abd1f6b36d226c6f044d924,parameters-vs-training-dataset-size-in-notable-ai-systems_v44_850x600.svg,2,216,625595688,55672
parents-same-sex-vs-different-sex,WorldMap,,,b2810fc156faf53a9781f3f379a33ba1,parents-same-sex-vs-different-sex_v28_850x600.svg,1,10,519379048,2737
parents-who-agree-with-spanking-to-discipline-a-child,StackedArea,,,3eebfbc29b002cf462834ae972c0f51f,parents-who-agree-with-spanking-to-discipline-a-child_v6_850x600.svg,2,10,439982208,2682
parkinsons-disease-prevalence-ihme,WorldMap,,,9994ab2ce6665dabdd8928ff54e86fb6,parkinsons-disease-prevalence-ihme_v14_850x600.svg,2,17,532355968,259364
partial-nuclear-test-ban-treaty,WorldMap,,,2cee176b4ca56929834bd450f9a1ba41,partial-nuclear-test-ban-treaty_v6_850x600.svg,2,17,419445984,435697
participants-in-ongoing-state-based-conflicts-by-region,StackedBar,,,ca651ad402855a9dfc4eb292c639871b,participants-in-ongoing-state-based-conflicts-by-region_v45_850x600.svg,1,19,549086000,13004
participation-of-women-in-purchase-decisions-vs-gdp-per-capita,ScatterPlot,,,f75896a5033bbd50a727855a5d059a99,participation-of-women-in-purchase-decisions-vs-gdp-per-capita_v51_850x600.svg,6,29,449833360,262699
participation-rate-in-formal-and-non-formal-education-and-training,WorldMap,,,265c9510d8fba2f515a3fd86cbb6e4fd,participation-rate-in-formal-and-non-formal-education-and-training_v13_850x600.svg,1,18,561861152,69313
participatory-democracy-index,WorldMap,,,c3ca6a2f40ff5d88a3e566dd681d2d87,participatory-democracy-index_v52_850x600.svg,23,88,478764392,1013812
participatory-political-institutions-index,WorldMap,,,9ab24eaf38f097a55caf33ef32e7f63e,participatory-political-institutions-index_v49_850x600.svg,24,92,826244256,1030803
parties-to-multilateral-agreements-on-hazardous-waste,DiscreteBar,,,4ffca4f377110f0f949c87409e1a971b,parties-to-multilateral-agreements-on-hazardous-waste_v19_850x600.svg,2,11,519082736,68596
passenger-kilometers-traveled-self-driving-taxis,StackedBar,,,7ea9f789e9452a9bfd3ba011b8425566,passenger-kilometers-traveled-self-driving-taxis_v23_850x600.svg,1,11,425320920,1848
patent-applications-per-million,WorldMap,,,ad23fec45b153fa2c2ecf1a7968c6a9b,patent-applications-per-million_v17_850x600.svg,2,21,533930272,143072
patents-ccs,WorldMap,,,529e7012c83e6541e530caf551d2c85b,patents-ccs_v12_850x600.svg,1,9,432934584,33739
patents-electric-vehicles,StackedBar,,,41f14350b513be2c21ee9cc8e5ea8f0a,patents-electric-vehicles_v9_850x600.svg,4,15,446671224,157338
patents-energy-storage,StackedBar,,,6739a5d9d79b1518e26ef997f92b3cbd,patents-energy-storage_v9_850x600.svg,3,16,547407048,131428
patents-filed-for-renewables,StackedBar,,,165b3b3c7791d29946477bd9932ab978,patents-filed-for-renewables_v15_850x600.svg,6,21,467580360,312924
patents-for-renewables-by-country,WorldMap,,,a1682c010efa3d729d332f6028c4bb0c,patents-for-renewables-by-country_v14_850x600.svg,2,16,556762840,53597
patents-usa-by-category,StackedArea,,,7627a252aa8f1af0cad56e3bf325bc4e,patents-usa-by-category_v17_850x600.svg,2,14,437862872,29674
pcv3-number-unvaccinated,WorldMap,,,c79411b9fe854ecb67e1464f91b958b9,pcv3-number-unvaccinated_v13_850x600.svg,2,17,533142880,59765
pea-production,WorldMap,,,a2b8b8ed02b21a2eb297380feb59d30d,pea-production_v9_850x600.svg,2,16,489836072,240099
pea-yields,WorldMap,,,0f3c81a311a97a2247fb54d985031cd8,pea-yields_v11_850x600.svg,3,16,449948464,254750
peaceful-and-hostile-relationships-between-states,StackedArea,,,d06125aacac84232f34e74de5110a29f,peaceful-and-hostile-relationships-between-states_v19_850x600.svg,4,18,836874072,116671
peaceful-and-hostile-relationships-between-states-no-relationship-included,StackedArea,,,5caead3896fb4fb33622ea5b402b8312,peaceful-and-hostile-relationships-between-states-no-relationship-included_v25_850x600.svg,4,17,544919440,141221
peak-birth-month,WorldMap,,,9ee6c622685bfa8a17ecbf42d64b9f15,peak-birth-month_v20_850x600.svg,2,17,503904744,200770
people-asked-for-a-bribe-vs-firms-asked-for-a-bribe,ScatterPlot,,,8030542a5d0136436a487f72cceab9fa,people-asked-for-a-bribe-vs-firms-asked-for-a-bribe_v11_850x600.svg,2,27,470996528,28668
people-fully-vaccinated-covid,LineChart,,,3cde194e5dff0f9c96e3711e4310d406,people-fully-vaccinated-covid_v1531_850x600.svg,11,65,204343896,2393886
people-joint-adoptions-same-sex-partners-legal,StackedArea,,,dc1402a86440e9a1af9a64718e782b5c,people-joint-adoptions-same-sex-partners-legal_v35_850x600.svg,2,12,667392888,35760
people-living-countries-legalized-sex-marriage,StackedArea,,,8d1e8767d576675ce372faffac86eac5,people-living-countries-legalized-sex-marriage_v33_850x600.svg,1,11,552307048,18693
people-living-in-countries-in-which-same-sex-sexual-acts-are-legal,StackedArea,,,b9fd3f3fd7c6b878df45ab85365d1842,people-living-in-countries-in-which-same-sex-sexual-acts-are-legal_v10_850x600.svg,4,16,427419976,248696
people-living-in-countries-that-have-universal-voting-rights,StackedArea,,,63336eebdaba991a1342b585164c688f,people-living-in-countries-that-have-universal-voting-rights_v42_850x600.svg,3,15,679408744,193668
people-living-in-countries-that-sanction-domestic-violence,StackedArea,,,0bc1b6277298db93ac37893052136632,people-living-in-countries-that-sanction-domestic-violence_v14_850x600.svg,2,12,560347040,36578
people-living-in-democracies-autocracies,StackedArea,,,72176210af9739dd78d9b8a1467ef2e2,people-living-in-democracies-autocracies_v62_850x600.svg,3,15,454478648,254534
people-living-in-democracies-autocracies-amb-row,StackedArea,,,85fdf8cc8aa6112b1cc772cbb9f3bdb5,people-living-in-democracies-autocracies-amb-row_v63_850x600.svg,7,28,541203608,529403
people-living-in-democracies-autocracies-bti,StackedArea,,,0c8d71d6df6b3dacee241a3cf6bda511,people-living-in-democracies-autocracies-bti_v72_850x600.svg,1,9,435804168,15285
people-living-in-democracies-autocracies-lexical,StackedArea,,,760cece022772f357d205231738fc578,people-living-in-democracies-autocracies-lexical_v66_850x600.svg,5,20,698401368,424583
people-living-in-democracies-nondemocracies-eiu,StackedArea,,,ff999dcbd6fcafe46b1a2198690de9a5,people-living-in-democracies-nondemocracies-eiu_v64_850x600.svg,1,11,633465864,19862
people-living-in-democracies-nondemocracies-fh,StackedArea,,,946fc35c323dc3b7cfc0533622f4f734,people-living-in-democracies-nondemocracies-fh_v61_850x600.svg,1,8,442792992,14272
people-living-in-democracies-nondemocracies-polity,StackedArea,,,2b8d7499224270fb08e074497a89f8fb,people-living-in-democracies-nondemocracies-polity_v58_850x600.svg,3,14,467155072,193442
people-living-in-democracies-nondemocracies-simplified-lexical,StackedArea,,,b3a2195e01f6ff14d0b67821345d004d,people-living-in-democracies-nondemocracies-simplified-lexical_v83_850x600.svg,5,15,644970872,148750
people-living-in-democratizing-autocratizing-countries-ert,StackedArea,,,fd04fc86eb8fb7851d54b1c6093fa681,people-living-in-democratizing-autocratizing-countries-ert_v82_850x600.svg,3,12,452600520,110432
people-living-in-democratizing-autocratizing-democracies-autocracies-ert,StackedArea,,,ff5a96c4c8d3e4e87331da5541f1ad79,people-living-in-democratizing-autocratizing-democracies-autocracies-ert_v85_850x600.svg,2,14,662357848,187647
people-living-in-free-countries-fh,StackedArea,,,605615339617fe9c7c0905b41ebc4c1f,people-living-in-free-countries-fh_v61_850x600.svg,2,11,549760184,48064
people-living-in-united-nations-member-states,StackedArea,,,e6a1a8d5837d2bca125ee67fef456f4c,people-living-in-united-nations-member-states_v9_850x600.svg,2,10,474192288,43034
people-living-with-gynecological-diseases-per-100000,DiscreteBar,,,e49984b9e0c274fb8362e4df2e08b25b,people-living-with-gynecological-diseases-per-100000_v10_850x600.svg,31,41,603376216,1262102
people-practicing-open-defecation-of-population,WorldMap,,,d46ee8d2fa5ff364276fd07652afbbf4,people-practicing-open-defecation-of-population_v10_850x600.svg,2,20,467948328,186098
people-third-gender-recognized,StackedArea,,,e08e94e9f5a9e3fc9c1dbb9b14457b94,people-third-gender-recognized_v32_850x600.svg,1,10,481558576,34607
people-treated-for-river-blindness,WorldMap,,,0ec6540e0822e26af74a7e4d9085fbab,people-treated-for-river-blindness_v12_850x600.svg,1,12,557393320,19462
people-vaccinated-covid,LineChart,,,f19ecc3ec316b9fb9ce533f7ac04a7e3,people-vaccinated-covid_v1518_850x600.svg,8,61,702847664,2467723
people-who-report-having-friends-or-relatives-they-can-count-on,DiscreteBar,,,8ce1789b36d395c62b4d204c76c2a482,people-who-report-having-friends-or-relatives-they-can-count-on_v8_850x600.svg,1,10,488017120,1238
people-with-access-to-at-least-basic-drinking-water,LineChart,,,205f6d55464b4371b6d01e1fed4c0e90,people-with-access-to-at-least-basic-drinking-water_v8_850x600.svg,2,22,572519672,199762
people-without-clean-cooking-fuels-region,StackedArea,,,9c0ea45641edc61e97f5828e922c62c6,people-without-clean-cooking-fuels-region_v7_850x600.svg,2,10,211172424,125572
people-without-electricity-country,WorldMap,,,34993ac6eec59db0960d7de2386dc168,people-without-electricity-country_v23_850x600.svg,2,17,440572544,214220
per-capita-alcohol-1890,LineChart,,,202df5a0b43d7647f24427357cf96fb4,per-capita-alcohol-1890_v11_850x600.svg,1,12,460054088,3301
per-capita-co-emissions-from-international-flights-tourism-adjusted,WorldMap,,,fe052fa8893ac4b1cddb7a87e26fd8fb,per-capita-co-emissions-from-international-flights-tourism-adjusted_v42_850x600.svg,2,21,227052824,39004
per-capita-co-emissions-vs-human-development-index,ScatterPlot,,,7edf787140f36770b1c0863a0e2e5e6e,per-capita-co-emissions-vs-human-development-index_v44_850x600.svg,91,203,652985568,2194218
per-capita-co2-aviation,WorldMap,,,caf50e21c9f250da34e829bc36ac1fef,per-capita-co2-aviation_v6_850x600.svg,2,15,581599104,52988
per-capita-co2-by-source,StackedDiscreteBar,,,bbf2c062eab3261e9604fe3ae0720c1e,per-capita-co2-by-source_v28_850x600.svg,65,94,477653792,3394337
per-capita-co2-cement,WorldMap,,,30fb43c5823f00833082899def1df7a2,per-capita-co2-cement_v28_850x600.svg,4,31,464216336,784878
per-capita-co2-coal,WorldMap,,,7d9b6ea4b1f9a12e88649d3e880a655d,per-capita-co2-coal_v29_850x600.svg,4,33,253010872,721175
per-capita-co2-domestic-aviation-vs-gdp,ScatterPlot,,,51485fdde8a2205eec1be158c3edb795,per-capita-co2-domestic-aviation-vs-gdp_v27_850x600.svg,7,43,583612024,311106
per-capita-co2-domestic-aviation-vs-land-area,ScatterPlot,,,a0e36d9ec02ddcb99fc69365e9d5c95e,per-capita-co2-domestic-aviation-vs-land-area_v25_850x600.svg,15,83,195734136,459937
per-capita-co2-emissions-from-domestic-aviation,WorldMap,,,6fc8f5faafdda05a7a79eca406b4e039,per-capita-co2-emissions-from-domestic-aviation_v30_850x600.svg,4,19,476835160,62933
per-capita-co2-emissions-vs-per-capita-energy-use,ScatterPlot,,,539d57c7a654385652941169015ff566,per-capita-co2-emissions-vs-per-capita-energy-use_v60_850x600.svg,107,266,318350752,3115364
per-capita-co2-flaring,WorldMap,,,38860b93764350d59b468b6de8e319ae,per-capita-co2-flaring_v29_850x600.svg,3,22,494432376,440235
per-capita-co2-food-deforestation,DiscreteBar,,,cb9b43dbc91cc500e3a2f889a5b9fdf8,per-capita-co2-food-deforestation_v5_850x600.svg,1,10,590893760,1545
per-capita-co2-fuel,DiscreteBar,,,06f4ce4f384333367a62999571b422b0,per-capita-co2-fuel_v27_850x600.svg,74,88,631111968,3394337
per-capita-co2-gas,WorldMap,,,e43328485beae965f1e515a6125e772c,per-capita-co2-gas_v27_850x600.svg,5,24,469794576,535468
per-capita-co2-including-land,WorldMap,,,085d9897dd696d046b35ff20013aaba1,per-capita-co2-including-land_v19_850x600.svg,4,36,504686512,793625
per-capita-co2-international-aviation,WorldMap,,,3e8cc401ffb63336b60a474407b7fa09,per-capita-co2-international-aviation_v17_850x600.svg,2,16,481416656,77227
per-capita-co2-international-flights-adjusted,WorldMap,,,17007e957eac06e42b301343511e6668,per-capita-co2-international-flights-adjusted_v29_850x600.svg,3,21,210593592,39004
per-capita-co2-oil,WorldMap,,,cd09fe56818861d017e1e2d0bedda927,per-capita-co2-oil_v27_850x600.svg,5,34,506290784,819964
per-capita-co2-region,Marimekko,,,2b01bb9a834463286998e15be8466df2,per-capita-co2-region_v29_850x600.svg,60,77,274749256,2731456
per-capita-co2-sector,DiscreteBar,,,5fba738a6992c5e8b6482ff5f74e6fac,per-capita-co2-sector_v13_850x600.svg,26,43,484040456,1823595
per-capita-co2-transport,WorldMap,,,38c07a55c7c1689744d5684f53290a16,per-capita-co2-transport_v12_850x600.svg,2,24,488927672,227570
per-capita-co2-vs-average,WorldMap,,,1743e36d96ed6851ca17c9f80340c54e,per-capita-co2-vs-average_v33_850x600.svg,5,54,632866096,899078
per-capita-diet-composition,LineChart,,,4dcd2203053adb2f5514f5445cd0d13c,per-capita-diet-composition_v5_850x600.svg,37,58,545799504,2678940
per-capita-egg-consumption-kilograms-per-year,WorldMap,,,39ef2264ee556ce922f1f3f3b8639d02,per-capita-egg-consumption-kilograms-per-year_v11_850x600.svg,3,28,512932528,437067
per-capita-electricity-fossil-nuclear-renewables,StackedDiscreteBar,,,89ac73ecb8878bad5f8d85d91076cedd,per-capita-electricity-fossil-nuclear-renewables_v47_850x600.svg,9,27,677039080,596776
per-capita-electricity-generation-vs-gdp-per-capita,ScatterPlot,,,126edec84f7bd9a358b77a7c09bf968f,per-capita-electricity-generation-vs-gdp-per-capita_v53_850x600.svg,9,81,275997176,496305
per-capita-electricity-source-stacked,StackedDiscreteBar,,,7bc385b2357231b28891386eabc519f7,per-capita-electricity-source-stacked_v35_850x600.svg,33,52,512205848,1696408
per-capita-energy-source-stacked,StackedDiscreteBar,,,2b84a512744d6e57b275ebe8923678f9,per-capita-energy-source-stacked_v21_850x600.svg,12,27,659765504,622261
per-capita-energy-stacked,StackedDiscreteBar,,,997e4472f7c5d22ad389d4717315f914,per-capita-energy-stacked_v24_850x600.svg,28,51,666986392,1420428
per-capita-fossil-energy-vs-gdp,ScatterPlot,,,01e1391e7cd8a5b9fde56f7d5a68e73c,per-capita-fossil-energy-vs-gdp_v40_850x600.svg,8,51,532773616,403903
per-capita-ghg-co2-excluding-land-use,ScatterPlot,,,3424019b7bf10574c4ae4a2bd5771197,per-capita-ghg-co2-excluding-land-use_v42_850x600.svg,48,134,725322096,2374280
per-capita-ghg-co2-including-land-use,ScatterPlot,,,d17487f1dfaf6f16fecda84c88a685c1,per-capita-ghg-co2-including-land-use_v41_850x600.svg,40,136,559779152,2468326
per-capita-ghg-emissions,WorldMap,,,283223e7732502fd7052fef091aead9f,per-capita-ghg-emissions_v36_850x600.svg,6,47,702539496,1206743
per-capita-ghg-excl-land-use,WorldMap,,,b47d909bd1737e3cc0a6506d0ad76d66,per-capita-ghg-excl-land-use_v24_850x600.svg,5,47,567930224,1212757
per-capita-ghg-sector,DiscreteBar,,,6eaee97523f353fd47a2fb2a6f892079,per-capita-ghg-sector_v21_850x600.svg,27,38,264209832,2428324
per-capita-low-carbon-vs-gdp,ScatterPlot,,,5d238204d6524cea13b44a6a05796cd3,per-capita-low-carbon-vs-gdp_v39_850x600.svg,13,59,294338280,419515
per-capita-meat-consumption-by-type-kilograms-per-year,StackedArea,,,ae02ebf2e6ac360d9c8d108393becdb4,per-capita-meat-consumption-by-type-kilograms-per-year_v18_850x600.svg,38,51,700741992,2167695
per-capita-meat-eu28,StackedArea,,,f2e7fdccc4e45630a0524ce0c7ba8598,per-capita-meat-eu28_v7_850x600.svg,1,13,271953880,4250
per-capita-meat-type,StackedDiscreteBar,,,7f866a58ad8a73e61102fff288de1c45,per-capita-meat-type_v19_850x600.svg,34,49,569440032,2604293
per-capita-meat-usa,StackedArea,,,5ecf4f3a265f324bb4c8a6373cf451f6,per-capita-meat-usa_v7_850x600.svg,15,59,270446256,1297777
per-capita-methane-emissions,WorldMap,,,41c0618dd4162f8922007af04412225a,per-capita-methane-emissions_v23_850x600.svg,5,46,333540712,1219817
per-capita-methane-sector,DiscreteBar,,,7a6659898611f656fc97c867bccfd2c7,per-capita-methane-sector_v13_850x600.svg,33,49,697989280,2247075
per-capita-milk-consumption,WorldMap,,,729e1b7e15fc52f634586bd6abe45bc4,per-capita-milk-consumption_v18_850x600.svg,4,42,682794384,437906
per-capita-mismanaged-plastic-waste-vs-gdp-per-capita,ScatterPlot,,,7decc8d7c297728d33a7d9e35c933e7a,per-capita-mismanaged-plastic-waste-vs-gdp-per-capita_v35_850x600.svg,6,38,552991744,263066
per-capita-nitrous-oxide,WorldMap,,,f91e7b14971e6563bb88ee2dbf9cfa36,per-capita-nitrous-oxide_v23_850x600.svg,6,62,609303024,1248287
per-capita-nitrous-oxide-agriculture,WorldMap,,,ee10e646060eb888df6d81e7c728c082,per-capita-nitrous-oxide-agriculture_v16_850x600.svg,2,23,289504488,228763
per-capita-nitrous-oxide-sector,DiscreteBar,,,921e93ba30c2e853f8d12c72c96c1775,per-capita-nitrous-oxide-sector_v12_850x600.svg,39,50,331729304,2195873
per-capita-ocean-plastic-waste,WorldMap,,,7a589ffd296d51ccf4d973b2db913cd7,per-capita-ocean-plastic-waste_v20_850x600.svg,1,16,705682000,5584
per-capita-plastic-waste-vs-gdp-per-capita,ScatterPlot,,,583b80ce6e4bc9408cbce76b259681e7,per-capita-plastic-waste-vs-gdp-per-capita_v31_850x600.svg,54,166,323975504,2095400
per-capita-renewable-freshwater-resources,WorldMap,,,459877b977cbdb62663395b6e9891771,per-capita-renewable-freshwater-resources_v13_850x600.svg,3,24,187261584,372826
per-capita-sources-of-protein,StackedDiscreteBar,,,4ddde53f7259e4aff7182c2a92945a1b,per-capita-sources-of-protein_v18_850x600.svg,36,55,559612184,2185403
perceived-comfort-speaking-anxiety-depression,StackedDiscreteBar,,,a03a35dce73640d46099a847850be470,perceived-comfort-speaking-anxiety-depression_v19_850x600.svg,1,11,712878976,16532
perceived-comfort-speaking-anxiety-depression-vs-talked-to-family-friends-when-had-anxiety-depression,ScatterPlot,,,38e788858f043bab9ce86a9f5fd60dc7,perceived-comfort-speaking-anxiety-depression-vs-talked-to-family-friends-when-had-anxiety-depression_v37_850x600.svg,2,21,727658792,17187
perceived-influence-over-government,StackedDiscreteBar,,,840d3559961ee84495d2548bebb7492f,perceived-influence-over-government_v23_850x600.svg,2,13,197181640,6049
perceived-justifiability-of-terrorism-as-a-political-ideological-or-religious-means,WorldMap,,,85fe4ff9f359ca5f682424a580aff5c1,perceived-justifiability-of-terrorism-as-a-political-ideological-or-religious-means_v12_850x600.svg,3,16,340818360,11444
perceived-trust-between-people,StackedDiscreteBar,,,9482250618677d83a98c0ef8e9d6675c,perceived-trust-between-people_v19_850x600.svg,2,19,555834912,9048
percentage-change-energy-by-source,DiscreteBar,,,64e90c49eb5b2de2bb46ba48acdb8794,percentage-change-energy-by-source_v21_850x600.svg,15,29,706246128,1065277
percentage-of-americans-who-live-alone-by-age,LineChart,,,b1e13b10cb4f1495e5e49ef40c444752,percentage-of-americans-who-live-alone-by-age_v15_850x600.svg,1,9,204363272,1811
percentage-of-children-214-who-experience-violent-discipline-at-home,DiscreteBar,,,cc82d082874355a2b170423e67ca604c,percentage-of-children-214-who-experience-violent-discipline-at-home_v6_850x600.svg,88,177,394124888,2720556
percentage-of-children-in-employment-by-sex,LineChart,,,22dc09e7ab47de6277c3cb426cb2494d,percentage-of-children-in-employment-by-sex_v15_850x600.svg,2,8,211236544,16483
percentage-of-girls-15-to-19-who-report-having-been-victims-of-sexual-abuse,DiscreteBar,,,093580e145b929e3d98f84df8a20733a,percentage-of-girls-15-to-19-who-report-having-been-victims-of-sexual-abuse_v6_850x600.svg,1,11,564321064,1108
percentage-of-men-18-to-29-who-report-having-been-victims-of-forced-sex-as-children,DiscreteBar,,,311a71eeacd37b64605d5c1a1cdfbf5f,percentage-of-men-18-to-29-who-report-having-been-victims-of-forced-sex-as-children_v4_850x600.svg,1,10,566205952,239
percentage-of-men-in-the-united-states-who-live-alone-by-age,LineChart,,,698f1cfa1ad29a562d9a58a2eda5a452,percentage-of-men-in-the-united-states-who-live-alone-by-age_v10_850x600.svg,1,9,218259776,1812
percentage-of-persons-without-health-insurance-coverage-us,LineChart,,,21347753a4e0f1e3a63204f6168a2e07,percentage-of-persons-without-health-insurance-coverage-us_v5_850x600.svg,2,9,712166808,1142
percentage-of-primary-schools-with-access-to-potable-water,WorldMap,,,b64b403859c65c739e4cb80459066b34,percentage-of-primary-schools-with-access-to-potable-water_v14_850x600.svg,2,18,575850416,46613
percentage-of-primary-schools-with-toilets,WorldMap,,,a84c32a3c009d4fc3b266bb3e324e382,percentage-of-primary-schools-with-toilets_v10_850x600.svg,1,17,578157736,40554
percentage-of-territory-controlled-by-government,WorldMap,,,f38e8df7e202e6b1c74243ca47652b18,percentage-of-territory-controlled-by-government_v54_850x600.svg,23,84,255086168,775322
percentage-of-women-18-to-29-who-report-having-been-victims-of-forced-sex-as-children,DiscreteBar,,,5801134e07c0099152a3e4b8cf52a97e,percentage-of-women-18-to-29-who-report-having-been-victims-of-forced-sex-as-children_v7_850x600.svg,1,12,720927552,1095
percentage-of-women-in-the-united-states-who-live-alone-by-age,LineChart,,,fa2f4434ff712113ce1f345ddb28088b,percentage-of-women-in-the-united-states-who-live-alone-by-age_v9_850x600.svg,1,12,583282544,1811
percentage-point-change-religiosity,WorldMap,,,00680bd965b0b91febb7b142469156a8,percentage-point-change-religiosity_v5_850x600.svg,2,19,730170136,7560
perception-of-the-safety-of-vaccines-vs-vaccine-coverage,ScatterPlot,,,c714e14eadd0bae416fd06c3bedd2de9,perception-of-the-safety-of-vaccines-vs-vaccine-coverage_v19_850x600.svg,6,39,583909240,266579
period-average-age-of-mothers,WorldMap,,,2b507525dc90d1aa5ba98e1fc84f85df,period-average-age-of-mothers_v9_850x600.svg,3,28,605270784,579454
period-average-age-of-mothers-birth-order,LineChart,,,edc0caabc70639b7579cd5cc0666ac80,period-average-age-of-mothers-birth-order_v18_850x600.svg,5,17,745674448,328922
period-total-fertility-rate,LineChart,,,7f061645160403775fbffd3c04713226,period-total-fertility-rate_v18_850x600.svg,1,22,600451152,77463
period-versus-cohort-life-expectancy,LineChart,,,aacb208ad2ecea8b12d598b7b66d4c47,period-versus-cohort-life-expectancy_v20_850x600.svg,3,23,728590872,157880
personal-remittances-oda,DiscreteBar,,,3baafa07a9809dedb0f5aded1f5bf458,personal-remittances-oda_v19_850x600.svg,9,26,586180600,604933
pertussis-cases-and-deaths-in-the-united-states,LineChart,,,b1324d288aec9e969a8d7613b22991d7,pertussis-cases-and-deaths-in-the-united-states_v11_850x600.svg,1,11,263946952,5048
pesticide-breakdown-by-type,StackedArea,,,18bffa64640be159b45e584714c32484,pesticide-breakdown-by-type_v12_850x600.svg,20,32,592747152,1230732
pesticide-use-per-hectare-of-cropland,WorldMap,,,3556aa0ce6fbabc9f0b24fb1c90fa60d,pesticide-use-per-hectare-of-cropland_v17_850x600.svg,2,23,744879584,226598
pesticide-use-tonnes,WorldMap,,,95c6aa6937500ea7ec94e11f0e3e3a48,pesticide-use-tonnes_v14_850x600.svg,2,20,335914536,235764
pharmaceutical-personnel-per-1000,WorldMap,,,6b0b70c4cc34c9a66ed7df91af93bbc7,pharmaceutical-personnel-per-1000_v15_850x600.svg,2,20,598631720,73722
phillips-curves-in-the-us,ScatterPlot,,,0cd663f9d76759e6ff3470f6e1ee7b53,phillips-curves-in-the-us_v11_850x600.svg,1,29,280382048,6610
phillipss-original-curve-wage-inflation-and-unemployment,ScatterPlot,,,ad82e44116a064ccefcc6b2b910df54f,phillipss-original-curve-wage-inflation-and-unemployment_v12_850x600.svg,2,20,756315832,3294
phosphate-application-per-hectare-of-cropland,WorldMap,,,9e11fa551c40e526f4a6441870c36293,phosphate-application-per-hectare-of-cropland_v11_850x600.svg,2,23,352211456,362219
phosphorous-inputs-per-hectare,WorldMap,,,9d6a81816c01325c9a536980121c3ac7,phosphorous-inputs-per-hectare_v4_850x600.svg,1,15,606366920,5902
phosphorus-emissions-seafood,DiscreteBar,,,492992d3f936c941220dcd506cbe295a,phosphorus-emissions-seafood_v14_850x600.svg,1,10,600439776,533
physical-integrity-rights-index-vdem,WorldMap,,,7c963e88ed90479defeef559aa5b0ccc,physical-integrity-rights-index-vdem_v54_850x600.svg,22,94,645701488,1064508
physical-integrity-rights-score-fariss-kenwick-reuning,WorldMap,,,65ac5071d0c4ae69242ca51b50672778,physical-integrity-rights-score-fariss-kenwick-reuning_v35_850x600.svg,2,23,618167280,385874
physicians-per-1000-people,WorldMap,,,cc72a905d66e81ec79575c1d8e770d93,physicians-per-1000-people_v23_850x600.svg,2,27,728879128,157775
pig-land-welfare,ScatterPlot,,,ba3df72cbc82a445aee1e4306623fa83,pig-land-welfare_v3_850x600.svg,1,12,230499408,9638
pig-livestock-count-heads,WorldMap,,,175db291123145c234969f13e574c02e,pig-livestock-count-heads_v17_850x600.svg,2,31,315763368,420959
pig-production-greenhouse-gas-emissions-vs-cost-to-animal-welfare,ScatterPlot,,,dafe9712b14e9aafddc1bff227efe5a1,pig-production-greenhouse-gas-emissions-vs-cost-to-animal-welfare_v4_850x600.svg,1,11,241991760,10224
pig-yields-meat-per-animal-in-hectograms-100-grams,WorldMap,,,aefeac0b97cccb5300e693ecbba35e53,pig-yields-meat-per-animal-in-hectograms-100-grams_v17_850x600.svg,3,28,417264520,346708
pigmeat-production-tonnes,WorldMap,,,5fa9543ae6e88b41e911048ef2eea7a9,pigmeat-production-tonnes_v14_850x600.svg,3,27,590050240,414777
pisa-mean-performance-on-the-mathematics-scale-by-sex,ScatterPlot,,,7b5aedd9eb34c5349c0f2c6f450ca61e,pisa-mean-performance-on-the-mathematics-scale-by-sex_v32_850x600.svg,49,147,823261456,1871734
pisa-mean-performance-on-the-reading-scale-by-sex,ScatterPlot,,,e5747409d3db154a9dd9227abdda13e9,pisa-mean-performance-on-the-reading-scale-by-sex_v31_850x600.svg,52,148,344448664,1874436
plastic-exports-to-china,DiscreteBar,,,0b0675c8ca13379f2d6a9a7515143a95,plastic-exports-to-china_v3_850x600.svg,1,8,321849344,424
plastic-fate,StackedArea,,,cbbd062a56a970a9605eeced6d9794ae,plastic-fate_v20_850x600.svg,1,11,330379704,26118
plastic-fate-to-2050,LineChart,,,ab030ec225e08a943cfd13467ffe5e22,plastic-fate-to-2050_v6_850x600.svg,2,15,426719000,6606
plastic-leakage-to-aquatic-environments,StackedArea,,,83ec0db12561b4f9702c8f8dc0a9541c,plastic-leakage-to-aquatic-environments_v13_850x600.svg,1,19,608288736,13137
plastic-production-by-sector,StackedArea,,,79608dc269ae1e237b26f71814e49513,plastic-production-by-sector_v11_850x600.svg,1,12,340390712,11291
plastic-production-polymer,StackedArea,,,f06442f2f41f1ad0dfe03ddedc94f677,plastic-production-polymer_v15_850x600.svg,2,15,438477120,14427
plastic-waste-accumulated-in-oceans,StackedArea,,,371345a5b8832ea99c5c4bdc3b8d1dab,plastic-waste-accumulated-in-oceans_v6_850x600.svg,1,12,348440856,6509
plastic-waste-accumulated-rivers-lakes,StackedArea,,,fcb6c75e3194cc0645409315c0f84b6b,plastic-waste-accumulated-rivers-lakes_v7_850x600.svg,1,11,616037280,6628
plastic-waste-by-sector,DiscreteBar,,,afda48e5a2eceea2097c80cacdb95bc1,plastic-waste-by-sector_v11_850x600.svg,2,11,404276328,11291
plastic-waste-disposal-projections,LineChart,,,302509a6749ad29a731ccac6959d14c6,plastic-waste-disposal-projections_v12_850x600.svg,2,35,344116680,81856
plastic-waste-emitted-to-the-ocean,WorldMap,,,c542219c9cd262b61d9797fb55a7268d,plastic-waste-emitted-to-the-ocean_v14_850x600.svg,1,9,590406816,4748
plastic-waste-generation-by-industrial-sector,DiscreteBar,,,b7d14b1bae8e904ba051951d98445a85,plastic-waste-generation-by-industrial-sector_v14_850x600.svg,1,16,659341288,4387
plastic-waste-generation-total,WorldMap,,,9f32d870076649d75c4001d180c64d07,plastic-waste-generation-total_v10_850x600.svg,1,13,411796872,5156
plastic-waste-incinerated,SlopeChart,,,49536e92492de3b28d313cced0064360,plastic-waste-incinerated_v11_850x600.svg,1,11,600471752,6794
plastic-waste-landfill,SlopeChart,,,78127756feefefaeebf83dc63215fdb1,plastic-waste-landfill_v12_850x600.svg,1,17,422452736,6855
plastic-waste-mismanaged,WorldMap,,,fe110217fa25e0b6e0fd1b441437fffc,plastic-waste-mismanaged_v18_850x600.svg,2,14,667043760,5098
plastic-waste-per-capita,WorldMap,,,a592305b788bfe26e870e6dafabb4b5c,plastic-waste-per-capita_v5_850x600.svg,1,10,607804896,5551
plastic-waste-per-capita-imports-vs-exports,ScatterPlot,,,f3eb5c03498bbd932223fd5b38834f4e,plastic-waste-per-capita-imports-vs-exports_v13_850x600.svg,6,40,604918632,329862
plastic-waste-polymer,DiscreteBar,,,04092924f8fe191cde23c299f769fccc,plastic-waste-polymer_v18_850x600.svg,2,11,430182520,590
plastic-waste-region-and-polymer,StackedDiscreteBar,,,a3fb1830301d8329f653f5b44c531d51,plastic-waste-region-and-polymer_v13_850x600.svg,1,18,356311520,5412
plastic-waste-vs-pollution,ScatterPlot,,,46650ab0604201e004743d635ad47407,plastic-waste-vs-pollution_v10_850x600.svg,1,24,620394856,28656
plastics-great-pacific-garbage-patch,DiscreteBar,,,f822a62b05d70a67b5a35fa413e059c5,plastics-great-pacific-garbage-patch_v3_850x600.svg,2,15,440814680,676
plastics-top-rivers,DiscreteBar,,,aca865eb3f992c4e0a0643aed1b7680f,plastics-top-rivers_v5_850x600.svg,1,8,362240864,1930
plastics-waste-in-2019-by-region-and-application,StackedDiscreteBar,,,fae86e8def01d18f6275474b6c68bd3b,plastics-waste-in-2019-by-region-and-application_v16_850x600.svg,1,16,373768304,4470
pm-exposure-1990-2017,ScatterPlot,,,08a11c14ab4601196ed47e7682aee78f,pm-exposure-1990-2017_v18_850x600.svg,16,50,617866216,492642
pm25-exposure-gdp,ScatterPlot,,,f1c4392b53c6b7099f25eae1b1fbea96,pm25-exposure-gdp_v17_850x600.svg,8,52,456022784,499143
pneumococcal-conjugate-vaccine-immunization-schedule,WorldMap,,,33dd250eb415b53779fecb3d4ae74a23,pneumococcal-conjugate-vaccine-immunization-schedule_v14_850x600.svg,2,14,616912776,228697
pneumococcal-vaccination-averted-deaths,DiscreteBar,,,0928f73c8190f50e8e475fe6ccc84541,pneumococcal-vaccination-averted-deaths_v6_850x600.svg,1,15,828960288,265
pneumonia-and-lower-respiratory-diseases-deaths,StackedArea,,,f218eebb1fc82e7c84faed0c32d83fd2,pneumonia-and-lower-respiratory-diseases-deaths_v38_850x600.svg,20,31,368057752,1678812
pneumonia-careseeking,WorldMap,,,f85acfda5152d4a006f18077595949a7,pneumonia-careseeking_v13_850x600.svg,2,12,626305848,9009
pneumonia-death-rates-age-standardized,WorldMap,,,0c0a29540872c77fe4979d62433649c7,pneumonia-death-rates-age-standardized_v33_850x600.svg,3,24,294457472,326447
pneumonia-death-rates-in-children-under-5,WorldMap,,,40c4ac566056f52b953c848bc57fffb1,pneumonia-death-rates-in-children-under-5_v36_850x600.svg,4,31,846796088,335183
pneumonia-mortality-by-age,LineChart,,,bfad15e168d0d4cdf1197f488025e093,pneumonia-mortality-by-age_v36_850x600.svg,22,40,619286560,1678506
pneumonia-risk-factors,DiscreteBar,,,f93b03af6a84e7c397cdd2347817dfd1,pneumonia-risk-factors_v23_850x600.svg,33,46,670973688,2615838
police-officers-per-1000-people,WorldMap,,,9b5df2bf74dbcb1aa294bec3eb23d928,police-officers-per-1000-people_v25_850x600.svg,3,23,314895008,65281
policy-choices-during-the-end-of-the-golden-age-the-us,LineChart,,,92f48bac0e0e9151d7fb8373a8b5e783,policy-choices-during-the-end-of-the-golden-age-the-us_v9_850x600.svg,2,16,428555888,3834
policy-choices-in-the-great-depression-the-us,LineChart,,,7bbd2bfd74eb21490142ab31e4b72aa2,policy-choices-in-the-great-depression-the-us_v8_850x600.svg,1,13,377580496,3458
polio-number-unvaccinated,WorldMap,,,61124c65ebb2247962232fa401b430d8,polio-number-unvaccinated_v12_850x600.svg,2,22,393135760,266346
polio-screening-and-testing,WorldMap,,,b1907fb769662772d4b1bd4cedcd1805,polio-screening-and-testing_v55_850x600.svg,2,15,436603136,9223
polio-vaccine-coverage-of-one-year-olds,WorldMap,,,cce5a6f5fab8c5c20d984658555c577b,polio-vaccine-coverage-of-one-year-olds_v20_850x600.svg,2,25,333787072,247146
polio-vaccine-schedule,WorldMap,,,1a47d31fd01e27b8548fa2b894759121,polio-vaccine-schedule_v13_850x600.svg,1,12,177153280,8135
political-centralization-index,WorldMap,,,94179dda594c1a8871742825eab638f0,political-centralization-index_v40_850x600.svg,21,96,642821208,1035592
political-civil-liberties-index,WorldMap,,,2e3544d3b3f0024306b20a83dd41d2ad,political-civil-liberties-index_v62_850x600.svg,21,93,470148360,1058391
political-corruption-index,WorldMap,,,c70fd18cab3539566496dbf6b92755b5,political-corruption-index_v55_850x600.svg,26,93,278730568,864473
political-corruption-index-vs-electoral-democracy-index,ScatterPlot,,,e3c66555a3ceb6012f621c6360200cec,political-corruption-index-vs-electoral-democracy-index_v57_850x600.svg,34,137,407118096,1889540
political-liberties-lexical,WorldMap,,,44830c87261a7b7865d395febd597d79,political-liberties-lexical_v67_850x600.svg,6,39,649477200,1828824
political-opposition-lexical,WorldMap,,,9dfa4cc4bfbe6eef7542941dd52cbd14,political-opposition-lexical_v63_850x600.svg,6,42,323720976,1828824
political-participation-index-bti,WorldMap,,,aec3a1cc148430b8ebabb6db2903a4be,political-participation-index-bti_v100_850x600.svg,2,13,662954504,48828
political-polarization-score,WorldMap,,,08022463d8061033e64a548090a82ec9,political-polarization-score_v20_850x600.svg,5,36,349159096,695208
political-regime,WorldMap,,,fae2f91f47a6f47588d098cf19bcb9c5,political-regime_v50_850x600.svg,5,29,688746008,1608262
political-regime-amb-row,WorldMap,,,f90ac35dbf980fc95fd7c18596ff3c07,political-regime-amb-row_v66_850x600.svg,5,37,500964776,1608262
political-regime-bti,WorldMap,,,3ea36853b776b0f53085f8ced2c15f88,political-regime-bti_v75_850x600.svg,1,14,358320920,73436
political-regime-classification-by-source,LineChart,,,33f31dc5ac486c8c8ecf13c5bde5862b,political-regime-classification-by-source_v98_850x600.svg,76,114,220146424,2606310
political-regime-dem-fh,WorldMap,,,b66e0be03a3428b994d855a9d2575877,political-regime-dem-fh_v57_850x600.svg,2,15,700066440,224930
political-regime-eiu,WorldMap,,,3f82e9b3eac53be41faa8e0e1991a12c,political-regime-eiu_v105_850x600.svg,3,35,164216384,144818
political-regime-ert,WorldMap,,,7eb7cd54d308991810ffe5edb47f201f,political-regime-ert_v38_850x600.svg,4,29,377977096,1010412
political-regime-ert-within-regimes,WorldMap,,,0529b6638a16e0d045f7d241cc9ec1e0,political-regime-ert-within-regimes_v44_850x600.svg,4,24,719401824,1010412
political-regime-fh,WorldMap,,,3dbaf283bea860baecabd6b0b2676e29,political-regime-fh_v56_850x600.svg,3,22,518155672,544824
political-regime-lexical,WorldMap,,,46541834526819c79edec9de284129fb,political-regime-lexical_v74_850x600.svg,7,44,192806848,1828824
political-regime-polity,WorldMap,,,aec0f691daae0a742045f3b4bf149782,political-regime-polity_v68_850x600.svg,4,40,446703432,1012456
political-rights-rating-fh,WorldMap,,,bbca0d43651c463b4a5a7f657a84e45c,political-rights-rating-fh_v30_850x600.svg,2,22,339410576,272412
political-rights-score-fh,WorldMap,,,3f941333eaa17b5d9f67e52e799243ef,political-rights-score-fh_v32_850x600.svg,7,28,678641920,141718
political-social-integration-index-bti,WorldMap,,,27ad258906150d3fa778194ca2402b08,political-social-integration-index-bti_v107_850x600.svg,2,19,532651952,50896
pollution-deaths-from-fossil-fuels,WorldMap,,,31d9540eb71a6b7958bbecec348ff2f6,pollution-deaths-from-fossil-fuels_v5_850x600.svg,1,15,347316192,5400
population,LineChart,,,07f5ee223977ce0059b269450d930c93,population_v55_850x600.svg,11,45,474318568,1832378
population-at-risk-of-trachoma-vs-receiving-treatment,LineChart,,,3af3377fce6ec3be7fc504f871f7b10a,population-at-risk-of-trachoma-vs-receiving-treatment_v18_850x600.svg,2,14,356535392,65891
population-by-age-group,StackedArea,,,a217634e87e9c8f37251a7504108565d,population-by-age-group_v29_850x600.svg,54,67,541151896,2994519
population-by-age-group-with-projections,LineChart,,,80e2f606f3979123c8c15abdcbee1ba0,population-by-age-group-with-projections_v30_850x600.svg,189,227,267262928,7424543
population-by-five-year-age-group,DiscreteBar,,,1ca117a3a3d51a50b5155912fe6f6a35,population-by-five-year-age-group_v11_850x600.svg,259,276,309560536,12164465
population-by-income-classification,StackedArea,,,97ec1ffd5ae7ca9fb471b2c48c78d301,population-by-income-classification_v18_850x600.svg,1,12,365734184,44423
population-by-income-level,StackedArea,,,e33a7fe4bea7b83de10439c9dbdd32bb,population-by-income-level_v21_850x600.svg,3,15,231705064,481146
population-by-labor-force-status-bars,StackedDiscreteBar,,,10e10e2bab0b18f43e2fc9e137e353e2,population-by-labor-force-status-bars_v26_850x600.svg,11,31,344063088,830913
population-by-legal-status-of-same-sex-marriage,StackedArea,,,7c1cd200bf4bd7f41ffd53e7f111513a,population-by-legal-status-of-same-sex-marriage_v27_850x600.svg,1,9,481890368,60044
population-by-settlement-size,StackedBar,,,28e053ed3a24ee967dfad82098e706a6,population-by-settlement-size_v33_850x600.svg,2,12,240179640,21451
population-census-brambor,WorldMap,,,55927930571df8151f3c5da5fa7f0134,population-census-brambor_v14_850x600.svg,3,21,254589000,451991
population-census-world-bank,WorldMap,,,04a39d3cc699f84fd8851c0e927e9919,population-census-world-bank_v13_850x600.svg,2,16,424587224,198281
population-covered-by-mobile-network-by-network-capability,LineChart,,,fa9d898d315893f4c1db57cfe2d9fe43,population-covered-by-mobile-network-by-network-capability_v15_850x600.svg,5,28,372559296,288393
population-density,WorldMap,,,c2cac60c6394c93bdc5d8544ef363cab,population-density_v51_850x600.svg,10,106,554190176,2546423
population-density-by-city,LineChart,,,f145909f771b7db688e73be5c22127e1,population-density-by-city_v14_850x600.svg,2,15,436852528,95784
population-density-of-the-capital-city,LineChart,,,785e03346a9c6a2d204d064fcdca48ef,population-density-of-the-capital-city_v17_850x600.svg,4,20,272268728,162420
population-growth-rate,LineChart,,,fef1b616887211645b80be8e4531cf48,population-growth-rate_v22_850x600.svg,7,34,395298040,1268084
population-growth-rate-by-level-of-development,LineChart,,,3112eaf3098053bfd628b22ae765585b,population-growth-rate-by-level-of-development_v31_850x600.svg,23,55,488429928,1141368
population-growth-rate-vs-median-age,ScatterPlot,,,4deeaf0db392583237c0b2f9af026a0d,population-growth-rate-vs-median-age_v24_850x600.svg,65,185,352867200,2988138
population-growth-rate-with-and-without-migration,LineChart,,,e03ab297b35a80126291394c8facdbd1,population-growth-rate-with-and-without-migration_v20_850x600.svg,20,36,395319880,1129603
population-growth-rates,LineChart,,,40bc0aaf6d179b395770e8d5d45fecc1,population-growth-rates_v43_850x600.svg,23,45,473653440,1141368
population-having-attained-at-least-basic-education,WorldMap,,,4048897df8c94b2f4244d9bb4263994d,population-having-attained-at-least-basic-education_v24_850x600.svg,2,18,407835528,127948
population-in-the-largest-city,WorldMap,,,82b09ced09c06b4df5c1a37d2d9cdd90,population-in-the-largest-city_v23_850x600.svg,3,34,585551344,189564
population-living-in-european-colonies-and-colonizers,StackedArea,,,4da18e6a64edc9e995e6125d8b8e2ddc,population-living-in-european-colonies-and-colonizers_v23_850x600.svg,5,17,421856856,261075
population-long-run-with-projections,LineChart,,,273be843e33ebace2616e8ac04ce3ec7,population-long-run-with-projections_v56_850x600.svg,53,98,470464488,2461145
population-marimekko,Marimekko,,,8d59d4faef5845631fa79bc3b4a6c334,population-marimekko_v56_850x600.svg,35,120,411677928,1841676
population-of-cities-towns-and-villages,StackedArea,,,abab7f85c3111e2f047ca48c27e4608a,population-of-cities-towns-and-villages_v27_850x600.svg,4,28,544703864,357469
population-of-england-millennium,LineChart,,,f94bfa915b614385bc4bb83b1e98b696,population-of-england-millennium_v22_850x600.svg,1,13,275381560,28191
population-of-the-worlds-largest-cities,LineChart,,,c5896893ddfca52bcb107b925668fda5,population-of-the-worlds-largest-cities_v23_850x600.svg,3,20,561440704,110906
population-peak-status,WorldMap,,,7736c950acf1258f374142256df9a136,population-peak-status_v16_850x600.svg,59,90,318582440,3788545
population-regions-with-projections,StackedArea,,,852ed5de384b6e20e27e6385a83a45d8,population-regions-with-projections_v57_850x600.svg,12,52,601974728,2461088
population-register-implemented,WorldMap,,,c4e0f411eb8caf8ef5bd4adf7b1b0aa5,population-register-implemented_v14_850x600.svg,3,35,291554504,406079
population-requiring-preventive-chemotherapy-for-schistosomiasis,WorldMap,,,0beb726a27b9f8984d0dc96fbfa44b76,population-requiring-preventive-chemotherapy-for-schistosomiasis_v10_850x600.svg,1,15,271578440,26421
population-requiring-preventive-treatment-for-lymphatic-filariasis,WorldMap,,,fb94782a3f5ed3e4cb1996dcf12e7b1d,population-requiring-preventive-treatment-for-lymphatic-filariasis_v9_850x600.svg,1,11,480387992,35640
population-requiring-preventive-treatment-for-river-blindness,WorldMap,,,3148bc0ea2e1f53be4f4115a7b18886f,population-requiring-preventive-treatment-for-river-blindness_v13_850x600.svg,1,13,279577480,12826
population-subjected-to-physical-violence,ScatterPlot,,,ea3455428012ff4be7bd179825504c3b,population-subjected-to-physical-violence_v33_850x600.svg,43,127,515148648,1849586
population-subjected-to-sexual-violence-male-vs-female,ScatterPlot,,,ceb5902a26fd593138882e586e8772dd,population-subjected-to-sexual-violence-male-vs-female_v37_850x600.svg,52,158,386953640,1850318
population-unwpp,LineChart,,,91a8de64415674fd385b0eaf32b52e8c,population-unwpp_v17_850x600.svg,3,21,308100160,614328
population-using-at-least-basic-drinking-water,WorldMap,,,b8c23a4331ed1910769776847f920ebd,population-using-at-least-basic-drinking-water_v11_850x600.svg,2,21,561597104,195980
population-using-improved-sanitation-facilities,StackedArea,,,fd9b1e4c896f744c304a595323281cf7,population-using-improved-sanitation-facilities_v3_850x600.svg,6,16,426693920,397468
population-using-solid-fuels-for-cooking,SlopeChart,,,07772d0f86593aeb0941aa6874884006,population-using-solid-fuels-for-cooking_v6_850x600.svg,1,14,327380552,916
population-with-alcohol-use-disorders,WorldMap,,,c88624f5cd29307b50edb7bdae9d6667,population-with-alcohol-use-disorders_v17_850x600.svg,1,13,315914344,5242
population-with-un-projections,LineChart,,,841d57f1f9c2d2e19c546a4bf5908941,population-with-un-projections_v59_850x600.svg,27,49,480774408,1259390
population-young-working-elderly,StackedArea,,,09731eed1b09974a10705a1288c6aa37,population-young-working-elderly_v33_850x600.svg,30,42,608526672,1805359
population-young-working-elderly-with-projections,LineChart,,,b13ea41b0f3fc06a6cbf80f3ba08b237,population-young-working-elderly-with-projections_v36_850x600.svg,80,106,364437032,3707495
population-young-working-old,StackedDiscreteBar,,,848ea5c70b0074b09a418add3b01a280,population-young-working-old_v18_850x600.svg,23,40,366174840,1805359
population-younger-than-15-with-projections,LineChart,,,7cf0f06682b13a9e03181d90f7543263,population-younger-than-15-with-projections_v31_850x600.svg,30,56,612120232,1235542
positive-rate-daily-smoothed,WorldMap,,,cc02a6cdca899cc5bf2aac29124d7fd3,positive-rate-daily-smoothed_v454_850x600.svg,12,160,515099048,3265814
postnatal-care,WorldMap,,,9b12311d911400886a2b8a489772d55a,postnatal-care_v10_850x600.svg,1,13,270270472,2490
potash-fertilizer-application-per-hectare-of-cropland,WorldMap,,,501407f3119250b30ebb9ed5459b6bf2,potash-fertilizer-application-per-hectare-of-cropland_v12_850x600.svg,2,21,286602256,352966
potato-production,WorldMap,,,e2b912e25a35aef7078c17ac5e735b58,potato-production_v11_850x600.svg,2,16,529300208,373596
potato-yields,WorldMap,,,58ad9542017933e7c234e5d800a930d3,potato-yields_v14_850x600.svg,2,27,310208960,386014
poultry-livestock-count,WorldMap,,,61dec37ecfed586624f55dec094f7d89,poultry-livestock-count_v16_850x600.svg,4,24,552971912,478198
poultry-production-tonnes,WorldMap,,,ed32d3c3eb2de4f9844ad15949e167e8,poultry-production-tonnes_v15_850x600.svg,2,29,640181944,453230
poultry-yields-meat-per-animal,WorldMap,,,4b9b7644aa550e9d53804ef8eae6a817,poultry-yields-meat-per-animal_v14_850x600.svg,4,36,340948816,440395
poverty-gap-index-extreme-poverty,WorldMap,,,7dca265ce7175de568014bc4eed36648,poverty-gap-index-extreme-poverty_v57_850x600.svg,1,26,284544328,117041
poverty-headcount-rate-vs-poverty-gap,ScatterPlot,,,efd04c61fe66b8a0d4deead4f17efca3,poverty-headcount-rate-vs-poverty-gap_v65_850x600.svg,52,194,437388480,2078313
poverty-share-of-population-living-on-less-than-40-a-day,WorldMap,,,3a0669d036fa001ee077d2bd086f476c,poverty-share-of-population-living-on-less-than-40-a-day_v59_850x600.svg,1,15,525613136,118227
poverty-share-on-less-than-30-per-day,WorldMap,,,d7ed5ffbca45d1492046341e39b9eb06,poverty-share-on-less-than-30-per-day_v59_850x600.svg,1,20,589279816,118581
poverty-share-on-less-than-30-per-day-2011-ppp,WorldMap,,,e555e4507c21d913a4124c383b9a24cf,poverty-share-on-less-than-30-per-day-2011-ppp_v55_850x600.svg,2,20,542931616,89749
poverty-vs-life-expectancy,ScatterPlot,,,512f80f4f1a260f729b4a8ae2254c0a7,poverty-vs-life-expectancy_v63_850x600.svg,60,206,362910800,2534524
poverty-vs-mean-schooling,ScatterPlot,,,479cd9b531ef52c13bcc63f0bc9e1f31,poverty-vs-mean-schooling_v51_850x600.svg,52,141,436317544,2085858
power-outages-in-firms-per-month,WorldMap,,,c2aa130e76920575927b2a5fd69cd79e,power-outages-in-firms-per-month_v14_850x600.svg,1,15,599217184,8969
ppp-conversion-factor-for-private-consumption,WorldMap,,,4f82e3dbc46449d9496cddcb5410a9b3,ppp-conversion-factor-for-private-consumption_v14_850x600.svg,2,17,554892256,211105
precentage-enrolled-in-private-institutions-at-the-primary-education-level,WorldMap,,,e7f3ccb9dc8de4cf625c094f42d19392,precentage-enrolled-in-private-institutions-at-the-primary-education-level_v15_850x600.svg,1,22,620674304,198885
press-freedom-fh,WorldMap,,,e2071814b83b2f8944bf477dd0522ef7,press-freedom-fh_v25_850x600.svg,1,18,532297416,333418
press-freedom-index-rsf,WorldMap,,,5553f9cc4562fd3c317523a39c7da2fe,press-freedom-index-rsf_v33_850x600.svg,2,16,592187272,47622
prevalence-by-mental-and-substance-use-disorder,DiscreteBar,,,500f20219035a203a5d2a71030653e2f,prevalence-by-mental-and-substance-use-disorder_v26_850x600.svg,19,30,563525248,1796828
prevalence-cysticercosis,WorldMap,,,132b2840433edb8707e5da6571987019,prevalence-cysticercosis_v26_850x600.svg,1,16,528182648,240776
prevalence-intellectual-disability-males-vs-females,ScatterPlot,,,ffa96807ecc3cdf2743bae2617ef014b,prevalence-intellectual-disability-males-vs-females_v33_850x600.svg,9,42,633382640,539378
prevalence-of-alcohol-disorders-males-vs-females,ScatterPlot,,,da1568282e885df1a8d9f281a0575743,prevalence-of-alcohol-disorders-males-vs-females_v26_850x600.svg,64,184,553296656,2353243
prevalence-of-alcohol-use-disorders-by-age,LineChart,,,aaf7495d35a133925a80fdd8a2ea34cc,prevalence-of-alcohol-use-disorders-by-age_v17_850x600.svg,25,44,553263768,1851389
prevalence-of-anemia-in-children,LineChart,,,2f45db91bf79e8f913d374af678cd0c1,prevalence-of-anemia-in-children_v22_850x600.svg,2,17,607471496,116859
prevalence-of-anemia-in-pregnant-women,LineChart,,,65066ff5026257cb8d067f80694ad880,prevalence-of-anemia-in-pregnant-women_v25_850x600.svg,2,17,621440016,141706
prevalence-of-anemia-in-women-of-reproductive-age-aged-15-29,LineChart,,,27d8e1c649600fd4ed090c1f90f2e49d,prevalence-of-anemia-in-women-of-reproductive-age-aged-15-29_v20_850x600.svg,1,19,567694096,141470
prevalence-of-anemia-in-women-of-reproductive-age-vs-gdp-per-capita,ScatterPlot,,,d259779ca4735064ca17fbf3a34522aa,prevalence-of-anemia-in-women-of-reproductive-age-vs-gdp-per-capita_v41_850x600.svg,9,58,399886592,415833
prevalence-of-dementias,LineChart,,,b6bb39d9766c7bac1f32c4969c279a0e,prevalence-of-dementias_v21_850x600.svg,9,20,641788704,509669
prevalence-of-drug-use-disorders-by-age,DiscreteBar,,,116212e218dea96729a3f2ee3835de57,prevalence-of-drug-use-disorders-by-age_v19_850x600.svg,45,61,583031584,3448660
prevalence-of-drug-use-disorders-males-vs-females,ScatterPlot,,,0d81e1fcbbcd4c7bd4cb700c98ce1c86,prevalence-of-drug-use-disorders-males-vs-females_v33_850x600.svg,66,215,449442712,2357732
prevalence-of-hepatitis-b-surface-antigen,WorldMap,,,dae9155c862b70f512d552831a3d63a3,prevalence-of-hepatitis-b-surface-antigen_v18_850x600.svg,1,12,611043616,9301
prevalence-of-hiv-percentage-of-males-and-females-ages-15-24-infected-with-hiv,ScatterPlot,,,6b2aa6058c756a2db00c870c9b08e51f,prevalence-of-hiv-percentage-of-males-and-females-ages-15-24-infected-with-hiv_v30_850x600.svg,61,180,675556392,2132360
prevalence-of-hiv-unaids-vs-ihme-estimates,ScatterPlot,,,027106b6102f7389307865a26e600e07,prevalence-of-hiv-unaids-vs-ihme-estimates_v39_850x600.svg,80,213,442000552,2286320
prevalence-of-lymphatic-filariasis,WorldMap,,,45053260ca71acdbdd6f9c10bd384316,prevalence-of-lymphatic-filariasis_v30_850x600.svg,2,23,375585088,220843
prevalence-of-mental-and-substance-disorders-by-age,DiscreteBar,,,af25b3645e8f28102b58c1fa976b3437,prevalence-of-mental-and-substance-disorders-by-age_v23_850x600.svg,20,36,563302248,1844353
prevalence-of-modern-contraception-methods-vs-womens-mean-years-of-schooling,ScatterPlot,,,0448de1b721b3cc75a68982d34b6c06e,prevalence-of-modern-contraception-methods-vs-womens-mean-years-of-schooling_v23_850x600.svg,63,197,453787344,2001937
prevalence-of-night-blindness-in-pre-school-children,WorldMap,,,6b9686d84fa83740a02a15d0fcf462aa,prevalence-of-night-blindness-in-pre-school-children_v8_850x600.svg,1,16,561123944,4546
prevalence-of-night-blindness-in-pregnant-women,WorldMap,,,6d71c6b842caa2dd638d80708a86fe3a,prevalence-of-night-blindness-in-pregnant-women_v11_850x600.svg,1,15,571623328,4551
prevalence-of-onchocerciasis,WorldMap,,,4fb729fba94283bd83573ba9a013cd89,prevalence-of-onchocerciasis_v31_850x600.svg,2,21,584321592,212120
prevalence-of-polio-rates-in-the-united-states,LineChart,,,fc6a0fbd0ba9a58c0320f3fd8d76c7ec,prevalence-of-polio-rates-in-the-united-states_v13_850x600.svg,1,19,572579656,7184
prevalence-of-stunting-male-vs-female,ScatterPlot,,,bd504b061a90c5169db8a57c767dc49a,prevalence-of-stunting-male-vs-female_v25_850x600.svg,62,173,599389208,1893522
prevalence-of-stunting-vs-improved-sanitation-facilities,ScatterPlot,,,97f951d92360d6e369bb545cca4b1661,prevalence-of-stunting-vs-improved-sanitation-facilities_v33_850x600.svg,6,34,611955464,238439
prevalence-of-tobacco-use-sdgs,WorldMap,,,8e6fe304c7c6f8fcfb3e6ded7f352f44,prevalence-of-tobacco-use-sdgs_v43_850x600.svg,1,17,582949432,30972
prevalence-of-tuberculosis-by-drug-susceptibility,LineChart,,,73fe2ad56f7f5321a47d8c4deb879b76,prevalence-of-tuberculosis-by-drug-susceptibility_v26_850x600.svg,13,35,605135808,780885
prevalence-of-undernourishment,LineChart,,,badce614a9b389140a81d2ed1d2b7aa0,prevalence-of-undernourishment_v48_850x600.svg,2,19,688869056,139774
prevalence-of-undernourishment-in-developing-countries-since-1970,LineChart,,,92d28aa43d4db607f271cc79f3897ae0,prevalence-of-undernourishment-in-developing-countries-since-1970_v9_850x600.svg,2,15,457150976,866
prevalence-of-undernourishment-vs-daily-supply-of-calories,ScatterPlot,,,61a44e320373a97d9d9868f7102ee4dd,prevalence-of-undernourishment-vs-daily-supply-of-calories_v21_850x600.svg,12,64,452813640,587774
prevalence-of-undernourishment-vs-share-of-children-who-are-stunted,ScatterPlot,,,19b36ca06acec5b23e536393cb379cad,prevalence-of-undernourishment-vs-share-of-children-who-are-stunted_v27_850x600.svg,5,36,587735264,293403
prevalence-of-vitamin-a-deficiency-in-children,WorldMap,,,8e2256ffae60668888f8c47f9a83000a,prevalence-of-vitamin-a-deficiency-in-children_v6_850x600.svg,2,22,170955920,4646
prevalence-of-vitamin-a-deficiency-in-pregnant-women,WorldMap,,,853d13b978048c1f3bc1b66fc73e33ae,prevalence-of-vitamin-a-deficiency-in-pregnant-women_v12_850x600.svg,1,20,450910984,4571
prevalence-rate-of-cardiovascular-disease,WorldMap,,,c3b33bacedafd6cf9fa134feec87a91b,prevalence-rate-of-cardiovascular-disease_v24_850x600.svg,2,23,467358864,258231
price-changes-consumer-goods-services-united-states,LineChart,,,92e89c5a86ceb2e8167dced6003dea5a,price-changes-consumer-goods-services-united-states_v20_850x600.svg,2,27,190095736,22689
price-five-simon-ehrlich-materials,LineChart,,,cd64f60fb30a975ba4e3c9cb7d76866a,price-five-simon-ehrlich-materials_v13_850x600.svg,2,23,467479776,18064
price-of-lithium-ion-battery-cells,LineChart,,,5c10067bbc2a62b17851d6a7b802b8bd,price-of-lithium-ion-battery-cells_v14_850x600.svg,1,13,595716800,1147
primary-completion-rate-adjusted-gender-parity-index,WorldMap,,,a8e4ce7d6bb1aa1835e21e68397a5818,primary-completion-rate-adjusted-gender-parity-index_v27_850x600.svg,1,22,612550728,246220
primary-edu-spending-vs-overall-edu-spending,ScatterPlot,,,fde1f7ba7055c6e8020108b2f44f4e9a,primary-edu-spending-vs-overall-edu-spending_v20_850x600.svg,5,54,444285304,289218
primary-energy-by-source,LineChart,,,6e02cb12cc6c74b77b3de331c21e09bc,primary-energy-by-source_v26_850x600.svg,30,47,456201368,1648901
primary-energy-from-fossil-nuclear-renewables,StackedArea,,,84778aa91c399496414849516abfd450,primary-energy-from-fossil-nuclear-renewables_v26_850x600.svg,12,24,494040200,665256
primary-energy-share-nuclear-renewables,LineChart,,,4b425b2f36ca86ce2c194bf5de219206,primary-energy-share-nuclear-renewables_v17_850x600.svg,17,33,219217336,503823
primary-energy-source-bar,StackedDiscreteBar,,,d43f81e40608e2044d49ad809661f99a,primary-energy-source-bar_v26_850x600.svg,23,44,600219008,1551125
primary-enrollment-selected-countries,LineChart,,,e7afd4ec441facee9798ba86a8fdf2b8,primary-enrollment-selected-countries_v28_850x600.svg,3,33,625803840,277516
primary-school-attendance-selected-countries,WorldMap,,,3631dd140d68f9567e4bde00de048a5b,primary-school-attendance-selected-countries_v18_850x600.svg,1,16,462969504,20097
primary-schools-with-access-to-internet,WorldMap,,,dd9f048895222fd48c8a86adc835de3d,primary-schools-with-access-to-internet_v24_850x600.svg,2,18,230549464,38308
primary-secondary-enrollment-completion-rates,LineChart,,,e28d55398a6b6126608259a572d0cb3f,primary-secondary-enrollment-completion-rates_v23_850x600.svg,15,36,502954152,939798
prison-capacity,WorldMap,,,580f190b18b72873339517d3329f32a0,prison-capacity_v10_850x600.svg,1,16,454182320,6090
prison-population-rate,WorldMap,,,0e4cfd3ac6867d9b33574a4418403f0b,prison-population-rate_v8_850x600.svg,2,21,638485208,62087
private-civil-liberties-index,WorldMap,,,69d82941a50041cab407c3eeb1bca620,private-civil-liberties-index_v58_850x600.svg,23,92,565903944,1065279
private-health-expenditure-per-person,WorldMap,,,1b6bb9b7a07303ce75eb17e07758a299,private-health-expenditure-per-person_v28_850x600.svg,1,23,190737056,161791
private-investment-in-artificial-intelligence,LineChart,,,917d112cd403488cd27287e95d0c22be,private-investment-in-artificial-intelligence_v57_850x600.svg,1,13,608856880,1899
private-investment-in-artificial-intelligence-cset,LineChart,,,ce1bda5ecaad965501450d75f875afdf,private-investment-in-artificial-intelligence-cset_v29_850x600.svg,1,13,425814056,28599
probability-mismanaged-plastic-ocean,WorldMap,,,1d0f0679f13d79336a08708dfe67b447,probability-mismanaged-plastic-ocean_v24_850x600.svg,1,15,646904200,4630
probability-of-dying-by-age,DiscreteBar,,,fe9f13eb0b298138b62ed635e629b461,probability-of-dying-by-age_v18_850x600.svg,28,38,653887496,2672906
probability-of-dying-that-year-among-females-of-a-given-age,LineChart,,,c70f43935d8eaea0750c263ec3446f39,probability-of-dying-that-year-among-females-of-a-given-age_v17_850x600.svg,65,87,503588184,4808391
probability-of-dying-that-year-among-males-of-a-given-age,LineChart,,,1cdad74354b34f0e6080180a1ae6ded6,probability-of-dying-that-year-among-males-of-a-given-age_v19_850x600.svg,94,116,239533288,4810782
probability-that-a-male-will-outlive-a-female,WorldMap,,,568ddc31a27654400733a5482119e221,probability-that-a-male-will-outlive-a-female_v15_850x600.svg,4,31,481867392,615795
probability-that-a-newborn-will-die-in-the-first-year-of-life-by-sex,LineChart,,,244fa8d89f6009005c9d2288124092bb,probability-that-a-newborn-will-die-in-the-first-year-of-life-by-sex_v22_850x600.svg,19,37,651227632,1370632
prod-cons-co2-per-capita,LineChart,,,bd2835e78063a04039a6211b118c1443,prod-cons-co2-per-capita_v40_850x600.svg,17,43,643075104,1054706
production-consumption-carbon-intensity-energy,LineChart,,,cf6056827bc1785dcae335b81f4e4784,production-consumption-carbon-intensity-energy_v6_850x600.svg,2,13,491291616,74189
production-consumption-energy-per-person,LineChart,,,f65c2cab61002177cf75a11f092151a5,production-consumption-energy-per-person_v6_850x600.svg,2,12,660128056,73977
production-printed-books-half-century,LineChart,,,c795a2e1dd2ebeb2ea52160151112843,production-printed-books-half-century_v9_850x600.svg,1,14,500948960,2819
production-vs-consumption-co2-emissions,LineChart,,,5c083e0494cbda4b916990a7d0972396,production-vs-consumption-co2-emissions_v52_850x600.svg,26,51,646678424,1109818
production-vs-consumption-energy,LineChart,,,92c76846e11a7852dbd1506c07eaaf8a,production-vs-consumption-energy_v6_850x600.svg,2,12,489923560,73304
productivity-of-small-scale-food-producers,WorldMap,,,8fa254c67a175aaa26a753e30f02d064,productivity-of-small-scale-food-producers_v12_850x600.svg,1,15,510353208,5674
productivity-vs-annual-hours-worked,ScatterPlot,,,cebf2db508b7d24194b401d5a9f5c30f,productivity-vs-annual-hours-worked_v48_850x600.svg,54,183,596347728,2160218
productivity-vs-educational-attainment,ScatterPlot,,,875d8a81203406a0d83d7c5c163b1fa7,productivity-vs-educational-attainment_v29_850x600.svg,50,166,711708152,2129497
progress-toward-productive-and-sustainable-agriculture,WorldMap,,,5da7cea1601e84a33927ced606a02601,progress-toward-productive-and-sustainable-agriculture_v20_850x600.svg,1,17,520443968,59977
progress-towards-guinea-worm-disease-eradication,WorldMap,,,7d3c33cffeca964873f639f55666f3a7,progress-towards-guinea-worm-disease-eradication_v29_850x600.svg,1,20,440991712,277687
progress-towards-polio-eradication,WorldMap,,,eb625f02e54c8c231a42c03b0545ecc0,progress-towards-polio-eradication_v17_850x600.svg,4,29,498262776,981254
prohibition-of-nuclear-weapons,WorldMap,,,d893e45118c14a101e16eea33825d058,prohibition-of-nuclear-weapons_v8_850x600.svg,1,16,656585800,62633
projected-change-dependency-ratios,LineChart,,,e8cae8e8a4c7d7d96b480c56736262da,projected-change-dependency-ratios_v9_850x600.svg,1,14,450133384,28399
projected-cropland-by-2050,DiscreteBar,,,d74d0b6a44f31e8b2a756f3082103c74,projected-cropland-by-2050_v4_850x600.svg,1,10,246581576,31600
projected-habitat-loss-extent-bau,DiscreteBar,,,f69ab68ecf69163b4c9a68e6051b7275,projected-habitat-loss-extent-bau_v3_850x600.svg,1,10,662599040,339
projected-population-under-age-5,StackedArea,,,7e9370443c5b2bdb135440e5cebca4e5,projected-population-under-age-5_v27_850x600.svg,8,27,262529160,620634
projections-extreme-poverty-wb,StackedArea,,,5cb89d187a2fce4070cc6c23620fd021,projections-extreme-poverty-wb_v39_850x600.svg,1,16,461821448,20210
projections-for-global-peak-agricultural-land,LineChart,,,12a57f8ad85f726f1d8d4a7bd53666cf,projections-for-global-peak-agricultural-land_v11_850x600.svg,15,35,546098216,531587
projections-of-the-number-of-children-per-woman-by-education-scenario,LineChart,,,353913deda86f49cb4bbc759d773dbf7,projections-of-the-number-of-children-per-woman-by-education-scenario_v21_850x600.svg,11,30,687484376,632325
projections-plastic-by-disposal-method,StackedArea,,,cdbec58daa6f099698450970df122b51,projections-plastic-by-disposal-method_v8_850x600.svg,2,13,470986520,55740
property-crime-rate-us,StackedArea,,,f73bccba4578ef1555426912f7e968e2,property-crime-rate-us_v8_850x600.svg,1,15,477787192,1561
property-crime-rates-type-us,StackedArea,,,02b2ef04a7b01b1d2addd14a94c9c1e1,property-crime-rates-type-us_v10_850x600.svg,2,28,239931888,6243
proportion-countries-migration-policies-criteria,DiscreteBar,,,b2824aeacf5f6544a757a61e25f60edc,proportion-countries-migration-policies-criteria_v9_850x600.svg,1,13,648151560,1158
proportion-of-animal-breeds-genetic-conservation,WorldMap,,,47f7d9da8f5898939d36a1ed6ddfc41f,proportion-of-animal-breeds-genetic-conservation_v26_850x600.svg,2,21,499087200,27991
proportion-of-children-developmentally-on-track,WorldMap,,,66916f9a0dfaa0a15a77253f06d2e898,proportion-of-children-developmentally-on-track_v17_850x600.svg,2,18,450117360,1764
proportion-of-forest-area-certified-under-an-independently-verified-certification-scheme,WorldMap,,,20dda36b9233102df8a1a106aec89c37,proportion-of-forest-area-certified-under-an-independently-verified-certification-scheme_v23_850x600.svg,3,18,657979080,102329
proportion-of-forest-area-with-long-term-management-plan,WorldMap,,,19e563a6034cb217200ee4e7c5439e8c,proportion-of-forest-area-with-long-term-management-plan_v24_850x600.svg,1,20,249056800,25626
proportion-of-forest-area-within-legally-established-protected-areas,WorldMap,,,6c5e60fa7f0a8e5335e2feb410067d3e,proportion-of-forest-area-within-legally-established-protected-areas_v26_850x600.svg,2,17,508047768,36835
proportion-of-important-sites-for-freshwater-biodiversity-covered-by-protected-areas,WorldMap,,,66fb573b3feff1fad936270ec4b8c2b3,proportion-of-important-sites-for-freshwater-biodiversity-covered-by-protected-areas_v21_850x600.svg,3,23,463050136,136551
proportion-of-labor-force-who-are-women,WorldMap,,,d342beb1ea606abd5cab23b3cdb201c7,proportion-of-labor-force-who-are-women_v25_850x600.svg,3,29,675540928,239130
proportion-of-local-breeds-at-risk-of-extinction,WorldMap,,,427ba07e203e21711a41042fa61ffc06,proportion-of-local-breeds-at-risk-of-extinction_v25_850x600.svg,2,18,259009344,78646
proportion-of-members-of-developing-countries-in-international-organizations,DiscreteBar,,,a8a9ba7ce94e73dd46ddc78d86dce9c4,proportion-of-members-of-developing-countries-in-international-organizations_v26_850x600.svg,12,25,529906432,486085
proportion-of-population-served-by-municipal-waste-collection,DiscreteBar,,,42b06ea3bf680bdc7b806d78a046b77a,proportion-of-population-served-by-municipal-waste-collection_v24_850x600.svg,2,17,471008648,5518
proportion-of-population-with-basic-handwashing-facilities-on-premises,WorldMap,,,6a0a8ca7cb8a4eaf08fe0279b2ad89e1,proportion-of-population-with-basic-handwashing-facilities-on-premises_v25_850x600.svg,2,23,271290904,64974
proportion-of-women-in-senior-and-middle-management-positions,WorldMap,,,db1d04093af8e92b749857ab04cf1344,proportion-of-women-in-senior-and-middle-management-positions_v34_850x600.svg,2,21,687817816,51291
proportion-of-women-subjected-to-physical-or-sexual-violence,WorldMap,,,197fa2480f2303e8d981e55d7dbc0ac2,proportion-of-women-subjected-to-physical-or-sexual-violence_v21_850x600.svg,2,10,719677128,5052
proportion-of-women-who-make-their-own-informed-health-care-decisions,WorldMap,,,fd2483794de5106eeb832c097d1fe973,proportion-of-women-who-make-their-own-informed-health-care-decisions_v13_850x600.svg,2,17,480620008,5188
proportion-tariff-lines-applied-to-imports-from-ldcs,WorldMap,,,5135f7fc5e12ab7a49e3972cfd39739a,proportion-tariff-lines-applied-to-imports-from-ldcs_v22_850x600.svg,2,21,541158336,86457
proportion-using-safely-managed-drinking-water,WorldMap,,,e0126dd2c81567a8ffa844bca72b7684,proportion-using-safely-managed-drinking-water_v13_850x600.svg,2,15,732760352,145216
proportion-with-basic-handwashing-facilities-urban-vs-rural,ScatterPlot,,,229c3e766d5f444c8f4acbdb902f90a0,proportion-with-basic-handwashing-facilities-urban-vs-rural_v31_850x600.svg,4,41,539247800,133420
proportion-with-ict-skills-by-sex,ScatterPlot,,,e75fca188a4e1348cfe6475e4a283977,proportion-with-ict-skills-by-sex_v29_850x600.svg,2,30,242692688,32549
proportion-with-ict-skills-in-presentations,WorldMap,,,91fc0bfe540714f56b50a7c517da6421,proportion-with-ict-skills-in-presentations_v17_850x600.svg,2,18,489903968,12029
prosperity-gap,WorldMap,,,f6aace06b867b7ef8507cf364f223ccd,prosperity-gap_v14_850x600.svg,2,23,669790072,117194
prostate-cancer-death-rate-in-men,WorldMap,,,d7751e5babe6c5a8d973c7c9fd9fb32a,prostate-cancer-death-rate-in-men_v15_850x600.svg,3,34,508958032,161939
protected-area-coverage-of-marine-key-biodiversity-areas,WorldMap,,,010299724c7049d5b6c61a21576e043b,protected-area-coverage-of-marine-key-biodiversity-areas_v7_850x600.svg,2,17,670387976,156153
protected-terrestrial-biodiversity-sites,WorldMap,,,7cf20378fce343aab88811fad97147be,protected-terrestrial-biodiversity-sites_v27_850x600.svg,3,26,466408184,194788
protection-of-the-rights-of-small-scale-fisheries,WorldMap,,,9bf14ccd42ebf36716fb15f2ff4253e8,protection-of-the-rights-of-small-scale-fisheries_v17_850x600.svg,2,18,250857696,15869
protein-efficiency-of-meat-and-dairy-production,DiscreteBar,,,2b1a040a6535e55114aa0465cb61511f,protein-efficiency-of-meat-and-dairy-production_v5_850x600.svg,2,11,675623272,236
protein-energy-malnutrition-mortality-rates-in-children,WorldMap,,,774f5ccce9ab9111d0f277eb0d08a383,protein-energy-malnutrition-mortality-rates-in-children_v18_850x600.svg,4,25,693274040,340385
psychiatrists-working-in-the-mental-health-sector,WorldMap,,,8da2c6b733ae1e50e3fa6a524cb29ff6,psychiatrists-working-in-the-mental-health-sector_v22_850x600.svg,2,21,548376760,3723
public-campaigns-covid,WorldMap,,,1227698b0bbc24250a37d6879a268705,public-campaigns-covid_v2820_850x600.svg,27,244,238030264,4967827
public-events-covid,WorldMap,,,94b2203c55ad93039eb66449649d4186,public-events-covid_v2823_850x600.svg,26,221,628376272,4967827
public-gathering-rules-covid,WorldMap,,,ba4e02a30401144bb86638835292d871,public-gathering-rules-covid_v2822_850x600.svg,26,232,357939144,4967827
public-health-expenditure-share-gdp,LineChart,,,72c8c14937e8e0ff556ba9b101ef11e1,public-health-expenditure-share-gdp_v26_850x600.svg,2,16,476019728,74634
public-health-insurance-coverage,LineChart,,,7260c1f2c28f6651d6a3f092adc4da72,public-health-insurance-coverage_v7_850x600.svg,1,10,554426184,770
public-healthcare-spending-share-gdp,WorldMap,,,9ead8631ccf8ef68165e156f40918174,public-healthcare-spending-share-gdp_v15_850x600.svg,1,17,708547792,162437
public-morality-laws-on-non-traditional-sexual-relations,WorldMap,,,442cdb1829f71c4abb85110e22423a8e,public-morality-laws-on-non-traditional-sexual-relations_v55_850x600.svg,1,18,487860216,290226
public-opinion-on-common-farming-practices-in-the-us,StackedDiscreteBar,,,ba3c38503103374268145b8d2fa51644,public-opinion-on-common-farming-practices-in-the-us_v14_850x600.svg,1,13,563958224,2489
public-opposition-to-nuclear-energy-production,DiscreteBar,,,ec1ee0338b073094c9e778d713a8f40b,public-opposition-to-nuclear-energy-production_v6_850x600.svg,1,9,679488784,708
public-sector-corruption-index,WorldMap,,,0a89b1dd75930c80590842c4978b9e50,public-sector-corruption-index_v18_850x600.svg,21,95,609078424,874483
public-sector-employment-as-a-share-of-total-employment,WorldMap,,,eb60d5b6245eba2ad3801349ba00976e,public-sector-employment-as-a-share-of-total-employment_v19_850x600.svg,2,24,504761976,47234
public-transport-covid,WorldMap,,,5384e5cb87a2769d92722d6534678bc0,public-transport-covid_v2824_850x600.svg,22,216,760205448,4967827
public-trust-in-government,LineChart,,,f77e6e5bd8b9572949487b9f2e584daf,public-trust-in-government_v17_850x600.svg,2,11,473773480,1524
pupil-teacher-ratio-for-primary-education-by-country,WorldMap,,,f3318cf36adafdab9957ef901053f055,pupil-teacher-ratio-for-primary-education-by-country_v17_850x600.svg,1,14,484409592,46147
q2-gdp-growth-vs-confirmed-cases-per-million-people,ScatterPlot,,,8f9426d3ed291797c5c477b7f781fc13,q2-gdp-growth-vs-confirmed-cases-per-million-people_v2900_850x600.svg,2203,2748,1045768712,19298828
q2-gdp-growth-vs-confirmed-deaths-due-to-covid-19-per-million-people,ScatterPlot,,,02d3708516981ba0c66bd89595013336,q2-gdp-growth-vs-confirmed-deaths-due-to-covid-19-per-million-people_v2913_850x600.svg,2263,2897,1041662456,19133419
quality-vs-quantity-of-schooling,ScatterPlot,,,673720d6120e0b30e05c31ae0b4344e8,quality-vs-quantity-of-schooling_v13_850x600.svg,83,218,727385392,2728591
quantity-oil-spills,StackedBar,,,d63a647fdbb307767fc2b4dc6adf4b53,quantity-oil-spills_v13_850x600.svg,1,13,367423528,1742
quantity-oil-spills-decadal-average,StackedBar,,,99c09a4a556f8efa1ba60239a1d15a97,quantity-oil-spills-decadal-average_v13_850x600.svg,1,8,245222952,239
railways-passengers-carried-passenger-km,WorldMap,,,b0c150128f2e7150355a4030893a335a,railways-passengers-carried-passenger-km_v20_850x600.svg,2,14,256237760,67918
rapeseed-production,WorldMap,,,a7a95080c90bbd53ea0902783a54d252,rapeseed-production_v10_850x600.svg,2,16,377982560,172485
rapeseed-yields,WorldMap,,,d94df9fbb53b2ad6fd344f07b3840c5f,rapeseed-yields_v12_850x600.svg,2,21,772695272,177057
rate-confirmed-cases-vs-rate-confirmed-deaths,ScatterPlot,,,9d48105a7280d13bf008a51d8ac6ad8c,rate-confirmed-cases-vs-rate-confirmed-deaths_v3112_850x600.svg,2502,3894,1064939272,38420173
rate-disease-burden-lead,WorldMap,,,f81ae03f36e9a55bbc6236167ab9919f,rate-disease-burden-lead_v15_850x600.svg,3,31,399567272,251668
rate-of-acute-flaccid-paralysis-from-non-polio-causes,LineChart,,,6e78518ad3c1be9b6b01202b7ee63645,rate-of-acute-flaccid-paralysis-from-non-polio-causes_v51_850x600.svg,3,24,412864408,104266
rate-of-armed-conflicts,StackedBar,,,def5dfefb0d5fbc5bc3b964d93ec90f7,rate-of-armed-conflicts_v46_850x600.svg,2,19,174713088,59610
rate-of-child-deaths-attributed-to-child-and-maternal-malnutrition,WorldMap,,,424581f4665cacec33c1b51992c501fc,rate-of-child-deaths-attributed-to-child-and-maternal-malnutrition_v7_850x600.svg,2,22,188429512,259071
rate-of-disease-burden-from-drug-use-disorders-who,WorldMap,,,a1d0df59eb58d4f4048ef8bd97af6363,rate-of-disease-burden-from-drug-use-disorders-who_v13_850x600.svg,3,20,350916200,132689
rate-of-interstate-conflicts,StackedBar,,,491b7a0880c923b6b81d1ef0a9b1ec18,rate-of-interstate-conflicts_v30_850x600.svg,3,76,182105816,131013
rate-of-new-cases-of-cancer-by-type,LineChart,,,8fd5cf04d42ea4238a6b8d28bc9875a0,rate-of-new-cases-of-cancer-by-type_v11_850x600.svg,34,58,357682408,2521103
rate-of-new-cervical-cancer-cases,LineChart,,,17277425dfc310858fb2113b33b17174,rate-of-new-cervical-cancer-cases_v12_850x600.svg,2,15,370097616,252020
rate-of-new-cervical-cancer-cases-gco,WorldMap,,,1b7f8ad32c20154e3fa4a5815113e57a,rate-of-new-cervical-cancer-cases-gco_v5_850x600.svg,1,14,191349688,5432
rate-of-premature-deaths-due-to-alcohol,WorldMap,,,0c8628b57ceb7bfc008ad06096441916,rate-of-premature-deaths-due-to-alcohol_v24_850x600.svg,2,17,385015896,252611
rate-of-premature-deaths-due-to-alcohol-gbd,WorldMap,,,7af2e89b7a66d0b26b5c8fefe69a1db7,rate-of-premature-deaths-due-to-alcohol-gbd_v9_850x600.svg,2,19,745840920,259484
rate-of-state-based-conflicts,StackedBar,,,8ffe964a9fb27d27c1ea3714ca34686f,rate-of-state-based-conflicts_v40_850x600.svg,1,21,208686160,59542
rate-of-twin-deliveries,LineChart,,,cf32730be892eed52402b36dcbe07dc3,rate-of-twin-deliveries_v16_850x600.svg,1,12,393520552,78608
rate-of-violent-deaths-non-state-societies,DiscreteBar,,,a2df6f97e85010eef007fd78752145c3,rate-of-violent-deaths-non-state-societies_v10_850x600.svg,1,13,219906360,959
rate-of-violent-deaths-state-societies,DiscreteBar,,,e205239779575a64179d7dda54fbd0bc,rate-of-violent-deaths-state-societies_v20_850x600.svg,1,8,660148480,357
rate-of-violent-victimizations-at-school-us,LineChart,,,926c38d6aa152257f4891269991b891d,rate-of-violent-victimizations-at-school-us_v4_850x600.svg,1,8,400136080,674
rates-rape-united-states,LineChart,,,41b02a9f0d1bfc07079333bf41b50895,rates-rape-united-states_v7_850x600.svg,1,12,668229032,1739
ratification-and-accession-to-unclos,WorldMap,,,ea5ccb2a688bf39ca73bc1c3ffb30cd2,ratification-and-accession-to-unclos_v24_850x600.svg,1,10,367381384,1724
ratio-of-business-trips-to-trips-for-personal-reasons,WorldMap,,,0a673bfaaee322f4b2da22012ef572ab,ratio-of-business-trips-to-trips-for-personal-reasons_v26_850x600.svg,3,25,201369936,143722
ratio-of-female-to-male-labor-force-participation-rates-ilo-wdi,WorldMap,,,0315a0ef48e74502b7ba3f3fbc472c5a,ratio-of-female-to-male-labor-force-participation-rates-ilo-wdi_v24_850x600.svg,5,27,699307320,246323
ratio-of-inbound-to-outbound-tourists,WorldMap,,,6c33aecbc206d6e53f229af1857b4758,ratio-of-inbound-to-outbound-tourists_v36_850x600.svg,3,21,390253976,85410
ratio-of-same-day-to-tourist-trips,WorldMap,,,195728ad1e846e6f6128b5772c0177ad,ratio-of-same-day-to-tourist-trips_v26_850x600.svg,3,24,222889528,110145
ratio-of-the-literacy-rate-between-young-women-and-men,WorldMap,,,75ed861ad293e77ac5728f232713bd8d,ratio-of-the-literacy-rate-between-young-women-and-men_v21_850x600.svg,1,16,405199232,58127
real-commodity-price-index-metals,LineChart,,,5c979aaa1f773aa72220d391c2ceab6c,real-commodity-price-index-metals_v8_850x600.svg,3,16,710906592,55224
real-gdp-growth,LineChart,,,04d4e2182d721d4d7da69b212ce6128e,real-gdp-growth_v58_850x600.svg,7,27,399217952,296218
real-transport-and-communication-costs,LineChart,,,b1a77efbbea4c2bc0c5c9160171304a5,real-transport-and-communication-costs_v7_850x600.svg,1,17,234662072,6846
real-wages-and-output-per-production-worker-in-manufacturing-in-the-us,LineChart,,,c79f9c304cafee3ba6ab6292f53284c1,real-wages-and-output-per-production-worker-in-manufacturing-in-the-us_v6_850x600.svg,2,16,678134120,5182
received-official-development-assistance-grants-for-poverty-reduction,WorldMap,,,6c71f1c31f742e9ca62c47c7f07ed18a,received-official-development-assistance-grants-for-poverty-reduction_v20_850x600.svg,1,19,691759128,99007
recycled-plastic-export-value,DiscreteBar,,,11f571c7d4900570bc0fd63168a0bdc9,recycled-plastic-export-value_v9_850x600.svg,1,8,197660536,365
recycling-rates-glass,WorldMap,,,3cac12a455c661b0bf0e0800dd80ef83,recycling-rates-glass_v5_850x600.svg,1,13,407040272,13613
recycling-rates-paper-and-cardboard,WorldMap,,,d5a67f03d443e00ab0a22768592d3ebf,recycling-rates-paper-and-cardboard_v4_850x600.svg,1,12,205509120,14481
red-list-index,WorldMap,,,85239206f117e4b7f9b08cc409b77707,red-list-index_v25_850x600.svg,2,26,426770576,344832
reduction-global-antibiotic-use,DiscreteBar,,,ea51a055fe8fb14f43b2feb4e1a2b764,reduction-global-antibiotic-use_v5_850x600.svg,1,9,698074880,252
reduction-in-hdi-when-adjusting-for-inequalities,WorldMap,,,fbc8780c19bc5a3c2ec1945b70225a74,reduction-in-hdi-when-adjusting-for-inequalities_v7_850x600.svg,3,21,220191168,85800
reduction-in-income-inequality,LineChart,,,2c3e8d28ae6279c5e6fae9a25800be2f,reduction-in-income-inequality_v22_850x600.svg,1,16,709313456,20993
reduction-in-income-inequality-before-and-after-tax-among-total-vs-working-age-population,ScatterPlot,,,abe7db6358fd60fdb6cd982b2656ea97,reduction-in-income-inequality-before-and-after-tax-among-total-vs-working-age-population_v67_850x600.svg,45,114,267352048,1883660
refugee-population-by-country-or-territory-of-asylum,WorldMap,,,c9ecf66d7c3d2821079d06cb739bfb66,refugee-population-by-country-or-territory-of-asylum_v17_850x600.svg,2,25,398465624,217824
refugee-population-by-country-or-territory-of-origin,WorldMap,,,eb17545f3b4f6f5437f32fd5180a9bd3,refugee-population-by-country-or-territory-of-origin_v16_850x600.svg,8,45,708885920,219492
region-share-tropical-deforestation,DiscreteBar,,,736d2a6965122a4b3d8545d39e47edc0,region-share-tropical-deforestation_v4_850x600.svg,1,7,404102744,300
regional-averages-of-the-composite-gender-equality-index,LineChart,,,ad10a857ac01781a96b146a54e75caaa,regional-averages-of-the-composite-gender-equality-index_v10_850x600.svg,2,11,411414448,1413
registered-vehicles-per-1000-people,WorldMap,,,daca6da5cf660db8cf2ecf5c7ed6b32d,registered-vehicles-per-1000-people_v6_850x600.svg,1,17,421103712,4895
regulation-financial-markets,LineChart,,,fbfb85a366de54ff9d5de41880a5b895,regulation-financial-markets_v16_850x600.svg,6,27,404428808,389526
regulation-illegal-fishing,WorldMap,,,3079f1537aaa4cdae4543b86362f287e,regulation-illegal-fishing_v21_850x600.svg,1,14,184855168,14636
regulation-of-political-participation-score,WorldMap,,,c44c514d82297dc2dec81cf4f93c975b,regulation-of-political-participation-score_v61_850x600.svg,4,43,223084808,981402
relative-change-in-female-height,WorldMap,,,368312602e98722f2ad6b9684c2a532d,relative-change-in-female-height_v10_850x600.svg,1,15,412638208,6928
relative-change-in-maternal-mortality,SlopeChart,,,b1139d9563413de971ff40c58b4e9d86,relative-change-in-maternal-mortality_v17_850x600.svg,1,11,421393032,13604
relative-change-male-height,WorldMap,,,240171e52d9a2adb03f32535bb310e8c,relative-change-male-height_v8_850x600.svg,2,16,275213832,6941
relative-poverty-share-of-people-below-40-of-the-median,WorldMap,,,944b7863bf9bcf5cd114307d04b6e3ad,relative-poverty-share-of-people-below-40-of-the-median_v53_850x600.svg,2,27,439366136,116601
relative-poverty-share-of-people-below-50-of-the-median,WorldMap,,,4b3ca08951e33038273c61c86817a824,relative-poverty-share-of-people-below-50-of-the-median_v52_850x600.svg,2,23,291781264,117040
relative-poverty-share-of-people-below-60-of-the-median,WorldMap,,,998384c462cc4189cc331e3abaf21637,relative-poverty-share-of-people-below-60-of-the-median_v49_850x600.svg,2,23,239948368,117469
relative-share-of-passenger-kilometers-travelled-by-rail-and-road,StackedDiscreteBar,,,05bc889c2463d7ce2c52e5cacbe525ad,relative-share-of-passenger-kilometers-travelled-by-rail-and-road_v27_850x600.svg,3,16,451391184,145658
religiosity-vs-religion-importance,ScatterPlot,,,a159fc011f4f351e92bc80abcc33b34c,religiosity-vs-religion-importance_v5_850x600.svg,3,25,256815112,36209
remaining-life-expectancy-at-different-ages,DiscreteBar,,,98e063d425ad436bb6d2f487e180f229,remaining-life-expectancy-at-different-ages_v11_850x600.svg,60,75,300879824,4560543
remaining-life-expectancy-at-different-ages-females,DiscreteBar,,,98eb376170a1a4e9df251f5d7efb7f85,remaining-life-expectancy-at-different-ages-females_v19_850x600.svg,68,82,505415336,4561260
remaining-life-expectancy-at-different-ages-males,DiscreteBar,,,ee1ff76db59b87a5d3d156f1c4485530,remaining-life-expectancy-at-different-ages-males_v22_850x600.svg,71,84,289847048,4560059
remittance-costs-as-share-of-amount-remitted,WorldMap,,,9e85f0ba844aa3f0675478cf118e337f,remittance-costs-as-share-of-amount-remitted_v20_850x600.svg,1,11,309541440,13679
renewable-electricity-generating-capacity-per-capita,WorldMap,,,997b7171de5b91aaf5cab6efcdbd55c7,renewable-electricity-generating-capacity-per-capita_v21_850x600.svg,2,16,321254648,178357
renewable-energy,StackedArea,,,30241caae753bcfae9185207cd3fca4d,renewable-energy_v25_850x600.svg,17,64,474071960,782062
renewable-energy-gen,LineChart,,,6e4cf95450a2bcb7801468718709c25d,renewable-energy-gen_v16_850x600.svg,14,31,264528752,706520
renewable-energy-investment-of-gdp,DiscreteBar,,,e3e620cc8acd469feed37de222a548fe,renewable-energy-investment-of-gdp_v8_850x600.svg,2,11,211076280,333
renewable-water-resources-per-capita,LineChart,,,2090c2c4f6c38c611486370cf372e6d6,renewable-water-resources-per-capita_v17_850x600.svg,4,30,231609488,372826
replacement-fertility-rate,LineChart,,,2e217ca89979a1777cc2108b4fceeb42,replacement-fertility-rate_v10_850x600.svg,1,10,273612440,40875
reported-cases-of-acute-african-trypanosomiasis,LineChart,,,81eda766709e703d79606211677a6667,reported-cases-of-acute-african-trypanosomiasis_v10_850x600.svg,1,14,285270464,5601
reported-cases-of-human-african-trypanosomiasis-t-b-gambiense,WorldMap,,,5235de360f4905a75552cbe32055217c,reported-cases-of-human-african-trypanosomiasis-t-b-gambiense_v18_850x600.svg,1,45,269052720,17350
reported-cases-of-leprosy,WorldMap,,,261f8edca89b07e72230e24fa604beed,reported-cases-of-leprosy_v13_850x600.svg,1,20,447771472,72209
reported-cases-of-measles,WorldMap,,,af71088b47a2e9ca8d07586528fc9b5e,reported-cases-of-measles_v16_850x600.svg,2,20,302011688,261490
reported-measles-case-rate-by-state-in-the-united-states,LineChart,,,fe9ba38bd14919fb48831d2a08bcb0c8,reported-measles-case-rate-by-state-in-the-united-states_v8_850x600.svg,2,20,463101312,196794
reported-number-of-smallpox-infections-by-world-region,StackedArea,,,b3acc59b673c6e78036b6aa96e9c076e,reported-number-of-smallpox-infections-by-world-region_v7_850x600.svg,2,11,262847208,112462
reported-paralytic-polio-cases-and-deaths-in-the-united-states-since-1910,LineChart,,,fda42e7b383269055d84af33a5c4878e,reported-paralytic-polio-cases-and-deaths-in-the-united-states-since-1910_v15_850x600.svg,2,18,227277032,6038
reported-paralytic-polio-cases-per-1-million-people,WorldMap,,,948a4c1dd53f409033db2c7130458bdf,reported-paralytic-polio-cases-per-1-million-people_v16_850x600.svg,2,18,280807352,219803
reported-rabies-deaths,WorldMap,,,bfecce5be340279409067b5a4db26a6e,reported-rabies-deaths_v12_850x600.svg,1,17,474107872,38862
reported-rate-of-new-cervical-cancer-cases,WorldMap,,,236c426bcd229fdc619abfa38887fd68,reported-rate-of-new-cervical-cancer-cases_v7_850x600.svg,2,19,239634752,54286
reported-share-of-people-experiencing-homelessness,LineChart,,,caafd357d548f1dcd01288b1c0e8bd81,reported-share-of-people-experiencing-homelessness_v17_850x600.svg,1,8,286698032,3925
reported-vs-estimated-total-number-of-paralytic-polio-cases-globally,LineChart,,,146d796433fdef0f8214c88b0c19f80d,reported-vs-estimated-total-number-of-paralytic-polio-cases-globally_v15_850x600.svg,8,26,452137232,410818
reporting-of-mental-health-system-data-in-the-past-two-years,WorldMap,,,cc1d38a32bb0e0d369308f1f2402c473,reporting-of-mental-health-system-data-in-the-past-two-years_v12_850x600.svg,1,10,295113536,15327
representation-of-women-in-lower-chamber-of-parliament,WorldMap,,,7982c7511342a6016dfda17e523ec78f,representation-of-women-in-lower-chamber-of-parliament_v18_850x600.svg,2,19,249870504,34227
representation-of-women-in-the-judiciary,WorldMap,,,a231ac26014f9f02fb98b6ac442c7945,representation-of-women-in-the-judiciary_v12_850x600.svg,1,12,304610352,14727
representation-of-women-in-the-upper-chamber-of-parliament,WorldMap,,,15d864dc90d45b28ff935de4368dc61c,representation-of-women-in-the-upper-chamber-of-parliament_v18_850x600.svg,1,14,460330096,15985
research-spending-gdp,WorldMap,,,9ae6568ede7a710ca472cb4d1bd3ceb1,research-spending-gdp_v25_850x600.svg,1,18,262450032,86196
researchers-in-rd-per-million-people,WorldMap,,,90c06b6dfebb04729c5d5de174972836,researchers-in-rd-per-million-people_v29_850x600.svg,1,13,278783328,71965
researchers-in-rd-per-million-people-vs-gdp-pc,ScatterPlot,,,fc6dbf2f2d0691bf510588f6db786b5f,researchers-in-rd-per-million-people-vs-gdp-pc_v29_850x600.svg,7,44,500746216,329436
resources-statistical-capacity,WorldMap,,,dd792f9dae4c5781b4839dc3df89247d,resources-statistical-capacity_v30_850x600.svg,1,14,287245464,67842
respect-for-counterarguments-score,WorldMap,,,1c1b6ea8d3c7ff6ec9ae291692473a67,respect-for-counterarguments-score_v63_850x600.svg,9,43,235460992,708406
respiratory-disease-death-rate,WorldMap,,,01b1c1db223f5cf845f5d553058102cd,respiratory-disease-death-rate_v30_850x600.svg,2,18,303108568,326336
respiratory-disease-death-rate-gbd,WorldMap,,,a30f9e3340ff212094aa4de35437d8b9,respiratory-disease-death-rate-gbd_v7_850x600.svg,2,17,318220736,335588
respiratory-disease-deaths-by-age,StackedArea,,,f8afb1bbd4e74ce7873463750636abac,respiratory-disease-deaths-by-age_v18_850x600.svg,21,33,500310640,1683013
respiratory-infection-death-rate-who-mdb,LineChart,,,725531a529680f639ade69528bcfd727,respiratory-infection-death-rate-who-mdb_v11_850x600.svg,2,24,253986944,157496
respiratory-infections-death-rate-age-group,DiscreteBar,,,8da08bb6fece57b17abba91c4b4e54fa,respiratory-infections-death-rate-age-group_v10_850x600.svg,31,41,337008584,2922121
respiratory-pathogens-share-detected-seattle-flu-study,StackedArea,,,2c8914025fd6e579e0b305fe5e3cefbd,respiratory-pathogens-share-detected-seattle-flu-study_v17_850x600.svg,9,31,480963744,94659
revenue-from-corporate-income-taxes-gdp,LineChart,,,ef941144fe698608f1e2a81cf9b43b24,revenue-from-corporate-income-taxes-gdp_v15_850x600.svg,1,15,265916728,131288
rice-production,WorldMap,,,9484639f6822b13d4f4b6be7faa259a5,rice-production_v11_850x600.svg,3,17,278834048,321270
rice-production-by-region,StackedArea,,,c794b391430112e50c1a558e924e4ba9,rice-production-by-region_v10_850x600.svg,3,12,297811504,321270
rice-yields,WorldMap,,,b179bc6f8cae65343aef2b6787101e9d,rice-yields_v16_850x600.svg,2,22,501632416,326602
right-to-change-legal-gender-equaldex,WorldMap,,,d4a9115459b479cc6f61b0e76cf25d40,right-to-change-legal-gender-equaldex_v31_850x600.svg,1,10,287171032,176839
rigorous-and-impartial-public-administration-score,WorldMap,,,ca8f742a491262d02507a57c1eb1d842,rigorous-and-impartial-public-administration-score_v27_850x600.svg,4,33,329231040,1068158
risk-of-impoverishing-expenditure-for-surgical-care,WorldMap,,,2bbb794d895a8329db9dce1aed3383f8,risk-of-impoverishing-expenditure-for-surgical-care_v17_850x600.svg,1,12,256921032,74448
road-accident-deaths-per-passenger-kilometers,LineChart,,,31db2a7a728ccac6d658420290d262a6,road-accident-deaths-per-passenger-kilometers_v14_850x600.svg,1,15,514200840,47007
road-death-rate-vs-gdp-per-capita,ScatterPlot,,,c80bf2feed8641e9656f1c03da472ce8,road-death-rate-vs-gdp-per-capita_v43_850x600.svg,88,206,324633200,2416521
road-deaths-by-type,LineChart,,,8fc80a39ab521150890b3c2df81a814c,road-deaths-by-type_v24_850x600.svg,20,33,519794384,1682350
road-deaths-in-great-britain-by-road-user,StackedArea,,,a6bdae6f384e5b7eeb1d948069e1f5b7,road-deaths-in-great-britain-by-road-user_v4_850x600.svg,1,8,336346176,10497
road-deaths-over-the-long-term,LineChart,,,1ad8ec8152cc70bc54dd5b3e04446d97,road-deaths-over-the-long-term_v11_850x600.svg,1,16,351693648,82237
road-incident-deaths-by-age,StackedArea,,,182f362149b80205dc84ced918eb2457,road-incident-deaths-by-age_v20_850x600.svg,25,36,508702944,1680658
road-miles-nox-emissions,LineChart,,,7a49f07c140573f368dc488863268376,road-miles-nox-emissions_v4_850x600.svg,38,62,362701912,1800123
road-mortality-rate-comparison,ScatterPlot,,,7c37ae8ccb592a4c0e36f1e07e7108f3,road-mortality-rate-comparison_v44_850x600.svg,7,41,507088952,457296
road-traffic-deaths-to-alcohol,WorldMap,,,3c7d081ff8f673c48de5a4220fb0778f,road-traffic-deaths-to-alcohol_v18_850x600.svg,1,13,370273648,2489
rock-to-metal-ratio,DiscreteBar,,,7a248a583edac18ae13169f129e219e6,rock-to-metal-ratio_v8_850x600.svg,1,10,377798392,750
rotavirus-number-unvaccinated,WorldMap,,,6be75625a0efda46afe22afcecc0ef98,rotavirus-number-unvaccinated_v15_850x600.svg,1,12,516435760,43122
rotavirus-vaccine-immunization-schedule,WorldMap,,,c3870a007c673e4055c73b792d98f5bc,rotavirus-vaccine-immunization-schedule_v14_850x600.svg,1,18,389145256,177055
rubella-cases-in-the-united-states,LineChart,,,6a55c5f6d401cd86a4cef482e8be5843,rubella-cases-in-the-united-states_v4_850x600.svg,1,10,523107968,1592
rubella-number-unvaccinated,WorldMap,,,a4ee2fc2b0b78c710e780ce7a95a16a0,rubella-number-unvaccinated_v14_850x600.svg,1,19,539927128,147988
rubella-vaccination-coverage,WorldMap,,,6a9d3b2c0c531afc64b958b8bba1cdac,rubella-vaccination-coverage_v14_850x600.svg,2,17,335744800,148618
rubella-vaccine-immunization-schedule,WorldMap,,,437a35b8d5889ff68a85a23dc6e4a1cb,rubella-vaccine-immunization-schedule_v14_850x600.svg,2,17,557838912,477316
rule-of-law-index,WorldMap,,,2b31ac745ce7a5c1b0b5cec7c801be70,rule-of-law-index_v43_850x600.svg,21,83,434880248,1056432
rule-of-law-index-bti,WorldMap,,,118d3d4d1ee943b0561b5cf0446dc1d1,rule-of-law-index-bti_v104_850x600.svg,2,15,530926176,48873
rural-population-with-improved-water,WorldMap,,,0630d3e03ee867fceeaf0c1d86733e37,rural-population-with-improved-water_v10_850x600.svg,1,17,546567112,156491
rural-without-basic-handwashing,WorldMap,,,65e6e9826c552d3bcfe27bbd3d4fff1c,rural-without-basic-handwashing_v8_850x600.svg,2,14,335309232,63207
rural-without-improved-sanitation,WorldMap,,,466a4d738303c6a77cdf875dcd244194,rural-without-improved-sanitation_v8_850x600.svg,1,15,347697864,153532
rural-without-improved-water,WorldMap,,,ae13b96ec93515a9fd7e39e1188c1954,rural-without-improved-water_v9_850x600.svg,2,15,558327416,155739
rye-production,WorldMap,,,aa38037cba9c2d3c763a4c0716493edd,rye-production_v10_850x600.svg,2,12,357091944,169738
rye-yield,WorldMap,,,d824f049c4f69d56be1357dc188eb238,rye-yield_v13_850x600.svg,2,12,568779408,177406
safe-sanitation-without,WorldMap,,,2a489b0ae0d4dee790898108413ffd1f,safe-sanitation-without_v8_850x600.svg,1,16,370399296,137026
safety-walking-alone,WorldMap,,,b744dc78a37cc2f774f5d1aa77aa1608,safety-walking-alone_v14_850x600.svg,2,11,538559344,8284
sales-antibiotics-livestock-europe,LineChart,,,3fc4ef7a3de0163cf4600377897c4a38,sales-antibiotics-livestock-europe_v10_850x600.svg,1,12,362744400,12099
sales-of-cigarettes-per-adult-per-day,WorldMap,,,cedf6ff9f0f33b34075f4210b88274c2,sales-of-cigarettes-per-adult-per-day_v40_850x600.svg,1,13,551880304,76247
same-sex-marriage-country-count,LineChart,,,1176fd68c5de5cb5e3582256fee65502,same-sex-marriage-country-count_v35_850x600.svg,1,7,331437192,7534
same-sex-sexual-acts-equaldex,WorldMap,,,5faa09d023e8da4fbab63df3a71bf0aa,same-sex-sexual-acts-equaldex_v29_850x600.svg,2,18,375449736,572630
same-sex-sexual-acts-legal,WorldMap,,,41b28c00a286d314322c1a18d4397034,same-sex-sexual-acts-legal_v89_850x600.svg,1,13,342333992,265255
same-sex-sexual-acts-legal-mignot,WorldMap,,,d3202b616267f70ceceffa9c57c98ecf,same-sex-sexual-acts-legal-mignot_v9_850x600.svg,5,28,578752232,1086081
same-sex-sexual-acts-punished-by-death,WorldMap,,,f40d0912827f981bbd159bd07a3ab7c5,same-sex-sexual-acts-punished-by-death_v60_850x600.svg,1,12,352882800,295077
sanitation-facilities-coverage,StackedArea,,,5d4a6e86b16bbd7402274ed7f0984250,sanitation-facilities-coverage_v10_850x600.svg,10,21,397341704,849253
sanitation-facilities-coverage-in-rural-areas,StackedArea,,,ef6e0a059f74d52e0a1aac2627c7eed1,sanitation-facilities-coverage-in-rural-areas_v11_850x600.svg,10,22,375090304,645257
sanitation-facilities-coverage-in-urban-areas,StackedArea,,,827f00335b4b83b0037a1f3b33f50426,sanitation-facilities-coverage-in-urban-areas_v6_850x600.svg,10,22,602184464,712491
scarcity-water-per-kg-poore,DiscreteBar,,,0ac95dcc7743ddd0ff58e7a66e0afba0,scarcity-water-per-kg-poore_v18_850x600.svg,1,11,405128920,1320
scarcity-water-protein-poore,DiscreteBar,,,2995abfcd67b0f87cfe7fe24b8b202d9,scarcity-water-protein-poore_v20_850x600.svg,2,11,411768656,1111
scarcity-water-use-kcals,DiscreteBar,,,a1d2f4d0e8ed7fa0579997a0a29848a1,scarcity-water-use-kcals_v17_850x600.svg,1,11,346015928,1309
schistosomiasis-treatment-coverage,WorldMap,,,0f7540d4e74d4b295391ed72acf55771,schistosomiasis-treatment-coverage_v10_850x600.svg,1,14,558002536,18707
schizophrenia-prevalence,WorldMap,,,1c8a74427c81315b3484c5d8c02af3db,schizophrenia-prevalence_v28_850x600.svg,2,20,381963272,267362
schizophrenia-prevalence-by-age,DiscreteBar,,,e168a656b0609ea4aa1fbcaf954249e2,schizophrenia-prevalence-by-age_v32_850x600.svg,59,72,379752904,4001595
schizophrenia-prevalence-males-vs-females,ScatterPlot,,,b1dc9811750122164ff79ddf0dfbb7cc,schizophrenia-prevalence-males-vs-females_v38_850x600.svg,62,181,631196992,2376424
scholarly-publications-on-artificial-intelligence-per-million-people,WorldMap,,,ce7e154879bcfa7ea17f18fc61205679,scholarly-publications-on-artificial-intelligence-per-million-people_v21_850x600.svg,1,14,392479712,51783
school-closures-covid,WorldMap,,,18beaafd0a111428e1a90ce36cfa06ea,school-closures-covid_v2826_850x600.svg,20,220,479573480,4967827
school-life-expectancy-primary-gender-parity-index-gpi,WorldMap,,,a4bb9a9bcb010f37b0a69734c3f4296c,school-life-expectancy-primary-gender-parity-index-gpi_v27_850x600.svg,2,26,401714904,259145
schools-access-computers,DiscreteBar,,,022167250ddb1c39ec871aadd0e1adc7,schools-access-computers_v16_850x600.svg,4,11,374458256,119297
schools-access-drinking-water,DiscreteBar,,,0a72d5068d3b8c34d5a551cc3d3ed9cb,schools-access-drinking-water_v16_850x600.svg,4,9,382145888,122208
schools-access-to-electricity,DiscreteBar,,,8e9babe3371d016c671566fa7297d933,schools-access-to-electricity_v17_850x600.svg,3,9,390177240,141562
schools-access-to-wash,DiscreteBar,,,7c19b47a08ae671a8a7816b25f65578e,schools-access-to-wash_v18_850x600.svg,2,8,398596400,115150
schools-materials-students-with-disabilities,LineChart,,,61e539e475e1dfbe5519fea43e568f9e,schools-materials-students-with-disabilities_v14_850x600.svg,2,11,406579832,50493
scientific-and-technical-journal-articles,WorldMap,,,f7328ec62262a3919cfa2c96f6b8059b,scientific-and-technical-journal-articles_v21_850x600.svg,2,25,421048616,179510
scientific-publications-per-million,WorldMap,,,3647a58e1dc8004602f6075d3628b31b,scientific-publications-per-million_v18_850x600.svg,1,22,647494792,195413
sea-ice-anomaly-in-the-antarctic-by-month,StackedBar,,,19c2d3954e9333ea4612c7533c9bed0a,sea-ice-anomaly-in-the-antarctic-by-month_v18_850x600.svg,2,49,422117192,21331
sea-ice-anomaly-in-the-arctic-by-month,StackedBar,,,48e59f6145897c43b9514a98c50611a9,sea-ice-anomaly-in-the-arctic-by-month_v18_850x600.svg,1,57,634100776,21270
sea-level,LineChart,,,d52629a1fb9e38b3b9d08367a70372b7,sea-level_v20_850x600.svg,16,33,428201376,45803
sea-surface-temperature,LineChart,,,185c3a83860ecc7bc604deeb7b5db468,sea-surface-temperature_v23_850x600.svg,37,165,492679288,715640
sea-surface-temperature-anomaly,LineChart,,,0cbf30198c6cc59a7af3549b63db8b4e,sea-surface-temperature-anomaly_v18_850x600.svg,1,15,644432448,58474
seafood-and-fish-production-thousand-tonnes,StackedArea,,,db6050984e02bdfe00c7d96a2f4379f0,seafood-and-fish-production-thousand-tonnes_v14_850x600.svg,43,122,457935088,2279044
seasonal-temp-anomaly-us,LineChart,,,d8b10acdedb54418bd8044b4feda1ae5,seasonal-temp-anomaly-us_v19_850x600.svg,1,36,670215560,33108
seawater-ph,LineChart,,,ea66af5772ef746e71f0bc9a6ff2ced4,seawater-ph_v20_850x600.svg,2,15,650697408,23215
secondary-net-enrollment-gpi,WorldMap,,,dd654bc1e466c8b5df8f46e8ffaedf18,secondary-net-enrollment-gpi_v36_850x600.svg,1,22,667703136,84847
seized-rhino-horns,DiscreteBar,,,5bf70da148254521fa26eb9693fcbf46,seized-rhino-horns_v6_850x600.svg,1,11,675799696,798
self-harm-death-rates-by-age,LineChart,,,dcaf7819e2a31dd9d781d9f5b0f66199,self-harm-death-rates-by-age_v31_850x600.svg,24,44,673108352,1591672
self-reported-freedom,DiscreteBar,,,d67b60f9caef2979ba0e38d1c4a1490f,self-reported-freedom_v18_850x600.svg,1,11,465451056,1487
self-reported-hopefulness,DiscreteBar,,,fa8f4aa32e1d697eaadea842d83fcdd0,self-reported-hopefulness_v16_850x600.svg,1,10,444026264,1483
self-reported-life-satisfaction-young-vs-old-people,ScatterPlot,,,ea9c8bfc327c1f23242a1bf9801cbb67,self-reported-life-satisfaction-young-vs-old-people_v13_850x600.svg,1,24,507245680,17814
self-reported-trust-attitudes,WorldMap,,,fcde89361f635ac1dbac8385c04ec597,self-reported-trust-attitudes_v20_850x600.svg,1,17,453068208,13660
separation-of-powers-score-bti,WorldMap,,,fc5bdca2a31f0312b222b28a03e9ef6f,separation-of-powers-score-bti_v89_850x600.svg,3,19,466247016,46116
service-exports-and-imports-gdp,LineChart,,,d454d0fb83fee72626aee3facfa0ea20,service-exports-and-imports-gdp_v19_850x600.svg,3,27,171989752,276655
sesame-seed-production,WorldMap,,,b3d2f95a65659d190ed07c106afbdb19,sesame-seed-production_v11_850x600.svg,2,16,517929696,204009
severe-bleaching-events-enso,StackedBar,,,5d127a3c1177f014292c2e2c167c79b9,severe-bleaching-events-enso_v5_850x600.svg,2,14,474900552,3284
severe-food-insecurity-undernourishment,ScatterPlot,,,bf41b1587234b514d0ebd9b1e45927a1,severe-food-insecurity-undernourishment_v8_850x600.svg,4,38,549154816,193926
sex-ratio-at-birth,WorldMap,,,3dd0fee08658ceac1f9ae926a497c25a,sex-ratio-at-birth_v39_850x600.svg,22,66,227820928,649054
sex-ratio-at-birth-by-birth-order,LineChart,,,b27b49930ce1c8cfadbe096aa79bc22d,sex-ratio-at-birth-by-birth-order_v7_850x600.svg,1,16,486162248,6598
sex-ratio-at-birth-vs-five-years-old,ScatterPlot,,,cc408e5192d488d74876ff44fcc16017,sex-ratio-at-birth-vs-five-years-old_v16_850x600.svg,22,78,515752488,1287197
sex-ratio-at-five-years-old,WorldMap,,,1ec69bfc58d78d1eae448eae49a570a2,sex-ratio-at-five-years-old_v15_850x600.svg,3,29,519041248,638143
sex-ratio-at-sixty-years-old,WorldMap,,,fed7897366caa83d0fb3a33431af39da,sex-ratio-at-sixty-years-old_v17_850x600.svg,4,25,539324360,624694
sex-ratio-by-age,LineChart,,,5ddb3b4a9b11c0760253dfef4d661bff,sex-ratio-by-age_v15_850x600.svg,103,124,283921928,7336479
share-adults-bank-account-financial-institution-mobile-money,StackedArea,,,286281830c91867319c85f1639e877b2,share-adults-bank-account-financial-institution-mobile-money_v16_850x600.svg,2,20,555806336,26628
share-agree-vaccines-are-safe-wellcome,WorldMap,,,767fd0f5378a8293bd3a7832f1e2a37a,share-agree-vaccines-are-safe-wellcome_v15_850x600.svg,1,16,524886984,10315
share-agreeing-most-people-can-be-trusted-vs-gdp-per-capita,ScatterPlot,,,3e640bf891f2fbb82d5ab3ab76e98338,share-agreeing-most-people-can-be-trusted-vs-gdp-per-capita_v30_850x600.svg,73,191,620945120,2732219
share-agreeing-most-people-can-be-trusted-vs-most-people-would-try-to-take-advantage-of-you,ScatterPlot,,,edbf7de08476c7b20e541f67c09af119,share-agreeing-most-people-can-be-trusted-vs-most-people-would-try-to-take-advantage-of-you_v36_850x600.svg,79,196,550278160,2485402
share-agrees-vaccines-are-important-wellcome,WorldMap,,,445bd95b096e77263a827a47feccfcff,share-agrees-vaccines-are-important-wellcome_v23_850x600.svg,1,16,190971896,10255
share-agriculture-smallholder-farms,WorldMap,,,3d0f46ac8489e016fb3f8a4c741520c6,share-agriculture-smallholder-farms_v9_850x600.svg,1,12,199904512,2933
share-artificial-intelligence-job-postings,LineChart,,,5cc02c96097041f5a6544dd7aa8d5d5b,share-artificial-intelligence-job-postings_v34_850x600.svg,1,11,208373112,6600
share-attending-religious-services,WorldMap,,,e20474fd65b7dabe3ccf11aedc80c596,share-attending-religious-services_v12_850x600.svg,1,13,217941752,13355
share-believe-climate,WorldMap,,,5c3d11111b9188271dfdbd2e20e3ee2e,share-believe-climate_v11_850x600.svg,1,10,226735136,1849
share-british-adults-smoke-vape,LineChart,,,4549513f372dcce9516ece9073b9c7d8,share-british-adults-smoke-vape_v12_850x600.svg,1,9,234209408,1460
share-calorie-diet-unaffordable,WorldMap,,,d2a4b7b8314b5482be1d728eea7beafc,share-calorie-diet-unaffordable_v16_850x600.svg,1,10,200995968,4561
share-car-sales-battery-plugin,StackedBar,,,c6dc67bf58c8f44714a9de7b3ce5251e,share-car-sales-battery-plugin_v12_850x600.svg,1,26,641830144,49382
share-car-stocks-electric,LineChart,,,e75f49cbdbca43786db1e255b2bcfde4,share-car-stocks-electric_v13_850x600.svg,1,9,209229064,19297
share-cereal-human-food,WorldMap,,,721cf91d263122d8571dc0afbf977f3a,share-cereal-human-food_v15_850x600.svg,2,23,228861784,437803
share-cereals-animal-feed,WorldMap,,,76334c1101497d721c657db8d9c94474,share-cereals-animal-feed_v11_850x600.svg,2,25,567512152,434786
share-cereals-industrial-uses,WorldMap,,,645c519ab498a66e1201644d3d16fb99,share-cereals-industrial-uses_v11_850x600.svg,3,22,658402112,400299
share-co2-embedded-in-trade,WorldMap,,,42fa6359084b1ca41d4ac7b62208cf80,share-co2-embedded-in-trade_v38_850x600.svg,2,15,242681240,158307
share-co2-emissions-deforestation,DiscreteBar,,,d569d310e731d30dda9cb0be3217abfa,share-co2-emissions-deforestation_v3_850x600.svg,1,7,573450120,367
share-co2-emissions-vs-population,ScatterPlot,,,9783f9a6e7a3b5ba2925cba400c8cffa,share-co2-emissions-vs-population_v36_850x600.svg,100,252,642341704,3720781
share-co2-vs-population,DiscreteBar,,,3916864da54e23d113e58b3d5fd5e5b3,share-co2-vs-population_v15_850x600.svg,77,107,298475280,3709435
share-companies-using-artificial-intelligence,StackedBar,,,98a562f918d5cdce34260c3d7cca9ba5,share-companies-using-artificial-intelligence_v41_850x600.svg,1,22,603656240,928
share-countries-accredited-independent-national-human-rights-institutions,LineChart,,,b7a689b456deddb804a29646879c29ca,share-countries-accredited-independent-national-human-rights-institutions_v30_850x600.svg,1,13,612899536,78183
share-covered-by-one-social-protection-benefit,WorldMap,,,935553ef3b5f2d73dc723424f2f3b9bd,share-covered-by-one-social-protection-benefit_v13_850x600.svg,2,18,623233216,19349
share-cumulative-co2-oil,WorldMap,,,38bc76ee10fa7638d9b55f6cab9305d5,share-cumulative-co2-oil_v29_850x600.svg,4,38,648044088,817798
share-deaths-aids,LineChart,,,2004da02171dfb4cad5a8bf2108a6828,share-deaths-aids_v25_850x600.svg,3,18,617956624,339135
share-deaths-air-pollution,WorldMap,,,eaa60d272a63871a1828776a7db0d543,share-deaths-air-pollution_v18_850x600.svg,2,22,313432784,252454
share-deaths-cardiovascular-disease,WorldMap,,,d14e606671042fd618d4b9419c797e41,share-deaths-cardiovascular-disease_v23_850x600.svg,2,19,633159640,328636
share-deaths-from-natural-disasters,StackedBar,,,27f2f4c3a3db9e70890b307a9e1e0819,share-deaths-from-natural-disasters_v21_850x600.svg,2,14,238033640,300631
share-deaths-indoor-pollution,WorldMap,,,31e7bfa52e9e08f8ec1807ac3868ef0a,share-deaths-indoor-pollution_v16_850x600.svg,2,20,646774184,256538
share-deaths-outdoor-pollution,WorldMap,,,bc0bc9b7d1d2de9fcb64771679886d4d,share-deaths-outdoor-pollution_v19_850x600.svg,3,24,252520256,252495
share-deaths-secondhand-smoke,WorldMap,,,040e09847585756dc3d0031dcf3a9b5f,share-deaths-secondhand-smoke_v14_850x600.svg,1,22,659884376,253372
share-deaths-smoking,WorldMap,,,c1b6d4d1a631d1d0aafb596fd2226135,share-deaths-smoking_v17_850x600.svg,2,23,266847784,252630
share-deaths-suicide,LineChart,,,6fe72a31bf43c0913949ad087bfa1dba,share-deaths-suicide_v32_850x600.svg,2,29,638445544,333270
share-deaths-unsafe-sanitation,WorldMap,,,655991f231248c55f61bf15b3b2114be,share-deaths-unsafe-sanitation_v17_850x600.svg,3,23,281525152,261327
share-deaths-unsafe-water,WorldMap,,,c5d79b7591e9b55842734855b2c1b0c1,share-deaths-unsafe-water_v18_850x600.svg,3,22,652822936,259699
share-deforestation-agricultural-products,DiscreteBar,,,5399988f6f60dc21edcd2ecc49e960e6,share-deforestation-agricultural-products_v4_850x600.svg,1,8,249867576,367
share-deforestation-domestic-consumption,WorldMap,,,af987ab4a6ede9ea177db6de75623897,share-deforestation-domestic-consumption_v3_850x600.svg,1,15,258437280,33710
share-deforestation-exported,WorldMap,,,53dc1695ea7471b0ab26ef5cd5212990,share-deforestation-exported_v3_850x600.svg,1,14,650294640,34306
share-degraded-land,WorldMap,,,79a970c9c49766bea2608e3f82409125,share-degraded-land_v21_850x600.svg,1,14,660753776,7873
share-disagree-vaccines-are-safe-wellcome-trust,WorldMap,,,6f1fb4e928513eb9defb2a0b238f77b3,share-disagree-vaccines-are-safe-wellcome-trust_v10_850x600.svg,1,15,267711424,10242
share-disagrees-vaccines-are-effective,WorldMap,,,792d628aa34bfe1637efb10f91a42dd0,share-disagrees-vaccines-are-effective_v13_850x600.svg,1,15,659312480,10292
share-disagrees-vaccines-are-important,WorldMap,,,2f1ffa3007eccb4cdaf1f1a34a95e406,share-disagrees-vaccines-are-important_v11_850x600.svg,1,16,672816712,19442
share-edu-spending-gdp-vs-share-edu-total-spending,ScatterPlot,,,31b85be8a26057f8c350c7f86c9fc3c7,share-edu-spending-gdp-vs-share-edu-total-spending_v32_850x600.svg,6,64,282813776,313203
share-elec-by-source,LineChart,,,58d65dc69798def5671f7f25f4813e0d,share-elec-by-source_v36_850x600.svg,29,50,644669720,1948187
share-electricity-source-facet,LineChart,,,1f7ea76e7d8e60dc53ca0fbb1687be2c,share-electricity-source-facet_v28_850x600.svg,17,43,671675096,1344386
share-electricity-source-wb,LineChart,,,82eda207cc3f8c69bac1c271e1d83bc9,share-electricity-source-wb_v13_850x600.svg,12,26,671188432,810378
share-employment-agriculture-industry-services,StackedArea,,,2c30b671934b61706f432d3bd43bc60c,share-employment-agriculture-industry-services_v25_850x600.svg,8,21,692295864,697544
share-enrolled-in-private-institutions-at-the-pre-primary-education-level,WorldMap,,,0925dc8bcd22455a282aa9611d2aa564,share-enrolled-in-private-institutions-at-the-pre-primary-education-level_v14_850x600.svg,1,26,304249064,180149
share-europe-using-generative-ai,WorldMap,,,25c48d31ab9a9897cf4d02b2780b98b5,share-europe-using-generative-ai_v8_850x600.svg,2,46,678484480,1014
share-expenditure-alcohol-tobacco,WorldMap,,,5b3c39d3b4cd6282d343c5d137b767d0,share-expenditure-alcohol-tobacco_v8_850x600.svg,1,18,679022928,24159
share-extreme-poverty-vs-share-mpi-poor,ScatterPlot,,,434423e46b44a1d05ef36bc663cdcfb4,share-extreme-poverty-vs-share-mpi-poor_v87_850x600.svg,56,174,350675272,1964969
share-extreme-poverty-vs-share-mpi-poor-over-time,ScatterPlot,,,12b2905de95b0a65ed977d2ee5ae386a,share-extreme-poverty-vs-share-mpi-poor-over-time_v80_850x600.svg,67,188,712080768,1969431
share-farms-smallholders,WorldMap,,,8751ddaedeab321e1ff86cf6e8bd0c2b,share-farms-smallholders_v5_850x600.svg,1,15,1054792024,3411
share-firms-top-female-manager,WorldMap,,,66d0622129a12be42548616ac38e73cc,share-firms-top-female-manager_v22_850x600.svg,2,22,1065034064,12374
share-food-exports,SlopeChart,,,1691606ea52325e9e946fce3f18dfca3,share-food-exports_v21_850x600.svg,2,27,190312728,286641
share-food-lost-type,DiscreteBar,,,cea978b2dd9e1004a5eb57e935f35e03,share-food-lost-type_v8_850x600.svg,2,11,1073011184,11513
share-food-miles-by-method,DiscreteBar,,,987991db6443c443eb99d3f9ee13e1d7,share-food-miles-by-method_v10_850x600.svg,1,7,195517880,182
share-global-co2-cement,WorldMap,,,5f8671c6c3b68b0dd57545117738ee70,share-global-co2-cement_v28_850x600.svg,4,34,997906808,688379
share-global-co2-coal,WorldMap,,,5418a0b2e08dd870e284fc9f0679d913,share-global-co2-coal_v27_850x600.svg,3,28,218857752,748370
share-global-co2-flaring,WorldMap,,,62145c44ca3e0b210f1247810d09fb9c,share-global-co2-flaring_v28_850x600.svg,2,18,234170600,335247
share-global-co2-gas,WorldMap,,,c76359b970cad127d03e8e2a89273cfe,share-global-co2-gas_v27_850x600.svg,4,29,1016651120,476122
share-global-co2-including-land,WorldMap,,,88be5be7d0e11df3c658f063dbd1fad0,share-global-co2-including-land_v17_850x600.svg,3,35,200391112,823810
share-global-co2-oil,WorldMap,,,9a26558c184fb120c9b55858f8885f39,share-global-co2-oil_v28_850x600.svg,3,35,1041561360,813102
share-global-cumulative-co2-cement,WorldMap,,,c6c33cf5afb0c1d8a01ff9f054856cec,share-global-cumulative-co2-cement_v29_850x600.svg,4,33,376472088,693157
share-global-cumulative-co2-coal,WorldMap,,,e28d39d18544e6458f4e4086b192644f,share-global-cumulative-co2-coal_v28_850x600.svg,3,26,223366912,763645
share-global-cumulative-co2-flaring,WorldMap,,,e8283dccd223710214055afc054905fd,share-global-cumulative-co2-flaring_v28_850x600.svg,3,23,728059608,340440
share-global-cumulative-co2-gas,WorldMap,,,2e60293b6631200b0317044d42db6def,share-global-cumulative-co2-gas_v29_850x600.svg,3,25,1060657640,481891
share-global-cumulative-co2-including-land,WorldMap,,,b760dae3d2cbc77fc01a3c2ffa890e13,share-global-cumulative-co2-including-land_v16_850x600.svg,4,38,1069226544,827373
share-global-deforestation,WorldMap,,,99f60cf16091ba72440cedde610e8185,share-global-deforestation_v8_850x600.svg,2,10,232045408,22987
share-global-excess-nitrogen,WorldMap,,,8d314590710e34692f5dca84ed0fcbd0,share-global-excess-nitrogen_v5_850x600.svg,1,15,384593680,5705
share-global-excess-phosphorous,WorldMap,,,b4d6566da4f5381bb8b785d382375430,share-global-excess-phosphorous_v6_850x600.svg,1,14,735925104,6814
share-global-food-emissions,WorldMap,,,20f6176f0d1f8593110eefa767f1c1df,share-global-food-emissions_v13_850x600.svg,2,15,243403000,204188
share-global-forest,WorldMap,,,a1b9cc7c8c0427f25f80785fd4c191c9,share-global-forest_v11_850x600.svg,2,31,328860632,314208
share-global-forest-expansion,WorldMap,,,4506d73455bb01017bec397d447a98b4,share-global-forest-expansion_v6_850x600.svg,1,15,1028549136,21385
share-global-ghg-emissions,WorldMap,,,740e4b0d91d9dfab5dfd50786bf3635c,share-global-ghg-emissions_v14_850x600.svg,6,50,771759592,1337947
share-global-methane-emissions,WorldMap,,,4a9af16453bc8c599ed9bedb6e200eff,share-global-methane-emissions_v14_850x600.svg,5,49,224365992,1343825
share-graduates-stem-female,WorldMap,,,e8326fadd3213325c62ac977a946582f,share-graduates-stem-female_v16_850x600.svg,1,19,1040048704,39111
share-healthy-diet-unaffordable,WorldMap,,,303b770a89ee5e3bb4c26073f79fd176,share-healthy-diet-unaffordable_v20_850x600.svg,1,17,1078344824,36559
share-in-extreme-poverty-cost-of-basic-needs-vs-below-int-poverty-line,LineChart,,,314a48059ea490e0824d66233d72a200,share-in-extreme-poverty-cost-of-basic-needs-vs-below-int-poverty-line_v15_850x600.svg,3,24,347448832,143223
share-in-extreme-poverty-including-and-excluding-china,LineChart,,,682c181a1d987c9850564e0f59d094b8,share-in-extreme-poverty-including-and-excluding-china_v23_850x600.svg,2,16,1050878920,119596
share-in-informal-employment,WorldMap,,,f4d24bade2a5834b67786f2140833a9b,share-in-informal-employment_v24_850x600.svg,98,233,1113071208,2769154
share-in-informal-employment-female,WorldMap,,,1b14677803544d4656728ec07b666c34,share-in-informal-employment-female_v15_850x600.svg,1,21,1064045888,50617
share-in-informal-employment-male,WorldMap,,,7860c89b502671315fe12441d02d2800,share-in-informal-employment-male_v13_850x600.svg,1,20,360590136,50611
share-in-poverty-relative-to-different-poverty-thresholds,LineChart,,,be5b215842baafe14c11362edaecdbd6,share-in-poverty-relative-to-different-poverty-thresholds_v57_850x600.svg,8,23,249625280,834886
share-in-poverty-relative-to-different-poverty-thresholds-historical,LineChart,,,317a9854c7b27cf8feb3de8f3f7fb342,share-in-poverty-relative-to-different-poverty-thresholds-historical_v19_850x600.svg,3,23,725071584,71701
share-in-vulnerable-employment,WorldMap,,,28d48ea0cf13b944dcec72b02389a239,share-in-vulnerable-employment_v15_850x600.svg,2,32,338721176,231977
share-living-on-upper-middle-income-poverty-line-vs-average-daily-income,ScatterPlot,,,35f7c8e0b9661b0b8ed095702ae724be,share-living-on-upper-middle-income-poverty-line-vs-average-daily-income_v59_850x600.svg,47,164,321921032,2078189
share-living-with-less-than-1-int--per-day,WorldMap,,,d67b8fa68c9f90f9e86ff808a638c354,share-living-with-less-than-1-int--per-day_v49_850x600.svg,1,22,1043660784,114117
share-living-with-less-than-10-int--per-day,WorldMap,,,8709a99a2d767abf990693fb886ec9ce,share-living-with-less-than-10-int--per-day_v64_850x600.svg,58,144,211375264,1961370
share-living-with-less-than-320-int--per-day,WorldMap,,,bcc5d8a9ce077febaf175b306a91f700,share-living-with-less-than-320-int--per-day_v59_850x600.svg,1,23,1060277648,120149
share-living-with-less-than-upper-middle-income-poverty-line,WorldMap,,,4f6834d4aa4df94cf02161aa56605c2e,share-living-with-less-than-upper-middle-income-poverty-line_v57_850x600.svg,1,18,356055968,119813
share-manufacture-exports,LineChart,,,ea0fe674bbb2a52531c4d5c4e9a3cb63,share-manufacture-exports_v17_850x600.svg,2,23,373497096,284832
share-multi-poverty,WorldMap,,,706fe4421e565a15e9f4086634a914d1,share-multi-poverty_v45_850x600.svg,2,20,1073473488,12995
share-nitrous-oxide-emissions,WorldMap,,,c56483c196a1cd1d5be4fb246470cd19,share-nitrous-oxide-emissions_v15_850x600.svg,6,55,1057734456,1340824
share-nutritional-diet-unaffordable,WorldMap,,,98879e835a69d286a29af06a297431ff,share-nutritional-diet-unaffordable_v16_850x600.svg,1,11,381591656,4605
share-of-adult-men-overweight-or-obese-vs-daily-supply-of-calories,ScatterPlot,,,c4fb11b0c68ce87e3a70a9d81533706c,share-of-adult-men-overweight-or-obese-vs-daily-supply-of-calories_v26_850x600.svg,14,95,419728512,762129
share-of-adults-borrowing-from-a-financial-institution-vs-family-or-friends,ScatterPlot,,,10ed1dbed8db56ee1ad17d8bb18786b8,share-of-adults-borrowing-from-a-financial-institution-vs-family-or-friends_v24_850x600.svg,2,24,1075414768,54297
share-of-adults-borrowing-from-different-sources,SlopeChart,,,63c8de9f41372798ab07a258da1e05f9,share-of-adults-borrowing-from-different-sources_v4_850x600.svg,2,22,1094395408,61698
share-of-adults-defined-as-obese,WorldMap,,,904f095302f13f3976c68502c8a7acb3,share-of-adults-defined-as-obese_v29_850x600.svg,6,37,245535904,318351
share-of-adults-who-are-overweight,WorldMap,,,90f9c593c439bccb64c63f9d444d510d,share-of-adults-who-are-overweight_v25_850x600.svg,2,17,336767952,307754
share-of-adults-who-drank-alcohol-in-last-year,WorldMap,,,b0a596626fa17fad162cbe7fe98a56f6,share-of-adults-who-drank-alcohol-in-last-year_v18_850x600.svg,2,19,1071797400,129812
share-of-adults-who-perceive-their-rights-to-land-as-secure,WorldMap,,,59e9f8cf66ac7d765bc88971617a9933,share-of-adults-who-perceive-their-rights-to-land-as-secure_v9_850x600.svg,1,9,427817848,1289
share-of-adults-who-report-saving-money-in-the-past-year,SlopeChart,,,432a0fd8cb195682d2c4985d5fa5e403,share-of-adults-who-report-saving-money-in-the-past-year_v10_850x600.svg,2,10,344634536,15986
share-of-adults-who-smoke,WorldMap,,,f48e2efa92772aadfbc72eaa061c5314,share-of-adults-who-smoke_v37_850x600.svg,1,17,1122684280,45766
share-of-adults-who-smoke-vs-gdp-per-capita,ScatterPlot,,,0a4e8acf840dc9182b3e30c05bc9f556,share-of-adults-who-smoke-vs-gdp-per-capita_v34_850x600.svg,62,177,470187584,2135615
share-of-agricultural-land-being-productively-and-sustainably-used,WorldMap,,,ebdcf5b5bfbbadec123373dec12244a2,share-of-agricultural-land-being-productively-and-sustainably-used_v9_850x600.svg,1,8,297394200,591
share-of-agricultural-land-owners-that-are-women,WorldMap,,,c1135ebded939d4a8bf2c3c263885c32,share-of-agricultural-land-owners-that-are-women_v9_850x600.svg,1,15,254527992,3109
share-of-agricultural-landowners-who-are-female,WorldMap,,,22a67778c665a5e4e8495e66bf9a41f3,share-of-agricultural-landowners-who-are-female_v10_850x600.svg,1,14,1080466736,3211
share-of-agriculture-in-total-employment,LineChart,,,6f64da56aa0139efc855bbd46b4d9c41,share-of-agriculture-in-total-employment_v3_850x600.svg,2,12,1129443456,69024
share-of-all-cancer-deaths-by-risk-factor,DiscreteBar,,,64d55429c36742f19d5b64a5bb30ffb7,share-of-all-cancer-deaths-by-risk-factor_v10_850x600.svg,30,42,343117544,2797661
share-of-arable-land-which-is-organic,WorldMap,,,ed983f255401a018f0e70309151619e2,share-of-arable-land-which-is-organic_v7_850x600.svg,2,17,1139864752,107194
share-of-births-by-age-of-mother,LineChart,,,8204a1f03b8bc090a89ba352d27a4772,share-of-births-by-age-of-mother_v15_850x600.svg,40,62,255452408,2551833
share-of-births-outside-marriage,LineChart,,,6a1d3aeee01d7d3d4ce66acb32f50f81,share-of-births-outside-marriage_v14_850x600.svg,1,14,1089370736,59870
share-of-businesses-asked-for-bribes-by-type-of-transaction-with-public-officials,DiscreteBar,,,192cf57c47cef83746415a3b921835cf,share-of-businesses-asked-for-bribes-by-type-of-transaction-with-public-officials_v35_850x600.svg,2,10,1099296008,87356
share-of-calories-from-animal-protein-vs-mean-male-height,ScatterPlot,,,888dcc1333728708837a247acf99a188,share-of-calories-from-animal-protein-vs-mean-male-height_v21_850x600.svg,23,93,1150814664,1148732
share-of-cancer-deaths-attributed-to-all-risk-factors,WorldMap,,,3fc1218e9616a2618dfd39bf6f3ed7f7,share-of-cancer-deaths-attributed-to-all-risk-factors_v8_850x600.svg,2,23,1114720344,252054
share-of-cancer-deaths-attributed-to-different-risk-factors,DiscreteBar,,,45701fe73eba2069469756603ac42240,share-of-cancer-deaths-attributed-to-different-risk-factors_v23_850x600.svg,32,45,345740248,3050659
share-of-cancer-deaths-attributed-to-risk-factors,DiscreteBar,,,54c468f805b0f281e2018b704695561e,share-of-cancer-deaths-attributed-to-risk-factors_v21_850x600.svg,83,100,1138017528,5247195
share-of-cancer-deaths-attributed-to-tobacco,WorldMap,,,c9033d3892d2e3a4b2e9162ea43870c3,share-of-cancer-deaths-attributed-to-tobacco_v28_850x600.svg,2,24,271720176,252454
share-of-cancer-deaths-by-cancer-type,StackedDiscreteBar,,,a3a107dd29989c2a3bcd42cfaedb68c3,share-of-cancer-deaths-by-cancer-type_v20_850x600.svg,66,103,328309144,5372158
share-of-cancer-deaths-linked-to-dietary-risk-factors-by-cancer-type,DiscreteBar,,,1856896ac0951c60a2add498a290cef4,share-of-cancer-deaths-linked-to-dietary-risk-factors-by-cancer-type_v17_850x600.svg,17,29,266359352,1262021
share-of-cancer-deaths-linked-to-high-bmi-by-type,LineChart,,,3491a048271c5295ba3574ea3693e8e5,share-of-cancer-deaths-linked-to-high-bmi-by-type_v9_850x600.svg,47,83,1174765848,3029665
share-of-cancer-deaths-linked-to-tobacco-use-by-cancer-type,DiscreteBar,,,907b0687880f825b4932f2b9ed84b703,share-of-cancer-deaths-linked-to-tobacco-use-by-cancer-type_v19_850x600.svg,66,80,295480296,4032322
share-of-cancers-attributed-to-9-hpv-types,DiscreteBar,,,e7fc978c6416a42fd34cd58a179424ed,share-of-cancers-attributed-to-9-hpv-types_v6_850x600.svg,1,8,477232112,688
share-of-central-government-expenditures-funded-by-taxes,WorldMap,,,0cdd681922e26ca1a7a0d70f01f6703e,share-of-central-government-expenditures-funded-by-taxes_v15_850x600.svg,1,22,491265608,97514
share-of-cervical-and-all-cancer-deaths-due-to-unsafe-sex,DiscreteBar,,,8b0524f995c77caeb24c54977656623a,share-of-cervical-and-all-cancer-deaths-due-to-unsafe-sex_v8_850x600.svg,12,32,1124210576,461941
share-of-children-achieving-minimum-proficiency-in-reading-and-math-by-education-level,DiscreteBar,,,993fbeb84d0a2a18cab05b5bd1bf5dd8,share-of-children-achieving-minimum-proficiency-in-reading-and-math-by-education-level_v41_850x600.svg,2,12,500747800,69418
share-of-children-achieving-minimum-reading-proficiency-by-the-end-of-primary-education,Marimekko,,,60314ec2f27331a49e4d57773e695af1,share-of-children-achieving-minimum-reading-proficiency-by-the-end-of-primary-education_v45_850x600.svg,1,26,1193942248,25368
share-of-children-ages-13-15-who-report-being-bullied,WorldMap,,,c119e830c1682d4e56eed1b603b8d114,share-of-children-ages-13-15-who-report-being-bullied_v5_850x600.svg,1,15,1132176496,4629
share-of-children-ages-13-15-who-report-being-in-a-school-fight-last-year,WorldMap,,,b6b484ae3f71bf1392b6b1254e8f4da0,share-of-children-ages-13-15-who-report-being-in-a-school-fight-last-year_v4_850x600.svg,1,15,336290264,4641
share-of-children-immunized-dtp3,WorldMap,,,15dcc18b4158edf8b508c16275b4951c,share-of-children-immunized-dtp3_v24_850x600.svg,2,27,469301720,247039
share-of-children-living-with-a-single-parent,LineChart,,,fdff1998b8631a070f54ee16c4600515,share-of-children-living-with-a-single-parent_v23_850x600.svg,2,22,1151010544,18110
share-of-children-reaching-sufficient-reading-comprehension-by-the-end-of-lower-secondary-age,Marimekko,,,1f57507091be8e4edafb46096688e16f,share-of-children-reaching-sufficient-reading-comprehension-by-the-end-of-lower-secondary-age_v39_850x600.svg,2,23,353729136,30549
share-of-children-under-fifteen-years-old-with-hiv,WorldMap,,,41338eb00c2dc78149577d837ae60642,share-of-children-under-fifteen-years-old-with-hiv_v26_850x600.svg,4,19,276672840,330097
share-of-children-underweight,WorldMap,,,a83d1387acd77a6f4d195f862f4a2a1d,share-of-children-underweight_v25_850x600.svg,2,19,1166944584,40887
share-of-children-vaccinated-against-measles,WorldMap,,,506e2e330cfd5d43eb02904b8f2c7ee4,share-of-children-vaccinated-against-measles_v28_850x600.svg,2,27,490235808,243688
share-of-children-vaccinated-against-measles-vs-share-vaccinated-against-dpt3,ScatterPlot,,,45bf588d5e2dfee88dde4da80fe2331a,share-of-children-vaccinated-against-measles-vs-share-vaccinated-against-dpt3_v23_850x600.svg,60,185,1234386824,2106919
share-of-children-vaccinated-with-mcv2,WorldMap,,,eafb80d2e7a92ab36255a50dde63b798,share-of-children-vaccinated-with-mcv2_v26_850x600.svg,2,21,288229712,104018
share-of-children-who-are-overweight,WorldMap,,,b717aeabee65c9608e24816b60de0aa0,share-of-children-who-are-overweight_v25_850x600.svg,1,19,365579624,124561
share-of-children-who-are-stunted-in-urban-and-rural-areas,LineChart,,,0b1ff2b5e1c0a5d941ef941fda96037f,share-of-children-who-are-stunted-in-urban-and-rural-areas_v8_850x600.svg,2,11,1174326728,20468
share-of-children-who-are-stunted-vs-co-emissions-per-capita,ScatterPlot,,,49dcbc6a106d120c6fd97d2db306bbf5,share-of-children-who-are-stunted-vs-co-emissions-per-capita_v37_850x600.svg,20,119,1203371360,940242
share-of-children-who-are-stunted-vs-diarrheal-disease-death-rates-among-children,ScatterPlot,,,e20ab2bf4b10be317dcf6bc6e21d02a0,share-of-children-who-are-stunted-vs-diarrheal-disease-death-rates-among-children_v4_850x600.svg,8,40,486713008,377448
share-of-children-who-experienced-violence,WorldMap,,,2646fa61d5856e69154c7b5f5a94ba39,share-of-children-who-experienced-violence_v15_850x600.svg,1,14,296883744,2736
share-of-children-with-a-fever-receiving-antimalarial-drugs,WorldMap,,,51bf042158da4306452486e6fa41f6ca,share-of-children-with-a-fever-receiving-antimalarial-drugs_v17_850x600.svg,0,15,375023752,8457
share-of-children-with-a-weight-too-low-for-their-height-wasting,WorldMap,,,e9068264184f2bb7fa53adb88ca235fd,share-of-children-with-a-weight-too-low-for-their-height-wasting_v31_850x600.svg,1,20,310183088,40405
share-of-children-with-diarrhea-receiving-oral-rehydration-salts-and-zinc,WorldMap,,,e822315f28ab58c164a00cddd4ed8730,share-of-children-with-diarrhea-receiving-oral-rehydration-salts-and-zinc_v5_850x600.svg,1,16,348789984,4765
share-of-children-with-diarrhea-receiving-treatment,WorldMap,,,7ffbd8012dc40c0261babac499e21b93,share-of-children-with-diarrhea-receiving-treatment_v16_850x600.svg,2,17,321682704,13163
share-of-children-with-diarrhea-receiving-zinc,WorldMap,,,8c201cb5e92d1d9995cf3138489d1e51,share-of-children-with-diarrhea-receiving-zinc_v7_850x600.svg,1,15,358045144,5098
share-of-children-younger-than-5-who-suffer-from-stunting,WorldMap,,,7b2ae6e2ff1e3d35b7ee5e10f049e1d3,share-of-children-younger-than-5-who-suffer-from-stunting_v33_850x600.svg,78,226,560965128,2750425
share-of-city-residents-with-convenient-access-to-public-transport,WorldMap,,,79722f8ca3d8119ee6bee16b992cfad0,share-of-city-residents-with-convenient-access-to-public-transport_v10_850x600.svg,1,15,367368936,5406
share-of-clinical-trials-that-report-results-within-a-year-over-time,LineChart,,,b2c17580dfd2fbb645f54262f9aaaf2c,share-of-clinical-trials-that-report-results-within-a-year-over-time_v17_850x600.svg,1,10,280141456,185
share-of-consumer-expenditure-spent-on-food,WorldMap,,,9193e340debed0d21cb507bcdfbfa181,share-of-consumer-expenditure-spent-on-food_v13_850x600.svg,1,15,289487536,24113
share-of-countries-by-gender-of-the-chief-executive,StackedArea,,,1119c243598a126a15e1b5f968c6a860,share-of-countries-by-gender-of-the-chief-executive_v47_850x600.svg,2,12,377385000,87731
share-of-countries-by-gender-of-the-head-of-government,StackedArea,,,8b0518fdd71fb224e6b4b9fb2d4d7098,share-of-countries-by-gender-of-the-head-of-government_v50_850x600.svg,2,12,386957272,87731
share-of-countries-by-gender-of-the-head-of-state,StackedArea,,,6a9a7bbe4aa9a64214c33e3f3e87ac8d,share-of-countries-by-gender-of-the-head-of-state_v46_850x600.svg,2,13,299489192,87741
share-of-countries-recording-high-food-prices,StackedBar,,,9794b0126fa232614eff70745af144b6,share-of-countries-recording-high-food-prices_v10_850x600.svg,2,11,305939296,12113
share-of-countries-region-reporting-confirmed-infections-glass,LineChart,,,8a872c2dd1cd4a15beed3e4bc7f2d213,share-of-countries-region-reporting-confirmed-infections-glass_v15_850x600.svg,1,23,364760856,8324
share-of-countries-testing-confirmed-bacterial-infections-for-antibiotic-susceptibility,LineChart,,,066521fafeb927d9716e3e678624a58f,share-of-countries-testing-confirmed-bacterial-infections-for-antibiotic-susceptibility_v11_850x600.svg,2,25,322696168,8297
share-of-countries-that-have-had-a-woman-as-chief-executive,LineChart,,,609b946e06cb8179ac5f394eea6bb9e8,share-of-countries-that-have-had-a-woman-as-chief-executive_v22_850x600.svg,1,32,1220837688,14786
share-of-countries-with-procedures-for-community-participation-in-water-sanitation-management,DiscreteBar,,,4a5a75fe735de76b6d5912082d975182,share-of-countries-with-procedures-for-community-participation-in-water-sanitation-management_v21_850x600.svg,1,10,370530528,1554
share-of-cumulative-co2,LineChart,,,ce98d18b9bd8993e7c1b37abdc82c1cf,share-of-cumulative-co2_v37_850x600.svg,4,27,388053448,966996
share-of-cumulative-plastic-exports,DiscreteBar,,,73237accd80a536b7eca2f45af5b8a6b,share-of-cumulative-plastic-exports_v4_850x600.svg,1,12,293032944,362
share-of-day-women-spend-on-unpaid-domestic-and-care-work,WorldMap,,,6d3455ec20ae0225cc30f8fc1aef153d,share-of-day-women-spend-on-unpaid-domestic-and-care-work_v9_850x600.svg,2,17,1230789720,4213
share-of-deaths-by-cause,DiscreteBar,,,1f29723748c1b7fe904e08bff0aa2690,share-of-deaths-by-cause_v48_850x600.svg,202,225,416021256,10826009
share-of-deaths-by-risk-factor,DiscreteBar,,,45460bf71a27706d4f6ba7b5d04a97dd,share-of-deaths-by-risk-factor_v5_850x600.svg,106,126,1250559784,6386052
share-of-deaths-cause-is-registered,WorldMap,,,37789e1b8da8dbb0082705b1baa3909c,share-of-deaths-cause-is-registered_v45_850x600.svg,1,13,397829912,3843
share-of-deaths-from-cardiovascular-diseases-men-women,LineChart,,,90963b25283ac281fa0cac09c537771b,share-of-deaths-from-cardiovascular-diseases-men-women_v31_850x600.svg,12,54,1198247720,495642
share-of-deaths-from-homicide,WorldMap,,,0211f60abff17289ae9ad931f070c5dd,share-of-deaths-from-homicide_v13_850x600.svg,3,47,383559024,174766
share-of-deaths-from-major-causes,DiscreteBar,,,5a7b24d2e22a76b838d90f849de6bca3,share-of-deaths-from-major-causes_v24_850x600.svg,44,64,1210194880,3271037
share-of-deaths-from-opioid-overdoses,WorldMap,,,dbe000a8b2b28bd257c6085ad51d0b39,share-of-deaths-from-opioid-overdoses_v18_850x600.svg,2,21,398398872,349056
share-of-deaths-from-terrorism,WorldMap,,,af727fbac260ced4fc5dc8621168672b,share-of-deaths-from-terrorism_v28_850x600.svg,6,36,389154696,276187
share-of-deaths-from-underlying-causes,StackedArea,,,bd92e25ff84360230d7507ca93b91374,share-of-deaths-from-underlying-causes_v10_850x600.svg,23,40,600366768,1824614
share-of-deaths-obesity,WorldMap,,,648262ac0ab1720b97416244cc27a100,share-of-deaths-obesity_v15_850x600.svg,2,21,402712384,251634
share-of-deaths-registered,WorldMap,,,c663869aea3926c388a6979bffbefdcd,share-of-deaths-registered_v70_850x600.svg,2,20,1222883216,34457
share-of-dietary-energy-derived-from-protein-vs-gdp-per-capita,ScatterPlot,,,ce14c02eddb06e5c65f6793ea2e069d6,share-of-dietary-energy-derived-from-protein-vs-gdp-per-capita_v35_850x600.svg,82,250,1343039192,2537196
share-of-dietary-energy-supply-from-carbohydrates-vs-gdp-per-capita,ScatterPlot,,,436a1ff57fd878a010a7bcd2978f48bc,share-of-dietary-energy-supply-from-carbohydrates-vs-gdp-per-capita_v36_850x600.svg,82,244,657118768,2532397
share-of-dietary-energy-supply-from-fats-vs-gdp-per-capita,ScatterPlot,,,4c7c0abdb2af2510016bcce9e4717d0d,share-of-dietary-energy-supply-from-fats-vs-gdp-per-capita_v34_850x600.svg,72,205,507385072,2537683
share-of-disease-burden-from-communicable-diseases-vs-gdp,ScatterPlot,,,2d9f746f9faf76788bdc1dee515c563e,share-of-disease-burden-from-communicable-diseases-vs-gdp_v44_850x600.svg,74,233,1288838872,2348245
share-of-disease-burden-from-ncds-vs-gdp,ScatterPlot,,,495da41eae0932ad1cc2dd7fdb670349,share-of-disease-burden-from-ncds-vs-gdp_v43_850x600.svg,70,211,500455608,2346821
share-of-drinkers-who-binged,LineChart,,,fbc9adad7472bcb2bd351e8f1c02b5f3,share-of-drinkers-who-binged_v3_850x600.svg,1,13,517122728,5879
share-of-e-coli-bloodstream-infections-due-to-antimicrobial-resistant-bacteria,WorldMap,,,5c1ccf81d1e3761a52730ed6521fa2fe,share-of-e-coli-bloodstream-infections-due-to-antimicrobial-resistant-bacteria_v16_850x600.svg,1,11,452152760,14958
share-of-eggs-produced-by-different-housing-systems,StackedDiscreteBar,,,097a6f5f43e2f31814e273ceb7a4718d,share-of-eggs-produced-by-different-housing-systems_v8_850x600.svg,2,17,1300275104,54526
share-of-employed-women-working-in-agriculture-vs-gdp-per-capita,ScatterPlot,,,3af6204da07ecab62858e52cb7efcc8d,share-of-employed-women-working-in-agriculture-vs-gdp-per-capita_v33_850x600.svg,63,195,696722432,2322812
share-of-employee-compensation-in-public-spending,WorldMap,,,a71770153c9d7b7766eed1290c364bd7,share-of-employee-compensation-in-public-spending_v19_850x600.svg,2,17,468289976,154030
share-of-employees-whose-wages-are-covered-by-collective-bargaining-agreements,DiscreteBar,,,4a4805d3e73d1efe54e5233ff3d769cc,share-of-employees-whose-wages-are-covered-by-collective-bargaining-agreements_v22_850x600.svg,1,12,1072659944,931
share-of-employees-whose-wages-are-covered-by-collective-bargaining-agreements-finn,DiscreteBar,,,cf7a08df565083f654c89608b1944c78,share-of-employees-whose-wages-are-covered-by-collective-bargaining-agreements-finn_v11_850x600.svg,1,11,1350839864,931
share-of-employment-in-agriculture,WorldMap,,,73e752f44a9ab2f4d0ce42aa4371f653,share-of-employment-in-agriculture_v15_850x600.svg,2,29,1370506912,233606
share-of-energy-from-cereals-roots-and-tubers-vs-gdp-per-capita,ScatterPlot,,,1ab050687fd2f17e0ebd3e1ea90fb238,share-of-energy-from-cereals-roots-and-tubers-vs-gdp-per-capita_v39_850x600.svg,10,54,1115880432,382264
share-of-female-workers-by-sector,StackedArea,,,168a160d67a176319ef2076a8016696e,share-of-female-workers-by-sector_v15_850x600.svg,12,26,1323534000,696799
share-of-females-defined-as-obese,WorldMap,,,ba5ce7ccba55b257a08d4e8f051db7bc,share-of-females-defined-as-obese_v17_850x600.svg,2,17,482983264,309047
share-of-females-defined-as-overweight,WorldMap,,,8a2aa5d691b02f0c9043d8b31f8c99cc,share-of-females-defined-as-overweight_v19_850x600.svg,2,17,497702312,307624
share-of-final-energy-consumption-from-renewable-sources,WorldMap,,,68278d1fb29174f465845dba763cbcaa,share-of-final-energy-consumption-from-renewable-sources_v12_850x600.svg,3,30,1295642480,242429
share-of-firms-for-which-access-to-finance-is-a-major-constraint,WorldMap,,,a8bcbdc7549f0627141a74f2c43a5c89,share-of-firms-for-which-access-to-finance-is-a-major-constraint_v12_850x600.svg,1,43,1344527304,1364
share-of-firms-that-say-corruption-is-a-big-problem-for-them,WorldMap,,,787bced9b8d11c8acd9a4ead2cdc6e63,share-of-firms-that-say-corruption-is-a-big-problem-for-them_v19_850x600.svg,2,17,473159656,21106
share-of-fish-stocks-overexploited,DiscreteBar,,,3482c53459b93578fb8e45ad36e09003,share-of-fish-stocks-overexploited_v9_850x600.svg,1,13,510397272,10133
share-of-fish-stocks-that-are-sustainably-fished,WorldMap,,,271bc979adb79c99008ad1d3207531a7,share-of-fish-stocks-that-are-sustainably-fished_v10_850x600.svg,1,16,1053099112,6860
share-of-food-expenditure-vs-food-expenditure,ScatterPlot,,,6978fe1270a9d57e660a5d006da7cedd,share-of-food-expenditure-vs-food-expenditure_v25_850x600.svg,2,22,1310824560,56860
share-of-foreign-aid-spent-within-donor-countries,LineChart,,,4689911068e065f1fbab64c5456f1928,share-of-foreign-aid-spent-within-donor-countries_v12_850x600.svg,1,16,488333440,51626
share-of-global-annual-co-emissions-from-other-industry,WorldMap,,,caa5aac384563692a9a7a3dce670a8b6,share-of-global-annual-co-emissions-from-other-industry_v18_850x600.svg,1,14,437428088,73889
share-of-global-consumption-based-co-emissions-and-population,DiscreteBar,,,2620d10371033ab523829edf52c7a319,share-of-global-consumption-based-co-emissions-and-population_v13_850x600.svg,68,110,1069676608,2914443
share-of-global-cumulative-co-emissions-from-land-use-change,WorldMap,,,439b5ba73f5ff3885bdfa357a2670417,share-of-global-cumulative-co-emissions-from-land-use-change_v16_850x600.svg,6,55,1328427112,1295003
share-of-global-cumulative-co-emissions-from-other-industry,WorldMap,,,35131580dbb5babd40f6366b7ede5a68,share-of-global-cumulative-co-emissions-from-other-industry_v19_850x600.svg,1,10,498579864,74174
share-of-global-habitable-land-needed-for-agriculture-if-everyone-had-the-diet-of,WorldMap,,,9f282e95b14b5972a30ced7d229dac87,share-of-global-habitable-land-needed-for-agriculture-if-everyone-had-the-diet-of_v12_850x600.svg,1,13,1318657624,4938
share-of-global-merchandise-exports,DiscreteBar,,,d29f75c9e3da4d84895d67522b64153f,share-of-global-merchandise-exports_v12_850x600.svg,2,12,446987168,163835
share-of-global-mismanaged-plastic-waste,WorldMap,,,66083e1e615e381dda2785653add56a0,share-of-global-mismanaged-plastic-waste_v16_850x600.svg,1,10,505823880,5961
share-of-global-plastic-waste-emitted-to-the-ocean,WorldMap,,,42b9f549ff611a95710758eff845256b,share-of-global-plastic-waste-emitted-to-the-ocean_v14_850x600.svg,1,11,1325844072,5757
share-of-global-services-exports,WorldMap,,,3c7e55b05595884a4b734b96a642c448,share-of-global-services-exports_v13_850x600.svg,2,20,459251080,151606
share-of-gov-expenditure-in-gdp-vs-gdp-per-capita,ScatterPlot,,,bb259b87ecedb834b459bae7104bc425,share-of-gov-expenditure-in-gdp-vs-gdp-per-capita_v33_850x600.svg,55,175,557161168,2565894
share-of-government-consumption-in-gdp-vs-share-in-extreme-poverty,ScatterPlot,,,251c6d589fe7c6b577360b93afa6cb81,share-of-government-consumption-in-gdp-vs-share-in-extreme-poverty_v71_850x600.svg,63,209,1403059192,2323913
share-of-government-expenditure-going-to-interest-payments,WorldMap,,,6a452641724a676d810d6d6e6513d002,share-of-government-expenditure-going-to-interest-payments_v16_850x600.svg,2,23,475483640,153813
share-of-health-facilities-with-essential-medicines,DiscreteBar,,,181999c642433367df1307c72ae9c2a9,share-of-health-facilities-with-essential-medicines_v14_850x600.svg,1,9,1334235608,1138
share-of-household-consumption-in-gdp-vs-gdp-per-capita,ScatterPlot,,,a7c10c76686645b5cbb88bf36a48cb50,share-of-household-consumption-in-gdp-vs-gdp-per-capita_v34_850x600.svg,74,195,564313448,2562033
share-of-households-by-type,StackedDiscreteBar,,,71d665287a5b720c54d80423e15d8c03,share-of-households-by-type_v24_850x600.svg,4,19,1347834608,161806
share-of-households-consuming-iodized-salt,WorldMap,,,c861bc4cbf016a677e508f3b61537d92,share-of-households-consuming-iodized-salt_v18_850x600.svg,1,15,1357818664,11199
share-of-individuals-using-the-internet,WorldMap,,,db4c61c1757b91ef5f513925cbaca706,share-of-individuals-using-the-internet_v64_850x600.svg,2,33,715928016,196745
share-of-individuals-who-own-a-mobile-telephone-by-sex,ScatterPlot,,,fa4c23d1361e19eb493338614c42be40,share-of-individuals-who-own-a-mobile-telephone-by-sex_v13_850x600.svg,2,28,1375164248,35031
share-of-industrial-wastewater-which-is-treated,DiscreteBar,,,db87e677c9237b2f052c465dde3ad907,share-of-industrial-wastewater-which-is-treated_v6_850x600.svg,1,12,1076364936,675
share-of-invasive-cervical-cancers-caused-by-each-hpv-type,DiscreteBar,,,825bc279257bdad613bcddc3cd5cebb1,share-of-invasive-cervical-cancers-caused-by-each-hpv-type_v9_850x600.svg,2,14,1086890000,1447
share-of-land-area-used-for-agriculture,LineChart,,,4ca13b3297cc97de19ac2e9224d76157,share-of-land-area-used-for-agriculture_v18_850x600.svg,3,19,1347602688,429106
share-of-land-area-used-for-arable-agriculture,WorldMap,,,970ab2f7e30c09477af9c49b5d68f17e,share-of-land-area-used-for-arable-agriculture_v16_850x600.svg,3,32,1111788888,422830
share-of-land-covered-by-lakes-and-rivers,WorldMap,,,823c4fcfeb70d6d4b8442b75d2003b2d,share-of-land-covered-by-lakes-and-rivers_v16_850x600.svg,2,21,178661576,148264
share-of-low-birthweight-babies-born,WorldMap,,,391790ae799a71a304b08fd0b4a0abba,share-of-low-birthweight-babies-born_v10_850x600.svg,1,17,1358761760,116581
share-of-low-carbon-energy-vs-gdp,ScatterPlot,,,3ba9cae9a5bfdb303d6cd87fe665686a,share-of-low-carbon-energy-vs-gdp_v42_850x600.svg,9,56,1112683024,438615
share-of-lung-cancer-deaths-attributed-to-air-pollution,WorldMap,,,1ca32ecd7aa29bb39283daedd86fb8c5,share-of-lung-cancer-deaths-attributed-to-air-pollution_v15_850x600.svg,2,23,194562536,252469
share-of-male-vs-female-employment-in-agri,ScatterPlot,,,6de0e5efd2fe462bf1aa570445b577cc,share-of-male-vs-female-employment-in-agri_v31_850x600.svg,64,188,1418316624,2307287
share-of-male-vs-female-employment-in-industry,ScatterPlot,,,52c76323c1a6ea1b42a5d1585a27cdda,share-of-male-vs-female-employment-in-industry_v28_850x600.svg,65,204,238658584,2307727
share-of-male-vs-female-employment-in-services,ScatterPlot,,,56c242e19ee19b5483801ccf6e1f23b1,share-of-male-vs-female-employment-in-services_v31_850x600.svg,55,168,632787888,2304782
share-of-married-women-ages-15-49-years-whose-need-for-family-planning-is-satisfied,WorldMap,,,1ec96a8753aac8d09792c8671b1369e8,share-of-married-women-ages-15-49-years-whose-need-for-family-planning-is-satisfied_v23_850x600.svg,2,20,1123693712,25985
share-of-men-defined-as-obese,WorldMap,,,6d1ad3ab615d6d89145bd136da4bbd0c,share-of-men-defined-as-obese_v18_850x600.svg,2,33,1417975104,309287
share-of-men-defined-as-overweight,WorldMap,,,bd60343a43a65b3f5649e4671b51ab9e,share-of-men-defined-as-overweight_v18_850x600.svg,3,33,1096074552,307694
share-of-men-in-england-and-wales-who-have-ever-married-by-age,LineChart,,,66c7c2e27f209c508b1939367c72beb8,share-of-men-in-england-and-wales-who-have-ever-married-by-age_v29_850x600.svg,2,21,577539600,13526
share-of-men-who-are-smoking,WorldMap,,,a37483bf5487b72b9f28309845519a30,share-of-men-who-are-smoking_v18_850x600.svg,1,18,1106714544,45890
share-of-mothers-in-low--and-middle-income-countries-who-lost-a-child-under-5,SlopeChart,,,3a178143e410b6aab8a01e4ee043e3e1,share-of-mothers-in-low--and-middle-income-countries-who-lost-a-child-under-5_v21_850x600.svg,1,14,512814280,4925
share-of-mothers-receiving-at-least-four-antenatal-visits-during-pregnancy,WorldMap,,,1efc5b847752560d15ed049ace631efb,share-of-mothers-receiving-at-least-four-antenatal-visits-during-pregnancy_v23_850x600.svg,1,17,1118683736,32464
share-of-mothers-receiving-at-least-one-antenatal-visit-during-pregnancy,WorldMap,,,cb48ca7dbfe68a94109c00e33bfde981,share-of-mothers-receiving-at-least-one-antenatal-visit-during-pregnancy_v30_850x600.svg,1,17,525163752,28070
share-of-mothers-who-have-lost-a-child-under-5,WorldMap,,,2a522f92a880d1b1c8e22efed3d1972b,share-of-mothers-who-have-lost-a-child-under-5_v8_850x600.svg,1,17,172547400,4902
share-of-mothers-who-have-lost-an-infant,WorldMap,,,5819c35853f76bfa72e2fe29bdc7242e,share-of-mothers-who-have-lost-an-infant_v10_850x600.svg,1,15,1128785664,4894
share-of-mountain-land-that-is-degraded,WorldMap,,,a343fe65debb2c5dd4759622532915b6,share-of-mountain-land-that-is-degraded_v6_850x600.svg,1,13,533088032,16585
share-of-new-cancers-caused-by-all-known-infections-by-type,DiscreteBar,,,cede6eea012ddd49547eb9f84f7ed394,share-of-new-cancers-caused-by-all-known-infections-by-type_v21_850x600.svg,4,19,190306504,110132
share-of-new-cancers-caused-by-all-known-infectious-agents,WorldMap,,,a8248ccf5e9eaef660109a1803ada3ef,share-of-new-cancers-caused-by-all-known-infectious-agents_v15_850x600.svg,2,17,542770456,6403
share-of-new-cancers-caused-by-helicobacter-pylori-bacteria,WorldMap,,,dc65f8670067216d903b783f597618e8,share-of-new-cancers-caused-by-helicobacter-pylori-bacteria_v10_850x600.svg,1,16,1138731080,6198
share-of-new-cars-sold-that-are-battery-electric-and-plug-in-hybrid,StackedDiscreteBar,,,2c910a2e832d10f4fcb96bb0823419cb,share-of-new-cars-sold-that-are-battery-electric-and-plug-in-hybrid_v16_850x600.svg,2,15,201290256,49382
share-of-one-year-olds-who-received-the-final-dose-of-pneumococcal-vaccine,WorldMap,,,e4363612acfabb547547e753071bd2ad,share-of-one-year-olds-who-received-the-final-dose-of-pneumococcal-vaccine_v35_850x600.svg,1,17,554581656,61179
share-of-one-year-olds-who-received-the-rotavirus-vaccine,WorldMap,,,54348441526fd3bbd5c8315f94d1416a,share-of-one-year-olds-who-received-the-rotavirus-vaccine_v33_850x600.svg,1,18,1150089800,47069
share-of-out-of-pocket-expenditure-on-healthcare,WorldMap,,,09d28ab8437f0890a49dc36a064385c5,share-of-out-of-pocket-expenditure-on-healthcare_v18_850x600.svg,2,27,1434249888,162321
share-of-out-of-pocket-expenditure-vs-gdp-per-capita,ScatterPlot,,,ae6bc963231e87c1a51e0301147382b2,share-of-out-of-pocket-expenditure-vs-gdp-per-capita_v36_850x600.svg,91,241,293890328,2252170
share-of-overweight-men-vs-women,ScatterPlot,,,2860a1322b238c38eca9d7b7f0cedb8f,share-of-overweight-men-vs-women_v19_850x600.svg,9,52,591919528,624616
share-of-people-living-in-urban-and-rural-areas-degurba,LineChart,,,573acabac174b238649d3ffd8037925f,share-of-people-living-in-urban-and-rural-areas-degurba_v44_850x600.svg,9,31,536528176,519658
share-of-people-saying-they-do-not-want-homosexual-neighbors,WorldMap,,,ce53f2f348429dce450aee8ff6ab0000,share-of-people-saying-they-do-not-want-homosexual-neighbors_v14_850x600.svg,2,17,1115843664,21571
share-of-people-who-dont-drink-alcohol-men-vs-women,ScatterPlot,,,547bd661c2246ad8fdd13988ba07419d,share-of-people-who-dont-drink-alcohol-men-vs-women_v2_850x600.svg,5,35,266144336,268688
share-of-people-who-feel-close-to-at-least-one-person,DiscreteBar,,,6cfb2603e74647872f7ccf67e470ee79,share-of-people-who-feel-close-to-at-least-one-person_v20_850x600.svg,2,12,1123378648,1479
share-of-people-who-find-political-decision-making-inclusive-and-responsive,DiscreteBar,,,3ccb386453437c50da1bedb186bba4f7,share-of-people-who-find-political-decision-making-inclusive-and-responsive_v9_850x600.svg,1,8,1129070888,1153
share-of-people-who-identify-as-religious-or-spiritual,StackedDiscreteBar,,,98136f59958539509be643796924cc48,share-of-people-who-identify-as-religious-or-spiritual_v8_850x600.svg,2,16,546932304,6123
share-of-people-who-recently-donated-to-charity,DiscreteBar,,,dc3207876539a34e736260c3ea3a7039,share-of-people-who-recently-donated-to-charity_v14_850x600.svg,2,12,172005640,1501
share-of-people-who-recently-paid-a-bribe-or-were-asked-for-one-vs-political-corruption-index,ScatterPlot,,,7f9da6d9b12ca0cec814a9abc13cbd9f,share-of-people-who-recently-paid-a-bribe-or-were-asked-for-one-vs-political-corruption-index_v22_850x600.svg,18,109,608478008,872140
share-of-people-who-recently-volunteered,DiscreteBar,,,db6fe86f7995270693361afae63280a2,share-of-people-who-recently-volunteered_v16_850x600.svg,0,9,1136476760,1505
share-of-people-who-report-having-intentions-to-start-business,ScatterPlot,,,44dde06b3137c3298a31f5913e1e5c0e,share-of-people-who-report-having-intentions-to-start-business_v28_850x600.svg,72,186,267179584,2113437
share-of-people-who-say-accepting-a-bribe-is-never-justifiable,WorldMap,,,83494255c3180cdf7114d8dc1efd46ab,share-of-people-who-say-accepting-a-bribe-is-never-justifiable_v23_850x600.svg,2,19,559424792,22878
share-of-people-who-say-they-are-happy,WorldMap,,,32fff1d1a37be3743118a4f9f1944fa1,share-of-people-who-say-they-are-happy_v10_850x600.svg,2,15,274942952,13663
share-of-people-who-say-they-are-happy-eurobarometer,LineChart,,,d13486a7a6609877efa6bbaf13f499e8,share-of-people-who-say-they-are-happy-eurobarometer_v10_850x600.svg,2,16,1147425648,25947
share-of-people-who-think-homosexuality-is-never-justified,WorldMap,,,f19660da5af51061105375cb5e02e580,share-of-people-who-think-homosexuality-is-never-justified_v18_850x600.svg,2,17,287026152,22523
share-of-people-who-think-their-life-will-improve-in-the-next-years,StackedDiscreteBar,,,1d95fd7fc20b1e1d1f7092c83a6505dc,share-of-people-who-think-their-life-will-improve-in-the-next-years_v20_850x600.svg,1,10,1155846552,4517
share-of-people-with-disputes-using-a-dispute-resolution-mechanism,DiscreteBar,,,29309b145962d98a733cd53c5cf7eb0a,share-of-people-with-disputes-using-a-dispute-resolution-mechanism_v10_850x600.svg,1,8,527708480,626
share-of-people-worried-about-terrorism,WorldMap,,,15d74a3481ec3f840be03aa899d334ff,share-of-people-worried-about-terrorism_v22_850x600.svg,3,15,536589112,13353
share-of-plastic-waste-that-is-mismanaged,SlopeChart,,,a565cc3f4d33c082e25fa322b4f46800,share-of-plastic-waste-that-is-mismanaged_v17_850x600.svg,2,15,1127662064,6874
share-of-population-15-years-and-older-with-no-education,WorldMap,,,61b74b7c3618d2ed675f2ee2ec3204cf,share-of-population-15-years-and-older-with-no-education_v16_850x600.svg,3,22,255471600,121617
share-of-population-by-religious-affiliation,StackedDiscreteBar,,,8eff0d8e193a4abf8fdf16cab8cbaea2,share-of-population-by-religious-affiliation_v4_850x600.svg,3,13,546657160,100459
share-of-population-covered-by-social-protection,WorldMap,,,767b9ca5bed3c6a4f020a50edbf014f6,share-of-population-covered-by-social-protection_v13_850x600.svg,1,11,1137664704,19814
share-of-population-deprived-by-multidimensional-poverty-indicators,DiscreteBar,,,7ffb717c08629a01fa7acec022c6d91f,share-of-population-deprived-by-multidimensional-poverty-indicators_v21_850x600.svg,2,14,1147671112,36117
share-of-population-in-extreme-poverty,WorldMap,,,430d88c9e02f149c6b6e85a3fcaa575b,share-of-population-in-extreme-poverty_v83_850x600.svg,53,128,645750624,1961272
share-of-population-in-extreme-poverty-2011-ppp,WorldMap,,,f9ee04c7dd3b82f034c8f4b9a421210f,share-of-population-in-extreme-poverty-2011-ppp_v65_850x600.svg,1,24,273540816,90534
share-of-population-in-extreme-poverty-vs-electoral-democracy-index,ScatterPlot,,,b86e9321f5ba7b9eaba9a6a7a086fd0b,share-of-population-in-extreme-poverty-vs-electoral-democracy-index_v67_850x600.svg,26,139,1235769400,1154059
share-of-population-in-multidimensional-poverty-urban-vs-rural-cme,DiscreteBar,,,2b7a5e565d6a74bcfa17fe7d988050b7,share-of-population-in-multidimensional-poverty-urban-vs-rural-cme_v23_850x600.svg,1,9,280778096,7295
share-of-population-in-multidimensional-poverty-urban-vs-rural-cme-scatter,ScatterPlot,,,d30653fc22ee06d7e766e5a0f818099d,share-of-population-in-multidimensional-poverty-urban-vs-rural-cme-scatter_v25_850x600.svg,58,175,694849976,2477589
share-of-population-in-multidimensional-poverty-urban-vs-rural-hot,LineChart,,,e27b13640f8637aea5c48211f3b2c05f,share-of-population-in-multidimensional-poverty-urban-vs-rural-hot_v29_850x600.svg,2,21,295215720,16486
share-of-population-in-severe-multidimensional-poverty,WorldMap,,,5df2338f73497e641570d40165ab564e,share-of-population-in-severe-multidimensional-poverty_v56_850x600.svg,2,19,268137600,12996
share-of-population-living-in-cities-towns-and-villages,LineChart,,,24632c5b33dfc5eb49b3f7a4108b456f,share-of-population-living-in-cities-towns-and-villages_v41_850x600.svg,12,28,293462680,772389
share-of-population-living-in-extreme-poverty,LineChart,,,0521da5266e1d6a5d96f876a5a9b15f7,share-of-population-living-in-extreme-poverty_v20_850x600.svg,2,21,307495440,18112
share-of-population-living-in-extreme-poverty-2011-vs-2017-prices,LineChart,,,9d2d065e537c8fab2b3b5b900747538e,share-of-population-living-in-extreme-poverty-2011-vs-2017-prices_v8_850x600.svg,4,19,308045888,181114
share-of-population-living-in-extreme-poverty-2017-prices,WorldMap,,,66350899ae53ef76e76a2c793c3dfee2,share-of-population-living-in-extreme-poverty-2017-prices_v70_850x600.svg,2,25,284207816,90580
share-of-population-living-in-extreme-poverty-cost-of-basic-needs,StackedArea,,,27f11e888ccb39c1692508300eca0bd9,share-of-population-living-in-extreme-poverty-cost-of-basic-needs_v17_850x600.svg,3,15,317951728,129319
share-of-population-living-in-extreme-poverty-historical,StackedArea,,,fd1ee1216a4206cbd31ceeb5a3de205d,share-of-population-living-in-extreme-poverty-historical_v21_850x600.svg,2,16,654334752,35935
share-of-population-living-in-extreme-poverty-lines-cbn,LineChart,,,a0949054695db794acdc70fe7c9d41e5,share-of-population-living-in-extreme-poverty-lines-cbn_v15_850x600.svg,1,16,274217248,78322
share-of-population-living-in-poverty-by-national-poverty-lines,WorldMap,,,b1bac8e33d634c43a76e8232746834fd,share-of-population-living-in-poverty-by-national-poverty-lines_v15_850x600.svg,1,21,250332792,33052
share-of-population-living-in-rural-areas,WorldMap,,,b7b6f11737f7959a3884b4d42506eb49,share-of-population-living-in-rural-areas_v7_850x600.svg,3,23,595522712,131494
share-of-population-living-in-the-capital-city,WorldMap,,,e698645cd5a82d57647e5c8dcd43c55e,share-of-population-living-in-the-capital-city_v21_850x600.svg,5,43,249425568,194854
share-of-population-living-on-less-than-the-lower-middle-income-poverty-line-2011-vs-2017-prices,LineChart,,,0f8270750cf71ab7374063b8c0f6de14,share-of-population-living-on-less-than-the-lower-middle-income-poverty-line-2011-vs-2017-prices_v14_850x600.svg,3,16,1250815008,181955
share-of-population-living-on-less-than-the-upper-middle-income-poverty-line-2011-vs-2017-prices,LineChart,,,ecc7a031097ada1fa4c65209fcaa4d7b,share-of-population-living-on-less-than-the-upper-middle-income-poverty-line-2011-vs-2017-prices_v18_850x600.svg,3,18,288846304,181863
share-of-population-living-with-less-than-international-and-lower-middle-income-poverty-lines,LineChart,,,eae66473cdd6af1ec6dc6f72f4916b69,share-of-population-living-with-less-than-international-and-lower-middle-income-poverty-lines_v51_850x600.svg,3,19,265630136,239745
share-of-population-multidimensionally-poor-hot,LineChart,,,053f339e88cd53a7e6c57fa1835a9738,share-of-population-multidimensionally-poor-hot_v30_850x600.svg,1,24,308789960,8159
share-of-population-satisfied-with-government-services,DiscreteBar,,,e3a70254968ea60a9d522855daab85dd,share-of-population-satisfied-with-government-services_v10_850x600.svg,1,9,601099376,2154
share-of-population-urban,WorldMap,,,03268855492b188253d1e1602085952b,share-of-population-urban_v37_850x600.svg,4,36,1211852520,692431
share-of-population-who-never-drink-alcohol,WorldMap,,,b17cd46811d7b3e4df8f8ba4a9d463c2,share-of-population-who-never-drink-alcohol_v14_850x600.svg,1,17,611532128,129993
share-of-population-with-cancer-age-standardized,WorldMap,,,09bb5ff724c00ef837d742fc7a752953,share-of-population-with-cancer-age-standardized_v24_850x600.svg,2,25,281617576,264416
share-of-population-with-cancer-by-age,DiscreteBar,,,e67bdfa78af9d5b38099822d22450681,share-of-population-with-cancer-by-age_v20_850x600.svg,18,33,288858704,1330019
share-of-population-with-cancer-crude,WorldMap,,,c8ce6301a1af4294213920646f9bf981,share-of-population-with-cancer-crude_v23_850x600.svg,2,28,265351536,264416
share-of-population-with-cancer-types,DiscreteBar,,,02f94d74c933c6cd6b5127354c5ef841,share-of-population-with-cancer-types_v28_850x600.svg,68,82,711334920,5843474
share-of-population-with-cancer-vs-median-age,ScatterPlot,,,c7b3e0791c64254351fd7235e086cb24,share-of-population-with-cancer-vs-median-age_v37_850x600.svg,75,190,666859600,2678800
share-of-population-with-improved-sanitation-faciltities,WorldMap,,,b9eee6bf65c590e01d7dfa1c921ba606,share-of-population-with-improved-sanitation-faciltities_v21_850x600.svg,2,31,254655072,198695
share-of-population-with-large-household-expenditures-on-health-10pc,WorldMap,,,f725dd6fcab667cf7089b9d4085effbc,share-of-population-with-large-household-expenditures-on-health-10pc_v7_850x600.svg,2,14,1223120552,30644
share-of-population-with-moderate-or-severe-food-insecurity,WorldMap,,,e26d10dd2b24b5708d8aa1636c7a3692,share-of-population-with-moderate-or-severe-food-insecurity_v15_850x600.svg,2,12,1231806072,42998
share-of-population-with-severe-food-insecurity,WorldMap,,,6f0655ff597d412490645a621aa0b93d,share-of-population-with-severe-food-insecurity_v16_850x600.svg,3,20,238337984,51474
share-of-populations-increasing-stable-or-decreasing-in-the-living-planet-index,StackedDiscreteBar,,,cddde724df9713a2052e1d9b3a6284ab,share-of-populations-increasing-stable-or-decreasing-in-the-living-planet-index_v10_850x600.svg,2,12,296680760,894
share-of-potential-polio-cases-with-adequate-stool-collection,LineChart,,,31efc7faa82ea32242568a9f5dc74110,share-of-potential-polio-cases-with-adequate-stool-collection_v19_850x600.svg,2,16,1202746384,98483
share-of-primary-energy-by-source,LineChart,,,c8a1a934d767b63bf7a3342201636b5e,share-of-primary-energy-by-source_v29_850x600.svg,27,43,307735664,1659453
share-of-prisoners-that-are-foreigners,WorldMap,,,c8b8351b12b49b1d9ef338e59c63d7a2,share-of-prisoners-that-are-foreigners_v11_850x600.svg,1,17,307740160,5568
share-of-prisoners-that-are-pre-trial-detainees,WorldMap,,,6766dc9a2693dc3f6754a93117501be5,share-of-prisoners-that-are-pre-trial-detainees_v12_850x600.svg,1,19,250683904,29953
share-of-professional-software-developers-using-ai-tools,StackedBar,,,1dd70edc046225e745b87d4c7497b1a0,share-of-professional-software-developers-using-ai-tools_v13_850x600.svg,1,7,1208623720,171
share-of-public-expenditure-on-healthcare-by-country,WorldMap,,,7e114069f73d41239f4d4fee42c610c7,share-of-public-expenditure-on-healthcare-by-country_v21_850x600.svg,2,23,325329792,161094
share-of-rural-population-with-electricity-access-vs-share-of-total-population-with-electricity-access,ScatterPlot,,,4c4380d24b7e6c018ef13d5df2c549b4,share-of-rural-population-with-electricity-access-vs-share-of-total-population-with-electricity-access_v25_850x600.svg,7,39,1207649848,406136
share-of-rural-population-with-improved-sanitation-faciltities,WorldMap,,,f1cb1b16d70f49d8a6d9198519c54628,share-of-rural-population-with-improved-sanitation-faciltities_v9_850x600.svg,1,22,265816456,155225
share-of-s-aureus-bloodstream-infections-that-are-resistant-to-antibiotics,WorldMap,,,ccf2baa5d8656ca8cacf4cb72ec585ba,share-of-s-aureus-bloodstream-infections-that-are-resistant-to-antibiotics_v11_850x600.svg,1,15,720514472,14551
share-of-schools-with-access-to-single-sex-basic-sanitation,DiscreteBar,,,314682c9ff2946a0c6c0369c002059d4,share-of-schools-with-access-to-single-sex-basic-sanitation_v16_850x600.svg,2,9,297801000,109156
share-of-service-in-total-exports,StackedArea,,,aced0ce44f19ba5a5279cb9c0ae56ac8,share-of-service-in-total-exports_v20_850x600.svg,10,20,277965664,573491
share-of-services-in-total-exports,LineChart,,,ec8119b64c3fd57723099ba7f38d5cd0,share-of-services-in-total-exports_v13_850x600.svg,2,22,279897480,242627
share-of-single-parent-households,LineChart,,,e27caec1191ccc83dc5e539c418048e4,share-of-single-parent-households_v25_850x600.svg,2,30,328916320,31583
share-of-small-with-illicit-origin,DiscreteBar,,,7f9f86aacaa52b981ebb975a57f18859,share-of-small-with-illicit-origin_v15_850x600.svg,1,8,1214130440,2994
share-of-species-evaluated-iucn,DiscreteBar,,,9d6b0919538c79ebf123a0fd5f8cdeff,share-of-species-evaluated-iucn_v12_850x600.svg,2,12,284942416,979
share-of-stage-1-cancers-by-diagnosis-route-in-england,StackedDiscreteBar,,,9727f501ea41f38afc3cafc2938612ca,share-of-stage-1-cancers-by-diagnosis-route-in-england_v10_850x600.svg,2,11,246084224,17051
share-of-students-achieving-minimum-proficiency-in-reading-and-math-by-education-level,DiscreteBar,,,2e727a47f5cbbfd148ed95edfedb2068,share-of-students-achieving-minimum-proficiency-in-reading-and-math-by-education-level_v39_850x600.svg,4,12,1225141160,75691
share-of-students-at-end-of-lower-secondary-education-achieving-minimum-math-proficiency,Marimekko,,,899dd1db62954e57110197952eb9d77b,share-of-students-at-end-of-lower-secondary-education-achieving-minimum-math-proficiency_v33_850x600.svg,2,25,302304144,31275
share-of-students-at-end-of-lower-secondary-education-with-minimum-reading-proficiency,Marimekko,,,6048566ec32c1add5e05f495a7268837,share-of-students-at-end-of-lower-secondary-education-with-minimum-reading-proficiency_v30_850x600.svg,3,24,347344336,31695
share-of-students-at-end-of-primary-education-achieving-minimum-math-proficiency,Marimekko,,,81b5b18cdcd2d825ee11a7e360627e0d,share-of-students-at-end-of-primary-education-achieving-minimum-math-proficiency_v22_850x600.svg,3,27,263005848,26519
share-of-students-at-end-of-primary-education-achieving-minimum-reading-proficiency,Marimekko,,,a0743b16394f75a7e6109c627656669b,share-of-students-at-end-of-primary-education-achieving-minimum-reading-proficiency_v34_850x600.svg,2,20,1241702024,26453
share-of-students-from-abroad,WorldMap,,,8cabf8b71a14f41cee3e29b9c8c9fbb8,share-of-students-from-abroad_v28_850x600.svg,2,28,167671104,90955
share-of-students-studying-abroad,WorldMap,,,e6b26063ec23334d1a94b04af2e39349,share-of-students-studying-abroad_v21_850x600.svg,2,22,316828376,118783
share-of-the-daily-calorie-supply-that-comes-from-animal-protein,WorldMap,,,92eee35b1b6f57aab608838b7332f94b,share-of-the-daily-calorie-supply-that-comes-from-animal-protein_v12_850x600.svg,121,385,1434825808,3568893
share-of-the-population-at-risk-of-catastrophic-expenditure-when-surgical-care-is-required,WorldMap,,,e68515e069521988154bd755ac04d5ad,share-of-the-population-at-risk-of-catastrophic-expenditure-when-surgical-care-is-required_v17_850x600.svg,1,14,321465368,74658
share-of-the-population-infected-with-hiv,WorldMap,,,d552e3099e4020d3cee2b0ce6754c288,share-of-the-population-infected-with-hiv_v27_850x600.svg,2,18,278752736,175241
share-of-the-population-living-in-cities,DiscreteBar,,,0e1b58cdec0951b6f83361861439f6b4,share-of-the-population-living-in-cities_v43_850x600.svg,24,136,245427016,778450
share-of-the-population-living-in-extreme-poverty-vs-average-consumption-or-income,ScatterPlot,,,dac3955a7eaf5840cdc165623579c01b,share-of-the-population-living-in-extreme-poverty-vs-average-consumption-or-income_v59_850x600.svg,55,178,417750512,2077972
share-of-the-population-living-in-urban-areas-vs-gdp-per-capita,ScatterPlot,,,02bbb76f9202b1bb3ff72adc67e184f4,share-of-the-population-living-in-urban-areas-vs-gdp-per-capita_v44_850x600.svg,25,317,439848888,783188
share-of-the-population-living-with-hivaids,WorldMap,,,f77685b1bb53b10035f4e39ba1f755e6,share-of-the-population-living-with-hivaids_v4_850x600.svg,2,18,291587224,270748
share-of-the-population-reporting-having-felt-discriminated-against,WorldMap,,,81631ce140197897a9e532fc0a1f963d,share-of-the-population-reporting-having-felt-discriminated-against_v13_850x600.svg,1,19,675708360,5329
share-of-the-population-using-improved-sanitation-facilities,WorldMap,,,ef8c4cb10c5460b04664f11c18553281,share-of-the-population-using-improved-sanitation-facilities_v6_850x600.svg,9,34,289091600,454746
share-of-the-population-using-improved-water-sources-wash,WorldMap,,,2747e3b36686bb6df69972944be9b19a,share-of-the-population-using-improved-water-sources-wash_v6_850x600.svg,3,21,174899880,195442
share-of-the-population-victim-to-physical-and-sexual-harassment,DiscreteBar,,,08c5ca6f0f464c491a1c2f19256f57ad,share-of-the-population-victim-to-physical-and-sexual-harassment_v7_850x600.svg,0,6,294354408,913
share-of-the-population-with-a-completed-post-secondary-education,WorldMap,,,850800f9ccefeb657e2ac525d9a16076,share-of-the-population-with-a-completed-post-secondary-education_v14_850x600.svg,1,16,188671488,50161
share-of-the-population-with-a-sexually-transmitted-disease,DiscreteBar,,,205b51ae2baabf4e33e372d9d2bb08c6,share-of-the-population-with-a-sexually-transmitted-disease_v14_850x600.svg,18,36,299758032,1320267
share-of-the-population-with-access-to-electricity,WorldMap,,,f2f6c40bde865ae5690f6a8ccf0a1a18,share-of-the-population-with-access-to-electricity_v40_850x600.svg,2,21,204410600,204517
share-of-the-population-with-access-to-handwashing-facilities,StackedDiscreteBar,,,c2786e9a40786c45a76def763bdb094c,share-of-the-population-with-access-to-handwashing-facilities_v14_850x600.svg,7,17,217712504,200585
share-of-the-population-with-access-to-sanitation-facilities,StackedDiscreteBar,,,66abe446c7a5636e1ba9afd9c9fa0912,share-of-the-population-with-access-to-sanitation-facilities_v18_850x600.svg,13,23,324980800,855592
share-of-the-population-with-at-least-some-secondary-education,WorldMap,,,a86e6e39cb9b363ca18b0b782139cb27,share-of-the-population-with-at-least-some-secondary-education_v18_850x600.svg,1,20,260896024,67529
share-of-the-population-with-basic-numeracy-skills-by-birth-decade,LineChart,,,51260c50042cbcaa3b68aa7c34437588,share-of-the-population-with-basic-numeracy-skills-by-birth-decade_v7_850x600.svg,1,11,183347960,42331
share-of-the-population-with-completed-tertiary-education,WorldMap,,,8d61f09fe1e30f77363f008fc2896132,share-of-the-population-with-completed-tertiary-education_v16_850x600.svg,2,16,197050648,118532
share-of-the-population-with-latent-tuberculosis-infection,WorldMap,,,e8348fdaa0837d23d73c8cd129e429ad,share-of-the-population-with-latent-tuberculosis-infection_v26_850x600.svg,2,22,286935704,259554
share-of-the-population-with-no-formal-education-with-projections,WorldMap,,,699bab689922d47f14140f751b403074,share-of-the-population-with-no-formal-education-with-projections_v26_850x600.svg,1,22,277540776,233569
share-of-the-population-without-access-to-clean-fuels-for-cooking,WorldMap,,,5bf7c9119fbd8e80b3d8a9af363fac99,share-of-the-population-without-access-to-clean-fuels-for-cooking_v6_850x600.svg,143,250,255902848,2860776
share-of-the-rural-and-urban-population-with-access-to-clean-fuels-for-cooking,LineChart,,,f2353bee3c99695972fe22a769c9ade1,share-of-the-rural-and-urban-population-with-access-to-clean-fuels-for-cooking_v12_850x600.svg,5,17,292072616,274345
share-of-the-top-1-vs-gini-coefficient-before-tax-wid,ScatterPlot,,,95da205e99e9f188b73533504f24afb9,share-of-the-top-1-vs-gini-coefficient-before-tax-wid_v45_850x600.svg,62,202,422554432,2068256
share-of-the-top-10-vs-gini-coefficient-before-tax-wid,ScatterPlot,,,989fe12cf9f851f81b946b01d4a13dcd,share-of-the-top-10-vs-gini-coefficient-before-tax-wid_v45_850x600.svg,59,199,478162152,2069203
share-of-the-total-land-area-burnt-by-wildfires-each-year,StackedBar,,,548b10b43c85bf07add5cc3722cda056,share-of-the-total-land-area-burnt-by-wildfires-each-year_v33_850x600.svg,2,26,255293008,117919
share-of-the-united-states-population-born-in-another-country,LineChart,,,5814abc2b9e4b5e75c2e7b02b56f70d8,share-of-the-united-states-population-born-in-another-country_v4_850x600.svg,1,11,262398136,1205
share-of-the-united-states-population-born-in-another-country-by-place-of-birth,StackedArea,,,db0e6ec00699f426e3dad8776c72b94d,share-of-the-united-states-population-born-in-another-country-by-place-of-birth_v7_850x600.svg,1,11,270934664,8626
share-of-the-urban-and-rural-population-using-safely-managed-drinking-water-services,LineChart,,,c329353af4e42e18995ebc45e333848c,share-of-the-urban-and-rural-population-using-safely-managed-drinking-water-services_v13_850x600.svg,4,15,282615120,182176
share-of-the-urban-and-rural-population-using-safely-managed-sanitation-services,LineChart,,,30e037b4f602f44045cf939e726b35c7,share-of-the-urban-and-rural-population-using-safely-managed-sanitation-services_v12_850x600.svg,3,14,259526608,212477
share-of-the-workforce-employed-in-the-coal-industry-united-kingdom,LineChart,,,130c79af51c09f71945a57c072a1f944,share-of-the-workforce-employed-in-the-coal-industry-united-kingdom_v6_850x600.svg,1,12,268036032,2976
share-of-the-world-population-with-at-least-basic-education,StackedArea,,,c7ae4e2658f03788cd8597461eceb186,share-of-the-world-population-with-at-least-basic-education_v31_850x600.svg,1,10,276789480,52508
share-of-total-disease-burden-by-cause,DiscreteBar,,,c31ac920fe143077d5f58d16aa3c1aa7,share-of-total-disease-burden-by-cause_v27_850x600.svg,83,106,286811080,6492984
share-of-total-energy-used-in-agriculture-and-forestry,LineChart,,,01e941a76f98bf38533c46e79ac23317,share-of-total-energy-used-in-agriculture-and-forestry_v6_850x600.svg,2,19,451814168,179201
share-of-total-imports-of-goods-that-comes-from-china,WorldMap,,,5ce610a9b4681a400d160fd959705e04,share-of-total-imports-of-goods-that-comes-from-china_v7_850x600.svg,3,30,468625568,367774
share-of-urban-population-living-in-inadequate-housing,DiscreteBar,,,50d93bfde6c3f5d03ee01eddd8fb0001,share-of-urban-population-living-in-inadequate-housing_v14_850x600.svg,1,12,1440843024,18637
share-of-urban-population-living-in-slums,WorldMap,,,f0f6950f4fdb2ca250cb92f8568430f3,share-of-urban-population-living-in-slums_v21_850x600.svg,2,21,481878528,79474
share-of-urban-population-with-improved-sanitation-facilities,WorldMap,,,9d9abbb0a6520a8ea6be23c719cf7af9,share-of-urban-population-with-improved-sanitation-facilities_v9_850x600.svg,1,22,494136904,163693
share-of-victims-who-reported-crime-to-the-police,LineChart,,,a83abe753307c589137b1763b8ef47a9,share-of-victims-who-reported-crime-to-the-police_v18_850x600.svg,2,12,351504544,16003
share-of-violent-deaths-non-state-societies,DiscreteBar,,,6812345b45790e448ba8964c5f09117c,share-of-violent-deaths-non-state-societies_v17_850x600.svg,1,11,1449433592,891
share-of-violent-deaths-prehistoric-archaeological-sites,DiscreteBar,,,bd75af19a49497c9438bb076f17dc65f,share-of-violent-deaths-prehistoric-archaeological-sites_v20_850x600.svg,1,14,361774496,814
share-of-violent-deaths-state-societies,DiscreteBar,,,dc9b324ab30b57bbedf6b5c335030e63,share-of-violent-deaths-state-societies_v16_850x600.svg,1,7,1454709064,200
share-of-women-aged-1549-who-are-married-or-in-a-union,WorldMap,,,83fd182abf4ad8593ce0d687f6691e04,share-of-women-aged-1549-who-are-married-or-in-a-union_v23_850x600.svg,15,90,440287896,725231
share-of-women-among-the-population-living-with-hiv,WorldMap,,,5a014d291e794c7b865afd55b119d998,share-of-women-among-the-population-living-with-hiv_v22_850x600.svg,1,21,510390344,203304
share-of-women-defined-as-underweight-healthy-overweight-or-obese,StackedArea,,,021d3421351309d910bef3bbd6ef58eb,share-of-women-defined-as-underweight-healthy-overweight-or-obese_v6_850x600.svg,12,25,1476956120,678217
share-of-women-having-births,StackedArea,,,ede271f5d146e5f4df5774f3f8e222cb,share-of-women-having-births_v13_850x600.svg,3,14,371686184,94446
share-of-women-homeless-flow-count,StackedDiscreteBar,,,185276f8780616911fcd455dc6aa91f9,share-of-women-homeless-flow-count_v38_850x600.svg,2,13,264128344,333
share-of-women-homeless-point-in-time-count,StackedDiscreteBar,,,13f17682df6261123333dd8049231bf5,share-of-women-homeless-point-in-time-count_v38_850x600.svg,1,20,383413112,841
share-of-women-in-england-and-wales-who-have-ever-married-by-age,LineChart,,,59a82cc11e25547acde7db08073f27f9,share-of-women-in-england-and-wales-who-have-ever-married-by-age_v29_850x600.svg,2,21,299880304,13526
share-of-women-in-local-government,WorldMap,,,f3b75bb73cf5aace410c9f464f43a939,share-of-women-in-local-government_v18_850x600.svg,2,22,278433784,24321
share-of-women-in-ministerial-positions,WorldMap,,,b0cbf2b3e5fe356f976a2a73bdbfe829,share-of-women-in-ministerial-positions_v18_850x600.svg,1,21,457427056,76736
share-of-women-in-parliament,WorldMap,,,7b9d35b3c63654af6db0a03a22af84bd,share-of-women-in-parliament_v44_850x600.svg,12,54,1475475272,485936
share-of-women-in-parliament-ipu,WorldMap,,,2d46b869dfbc5d062a914be2f265178e,share-of-women-in-parliament-ipu_v28_850x600.svg,4,34,363635488,190281
share-of-women-in-top-income-groups-atkinson-casarico-voitchovsky-2018,LineChart,,,dc48ec73086717042f085e16d782eabb,share-of-women-in-top-income-groups-atkinson-casarico-voitchovsky-2018_v11_850x600.svg,1,14,310500984,21701
share-of-women-married-or-in-a-union,LineChart,,,edd1b57d15ac80cd2b378b82cbced9b8,share-of-women-married-or-in-a-union_v27_850x600.svg,103,134,335176376,4977527
share-of-women-using-modern-contraceptive-methods,WorldMap,,,3d8669e8c4537ed14886ad96dc3a04ee,share-of-women-using-modern-contraceptive-methods_v29_850x600.svg,3,34,494843280,45443
share-of-women-who-are-smoking,WorldMap,,,bfd9a3d0092ec308af3ab46a1b300063,share-of-women-who-are-smoking_v18_850x600.svg,1,17,321098552,45145
share-of-women-who-experienced-violence-by-an-intimate-partner-un,WorldMap,,,32d574346d1895586c8a393bc48a426e,share-of-women-who-experienced-violence-by-an-intimate-partner-un_v25_850x600.svg,1,15,372921488,14345
share-of-women-who-have-had-no-births-across-their-childbearing-years,LineChart,,,a517895e6c3ae4be0e652296da057b6a,share-of-women-who-have-had-no-births-across-their-childbearing-years_v16_850x600.svg,1,13,330965128,18570
share-of-workers-in-informal-employment-vs-gdp-per-capita,ScatterPlot,,,1fa979244768214cf438b9cbf2a118fa,share-of-workers-in-informal-employment-vs-gdp-per-capita_v27_850x600.svg,83,228,546565552,2769154
share-of-workers-who-are-employees-vs-gdp-per-capita,ScatterPlot,,,ed10f5dafcc91dcd8cec9793064519bd,share-of-workers-who-are-employees-vs-gdp-per-capita_v21_850x600.svg,86,252,534528824,2935410
share-of-working-children-who-work-only,LineChart,,,52b501d1c7bec1365c036db600bc629f,share-of-working-children-who-work-only_v17_850x600.svg,1,12,1482567552,8480
share-of-world-merchandise-trade-by-type-of-trade-percent,LineChart,,,39214a7fd352c610a80a7357be9b2f91,share-of-world-merchandise-trade-by-type-of-trade-percent_v30_850x600.svg,1,14,382607928,24271
share-of-young-people-in-european-countries-using-generative-ai-tools,WorldMap,,,bbb8d266bca3144fcdd7efce947c9246,share-of-young-people-in-european-countries-using-generative-ai-tools_v9_850x600.svg,1,33,320162240,1014
share-of-young-women-vs-men-who-are-not-in-education-employment-or-training,ScatterPlot,,,f468036b7e5a95b1ee40a4c7daf20c67,share-of-young-women-vs-men-who-are-not-in-education-employment-or-training_v15_850x600.svg,4,46,1470061160,165657
share-or-agricultural-population-with-land-ownership-rights-by-sex,ScatterPlot,,,b829c106bd086835ee50307d1220c679,share-or-agricultural-population-with-land-ownership-rights-by-sex_v21_850x600.svg,73,192,467470992,2476721
share-people-fully-vaccinated-covid,LineChart,,,4c633dff73f17e10bca8e6550e57a4e7,share-people-fully-vaccinated-covid_v1537_850x600.svg,8,70,367756968,2485904
share-people-multidimensional-poverty-national-definitions,WorldMap,,,af2fe24ecdec7ab27d8486bbf93ca1f4,share-people-multidimensional-poverty-national-definitions_v10_850x600.svg,1,15,1479584632,17351
share-people-trust-journalists-country,WorldMap,,,1756de1d13b3a63dd86fdef45dbea56f,share-people-trust-journalists-country_v32_850x600.svg,1,13,1487116656,3219
share-people-trust-neighborhood,WorldMap,,,36e677b7cb8fe14469d64a45bcdb59d2,share-people-trust-neighborhood_v44_850x600.svg,1,13,1455545424,3243
share-people-trust-science,WorldMap,,,a32931f73f0766f9abac591a43a1f9fe,share-people-trust-science_v39_850x600.svg,1,15,342461248,3251
share-people-vaccinated-covid,LineChart,,,e19e6f4ee9602e41eee3a3eaf2076e36,share-people-vaccinated-covid_v1537_850x600.svg,9,73,1502674680,2551778
share-plastic-fate,DiscreteBar,,,e2266760a08df9c41b77c863ccb7870d,share-plastic-fate_v12_850x600.svg,1,16,355907368,27392
share-plastic-waste-exports,WorldMap,,,33c63ffcae529f7cc46f34306f7214af,share-plastic-waste-exports_v10_850x600.svg,1,17,325274736,101884
share-plastic-waste-imports,WorldMap,,,7489f85c152415ab611e27f671e4250c,share-plastic-waste-imports_v14_850x600.svg,2,21,322511176,174733
share-plastic-waste-recycled,SlopeChart,,,5d095ec17da10a102463fff1f2ef7352,share-plastic-waste-recycled_v13_850x600.svg,1,14,337206504,6871
share-population-female,WorldMap,,,b5c26192bd88cedd76886bc76a83e415,share-population-female_v21_850x600.svg,3,24,357283752,505126
share-population-mobile-phone,WorldMap,,,083e0b55b10e591032b655521561627f,share-population-mobile-phone_v33_850x600.svg,1,17,333451880,41284
share-poverty-lower-middle-income-vs-share-mpi-poor,ScatterPlot,,,542a7b0c07cccc347d3bf75495fcb907,share-poverty-lower-middle-income-vs-share-mpi-poor_v89_850x600.svg,55,167,450297336,1965522
share-pray-frequently,WorldMap,,,73fd80fb8281fae186430af7ae8bc999,share-pray-frequently_v15_850x600.svg,1,13,366922056,3989
share-primary-school-age-out-of-school-vs-gdp-per-capita,ScatterPlot,,,cc3d0bb439d9cc97935592946d42014c,share-primary-school-age-out-of-school-vs-gdp-per-capita_v45_850x600.svg,8,61,1504570912,417754
share-regions-with-land-use,LineChart,,,82ddac3c04b631099ed23afa90d6ed05,share-regions-with-land-use_v3_850x600.svg,1,9,333240112,19316
share-richest-1-wid-vs-pip,ScatterPlot,,,b9de7d56e284cf2635442eea01189ac7,share-richest-1-wid-vs-pip_v85_850x600.svg,46,174,400192864,2023064
share-rural-basic-handwashing,WorldMap,,,f8aa2083a00d7e91433ef2c262aa3350,share-rural-basic-handwashing_v14_850x600.svg,1,17,479386568,63121
share-social-protection-in-government-exp-oecd,LineChart,,,fd2535e341b3efe85daf7907f95278ad,share-social-protection-in-government-exp-oecd_v38_850x600.svg,1,16,558414520,19746
share-species-traded,DiscreteBar,,,a30832ad2961317a5330c4122bee357a,share-species-traded_v2_850x600.svg,1,7,484466272,211
share-threatened-species,DiscreteBar,,,8b8a0e6ed46591695218edddaecd5a58,share-threatened-species_v18_850x600.svg,1,8,490500888,263
share-top-1-before-tax-vs-gdp-per-capita,ScatterPlot,,,712cd767a719ac55f6a427db665809f6,share-top-1-before-tax-vs-gdp-per-capita_v91_850x600.svg,59,200,654422448,2200739
share-undernourished-vs-gdp-pc,ScatterPlot,,,4051cccaa0cf56e14f53976568a73381,share-undernourished-vs-gdp-pc_v36_850x600.svg,7,52,465954288,397245
share-urban-and-rural-population,LineChart,,,f22c0ccd5757a81e86547957777110a4,share-urban-and-rural-population_v39_850x600.svg,20,50,579310872,1383314
share-using-safely-managed-sanitation,WorldMap,,,9e2e9027862a8398bc243d476cfe40f9,share-using-safely-managed-sanitation_v15_850x600.svg,1,20,1518169152,137045
share-voting-rights-international-organizations,DiscreteBar,,,e2cea61d64e3384c447c9b3d68614ac0,share-voting-rights-international-organizations_v28_850x600.svg,9,18,1507791096,485023
share-vs-intensity-of-multidimensional-poverty,ScatterPlot,,,48c5d11380264a484ddb76195df6e75d,share-vs-intensity-of-multidimensional-poverty_v44_850x600.svg,54,150,1616500384,1849054
share-vs-mpi,ScatterPlot,,,8ca1eec4c28ebb35cd1ed16ad727f1a8,share-vs-mpi_v44_850x600.svg,54,155,581883792,1849262
share-waste-collected,WorldMap,,,5c5f9fc8249a4b5e550b3e33fcb2c5ea,share-waste-collected_v2_850x600.svg,1,14,519642136,7013
share-who-agree-vaccines-are-effective,WorldMap,,,23d6107284d4ac43df37cc038fb32873,share-who-agree-vaccines-are-effective_v7_850x600.svg,1,15,528655560,10369
share-who-agree-with-the-statement-when-jobs-are-scarce-men-should-have-more-right-to-a-job-than-women,DiscreteBar,,,884964e7525c6b9673f332c10455c3e0,share-who-agree-with-the-statement-when-jobs-are-scarce-men-should-have-more-right-to-a-job-than-women_v11_850x600.svg,1,12,537381064,661
share-who-are-worried-about-vs-share-of-deaths-from-terrorism,ScatterPlot,,,90534923fa14a3ab2b750c3e86f74c2e,share-who-are-worried-about-vs-share-of-deaths-from-terrorism_v28_850x600.svg,12,48,416983344,553165
share-who-drank-alcohol-last-week,LineChart,,,ce144eeb5a1db0ab0287bdf0d4bc2c95,share-who-drank-alcohol-last-week_v3_850x600.svg,2,14,546922416,5903
share-who-drank-on-5-or-more-days-by-income,DiscreteBar,,,503192d41cb92c4a2e3a49ad84026f5f,share-who-drank-on-5-or-more-days-by-income_v10_850x600.svg,1,10,554272384,5842
share-who-have-not-drank-alcohol-in-last-year,WorldMap,,,8d45d995499dc025ebd59a1e7ec9ef5b,share-who-have-not-drank-alcohol-in-last-year_v19_850x600.svg,1,17,564770584,129514
share-who-report-lifetime-anxiety-or-depression,WorldMap,,,373e6ba0219e24f7e9e2f115f67e4b37,share-who-report-lifetime-anxiety-or-depression_v11_850x600.svg,1,13,407849376,4155
share-who-say-its-extremely-important-for-the-national-government-to-fund-research-on-anxietydepression,WorldMap,,,737e9bea4f65f3f282b9a543ee00763b,share-who-say-its-extremely-important-for-the-national-government-to-fund-research-on-anxietydepression_v7_850x600.svg,81,181,430277664,2722631
share-who-trust-government,WorldMap,,,6c9eb04b5adf68b152da823ba98d7975,share-who-trust-government_v26_850x600.svg,1,14,424592616,3076
share-with-4g-mobile-network-coverage,WorldMap,,,9a89de82a206f9101b3fe042a55084c8,share-with-4g-mobile-network-coverage_v17_850x600.svg,2,20,534531496,68951
share-with-access-to-electricity-vs-per-capita-energy-use,ScatterPlot,,,9dbb153cb3ad12bce028610223cac49b,share-with-access-to-electricity-vs-per-capita-energy-use_v46_850x600.svg,63,208,503787040,2414385
share-with-alcohol-or-drug-use-disorders,WorldMap,,,2c7e8a306a5f826eef1690750f281cec,share-with-alcohol-or-drug-use-disorders_v32_850x600.svg,2,21,548032584,260672
share-with-alcohol-use-disorders,WorldMap,,,f7475afa4b185a315034c2154ff361c0,share-with-alcohol-use-disorders_v27_850x600.svg,2,21,669299928,262121
share-with-alcohol-use-disorders-receiving-treatment,DiscreteBar,,,14e103ad463ab452c288532fab488590,share-with-alcohol-use-disorders-receiving-treatment_v11_850x600.svg,1,9,553533792,978
share-with-alcohol-vs-drug-use-disorder,ScatterPlot,,,3ef31ee1e336104e5527e7e695514239,share-with-alcohol-vs-drug-use-disorder_v38_850x600.svg,63,205,613093376,2368623
share-with-drug-use-disorders,WorldMap,,,167661f751e607d5fca18346cd56f473,share-with-drug-use-disorders_v32_850x600.svg,3,22,1557116744,264826
share-with-idiopathic-developmental-intellectual-disability,WorldMap,,,736066d2d686083b0d28be64814c5691,share-with-idiopathic-developmental-intellectual-disability_v19_850x600.svg,2,23,520845120,258060
share-with-mental-and-substance-disorders,WorldMap,,,ab7a99b5051dc492966ce5d4bc37327e,share-with-mental-and-substance-disorders_v30_850x600.svg,2,21,684834640,259788
share-with-mental-health-males-vs-females,ScatterPlot,,,3f5a4183c23aaabc0273ab0270981974,share-with-mental-health-males-vs-females_v35_850x600.svg,58,176,1659098072,2361307
share-with-mental-health-or-development-disorder,WorldMap,,,585be2eef51fd21fb20bdb61db53dda3,share-with-mental-health-or-development-disorder_v18_850x600.svg,2,23,534723592,253366
share-with-neurodevelopmental-disorders-by-type,DiscreteBar,,,01b0092431493db206fc43e334236d28,share-with-neurodevelopmental-disorders-by-type_v33_850x600.svg,13,23,628900976,1066645
share-without-improved-sanitation,WorldMap,,,ad88fa01ad1dd510aa7988eb6a7813a1,share-without-improved-sanitation_v10_850x600.svg,2,24,551302752,199862
share-without-improved-water,WorldMap,,,16f0868aef1035c6da67bb10498113ac,share-without-improved-water_v10_850x600.svg,1,24,646283384,197676
share-working-adults-united-states-ai-work,LineChart,,,0281b7d7e7c29b05684fc6e086126e84,share-working-adults-united-states-ai-work_v26_850x600.svg,2,10,559072264,693
shares-of-gdp-by-economic-sector,StackedArea,,,8933d017fc2da3111f395708f7e2e25b,shares-of-gdp-by-economic-sector_v16_850x600.svg,2,13,655634128,115375
significant-earthquakes,WorldMap,,,ddece6589c7a02eaa5f49bae8340fbad,significant-earthquakes_v8_850x600.svg,2,13,570272952,252153
significant-volcanic-eruptions,WorldMap,,,7a3d700ebcf75daed8040492fed0519f,significant-volcanic-eruptions_v9_850x600.svg,2,15,625863488,59394
sites-providing-rapid-tuberculosis-diagnostics-per-million-people,WorldMap,,,c8557c0f2d23fb3b0a3508948ae4373c,sites-providing-rapid-tuberculosis-diagnostics-per-million-people_v8_850x600.svg,1,16,536230352,19987
small-scale-industries-share,WorldMap,,,509b587b42ad08005adb30b10952827c,small-scale-industries-share_v20_850x600.svg,2,14,439283016,24043
smalsmall-scale-industries-loan,WorldMap,,,6958bc9630b0319fc1b10ee534ba7843,smalsmall-scale-industries-loan_v19_850x600.svg,1,17,636070048,13134
smoking-and-secondhand-deaths,StackedArea,,,5596206474e05b710f8e0acdbbbb6b7f,smoking-and-secondhand-deaths_v20_850x600.svg,9,20,553568840,517659
smoking-bans-in-public-places,WorldMap,,,3262ef84a4d8615fac02818a124dbf1e,smoking-bans-in-public-places_v11_850x600.svg,2,13,448853088,44850
smoking-death-rate-in-1990-vs-2023,ScatterPlot,,,08812f6d854436da1dbbd2927702789c,smoking-death-rate-in-1990-vs-2023_v17_850x600.svg,16,55,640962864,512956
smoking-rates-young-people-england,LineChart,,,1442bf4208b0a7a03a6cad82847713da,smoking-rates-young-people-england_v3_850x600.svg,1,9,560553008,1848
snow-cover-north-america,LineChart,,,5a8bad2c22e218f4a374d0254ecfaabd,snow-cover-north-america_v21_850x600.svg,6,37,439656840,90415
so-emissions-by-world-region-in-million-tonnes,StackedArea,,,96676b2360bd38787e2ff2b1920dfdb5,so-emissions-by-world-region-in-million-tonnes_v8_850x600.svg,13,48,590402832,2126073
social-expenditure-as-percentage-of-gdp,StackedArea,,,0be175c02ed01741391cc9e329f7c729,social-expenditure-as-percentage-of-gdp_v27_850x600.svg,6,20,521560416,381289
social-spending-oecd-longrun,LineChart,,,789ae5872701d1d1cdce3384f44d7954,social-spending-oecd-longrun_v14_850x600.svg,1,12,449388096,60139
soil-lifespans,ScatterPlot,,,eefff9d36c51f8bdde15368bfed04ae1,soil-lifespans_v7_850x600.svg,2,25,453417872,64869
solar-energy-generation-by-region,StackedArea,,,00b34f008d670eab3566b3a0459dbddd,solar-energy-generation-by-region_v21_850x600.svg,2,16,653120256,164000
solar-energy-generation-vs-capacity,ScatterPlot,,,396d5617ed5f19a4d706d32458f91465,solar-energy-generation-vs-capacity_v23_850x600.svg,8,47,1614095240,322102
solar-pv-cumulative-capacity,StackedBar,,,44ff9d45e77d440c0eb9ac9292045f27,solar-pv-cumulative-capacity_v20_850x600.svg,2,16,623997152,117730
solar-pv-prices,LineChart,,,89e0d9e9ee664f32db22510c5db5291e,solar-pv-prices_v27_850x600.svg,1,9,456857016,1745
solar-pv-prices-vs-cumulative-capacity,ScatterPlot,,,df561ba0d69c1f631a4ce85e630880e3,solar-pv-prices-vs-cumulative-capacity_v32_850x600.svg,1,14,466785616,3416
solar-pv-system-costs,LineChart,,,ef47097c540d23cb9734daacd8f256e1,solar-pv-system-costs_v6_850x600.svg,1,10,660450592,1730
sons-and-daughters-inheritance,WorldMap,,,5d04bb2608527d0c3bf314634bfa5383,sons-and-daughters-inheritance_v57_850x600.svg,2,24,565000784,260445
sorghum-yield,WorldMap,,,98968e6646abf9bea1ca444bb0aed036,sorghum-yield_v13_850x600.svg,4,28,642089744,297734
sources-of-air-pollution-in-the-uk,DiscreteBar,,,71e5bd9c1ad4a32c15b62b7017a46871,sources-of-air-pollution-in-the-uk_v6_850x600.svg,3,12,461287520,2501
sources-population-dataset,Table,,,0c0ef338e42117fffb7a649c20ac42b7,sources-population-dataset_v10_850x600.svg,11,43,711782640,10446869
southern-white-rhinos,LineChart,,,cafa58bd1f3519a6add54a78349fc1e5,southern-white-rhinos_v15_850x600.svg,2,10,472537720,4882
sovereign-state-butcher-griffiths,WorldMap,,,f9d2b175c480b40ce8fbddd09156fde8,sovereign-state-butcher-griffiths_v15_850x600.svg,10,46,507711336,4850124
sovereign-state-cow,WorldMap,,,a93c9de194d166cc8ececfb5323bee63,sovereign-state-cow_v17_850x600.svg,7,39,591960296,2301954
sovereign-state-gleditsch-ward,WorldMap,,,8e3278c718ce06003318d7111b8b9ce5,sovereign-state-gleditsch-ward_v17_850x600.svg,9,44,1647495016,3312384
soy-production-yield-area,LineChart,,,30895959f7346b07d90d520d99eccce6,soy-production-yield-area_v13_850x600.svg,12,30,489379352,746206
soybean-production,WorldMap,,,c10ee0c3dca58191df87cccefa7e1a1b,soybean-production_v10_850x600.svg,2,15,653449704,251811
soybean-production-and-use,LineChart,,,89938c03e911dd3909998a49b47a296c,soybean-production-and-use_v10_850x600.svg,14,29,640211024,808269
soybean-yields,WorldMap,,,d6885e9db0810aca568a2abe6cb9e6f1,soybean-yields_v14_850x600.svg,3,26,459331632,246356
space-objects-by-orbit,StackedArea,,,95b3f78f319ddc23bfa2906e6c5ced5a,space-objects-by-orbit_v47_850x600.svg,1,12,601468488,8068
species-represented-in-the-living-planet-index,StackedDiscreteBar,,,c3f7b43a9ddc86bb08486dbdc19e1962,species-represented-in-the-living-planet-index_v9_850x600.svg,1,9,1652481000,423
spending-by-a-countrys-residents-while-travelling-abroad,WorldMap,,,0c58442c8ebf4a98da4e827704717d8e,spending-by-a-countrys-residents-while-travelling-abroad_v45_850x600.svg,4,34,578303344,165490
spending-by-international-visitors-while-visiting-a-country,WorldMap,,,6cd4746a4da89c2d521e3b0d69cf5268,spending-by-international-visitors-while-visiting-a-country_v33_850x600.svg,4,23,662594608,165637
spending-by-international-visitors-while-visiting-a-country-as-a-share-of-gdp,WorldMap,,,cb2225816cd5337ad4953332bcbd253a,spending-by-international-visitors-while-visiting-a-country-as-a-share-of-gdp_v12_850x600.svg,3,26,1675751304,155537
spirits-as-share-total-alcohol-consumption,WorldMap,,,e96e7d763050376cb751f4b92b6b3275,spirits-as-share-total-alcohol-consumption_v12_850x600.svg,2,18,470595816,121662
spirits-consumption-per-person,WorldMap,,,f80926b0a0c1dda95ca8af135b9dfaa4,spirits-consumption-per-person_v15_850x600.svg,2,26,483274816,314076
spring-temperature-anomalies,StackedBar,,,f77efaee74b69d29f226532e2fdb6b99,spring-temperature-anomalies_v21_850x600.svg,36,89,232025832,1938847
stability-democratic-institutions-index-bti,WorldMap,,,fc9f2d9dff5ebe57820d38f3ef83e146,stability-democratic-institutions-index-bti_v105_850x600.svg,3,17,483835888,46990
staff-compensation-as-share-of-total-expenditure-in-public-education-all-levels,WorldMap,,,223b36c87a44754c4cd3897713228f9c,staff-compensation-as-share-of-total-expenditure-in-public-education-all-levels_v14_850x600.svg,1,13,628292256,55144
stand-alone-policy-or-plan-for-mental-health,WorldMap,,,9d7607bfbd4a90dea32b9f0b599321a2,stand-alone-policy-or-plan-for-mental-health_v15_850x600.svg,1,14,492434944,10105
standard-drink-measure,DiscreteBar,,,2ebc3259408f250a372f90b2669e88fa,standard-drink-measure_v17_850x600.svg,1,9,584715232,527
state-capacity-index,WorldMap,,,27e6129bee0d7a2f962d009ef159225d,state-capacity-index_v25_850x600.svg,2,25,1647429440,276229
stateness-index-bti,WorldMap,,,c1df70cbb02dfbff3629309db28ebfbe,stateness-index-bti_v100_850x600.svg,2,14,496854392,48849
states-involved-in-interstate-conflicts,WorldMap,,,635d77761bc63dc264fdc24ec19b500a,states-involved-in-interstate-conflicts_v37_850x600.svg,3,24,645209640,792426
states-involved-in-state-based-conflicts,WorldMap,,,a8405affad9c6f3de6d43d0f3cbcd993,states-involved-in-state-based-conflicts_v70_850x600.svg,2,22,600255592,648182
states-involved-in-wars,WorldMap,,,9b2f18ebdfb992a128e9a69d79e4957f,states-involved-in-wars_v31_850x600.svg,5,26,512716936,1487932
statin-use-cardiovascular-disease-death-rate,ScatterPlot,,,5777628af8acbddf4fb585ca5ea6accc,statin-use-cardiovascular-disease-death-rate_v33_850x600.svg,80,204,532725408,2636641
statin-use-vs-average-non-hdl-cholesterol-levels,ScatterPlot,,,ae548378069644ae0c7d5a779514a357,statin-use-vs-average-non-hdl-cholesterol-levels_v27_850x600.svg,83,210,1728743808,2686782
statistical-performance-indicator,WorldMap,,,1027c4167a9ab91d5d9346bf2ea27a62,statistical-performance-indicator_v18_850x600.svg,2,17,654447296,53734
status-in-employment,StackedDiscreteBar,,,e54f632349a93c5ddee7a4b095f816e8,status-in-employment_v20_850x600.svg,13,31,629298744,873123
status-of-buruli-ulcer-endemicity,WorldMap,,,a927fc76d8537e732cac6bbd7354bb19,status-of-buruli-ulcer-endemicity_v16_850x600.svg,1,13,521070776,8002
status-of-endemicity-of-cutaneous-leishmaniasis,WorldMap,,,0080aad8177dbd1d3f9bcade018632b8,status-of-endemicity-of-cutaneous-leishmaniasis_v23_850x600.svg,1,16,663367920,9092
status-of-endemicity-of-onchocerciasis,WorldMap,,,fdec56740fd150134e463de59c1e878f,status-of-endemicity-of-onchocerciasis_v17_850x600.svg,1,12,485398040,1443
status-of-endemicity-of-visceral-leishmaniasis,WorldMap,,,d05dec59c85a14a185577ec59855c9ec,status-of-endemicity-of-visceral-leishmaniasis_v20_850x600.svg,1,16,672508384,9290
status-of-trachoma-as-a-public-health-problem,WorldMap,,,fde3b04da78eac6f60e5affa8d90e3df,status-of-trachoma-as-a-public-health-problem_v17_850x600.svg,1,15,593132240,12006
status-of-yaws-endemicity,WorldMap,,,d7e5e5c58f485e916d44fb9d994d1d66,status-of-yaws-endemicity_v20_850x600.svg,1,15,493735024,11413
statutory-corporate-income-tax-rate,LineChart,,,e3d9f7998b57a52d7d0407651242dd46,statutory-corporate-income-tax-rate_v7_850x600.svg,2,17,172271200,48081
stay-at-home-covid,WorldMap,,,b455de4e7845794401f3dd13ec0881d4,stay-at-home-covid_v2823_850x600.svg,26,223,684493568,4967827
stillbirth-rate,WorldMap,,,ea263359ec7afda1e8deab5449eb25b3,stillbirth-rate_v15_850x600.svg,2,19,505805544,171750
stomach-cancer-death-rate,LineChart,,,b9f851e010565fe5d3ee525b4a807903,stomach-cancer-death-rate_v9_850x600.svg,2,27,651111816,161757
stratospheric-chorine-concentrations,LineChart,,,6ae09f301858f8571b68804e855c2e95,stratospheric-chorine-concentrations_v8_850x600.svg,1,12,180127024,2671
stratospheric-ozone-concentration,LineChart,,,42d1ef055378713fe30361532173d0ac,stratospheric-ozone-concentration_v17_850x600.svg,2,12,188115576,2743
stratospheric-ozone-concentration-projections,LineChart,,,d3f64569c6c52725aaa96dcc044a0cce,stratospheric-ozone-concentration-projections_v8_850x600.svg,1,12,514587472,2700
stroke-death-rates,WorldMap,,,6447b7ab6b503d47ff4880b80240f510,stroke-death-rates_v28_850x600.svg,2,23,667225152,326850
stroke-death-rates-by-age,LineChart,,,7a15b3695e569eb70f4cabca74e16457,stroke-death-rates-by-age_v24_850x600.svg,31,56,179272504,2349305
stroke-deaths-by-age,StackedArea,,,96c77458071538d06d399c9ec4902b63,stroke-deaths-by-age_v28_850x600.svg,18,33,495686400,1682995
strong-civil-society-index,WorldMap,,,0e18991116ccaf994c89ff5c09dadfd6,strong-civil-society-index_v15_850x600.svg,31,97,728816648,1056544
strong-elected-local-governments-index,WorldMap,,,45e47cccf106a34fe5d7d690806ef3ea,strong-elected-local-governments-index_v60_850x600.svg,18,77,586604760,872820
strong-elected-regional-governments-index,WorldMap,,,eb3e66a6970dce5ef832315253d34999,strong-elected-regional-governments-index_v60_850x600.svg,23,103,229853232,998513
students-in-grade-2-who-cant-read-a-single-word-ca-2015,DiscreteBar,,,d3a1d8f36803f6d0523d0d10b96aff1d,students-in-grade-2-who-cant-read-a-single-word-ca-2015_v4_850x600.svg,1,10,538943144,379
stunting-ihme-vs-gdp,ScatterPlot,,,4b027f8bd71477b898a96631e0bebf57,stunting-ihme-vs-gdp_v39_850x600.svg,63,176,1835560464,2121715
stunting-vs-level-of-prosperity-over-time,ScatterPlot,,,dd625c08fc7ba29e5fa8df675491f984,stunting-vs-level-of-prosperity-over-time_v41_850x600.svg,6,42,554326464,289337
substances-risk-factor-vs-direct-deaths,DiscreteBar,,,390ba732d5dd6d59d083fe0eb03df35f,substances-risk-factor-vs-direct-deaths_v26_850x600.svg,23,34,576128240,1451295
suffrage,WorldMap,,,d8bf9de2ce8b5d4cc7e26ad04a08a8c8,suffrage_v55_850x600.svg,25,96,750191864,971246
sugar-beet-production,WorldMap,,,290fc90d79274c9b7d20da2e92ba10ad,sugar-beet-production_v12_850x600.svg,2,15,586085848,172058
sugar-beet-yields,WorldMap,,,195dd10137f73c75453f222c2d267aec,sugar-beet-yields_v12_850x600.svg,1,15,240699680,171800
sugar-cane-production,WorldMap,,,e9002115029ab0e7a09aaef35858556f,sugar-cane-production_v11_850x600.svg,2,18,566353608,290662
sugar-cane-yields,WorldMap,,,d900d2295328e60df643f4cbf72a2071,sugar-cane-yields_v13_850x600.svg,4,24,549063080,291980
suicide-and-other-terrorist-attacks,StackedArea,,,4aa3fad06185ca3f0eaade8a0c42e2ef,suicide-and-other-terrorist-attacks_v18_850x600.svg,10,20,259861952,532076
suicide-death-rates,WorldMap,,,46130c5a3c320ca049f0b3083d56afb8,suicide-death-rates_v46_850x600.svg,2,24,582725496,326546
suicide-death-rates-by-sex-who,LineChart,,,bd34cbb7f5036a0374815d6ff2b918b3,suicide-death-rates-by-sex-who_v46_850x600.svg,8,25,702651656,440142
suicide-deaths-by-age,StackedArea,,,24d12f965c41fcfd5d1d028f45d7875e,suicide-deaths-by-age_v43_850x600.svg,18,30,584371000,1346378
suicide-rate-2000-2019-who,ScatterPlot,,,5b7510f46a45fa6c6009761e1f16283b,suicide-rate-2000-2019-who_v47_850x600.svg,155,314,355133640,2763694
suicide-rate-for-15--to-49-year-olds,LineChart,,,ad34adca6b94c5a830277c6a578e3409,suicide-rate-for-15--to-49-year-olds_v11_850x600.svg,2,27,553894144,335216
suicide-rate-in-1980-vs-2023,ScatterPlot,,,800bce0e71a2839786804fc937c3554d,suicide-rate-in-1980-vs-2023_v40_850x600.svg,177,352,327136096,3123478
suicide-rate-male-female-who-mdb,ScatterPlot,,,6e59b135b7e944d56f3fa3384cae3614,suicide-rate-male-female-who-mdb_v22_850x600.svg,78,216,300025992,2786221
suicide-rate-vs-income-inequality,ScatterPlot,,,13581e4612bfb6af322a9ea7015cc491,suicide-rate-vs-income-inequality_v79_850x600.svg,79,214,635671232,2719533
suicide-rate-who-mdb,LineChart,,,7e6787df6a396c6d639ce79b1bff98b6,suicide-rate-who-mdb_v15_850x600.svg,1,22,571782856,158580
suicide-rates-among-young-men-who-mdb,LineChart,,,e299ff1cbc6f724685a8789e22b4e1d2,suicide-rates-among-young-men-who-mdb_v27_850x600.svg,5,35,555136616,464449
suicide-rates-among-young-people-who-mdb,LineChart,,,8352eb4c7131e485ed93a7d61d7349d7,suicide-rates-among-young-people-who-mdb_v14_850x600.svg,6,35,1798955272,465408
suicide-rates-among-young-women-who-mdb,LineChart,,,4f986f9e08c78f53bb98bcb8c05e0b82,suicide-rates-among-young-women-who-mdb_v26_850x600.svg,5,23,579687736,456737
suicide-rates-by-age-detailed,DiscreteBar,,,8ff4111e4f739a311c7aa200b7a22230,suicide-rates-by-age-detailed_v36_850x600.svg,17,25,611821456,1683014
suicide-rates-by-age-detailed-who,DiscreteBar,,,992f2ffbebe37ed2335e77eb5cd86ab6,suicide-rates-by-age-detailed-who_v50_850x600.svg,16,41,1786892392,1315807
suicide-rates-by-age-who-mdb,DiscreteBar,,,6fc42cafbe9b4d82b2ea742f8b7fcad3,suicide-rates-by-age-who-mdb_v17_850x600.svg,24,34,605341536,2305595
suicide-rates-source-comparison,LineChart,,,f8ec551073408d3832933d7e92d9f76c,suicide-rates-source-comparison_v37_850x600.svg,10,31,1820787992,631780
suicide-rates-source-comparison-crude,LineChart,,,9f589cfc37ba7989b318b1659ad5f8d9,suicide-rates-source-comparison-crude_v33_850x600.svg,9,30,576111744,621655
suicide-vs-violent-deaths,ScatterPlot,,,f4fdd62dee3db5464473035a26fc4fcb,suicide-vs-violent-deaths_v50_850x600.svg,60,183,1903350344,2495102
sulphur-dioxide-and-coal,LineChart,,,f4b16f5324450bd093c8832ff8a2004d,sulphur-dioxide-and-coal_v8_850x600.svg,42,70,643258744,2336849
sumatran-rhinos,LineChart,,,47e442921c7ac4ba4e0bacbb3f3514d3,sumatran-rhinos_v8_850x600.svg,2,11,642815544,631
summer-temperature-anomalies,StackedBar,,,d2b84d2ace3758e7c0b484f886aef554,summer-temperature-anomalies_v22_850x600.svg,26,80,299079904,1935397
sunflower-seed-production,WorldMap,,,38ef46da099ecaca0d4e35e9c361f6cf,sunflower-seed-production_v10_850x600.svg,1,16,653340496,203573
sunflower-seed-yield,WorldMap,,,2c7d36c302355e71c8212fa3d99656b0,sunflower-seed-yield_v12_850x600.svg,2,20,667760864,205519
supercomputer-power-flops,LineChart,,,ee77995bb21ba2b741b57d95055f1eca,supercomputer-power-flops_v43_850x600.svg,1,8,649927280,1102
support-policies-climate,WorldMap,,,1834813af9aaefb51bdac06247cefffe,support-policies-climate_v9_850x600.svg,1,14,677110184,1841
support-political-climate-action,WorldMap,,,b8378d9fd25fe8c77f8124102c682eda,support-political-climate-action_v7_850x600.svg,1,17,363650592,3524
support-public-action-climate,WorldMap,,,450fcb49ead4bc520d0852d442afcc5e,support-public-action-climate_v3_850x600.svg,1,11,595554736,3621
support-to-help-to-quit-tobacco-use,WorldMap,,,42c6b6c2f705cecc5a0ca0f0b9b2344e,support-to-help-to-quit-tobacco-use_v16_850x600.svg,1,17,637377136,44616
surface-plastic-mass-by-ocean,DiscreteBar,,,176ae60086a01def23d76954b322c820,surface-plastic-mass-by-ocean_v6_850x600.svg,1,7,369357384,282
surface-plastic-particles-by-ocean,DiscreteBar,,,59539df04f132a162b6f3da8ebac29aa,surface-plastic-particles-by-ocean_v6_850x600.svg,1,6,601005160,333
surgeons-per-100000,WorldMap,,,32ccd3d542c15c371c134424632c814e,surgeons-per-100000_v17_850x600.svg,1,11,610215464,9105
survey-animal-pain-sentience,StackedDiscreteBar,,,3391909b84b386238f3206ca4bd28c79,survey-animal-pain-sentience_v10_850x600.svg,1,13,379507712,10661
survey-dietary-choices-sentience,StackedDiscreteBar,,,aed6312e18b40f47631615a1e23ff5ff,survey-dietary-choices-sentience_v8_850x600.svg,1,15,648334096,12516
survival-ages-across-the-population,LineChart,,,458f790f03d8a743287c90c7c547c179,survival-ages-across-the-population_v15_850x600.svg,19,39,270698496,1403441
survival-to-age-65-of-cohort,LineChart,,,bf6c5cf5ad3c589a59669538bb103b90,survival-to-age-65-of-cohort_v22_850x600.svg,12,25,637039184,987789
sustainable-fisheries-as-a-proportion-of-gdp,WorldMap,,,f62d74b8a0ad67e8f382e99dc5e75dc3,sustainable-fisheries-as-a-proportion-of-gdp_v18_850x600.svg,1,15,389469696,26596
sweden-life-expectancy-smallpox-deaths,LineChart,,,74a5c457e3d3f03d443c29885f392d45,sweden-life-expectancy-smallpox-deaths_v27_850x600.svg,12,32,682791744,686371
sweden-official-covid-deaths,LineChart,,,68ac52edefc7c8675c243a4be47973e6,sweden-official-covid-deaths_v308_850x600.svg,1,17,337734256,38803
sweet-potato-production,WorldMap,,,dc3b32ab404b402255976e44ce0eb254,sweet-potato-production_v11_850x600.svg,2,20,403017088,296397
switzerland-covid-19-weekly-death-rate-by-vaccination-status,LineChart,,,fa4453d385932091535ae5961722d3c1,switzerland-covid-19-weekly-death-rate-by-vaccination-status_v108_850x600.svg,5,19,608967576,64081
systems-track-gender-equality,DiscreteBar,,,30bc88666f47707378652892d31e853a,systems-track-gender-equality_v22_850x600.svg,1,7,275825152,973
tariff-rate-applied-weighted-mean-all-products,LineChart,,,8612aa54eff6eeff70bfae0effdc23da,tariff-rate-applied-weighted-mean-all-products_v15_850x600.svg,2,18,348181304,108933
tariff-rates,LineChart,,,abdd5b5bf5d4284e3b26bcdb5d365b25,tariff-rates_v16_850x600.svg,6,19,1919429560,326761
tax-revenue-national-income-longrun,LineChart,,,db2d584a5365204d8412006fc0bd9513,tax-revenue-national-income-longrun_v4_850x600.svg,1,19,358310272,10273
tax-revenue-per-capita-and-public-health-spending-per-capita-in-developing-countries-in,ScatterPlot,,,af72bb8cacfdda8c1f4c0bc1ea9cb282,tax-revenue-per-capita-and-public-health-spending-per-capita-in-developing-countries-in_v23_850x600.svg,60,186,321766552,2133120
tax-revenue-share-gdp-oecd-grsd,LineChart,,,c2df85a743ada38319eb27cb5157efba,tax-revenue-share-gdp-oecd-grsd_v13_850x600.svg,2,14,619665920,69095
tax-revenues-as-a-share-of-gdp-unu-wider,WorldMap,,,76c7cafe001ae1cad144fe820201b201,tax-revenues-as-a-share-of-gdp-unu-wider_v36_850x600.svg,5,42,315234968,218602
tax-revenues-by-source-gdp-la,StackedArea,,,fd4756a90dc2bfda7b8122efa6302d18,tax-revenues-by-source-gdp-la_v6_850x600.svg,2,12,1927152840,22240
tax-revenues-vs-electoral-democracy-index,ScatterPlot,,,553da6ecd901085d3060de7ec60d12e8,tax-revenues-vs-electoral-democracy-index_v56_850x600.svg,24,128,650619056,1243669
tax-revenues-vs-gdp-per-capita,ScatterPlot,,,f8737607485bd30b9dc59a3db2406f6b,tax-revenues-vs-gdp-per-capita_v47_850x600.svg,69,203,444514056,2299153
tax-revenues-vs-income-inequality,ScatterPlot,,,4171d9e147ed294e57dcd18b36a59855,tax-revenues-vs-income-inequality_v57_850x600.svg,64,211,219547440,2153473
taxes-as-a-share-of-cigarette-price,WorldMap,,,4fa622f17fa9f088536f5d9484c320a0,taxes-as-a-share-of-cigarette-price_v14_850x600.svg,1,19,1938254760,43459
taxes-on-goods-and-services-gdp,WorldMap,,,1868734e04268015a4948216caffaffb,taxes-on-goods-and-services-gdp_v19_850x600.svg,2,26,1890561720,190821
taxes-on-income-vs-taxes-on-goods-and-services,ScatterPlot,,,d17fe69c7989a663bb5cea16be17d09d,taxes-on-income-vs-taxes-on-goods-and-services_v12_850x600.svg,86,245,404039096,2852697
taxes-on-incomes-of-individuals-and-corporations-gdp,WorldMap,,,a7b7d6b3f0b2c5db3e14a39e432f065f,taxes-on-incomes-of-individuals-and-corporations-gdp_v17_850x600.svg,1,26,1908558712,191490
tb-patients-living-with-hiv-receiving-art,WorldMap,,,2fd4ac41569cef4294d07f2e3d30311d,tb-patients-living-with-hiv-receiving-art_v11_850x600.svg,2,20,1921774280,78990
tb-patients-tested-positive-for-hiv,WorldMap,,,c51bbead26fe6f955ca4ce292f316ca1,tb-patients-tested-positive-for-hiv_v18_850x600.svg,1,17,1895405896,93292
tb-related-deaths-hiv,WorldMap,,,12ac341d90a7d16dd7bc9172a5693a73,tb-related-deaths-hiv_v12_850x600.svg,3,20,1906785344,148803
technology-adoption-by-households-in-the-united-states,LineChart,,,d48ef3c4e1e6cb9020adc957ffa46c26,technology-adoption-by-households-in-the-united-states_v24_850x600.svg,2,46,183696464,40822
technology-infrastructure-diffusion-uk,LineChart,,,87bcc90dfaa6ecfc4df3965891049e74,technology-infrastructure-diffusion-uk_v16_850x600.svg,1,17,1916687224,43173
technology-infrastructure-diffusion-us,LineChart,,,3b21542ce821fd04312d52d5abb23fc2,technology-infrastructure-diffusion-us_v17_850x600.svg,2,20,331694808,45341
temp-deaths-zhao,StackedDiscreteBar,,,9ce795d3c79d1af3699eb0bf1eee202e,temp-deaths-zhao_v3_850x600.svg,2,14,1923745016,1297
temperature-anomaly,LineChart,,,4339b4c20d3a433039326f5a50aaad2f,temperature-anomaly_v56_850x600.svg,2,14,341599928,58108
temperature-anomaly-vs-latitude,ScatterPlot,,,19f16527276b55c17fe43c1877107a31,temperature-anomaly-vs-latitude_v20_850x600.svg,125,347,259331864,4726025
terrain-ruggedness-index,WorldMap,,,55a1f0be06bc23ce90a10ad2f9903112,terrain-ruggedness-index_v5_850x600.svg,1,16,191774920,6952
terrestrial-protected-areas,WorldMap,,,0787cd522810622bd4176b48d85ae541,terrestrial-protected-areas_v24_850x600.svg,1,18,455007904,82974
terrorism-attacks-by-severity,StackedArea,,,8f8d5bc5d888d8edf6068e07c15aabab,terrorism-attacks-by-severity_v22_850x600.svg,36,49,336086008,1841951
terrorism-deaths,WorldMap,,,b9ca3fb7131a2fbe58f97ff27f53beb8,terrorism-deaths_v41_850x600.svg,8,40,182173144,282380
terrorism-deaths-by-region,StackedArea,,,bd2b219a9142fe73f67b92719be80935,terrorism-deaths-by-region_v30_850x600.svg,2,20,231004952,273082
terrorism-deaths-rate,WorldMap,,,b6be6e40195585164f90d080aa9f779a,terrorism-deaths-rate_v18_850x600.svg,6,36,431626672,279314
terrorist-attacks,WorldMap,,,8a9cd06675ac9903090a71c9c1c07b86,terrorist-attacks_v34_850x600.svg,7,37,262909656,282221
terrorist-attacks-by-method,DiscreteBar,,,b6b1b52debf9610458b34bce34638640,terrorist-attacks-by-method_v21_850x600.svg,49,61,358767392,2385556
terrorist-attacks-by-method-stacked,StackedBar,,,e4d4d3943a642c9905ab7c420463ce55,terrorist-attacks-by-method-stacked_v17_850x600.svg,42,68,445435336,2385556
terrorist-attacks-by-region,StackedArea,,,05fdd01f737b7611c77f6523a56634e1,terrorist-attacks-by-region_v25_850x600.svg,2,17,193598992,272923
terrorist-attacks-by-target,DiscreteBar,,,9d246ad31ee489559825ce3a0273c5d4,terrorist-attacks-by-target_v26_850x600.svg,132,150,267813960,5776757
terrorist-attacks-fatalities-and-injuries,LineChart,,,fe958f55d41dd7fd4b48ecc38a4ec519,terrorist-attacks-fatalities-and-injuries_v22_850x600.svg,15,32,434930864,819507
test-scores-ai-capabilities-relative-human-performance,LineChart,,,42cebe41df0012b434f2f61597cea902,test-scores-ai-capabilities-relative-human-performance_v16_850x600.svg,1,17,222718192,2140
tests-of-covid-19-per-thousand-people-vs-gdp-per-capita,ScatterPlot,,,756add2a577953921f3df692e394eb87,tests-of-covid-19-per-thousand-people-vs-gdp-per-capita_v457_850x600.svg,266,594,443918400,2641931
tests-per-confirmed-case-daily-smoothed,WorldMap,,,9bbc53dba228f7ab8f965255d0069e70,tests-per-confirmed-case-daily-smoothed_v448_850x600.svg,14,198,431251760,3225334
tetanus-cases-vs-tetanus-vaccination-coverage,ScatterPlot,,,ee36b86d58b7e35bbe774a7edc7c697c,tetanus-cases-vs-tetanus-vaccination-coverage_v28_850x600.svg,10,54,360557664,525307
tetanus-death-rate,WorldMap,,,a9d8d6bf3bb10a423205fea19cb613ee,tetanus-death-rate_v19_850x600.svg,2,23,463127264,342227
tetanus-deaths-by-age-group,StackedArea,,,9368fc3dc208d0ed2fd14a0fd686d54e,tetanus-deaths-by-age-group_v23_850x600.svg,26,43,446159944,1748041
tetanus-deaths-by-region,StackedArea,,,719cae14ee8b7aa0ee95aad4017daaed,tetanus-deaths-by-region_v29_850x600.svg,4,20,372458096,342771
tetanus-mortality-in-children-under-5,WorldMap,,,75a15cdf2ba292ab58ad90b229308446,tetanus-mortality-in-children-under-5_v16_850x600.svg,2,23,388114568,354022
the-amount-of-cod-caught-in-the-grand-banks-north-atlantic-fisheries-18512018,LineChart,,,c12843a1290b4f710e9b781a5c405478,the-amount-of-cod-caught-in-the-grand-banks-north-atlantic-fisheries-18512018_v10_850x600.svg,2,18,457285912,5949
the-burden-of-disease-vs-gdp-per-capita,ScatterPlot,,,25e725a81b7a7f839cfd4c0fb1a40623,the-burden-of-disease-vs-gdp-per-capita_v42_850x600.svg,67,196,546533464,2341696
the-cost-of-inequality-economic-disparity-and-the-fraction-of-workers-employed-as-guards,ScatterPlot,,,69223d407369c0ba47d73c48f745dac1,the-cost-of-inequality-economic-disparity-and-the-fraction-of-workers-employed-as-guards_v6_850x600.svg,1,14,363850152,1084
the-cost-of-inequality-inequality-and-growth-in-living-standards-among-catch-up-countries,ScatterPlot,,,06f10b34aa267220f51446a93783d0f9,the-cost-of-inequality-inequality-and-growth-in-living-standards-among-catch-up-countries_v8_850x600.svg,1,14,243674312,609
the-cost-of-inequality-inequality-and-growth-in-living-standards-among-rich-countries,ScatterPlot,,,badd5fb705c40048c07e51175bfbb0d3,the-cost-of-inequality-inequality-and-growth-in-living-standards-among-rich-countries_v18_850x600.svg,2,15,373541928,1072
the-decade-of-the-last-recorded-case-of-paralytic-polio-by-country,WorldMap,,,7a11bffeb98ed8f1da703897439263dd,the-decade-of-the-last-recorded-case-of-paralytic-polio-by-country_v15_850x600.svg,1,15,252741632,5996
the-discrepancy-between-the-reported-and-actual-number-of-global-smallpox-cases,LineChart,,,87c6f22cf309417b8ac20823eb9c9d1c,the-discrepancy-between-the-reported-and-actual-number-of-global-smallpox-cases_v7_850x600.svg,1,10,380194408,596
the-duration-of-democracy-and-inequality-in-disposable-income-2015,ScatterPlot,,,0e3511b50f00fd9d37e61e2e6b5ec1a1,the-duration-of-democracy-and-inequality-in-disposable-income-2015_v12_850x600.svg,1,13,261799160,1408
the-duration-of-democracy-and-working-hours-2017,ScatterPlot,,,f53e69979f1afeca996000cc7b546d62,the-duration-of-democracy-and-working-hours-2017_v15_850x600.svg,1,14,388843136,1146
the-gender-wage-ratio-in-different-income-percentiles,LineChart,,,73c042af4713189ad0dce15173859454,the-gender-wage-ratio-in-different-income-percentiles_v7_850x600.svg,1,11,269037936,507
the-great-depression-and-the-global-financial-crisis-fiscal-policy,LineChart,,,eb09e2bf185ebe50017dbfaf83bc1663,the-great-depression-and-the-global-financial-crisis-fiscal-policy_v10_850x600.svg,1,13,396770648,621
the-great-depression-and-the-global-financial-crisis-industrial-production,LineChart,,,c81c1c518ee121deef002fad97a797aa,the-great-depression-and-the-global-financial-crisis-industrial-production_v6_850x600.svg,1,15,278552480,2955
the-great-depression-and-the-global-financial-crisis-monetary-policy,LineChart,,,9032623d8f68ef67d09b78360775c321,the-great-depression-and-the-global-financial-crisis-monetary-policy_v12_850x600.svg,1,14,406448008,3431
the-growth-of-government-in-the-uk,LineChart,,,b0036eee191a4d15f1d89ae322aa2fc0,the-growth-of-government-in-the-uk_v9_850x600.svg,1,11,286137856,15251
the-growth-rate-of-productivity-over-the-long-run-14002009,LineChart,,,5ac24133afb3c01dd252c60d126b348b,the-growth-rate-of-productivity-over-the-long-run-14002009_v12_850x600.svg,2,15,440315200,21183
the-household-debt-to-income-ratio-and-house-prices-in-the-us-19502017,LineChart,,,24463d5c752e896f8973591c3fd49c56,the-household-debt-to-income-ratio-and-house-prices-in-the-us-19502017_v10_850x600.svg,1,16,376829896,3817
the-incidence-of-malaria-per-1000-population,WorldMap,,,919719a1c7e706305e97c45cdbd032bb,the-incidence-of-malaria-per-1000-population_v28_850x600.svg,2,20,259428760,230524
the-linear-scale-in-natural-logs-and-a-linear-function,LineChart,,,7349d0d0e584a0c3e8c35be4e8fb3f0c,the-linear-scale-in-natural-logs-and-a-linear-function_v11_850x600.svg,1,15,449629136,10102
the-long-term-energy-transition-in-europe,StackedArea,,,a0bd8b2d08c0c01ccc4bbb91c898a3f7,the-long-term-energy-transition-in-europe_v7_850x600.svg,1,11,384130936,2072
the-malthusian-trap,ScatterPlot,,,d05809398bbd0353c2a51c683f9036b0,the-malthusian-trap_v25_850x600.svg,1,13,268702272,2447
the-maternal-mortality-ratio-in-1985-and-2020,ScatterPlot,,,fa4f8100061380220f53d6e7d12afd4c,the-maternal-mortality-ratio-in-1985-and-2020_v41_850x600.svg,122,208,490362568,2309174
the-missing-middle-in-the-us-job-growth-is-highest-in-the-top-fifth-and-bottom-fifth-of-occupations-by-mean-annual-earnings,DiscreteBar,,,68ecc889de68017bdb6265c556171736,the-missing-middle-in-the-us-job-growth-is-highest-in-the-top-fifth-and-bottom-fifth-of-occupations-by-mean-annual-earnings_v5_850x600.svg,1,9,267132992,212
the-number-of-cases-of-infectious-diseases,LineChart,,,d92e220d9a2b5ae72783b0561f09e596,the-number-of-cases-of-infectious-diseases_v47_850x600.svg,27,59,390208176,1478120
the-number-of-new-tetanus-infections-by-world-region,StackedArea,,,9c0cf1dde60f74a5f39fdeefaa6186d7,the-number-of-new-tetanus-infections-by-world-region_v33_850x600.svg,3,18,279563920,262945
the-number-of-reported-paralytic-polio-cases,LineChart,,,8755f78145a3c5414d01d4cec851efc1,the-number-of-reported-paralytic-polio-cases_v29_850x600.svg,2,14,276847104,204298
the-number-of-reported-paralytic-polio-cases-by-world-region,StackedArea,,,6b01b2a635089e57d1e4e830cd98e26c,the-number-of-reported-paralytic-polio-cases-by-world-region_v15_850x600.svg,2,18,289164336,204298
the-percentage-of-neonates-protected-at-birth-against-neonatal-tetanus,LineChart,,,33d86068c647ea08de4b5afc10cc9421,the-percentage-of-neonates-protected-at-birth-against-neonatal-tetanus_v17_850x600.svg,1,17,285751024,69040
the-price-for-lighting-per-million-lumen-hours-in-the-uk-in-british-pound,LineChart,,,bfa01d6c26628ac0a22ba07ab774d225,the-price-for-lighting-per-million-lumen-hours-in-the-uk-in-british-pound_v8_850x600.svg,1,12,294082920,23047
the-productivity-of-labour-in-producing-light-lumen-hours-per-hour-of-labour-1800-to-the-present,LineChart,,,8b0e7382b5c26f98a2d20f7d6b0dc823,the-productivity-of-labour-in-producing-light-lumen-hours-per-hour-of-labour-1800-to-the-present_v11_850x600.svg,0,10,244023552,347
the-ratio-scale-and-an-exponential-function,LineChart,,,08b321fa5131d1e4823e761f2f416273,the-ratio-scale-and-an-exponential-function_v11_850x600.svg,1,16,253973488,8774
the-rise-and-fall-of-the-share-of-employment-in-industry-18702018,LineChart,,,736f925b4ce516f90eee13119c0e9c0e,the-rise-and-fall-of-the-share-of-employment-in-industry-18702018_v13_850x600.svg,1,13,268961704,22642
the-role-of-agriculture-in-the-fluctuations-of-the-aggregate-economy-in-britain,LineChart,,,d43db25a584bc2be95754335031a57b7,the-role-of-agriculture-in-the-fluctuations-of-the-aggregate-economy-in-britain_v11_850x600.svg,1,13,399399992,19729
the-role-of-agriculture-in-the-fluctuations-of-the-aggregate-economy-in-india-19612017,LineChart,,,1df031c56375062c1bd0000c192e8883,the-role-of-agriculture-in-the-fluctuations-of-the-aggregate-economy-in-india-19612017_v27_850x600.svg,1,13,556263728,4189
the-share-and-number-of-people-living-in-extreme-poverty,LineChart,,,5e4befaa77d3b5a637bef4abce4669d2,the-share-and-number-of-people-living-in-extreme-poverty_v40_850x600.svg,5,20,269914648,208221
the-share-of-people-living-in-extreme-poverty-vs-gdp-per-capita,ScatterPlot,,,bf0de19444e01c1206c94312e77f9b67,the-share-of-people-living-in-extreme-poverty-vs-gdp-per-capita_v62_850x600.svg,54,192,347627096,2209445
the-share-of-total-income-received-by-the-top-1,LineChart,,,b106e3e792c85dfd1a8745d6de08aaa1,the-share-of-total-income-received-by-the-top-1_v10_850x600.svg,1,23,415434072,18167
the-share-of-tuberculosis-tests-that-are-positive,WorldMap,,,3c4f7aa4cbb2088b9c2fcb5e1497243d,the-share-of-tuberculosis-tests-that-are-positive_v11_850x600.svg,1,13,564159552,18427
the-two-germanies-planning-and-capitalism,LineChart,,,0712565e936f177fc342681d9eca3719,the-two-germanies-planning-and-capitalism_v34_850x600.svg,1,17,281932120,8044
the-worlds-number-of-vaccinated-one-year-olds,LineChart,,,256e94f1c51d8c5cbd2391c2f52e72e9,the-worlds-number-of-vaccinated-one-year-olds_v25_850x600.svg,43,69,580356264,1939271
theft-numbers-england-wales,LineChart,,,e96677820049b87bd41f231c25351e26,theft-numbers-england-wales_v5_850x600.svg,1,17,429079184,3992
third-gender-legally-recognized,WorldMap,,,da8e27311fd485c15106013c1b332eda,third-gender-legally-recognized_v95_850x600.svg,1,19,257372008,278847
third-gender-recognition-equaldex,WorldMap,,,66c67ba52177ce7d6d273ab5c24ba87a,third-gender-recognition-equaldex_v30_850x600.svg,1,15,393542600,19748
threatened-bird-species,WorldMap,,,b756ea040aa8cb9382aee019434694a6,threatened-bird-species_v28_850x600.svg,1,16,265370720,12131
threatened-endemic-bird-species,WorldMap,,,6bbaeb4ec26fe1941b1aafd4ddab5c08,threatened-endemic-bird-species_v16_850x600.svg,1,16,402103392,6455
threatened-endemic-coral,WorldMap,,,2b60e012a5dd45ac1ed45bcc38ad19f1,threatened-endemic-coral_v15_850x600.svg,1,16,273797848,6437
threatened-endemic-mammal-species,WorldMap,,,cce48400d2da22e0458843de4625ef16,threatened-endemic-mammal-species_v17_850x600.svg,1,17,410574856,6462
threatened-mammal-species,WorldMap,,,f26e9a5793e6bbdee9ca52a9840b1def,threatened-mammal-species_v27_850x600.svg,2,17,542257408,12024
threshold-income-marking-the-poorest-decile-vs-mean-income-wb,ScatterPlot,,,7d799f0a25f55aea13933390f19ff749,threshold-income-marking-the-poorest-decile-vs-mean-income-wb_v35_850x600.svg,113,275,360965520,2704199
ti-corruption-perception-index,WorldMap,,,53d6f2a57ff329169c47c4ca0d1e3ad8,ti-corruption-perception-index_v21_850x600.svg,3,21,425734232,70602
time-required-to-start-business,WorldMap,,,0615eecc77ac1d46e738d06e72c1d9e7,time-required-to-start-business_v14_850x600.svg,2,20,553246824,87211
time-spend-in-domestic-work-female-vs-male,Dumbbell,,,1512cd20939147785a30c13e2e7fcef4,time-spend-in-domestic-work-female-vs-male_v39_850x600.svg,1,15,435183056,8437
time-spent-alone-by-age-and-gender,LineChart,,,8b05a23aba61a6de83591701cee18eca,time-spent-alone-by-age-and-gender_v38_850x600.svg,2,36,514962696,42458
time-spent-on-unpaid-care-and-domestic-work,DiscreteBar,,,195b774646e6458dba3dacb27b036c5f,time-spent-on-unpaid-care-and-domestic-work_v12_850x600.svg,1,10,560757824,9207
time-spent-with-relationships-by-age-us,LineChart,,,b66bb942c5e14ac07e6056b3a9bfb2b0,time-spent-with-relationships-by-age-us_v44_850x600.svg,2,23,415312800,42458
time-women-and-men-spend-on-leisure,ScatterPlot,,,c92390bb4150469f6fdaaf7da6838174,time-women-and-men-spend-on-leisure_v47_850x600.svg,52,149,597621960,1843458
tobacco-production,WorldMap,,,93396994d57e05b73deaa512c391c06b,tobacco-production_v16_850x600.svg,2,22,528788752,324883
tomato-production,WorldMap,,,44d6b1ff63b03bfffddc04815705e179,tomato-production_v13_850x600.svg,3,21,429700456,383343
tomato-yields,WorldMap,,,8794ebc3908b472f15db87da75a00722,tomato-yields_v17_850x600.svg,4,34,506882888,401964
top-income-tax-rates-piketty,LineChart,,,160fac9f8fdfb1850f69eaa72e6a591c,top-income-tax-rates-piketty_v4_850x600.svg,1,12,354585424,14975
total-agricultural-area-over-the-long-term,StackedArea,,,4ce22dba881c53a681e9ee84adf9fe79,total-agricultural-area-over-the-long-term_v9_850x600.svg,8,28,448127656,864831
total-agricultural-land-use-per-person,LineChart,,,9daa21be32c1ee232fa83ec5ff840824,total-agricultural-land-use-per-person_v17_850x600.svg,5,26,374175928,888464
total-alcohol-consumption-per-capita-litres-of-pure-alcohol,WorldMap,,,a55f604df3b568e4809de36c323f43b4,total-alcohol-consumption-per-capita-litres-of-pure-alcohol_v33_850x600.svg,1,23,520665576,120767
total-applied-phosphorous-crops,WorldMap,,,0e64b5ea1600bfb6500ce4cc2d59fd73,total-applied-phosphorous-crops_v4_850x600.svg,1,10,455176400,6242
total-cancer-deaths-by-type,DiscreteBar,,,e3fab4855b51801e06fa8688f0d1e742,total-cancer-deaths-by-type_v28_850x600.svg,136,153,414820472,9753674
total-cases-of-diarrheal-diseases,LineChart,,,519c671068bdb909f210808580734c8b,total-cases-of-diarrheal-diseases_v6_850x600.svg,2,20,431018040,258742
total-confirmed-deaths-due-to-covid-19-vs-population,ScatterPlot,,,56029454c456c41aa812db970ef70a70,total-confirmed-deaths-due-to-covid-19-vs-population_v3089_850x600.svg,1384,2773,999583944,17136901
total-covid-cases-deaths-per-million,LineChart,,,1cbc688ebd1f1a43e42449085f0de23f,total-covid-cases-deaths-per-million_v3111_850x600.svg,1259,1435,686614304,38410875
total-daily-covid-deaths,LineChart,,,361368781f6cb1946c20b38a591bec5d,total-daily-covid-deaths_v3117_850x600.svg,1295,1470,656761288,31535901
total-daly-burden-from-infectious-diseases,StackedArea,,,4d90935d0c342e55c38e75023c8532da,total-daly-burden-from-infectious-diseases_v7_850x600.svg,3,18,608639320,257569
total-deaths-comparison,LineChart,,,1529920ef6bd5539b8dac6dd58b6deff,total-deaths-comparison_v25_850x600.svg,23,50,661018304,1186384
total-disease-burden,WorldMap,,,324640bb87ce9e73c5c4a956ff6c7912,total-disease-burden_v8_850x600.svg,2,22,375068368,257235
total-disease-burden-by-cause,StackedArea,,,bf1286ac2c97e453e7d30a29b010e668,total-disease-burden-by-cause_v21_850x600.svg,14,25,626264240,773416
total-disease-burden-who,WorldMap,,,9dae7625a61425d5c0394f39bcb09331,total-disease-burden-who_v4_850x600.svg,2,19,386268632,144776
total-factor-productivity,LineChart,,,d629e632cc8763232318dd26cd5898c5,total-factor-productivity_v21_850x600.svg,3,36,654993280,230282
total-fertility-rate-vs-cohort-fertility-rate-vs-tempo-adjusted-tfr,LineChart,,,41193e78e896dffa257facb35711a5ff,total-fertility-rate-vs-cohort-fertility-rate-vs-tempo-adjusted-tfr_v14_850x600.svg,3,23,433779856,163713
total-financial-assistance-and-flows-for-agriculture-by-recipient,WorldMap,,,d7f03a7ae75bed7169d5bc82da4a4df6,total-financial-assistance-and-flows-for-agriculture-by-recipient_v26_850x600.svg,2,19,397629392,114781
total-gdp-in-the-uk-since-1270,LineChart,,,23ba90b65a99d7c020a08a38fb7925a1,total-gdp-in-the-uk-since-1270_v14_850x600.svg,1,12,412956024,28156
total-gdp-vs-gdp-per-capita-maddison,ScatterPlot,,,ec479bf542d2ac321a7ef3c00050b911,total-gdp-vs-gdp-per-capita-maddison_v14_850x600.svg,31,564,409260544,1234916
total-ghg-emissions,WorldMap,,,2471129918d9f4755ad8ef6fecdc5d12,total-ghg-emissions_v36_850x600.svg,7,50,381901208,1265807
total-ghg-emissions-excluding-lufc,WorldMap,,,8726d997f0e9e7ce0f0d679072de3fd6,total-ghg-emissions-excluding-lufc_v22_850x600.svg,7,49,445626144,1255818
total-gov-expenditure-gdp-wdi,WorldMap,,,e83bb31a7f10ca3901aa8b1c0b2dfd40,total-gov-expenditure-gdp-wdi_v20_850x600.svg,2,25,398551176,158855
total-gov-expenditure-percapita-oecd,DiscreteBar,,,4315334f393296a83c80547f859fc4f4,total-gov-expenditure-percapita-oecd_v12_850x600.svg,1,12,454464576,26188
total-healthcare-expenditure-gdp,WorldMap,,,2d17e4f491f4020faf822e30b174cd92,total-healthcare-expenditure-gdp_v21_850x600.svg,1,18,469202456,157550
total-inward-financial-flows-from-drug-trafficking,LineChart,,,8b13bac9cd0fc2f4e150c840703a3e8e,total-inward-financial-flows-from-drug-trafficking_v12_850x600.svg,1,10,404817080,261
total-live-births-hfd,LineChart,,,a43613d604c9f2d90528ba3d6f81dd80,total-live-births-hfd_v11_850x600.svg,1,19,381154088,82939
total-manufacturing-value-added-from-high-tech,WorldMap,,,38b214f877fdd4b9dbfbf0805a679ac9,total-manufacturing-value-added-from-high-tech_v17_850x600.svg,1,16,435848472,32964
total-market-capitalization-listed-domestic-companies-share-gdp,LineChart,,,14b424203f43a7648daea08c196e8e26,total-market-capitalization-listed-domestic-companies-share-gdp_v12_850x600.svg,1,16,447326512,105694
total-nitrogen-inputs-crops,WorldMap,,,0414381f89f6e918038b1a615710f923,total-nitrogen-inputs-crops_v4_850x600.svg,1,14,388750456,6258
total-number-of-births-by-birth-order,LineChart,,,09bc00902b1e21deaa792f4a9f78e039,total-number-of-births-by-birth-order_v10_850x600.svg,4,20,407419752,266692
total-number-of-deaths-by-cause,StackedArea,,,5e137f7bea8c8a43211ae2e5cf51f1e9,total-number-of-deaths-by-cause_v32_850x600.svg,11,21,471668352,1004258
total-number-of-people-aged-15-with-no-education-in-millions-by-continent-1970-2050,StackedArea,,,c34fd90f7636e35eb812e2463c8d9c4f,total-number-of-people-aged-15-with-no-education-in-millions-by-continent-1970-2050_v12_850x600.svg,2,14,418378496,217706
total-number-of-rcts-published-in-high-ranked-medical-journals,WorldMap,,,0583e533fc7c0b17cb64def3b35e2556,total-number-of-rcts-published-in-high-ranked-medical-journals_v18_850x600.svg,1,14,480494976,4112
total-oda-for-aid-for-trade-by-donor,WorldMap,,,6c3d6213c13cd7b675e66420a2a594f0,total-oda-for-aid-for-trade-by-donor_v27_850x600.svg,1,15,390184632,19950
total-oda-for-aid-for-trade-by-recipient,WorldMap,,,0694fd63cdc3a0b55b329426bb36b7cf,total-oda-for-aid-for-trade-by-recipient_v30_850x600.svg,1,18,448535616,89750
total-oda-for-biodiversity-by-donor,WorldMap,,,19649fb0f14c3fbec6172cdd19b7a8b1,total-oda-for-biodiversity-by-donor_v26_850x600.svg,1,16,399845744,17568
total-oda-for-biodiversity-by-recipient,WorldMap,,,1e12e3de129db3a031f9b8304ab1b9f1,total-oda-for-biodiversity-by-recipient_v26_850x600.svg,1,17,459406992,99486
total-oda-for-infrastructure-by-recipient,WorldMap,,,1f0922f30acc054920d77205fdf3e6cf,total-oda-for-infrastructure-by-recipient_v24_850x600.svg,1,20,413227592,117415
total-oda-for-water-supply-and-sanitation-by-recipient,WorldMap,,,5ae778f34b1cfac8ea7742ac7d9c2389,total-oda-for-water-supply-and-sanitation-by-recipient_v26_850x600.svg,2,16,470670480,109901
total-official-development-assistance-for-technical-cooperation,WorldMap,,,e6193181ba32c7fef74d2f69f4425698,total-official-development-assistance-for-technical-cooperation_v15_850x600.svg,2,18,424069840,118477
total-outward-financial-flows-from-drug-trafficking,LineChart,,,6bac304a2ec0acc9ce63696bc612e007,total-outward-financial-flows-from-drug-trafficking_v12_850x600.svg,1,10,477364584,492
total-population-in-extreme-poverty,WorldMap,,,0151f54f803980df839889170ba0d882,total-population-in-extreme-poverty_v72_850x600.svg,1,19,493743960,88625
total-population-living-in-extreme-poverty-by-world-region,StackedArea,,,c13ab0547c3046bfcd1722f94f1cb512,total-population-living-in-extreme-poverty-by-world-region_v61_850x600.svg,2,16,435175560,88625
total-reserves-in-months-of-imports,WorldMap,,,8e54162aef55eb40e6ab8642f56ad92c,total-reserves-in-months-of-imports_v13_850x600.svg,2,30,463462792,126512
total-shortfall-from-extreme-poverty,WorldMap,,,8acde72c619fa356fd09dea480547b1c,total-shortfall-from-extreme-poverty_v47_850x600.svg,2,27,409827072,115204
total-taxation-of-gdp,LineChart,,,00cb2cdfad319d64725909747ce6ca65,total-taxation-of-gdp_v18_850x600.svg,6,22,478835248,278399
total-waste-generation,LineChart,,,8abbad43c432da2959cc0000b3c8188f,total-waste-generation_v17_850x600.svg,4,18,424202904,173064
total-wealth-by-asset-group,DiscreteBar,,,71bd1c0319667696f5c15968a442b148,total-wealth-by-asset-group_v12_850x600.svg,1,8,429910000,10372
total-wealth-per-capita-by-income-groups,LineChart,,,9132b9b1bb986523d9e42ec870b366f6,total-wealth-per-capita-by-income-groups_v9_850x600.svg,1,10,485537736,3277
tourism-gdp-proportion-of-total-gdp,WorldMap,,,1721e4239819bad3361c0875b864d018,tourism-gdp-proportion-of-total-gdp_v28_850x600.svg,2,19,445188656,46586
tourist-departures-per-1000-vs-gdp,ScatterPlot,,,56bbe7e8aa860bed69e73435422845f8,tourist-departures-per-1000-vs-gdp_v42_850x600.svg,5,46,477497544,337746
trachoma-prevalence-age-standardized-ihme,WorldMap,,,589b8fdba8fa5e9665960e077099e4eb,trachoma-prevalence-age-standardized-ihme_v48_850x600.svg,3,26,419366808,213977
trade-as-share-of-gdp,WorldMap,,,5ecd5df179b75da5561ce537ae35895f,trade-as-share-of-gdp_v26_850x600.svg,2,28,500551064,323595
trade-openness-in-europe,LineChart,,,e19d505853d835950bbcbc14f22c18e7,trade-openness-in-europe_v9_850x600.svg,1,24,436441768,12931
trade-union-membership-and-the-size-of-government-in-the-us,LineChart,,,91fb3d3a0faf980c5ad89984366b41b4,trade-union-membership-and-the-size-of-government-in-the-us_v7_850x600.svg,1,17,448115472,5730
traded-energy-share-domestic,WorldMap,,,c1d4d951a4b155beb64cd56852a195e7,traded-energy-share-domestic_v7_850x600.svg,1,12,508974184,36997
training-computation-vs-dataset-size-in-notable-ai-systems,ScatterPlot,,,51d066dca8a11f18b8277b297aac22d9,training-computation-vs-dataset-size-in-notable-ai-systems_v44_850x600.svg,2,174,573836752,48100
training-computation-vs-parameters-in-notable-ai-systems,ScatterPlot,,,788331a671848047e3b188899a604932,training-computation-vs-parameters-in-notable-ai-systems_v36_850x600.svg,2,212,543068704,50368
transistors-per-microprocessor,LineChart,,,7449c359ec212470b1d57aeca2f387cf,transistors-per-microprocessor_v16_850x600.svg,2,12,416033608,1390
transparent-laws-row,WorldMap,,,f403ee1e304fc00da27e4cab2042458a,transparent-laws-row_v73_850x600.svg,5,36,402761128,1646722
trawling-footprint-region,DiscreteBar,,,c552d12173a772534a19ab92733f07c0,trawling-footprint-region_v5_850x600.svg,1,10,582480856,801
treatment-of-hazardous-waste,LineChart,,,98d1d098d07b489d59912af5bc450824,treatment-of-hazardous-waste_v15_850x600.svg,5,30,419005232,98878
tree-cover-loss,WorldMap,,,801d9c888b10550b91ea82e1ff9bb6a0,tree-cover-loss_v4_850x600.svg,3,18,594636368,164367
tree-cover-loss-by-dominant-driver,StackedBar,,,59fdc6a22a8947df0cf59adca9746a77,tree-cover-loss-by-dominant-driver_v17_850x600.svg,11,36,574301672,903282
tree-cover-loss-from-wildfires,WorldMap,,,d3b343b27bb9f0b5fda1f54a557eaa02,tree-cover-loss-from-wildfires_v4_850x600.svg,1,18,431505088,121575
trials-by-intervention,LineChart,,,e363227062dcad9cf215d8f918e7c1e1,trials-by-intervention_v37_850x600.svg,2,17,557946720,12672
trips-by-domestic-tourists-per-person,WorldMap,,,9ff9da3496c4aff21bf7f75fa2f22c86,trips-by-domestic-tourists-per-person_v15_850x600.svg,3,24,452590296,44265
trust-another-religion,WorldMap,,,5f9a64db488789d78c9ceda046ed8098,trust-another-religion_v3_850x600.svg,1,10,496549608,6574
trust-churches-religious-organizations,WorldMap,,,77100956a55debe43039c37faafbe841,trust-churches-religious-organizations_v6_850x600.svg,1,11,505873472,13463
trust-healthcare-vs-vaccine-safety,ScatterPlot,,,d3a3df5a9595ad99d212f58ef1f1f3fc,trust-healthcare-vs-vaccine-safety_v15_850x600.svg,47,143,638756328,1855177
trust-in-others-vs-trust-in-police,ScatterPlot,,,67c0391c998e3742c62952e3df8820eb,trust-in-others-vs-trust-in-police_v23_850x600.svg,58,136,593178264,1843297
trust-organizations-wvs,DiscreteBar,,,371f3496e7737bda107d332780640605,trust-organizations-wvs_v31_850x600.svg,4,14,409155264,108813
trust-people-by-group-wvs,DiscreteBar,,,0def23e8842e6b52b26c3a27edeba2a6,trust-people-by-group-wvs_v41_850x600.svg,3,14,417758192,39437
trust-state-institutions-wvs,DiscreteBar,,,74a6ec9f8cd76d7ebf5ad4d33183e052,trust-state-institutions-wvs_v29_850x600.svg,4,12,427665472,86497
tsmc-annual-revenue,StackedBar,,,604f8e8087ca7bb44bcad45fbadffd29,tsmc-annual-revenue_v11_850x600.svg,1,14,434331568,775
tsunami-deaths,StackedBar,,,4d471117079edc197ac49f2fc0b1a9f2,tsunami-deaths_v5_850x600.svg,1,1391,410737896,42483
tuberculosis-case-detection-rate,WorldMap,,,58012bee0b60580c0a3dadb194001b5f,tuberculosis-case-detection-rate_v16_850x600.svg,1,16,653411600,132838
tuberculosis-case-fatality-rate,WorldMap,,,f21df7a13acc071db5e28aaad43dc463,tuberculosis-case-fatality-rate_v12_850x600.svg,2,18,606143616,127685
tuberculosis-cases-attributable-to-risk-factors,DiscreteBar,,,73df2a0f235dd74a579e2c47ab9ef3d6,tuberculosis-cases-attributable-to-risk-factors_v12_850x600.svg,2,9,613910856,24975
tuberculosis-cases-usa,LineChart,,,26f783ccc7e0525f4261e27e91d60ee3,tuberculosis-cases-usa_v3_850x600.svg,1,12,590235512,2161
tuberculosis-death-rate,WorldMap,,,094d4bbc4e303e7070caa8ab25f0fb9b,tuberculosis-death-rate_v9_850x600.svg,1,14,601466856,154824
tuberculosis-death-rate-age-standardized,WorldMap,,,0e8e513abb6e63ea3eed74fcab08d4d4,tuberculosis-death-rate-age-standardized_v3_850x600.svg,1,14,556524600,147432
tuberculosis-death-rate-united-states,LineChart,,,103257c495c41c61364adf4f6e685f8a,tuberculosis-death-rate-united-states_v4_850x600.svg,1,8,609589352,2004
tuberculosis-death-rates,WorldMap,,,5567a7e56994d024ab84543f75c539fb,tuberculosis-death-rates_v34_850x600.svg,2,22,574651560,327475
tuberculosis-death-rates-by-age,LineChart,,,de3998a3e006131c9b9a84e0f083bac5,tuberculosis-death-rates-by-age_v27_850x600.svg,18,31,647671168,1694231
tuberculosis-deaths,WorldMap,,,05f0bdc236ec5ba5416fbd5e5f93157f,tuberculosis-deaths_v22_850x600.svg,2,19,590521160,335430
tuberculosis-deaths-by-age,StackedArea,,,f717bf47f16736a92072b711785fe12f,tuberculosis-deaths-by-age_v27_850x600.svg,24,33,588458120,1690022
tuberculosis-deaths-by-hiv-status,StackedArea,,,8e643cc409875dd5c5346f08c0ed7716,tuberculosis-deaths-by-hiv-status_v4_850x600.svg,3,10,607596216,263905
tuberculosis-deaths-including-hiv,StackedArea,,,97e052821f8e6e5eaa0b23de3af6fb38,tuberculosis-deaths-including-hiv_v6_850x600.svg,14,22,636850392,1341795
tuberculosis-deaths-region,StackedArea,,,93151924912a39c7e85a9089b994803f,tuberculosis-deaths-region_v23_850x600.svg,2,10,596403960,154806
tuberculosis-deaths-under-five-ihme,WorldMap,,,42200c0cecd8288fb19f60b957800cf7,tuberculosis-deaths-under-five-ihme_v15_850x600.svg,2,18,653164152,340043
tuberculosis-deaths-united-states,LineChart,,,6e601f404b9c22ed388ea3d207b0f068,tuberculosis-deaths-united-states_v3_850x600.svg,1,9,603931216,2058
tuberculosis-deaths-who,WorldMap,,,af4f2128cb7022458af856802078692c,tuberculosis-deaths-who_v6_850x600.svg,2,15,617230496,154806
tuberculosis-funding-versus-budget-requirement,StackedDiscreteBar,,,24fb7432097f68f1774e150b91523d34,tuberculosis-funding-versus-budget-requirement_v23_850x600.svg,3,9,583826320,115247
tuberculosis-mortality-rates-excludes-people-who-are-also-infected-with-hiv,LineChart,,,be36d75711a1ca900ab4e345bf816527,tuberculosis-mortality-rates-excludes-people-who-are-also-infected-with-hiv_v16_850x600.svg,1,8,590764216,125198
tuberculosis-patients-with-hiv-share,WorldMap,,,1b59a65bc1efda2b0dd24416a4a446b0,tuberculosis-patients-with-hiv-share_v19_850x600.svg,2,12,627646024,129130
tuberculosis-treatment-success-rate-by-type,LineChart,,,c07ddf01e978a7b44a50f14d4c570ab0,tuberculosis-treatment-success-rate-by-type_v24_850x600.svg,5,19,608508736,229406
tuberculosis-treatment-success-rate-in-new-and-relapsed-cases,LineChart,,,f2787924bed1923348d525df88464bae,tuberculosis-treatment-success-rate-in-new-and-relapsed-cases_v10_850x600.svg,1,19,642499912,140830
twentieth-century-of-deaths-us,StackedArea,,,848549a9d63900f04194d2bbcba2a1d2,twentieth-century-of-deaths-us_v12_850x600.svg,1,8,615923560,7958
types-violent-crime-rate-us,StackedArea,,,cc40b8d3c3158c8d23f7e9b6f5ce00b3,types-violent-crime-rate-us_v7_850x600.svg,1,17,658026088,6223
uk-covid-hospital-patients,LineChart,,,d30e7d5729e7ac26caf82afc39a1a033,uk-covid-hospital-patients_v876_850x600.svg,1,35,634452608,153307
uk-covid-positivity,LineChart,,,4f006242cea8d5d50a88b24da55b7cee,uk-covid-positivity_v877_850x600.svg,26,132,231971104,5993683
uk-cumulative-covid-deaths-rate,LineChart,,,04e23d2c88a4291fa085db0130ece910,uk-cumulative-covid-deaths-rate_v815_850x600.svg,25,107,662684784,6033232
uk-daily-covid-admissions,LineChart,,,9b66bd074ccdde0a75d34dddd5b19eb2,uk-daily-covid-admissions_v883_850x600.svg,2,28,679378744,164470
uk-daily-covid-cases-7day-average,LineChart,,,414929756fef346f25b77febf1a2da7d,uk-daily-covid-cases-7day-average_v890_850x600.svg,32,142,295257176,9707823
uk-daily-covid-deaths,LineChart,,,c808ef1a6a6ac6008583e7d58491c9e1,uk-daily-covid-deaths_v883_850x600.svg,26,122,701580024,6395148
uk-daily-new-covid-cases,LineChart,,,0e43c3574f217b2eb0c39dca611e2b4b,uk-daily-new-covid-cases_v880_850x600.svg,37,158,742080136,9638830
uk-gdp-growth-19572016,LineChart,,,091f5c37c1ce89a47b9d6d71cd5ab1cc,uk-gdp-growth-19572016_v7_850x600.svg,2,13,664608416,2096
uk-gdp-growth-and-unemployment-rate,LineChart,,,00426e02e43133ce30a14bfe6026de5c,uk-gdp-growth-and-unemployment-rate_v7_850x600.svg,2,16,673414480,3009
uk-government-debt-as-a-percentage-of-gdp-17272016,LineChart,,,c66df9f86f6b04c8546a5a4e9392e77a,uk-government-debt-as-a-percentage-of-gdp-17272016_v13_850x600.svg,1,19,686231912,8077
uk-inflation-and-unemployment-rate-19892017,ScatterPlot,,,f34506a8f1ecfce5b91ed96af7dc494e,uk-inflation-and-unemployment-rate-19892017_v16_850x600.svg,2,23,702092568,11063
uk-inflation-rate-19892019,LineChart,,,1694ff86812e80c5a67d4b18f48fc52e,uk-inflation-rate-19892019_v6_850x600.svg,1,11,302341128,1038
uk-log-of-real-gdp-per-capita-in-2011-us,LineChart,,,af63067bb2c31197f3c690895bf1deb1,uk-log-of-real-gdp-per-capita-in-2011-us_v7_850x600.svg,1,16,711590288,10102
uk-number-vehicles-miles-road-deaths,LineChart,,,2899bb9c09c34b316b353e42958a152b,uk-number-vehicles-miles-road-deaths_v5_850x600.svg,1,19,316028064,10257
uk-real-gdp-per-capita-in-2011-us-dollars,LineChart,,,e2e6fdbf9b5b2b050a5cfedaebb94e2e,uk-real-gdp-per-capita-in-2011-us-dollars_v8_850x600.svg,1,14,721574584,8774
uk-unemployment-rate-19712017,LineChart,,,9ebae61a8a64148f2b34a9e98ec30613,uk-unemployment-rate-19712017_v9_850x600.svg,1,11,649174768,1578
un-peacekeeping-forces,LineChart,,,e6f1ef83aef1a44445f77e989c51563f,un-peacekeeping-forces_v13_850x600.svg,1,11,656432608,2280
un-population-2024-vs-2022,LineChart,,,824efc4f0c5066e0d0c4f4280c4d5f92,un-population-2024-vs-2022_v7_850x600.svg,23,48,686953232,1285752
un-projection-of-annual-infant-deaths,LineChart,,,2ece9e34aeed40a36d2e33d7a7c93f4f,un-projection-of-annual-infant-deaths_v8_850x600.svg,3,18,330558400,547849
unadjusted-gender-wage-gap-including-unemployed,DiscreteBar,,,a7b4ed58640ed6817932797fefca93b8,unadjusted-gender-wage-gap-including-unemployed_v9_850x600.svg,1,9,662467672,419
under-5-mortality-rate-sdgs,WorldMap,,,8e04dc710bcc0433c2da0232e88429bb,under-5-mortality-rate-sdgs_v32_850x600.svg,3,30,681757280,466304
unemployment-benefit-generosity-and-unemployment-rates-across-the-oecd20002017,ScatterPlot,,,a0016fef5ba57867c6fbe44a905343cf,unemployment-benefit-generosity-and-unemployment-rates-across-the-oecd20002017_v16_850x600.svg,1,14,291022176,1889
unemployment-rate,WorldMap,,,ed51d2956871534ecf8591f36e2235b4,unemployment-rate_v30_850x600.svg,1,25,309785536,208624
unemployment-rate-by-disability,ScatterPlot,,,4213d162fd23af0e7205e38b4e25f52a,unemployment-rate-by-disability_v19_850x600.svg,3,33,710827352,63197
unemployment-rate-for-young-people,WorldMap,,,a9615913b58337da38c036c2184942f0,unemployment-rate-for-young-people_v15_850x600.svg,1,33,666112640,212412
unemployment-rate-of-males-vs-females,ScatterPlot,,,d73630a7c5ffdae92fa4fa735e80fd50,unemployment-rate-of-males-vs-females_v35_850x600.svg,8,55,784046456,429493
unemployment-rate-women,WorldMap,,,36606c607201e3ee8fb2e384c1b84f76,unemployment-rate-women_v15_850x600.svg,2,26,333828048,210416
unemployment-rate-young-vs-older-adults,LineChart,,,a53d93a360c8740492cefaf776bc838f,unemployment-rate-young-vs-older-adults_v11_850x600.svg,8,24,731645440,458277
unemployment-rates-in-selected-oecd-countries-,LineChart,,,31eb7a7ff452872c080b1569aa9b461f,unemployment-rates-in-selected-oecd-countries-_v11_850x600.svg,1,15,675894144,17459
unemployment-rates-of-two-high-and-two-low-labor-market-performers,LineChart,,,2a213944decbfc7e60524eca507b0296,unemployment-rates-of-two-high-and-two-low-labor-market-performers_v8_850x600.svg,1,13,303100008,17459
unintentional-injuries-death-rate-by-age-group-who-mdb,DiscreteBar,,,a706936e75ff3d304b8581c074e4d1c0,unintentional-injuries-death-rate-by-age-group-who-mdb_v11_850x600.svg,46,60,702995232,2974478
union-wage-bargaining-coverage-and-unemployment-across-the-oecd-20002017,ScatterPlot,,,26206b81842504a334b09ecd3ac94df2,union-wage-bargaining-coverage-and-unemployment-across-the-oecd-20002017_v19_850x600.svg,1,12,699347776,1868
united-nations-membership-status,WorldMap,,,c81d7d2322894222f59fa508160def22,united-nations-membership-status_v18_850x600.svg,3,20,318113424,553243
united-nations-peacekeeping-forces,StackedBar,,,4c415449088500025493a7775ad4367e,united-nations-peacekeeping-forces_v15_850x600.svg,1,13,735174688,6332
united-states-rates-of-covid-19-deaths-by-vaccination-status,LineChart,,,6139011ec7f3a3c8a443bd925c8263aa,united-states-rates-of-covid-19-deaths-by-vaccination-status_v86_850x600.svg,5,22,721841872,52635
universal-health-coverage-index,WorldMap,,,815b20fc0f6ea16a1eac87bb08606d90,universal-health-coverage-index_v20_850x600.svg,2,21,746234648,134193
universal-right-to-vote-in-practice,WorldMap,,,6d9fc6744636b2b342be8ce774401c73,universal-right-to-vote-in-practice_v47_850x600.svg,40,77,326957056,1828824
universal-suffrage-lexical,WorldMap,,,c2a804b6647545075f3021083105de11,universal-suffrage-lexical_v38_850x600.svg,6,38,749942808,1828824
universal-suffrage-men-lexical,WorldMap,,,5e5a996a347a4f3399c3f098bf98f9a6,universal-suffrage-men-lexical_v39_850x600.svg,5,40,774293848,1828824
universal-suffrage-women-lexical,WorldMap,,,9345b996b747c21ebacf5347aab5d76f,universal-suffrage-women-lexical_v31_850x600.svg,5,37,730786928,1828824
unmet-need-for-contraception-share-of-married-women-of-reproductive-age,WorldMap,,,f6a67403635d5e53ee3d25492c65b5ab,unmet-need-for-contraception-share-of-married-women-of-reproductive-age_v23_850x600.svg,1,29,722113600,28844
unsentenced-detainees-as-proportion-of-prison-population,WorldMap,,,8efa3c5f15c23b5f322444994880ac51,unsentenced-detainees-as-proportion-of-prison-population_v21_850x600.svg,1,21,787445288,86060
unusually-high-precipitation-usa,LineChart,,,5abc86001fbff27353b065770f6fc9ff,unusually-high-precipitation-usa_v6_850x600.svg,1,18,743067368,8069
upper-secondary-completion-rate-adjusted-gender-parity-index,WorldMap,,,8a841b9fd1ea3752076cdf9ba06e68b1,upper-secondary-completion-rate-adjusted-gender-parity-index_v14_850x600.svg,1,22,343718960,243218
urban-agglomerations-1-million-percent,WorldMap,,,03cdc0d5cd0130f629fb16b15466e2ff,urban-agglomerations-1-million-percent_v21_850x600.svg,6,41,754473784,184915
urban-agglomerations-more-than-1-million,WorldMap,,,9927736d13564389b367b8c419693919,urban-agglomerations-more-than-1-million_v18_850x600.svg,5,41,775796120,182594
urban-and-rural-population,LineChart,,,8ad4b522f67929b4d30d4bab3e9d0a97,urban-and-rural-population_v32_850x600.svg,22,51,736753624,1394354
urban-and-rural-population-2050,StackedArea,,,db719b0b48316173c7555b475ef99130,urban-and-rural-population-2050_v15_850x600.svg,41,60,402843912,2587049
urban-area-long-term,LineChart,,,72fe7475af7a115d1aff77698030c9b7,urban-area-long-term_v10_850x600.svg,5,25,771259760,917474
urban-improved-water-access-vs-rural-water-access,ScatterPlot,,,d6b9c0df3d40cd3f851bda8d79a7081a,urban-improved-water-access-vs-rural-water-access_v23_850x600.svg,6,47,764260656,328982
urban-policies-population-dynamics,WorldMap,,,228a01dd079d1260aaf60519fd5b6617,urban-policies-population-dynamics_v15_850x600.svg,1,17,744633480,13433
urban-pop-in-out-of-slums,WorldMap,,,f4ce9c66d71973e999fc9ac795a16aed,urban-pop-in-out-of-slums_v27_850x600.svg,2,20,737376520,64051
urban-population-share-2050,WorldMap,,,b7634e0377c5a46cb442cd538d6dba29,urban-population-share-2050_v18_850x600.svg,28,155,754252032,1284623
urban-population-vs-female-labor-force-participation-rate,ScatterPlot,,,001d7ecca98b268cb8a66ac91d0bf207,urban-population-vs-female-labor-force-participation-rate_v21_850x600.svg,61,189,413207104,2754888
urban-population-with-improved-water,WorldMap,,,7480e416ec58dcd92bf6ba985ff85a31,urban-population-with-improved-water_v12_850x600.svg,2,23,752246960,164332
urban-share-european-commission,WorldMap,,,95566ced057b6a7ca660ebb724869144,urban-share-european-commission_v20_850x600.svg,5,26,787497472,258123
urban-vs-rural-majority,WorldMap,,,12890fa7491945c1c3341a4d31f3507b,urban-vs-rural-majority_v22_850x600.svg,5,40,782037240,1057727
urban-vs-rural-population-safely-managed-sanitation,ScatterPlot,,,a87a9eeb6125c4fd3d86072e9eaa45ec,urban-vs-rural-population-safely-managed-sanitation_v19_850x600.svg,4,36,815251520,221775
urban-vs-rural-population-using-at-least-basic-sanitation,ScatterPlot,,,334867ed78e82e2f394040e10f656f9d,urban-vs-rural-population-using-at-least-basic-sanitation_v15_850x600.svg,6,44,765525008,328216
urban-vs-rural-safely-managed-drinking-water-source,ScatterPlot,,,fb89c2459e571597c8430e8f0f35bdbe,urban-vs-rural-safely-managed-drinking-water-source_v21_850x600.svg,4,31,795845128,191474
urban-vs-rural-using-at-least-basic-drinking-water,ScatterPlot,,,2d5c67cfa79cdb784f19bd182c69bcf7,urban-vs-rural-using-at-least-basic-drinking-water_v15_850x600.svg,6,43,786660592,330121
urbanization-vs-gdp,ScatterPlot,,,15e562a22f4ff1c562e281130ab224da,urbanization-vs-gdp_v36_850x600.svg,72,201,850933216,2782280
us-covid-19-share-people-vaccinated,LineChart,,,c7f5687dfb99d2d1f2adf3886848a297,us-covid-19-share-people-vaccinated_v4566_850x600.svg,5,42,781415544,938560
us-covid-19-total-people-vaccinated,LineChart,,,695535225a27b64e1e646a3d21433977,us-covid-19-total-people-vaccinated_v4563_850x600.svg,5,41,811801352,1043365
us-covid-number-fully-vaccinated,LineChart,,,e27d7e35400a80f94652d5081125eeae,us-covid-number-fully-vaccinated_v4565_850x600.svg,4,38,438232704,1037036
us-covid-share-fully-vaccinated,LineChart,,,46a62057407f2ccce4ee7ab943c8cbae,us-covid-share-fully-vaccinated_v4561_850x600.svg,6,43,808983136,934513
us-daily-covid-vaccine-doses-administered,LineChart,,,60e5a1f18ba2cb0116be11227c88587e,us-daily-covid-vaccine-doses-administered_v4566_850x600.svg,8,62,849625672,1627904
us-daily-covid-vaccine-doses-per-100,LineChart,,,17f985cbf257ba71d54674727dcf7553,us-daily-covid-vaccine-doses-per-100_v4565_850x600.svg,12,72,412712296,1518079
us-foreign-born-annual-change-by-decade,StackedBar,,,eb6cffa28385f646762318ddec6b8b02,us-foreign-born-annual-change-by-decade_v3_850x600.svg,1,11,754160784,629
us-healthcare-expenditure,StackedArea,,,1390aaf02438e8c98ecb1915184e85e8,us-healthcare-expenditure_v5_850x600.svg,1,9,760225536,1222
us-state-covid-vaccines-per-100,LineChart,,,1fb16b290eff973e877dd2ff64e9a602,us-state-covid-vaccines-per-100_v4571_850x600.svg,6,42,787158120,957939
us-total-covid-19-vaccine-doses-administered,LineChart,,,64dd4614276a83ef5499fed785518dde,us-total-covid-19-vaccine-doses-administered_v4568_850x600.svg,5,41,830738920,1061090
us-women-are-overrepresented-in-low-wage-occupations,DiscreteBar,,,251e58367a71a5c479270faae9db7fcc,us-women-are-overrepresented-in-low-wage-occupations_v4_850x600.svg,1,8,418898768,347
use-of-crf-tools-by-providers-of-dev-cooperation,DiscreteBar,,,c940a829917c599aa4cc5104fbefceae,use-of-crf-tools-by-providers-of-dev-cooperation_v26_850x600.svg,1,9,793982200,9811
use-of-interpolation-and-extrapolation-on-gini-data,ScatterPlot,,,c7d6e3222b1fc6783deded94150e8d31,use-of-interpolation-and-extrapolation-on-gini-data_v17_850x600.svg,59,167,941499688,2113724
use-of-statins-for-primary-prevention-of-cardiovascular-disease,DiscreteBar,,,96935f034aaf9fc210e848371c55715c,use-of-statins-for-primary-prevention-of-cardiovascular-disease_v21_850x600.svg,1,11,428203008,1551
use-of-statins-for-secondary-prevention-amongst-eligibible-individuals,DiscreteBar,,,78cb5b9e6a637a8a5d322e2c83c9b295,use-of-statins-for-secondary-prevention-amongst-eligibible-individuals_v18_850x600.svg,2,13,802415808,1631
utilization-of-statins,WorldMap,,,72d41fecec38aa6af958a11449645a00,utilization-of-statins_v17_850x600.svg,1,16,437298352,4064
vaccination-coverage-by-income-in,ScatterPlot,,,0e292a285cbe6debd5265a14ac1250a7,vaccination-coverage-by-income-in_v39_850x600.svg,61,193,877088800,2450292
vaccination-coverage-dpt-by-extreme-poverty,ScatterPlot,,,dbafb47f60f4acd0e72751eaddad162d,vaccination-coverage-dpt-by-extreme-poverty_v52_850x600.svg,68,195,491969232,2208311
value-added-growth-vs-emissions-growth-china,ScatterPlot,,,8155df44ad36c00e8e4576f0f64a4eb9,value-added-growth-vs-emissions-growth-china_v17_850x600.svg,2,28,164534872,2318
value-added-growth-vs-emissions-growth-germany,ScatterPlot,,,6391ecb9f1c211a379f33992a164edc1,value-added-growth-vs-emissions-growth-germany_v18_850x600.svg,2,18,173166240,2299
value-added-growth-vs-emissions-growth-usa,ScatterPlot,,,8549370541a7fef7d308b7f1f244a7ff,value-added-growth-vs-emissions-growth-usa_v14_850x600.svg,2,17,181848432,2294
value-added-in-the-agricultural-sector-as-of-gdp-vs-gdp-per-capita,ScatterPlot,,,7fcecc4b0123056788468dbca8d29647,value-added-in-the-agricultural-sector-as-of-gdp-vs-gdp-per-capita_v29_850x600.svg,69,218,282605920,2413995
value-added-vs-share-of-emissions-china,ScatterPlot,,,03726d32b24115395c61f304c05299a8,value-added-vs-share-of-emissions-china_v14_850x600.svg,2,15,419594952,2204
value-added-vs-share-of-emissions-germany,ScatterPlot,,,76a637aa4278c75901ee0467b389d784,value-added-vs-share-of-emissions-germany_v15_850x600.svg,1,15,428395472,2199
value-added-vs-share-of-emissions-usa,ScatterPlot,,,7a4f99c69b66840651cd9f71eec0230a,value-added-vs-share-of-emissions-usa_v13_850x600.svg,1,18,437162632,2200
value-imports-by-region-origin,StackedArea,,,7c2dd50d63a928e99395741d5ea4f6c9,value-imports-by-region-origin_v46_850x600.svg,47,69,435870864,2727603
value-of-agricultural-production,WorldMap,,,6fa8e4a710ab3fd2115d85732bd1579c,value-of-agricultural-production_v12_850x600.svg,4,38,875558696,201689
value-of-exported-goods-and-services,WorldMap,,,67c5443570a73d574d4d4bc1b4d535ec,value-of-exported-goods-and-services_v25_850x600.svg,3,36,897033608,282225
value-of-imported-goods-and-services,LineChart,,,ec2847c8ccac2e6c0b3dbc2312438392,value-of-imported-goods-and-services_v22_850x600.svg,2,24,893862128,282910
varieties-democracy-vdem,LineChart,,,fec7a9d15138852d061290fb465c727a,varieties-democracy-vdem_v40_850x600.svg,63,81,578220264,4401885
various-measures-of-child-labour-incidence,LineChart,,,2a251203acd2c58e980bf36b8bbc6477,various-measures-of-child-labour-incidence_v6_850x600.svg,1,12,443869656,967
various-measures-of-national-savinginvestment-per-capita-in-international-dollars,LineChart,,,9a40f079a8cbbc15c5da87ba286fc48b,various-measures-of-national-savinginvestment-per-capita-in-international-dollars_v6_850x600.svg,4,27,464018296,144789
various-sources-of-the-total-value-of-exports-as-a-share-of-gdp,LineChart,,,0efca21519cc28fd4bdf08f4be471ee2,various-sources-of-the-total-value-of-exports-as-a-share-of-gdp_v94_850x600.svg,38,65,828329456,1821233
vegetable-consumption-per-capita,WorldMap,,,11228a4e8033c39075b34c13d38a10e2,vegetable-consumption-per-capita_v11_850x600.svg,3,33,192572360,438032
vegetable-oil-production,LineChart,,,66f3b6a0119f8191584d5e9ddbd12dd4,vegetable-oil-production_v13_850x600.svg,48,68,445280000,2535991
vegetable-oil-vs-gdp,ScatterPlot,,,1520e3edbe84d08ab97e6935fcf11fcd,vegetable-oil-vs-gdp_v12_850x600.svg,18,74,200328272,693082
vegetable-supply-per-person-vs-gdp-per-capita,ScatterPlot,,,42d8d6055468f49a7e81c66f8d9bfcf7,vegetable-supply-per-person-vs-gdp-per-capita_v33_850x600.svg,58,179,566375432,2527881
views-of-americans-robot-vs-human-intelligence,StackedBar,,,caa7f5b255ca606ab78e75a86e7cc094,views-of-americans-robot-vs-human-intelligence_v29_850x600.svg,1,16,836321816,12606
violent-crime-rate-us,StackedArea,,,9fc7b8594eafad72fc581816254a48fd,violent-crime-rate-us_v9_850x600.svg,1,14,290046736,1556
visitors-transit-covid,WorldMap,,,a8ad34197f776f88f99c464000b358c9,visitors-transit-covid_v715_850x600.svg,16,202,896453168,3770707
vitamin-a-supplementation-coverage-rate-children-ages-6-59-months,WorldMap,,,e34f070848a829456c2801e0d4034fb1,vitamin-a-supplementation-coverage-rate-children-ages-6-59-months_v20_850x600.svg,1,17,231787128,35858
voter-turnout-of-registered-voters,WorldMap,,,1eb29d6053da2987fb6cf40c6a3d5db5,voter-turnout-of-registered-voters_v26_850x600.svg,4,74,535566984,138896
voter-turnout-of-voting-age-population,WorldMap,,,9129a46267b9f9012e949802dcedc5a5,voter-turnout-of-voting-age-population_v29_850x600.svg,3,55,282930072,107556
wage-of-craftsmen-relative-to-that-of-laborers-in-england-1200-2000,LineChart,,,2ba5c411dc099df37dcc38d007046d17,wage-of-craftsmen-relative-to-that-of-laborers-in-england-1200-2000_v14_850x600.svg,1,12,208103472,2301
wages-relative-to-the-cost-of-capital,LineChart,,,df5b3d70adaaae076602ff7bba0e3e40,wages-relative-to-the-cost-of-capital_v15_850x600.svg,1,25,225945016,15843
wages-relative-to-the-price-of-energy,DiscreteBar,,,d7b08e5487075f821855779297937c2f,wages-relative-to-the-price-of-energy_v18_850x600.svg,1,8,232287984,240
wanted-fertility-rate,WorldMap,,,5eb1ebe253aeb04bccaef5c899cbaae1,wanted-fertility-rate_v33_850x600.svg,1,14,292642728,8675
war-rate-by-type-project-mars,StackedBar,,,e75cfc4a21721ff666b72ae0dbb5e59b,war-rate-by-type-project-mars_v28_850x600.svg,2,67,241567560,70418
war-rate-correlates-of-war,StackedBar,,,2d3b41430d6ddd7cd038efa5b2c95598,war-rate-correlates-of-war_v28_850x600.svg,4,78,504914712,170568
warm-season-deaths-climate,StackedDiscreteBar,,,9145b535cf8fcd6739850d38a8706979,warm-season-deaths-climate_v3_850x600.svg,2,12,300760880,2599
warming-fossil-fuels-land-use,StackedArea,,,b423dd294482b789d13766c399a10ab6,warming-fossil-fuels-land-use_v10_850x600.svg,37,82,325309944,2936059
waste-items-ocean-region,DiscreteBar,,,0ac977c7641d1df57059c63864b98783,waste-items-ocean-region_v7_850x600.svg,1,32,210983912,2199
wastewater-safely-treated,WorldMap,,,520aee4ff1c00c9b0091e46cb5b021a2,wastewater-safely-treated_v21_850x600.svg,1,14,575812680,13465
water-basins-cooperation-plan,DiscreteBar,,,2c59ef7c7d43497c1782c2bef2ce5f42,water-basins-cooperation-plan_v20_850x600.svg,2,11,512756072,24881
water-bodies-good-water-quality,DiscreteBar,,,dc22de61bc957270ab6db148cdd0ee7c,water-bodies-good-water-quality_v18_850x600.svg,1,24,598250168,32759
water-per-protein-poore,DiscreteBar,,,dd7183d1ce04532fdc3429b378622d7c,water-per-protein-poore_v19_850x600.svg,1,9,519282816,1108
water-productivity,WorldMap,,,ea6a371945e8192b87643d14470b5fea,water-productivity_v22_850x600.svg,1,20,224270392,226415
water-withdrawals-per-capita,WorldMap,,,5eb361db9621408c925573bc6489e054,water-withdrawals-per-capita_v9_850x600.svg,2,22,493647528,228608
water-withdrawals-per-kg-poore,DiscreteBar,,,83ff50ebdaaf25fc6800f25ac1f0137b,water-withdrawals-per-kg-poore_v18_850x600.svg,1,10,1007333608,1271
wealth-per-capita-by-asset-group,DiscreteBar,,,d0f14e919c7781499c94b3439cadbf96,wealth-per-capita-by-asset-group_v12_850x600.svg,3,12,274527936,195100
weather-forecast-spending,DiscreteBar,,,05db9b8fd2ca423b54e19ce482f06451,weather-forecast-spending_v4_850x600.svg,1,12,1016775888,417
weather-losses-share-gdp,StackedBar,,,e970b809c2766c3eb5273972a7e7dcd7,weather-losses-share-gdp_v3_850x600.svg,1,11,231672280,865
weekly-area-burnt-by-wildfires,WorldMap,,,afcc38de4c9b3c0a9510bc750a642203,weekly-area-burnt-by-wildfires_v20_850x600.svg,376,525,651394896,5344734
weekly-covid-cases,WorldMap,,,0fe305a1b0dd505dad6fe49aae074595,weekly-covid-cases_v3029_850x600.svg,73,664,775277968,15629523
weekly-covid-cases-per-million-people,WorldMap,,,9deea5dc26d2727a7a276a42743dd0dc,weekly-covid-cases-per-million-people_v2959_850x600.svg,84,753,1261937672,17595655
weekly-covid-deaths,LineChart,,,7348908ef6f48af24510ef25a69c3f15,weekly-covid-deaths_v3029_850x600.svg,76,337,355707192,15133034
weekly-covid-deaths-per-million-people,WorldMap,,,eb33d4c7befc2b04e65d19141e1070e0,weekly-covid-deaths-per-million-people_v2589_850x600.svg,78,698,586962368,16683971
weekly-cumulative-share-of-the-area-burnt-by-wildfires-each-year,LineChart,,,a352b69c05e8519b48aa37fb2c858599,weekly-cumulative-share-of-the-area-burnt-by-wildfires-each-year_v29_850x600.svg,88,120,175696168,5505333
weekly-growth-covid-cases,WorldMap,,,029ee1886fcb33d105ff79e9aeed73cd,weekly-growth-covid-cases_v3034_850x600.svg,45,549,343417736,9849085
weekly-growth-covid-deaths,WorldMap,,,3f14174de486d7a86f61361aeaa1d8ee,weekly-growth-covid-deaths_v3045_850x600.svg,27,418,503767992,6100952
weekly-hospital-admissions-covid,LineChart,,,72648d5ef09f895d77ed8a3f6d07e49a,weekly-hospital-admissions-covid_v1504_850x600.svg,4,50,683252096,661592
weekly-hospital-admissions-covid-per-million,LineChart,,,c31d0bc91f474bc295bf7e034a7ccd0e,weekly-hospital-admissions-covid-per-million_v1499_850x600.svg,4,51,644879464,726100
weekly-hours-worked-by-children-7-14-vs-gdp-per-capita-ppp,ScatterPlot,,,bcd92190577e9db63d8bec3c11309c76,weekly-hours-worked-by-children-7-14-vs-gdp-per-capita-ppp_v34_850x600.svg,65,161,685959568,2093771
weekly-icu-admissions-covid,LineChart,,,6e656facd08a7c8392a917db1416e927,weekly-icu-admissions-covid_v1504_850x600.svg,2,29,796728216,282369
weekly-icu-admissions-covid-per-million,LineChart,,,ac4ba84b02f8d643418d5e53b1b58c9a,weekly-icu-admissions-covid-per-million_v1496_850x600.svg,2,37,367715480,312427
weekly-share-of-the-total-land-area-burnt-by-wildfires,WorldMap,,,bf8fe939821cbd17031cdebe20f22e00,weekly-share-of-the-total-land-area-burnt-by-wildfires_v19_850x600.svg,394,562,846302056,5575680
weekly-work-hours-vs-gdp-per-capita,ScatterPlot,,,60fb2c26983cca0c316b3926b78e8dd7,weekly-work-hours-vs-gdp-per-capita_v17_850x600.svg,15,175,624905432,666962
weighted-carbon-price-ets,WorldMap,,,c47aaafb2a465bf9a1325df87ad83f30,weighted-carbon-price-ets_v20_850x600.svg,1,22,382335976,196607
were-flu-vaccines-available-in-the-country,WorldMap,,,1eef8c7e59cd8a85fe8d1261228601c4,were-flu-vaccines-available-in-the-country_v16_850x600.svg,1,15,391258136,19117
whale-catch,LineChart,,,4c7a3a648f49211461d77bae8881ba4e,whale-catch_v15_850x600.svg,4,18,1274767216,135424
whale-populations,SlopeChart,,,48c09654983c586f6dca3705133e3b58,whale-populations_v11_850x600.svg,1,13,513811944,576
whales-killed-per-decade,StackedBar,,,6cca63f3ef65bca2a71b6867e4c691a6,whales-killed-per-decade_v12_850x600.svg,1,9,398099208,1528
what-percentage-of-the-us-public-approves-of-working-wives,LineChart,,,efb36638d5300c5fe8f2fbbaba17aa08,what-percentage-of-the-us-public-approves-of-working-wives_v5_850x600.svg,1,10,693636592,603
wheat-exports-ukraine-russia-perspective,StackedDiscreteBar,,,55503e9198c9ba87deb392cb55ee538a,wheat-exports-ukraine-russia-perspective_v15_850x600.svg,1,13,1284097640,15601
wheat-production,WorldMap,,,bf6bbcea19a6e19fd516b344860589b2,wheat-production_v11_850x600.svg,2,20,526604976,312224
wheat-yields,WorldMap,,,2ba311cb35c89e381a3736a5e3533583,wheat-yields_v17_850x600.svg,2,27,368017408,321791
which-countries-include-malaria-vaccines-in-their-vaccination-schedules,WorldMap,,,ab46bffa66ef3b6f8cc2b303ca942e04,which-countries-include-malaria-vaccines-in-their-vaccination-schedules_v6_850x600.svg,1,15,702545368,60794
who-americans-spend-their-time-with,LineChart,,,d74a3ccfd2fae1c07704d7f2354e4d5c,who-americans-spend-their-time-with_v105_850x600.svg,1,15,1294572296,16947
who-regions,WorldMap,,,62a26c14ddf44fe04aa4afc3d19d18f4,who-regions_v16_850x600.svg,1,12,709370872,9282
who-vaccine-supply-and-logistics,DiscreteBar,,,dcddc2faa28895176ae152ed3f7dca40,who-vaccine-supply-and-logistics_v19_850x600.svg,1,10,464899328,2696
who-vs-gbd-incidence-of-tetanus,LineChart,,,d9732888100a528b0358a3a2dd9c293f,who-vs-gbd-incidence-of-tetanus_v33_850x600.svg,8,20,388458304,491536
wild-caught-fish,LineChart,,,c9caab0563bc27da994b1164529ad37f,wild-caught-fish_v12_850x600.svg,1,12,1255136152,27108
wild-fish-allocation,StackedArea,,,b67157a54ad43d1614a35d90544969c3,wild-fish-allocation_v9_850x600.svg,12,49,693331816,949728
wild-fish-catch-gear-type,LineChart,,,a90dbda7ff59c2ebd9bd022032e663de,wild-fish-catch-gear-type_v5_850x600.svg,32,45,517200624,1829095
wildfire-numbers-usa,StackedBar,,,ed77369b93aedca3e7981b4c65663bfc,wildfire-numbers-usa_v6_850x600.svg,0,9,1262472208,1159
wildlife-exports,LineChart,,,f8bb8502547614ea98ed1bf96fd11d87,wildlife-exports_v5_850x600.svg,1,15,399994400,10368
willingness-climate-action,ScatterPlot,,,8a8f6130e178630d0be507cca9402d99,willingness-climate-action_v7_850x600.svg,1,20,1276798688,16516
wind-energy-generation-by-region,StackedArea,,,c218d945ec0880afc656be88c7703988,wind-energy-generation-by-region_v20_850x600.svg,2,16,411767592,165242
wind-energy-generation-vs-installed-capacity,ScatterPlot,,,6f00b0743e5d0a21c8bf20a3f184080d,wind-energy-generation-vs-installed-capacity_v23_850x600.svg,7,40,1312437872,280331
wine-as-share-alcohol-consumption,WorldMap,,,06d0b4b1850474feb9f45c9828350be4,wine-as-share-alcohol-consumption_v14_850x600.svg,1,15,703604520,121504
wine-consumption-per-capita,WorldMap,,,daaaa45a470caeb2625c90ebf80d6f58,wine-consumption-per-capita_v24_850x600.svg,2,27,396608792,304742
wine-production,WorldMap,,,fb81c20e1bf1596ee36f75c1b15ac42e,wine-production_v10_850x600.svg,1,15,475302592,189524
winter-temperature-anomalies,StackedBar,,,720d4b76852812afc88fc1aa85a7a59b,winter-temperature-anomalies_v19_850x600.svg,34,84,644231976,1927815
women-and-men-have-equal-rights-to-immovable-property,WorldMap,,,26a7f64964cb0717838b28edf7c0085a,women-and-men-have-equal-rights-to-immovable-property_v15_850x600.svg,1,21,720116040,260445
women-believe-husband-justified-beating-wife,WorldMap,,,81d7ad756cf5bb021300ded3e2fba0ce,women-believe-husband-justified-beating-wife_v22_850x600.svg,1,22,492321656,15001
women-business-and-the-law-index,WorldMap,,,cb64ba52d0ce47f29014975729b86dfd,women-business-and-the-law-index_v28_850x600.svg,3,28,416319976,321351
women-can-apply-passport-same-as-men,WorldMap,,,d8ced05575daf75732d81f61b1537298,women-can-apply-passport-same-as-men_v27_850x600.svg,2,24,1277896296,260445
women-can-obtain-divorce-same-as-men,WorldMap,,,c5f3fbe986e48370f5d3d6b72e8474b1,women-can-obtain-divorce-same-as-men_v32_850x600.svg,2,22,705778344,260445
women-can-open-bank-account-same-as-men,WorldMap,,,319b47c163dca05822ea9a3461393eba,women-can-open-bank-account-same-as-men_v30_850x600.svg,2,23,509323040,260445
women-can-register-a-business-in-the-same-way-as-men,WorldMap,,,c065a6cdfb1930328dcf9a46ed302b62,women-can-register-a-business-in-the-same-way-as-men_v28_850x600.svg,2,23,1294887136,260445
women-can-sign-a-contract-same-as-men,WorldMap,,,009f7b08eb07ed666eed5d5c949d939e,women-can-sign-a-contract-same-as-men_v36_850x600.svg,1,33,731109120,260445
women-can-take-the-same-jobs-as-men,WorldMap,,,af28b4ad0ac1af7ef2449ce9b4d9273a,women-can-take-the-same-jobs-as-men_v25_850x600.svg,2,23,433027440,260445
women-choose-where-to-live-same-way-as-men,WorldMap,,,0fd06332bb1e506b3d4ec1b9e982474c,women-choose-where-to-live-same-way-as-men_v29_850x600.svg,2,23,526272176,260445
women-civil-liberties-index,WorldMap,,,79e3a9ba14a42c473d604fdc99cc462b,women-civil-liberties-index_v38_850x600.svg,25,98,1345352808,1062744
women-civil-society-participation-index,WorldMap,,,fa30e9678f4b58eb90ebc9ba843cdc36,women-civil-society-participation-index_v39_850x600.svg,23,94,493279920,1049470
women-have-the-same-rights-to-remarry-as-men,WorldMap,,,44b673b239c4edbad1cd42a765474d22,women-have-the-same-rights-to-remarry-as-men_v41_850x600.svg,2,26,502352608,260445
women-high-blood-pressure,WorldMap,,,eb40884255c70e66bc8378e2b21bbef7,women-high-blood-pressure_v16_850x600.svg,2,22,717759368,178342
women-informed-decisions-health-sexual-relations,WorldMap,,,de211fb0275e8b0126b6d118312e18f3,women-informed-decisions-health-sexual-relations_v33_850x600.svg,1,15,728525008,4449
women-married-by-age-15,WorldMap,,,010e9a1e364d76836407b0e70943d1c1,women-married-by-age-15_v23_850x600.svg,1,15,511927232,5338
women-married-by-age-18,WorldMap,,,88da050835ec3ffa7d89457697b1534d,women-married-by-age-18_v30_850x600.svg,3,36,177151064,21763
women-political-empowerment-index,WorldMap,,,1110af41a2ee9eb8e92545ea9aa68cf7,women-political-empowerment-index_v46_850x600.svg,15,79,743431280,890142
women-political-empowerment-index-vs-electoral-democracy-index,ScatterPlot,,,afe9b822e8ecb8509e0e80aba4de8d1c,women-political-empowerment-index-vs-electoral-democracy-index_v58_850x600.svg,44,145,610325416,1915209
women-political-participation-index,WorldMap,,,22f31136c28e2c3f96de04f564da6628,women-political-participation-index_v46_850x600.svg,28,107,196803512,900451
women-required-to-obey-husband,WorldMap,,,92ac2a300ed8551e51eae3fe88daaa08,women-required-to-obey-husband_v17_850x600.svg,2,25,1362206848,260445
women-survival-to-age-65,WorldMap,,,4c728aa05cfa502433bd3a8d108dffc2,women-survival-to-age-65_v21_850x600.svg,4,28,441729296,493135
women-who-experienced-sexual-violence-by-age-18,WorldMap,,,a92767cafb0d3867f34d7edd72f6b9b5,women-who-experienced-sexual-violence-by-age-18_v24_850x600.svg,1,12,1371257128,2343
women-who-have-next-birth-parity-progression-ratio,LineChart,,,8581b56b24a6cb438e568a18ad898892,women-who-have-next-birth-parity-progression-ratio_v14_850x600.svg,3,18,454772104,67438
womens-economic-opportunity-2012-index,WorldMap,,,aff658fbe9edae678548cf6b19645ec0,womens-economic-opportunity-2012-index_v12_850x600.svg,1,15,1316051464,4965
womens-educational-attainment-vs-fertility,ScatterPlot,,,f57ea49480b77c477b9786e9d5ef6de3,womens-educational-attainment-vs-fertility_v34_850x600.svg,61,180,528602328,2534526
womens-life-expectancy-at-birth,WorldMap,,,454bb5c0285dff3d269a3e4ff4ec782d,womens-life-expectancy-at-birth_v31_850x600.svg,3,29,1337049304,572793
womens-weekly-earnings-as-a-percentage-of-mens-by-age-bureau-of-labor-statistics-2017,LineChart,,,3c7e174284bb50eff9923b0da6e378b9,womens-weekly-earnings-as-a-percentage-of-mens-by-age-bureau-of-labor-statistics-2017_v14_850x600.svg,1,15,162218208,3377
work-hours-per-week,LineChart,,,43948087e339f30d667acc5b0d8414c1,work-hours-per-week_v10_850x600.svg,1,12,169624488,4740
working-children-out-of-school-ages-7-14-vs-hours-worked-by-children-ages-7-14,ScatterPlot,,,25e4089623e9e035c7ec681e675d1dfd,working-children-out-of-school-ages-7-14-vs-hours-worked-by-children-ages-7-14_v36_850x600.svg,77,183,315797144,1854078
working-hours-uk-millennium,LineChart,,,d4128dc0d9a92ff7834fa99c9a9dfef3,working-hours-uk-millennium_v28_850x600.svg,2,15,178211168,22685
working-hours-vs-hourly-wage,ScatterPlot,,,4e80a0e00b3cba4da2f59260f37898b7,working-hours-vs-hourly-wage_v40_850x600.svg,50,157,1442143000,1868855
workplace-closures-covid,WorldMap,,,1225cc0ea35eb199e9fd0f49217380b1,workplace-closures-covid_v2823_850x600.svg,25,215,668844952,4967827
workplace-visitors-covid,WorldMap,,,f20241673aeea30c29c3011aa7716db6,workplace-visitors-covid_v713_850x600.svg,13,134,204314736,3788303
world-bank-income-groups,WorldMap,,,24f8b5ad5bbe5a253d0e4396c12cec47,world-bank-income-groups_v31_850x600.svg,3,21,861130992,417886
world-crude-oil-price-vs-oil-consumption,ScatterPlot,,,7d1620d78a1b53b83523ac091974e4c7,world-crude-oil-price-vs-oil-consumption_v32_850x600.svg,51,126,852942704,2059473
world-population-comparison-historical-sources,LineChart,,,4f19403e2865facb98bcbd14fd55c380,world-population-comparison-historical-sources_v12_850x600.svg,1,9,535774400,44413
world-population-in-extreme-poverty-absolute,StackedArea,,,fc2e1cd62eb736619fab24dad5dd21f3,world-population-in-extreme-poverty-absolute_v21_850x600.svg,1,10,543390040,1852
world-population-level-education,StackedArea,,,1c405c0c87b58917a3d7f694721d5548,world-population-level-education_v26_850x600.svg,20,67,1431049792,1547016
world-population-over-the-last-12000-years-and-un-projection-until-2100,LineChart,,,1f5fa808b0dad641e2a1a35610cf1635,world-population-over-the-last-12000-years-and-un-projection-until-2100_v20_850x600.svg,56,95,289710808,2461145
world-population-projections-by-un-prospects-revision,LineChart,,,1166cc9b2f4ab6090846d1c375df9258,world-population-projections-by-un-prospects-revision_v44_850x600.svg,1,12,491055624,4686
world-population-supported-by-synthetic-nitrogen-fertilizers,StackedArea,,,5b932db74994198a9fe676eda4513562,world-population-supported-by-synthetic-nitrogen-fertilizers_v6_850x600.svg,1,13,324307152,8673
world-population-with-and-without-fertilizer,LineChart,,,042048817f639ad047b581a1119403c4,world-population-with-and-without-fertilizer_v5_850x600.svg,1,22,507290848,13070
world-regions-according-to-ember,WorldMap,,,24ed0fb3695cda23f5b549be896dd547,world-regions-according-to-ember_v9_850x600.svg,1,13,256198864,9782
world-regions-according-to-fao,WorldMap,,,d9e3aa43b18fb19804a51b0bd5f1d00f,world-regions-according-to-fao_v10_850x600.svg,1,14,515233496,11775
world-regions-according-to-ilo,WorldMap,,,686d19112e76e5dccff9d7a371ff804b,world-regions-according-to-ilo_v8_850x600.svg,1,14,263215296,10962
world-regions-according-to-maddison-project-database,WorldMap,,,5d887c9a8ce78bdd075372a09c575bbf,world-regions-according-to-maddison-project-database_v9_850x600.svg,1,10,522148080,9357
world-regions-according-to-pew,WorldMap,,,9e21510d94e39a383382f9847b43b322,world-regions-according-to-pew_v9_850x600.svg,1,13,270495416,11227
world-regions-according-to-the-energy-institute,WorldMap,,,0fe2722e339f228ec1f4c3794781d3fe,world-regions-according-to-the-energy-institute_v9_850x600.svg,1,11,529016552,10418
world-regions-according-to-the-world-bank,WorldMap,,,c6dbd132c79b4049d45f7a00ff38f183,world-regions-according-to-the-world-bank_v13_850x600.svg,1,15,676197264,15118
world-regions-according-to-un,WorldMap,,,fa600d2aaf55c59c1f0bd247f9e878c8,world-regions-according-to-un_v6_850x600.svg,1,15,1388762216,10515
world-regions-according-to-wid,WorldMap,,,d93bd97b0e9ec5f6a5b5a87c0c21a1d8,world-regions-according-to-wid_v6_850x600.svg,1,16,277539920,10332
world-regions-sdg-united-nations,WorldMap,,,4d0e26e2351d5b3664ce38576080537a,world-regions-sdg-united-nations_v18_850x600.svg,1,10,535621856,14828
world-regions-un1,WorldMap,,,eee87c632ceb693dafad993e840093fa,world-regions-un1_v13_850x600.svg,1,14,683358096,10255
world-regions-un2,WorldMap,,,7e7326df3d2884c6721a99611dd4a48d,world-regions-un2_v15_850x600.svg,1,13,1396513376,13247
worldwide-public-goods-experiments-contributions-over-10-periods,LineChart,,,a00f0012f3a1062fe840fb9ce9db4d0b,worldwide-public-goods-experiments-contributions-over-10-periods_v12_850x600.svg,1,17,289908184,4419
worldwide-public-goods-experiments-with-opportunities-for-peer-punishment,LineChart,,,75e952fa3d57efe6715388b123472fa1,worldwide-public-goods-experiments-with-opportunities-for-peer-punishment_v9_850x600.svg,1,18,865281880,5201
yams-production,WorldMap,,,3258a76ea6d75059ef4aadba41f95fe2,yams-production_v11_850x600.svg,1,14,299743808,175420
year-country-was-certified-free-of-guinea-worm-disease,WorldMap,,,919f648f21745c3c9f2c79a19350db5b,year-country-was-certified-free-of-guinea-worm-disease_v26_850x600.svg,1,11,501010368,6640
year-of-the-last-reported-rinderpest-case,WorldMap,,,3fb817452aeace42eeb70a2e228c0a73,year-of-the-last-reported-rinderpest-case_v10_850x600.svg,1,15,691442496,4843
yearly-number-of-objects-launched-into-outer-space,LineChart,,,47a6f03aa758a0fedca4fb44f6661aeb,yearly-number-of-objects-launched-into-outer-space_v46_850x600.svg,1,14,1405256960,33063
years-colonized,WorldMap,,,6a6791258dd5cf5c2a7b5f765511c1e4,years-colonized_v19_850x600.svg,67,185,346603832,2322393
years-lived-with-disability-vs-health-expenditure-per-capita,ScatterPlot,,,b0c2d3582cd85f57c3314ed89da38e6e,years-lived-with-disability-vs-health-expenditure-per-capita_v31_850x600.svg,57,170,566578040,2254331
years-of-fossil-fuel-reserves-left,DiscreteBar,,,f7c5c3c6b826de11076f17c32c001e5c,years-of-fossil-fuel-reserves-left_v13_850x600.svg,2,10,871040128,2965
years-of-schooling-prados-de-la-escosura,WorldMap,,,dcdff7d7adb03588fb84f3baa94469c5,years-of-schooling-prados-de-la-escosura_v15_850x600.svg,4,23,712160016,124430
yield-gap-vs-nitrogen-pollution,WorldMap,,,41ae1a8e8e077ab0ff42fb85e424b9b3,yield-gap-vs-nitrogen-pollution_v8_850x600.svg,2,15,1413437168,4680
yields-key-staple-crops,LineChart,,,00b7e5f144f9f53c01ba5e447c0b90a6,yields-key-staple-crops_v3_850x600.svg,17,36,258002368,1297994
yields-of-important-staple-crops,LineChart,,,0b5f3ecf99ce5c85bb244003200aad23,yields-of-important-staple-crops_v11_850x600.svg,47,73,892686664,2638709
young-people-with-knowledge-on-hiv-prevention,WorldMap,,,ebfae2a13337fc5b8562ca4f023fdf50,young-people-with-knowledge-on-hiv-prevention_v11_850x600.svg,1,14,1422742200,3843
youth-mortality-rate,WorldMap,,,c481e4df96010133e0f3bd1218948176,youth-mortality-rate_v43_850x600.svg,2,28,640659512,342369
youth-not-in-education-employment-training,WorldMap,,,85751dc142c3c4a2ba170a8fe42c4f94,youth-not-in-education-employment-training_v29_850x600.svg,2,21,1404316240,75259