{
  "values": [
    43.5,
    17.9,
    35.2,
    33.766235,
    19.86028,
    29.4,
    21,
    34.8,
    32.867134,
    17.1,
    26.646708,
    23.6,
    36.85259,
    37.301586,
    20,
    15.3,
    16.2,
    27.920792,
    20.47952,
    33.857143,
    30.2,
    25.2,
    21.2,
    26.121635,
    30.921705,
    50.1,
    24.275724,
    24.075924,
    17.097416,
    16.983017,
    24.652088,
    25.944334,
    35.1,
    11.6,
    20.879122,
    27.5,
    27,
    39.5,
    22.4,
    12.935324,
    34.163345,
    26.6,
    23.666666,
    8.184383,
    37.982197,
    33.03393,
    29.3,
    29.67033,
    42.1,
    15.445544,
    30.49505,
    28.27381,
    28.9,
    19.740778,
    27.1,
    42.357643,
    23.5,
    26.396917,
    32.475246,
    21.449852,
    29.6333,
    27.6,
    28.571428,
    20,
    35.2,
    24.3,
    18.8,
    34.530937,
    16.8,
    21.6,
    14.442231,
    36.4,
    34.9,
    28.4,
    16.237623,
    24.9,
    26.347305,
    34,
    23.8,
    18.743769,
    10.689311,
    21.4,
    13.9,
    29.94012,
    33.5,
    23.1,
    26.173826,
    28.585707,
    42.300194,
    23.6,
    27.245508,
    22.877123,
    37.845848,
    29.692156,
    30.13972,
    25.610949,
    29.183268,
    41.4,
    27.888447,
    40.75924,
    22.3,
    27.7,
    29.4,
    17.4,
    28.5576,
    20.9,
    25.6,
    29.3,
    20.1,
    31.7,
    45.004944,
    28.7,
    26.368158,
    22.6,
    33.2,
    31,
    37.14002,
    11.9,
    17.3
  ],
  "years": [
    2021,
    2021,
    2021,
    2021,
    2021,
    2021,
    2021,
    2021,
    2021,
    2021,
    2021,
    2021,
    2021,
    2021,
    2021,
    2021,
    2021,
    2021,
    2021,
    2021,
    2021,
    2021,
    2021,
    2021,
    2021,
    2021,
    2021,
    2021,
    2021,
    2021,
    2021,
    2021,
    2021,
    2021,
    2021,
    2021,
    2021,
    2021,
    2021,
    2021,
    2021,
    2021,
    2021,
    2021,
    2021,
    2021,
    2021,
    2021,
    2021,
    2021,
    2021,
    2021,
    2021,
    2021,
    2021,
    2021,
    2021,
    2021,
    2021,
    2021,
    2021,
    2021,
    2021,
    2021,
    2021,
    2021,
    2021,
    2021,
    2021,
    2021,
    2021,
    2021,
    2021,
    2021,
    2021,
    2021,
    2021,
    2021,
    2021,
    2021,
    2021,
    2021,
    2021,
    2021,
    2021,
    2021,
    2021,
    2021,
    2021,
    2021,
    2021,
    2021,
    2021,
    2021,
    2021,
    2021,
    2021,
    2021,
    2021,
    2021,
    2021,
    2021,
    2021,
    2021,
    2021,
    2021,
    2021,
    2021,
    2021,
    2021,
    2021,
    2021,
    2021,
    2021,
    2021,
    2021,
    2021,
    2021,
    2021
  ],
  "entities": [
    15,
    16,
    17,
    21,
    22,
    23,
    24,
    28,
    4,
    32,
    34,
    35,
    37,
    39,
    40,
    42,
    43,
    44,
    172,
    171,
    170,
    166,
    143,
    165,
    163,
    161,
    160,
    201,
    65,
    259,
    156,
    155,
    3,
    153,
    152,
    6,
    150,
    149,
    147,
    139,
    144,
    138,
    137,
    136,
    135,
    134,
    2,
    133,
    8,
    132,
    14,
    130,
    131,
    129,
    379,
    126,
    125,
    122,
    124,
    119,
    116,
    115,
    212,
    213,
    113,
    111,
    112,
    110,
    109,
    142,
    108,
    107,
    5,
    106,
    105,
    103,
    66,
    102,
    101,
    100,
    98,
    97,
    96,
    11,
    95,
    366024,
    92,
    12,
    90,
    89,
    88,
    87,
    86,
    85,
    83,
    81,
    127,
    9,
    141,
    10,
    7,
    198,
    76,
    64,
    75,
    74,
    71,
    70,
    68,
    67,
    72,
    1,
    13,
    63,
    62,
    238,
    84,
    60,
    80
  ]
}