{
  "values": [
    28.7,
    29.3,
    35.1,
    32.867134,
    34.9,
    27.5,
    22.3,
    42.1,
    41.4,
    40.75924,
    29.94012,
    28.585707,
    26.368158,
    30.49505,
    43.5,
    17.9,
    35.2,
    33.766235,
    19.86028,
    29.4,
    21,
    34.8,
    17.1,
    26.646708,
    23.6,
    36.85259,
    37.301586,
    20,
    15.3,
    16.2,
    27.920792,
    11.9,
    33.2,
    22.6,
    17.4,
    17.097416,
    26.347305,
    31.7,
    20.1,
    29.3,
    25.6,
    45.004944,
    20.9,
    28.5576,
    29.4,
    17.3,
    25.610949,
    30.13972,
    37.14002,
    29.692156,
    37.845848,
    22.877123,
    27.245508,
    23.6,
    42.300194,
    26.173826,
    33.5,
    13.9,
    21.4,
    10.689311,
    18.743769,
    23.8,
    34,
    24.9,
    16.237623,
    28.4,
    36.4,
    14.442231,
    16.8,
    34.530937,
    24.3,
    18.8,
    35.2,
    27.6,
    29.6333,
    21.449852,
    26.396917,
    32.475246,
    23.5,
    42.357643,
    29.183268,
    19.740778,
    28.27381,
    28.9,
    15.445544,
    29.67033,
    33.03393,
    37.982197,
    8.184383,
    23.666666,
    26.6,
    12.935324,
    27.888447,
    21.6,
    21.2,
    34.163345,
    22.4,
    39.5,
    27,
    20.879122,
    11.6,
    25.944334,
    24.652088,
    24.275724,
    50.1,
    30.921705,
    26.121635,
    25.2,
    30.2,
    33.857143,
    20.47952,
    27.7,
    24.075924,
    28.571428,
    20,
    31,
    16.983017,
    27.1,
    23.1
  ],
  "years": [
    2021,
    2021,
    2021,
    2021,
    2021,
    2021,
    2021,
    2021,
    2021,
    2021,
    2021,
    2021,
    2021,
    2021,
    2021,
    2021,
    2021,
    2021,
    2021,
    2021,
    2021,
    2021,
    2021,
    2021,
    2021,
    2021,
    2021,
    2021,
    2021,
    2021,
    2021,
    2021,
    2021,
    2021,
    2021,
    2021,
    2021,
    2021,
    2021,
    2021,
    2021,
    2021,
    2021,
    2021,
    2021,
    2021,
    2021,
    2021,
    2021,
    2021,
    2021,
    2021,
    2021,
    2021,
    2021,
    2021,
    2021,
    2021,
    2021,
    2021,
    2021,
    2021,
    2021,
    2021,
    2021,
    2021,
    2021,
    2021,
    2021,
    2021,
    2021,
    2021,
    2021,
    2021,
    2021,
    2021,
    2021,
    2021,
    2021,
    2021,
    2021,
    2021,
    2021,
    2021,
    2021,
    2021,
    2021,
    2021,
    2021,
    2021,
    2021,
    2021,
    2021,
    2021,
    2021,
    2021,
    2021,
    2021,
    2021,
    2021,
    2021,
    2021,
    2021,
    2021,
    2021,
    2021,
    2021,
    2021,
    2021,
    2021,
    2021,
    2021,
    2021,
    2021,
    2021,
    2021,
    2021,
    2021,
    2021
  ],
  "entities": [
    1,
    2,
    3,
    4,
    5,
    6,
    7,
    8,
    9,
    10,
    11,
    12,
    13,
    14,
    15,
    16,
    17,
    21,
    22,
    23,
    24,
    28,
    32,
    34,
    35,
    37,
    39,
    40,
    42,
    43,
    44,
    60,
    62,
    63,
    64,
    65,
    66,
    67,
    68,
    70,
    71,
    72,
    74,
    75,
    76,
    80,
    81,
    83,
    84,
    85,
    86,
    87,
    88,
    89,
    90,
    92,
    95,
    96,
    97,
    98,
    100,
    101,
    102,
    103,
    105,
    106,
    107,
    108,
    109,
    110,
    111,
    112,
    113,
    115,
    116,
    119,
    122,
    124,
    125,
    126,
    127,
    129,
    130,
    131,
    132,
    133,
    134,
    135,
    136,
    137,
    138,
    139,
    141,
    142,
    143,
    144,
    147,
    149,
    150,
    152,
    153,
    155,
    156,
    160,
    161,
    163,
    165,
    166,
    170,
    171,
    172,
    198,
    201,
    212,
    213,
    238,
    259,
    379,
    366024
  ]
}