{
  "values": [
    66.1,
    66.9,
    64.5,
    60.639362,
    64.4,
    71.5,
    76.5,
    57.4,
    57.3,
    58.641357,
    66.16766,
    69.765114,
    73.333336,
    64.455444,
    48.2,
    73.8,
    45.7,
    62.737263,
    70.958084,
    69.4,
    75.7,
    55.1,
    81.1,
    68.562874,
    71.2,
    62.4502,
    60.515873,
    76.5,
    69.4,
    82.2,
    70.89109,
    85.2,
    56.4,
    74.5,
    79.3,
    73.35984,
    67.065865,
    62.4,
    78.8,
    64.4,
    67.9,
    47.181007,
    73.7,
    63.117134,
    54.4,
    82.1,
    66.080154,
    67.86427,
    54.71698,
    68.61966,
    54.940712,
    73.426575,
    68.562874,
    70.8,
    56.62768,
    64.035965,
    63.5,
    85.8,
    76.1,
    86.21378,
    79.06281,
    68.5,
    65.1,
    69.2,
    77.92079,
    70,
    49.9,
    84.56175,
    80.9,
    58.383232,
    67,
    74.9,
    62,
    67.2,
    62.14073,
    61.668324,
    69.74952,
    64.25742,
    60.4,
    45.554447,
    65.63745,
    79.96012,
    67.757935,
    52.1,
    77.821785,
    57.642357,
    65.76846,
    59.94065,
    87.206024,
    69.066666,
    67.6,
    83.08458,
    63.446217,
    70.3,
    77.8,
    65.53785,
    72.2,
    58.3,
    68.9,
    70.02997,
    87.1,
    72.2664,
    69.98012,
    74.02597,
    48.5,
    62.933598,
    67.2981,
    71.5,
    68.4,
    54.942856,
    74.92507,
    65.8,
    73.426575,
    68.73127,
    77.3,
    68.7,
    76.92308,
    67.3,
    71.2
  ],
  "years": [
    2021,
    2021,
    2021,
    2021,
    2021,
    2021,
    2021,
    2021,
    2021,
    2021,
    2021,
    2021,
    2021,
    2021,
    2021,
    2021,
    2021,
    2021,
    2021,
    2021,
    2021,
    2021,
    2021,
    2021,
    2021,
    2021,
    2021,
    2021,
    2021,
    2021,
    2021,
    2021,
    2021,
    2021,
    2021,
    2021,
    2021,
    2021,
    2021,
    2021,
    2021,
    2021,
    2021,
    2021,
    2021,
    2021,
    2021,
    2021,
    2021,
    2021,
    2021,
    2021,
    2021,
    2021,
    2021,
    2021,
    2021,
    2021,
    2021,
    2021,
    2021,
    2021,
    2021,
    2021,
    2021,
    2021,
    2021,
    2021,
    2021,
    2021,
    2021,
    2021,
    2021,
    2021,
    2021,
    2021,
    2021,
    2021,
    2021,
    2021,
    2021,
    2021,
    2021,
    2021,
    2021,
    2021,
    2021,
    2021,
    2021,
    2021,
    2021,
    2021,
    2021,
    2021,
    2021,
    2021,
    2021,
    2021,
    2021,
    2021,
    2021,
    2021,
    2021,
    2021,
    2021,
    2021,
    2021,
    2021,
    2021,
    2021,
    2021,
    2021,
    2021,
    2021,
    2021,
    2021,
    2021,
    2021,
    2021
  ],
  "entities": [
    1,
    2,
    3,
    4,
    5,
    6,
    7,
    8,
    9,
    10,
    11,
    12,
    13,
    14,
    15,
    16,
    17,
    21,
    22,
    23,
    24,
    28,
    32,
    34,
    35,
    37,
    39,
    40,
    42,
    43,
    44,
    60,
    62,
    63,
    64,
    65,
    66,
    67,
    68,
    70,
    71,
    72,
    74,
    75,
    76,
    80,
    81,
    83,
    84,
    85,
    86,
    87,
    88,
    89,
    90,
    92,
    95,
    96,
    97,
    98,
    100,
    101,
    102,
    103,
    105,
    106,
    107,
    108,
    109,
    110,
    111,
    112,
    113,
    115,
    116,
    119,
    122,
    124,
    125,
    126,
    127,
    129,
    130,
    131,
    132,
    133,
    134,
    135,
    136,
    137,
    138,
    139,
    141,
    142,
    143,
    144,
    147,
    149,
    150,
    152,
    153,
    155,
    156,
    160,
    161,
    163,
    165,
    166,
    170,
    171,
    172,
    198,
    201,
    212,
    213,
    238,
    259,
    379,
    366024
  ]
}