{
  "values": [
    5.1699,
    43.8696,
    2.9106,
    66.6424,
    45.2758,
    4.7301,
    9.5664,
    17.1672,
    15.2517,
    1.4779,
    11.4279,
    -1.4404,
    6.4409,
    69.2984,
    0.69938,
    13.6271,
    6.019,
    -1.4618,
    -1.0204,
    -2.7261,
    0.39835,
    10.7712,
    6.0581,
    2.9136,
    -1.2804,
    15.5971,
    15.4148,
    -3.628,
    6.6645,
    16.3178,
    5.2732,
    9.4856,
    -2.797,
    1.2509,
    2.8203,
    19.7486,
    39.8283,
    -1.1384,
    6.9766,
    0.33281,
    6.5782,
    11.2011,
    1.4628,
    -1.1577,
    0.28589,
    0.80588,
    4.7862,
    24.4869,
    -0.14536,
    2.6897,
    4.7185,
    -1.3729,
    5.2626,
    -6.4068,
    10.5094,
    10.6797,
    10.7122,
    -0.061076,
    3.753,
    10.5266,
    -1.2481,
    6.4166,
    7.1057,
    4.8193,
    4.4625,
    9.3832,
    1.3879,
    29.8636,
    23.628,
    -0.030679,
    79.9783,
    5.2622,
    -1.9371,
    7.307,
    50.2904,
    2.227,
    -0.45356,
    16.0516,
    2.3878,
    16.123,
    4.1565,
    9.7444,
    -1.1026,
    5.6669,
    21.4134,
    21.3034,
    19.4411,
    2.3776,
    0.96529,
    9.3631,
    73.2678,
    12.4896,
    6.8699,
    -2.078,
    10.5364,
    -2.5611,
    -2.1712,
    16.3619,
    10.0124,
    2.8615,
    -3.4545,
    3.5026,
    2.5093,
    1.8795,
    16.6737,
    1.5472,
    0.7646,
    51.8408,
    5.3062,
    -6.7879,
    58.492,
    10.1116,
    12.8662,
    72.651,
    -3.2345,
    3.4541,
    33.6958,
    41.1554,
    8.111,
    0.88696,
    16.8166,
    0.12654,
    13.6734,
    37.9329,
    3.5944,
    2.4496,
    0.39324,
    -1.9532,
    11.6661,
    -2.719,
    0.38031,
    16.552,
    9.7547,
    -0.16773,
    4.0954,
    4.5247,
    2.186,
    13.4161,
    8.6386,
    13.7662,
    3.4539,
    17.7288,
    1.2797,
    14.5072,
    4.0249,
    2.7038,
    37.621,
    14.4898,
    8.9817,
    22.5861,
    -1.0242,
    -0.56358,
    -5.166,
    13.4776,
    28.029,
    35.0716,
    1.2095,
    13.3772,
    -22.5131,
    -0.16068,
    24.5985,
    -3.2758,
    13.6035,
    -7.6133,
    -3.1404,
    23.6111,
    48.9952,
    -5.2263,
    -4.1144,
    -1.2624,
    -0.92798,
    6.7125,
    -8.1899,
    -16.1631,
    15.3718,
    -4.2723,
    -3.9205,
    -2.5673,
    11.7919,
    -4.8636,
    0.03397,
    18.1127,
    -3.9772,
    -2.5222,
    7.2151,
    -25.2646,
    6.8739,
    11.6073,
    -6.2585,
    -25.2646,
    -2.5348,
    1.3497,
    37.1868
  ],
  "years": [
    2009,
    2009,
    2009,
    2009,
    2009,
    2009,
    2009,
    2009,
    2009,
    2009,
    2009,
    2009,
    2009,
    2009,
    2009,
    2009,
    2009,
    2009,
    2009,
    2009,
    2009,
    2009,
    2009,
    2009,
    2009,
    2009,
    2009,
    2009,
    2009,
    2009,
    2009,
    2009,
    2009,
    2009,
    2009,
    2009,
    2009,
    2009,
    2009,
    2009,
    2009,
    2009,
    2009,
    2009,
    2009,
    2009,
    2009,
    2009,
    2009,
    2009,
    2009,
    2009,
    2009,
    2009,
    2009,
    2009,
    2009,
    2009,
    2009,
    2009,
    2009,
    2009,
    2009,
    2009,
    2009,
    2009,
    2009,
    2009,
    2009,
    2009,
    2009,
    2009,
    2009,
    2009,
    2009,
    2009,
    2009,
    2009,
    2009,
    2009,
    2009,
    2009,
    2009,
    2009,
    2009,
    2009,
    2009,
    2009,
    2009,
    2009,
    2009,
    2009,
    2009,
    2009,
    2009,
    2009,
    2009,
    2009,
    2009,
    2009,
    2009,
    2009,
    2009,
    2009,
    2009,
    2009,
    2009,
    2009,
    2009,
    2009,
    2009,
    2009,
    2009,
    2009,
    2009,
    2009,
    2009,
    2009,
    2009,
    2009,
    2009,
    2009,
    2009,
    2009,
    2009,
    2009,
    2009,
    2009,
    2009,
    2009,
    2009,
    2009,
    2009,
    2009,
    2009,
    2009,
    2009,
    2009,
    2009,
    2009,
    2009,
    2009,
    2009,
    2009,
    2009,
    2009,
    2009,
    2009,
    2009,
    2009,
    2009,
    2009,
    2009,
    2009,
    2009,
    2009,
    2009,
    2009,
    2009,
    2009,
    2009,
    2009,
    2009,
    2009,
    2009,
    2009,
    2009,
    2009,
    2009,
    2009,
    2009,
    2009,
    2009,
    2009,
    2009,
    2009,
    2009,
    2009,
    2009,
    2009,
    2009,
    2009,
    2009,
    2009,
    2009,
    2009,
    2009,
    2009,
    2009,
    2009,
    2009,
    2009,
    2009
  ],
  "entities": [
    1,
    2,
    3,
    4,
    5,
    6,
    7,
    8,
    9,
    10,
    11,
    12,
    13,
    14,
    15,
    16,
    17,
    19,
    20,
    21,
    22,
    23,
    24,
    25,
    26,
    27,
    28,
    29,
    30,
    31,
    32,
    33,
    34,
    35,
    36,
    37,
    38,
    39,
    40,
    41,
    42,
    43,
    44,
    45,
    60,
    61,
    62,
    63,
    64,
    65,
    66,
    67,
    68,
    69,
    70,
    71,
    72,
    73,
    74,
    75,
    76,
    77,
    78,
    79,
    80,
    81,
    82,
    83,
    84,
    85,
    86,
    87,
    88,
    89,
    90,
    91,
    92,
    93,
    94,
    95,
    96,
    97,
    98,
    99,
    100,
    101,
    102,
    103,
    104,
    105,
    106,
    107,
    108,
    109,
    110,
    111,
    112,
    113,
    114,
    115,
    116,
    117,
    118,
    119,
    120,
    121,
    122,
    124,
    125,
    126,
    127,
    128,
    129,
    130,
    131,
    132,
    133,
    134,
    135,
    136,
    137,
    138,
    139,
    140,
    141,
    142,
    143,
    144,
    145,
    146,
    147,
    148,
    149,
    150,
    151,
    152,
    153,
    154,
    155,
    156,
    157,
    158,
    159,
    160,
    161,
    162,
    163,
    164,
    165,
    166,
    167,
    168,
    169,
    170,
    171,
    172,
    173,
    174,
    195,
    197,
    198,
    200,
    201,
    202,
    206,
    208,
    210,
    212,
    213,
    215,
    216,
    217,
    220,
    221,
    225,
    227,
    229,
    230,
    231,
    232,
    234,
    238,
    245,
    252,
    253,
    254,
    258,
    259,
    262,
    266,
    284,
    379,
    390
  ]
}