{
  "values": [
    419.52747,
    527.37195,
    544,
    538.29614,
    528.8756,
    541,
    462.30374,
    472,
    446,
    326.82858,
    550.4977,
    547.0319,
    531.8315,
    552,
    548.41705,
    543,
    494,
    422.4281,
    447.67984,
    553.0401,
    493.97577,
    536.8826,
    545.49347,
    543,
    546.3461,
    553.9936,
    547,
    330,
    567.8705,
    566,
    525.17017,
    521.59344,
    520.0007,
    511,
    470.8356,
    487.7557,
    488,
    539.0901,
    547.59076,
    541.01166,
    537,
    524.16675,
    527.87115,
    563.9113,
    570.5426,
    569,
    543.22644,
    550.88934,
    539.2749,
    554,
    512.4169,
    510.59732,
    404.73703,
    428.48276,
    413.83282,
    420.93277,
    457.36356,
    428,
    551.60443,
    567,
    508.9392,
    512.4622,
    540.92065,
    530,
    540.7288,
    551.46814,
    541.3247,
    548,
    536,
    396,
    330.30032,
    393,
    544.60693,
    540.91156,
    558,
    543.3865,
    537.03253,
    528.2289,
    548,
    557.1952,
    546,
    476.93402,
    452,
    491.74277,
    499.88382,
    349.51126,
    322.58005,
    310.45877,
    358,
    554.20874,
    547.15173,
    546.0582,
    545,
    528.82385,
    531.7151,
    531.0211,
    523,
    441.58646,
    442.39548,
    499.17944,
    498.008,
    507.0463,
    517,
    390.79752,
    418,
    519.38934,
    525.57263,
    565,
    540.83655,
    528,
    353.43552,
    424.84525,
    442,
    511.71014,
    489.4731,
    501.89417,
    527.9335,
    564.7436,
    568.4185,
    581,
    429.85013,
    430,
    527.948,
    558.2728,
    567.2845,
    576,
    518.08734,
    530.81464,
    535.0846,
    535,
    501.51794,
    521.5314,
    530.32025,
    542,
    301.61295,
    323,
    320,
    512.5039,
    513.0604,
    528,
    561.0141,
    549.2824,
    541.67487,
    555,
    435.58774,
    470.84995,
    479,
    449.35428,
    438.59332,
    450,
    542.149,
    539.9249,
    556.3746,
    549
  ],
  "years": [
    2001,
    2011,
    2016,
    2006,
    2011,
    2016,
    2011,
    2016,
    2016,
    2001,
    2001,
    2006,
    2011,
    2016,
    2011,
    2016,
    2016,
    2001,
    2011,
    2011,
    2001,
    2001,
    2011,
    2016,
    2006,
    2011,
    2016,
    2016,
    2011,
    2016,
    2001,
    2006,
    2011,
    2016,
    2006,
    2011,
    2016,
    2001,
    2006,
    2011,
    2016,
    2001,
    2001,
    2006,
    2011,
    2016,
    2001,
    2006,
    2011,
    2016,
    2001,
    2006,
    2006,
    2011,
    2001,
    2006,
    2011,
    2016,
    2011,
    2016,
    2001,
    2006,
    2011,
    2016,
    2001,
    2006,
    2011,
    2016,
    2016,
    2001,
    2006,
    2016,
    2001,
    2006,
    2016,
    2001,
    2006,
    2011,
    2016,
    2006,
    2016,
    2011,
    2016,
    2001,
    2006,
    2001,
    2006,
    2011,
    2016,
    2001,
    2006,
    2011,
    2016,
    2001,
    2006,
    2011,
    2016,
    2001,
    2006,
    2001,
    2006,
    2011,
    2016,
    2011,
    2016,
    2006,
    2011,
    2016,
    2011,
    2016,
    2006,
    2011,
    2016,
    2001,
    2006,
    2011,
    2001,
    2006,
    2011,
    2016,
    2011,
    2016,
    2001,
    2006,
    2011,
    2016,
    2001,
    2006,
    2011,
    2016,
    2001,
    2006,
    2011,
    2016,
    2006,
    2011,
    2016,
    2006,
    2011,
    2016,
    2001,
    2006,
    2011,
    2016,
    2006,
    2011,
    2016,
    2001,
    2011,
    2016,
    2001,
    2006,
    2011,
    2016
  ],
  "entities": [
    21,
    23,
    23,
    24,
    24,
    24,
    25,
    25,
    27,
    31,
    39,
    39,
    39,
    39,
    44,
    44,
    172,
    170,
    170,
    165,
    163,
    162,
    162,
    162,
    161,
    161,
    161,
    65,
    155,
    155,
    3,
    3,
    3,
    3,
    152,
    152,
    152,
    6,
    6,
    6,
    6,
    149,
    144,
    144,
    144,
    144,
    138,
    138,
    138,
    138,
    207,
    207,
    136,
    136,
    135,
    135,
    135,
    135,
    2,
    2,
    133,
    133,
    133,
    133,
    8,
    8,
    8,
    8,
    131,
    208,
    208,
    208,
    122,
    122,
    122,
    119,
    119,
    119,
    119,
    210,
    262,
    212,
    212,
    111,
    111,
    110,
    110,
    110,
    110,
    5,
    5,
    5,
    5,
    106,
    106,
    106,
    106,
    66,
    66,
    102,
    102,
    102,
    102,
    217,
    217,
    11,
    11,
    11,
    95,
    95,
    226,
    226,
    226,
    92,
    92,
    92,
    12,
    12,
    12,
    12,
    90,
    90,
    86,
    86,
    86,
    86,
    85,
    85,
    85,
    85,
    83,
    83,
    83,
    83,
    81,
    81,
    81,
    9,
    9,
    9,
    10,
    10,
    10,
    10,
    73,
    73,
    73,
    70,
    72,
    72,
    13,
    13,
    13,
    13
  ]
}