{
  "values": [
    0,
    0,
    -1.826111759,
    -46.30055744,
    68.08637399,
    -3.875486786,
    78.98982167,
    0,
    0.061205526,
    0,
    -70.76639657,
    -63.10821325,
    -54.43784297,
    -50.4454328,
    0,
    0,
    -4.689223971,
    -68.20295036,
    -46.36646705,
    -45.13704096,
    0,
    0,
    0,
    0,
    0,
    0,
    -62.07582831,
    3.929379582,
    5.174858123,
    105.2826419,
    7.512073219,
    0,
    2.169290868,
    -4.318119834,
    -82.56138203,
    17.68248479,
    0,
    43.6455749,
    -38.32824528,
    -1.66422382,
    -2.801857702,
    3.478107229,
    0,
    -47.91139364,
    -0.940172241,
    -43.66781943,
    35.83138706,
    0,
    0,
    23.83075655,
    41.928566,
    102.4401267,
    0,
    38.98203969,
    12.21113038,
    0,
    5.524776876,
    0,
    0,
    30.16847571,
    36.66361906,
    0,
    13.59440088,
    -4.40889217,
    15.33129811,
    -2.041221596,
    0,
    -0.995502368,
    12.59916574,
    25.12899876,
    56.60978158,
    -2.709024586,
    -76.79686025,
    22.01149265,
    0,
    17.35804814,
    -22.236219,
    -3.616859019,
    0,
    -23.12602699,
    2.120973418,
    0,
    0,
    -102.2449742,
    104.0121609,
    0,
    1.613440737,
    -2.504024406,
    0,
    0,
    0,
    2.046091234,
    0,
    6.599663198,
    3.531488776,
    -115.4682626,
    -63.34218923,
    -12.42207512,
    70.91777511,
    -41.59410976,
    90.60685635,
    -138.300456,
    102.9571051,
    -55.26064595,
    20.14067503,
    0.903008195,
    0,
    14.88822438,
    -34.00632565,
    -102.9571051,
    0,
    56.51616812,
    0,
    5.559809133,
    6.02926364,
    -12.69955169,
    -48.19701063,
    0,
    -50.95699231,
    4.448876157,
    135.9151015,
    0,
    0,
    0,
    0,
    0,
    0,
    -5.559809133,
    0,
    66.11555554,
    -2.159394044,
    0,
    -21.78148722,
    -27.04500958,
    81.55787736,
    172.9094189,
    79.26788876,
    18.75602412,
    -94.54289603,
    -70.20415068,
    68.78558919,
    0,
    -15.88717103,
    0,
    -58.44027127,
    -68.00655859,
    -15.0841487,
    49.4399704,
    5.090009421
  ],
  "years": [
    2020,
    2020,
    2020,
    2020,
    2020,
    2020,
    2020,
    2020,
    2020,
    2020,
    2020,
    2020,
    2020,
    2020,
    2020,
    2020,
    2020,
    2020,
    2020,
    2020,
    2020,
    2020,
    2020,
    2020,
    2020,
    2020,
    2020,
    2020,
    2020,
    2020,
    2020,
    2020,
    2020,
    2020,
    2020,
    2020,
    2020,
    2020,
    2020,
    2020,
    2020,
    2020,
    2020,
    2020,
    2020,
    2020,
    2020,
    2020,
    2020,
    2020,
    2020,
    2020,
    2020,
    2020,
    2020,
    2020,
    2020,
    2020,
    2020,
    2020,
    2020,
    2020,
    2020,
    2020,
    2020,
    2020,
    2020,
    2020,
    2020,
    2020,
    2020,
    2020,
    2020,
    2020,
    2020,
    2020,
    2020,
    2020,
    2020,
    2020,
    2020,
    2020,
    2020,
    2020,
    2020,
    2020,
    2020,
    2020,
    2020,
    2020,
    2020,
    2020,
    2020,
    2020,
    2020,
    2020,
    2020,
    2020,
    2020,
    2020,
    2020,
    2020,
    2020,
    2020,
    2020,
    2020,
    2020,
    2020,
    2020,
    2020,
    2020,
    2020,
    2020,
    2020,
    2020,
    2020,
    2020,
    2020,
    2020,
    2020,
    2020,
    2020,
    2020,
    2020,
    2020,
    2020,
    2020,
    2020,
    2020,
    2020,
    2020,
    2020,
    2020,
    2020,
    2020,
    2020,
    2020,
    2020,
    2020,
    2020,
    2020,
    2020,
    2020,
    2020,
    2020,
    2020,
    2020,
    2020,
    2020
  ],
  "entities": [
    1,
    2,
    3,
    4,
    5,
    6,
    7,
    8,
    9,
    10,
    11,
    12,
    13,
    15,
    16,
    17,
    19,
    21,
    22,
    24,
    25,
    28,
    30,
    31,
    32,
    33,
    34,
    35,
    36,
    37,
    38,
    39,
    40,
    41,
    42,
    43,
    44,
    60,
    61,
    62,
    63,
    64,
    65,
    66,
    67,
    68,
    69,
    70,
    71,
    72,
    74,
    75,
    76,
    77,
    79,
    80,
    81,
    82,
    83,
    84,
    85,
    87,
    88,
    89,
    90,
    91,
    92,
    94,
    95,
    97,
    98,
    99,
    100,
    101,
    102,
    103,
    104,
    105,
    107,
    108,
    109,
    110,
    111,
    112,
    113,
    114,
    115,
    116,
    117,
    119,
    120,
    121,
    122,
    123,
    124,
    125,
    126,
    127,
    128,
    129,
    130,
    131,
    133,
    134,
    135,
    136,
    137,
    138,
    139,
    140,
    142,
    143,
    144,
    145,
    146,
    147,
    148,
    149,
    150,
    151,
    152,
    153,
    154,
    155,
    157,
    158,
    159,
    160,
    161,
    162,
    165,
    166,
    167,
    168,
    170,
    171,
    172,
    173,
    174,
    201,
    210,
    215,
    217,
    225,
    234,
    238,
    258,
    259,
    164238
  ]
}