{
  "values": [
    0,
    0,
    -1.8261118,
    -46.300556,
    68.08637,
    -3.8754869,
    78.98982,
    0,
    0.061205525,
    0,
    -70.766396,
    -63.10821,
    -54.43784,
    -50.44543,
    0,
    0,
    -4.6892242,
    -68.20295,
    -46.366467,
    -45.137043,
    0,
    0,
    0,
    0,
    0,
    0,
    -62.07583,
    3.9293795,
    5.174858,
    105.28264,
    7.512073,
    0,
    2.169291,
    -4.31812,
    -82.56138,
    17.682486,
    0,
    43.645576,
    -38.328247,
    -1.6642239,
    -2.8018577,
    3.4781072,
    0,
    -47.911392,
    -0.94017226,
    -43.66782,
    35.831387,
    0,
    0,
    23.830757,
    41.928566,
    102.44013,
    0,
    38.98204,
    5.090009,
    12.21113,
    0,
    5.524777,
    0,
    0,
    30.168476,
    36.66362,
    0,
    13.5944,
    -4.408892,
    15.331298,
    -2.0412216,
    0,
    -0.99550235,
    12.599166,
    25.129,
    56.60978,
    -2.7090247,
    -76.79686,
    22.011494,
    0,
    17.358047,
    -22.23622,
    -3.616859,
    0,
    -23.126026,
    2.1209733,
    0,
    0,
    -102.24497,
    104.01215,
    0,
    1.6134408,
    -2.5040245,
    0,
    0,
    0,
    2.0460913,
    0,
    6.5996633,
    3.531489,
    -115.46826,
    -63.34219,
    -12.422075,
    70.91777,
    -41.59411,
    90.60686,
    -138.30046,
    102.95711,
    -55.260647,
    20.140675,
    0.9030082,
    0,
    14.888224,
    -34.006325,
    -102.95711,
    0,
    56.51617,
    0,
    5.559809,
    6.0292635,
    -12.699552,
    -48.19701,
    0,
    -50.956993,
    4.4488764,
    135.9151,
    0,
    0,
    0,
    0,
    0,
    0,
    -5.559809,
    0,
    66.115555,
    -2.159394,
    0,
    -21.781488,
    -27.045008,
    81.55788,
    172.90941,
    79.26789,
    18.756025,
    -94.5429,
    -70.20415,
    68.78559,
    0,
    -15.887171,
    0,
    -58.440273,
    -68.00655,
    -15.084149,
    49.43997
  ],
  "years": [
    2020,
    2020,
    2020,
    2020,
    2020,
    2020,
    2020,
    2020,
    2020,
    2020,
    2020,
    2020,
    2020,
    2020,
    2020,
    2020,
    2020,
    2020,
    2020,
    2020,
    2020,
    2020,
    2020,
    2020,
    2020,
    2020,
    2020,
    2020,
    2020,
    2020,
    2020,
    2020,
    2020,
    2020,
    2020,
    2020,
    2020,
    2020,
    2020,
    2020,
    2020,
    2020,
    2020,
    2020,
    2020,
    2020,
    2020,
    2020,
    2020,
    2020,
    2020,
    2020,
    2020,
    2020,
    2020,
    2020,
    2020,
    2020,
    2020,
    2020,
    2020,
    2020,
    2020,
    2020,
    2020,
    2020,
    2020,
    2020,
    2020,
    2020,
    2020,
    2020,
    2020,
    2020,
    2020,
    2020,
    2020,
    2020,
    2020,
    2020,
    2020,
    2020,
    2020,
    2020,
    2020,
    2020,
    2020,
    2020,
    2020,
    2020,
    2020,
    2020,
    2020,
    2020,
    2020,
    2020,
    2020,
    2020,
    2020,
    2020,
    2020,
    2020,
    2020,
    2020,
    2020,
    2020,
    2020,
    2020,
    2020,
    2020,
    2020,
    2020,
    2020,
    2020,
    2020,
    2020,
    2020,
    2020,
    2020,
    2020,
    2020,
    2020,
    2020,
    2020,
    2020,
    2020,
    2020,
    2020,
    2020,
    2020,
    2020,
    2020,
    2020,
    2020,
    2020,
    2020,
    2020,
    2020,
    2020,
    2020,
    2020,
    2020,
    2020,
    2020,
    2020,
    2020,
    2020,
    2020,
    2020
  ],
  "entities": [
    1,
    2,
    3,
    4,
    5,
    6,
    7,
    8,
    9,
    10,
    11,
    12,
    13,
    15,
    16,
    17,
    19,
    21,
    22,
    24,
    25,
    28,
    30,
    31,
    32,
    33,
    34,
    35,
    36,
    37,
    38,
    39,
    40,
    41,
    42,
    43,
    44,
    60,
    61,
    62,
    63,
    64,
    65,
    66,
    67,
    68,
    69,
    70,
    71,
    72,
    74,
    75,
    76,
    77,
    78,
    79,
    80,
    81,
    82,
    83,
    84,
    85,
    87,
    88,
    89,
    90,
    91,
    92,
    94,
    95,
    97,
    98,
    99,
    100,
    101,
    102,
    103,
    104,
    105,
    107,
    108,
    109,
    110,
    111,
    112,
    113,
    114,
    115,
    116,
    117,
    119,
    120,
    121,
    122,
    123,
    124,
    125,
    126,
    127,
    128,
    129,
    130,
    131,
    133,
    134,
    135,
    136,
    137,
    138,
    139,
    140,
    142,
    143,
    144,
    145,
    146,
    147,
    148,
    149,
    150,
    151,
    152,
    153,
    154,
    155,
    157,
    158,
    159,
    160,
    161,
    162,
    165,
    166,
    167,
    168,
    170,
    171,
    172,
    173,
    174,
    201,
    210,
    215,
    217,
    225,
    234,
    238,
    258,
    259
  ]
}