{
  "values": [
    0.521201732,
    0.480644388,
    0.038704166,
    0.001832913,
    0.529401038,
    0.488785004,
    0.038700782,
    0.001894273,
    0.52482246,
    0.485289976,
    0.037611906,
    0.001888508,
    0.524160197,
    0.484640631,
    0.037524567,
    0.001955234,
    0.548901986,
    0.507160053,
    0.039644745,
    0.002046911,
    0.618097553,
    0.570928868,
    0.044909346,
    0.002230117,
    0.616164747,
    0.568254732,
    0.045701908,
    0.002187273,
    0.620605845,
    0.573378334,
    0.044996975,
    0.002213457,
    0.621121789,
    0.575017397,
    0.043869971,
    0.002217203,
    0.616868943,
    0.571315526,
    0.042940418,
    0.002597203,
    0.638996755,
    0.592134601,
    0.044143191,
    0.002706969,
    0.652677378,
    0.603932592,
    0.046048972,
    0.002683803,
    0.644570079,
    0.598399545,
    0.043480089,
    0.002669444,
    0.698153541,
    0.648459657,
    0.046732089,
    0.002943612,
    0.796189104,
    0.737391725,
    0.05543625,
    0.003350963,
    0.841328312,
    0.778697066,
    0.059091015,
    0.003533347,
    0.867292972,
    0.803238045,
    0.060303671,
    0.003745468,
    0.915679012,
    0.849940653,
    0.061740442,
    0.003992663,
    0.931594362,
    0.863195782,
    0.064401221,
    0.003994088,
    0.917434294,
    0.848817028,
    0.064700005,
    0.003911835,
    0.943210978,
    0.870333448,
    0.068589584,
    0.004264656,
    1.004003221,
    0.925592999,
    0.073868312,
    0.004521852,
    0.969443298,
    0.892769436,
    0.072272827,
    0.004399792,
    0.97216705,
    0.895364383,
    0.072345873,
    0.004455457,
    0.991912621,
    0.91368931,
    0.073653017,
    0.00456873,
    0.977403891,
    0.901570506,
    0.071331779,
    0.004499455
  ],
  "years": [
    1990,
    1990,
    1990,
    1990,
    1991,
    1991,
    1991,
    1991,
    1992,
    1992,
    1992,
    1992,
    1993,
    1993,
    1993,
    1993,
    1994,
    1994,
    1994,
    1994,
    1995,
    1995,
    1995,
    1995,
    1996,
    1996,
    1996,
    1996,
    1997,
    1997,
    1997,
    1997,
    1998,
    1998,
    1998,
    1998,
    1999,
    1999,
    1999,
    1999,
    2000,
    2000,
    2000,
    2000,
    2001,
    2001,
    2001,
    2001,
    2002,
    2002,
    2002,
    2002,
    2003,
    2003,
    2003,
    2003,
    2004,
    2004,
    2004,
    2004,
    2005,
    2005,
    2005,
    2005,
    2006,
    2006,
    2006,
    2006,
    2007,
    2007,
    2007,
    2007,
    2008,
    2008,
    2008,
    2008,
    2009,
    2009,
    2009,
    2009,
    2010,
    2010,
    2010,
    2010,
    2011,
    2011,
    2011,
    2011,
    2012,
    2012,
    2012,
    2012,
    2013,
    2013,
    2013,
    2013,
    2014,
    2014,
    2014,
    2014,
    2015,
    2015,
    2015,
    2015
  ],
  "entities": [
    175932,
    175933,
    175934,
    175935,
    175932,
    175933,
    175934,
    175935,
    175932,
    175933,
    175934,
    175935,
    175932,
    175933,
    175934,
    175935,
    175932,
    175933,
    175934,
    175935,
    175932,
    175933,
    175934,
    175935,
    175932,
    175933,
    175934,
    175935,
    175932,
    175933,
    175934,
    175935,
    175932,
    175933,
    175934,
    175935,
    175932,
    175933,
    175934,
    175935,
    175932,
    175933,
    175934,
    175935,
    175932,
    175933,
    175934,
    175935,
    175932,
    175933,
    175934,
    175935,
    175932,
    175933,
    175934,
    175935,
    175932,
    175933,
    175934,
    175935,
    175932,
    175933,
    175934,
    175935,
    175932,
    175933,
    175934,
    175935,
    175932,
    175933,
    175934,
    175935,
    175932,
    175933,
    175934,
    175935,
    175932,
    175933,
    175934,
    175935,
    175932,
    175933,
    175934,
    175935,
    175932,
    175933,
    175934,
    175935,
    175932,
    175933,
    175934,
    175935,
    175932,
    175933,
    175934,
    175935,
    175932,
    175933,
    175934,
    175935,
    175932,
    175933,
    175934,
    175935
  ]
}