{
  "values": [
    0.523876584,
    0.449021922,
    0.066381381,
    0.008418433,
    0.532634643,
    0.455642508,
    0.068479008,
    0.008452938,
    0.547486564,
    0.467235821,
    0.071484296,
    0.008713666,
    0.557528661,
    0.474837806,
    0.073794342,
    0.008838055,
    0.570544588,
    0.485450912,
    0.075504671,
    0.009023596,
    0.582347297,
    0.499284146,
    0.073275535,
    0.009329649,
    0.609931874,
    0.521774344,
    0.078222484,
    0.009538754,
    0.616075893,
    0.530823261,
    0.075290208,
    0.009594497,
    0.610052002,
    0.538482296,
    0.061495443,
    0.009734252,
    0.625190076,
    0.553763179,
    0.061087507,
    0.009931574,
    0.646633246,
    0.575920966,
    0.060086844,
    0.010271979,
    0.651997085,
    0.584694568,
    0.056920375,
    0.010024981,
    0.664127236,
    0.598497871,
    0.055350572,
    0.009962984,
    0.687546747,
    0.616663406,
    0.060640312,
    0.009821492,
    0.712666705,
    0.640179183,
    0.062207629,
    0.009847746,
    0.721700424,
    0.651863012,
    0.059616632,
    0.00971787,
    0.737270543,
    0.664679786,
    0.062302678,
    0.009753791,
    0.752768632,
    0.6820269,
    0.060368901,
    0.00977475,
    0.756584203,
    0.684298866,
    0.06233258,
    0.009429957,
    0.748802491,
    0.677112319,
    0.061841754,
    0.009064141,
    0.777441143,
    0.702793019,
    0.064691081,
    0.009250579,
    0.788692255,
    0.712442188,
    0.066213225,
    0.009415421,
    0.815205521,
    0.73480322,
    0.070222504,
    0.009610591,
    0.825863226,
    0.745640937,
    0.069926081,
    0.00966535,
    0.84193567,
    0.757338149,
    0.074236548,
    0.009711218,
    0.856572752,
    0.771213548,
    0.075063211,
    0.00988372
  ],
  "years": [
    1990,
    1990,
    1990,
    1990,
    1991,
    1991,
    1991,
    1991,
    1992,
    1992,
    1992,
    1992,
    1993,
    1993,
    1993,
    1993,
    1994,
    1994,
    1994,
    1994,
    1995,
    1995,
    1995,
    1995,
    1996,
    1996,
    1996,
    1996,
    1997,
    1997,
    1997,
    1997,
    1998,
    1998,
    1998,
    1998,
    1999,
    1999,
    1999,
    1999,
    2000,
    2000,
    2000,
    2000,
    2001,
    2001,
    2001,
    2001,
    2002,
    2002,
    2002,
    2002,
    2003,
    2003,
    2003,
    2003,
    2004,
    2004,
    2004,
    2004,
    2005,
    2005,
    2005,
    2005,
    2006,
    2006,
    2006,
    2006,
    2007,
    2007,
    2007,
    2007,
    2008,
    2008,
    2008,
    2008,
    2009,
    2009,
    2009,
    2009,
    2010,
    2010,
    2010,
    2010,
    2011,
    2011,
    2011,
    2011,
    2012,
    2012,
    2012,
    2012,
    2013,
    2013,
    2013,
    2013,
    2014,
    2014,
    2014,
    2014,
    2015,
    2015,
    2015,
    2015
  ],
  "entities": [
    175932,
    175933,
    175934,
    175935,
    175932,
    175933,
    175934,
    175935,
    175932,
    175933,
    175934,
    175935,
    175932,
    175933,
    175934,
    175935,
    175932,
    175933,
    175934,
    175935,
    175932,
    175933,
    175934,
    175935,
    175932,
    175933,
    175934,
    175935,
    175932,
    175933,
    175934,
    175935,
    175932,
    175933,
    175934,
    175935,
    175932,
    175933,
    175934,
    175935,
    175932,
    175933,
    175934,
    175935,
    175932,
    175933,
    175934,
    175935,
    175932,
    175933,
    175934,
    175935,
    175932,
    175933,
    175934,
    175935,
    175932,
    175933,
    175934,
    175935,
    175932,
    175933,
    175934,
    175935,
    175932,
    175933,
    175934,
    175935,
    175932,
    175933,
    175934,
    175935,
    175932,
    175933,
    175934,
    175935,
    175932,
    175933,
    175934,
    175935,
    175932,
    175933,
    175934,
    175935,
    175932,
    175933,
    175934,
    175935,
    175932,
    175933,
    175934,
    175935,
    175932,
    175933,
    175934,
    175935,
    175932,
    175933,
    175934,
    175935,
    175932,
    175933,
    175934,
    175935
  ]
}