{
  "values": [
    0.375358466,
    0.239547079,
    0.099442389,
    0.036368998,
    0.377336743,
    0.243133802,
    0.097493585,
    0.036709355,
    0.370977253,
    0.238831828,
    0.095212398,
    0.036933026,
    0.375415273,
    0.243830788,
    0.094261808,
    0.037322677,
    0.370171159,
    0.240553575,
    0.091967564,
    0.03765002,
    0.387995266,
    0.256024554,
    0.092821137,
    0.039149575,
    0.36261538,
    0.239208862,
    0.084122743,
    0.039283775,
    0.385501424,
    0.258845455,
    0.086915491,
    0.039740478,
    0.35850214,
    0.241930613,
    0.076723928,
    0.039847598,
    0.361832155,
    0.245505413,
    0.076216315,
    0.040110428,
    0.368407844,
    0.252685041,
    0.075394105,
    0.040328698,
    0.372520049,
    0.257941579,
    0.074343051,
    0.040235419,
    0.374982071,
    0.26129968,
    0.07329931,
    0.040383081,
    0.387937201,
    0.272102971,
    0.074637568,
    0.041196661,
    0.401964701,
    0.283603022,
    0.075161355,
    0.043200324,
    0.411687145,
    0.291321418,
    0.076418563,
    0.043947164,
    0.416772633,
    0.295596443,
    0.076444046,
    0.044732143,
    0.424861833,
    0.304624617,
    0.074585017,
    0.0456522,
    0.417070768,
    0.298981503,
    0.072808907,
    0.045280358,
    0.415985687,
    0.299265224,
    0.072039371,
    0.044681092,
    0.429492701,
    0.312482914,
    0.071030464,
    0.045979323,
    0.436102207,
    0.317651978,
    0.071291113,
    0.047159115,
    0.438653867,
    0.320587633,
    0.070542735,
    0.047523498,
    0.447540378,
    0.328638351,
    0.070958552,
    0.047943475,
    0.451684997,
    0.332311041,
    0.071118157,
    0.048255799,
    0.454594868,
    0.334857988,
    0.071544903,
    0.048191977
  ],
  "years": [
    1990,
    1990,
    1990,
    1990,
    1991,
    1991,
    1991,
    1991,
    1992,
    1992,
    1992,
    1992,
    1993,
    1993,
    1993,
    1993,
    1994,
    1994,
    1994,
    1994,
    1995,
    1995,
    1995,
    1995,
    1996,
    1996,
    1996,
    1996,
    1997,
    1997,
    1997,
    1997,
    1998,
    1998,
    1998,
    1998,
    1999,
    1999,
    1999,
    1999,
    2000,
    2000,
    2000,
    2000,
    2001,
    2001,
    2001,
    2001,
    2002,
    2002,
    2002,
    2002,
    2003,
    2003,
    2003,
    2003,
    2004,
    2004,
    2004,
    2004,
    2005,
    2005,
    2005,
    2005,
    2006,
    2006,
    2006,
    2006,
    2007,
    2007,
    2007,
    2007,
    2008,
    2008,
    2008,
    2008,
    2009,
    2009,
    2009,
    2009,
    2010,
    2010,
    2010,
    2010,
    2011,
    2011,
    2011,
    2011,
    2012,
    2012,
    2012,
    2012,
    2013,
    2013,
    2013,
    2013,
    2014,
    2014,
    2014,
    2014,
    2015,
    2015,
    2015,
    2015
  ],
  "entities": [
    175932,
    175933,
    175934,
    175935,
    175932,
    175933,
    175934,
    175935,
    175932,
    175933,
    175934,
    175935,
    175932,
    175933,
    175934,
    175935,
    175932,
    175933,
    175934,
    175935,
    175932,
    175933,
    175934,
    175935,
    175932,
    175933,
    175934,
    175935,
    175932,
    175933,
    175934,
    175935,
    175932,
    175933,
    175934,
    175935,
    175932,
    175933,
    175934,
    175935,
    175932,
    175933,
    175934,
    175935,
    175932,
    175933,
    175934,
    175935,
    175932,
    175933,
    175934,
    175935,
    175932,
    175933,
    175934,
    175935,
    175932,
    175933,
    175934,
    175935,
    175932,
    175933,
    175934,
    175935,
    175932,
    175933,
    175934,
    175935,
    175932,
    175933,
    175934,
    175935,
    175932,
    175933,
    175934,
    175935,
    175932,
    175933,
    175934,
    175935,
    175932,
    175933,
    175934,
    175935,
    175932,
    175933,
    175934,
    175935,
    175932,
    175933,
    175934,
    175935,
    175932,
    175933,
    175934,
    175935,
    175932,
    175933,
    175934,
    175935,
    175932,
    175933,
    175934,
    175935
  ]
}