{
  "values": [
    75.15199,
    73.45048,
    47.036263,
    62.71029,
    67.639275,
    67.1574,
    52.645493,
    75.691666,
    79.64759,
    69.84935,
    77.590004,
    44.63317,
    72.09094,
    33.993027,
    94.237015,
    63.838398,
    63.020477,
    87.67939,
    42.01642,
    83.32963,
    54.85924,
    63.39331,
    97.90823,
    36.319824,
    81.802704,
    74.19606,
    70.28353,
    79.417854,
    79.98103,
    39.546597,
    68.02213,
    87.51567,
    87.60303,
    77.10496,
    76.43791,
    80.544754,
    84.218864,
    92.345894,
    72.39453,
    95.53248,
    97.15369,
    53.614178,
    29.285294,
    85.52336,
    85.72975,
    81.79294,
    77.25383,
    83.58234,
    51.165707,
    92.58005,
    91.32556,
    75.58019,
    85.141945,
    82.31988,
    70.26216,
    70.84444,
    73.247406,
    76.19201,
    92.759605,
    65.95617,
    73.36482,
    84.51072,
    93.53981,
    65.210815,
    80.76637,
    78.73599,
    70.202774,
    77.71854,
    87.01179,
    87.46709,
    83.206436,
    91.14849,
    86.76437,
    92.87535,
    72.106834,
    92.11687,
    83.5423,
    91.18511,
    79.86948,
    44.338387,
    74.43748,
    88.97181,
    74.21992,
    65.50021,
    90.890236,
    91.73364,
    85.37612,
    52.375984,
    73.9257,
    96.012726,
    45.457485,
    83.69318,
    92.38493,
    67.831314,
    48.65488,
    89.23352,
    91.98921,
    45.71756,
    75.58245,
    68.51596,
    83.505104,
    95.44131,
    76.69855,
    89.17672,
    90.82341,
    86.48182,
    91.4971,
    76.952286,
    71.62931,
    78.28265,
    87.263565,
    78.516266,
    87.184494,
    87.502106,
    69.499664,
    62.647858,
    72.840515,
    50.21347,
    96.12754,
    89.44089,
    69.77372,
    64.04283,
    62.199196,
    56.77458,
    86.369316,
    75.1463,
    89.25249,
    81.94123,
    72.29323,
    74.19019,
    81.13776,
    56.604202,
    85.870544,
    60.676727,
    86.85452,
    70.82599,
    79.4944,
    62.936653,
    44.35212,
    92.221344,
    77.96173,
    86.83569,
    81.05382,
    60.978268,
    81.55721,
    77.15329,
    80.88818,
    78.81691,
    71.2699,
    87.54796,
    65.9634,
    73.304504,
    89.17354,
    88.57048,
    89.96512,
    89.96512,
    89.96512,
    89.96512
  ],
  "years": [
    2018,
    2018,
    2018,
    2018,
    2018,
    2018,
    2018,
    2018,
    2018,
    2018,
    2018,
    2018,
    2018,
    2018,
    2018,
    2018,
    2018,
    2018,
    2018,
    2018,
    2018,
    2018,
    2018,
    2018,
    2018,
    2018,
    2018,
    2018,
    2018,
    2018,
    2018,
    2018,
    2018,
    2018,
    2018,
    2018,
    2018,
    2018,
    2018,
    2018,
    2018,
    2018,
    2018,
    2018,
    2018,
    2018,
    2018,
    2018,
    2018,
    2018,
    2018,
    2018,
    2018,
    2018,
    2018,
    2018,
    2018,
    2018,
    2018,
    2018,
    2018,
    2018,
    2018,
    2018,
    2018,
    2018,
    2018,
    2018,
    2018,
    2018,
    2018,
    2018,
    2018,
    2018,
    2018,
    2018,
    2018,
    2018,
    2018,
    2018,
    2018,
    2018,
    2018,
    2018,
    2018,
    2018,
    2018,
    2018,
    2018,
    2018,
    2018,
    2018,
    2018,
    2018,
    2018,
    2018,
    2018,
    2018,
    2018,
    2018,
    2018,
    2018,
    2018,
    2018,
    2018,
    2018,
    2018,
    2018,
    2018,
    2018,
    2018,
    2018,
    2018,
    2018,
    2018,
    2018,
    2018,
    2018,
    2018,
    2018,
    2018,
    2018,
    2018,
    2018,
    2018,
    2018,
    2018,
    2018,
    2018,
    2018,
    2018,
    2018,
    2018,
    2018,
    2018,
    2018,
    2018,
    2018,
    2018,
    2018,
    2018,
    2018,
    2018,
    2018,
    2018,
    2018,
    2018,
    2018,
    2018,
    2018,
    2018,
    2018,
    2018,
    2018,
    2019,
    2019,
    2019,
    2019
  ],
  "entities": [
    1,
    2,
    3,
    4,
    5,
    6,
    7,
    8,
    9,
    10,
    11,
    12,
    13,
    14,
    15,
    16,
    17,
    21,
    22,
    23,
    24,
    25,
    28,
    30,
    32,
    34,
    35,
    36,
    37,
    39,
    40,
    41,
    42,
    43,
    44,
    60,
    61,
    62,
    63,
    64,
    65,
    66,
    67,
    68,
    69,
    70,
    71,
    72,
    74,
    75,
    76,
    78,
    80,
    81,
    83,
    84,
    85,
    86,
    87,
    88,
    89,
    90,
    91,
    92,
    95,
    96,
    97,
    98,
    100,
    101,
    102,
    103,
    104,
    105,
    106,
    107,
    108,
    109,
    110,
    111,
    112,
    113,
    114,
    115,
    116,
    117,
    118,
    119,
    120,
    121,
    122,
    124,
    125,
    126,
    127,
    129,
    130,
    131,
    133,
    135,
    136,
    137,
    138,
    139,
    140,
    141,
    142,
    143,
    145,
    147,
    148,
    149,
    150,
    151,
    152,
    153,
    155,
    156,
    158,
    160,
    161,
    162,
    163,
    165,
    166,
    168,
    169,
    170,
    171,
    172,
    173,
    198,
    201,
    207,
    208,
    210,
    212,
    213,
    215,
    238,
    259,
    273,
    275,
    276,
    277,
    294,
    295,
    355,
    379,
    390,
    457,
    459,
    460,
    461,
    134,
    275,
    355,
    459
  ]
}