{
  "values": [
    94.237015,
    86.83569,
    63.838398,
    63.020477,
    87.67939,
    42.01642,
    81.05382,
    89.96512,
    83.32963,
    54.85924,
    63.39331,
    97.90823,
    36.319824,
    62.71029,
    81.802704,
    74.19606,
    70.28353,
    79.417854,
    79.98103,
    39.546597,
    68.02213,
    87.51567,
    87.60303,
    77.10496,
    76.43791,
    81.13776,
    74.19019,
    72.29323,
    81.94123,
    89.25249,
    75.1463,
    86.369316,
    76.952286,
    56.77458,
    62.199196,
    64.04283,
    69.77372,
    89.44089,
    85.870544,
    97.15369,
    77.96173,
    50.21347,
    75.58019,
    96.12754,
    60.978268,
    72.840515,
    47.036263,
    62.647858,
    87.502106,
    69.499664,
    67.1574,
    87.184494,
    78.516266,
    87.263565,
    78.28265,
    71.62931,
    65.9634,
    89.17672,
    76.69855,
    60.676727,
    95.44131,
    83.505104,
    68.51596,
    89.96512,
    73.45048,
    75.58245,
    75.691666,
    33.993027,
    91.98921,
    45.71756,
    89.23352,
    71.2699,
    86.85452,
    67.831314,
    92.38493,
    45.457485,
    83.69318,
    96.012726,
    73.9257,
    52.375984,
    88.57048,
    89.17354,
    70.82599,
    85.37612,
    91.73364,
    90.890236,
    65.50021,
    79.4944,
    74.21992,
    62.936653,
    88.97181,
    44.338387,
    74.43748,
    44.35212,
    79.86948,
    91.18511,
    91.4971,
    83.5423,
    92.11687,
    67.639275,
    72.106834,
    92.87535,
    86.76437,
    91.14849,
    77.15329,
    53.614178,
    87.54796,
    83.206436,
    81.55721,
    87.46709,
    90.82341,
    87.01179,
    77.71854,
    70.202774,
    78.73599,
    77.590004,
    80.76637,
    65.210815,
    44.63317,
    93.53981,
    84.51072,
    73.36482,
    65.95617,
    92.759605,
    76.19201,
    73.247406,
    70.26216,
    82.31988,
    80.88818,
    48.65488,
    79.64759,
    86.48182,
    69.84935,
    52.645493,
    56.604202,
    91.32556,
    95.53248,
    92.58005,
    51.165707,
    77.25383,
    81.79294,
    85.72975,
    85.52336,
    29.285294,
    83.58234,
    75.15199,
    72.09094,
    73.304504,
    89.96512,
    72.39453,
    92.345894,
    92.221344,
    70.84444,
    78.81691,
    89.96512,
    84.218864,
    80.544754,
    85.141945
  ],
  "years": [
    2018,
    2018,
    2018,
    2018,
    2018,
    2018,
    2018,
    2019,
    2018,
    2018,
    2018,
    2018,
    2018,
    2018,
    2018,
    2018,
    2018,
    2018,
    2018,
    2018,
    2018,
    2018,
    2018,
    2018,
    2018,
    2018,
    2018,
    2018,
    2018,
    2018,
    2018,
    2018,
    2018,
    2018,
    2018,
    2018,
    2018,
    2018,
    2018,
    2018,
    2018,
    2018,
    2018,
    2018,
    2018,
    2018,
    2018,
    2018,
    2018,
    2018,
    2018,
    2018,
    2018,
    2018,
    2018,
    2018,
    2018,
    2018,
    2018,
    2018,
    2018,
    2018,
    2018,
    2019,
    2018,
    2018,
    2018,
    2018,
    2018,
    2018,
    2018,
    2018,
    2018,
    2018,
    2018,
    2018,
    2018,
    2018,
    2018,
    2018,
    2018,
    2018,
    2018,
    2018,
    2018,
    2018,
    2018,
    2018,
    2018,
    2018,
    2018,
    2018,
    2018,
    2018,
    2018,
    2018,
    2018,
    2018,
    2018,
    2018,
    2018,
    2018,
    2018,
    2018,
    2018,
    2018,
    2018,
    2018,
    2018,
    2018,
    2018,
    2018,
    2018,
    2018,
    2018,
    2018,
    2018,
    2018,
    2018,
    2018,
    2018,
    2018,
    2018,
    2018,
    2018,
    2018,
    2018,
    2018,
    2018,
    2018,
    2018,
    2018,
    2018,
    2018,
    2018,
    2018,
    2018,
    2018,
    2018,
    2018,
    2018,
    2018,
    2018,
    2018,
    2018,
    2018,
    2018,
    2018,
    2019,
    2018,
    2018,
    2018,
    2018,
    2018,
    2019,
    2018,
    2018,
    2018
  ],
  "entities": [
    15,
    273,
    16,
    17,
    21,
    22,
    275,
    275,
    23,
    24,
    25,
    28,
    30,
    4,
    32,
    34,
    35,
    36,
    37,
    39,
    40,
    41,
    42,
    43,
    44,
    173,
    172,
    171,
    170,
    169,
    168,
    166,
    143,
    165,
    163,
    162,
    161,
    160,
    201,
    65,
    259,
    156,
    78,
    158,
    276,
    155,
    3,
    153,
    151,
    152,
    6,
    150,
    149,
    148,
    147,
    145,
    457,
    139,
    138,
    207,
    137,
    136,
    135,
    134,
    2,
    133,
    8,
    14,
    130,
    131,
    129,
    379,
    208,
    126,
    125,
    122,
    124,
    121,
    120,
    119,
    461,
    460,
    210,
    118,
    117,
    116,
    115,
    212,
    114,
    213,
    113,
    111,
    112,
    215,
    110,
    109,
    142,
    108,
    107,
    5,
    106,
    105,
    104,
    103,
    294,
    66,
    390,
    102,
    277,
    101,
    140,
    100,
    98,
    97,
    96,
    11,
    95,
    92,
    12,
    91,
    90,
    89,
    88,
    87,
    86,
    85,
    83,
    81,
    295,
    127,
    9,
    141,
    10,
    7,
    198,
    76,
    64,
    75,
    74,
    71,
    70,
    69,
    68,
    67,
    72,
    1,
    13,
    459,
    459,
    63,
    62,
    238,
    84,
    355,
    355,
    61,
    60,
    80
  ]
}