{
  "values": [
    4.83,
    6.32,
    5.27,
    4.4,
    3.8,
    3.69,
    5.02,
    3.87,
    4.2,
    3.42,
    3.18,
    4.2,
    4.27,
    5.16,
    4.46,
    3.45,
    5.11,
    5.13,
    5.09,
    4.95,
    4.77,
    5.28,
    4.62,
    4.69,
    3.4,
    4.38,
    3.55,
    3.29,
    3.77,
    3.32,
    3.06,
    3.73,
    2.99,
    3.11,
    3.68,
    2.85,
    3.19,
    3.57,
    3.05,
    2.98,
    2.58,
    2.91,
    2.75,
    3.15,
    3.01,
    1.9,
    1.62,
    2.33,
    1.74,
    1.67,
    1.45,
    1.62,
    1.36,
    0.91,
    1.36,
    1.1,
    0.89,
    1.06,
    0.6,
    1.04,
    0.72,
    0.82,
    0.84,
    0.89,
    0.69,
    0.78,
    0.57,
    0.45,
    0.65,
    0.66,
    0.6,
    0.6,
    0.45,
    0.59,
    0.53,
    0.58,
    0.38,
    0.53,
    0.44,
    0.39,
    0.42,
    0.38,
    0.44,
    0.4,
    0.39,
    0.36,
    0.33,
    0.41,
    0.34,
    0.31,
    0.36,
    0.3,
    0.159835331,
    0.165436155,
    0.262231782,
    0.319215256,
    0.193025828,
    0.154039691,
    0.159504666,
    0.164850917,
    0.180746967,
    0.154402784,
    0.177314092,
    0.148220697,
    0.10928764,
    0.128588378,
    0.160868738,
    0.149386913,
    0.088788345,
    0.110831667,
    0.0937459,
    0.083408493,
    0.08914284,
    0.0726865,
    0.081528368,
    0.084002548
  ],
  "years": [
    1900,
    1901,
    1902,
    1903,
    1904,
    1905,
    1906,
    1907,
    1908,
    1909,
    1910,
    1911,
    1912,
    1913,
    1914,
    1915,
    1916,
    1917,
    1918,
    1919,
    1920,
    1921,
    1922,
    1923,
    1924,
    1925,
    1926,
    1927,
    1928,
    1929,
    1930,
    1931,
    1932,
    1933,
    1934,
    1935,
    1936,
    1937,
    1938,
    1939,
    1940,
    1941,
    1942,
    1943,
    1944,
    1945,
    1946,
    1947,
    1948,
    1949,
    1950,
    1951,
    1952,
    1953,
    1954,
    1955,
    1956,
    1957,
    1958,
    1959,
    1960,
    1961,
    1962,
    1963,
    1964,
    1965,
    1966,
    1967,
    1968,
    1969,
    1970,
    1971,
    1972,
    1973,
    1974,
    1975,
    1976,
    1977,
    1978,
    1979,
    1980,
    1981,
    1982,
    1983,
    1984,
    1985,
    1986,
    1987,
    1988,
    1989,
    1990,
    1991,
    1992,
    1993,
    1994,
    1995,
    1996,
    1997,
    1998,
    1999,
    2000,
    2001,
    2002,
    2003,
    2004,
    2005,
    2006,
    2007,
    2008,
    2009,
    2010,
    2011,
    2012,
    2013,
    2014,
    2015
  ],
  "entities": [
    13,
    13,
    13,
    13,
    13,
    13,
    13,
    13,
    13,
    13,
    13,
    13,
    13,
    13,
    13,
    13,
    13,
    13,
    13,
    13,
    13,
    13,
    13,
    13,
    13,
    13,
    13,
    13,
    13,
    13,
    13,
    13,
    13,
    13,
    13,
    13,
    13,
    13,
    13,
    13,
    13,
    13,
    13,
    13,
    13,
    13,
    13,
    13,
    13,
    13,
    13,
    13,
    13,
    13,
    13,
    13,
    13,
    13,
    13,
    13,
    13,
    13,
    13,
    13,
    13,
    13,
    13,
    13,
    13,
    13,
    13,
    13,
    13,
    13,
    13,
    13,
    13,
    13,
    13,
    13,
    13,
    13,
    13,
    13,
    13,
    13,
    13,
    13,
    13,
    13,
    13,
    13,
    13,
    13,
    13,
    13,
    13,
    13,
    13,
    13,
    13,
    13,
    13,
    13,
    13,
    13,
    13,
    13,
    13,
    13,
    13,
    13,
    13,
    13,
    13,
    13
  ]
}