{
  "values": [
    0.8927919,
    0.94155586,
    0.8770971,
    0.95804125,
    0.9082753,
    0.9805795,
    0.9808931,
    0.8527727,
    0.8583555,
    0.935922,
    0.942611,
    0.7143524,
    0.79939866,
    0.8314383,
    0.28507102,
    0.7619443,
    0.56611675,
    0.2827903,
    0.61848354,
    0.70209944,
    0.60420054,
    0.9406124,
    1,
    1,
    0.7908686,
    0.47440672,
    0.38814783,
    0.7307438,
    0.2499856,
    0.6056785,
    0.77192825,
    0.30280983,
    0.618728,
    0.5504618,
    0.8694776,
    0.3278093,
    0.23017287,
    0.59985495,
    0.6809773,
    0.37680593,
    0.58198315,
    0.7477707,
    0.4902215,
    0.41554457,
    0.8305336,
    0.6154492,
    0.89777553,
    0.5033487,
    0.894333,
    0.60056907,
    0.3673303,
    0.49035424,
    0.9108063,
    0.7432403,
    0.86944854,
    0.35054573,
    0.8503499,
    0.3814923,
    0.5658677,
    0.5565219,
    0.8036866,
    0.32061347,
    0.8052966,
    0.7367054,
    0.6581171,
    0.5753053,
    0.7424194,
    0.57547486,
    1,
    0.48262855,
    0.07795107,
    0.6515395,
    0.8669384,
    0.61744505,
    0.12913243,
    0.17222999,
    0.55372083,
    0.80583197,
    0.1481099,
    0.6118461,
    0.0925385,
    0.06134532,
    0.77977276,
    0.47179744,
    0.2002795,
    0.889747,
    0.3508284,
    0.85292655,
    0.3349642,
    0.6812653,
    0.6272558,
    0.47698826,
    0.92994094,
    0.4637419,
    0.68934554,
    0.4060539,
    0.6419694,
    0.91254205,
    0.6606279,
    0.72694427,
    0.77058953,
    0.7184835,
    0.89120483,
    0.56492597,
    0.88198054,
    0.6427012,
    0.3510458,
    0.57572156,
    0.5325707,
    0.2633408,
    0.6101764,
    0.79486024,
    0.49935663,
    0.4401039,
    0.73188514,
    0.39740068,
    0.21134035,
    0.98107123,
    0.89935553,
    0.4052573,
    0.7658149,
    0.98793894,
    0.9043089,
    0.92618495,
    0.63716775,
    0.89824694,
    0.7836458,
    0.31024182,
    0.61782104,
    0.74311745,
    0.7550267,
    0,
    0.17123494,
    0.54338735,
    0.68856335,
    0.6052081,
    0.76289266,
    0.8595143,
    0.70673925,
    0.72509605,
    0.69147456,
    0.57701534,
    0.63188326,
    0.5276284,
    0.64362067
  ],
  "years": [
    2021,
    2021,
    2021,
    2021,
    2021,
    2021,
    2021,
    2021,
    2021,
    2021,
    2021,
    2021,
    2021,
    2021,
    2021,
    2021,
    2021,
    2021,
    2021,
    2021,
    2021,
    2021,
    2021,
    2021,
    2021,
    2021,
    2021,
    2021,
    2021,
    2021,
    2021,
    2021,
    2021,
    2021,
    2021,
    2021,
    2021,
    2021,
    2021,
    2021,
    2021,
    2021,
    2021,
    2021,
    2021,
    2021,
    2021,
    2021,
    2021,
    2021,
    2021,
    2021,
    2021,
    2021,
    2021,
    2021,
    2021,
    2021,
    2021,
    2021,
    2021,
    2021,
    2021,
    2021,
    2021,
    2021,
    2021,
    2021,
    2021,
    2021,
    2021,
    2021,
    2021,
    2021,
    2021,
    2021,
    2021,
    2021,
    2021,
    2021,
    2021,
    2021,
    2021,
    2021,
    2021,
    2021,
    2021,
    2021,
    2021,
    2021,
    2021,
    2021,
    2021,
    2021,
    2021,
    2021,
    2021,
    2021,
    2021,
    2021,
    2021,
    2021,
    2021,
    2021,
    2021,
    2021,
    2021,
    2021,
    2021,
    2021,
    2021,
    2021,
    2021,
    2021,
    2021,
    2021,
    2021,
    2021,
    2021,
    2021,
    2021,
    2021,
    2021,
    2021,
    2021,
    2021,
    2021,
    2021,
    2021,
    2021,
    2021,
    2021,
    2021,
    2021,
    2021,
    2021,
    2021,
    2021,
    2021,
    2021,
    2021,
    2021,
    2021,
    2021,
    2021
  ],
  "entities": [
    1,
    2,
    3,
    4,
    5,
    6,
    7,
    8,
    9,
    10,
    11,
    12,
    13,
    14,
    15,
    16,
    17,
    19,
    21,
    22,
    23,
    24,
    25,
    28,
    30,
    32,
    34,
    35,
    36,
    37,
    39,
    40,
    42,
    43,
    44,
    60,
    61,
    62,
    63,
    64,
    65,
    67,
    68,
    69,
    70,
    71,
    72,
    74,
    75,
    76,
    80,
    81,
    83,
    84,
    85,
    87,
    88,
    89,
    90,
    91,
    92,
    94,
    95,
    96,
    97,
    98,
    100,
    101,
    102,
    103,
    104,
    105,
    106,
    107,
    108,
    109,
    110,
    111,
    112,
    113,
    114,
    115,
    116,
    117,
    118,
    119,
    121,
    122,
    123,
    124,
    125,
    126,
    127,
    129,
    130,
    131,
    132,
    133,
    134,
    135,
    136,
    137,
    138,
    139,
    141,
    142,
    143,
    145,
    146,
    147,
    148,
    149,
    150,
    151,
    152,
    153,
    154,
    155,
    156,
    158,
    160,
    161,
    162,
    163,
    164,
    165,
    166,
    168,
    170,
    171,
    172,
    173,
    174,
    195,
    201,
    202,
    208,
    210,
    213,
    215,
    217,
    225,
    234,
    238,
    259
  ]
}