{
  "values": [
    100,
    94.83495,
    88.49241,
    83.72208,
    79.23059,
    99.49949,
    86.87645,
    87.2079,
    97.09596,
    108.77944,
    97.33826,
    88.14651,
    82.670074,
    89.087776,
    85.572205,
    109.64764,
    58.142857,
    62.817265,
    57.509693,
    74.655876,
    62.498737,
    71.30458,
    50.610058,
    62.436867,
    56.23423,
    53.36893,
    50.89416,
    54.235424,
    54.61514,
    57.529636,
    62.26044,
    68.412346,
    79.29449,
    99.15391,
    115.09883,
    112.72289,
    113.075134,
    105.81244,
    117.23757,
    111.26816,
    103.96921,
    96.96529,
    88.15836,
    86.701195,
    83.25,
    84.656,
    76.53989,
    62.379948,
    56.430122,
    54.42594,
    55.438538,
    51.88545,
    53.38777,
    53.800076,
    54.831944,
    59.900024,
    61.5741,
    65.08144,
    65.45026,
    66.17705,
    64.41647,
    68.92157,
    81.7766,
    86.48639,
    87.44226,
    77.72032,
    76.23413,
    83.83713,
    78.5931,
    77.18978,
    68.12674,
    65.693344,
    67.428116,
    61.04237,
    110.447464,
    81.84349,
    90.73036,
    90.60859,
    87.53225,
    76.27394,
    66.66408,
    67.55731,
    73.33029,
    62.54833,
    62.257812,
    58.503098,
    54.46472,
    44.521595,
    43.853706,
    46.91441,
    45.173782,
    48.449535,
    44.2488,
    41.76092,
    37.495995,
    33.471565,
    37.21538,
    33.27003,
    30.22953,
    28.143097,
    29.1187,
    28.558178,
    24.614563,
    23.004349,
    25.85495,
    27.452875,
    30.25582,
    32.663643,
    26.616629,
    30.150959,
    29.266073,
    31.633507,
    27.38509,
    26.289679,
    26.740208,
    23.793205,
    20.850271,
    22.901613,
    24.748383,
    21.940928,
    21.491135
  ],
  "years": [
    1900,
    1901,
    1902,
    1903,
    1904,
    1905,
    1906,
    1907,
    1908,
    1909,
    1910,
    1911,
    1912,
    1913,
    1914,
    1915,
    1916,
    1917,
    1918,
    1919,
    1920,
    1921,
    1922,
    1923,
    1924,
    1925,
    1926,
    1927,
    1928,
    1929,
    1930,
    1931,
    1932,
    1933,
    1934,
    1935,
    1936,
    1937,
    1938,
    1939,
    1940,
    1941,
    1942,
    1943,
    1944,
    1945,
    1946,
    1947,
    1948,
    1949,
    1950,
    1951,
    1952,
    1953,
    1954,
    1955,
    1956,
    1957,
    1958,
    1959,
    1960,
    1961,
    1962,
    1963,
    1964,
    1965,
    1966,
    1967,
    1968,
    1969,
    1970,
    1971,
    1972,
    1973,
    1974,
    1975,
    1976,
    1977,
    1978,
    1979,
    1980,
    1981,
    1982,
    1983,
    1984,
    1985,
    1986,
    1987,
    1988,
    1989,
    1990,
    1991,
    1992,
    1993,
    1994,
    1995,
    1996,
    1997,
    1998,
    1999,
    2000,
    2001,
    2002,
    2003,
    2004,
    2005,
    2006,
    2007,
    2008,
    2009,
    2010,
    2011,
    2012,
    2013,
    2014,
    2015,
    2016,
    2017,
    2018,
    2019,
    2020
  ],
  "entities": [
    355,
    355,
    355,
    355,
    355,
    355,
    355,
    355,
    355,
    355,
    355,
    355,
    355,
    355,
    355,
    355,
    355,
    355,
    355,
    355,
    355,
    355,
    355,
    355,
    355,
    355,
    355,
    355,
    355,
    355,
    355,
    355,
    355,
    355,
    355,
    355,
    355,
    355,
    355,
    355,
    355,
    355,
    355,
    355,
    355,
    355,
    355,
    355,
    355,
    355,
    355,
    355,
    355,
    355,
    355,
    355,
    355,
    355,
    355,
    355,
    355,
    355,
    355,
    355,
    355,
    355,
    355,
    355,
    355,
    355,
    355,
    355,
    355,
    355,
    355,
    355,
    355,
    355,
    355,
    355,
    355,
    355,
    355,
    355,
    355,
    355,
    355,
    355,
    355,
    355,
    355,
    355,
    355,
    355,
    355,
    355,
    355,
    355,
    355,
    355,
    355,
    355,
    355,
    355,
    355,
    355,
    355,
    355,
    355,
    355,
    355,
    355,
    355,
    355,
    355,
    355,
    355,
    355,
    355,
    355,
    355
  ]
}