{
  "values": [
    100,
    111.69522,
    111.4252,
    178.9309,
    97.74429,
    117.231346,
    194.24875,
    178.87544,
    104.661835,
    113.611755,
    114.65985,
    112.07165,
    92.85738,
    102.75203,
    99.44508,
    105.88656,
    164.19073,
    127.96991,
    171.12753,
    163.5984,
    100.19764,
    36.396526,
    68.44823,
    86.85176,
    73.50778,
    80.78193,
    77.41986,
    70.39709,
    76.17894,
    78.88012,
    69.31612,
    60.229603,
    90.437096,
    104.62062,
    76.09137,
    79.31012,
    69.02418,
    67.088715,
    88.31095,
    89.48763,
    79.10086,
    81.75933,
    74.507095,
    72.4912,
    87.250496,
    96.21426,
    88.38585,
    80.79669,
    77.95965,
    85.62492,
    103.0315,
    99.26495,
    111.74839,
    126.9119,
    116.26538,
    107.50379,
    123.73786,
    151.49171,
    131.8709,
    123.01076,
    112.753426,
    121.27473,
    102.15387,
    86.109024,
    89.32204,
    85.641754,
    87.2754,
    83.313896,
    71.88479,
    61.88701,
    61.136578,
    63.2449,
    72.969795,
    77.02281,
    113.85991,
    137.86848,
    151.97725,
    155.66351,
    155.12074,
    154.15779,
    150.89946,
    139.42952,
    161.75967,
    128.14851,
    136.42316,
    128.54451,
    120.090744,
    121.763565,
    144.50537,
    171.96599,
    184.92393,
    208.18452,
    163.8421,
    147.10951,
    142.72548,
    138.10045,
    145.56053,
    139.01189,
    127.39521,
    112.83193,
    118.75259,
    104.95191,
    91.9905,
    114.383194,
    202.74388,
    128.09465,
    113.44356,
    255.64807,
    351.27078,
    183.95442,
    209.00356,
    255.46602,
    212.17276,
    165.1613,
    159.73473,
    149.09477,
    114.21216,
    124.629585,
    135.46796,
    96.886154,
    115.0571
  ],
  "years": [
    1900,
    1901,
    1902,
    1903,
    1904,
    1905,
    1906,
    1907,
    1908,
    1909,
    1910,
    1911,
    1912,
    1913,
    1914,
    1915,
    1916,
    1917,
    1918,
    1919,
    1920,
    1921,
    1922,
    1923,
    1924,
    1925,
    1926,
    1927,
    1928,
    1929,
    1930,
    1931,
    1932,
    1933,
    1934,
    1935,
    1936,
    1937,
    1938,
    1939,
    1940,
    1941,
    1942,
    1943,
    1944,
    1945,
    1946,
    1947,
    1948,
    1949,
    1950,
    1951,
    1952,
    1953,
    1954,
    1955,
    1956,
    1957,
    1958,
    1959,
    1960,
    1961,
    1962,
    1963,
    1964,
    1965,
    1966,
    1967,
    1968,
    1969,
    1970,
    1971,
    1972,
    1973,
    1974,
    1975,
    1976,
    1977,
    1978,
    1979,
    1980,
    1981,
    1982,
    1983,
    1984,
    1985,
    1986,
    1987,
    1988,
    1989,
    1990,
    1991,
    1992,
    1993,
    1994,
    1995,
    1996,
    1997,
    1998,
    1999,
    2000,
    2001,
    2002,
    2003,
    2004,
    2005,
    2006,
    2007,
    2008,
    2009,
    2010,
    2011,
    2012,
    2013,
    2014,
    2015,
    2016,
    2017,
    2018,
    2019,
    2020
  ],
  "entities": [
    355,
    355,
    355,
    355,
    355,
    355,
    355,
    355,
    355,
    355,
    355,
    355,
    355,
    355,
    355,
    355,
    355,
    355,
    355,
    355,
    355,
    355,
    355,
    355,
    355,
    355,
    355,
    355,
    355,
    355,
    355,
    355,
    355,
    355,
    355,
    355,
    355,
    355,
    355,
    355,
    355,
    355,
    355,
    355,
    355,
    355,
    355,
    355,
    355,
    355,
    355,
    355,
    355,
    355,
    355,
    355,
    355,
    355,
    355,
    355,
    355,
    355,
    355,
    355,
    355,
    355,
    355,
    355,
    355,
    355,
    355,
    355,
    355,
    355,
    355,
    355,
    355,
    355,
    355,
    355,
    355,
    355,
    355,
    355,
    355,
    355,
    355,
    355,
    355,
    355,
    355,
    355,
    355,
    355,
    355,
    355,
    355,
    355,
    355,
    355,
    355,
    355,
    355,
    355,
    355,
    355,
    355,
    355,
    355,
    355,
    355,
    355,
    355,
    355,
    355,
    355,
    355,
    355,
    355,
    355,
    355
  ]
}