{
  "values": [
    100,
    99.69361,
    98.498245,
    96.30426,
    100.95728,
    102.14084,
    102.19874,
    122.962814,
    80.092834,
    62.09135,
    60.27226,
    54.326492,
    58.26018,
    61.194695,
    47.782345,
    87.1508,
    142.00906,
    99.416824,
    55.537777,
    46.188602,
    38.01032,
    29.48235,
    27.757793,
    37.04045,
    39.305115,
    38.624756,
    37.972736,
    36.40072,
    34.73114,
    34.73114,
    35.47648,
    38.08321,
    42.46027,
    44.753647,
    40.15557,
    37.16749,
    36.81888,
    34.843105,
    35.334263,
    35.843033,
    33.178772,
    27.884432,
    22.908073,
    21.583908,
    21.216,
    20.744534,
    17.835302,
    15.599902,
    16.230316,
    17.743713,
    18.29784,
    18.205294,
    18.189175,
    19.448923,
    20.18866,
    22.030243,
    21.980562,
    22.461119,
    21.34659,
    21.0856,
    21.850698,
    21.2155,
    19.661085,
    18.373053,
    19.012888,
    19.32451,
    18.788712,
    18.632679,
    18.311926,
    18.464466,
    18.39413,
    17.820375,
    15.703233,
    14.000708,
    17.207558,
    18.401653,
    19.410854,
    21.069311,
    20.267132,
    20.375202,
    20.97143,
    13.516871,
    10.001564,
    14.057363,
    11.725373,
    9.414507,
    10.210577,
    13.41021,
    20.952463,
    15.312452,
    12.209802,
    9.319228,
    8.715651,
    7.678624,
    9.691745,
    11.528424,
    9.347677,
    9.698982,
    8.106771,
    7.9457173,
    8.769822,
    7.9514565,
    7.309966,
    7.5795884,
    8.855016,
    9.471958,
    12.42318,
    12.392837,
    11.654603,
    7.569862,
    9.699635,
    10.388042,
    8.575743,
    7.7160583,
    7.67818,
    6.836468,
    6.50594,
    7.813587,
    8.173157,
    6.8322415,
    6.409021
  ],
  "years": [
    1900,
    1901,
    1902,
    1903,
    1904,
    1905,
    1906,
    1907,
    1908,
    1909,
    1910,
    1911,
    1912,
    1913,
    1914,
    1915,
    1916,
    1917,
    1918,
    1919,
    1920,
    1921,
    1922,
    1923,
    1924,
    1925,
    1926,
    1927,
    1928,
    1929,
    1930,
    1931,
    1932,
    1933,
    1934,
    1935,
    1936,
    1937,
    1938,
    1939,
    1940,
    1941,
    1942,
    1943,
    1944,
    1945,
    1946,
    1947,
    1948,
    1949,
    1950,
    1951,
    1952,
    1953,
    1954,
    1955,
    1956,
    1957,
    1958,
    1959,
    1960,
    1961,
    1962,
    1963,
    1964,
    1965,
    1966,
    1967,
    1968,
    1969,
    1970,
    1971,
    1972,
    1973,
    1974,
    1975,
    1976,
    1977,
    1978,
    1979,
    1980,
    1981,
    1982,
    1983,
    1984,
    1985,
    1986,
    1987,
    1988,
    1989,
    1990,
    1991,
    1992,
    1993,
    1994,
    1995,
    1996,
    1997,
    1998,
    1999,
    2000,
    2001,
    2002,
    2003,
    2004,
    2005,
    2006,
    2007,
    2008,
    2009,
    2010,
    2011,
    2012,
    2013,
    2014,
    2015,
    2016,
    2017,
    2018,
    2019,
    2020
  ],
  "entities": [
    355,
    355,
    355,
    355,
    355,
    355,
    355,
    355,
    355,
    355,
    355,
    355,
    355,
    355,
    355,
    355,
    355,
    355,
    355,
    355,
    355,
    355,
    355,
    355,
    355,
    355,
    355,
    355,
    355,
    355,
    355,
    355,
    355,
    355,
    355,
    355,
    355,
    355,
    355,
    355,
    355,
    355,
    355,
    355,
    355,
    355,
    355,
    355,
    355,
    355,
    355,
    355,
    355,
    355,
    355,
    355,
    355,
    355,
    355,
    355,
    355,
    355,
    355,
    355,
    355,
    355,
    355,
    355,
    355,
    355,
    355,
    355,
    355,
    355,
    355,
    355,
    355,
    355,
    355,
    355,
    355,
    355,
    355,
    355,
    355,
    355,
    355,
    355,
    355,
    355,
    355,
    355,
    355,
    355,
    355,
    355,
    355,
    355,
    355,
    355,
    355,
    355,
    355,
    355,
    355,
    355,
    355,
    355,
    355,
    355,
    355,
    355,
    355,
    355,
    355,
    355,
    355,
    355,
    355,
    355,
    355
  ]
}