{
  "values": [
    74.083336,
    49.9004,
    26.407766,
    39.680958,
    87.818184,
    89.942764,
    34.123222,
    54.054054,
    79.94012,
    61.416668,
    62.86645,
    64.58636,
    65.27591,
    52.383656,
    26.5555,
    40,
    63.1,
    38.130436,
    62.483532,
    89.88095,
    66.57895,
    49.4,
    56.7,
    44.75,
    74.12646,
    73.06088,
    73.21077,
    45.59687,
    90.243904,
    93.34443,
    37.017117,
    57.72251,
    81.50773,
    40.083332,
    47.599674,
    93.61154,
    36.2,
    31.036144,
    60.61795,
    95.125,
    45.697132,
    80.583336,
    84.333336,
    79.73803,
    80.118256,
    54,
    77.30673,
    75.86667,
    73.197495,
    77.96208,
    62.547966,
    76,
    88.583336,
    72.416664,
    67.333336,
    80.33787,
    82.466446,
    18.467583,
    91.38461,
    82.635185,
    80.14042,
    86.4,
    84.89374,
    30.52503,
    50.083332,
    57.25,
    98.083336,
    10.515247,
    23.9786,
    22.35434,
    33.00971,
    62.333332,
    79.590675,
    87.712204,
    72.833336,
    85.91479,
    51.6,
    83.05785,
    86,
    88.333336,
    93.166664,
    44.616978,
    83.7622,
    83.01887,
    57.751163,
    58.79077,
    77.56,
    79.17127,
    96.85658,
    64.53155,
    44.117645,
    56.11332,
    47.833332,
    34.14406,
    46.27584,
    52.5,
    43.534138,
    54.49958,
    22.553898,
    57.10824,
    66.23058,
    52.25,
    54.833332,
    46.666668,
    44.344345,
    96.76349,
    84.50704,
    68.97196,
    85.58409,
    61.533333,
    80.99302,
    47.156033,
    52.867382,
    64.4453,
    47,
    72.3,
    42.933334,
    60.2521,
    75.333336,
    88.2,
    60.4,
    86.09054
  ],
  "years": [
    2014,
    2018,
    2013,
    2017,
    2011,
    2021,
    2012,
    2018,
    2011,
    2018,
    2011,
    2017,
    2014,
    2018,
    2020,
    2012,
    2018,
    2013,
    2018,
    2012,
    2018,
    2011,
    2019,
    2022,
    2013,
    2018,
    2013,
    2011,
    2020,
    2014,
    2013,
    2018,
    2012,
    2017,
    2020,
    2016,
    2014,
    2018,
    2012,
    2018,
    2020,
    2013,
    2018,
    2010,
    2019,
    2014,
    2018,
    2011,
    2018,
    2021,
    2014,
    2011,
    2020,
    2013,
    2018,
    2014,
    2022,
    2019,
    2012,
    2018,
    2021,
    2012,
    2018,
    2020,
    2011,
    2021,
    2020,
    2012,
    2022,
    2011,
    2020,
    2020,
    2012,
    2018,
    2012,
    2018,
    2013,
    2012,
    2018,
    2012,
    2019,
    2012,
    2018,
    2010,
    2012,
    2018,
    2011,
    2017,
    2012,
    2017,
    2012,
    2020,
    2022,
    2011,
    2013,
    2010,
    2018,
    2011,
    2011,
    2012,
    2019,
    2020,
    2013,
    2018,
    2010,
    2013,
    2019,
    2011,
    2018,
    2011,
    2020,
    2022,
    2011,
    2017,
    2011,
    2022,
    2011,
    2021,
    2020,
    2014,
    2012,
    2020
  ],
  "entities": [
    17,
    18,
    21,
    21,
    22,
    22,
    23,
    23,
    25,
    28,
    30,
    34,
    37,
    37,
    44,
    172,
    172,
    171,
    171,
    170,
    170,
    163,
    163,
    162,
    201,
    201,
    65,
    156,
    158,
    152,
    6,
    6,
    150,
    149,
    148,
    145,
    144,
    144,
    137,
    136,
    135,
    134,
    134,
    14,
    14,
    130,
    130,
    131,
    131,
    129,
    208,
    126,
    126,
    124,
    124,
    120,
    120,
    262,
    116,
    116,
    211,
    113,
    113,
    112,
    110,
    110,
    142,
    5,
    5,
    106,
    106,
    105,
    103,
    103,
    101,
    101,
    140,
    97,
    97,
    96,
    96,
    11,
    93,
    226,
    92,
    92,
    12,
    12,
    91,
    88,
    86,
    86,
    85,
    83,
    81,
    127,
    127,
    9,
    10,
    198,
    198,
    76,
    75,
    75,
    73,
    71,
    71,
    70,
    70,
    67,
    67,
    1,
    13,
    13,
    63,
    63,
    62,
    238,
    84,
    61,
    80,
    80
  ]
}