{
  "values": [
    79.73803,
    44.344345,
    52.5,
    83.01887,
    54.49958,
    22.553898,
    77.56,
    52.867382,
    87.818184,
    79.94012,
    62.86645,
    42.933334,
    47,
    61.533333,
    68.97196,
    34.14406,
    22.35434,
    50.083332,
    76,
    75.86667,
    45.59687,
    49.4,
    10.515247,
    44.616978,
    34.123222,
    60.4,
    44.117645,
    96.85658,
    57.751163,
    88.333336,
    83.05785,
    72.833336,
    79.590675,
    86.4,
    91.38461,
    60.61795,
    81.50773,
    89.88095,
    40,
    57.10824,
    37.017117,
    26.407766,
    73.21077,
    96.76349,
    54.833332,
    46.27584,
    72.416664,
    80.583336,
    51.6,
    38.130436,
    74.12646,
    74.083336,
    65.27591,
    88.2,
    80.33787,
    54,
    36.2,
    93.34443,
    62.547966,
    93.61154,
    79.17127,
    64.4453,
    39.680958,
    64.58636,
    64.53155,
    40.083332,
    57.72251,
    49.9004,
    54.054054,
    61.416668,
    52.383656,
    85.58409,
    46.666668,
    58.79077,
    83.7622,
    86,
    85.91479,
    87.712204,
    84.89374,
    82.635185,
    67.333336,
    43.534138,
    77.30673,
    73.197495,
    84.333336,
    95.125,
    31.036144,
    66.57895,
    62.483532,
    63.1,
    73.06088,
    80.118256,
    84.50704,
    93.166664,
    56.7,
    66.23058,
    18.467583,
    26.5555,
    80.99302,
    52.25,
    86.09054,
    75.333336,
    56.11332,
    62.333332,
    33.00971,
    30.52503,
    88.583336,
    45.697132,
    98.083336,
    47.599674,
    90.243904,
    89.942764,
    57.25,
    77.96208,
    80.14042,
    60.2521,
    47.156033,
    23.9786,
    72.3,
    47.833332,
    82.466446,
    44.75
  ],
  "years": [
    2010,
    2010,
    2010,
    2010,
    2011,
    2011,
    2011,
    2011,
    2011,
    2011,
    2011,
    2011,
    2011,
    2011,
    2011,
    2011,
    2011,
    2011,
    2011,
    2011,
    2011,
    2011,
    2012,
    2012,
    2012,
    2012,
    2012,
    2012,
    2012,
    2012,
    2012,
    2012,
    2012,
    2012,
    2012,
    2012,
    2012,
    2012,
    2012,
    2012,
    2013,
    2013,
    2013,
    2013,
    2013,
    2013,
    2013,
    2013,
    2013,
    2013,
    2013,
    2014,
    2014,
    2014,
    2014,
    2014,
    2014,
    2014,
    2014,
    2016,
    2017,
    2017,
    2017,
    2017,
    2017,
    2017,
    2018,
    2018,
    2018,
    2018,
    2018,
    2018,
    2018,
    2018,
    2018,
    2018,
    2018,
    2018,
    2018,
    2018,
    2018,
    2018,
    2018,
    2018,
    2018,
    2018,
    2018,
    2018,
    2018,
    2018,
    2018,
    2019,
    2019,
    2019,
    2019,
    2019,
    2019,
    2020,
    2020,
    2020,
    2020,
    2020,
    2020,
    2020,
    2020,
    2020,
    2020,
    2020,
    2020,
    2020,
    2020,
    2021,
    2021,
    2021,
    2021,
    2021,
    2022,
    2022,
    2022,
    2022,
    2022,
    2022
  ],
  "entities": [
    14,
    73,
    127,
    226,
    9,
    10,
    12,
    13,
    22,
    25,
    30,
    62,
    63,
    67,
    70,
    83,
    106,
    110,
    126,
    131,
    156,
    163,
    5,
    11,
    23,
    80,
    86,
    91,
    92,
    96,
    97,
    101,
    103,
    113,
    116,
    137,
    150,
    170,
    172,
    198,
    6,
    21,
    65,
    71,
    75,
    81,
    124,
    134,
    140,
    171,
    201,
    17,
    37,
    61,
    120,
    130,
    144,
    152,
    208,
    145,
    12,
    13,
    21,
    34,
    88,
    149,
    6,
    18,
    23,
    28,
    37,
    70,
    75,
    92,
    93,
    97,
    101,
    103,
    113,
    116,
    124,
    127,
    130,
    131,
    134,
    136,
    144,
    170,
    171,
    172,
    201,
    14,
    71,
    96,
    163,
    198,
    262,
    44,
    67,
    76,
    80,
    84,
    86,
    105,
    106,
    112,
    126,
    135,
    142,
    148,
    158,
    22,
    110,
    129,
    211,
    238,
    1,
    5,
    63,
    85,
    120,
    162
  ]
}