{
  "values": [
    63.71511,
    36.1776,
    48.529037,
    40.451416,
    19.388412,
    33.628178,
    51.516064,
    46.563572,
    14.50429,
    73.41682,
    47.506245,
    38.396427,
    53.729458,
    6.6898265,
    71.650955,
    63.568485,
    29.156185,
    29.442854,
    18.761171,
    59.967686,
    72.28799,
    55.38973,
    60.910683,
    27.312744,
    44.293118,
    15.820781,
    16.050905,
    69.43944,
    60.168716,
    50.724014,
    73.4358,
    13.352501,
    66.57121,
    23.166454,
    11.135731,
    17.190386,
    70.82588,
    44.799385,
    12.392033,
    57.636757,
    27.453985,
    55.93042,
    33.53107,
    34.004066,
    26.657217,
    46.679382,
    72.98657,
    56.264618,
    30.957253,
    59.227043,
    37.18426,
    31.091248,
    36.446976,
    78.93723,
    39.37083,
    38.57376,
    54.213783,
    16.857319,
    21.962563,
    67.49856,
    50.486645,
    68.6238,
    77.97627,
    27.663393,
    56.81488,
    47.55565,
    47.82065,
    24.021748,
    28.363049,
    58.548492,
    36.396072,
    12.731266,
    23.603004,
    69.00884,
    79.61398,
    53.024467,
    36.47355,
    14.538441,
    19.84918,
    59.636852,
    56.20702,
    49.365623,
    27.881594,
    32.367702,
    44.47758,
    17.541325,
    66.859535,
    26.909904,
    62.38304,
    53.01228,
    18.567822,
    18.188236,
    79.540665,
    9.442642,
    20.070494,
    58.527775,
    48.769737,
    28.068096,
    28.25184,
    64.03269,
    27.202133,
    49.15984,
    40.922478,
    56.357536,
    36.342205,
    31.846924,
    17.447626,
    54.641083,
    26.911486,
    43.077442,
    77.35696,
    63.313522
  ],
  "years": [
    2020,
    2020,
    2020,
    2020,
    2020,
    2020,
    2020,
    2020,
    2020,
    2020,
    2020,
    2020,
    2020,
    2020,
    2020,
    2020,
    2020,
    2020,
    2020,
    2020,
    2020,
    2020,
    2020,
    2020,
    2020,
    2020,
    2020,
    2020,
    2020,
    2020,
    2020,
    2020,
    2020,
    2020,
    2020,
    2020,
    2020,
    2020,
    2020,
    2020,
    2020,
    2020,
    2020,
    2020,
    2020,
    2020,
    2020,
    2020,
    2020,
    2020,
    2020,
    2020,
    2020,
    2020,
    2020,
    2020,
    2020,
    2020,
    2020,
    2020,
    2020,
    2020,
    2020,
    2020,
    2020,
    2020,
    2020,
    2020,
    2020,
    2020,
    2020,
    2020,
    2020,
    2020,
    2020,
    2020,
    2020,
    2020,
    2020,
    2020,
    2020,
    2020,
    2020,
    2020,
    2020,
    2020,
    2020,
    2020,
    2020,
    2020,
    2020,
    2020,
    2020,
    2020,
    2020,
    2020,
    2020,
    2020,
    2020,
    2020,
    2020,
    2020,
    2020,
    2020,
    2020,
    2020,
    2020,
    2020,
    2020,
    2020,
    2020,
    2020
  ],
  "entities": [
    273,
    16,
    21,
    275,
    23,
    24,
    27,
    28,
    4,
    32,
    34,
    35,
    37,
    39,
    40,
    43,
    44,
    172,
    171,
    170,
    168,
    166,
    143,
    165,
    163,
    162,
    161,
    160,
    201,
    65,
    259,
    156,
    158,
    276,
    155,
    3,
    153,
    152,
    6,
    150,
    149,
    147,
    457,
    144,
    138,
    137,
    136,
    135,
    134,
    2,
    8,
    130,
    131,
    129,
    379,
    126,
    125,
    122,
    124,
    461,
    460,
    116,
    115,
    212,
    213,
    113,
    111,
    112,
    110,
    142,
    107,
    5,
    106,
    105,
    103,
    294,
    66,
    102,
    277,
    98,
    97,
    96,
    11,
    95,
    92,
    12,
    89,
    85,
    81,
    295,
    127,
    9,
    141,
    10,
    7,
    64,
    75,
    71,
    70,
    68,
    67,
    72,
    1,
    13,
    459,
    63,
    62,
    238,
    84,
    355,
    60,
    80
  ]
}