{
  "values": [
    0.10466016,
    0.11068359,
    0.11389453,
    0.11764453,
    0.12028906,
    0.11409766,
    0.09937891,
    0.08807422,
    0.08828906,
    0.09552734,
    0.10215234,
    0.10592188,
    0.10627734,
    0.1009375,
    0.091,
    0.08288281,
    0.08009375,
    0.07867969,
    0.07451172,
    0.06958594,
    0.06927344,
    0.07629688,
    0.08645313,
    0.09150781,
    0.08970703,
    0.08833203,
    0.09175781,
    0.09440625,
    0.09000391,
    0.08138672,
    0.07628906,
    0.07696484,
    0.07874219,
    0.07735156,
    0.07333594,
    0.0695,
    0.067375,
    0.06724219,
    0.06998828,
    0.07658594,
    0.08548828,
    0.09345313,
    0.09928516,
    0.10285547,
    0.10126172,
    0.09171094,
    0.07796484,
    0.06851172,
    0.06808984,
    0.074625,
    0.08305859,
    0.08899219,
    0.09136719,
    0.09334766,
    0.09705469,
    0.09883594,
    0.0943125,
    0.08534766,
    0.07796875,
    0.07554297,
    0.07678906,
    0.07939844,
    0.08245313,
    0.08467578,
    0.08434766,
    0.08266406,
    0.08303125,
    0.086875,
    0.09415625,
    0.10476172,
    0.11515625,
    0.11860156,
    0.11248438,
    0.10234375,
    0.09645703,
    0.09696875,
    0.09849219,
    0.09723438,
    0.09728516,
    0.10255078,
    0.10772656,
    0.10617188,
    0.102625,
    0.10859375,
    0.12731642,
    0.14979687,
    0.16455078,
    0.16651563,
    0.15629297,
    0.13789064,
    0.11982031,
    0.11018359,
    0.10957422,
    0.11476953,
    0.12472656,
    0.13805468,
    0.15002345,
    0.15552343,
    0.15414453,
    0.15051953,
    0.14763673,
    0.14424609,
    0.14153124,
    0.14447656,
    0.15408203,
    0.16503125,
    0.17132422,
    0.16887109,
    0.15475,
    0.13062109,
    0.10525
  ],
  "years": [
    1910,
    1911,
    1912,
    1913,
    1914,
    1915,
    1916,
    1917,
    1918,
    1919,
    1920,
    1921,
    1922,
    1923,
    1924,
    1925,
    1926,
    1927,
    1928,
    1929,
    1930,
    1931,
    1932,
    1933,
    1934,
    1935,
    1936,
    1937,
    1938,
    1939,
    1940,
    1941,
    1942,
    1943,
    1944,
    1945,
    1946,
    1947,
    1948,
    1949,
    1950,
    1951,
    1952,
    1953,
    1954,
    1955,
    1956,
    1957,
    1958,
    1959,
    1960,
    1961,
    1962,
    1963,
    1964,
    1965,
    1966,
    1967,
    1968,
    1969,
    1970,
    1971,
    1972,
    1973,
    1974,
    1975,
    1976,
    1977,
    1978,
    1979,
    1980,
    1981,
    1982,
    1983,
    1984,
    1985,
    1986,
    1987,
    1988,
    1989,
    1990,
    1991,
    1992,
    1993,
    1994,
    1995,
    1996,
    1997,
    1998,
    1999,
    2000,
    2001,
    2002,
    2003,
    2004,
    2005,
    2006,
    2007,
    2008,
    2009,
    2010,
    2011,
    2012,
    2013,
    2014,
    2015,
    2016,
    2017,
    2018,
    2019,
    2020
  ],
  "entities": [
    13,
    13,
    13,
    13,
    13,
    13,
    13,
    13,
    13,
    13,
    13,
    13,
    13,
    13,
    13,
    13,
    13,
    13,
    13,
    13,
    13,
    13,
    13,
    13,
    13,
    13,
    13,
    13,
    13,
    13,
    13,
    13,
    13,
    13,
    13,
    13,
    13,
    13,
    13,
    13,
    13,
    13,
    13,
    13,
    13,
    13,
    13,
    13,
    13,
    13,
    13,
    13,
    13,
    13,
    13,
    13,
    13,
    13,
    13,
    13,
    13,
    13,
    13,
    13,
    13,
    13,
    13,
    13,
    13,
    13,
    13,
    13,
    13,
    13,
    13,
    13,
    13,
    13,
    13,
    13,
    13,
    13,
    13,
    13,
    13,
    13,
    13,
    13,
    13,
    13,
    13,
    13,
    13,
    13,
    13,
    13,
    13,
    13,
    13,
    13,
    13,
    13,
    13,
    13,
    13,
    13,
    13,
    13,
    13,
    13,
    13
  ]
}