{
  "values": [
    29.667114,
    35.58408,
    46.432285,
    29.811108,
    37.82684,
    41.566414,
    40.14767,
    24.767134,
    22.462547,
    29.30346,
    30.506567,
    27.324726,
    26.518652,
    41.44885,
    41.47452,
    21.278467,
    31.032385,
    21.545107,
    30.203672,
    37.578926,
    33.52477,
    22.181662,
    24.692074,
    32.613842,
    11.859692,
    14.890145,
    28.66689,
    32.733875,
    38.2722,
    37.485664,
    41.755096,
    21.405302,
    34.09549,
    45.38723,
    23.803692,
    38.18427,
    21.671116,
    19.24251,
    48.650986,
    27.514576,
    35.39949,
    50.64162,
    32.96147,
    42.6651,
    20.861624,
    28.42155,
    23.47141,
    25.982208,
    30.0229,
    48.597286,
    43.00417,
    51.775894,
    45.94365,
    35.89851,
    12.283301,
    15.78224,
    28.090082,
    37.99353,
    26.634209,
    19.16482,
    16.360046,
    28.126577,
    26.669756,
    48.448864,
    44.63786,
    37.42614,
    21.883717,
    32.27841,
    25.481304,
    37.462055,
    29.514961,
    25.162647,
    11.719275,
    32.30097,
    36.067574,
    24.969625,
    27.016684,
    32.369892,
    42.274033,
    35.481266,
    44.509285,
    38.075443,
    31.635607,
    21.780052,
    23.705845,
    41.893307,
    36.090324,
    22.729172,
    16.05256,
    27.443499,
    18.73578,
    33.669918,
    54.41445,
    36.278885,
    24.563938,
    19.528006,
    36.33102,
    29.127508,
    44.816994,
    31.655674,
    33.130978,
    29.370092,
    35.862297,
    29.86392,
    18.686235,
    32.53238,
    33.019737,
    41.24646,
    41.60711,
    35.034195,
    41.22773,
    34.430626,
    30.882074,
    32.965313,
    34.72943,
    30.256565,
    26.696373,
    35.64003,
    34.530952,
    28.073017,
    31.865395,
    30.666277,
    39.373947
  ],
  "years": [
    2020,
    2020,
    2020,
    2020,
    2020,
    2020,
    2020,
    2020,
    2020,
    2020,
    2020,
    2020,
    2020,
    2020,
    2020,
    2020,
    2020,
    2020,
    2020,
    2020,
    2020,
    2020,
    2020,
    2020,
    2020,
    2020,
    2020,
    2020,
    2020,
    2020,
    2020,
    2020,
    2020,
    2020,
    2020,
    2020,
    2020,
    2020,
    2020,
    2020,
    2020,
    2020,
    2020,
    2020,
    2020,
    2020,
    2020,
    2020,
    2020,
    2020,
    2020,
    2020,
    2020,
    2020,
    2020,
    2020,
    2020,
    2020,
    2020,
    2020,
    2020,
    2020,
    2020,
    2020,
    2020,
    2020,
    2020,
    2020,
    2020,
    2020,
    2020,
    2020,
    2020,
    2020,
    2020,
    2020,
    2020,
    2020,
    2020,
    2020,
    2020,
    2020,
    2020,
    2020,
    2020,
    2020,
    2020,
    2020,
    2020,
    2020,
    2020,
    2020,
    2020,
    2020,
    2020,
    2020,
    2020,
    2020,
    2020,
    2020,
    2020,
    2020,
    2020,
    2020,
    2020,
    2020,
    2020,
    2020,
    2020,
    2020,
    2020,
    2020,
    2020,
    2020,
    2020,
    2020,
    2020,
    2020,
    2020,
    2020,
    2020,
    2020,
    2020
  ],
  "entities": [
    13,
    65,
    110,
    124,
    90,
    130,
    70,
    136,
    28,
    1,
    3,
    6,
    5,
    4,
    9,
    8,
    11,
    138,
    162,
    92,
    10,
    149,
    161,
    135,
    144,
    14,
    171,
    137,
    238,
    37,
    113,
    103,
    129,
    64,
    133,
    150,
    68,
    32,
    81,
    44,
    23,
    96,
    141,
    84,
    75,
    42,
    125,
    142,
    106,
    158,
    115,
    89,
    60,
    127,
    198,
    152,
    131,
    126,
    111,
    12,
    67,
    40,
    43,
    80,
    166,
    16,
    17,
    21,
    24,
    27,
    34,
    35,
    39,
    172,
    170,
    168,
    165,
    163,
    160,
    201,
    259,
    156,
    155,
    153,
    147,
    134,
    2,
    143,
    122,
    119,
    66,
    116,
    212,
    213,
    112,
    215,
    108,
    107,
    105,
    102,
    98,
    97,
    95,
    88,
    85,
    83,
    7,
    71,
    72,
    63,
    62,
    379,
    355,
    294,
    273,
    275,
    276,
    295,
    277,
    457,
    460,
    459,
    461
  ]
}