{
  "values": [
    2417.7542,
    2147.791,
    3234.394,
    3260.3809,
    2933.0422,
    2897.0408,
    4313.358,
    3168.3293,
    2275.315,
    3268.2246,
    1701.5762,
    1755.3386,
    3070.234,
    3458.9053,
    614.0008,
    657.6129,
    1494.6925,
    3239.4424,
    2987.647,
    1223.5452,
    1239.1884,
    791.20123,
    1179.2625,
    659.9653,
    1421.5299,
    722.0721,
    1338.8458,
    546.4503,
    540.9608,
    2766.5105,
    483.40182,
    1950.6066,
    179.84703,
    1369.1368,
    1659.675,
    1292.1539,
    293.40057,
    310.05212,
    1478.8129,
    647.72565,
    1961.736,
    1027.7134,
    920.8667,
    2331.8235,
    563.15234,
    2355.9558,
    1893.4092,
    1418.8914,
    2054.2495,
    2262.3289,
    2698.9797,
    995.6181,
    1121.0786,
    1124.0781,
    1244.6166,
    383.90683,
    4093.419,
    748.6155,
    3483.367,
    741.1223,
    1754.4174,
    1736.9082,
    2885.609,
    2171.1729,
    602.0936,
    875.5985,
    1986.0392,
    885.3816,
    926.48926,
    2554.1501,
    3996.6045,
    578.2825,
    2188.1125,
    799.22504,
    446.47217,
    1596.8452,
    712.1019,
    780.4219,
    501.6014,
    673.4896,
    3671.5447,
    1484.9662,
    2489.9873,
    648.25385,
    1388.4469,
    3137.7615,
    2621.3987,
    244.73125,
    1674.0455,
    3727.229,
    1947.2992,
    2256.284,
    2656.4326,
    806.6916,
    933.8022,
    1806.7124,
    1808.9745,
    984.15454,
    1535.481,
    2077.2175,
    1464.6271,
    1779.9376,
    46.672245,
    1034.8896
  ],
  "years": [
    2021,
    2021,
    2021,
    2021,
    2021,
    2021,
    2021,
    2021,
    2021,
    2021,
    2021,
    2021,
    2021,
    2021,
    2021,
    2021,
    2021,
    2021,
    2021,
    2021,
    2021,
    2021,
    2021,
    2021,
    2021,
    2021,
    2021,
    2021,
    2021,
    2021,
    2021,
    2021,
    2021,
    2021,
    2021,
    2021,
    2021,
    2021,
    2021,
    2021,
    2021,
    2021,
    2021,
    2021,
    2021,
    2021,
    2021,
    2021,
    2021,
    2021,
    2021,
    2021,
    2021,
    2021,
    2021,
    2021,
    2021,
    2021,
    2021,
    2021,
    2021,
    2021,
    2021,
    2021,
    2021,
    2021,
    2021,
    2021,
    2021,
    2021,
    2021,
    2021,
    2021,
    2021,
    2021,
    2021,
    2021,
    2021,
    2021,
    2021,
    2021,
    2021,
    2021,
    2021,
    2021,
    2021,
    2021,
    2021,
    2021,
    2021,
    2021,
    2021,
    2021,
    2021,
    2021,
    2021,
    2021,
    2021,
    2021,
    2021,
    2021,
    2021,
    2021,
    2021
  ],
  "entities": [
    1,
    2,
    3,
    4,
    5,
    6,
    7,
    8,
    9,
    10,
    11,
    12,
    13,
    14,
    17,
    19,
    21,
    23,
    24,
    25,
    27,
    28,
    30,
    34,
    35,
    37,
    39,
    42,
    43,
    44,
    62,
    63,
    64,
    65,
    66,
    67,
    68,
    69,
    70,
    71,
    72,
    75,
    81,
    83,
    84,
    85,
    86,
    88,
    90,
    92,
    95,
    96,
    97,
    98,
    100,
    101,
    102,
    103,
    106,
    110,
    113,
    116,
    119,
    122,
    124,
    125,
    127,
    129,
    130,
    131,
    133,
    134,
    135,
    136,
    137,
    138,
    139,
    141,
    142,
    143,
    144,
    148,
    149,
    150,
    152,
    155,
    156,
    158,
    160,
    161,
    162,
    165,
    166,
    170,
    171,
    172,
    198,
    201,
    208,
    215,
    217,
    226,
    238,
    259
  ]
}