{
  "values": [
    34.72943,
    37.42614,
    21.883717,
    32.27841,
    30.256565,
    35.39949,
    25.481304,
    37.462055,
    22.462547,
    41.44885,
    19.24251,
    29.514961,
    25.162647,
    37.485664,
    11.719275,
    28.126577,
    28.42155,
    26.669756,
    27.514576,
    32.30097,
    28.66689,
    36.067574,
    24.969625,
    44.63786,
    22.729172,
    27.016684,
    32.369892,
    30.203672,
    24.692074,
    42.274033,
    35.481266,
    35.58408,
    44.509285,
    38.075443,
    48.597286,
    26.696373,
    31.635607,
    30.506567,
    21.780052,
    15.78224,
    27.324726,
    38.18427,
    22.181662,
    23.705845,
    28.073017,
    11.859692,
    21.545107,
    32.733875,
    24.767134,
    32.613842,
    41.893307,
    36.090324,
    23.803692,
    21.278467,
    14.890145,
    41.566414,
    28.090082,
    34.09549,
    34.430626,
    37.99353,
    23.47141,
    16.05256,
    29.811108,
    27.443499,
    39.373947,
    31.865395,
    33.669918,
    43.00417,
    54.41445,
    36.278885,
    41.755096,
    26.634209,
    24.563938,
    19.528006,
    46.432285,
    25.982208,
    36.33102,
    29.127508,
    26.518652,
    30.0229,
    44.816994,
    21.405302,
    32.965313,
    18.73578,
    31.655674,
    34.530952,
    33.130978,
    29.370092,
    50.64162,
    31.032385,
    35.862297,
    37.578926,
    19.16482,
    37.82684,
    51.775894,
    29.86392,
    18.686235,
    32.53238,
    48.650986,
    35.64003,
    35.89851,
    41.47452,
    32.96147,
    33.52477,
    33.019737,
    12.283301,
    45.38723,
    20.861624,
    41.24646,
    40.14767,
    21.671116,
    16.360046,
    41.60711,
    29.30346,
    29.667114,
    30.666277,
    35.034195,
    41.22773,
    38.2722,
    42.6651,
    30.882074,
    45.94365,
    48.448864
  ],
  "years": [
    2020,
    2020,
    2020,
    2020,
    2020,
    2020,
    2020,
    2020,
    2020,
    2020,
    2020,
    2020,
    2020,
    2020,
    2020,
    2020,
    2020,
    2020,
    2020,
    2020,
    2020,
    2020,
    2020,
    2020,
    2020,
    2020,
    2020,
    2020,
    2020,
    2020,
    2020,
    2020,
    2020,
    2020,
    2020,
    2020,
    2020,
    2020,
    2020,
    2020,
    2020,
    2020,
    2020,
    2020,
    2020,
    2020,
    2020,
    2020,
    2020,
    2020,
    2020,
    2020,
    2020,
    2020,
    2020,
    2020,
    2020,
    2020,
    2020,
    2020,
    2020,
    2020,
    2020,
    2020,
    2020,
    2020,
    2020,
    2020,
    2020,
    2020,
    2020,
    2020,
    2020,
    2020,
    2020,
    2020,
    2020,
    2020,
    2020,
    2020,
    2020,
    2020,
    2020,
    2020,
    2020,
    2020,
    2020,
    2020,
    2020,
    2020,
    2020,
    2020,
    2020,
    2020,
    2020,
    2020,
    2020,
    2020,
    2020,
    2020,
    2020,
    2020,
    2020,
    2020,
    2020,
    2020,
    2020,
    2020,
    2020,
    2020,
    2020,
    2020,
    2020,
    2020,
    2020,
    2020,
    2020,
    2020,
    2020,
    2020,
    2020,
    2020,
    2020
  ],
  "entities": [
    273,
    16,
    17,
    21,
    275,
    23,
    24,
    27,
    28,
    4,
    32,
    34,
    35,
    37,
    39,
    40,
    42,
    43,
    44,
    172,
    171,
    170,
    168,
    166,
    143,
    165,
    163,
    162,
    161,
    160,
    201,
    65,
    259,
    156,
    158,
    276,
    155,
    3,
    153,
    152,
    6,
    150,
    149,
    147,
    457,
    144,
    138,
    137,
    136,
    135,
    134,
    2,
    133,
    8,
    14,
    130,
    131,
    129,
    379,
    126,
    125,
    122,
    124,
    119,
    461,
    460,
    116,
    115,
    212,
    213,
    113,
    111,
    112,
    215,
    110,
    142,
    108,
    107,
    5,
    106,
    105,
    103,
    294,
    66,
    102,
    277,
    98,
    97,
    96,
    11,
    95,
    92,
    12,
    90,
    89,
    88,
    85,
    83,
    81,
    295,
    127,
    9,
    141,
    10,
    7,
    198,
    64,
    75,
    71,
    70,
    68,
    67,
    72,
    1,
    13,
    459,
    63,
    62,
    238,
    84,
    355,
    60,
    80
  ]
}