{
  "values": [
    2.4191442,
    0.24538384,
    2.427369,
    2.6416206,
    0.16082487,
    58.65699,
    0.5142483,
    8.755731,
    18.721931,
    1.6913145,
    17.505497,
    17.535622,
    3.4115405,
    5.53819,
    26.340866,
    2.0140367,
    18.75008,
    11.866224,
    8.598706,
    2.0588224,
    2.8551006,
    21.209534,
    29.813654,
    0,
    0.85119754,
    8.452209,
    1.9758208,
    27.09308,
    0.18723445,
    11.907001,
    0.8465602,
    1.181979,
    29.810781,
    27.599005,
    2.6930623,
    0.9672823,
    19.32162,
    1.0254014,
    18.793999,
    15.747884,
    0.5162209,
    19.300966,
    0.7098571,
    49.1941,
    12.836161,
    3.621962,
    3.813,
    17.968626,
    1.4215081,
    5.2904468,
    0.34665337,
    1.9592224,
    12.364705,
    35.63874,
    0.6422082,
    16.03241,
    21.022789,
    0.3741535,
    0.271259,
    34.43457,
    3.0552447,
    30.392784,
    5.5593953,
    0.050125614,
    1.9079982,
    6.866398,
    27.434519,
    0.087529674,
    0.41987276,
    56.033794,
    0.7249182,
    11.996459,
    1.1815451,
    0.94691956,
    0.43232334,
    14.518382,
    0.20068465,
    0.29561517,
    4.6492295,
    33.28406,
    0,
    22.73441,
    19.64818,
    12.365834,
    33.640324,
    28.159927,
    21.212675,
    35.215897,
    5.5155067,
    3.0385823,
    0.47809687,
    1.7328198,
    30.114878,
    39.22137,
    1.2882074,
    0.14199235,
    57.36407,
    11.381536,
    0,
    1.964883,
    3.7729878,
    0.79732764,
    9.20033,
    1.1156547,
    2.0559304,
    11.002402,
    2.704625,
    33.66502,
    0.9388653
  ],
  "years": [
    2011,
    2011,
    2011,
    2012,
    2012,
    2012,
    2012,
    2012,
    2012,
    2012,
    2013,
    2013,
    2014,
    2014,
    2014,
    2014,
    2014,
    2014,
    2014,
    2014,
    2014,
    2015,
    2015,
    2015,
    2015,
    2015,
    2015,
    2015,
    2015,
    2015,
    2015,
    2016,
    2016,
    2016,
    2016,
    2016,
    2016,
    2016,
    2016,
    2016,
    2016,
    2016,
    2017,
    2017,
    2017,
    2017,
    2017,
    2017,
    2017,
    2017,
    2017,
    2017,
    2017,
    2017,
    2018,
    2018,
    2018,
    2018,
    2018,
    2018,
    2018,
    2018,
    2018,
    2018,
    2018,
    2018,
    2018,
    2018,
    2018,
    2018,
    2018,
    2018,
    2018,
    2018,
    2019,
    2019,
    2019,
    2019,
    2019,
    2019,
    2019,
    2019,
    2019,
    2019,
    2019,
    2019,
    2019,
    2019,
    2019,
    2019,
    2019,
    2019,
    2019,
    2019,
    2019,
    2019,
    2019,
    2019,
    2019,
    2019,
    2019,
    2020,
    2021,
    2021,
    2021,
    2021,
    2021,
    2021,
    2021
  ],
  "entities": [
    35,
    73,
    105,
    29,
    67,
    104,
    111,
    153,
    169,
    229,
    61,
    108,
    65,
    78,
    79,
    120,
    129,
    148,
    168,
    171,
    259,
    15,
    19,
    22,
    31,
    36,
    37,
    64,
    131,
    142,
    170,
    34,
    41,
    68,
    81,
    98,
    99,
    141,
    143,
    145,
    211,
    225,
    16,
    32,
    74,
    76,
    96,
    101,
    110,
    125,
    130,
    136,
    150,
    167,
    17,
    43,
    60,
    66,
    71,
    94,
    112,
    115,
    123,
    126,
    132,
    134,
    147,
    152,
    166,
    174,
    201,
    204,
    215,
    234,
    21,
    28,
    69,
    75,
    80,
    87,
    88,
    89,
    91,
    107,
    109,
    114,
    117,
    121,
    137,
    139,
    140,
    146,
    151,
    158,
    160,
    164,
    173,
    232,
    235,
    237,
    239,
    84,
    42,
    62,
    97,
    103,
    113,
    118,
    202
  ]
}