{
  "values": [
    21.209534,
    0.7098571,
    0.6422082,
    29.813654,
    0.43232334,
    0,
    14.518382,
    2.6416206,
    0.85119754,
    49.1941,
    1.181979,
    2.4191442,
    8.452209,
    1.9758208,
    29.810781,
    9.20033,
    16.03241,
    56.033794,
    57.36407,
    2.0588224,
    0.8465602,
    18.721931,
    8.598706,
    35.63874,
    0.41987276,
    0.14199235,
    18.793999,
    1.2882074,
    0.7249182,
    3.4115405,
    2.8551006,
    39.22137,
    0.9388653,
    8.755731,
    30.114878,
    0.087529674,
    12.364705,
    11.866224,
    27.434519,
    34.43457,
    1.7328198,
    15.747884,
    3.0385823,
    5.5155067,
    1.9592224,
    6.866398,
    1.9079982,
    0.34665337,
    0.18723445,
    18.75008,
    11.996459,
    0.050125614,
    5.2904468,
    5.5593953,
    35.215897,
    2.0140367,
    33.66502,
    21.212675,
    0.5162209,
    30.392784,
    28.159927,
    2.704625,
    0.5142483,
    3.0552447,
    1.1815451,
    1.4215081,
    33.640324,
    11.907001,
    17.535622,
    12.365834,
    2.427369,
    58.65699,
    11.002402,
    0.3741535,
    17.968626,
    0.47809687,
    19.32162,
    0.9672823,
    2.0559304,
    3.813,
    19.64818,
    1.6913145,
    3.7729878,
    11.381536,
    22.73441,
    0,
    33.28406,
    2.6930623,
    1.0254014,
    26.340866,
    0.94691956,
    3.621962,
    27.09308,
    0.29561517,
    19.300966,
    12.836161,
    0,
    0.24538384,
    0.271259,
    0.20068465,
    1.964883,
    27.599005,
    0.16082487,
    1.1156547,
    0.79732764,
    17.505497,
    21.022789,
    4.6492295,
    5.53819
  ],
  "years": [
    2015,
    2017,
    2018,
    2015,
    2019,
    2015,
    2019,
    2012,
    2015,
    2017,
    2016,
    2011,
    2015,
    2015,
    2016,
    2021,
    2018,
    2018,
    2019,
    2014,
    2015,
    2012,
    2014,
    2017,
    2018,
    2019,
    2016,
    2019,
    2018,
    2014,
    2014,
    2019,
    2021,
    2012,
    2019,
    2018,
    2017,
    2014,
    2018,
    2018,
    2019,
    2016,
    2019,
    2019,
    2017,
    2018,
    2018,
    2017,
    2015,
    2014,
    2018,
    2018,
    2017,
    2018,
    2019,
    2014,
    2021,
    2019,
    2016,
    2018,
    2019,
    2021,
    2012,
    2018,
    2018,
    2017,
    2019,
    2015,
    2013,
    2019,
    2011,
    2012,
    2021,
    2018,
    2017,
    2019,
    2016,
    2016,
    2021,
    2017,
    2019,
    2012,
    2019,
    2019,
    2019,
    2019,
    2019,
    2016,
    2016,
    2014,
    2018,
    2017,
    2015,
    2019,
    2016,
    2017,
    2019,
    2011,
    2018,
    2019,
    2019,
    2016,
    2012,
    2021,
    2020,
    2013,
    2018,
    2019,
    2014
  ],
  "entities": [
    15,
    16,
    17,
    19,
    21,
    22,
    28,
    29,
    31,
    32,
    34,
    35,
    36,
    37,
    41,
    42,
    43,
    174,
    173,
    171,
    170,
    169,
    168,
    167,
    166,
    164,
    143,
    160,
    201,
    65,
    259,
    158,
    202,
    153,
    151,
    152,
    150,
    148,
    147,
    94,
    146,
    145,
    139,
    137,
    136,
    134,
    132,
    130,
    131,
    129,
    204,
    126,
    125,
    123,
    121,
    120,
    118,
    117,
    211,
    115,
    114,
    113,
    111,
    112,
    215,
    110,
    109,
    142,
    108,
    107,
    105,
    104,
    103,
    66,
    101,
    140,
    99,
    98,
    97,
    96,
    91,
    229,
    239,
    232,
    89,
    88,
    87,
    81,
    141,
    79,
    234,
    76,
    64,
    75,
    225,
    74,
    235,
    73,
    71,
    69,
    237,
    68,
    67,
    62,
    84,
    61,
    60,
    80,
    78
  ]
}