{
  "values": [
    203.42216,
    221.7742,
    188.50807,
    178.82648,
    230.70944,
    197.42906,
    171.85258,
    152.63309,
    160.20949,
    133.05534,
    132.48267,
    145.73093,
    190.77504,
    213.6341,
    173.94933,
    112.69556,
    126.68365,
    113.91785,
    131.00552,
    173.68002,
    169.69498,
    113.12998,
    101.221565,
    102.38236,
    85.008125,
    96.77419,
    109.67742,
    91.446,
    94.71192,
    111.041565,
    100,
    92.41309,
    107.047264,
    110.819496,
    139.96187,
    123.132774,
    117.43859,
    126.82271,
    108.917984,
    122.061295,
    114.04154,
    119.743614,
    122.91009,
    123.08468,
    113.81204,
    110.53189,
    118.457436,
    143.37477,
    113.33162,
    142.67387,
    61.583286,
    55.743378,
    84.55191,
    98.44852,
    89.06244,
    64.4094,
    74.17532,
    78.60791,
    75.110634,
    56.716194,
    55.03187,
    27.585623,
    28.833893,
    56.730385,
    64.71368,
    59.286236,
    70.09729,
    60.34235,
    61.49866,
    64.2746,
    61.76166,
    83.78337,
    98.26637,
    107.76431,
    119.354836,
    121.07885,
    122.28679,
    118.71372,
    114.497375,
    114.50057,
    118.85918,
    105.11311,
    107.80147,
    108.958694,
    119.17723,
    114.719696,
    108.201004,
    97.010254,
    96.24325,
    86.446304,
    88.64978,
    95.65939,
    95.45232,
    96.04517,
    94.77613,
    94.84852,
    91.409775,
    89.62334,
    89.790504,
    88.07587,
    86.53533,
    88.153465,
    90.35033,
    95.698685,
    95.28063,
    95.59028,
    92.230644,
    90.97828,
    84.950195,
    74.537155,
    80.00454,
    73.70298,
    45.70395,
    51.65722,
    42.91476,
    33.472397,
    48.31776,
    35.58691,
    42.15879,
    35.13817,
    54.052673,
    48.439327,
    30.35804,
    40.283375,
    34.33812,
    31.822163,
    32.67873,
    32.823093,
    32.330463,
    27.629171,
    26.94874,
    26.074968,
    21.43033,
    28.884918,
    27.880507,
    23.857908,
    23.13986,
    32.069256,
    39.633144,
    28.07303,
    30.324167,
    44.636272,
    56.708694,
    34.646275,
    28.329998,
    29.343313,
    30.93177,
    32.326603,
    28.015133,
    27.753666,
    37.5709
  ],
  "years": [
    1870,
    1871,
    1872,
    1873,
    1874,
    1875,
    1876,
    1877,
    1878,
    1879,
    1880,
    1881,
    1882,
    1883,
    1884,
    1885,
    1886,
    1887,
    1888,
    1889,
    1890,
    1891,
    1892,
    1893,
    1894,
    1895,
    1896,
    1897,
    1898,
    1899,
    1900,
    1901,
    1902,
    1903,
    1904,
    1905,
    1906,
    1907,
    1908,
    1909,
    1910,
    1911,
    1912,
    1913,
    1914,
    1915,
    1916,
    1917,
    1918,
    1919,
    1920,
    1921,
    1922,
    1923,
    1924,
    1925,
    1926,
    1927,
    1928,
    1929,
    1930,
    1931,
    1932,
    1933,
    1934,
    1935,
    1936,
    1937,
    1938,
    1939,
    1940,
    1941,
    1942,
    1943,
    1944,
    1945,
    1946,
    1947,
    1948,
    1949,
    1950,
    1951,
    1952,
    1953,
    1954,
    1955,
    1956,
    1957,
    1958,
    1959,
    1960,
    1961,
    1962,
    1963,
    1964,
    1965,
    1966,
    1967,
    1968,
    1969,
    1970,
    1971,
    1972,
    1973,
    1974,
    1975,
    1976,
    1977,
    1978,
    1979,
    1980,
    1981,
    1982,
    1983,
    1984,
    1985,
    1986,
    1987,
    1988,
    1989,
    1990,
    1991,
    1992,
    1993,
    1994,
    1995,
    1996,
    1997,
    1998,
    1999,
    2000,
    2001,
    2002,
    2003,
    2004,
    2005,
    2006,
    2007,
    2008,
    2009,
    2010,
    2011,
    2012,
    2013,
    2014,
    2015,
    2016,
    2017,
    2018,
    2019,
    2020
  ],
  "entities": [
    355,
    355,
    355,
    355,
    355,
    355,
    355,
    355,
    355,
    355,
    355,
    355,
    355,
    355,
    355,
    355,
    355,
    355,
    355,
    355,
    355,
    355,
    355,
    355,
    355,
    355,
    355,
    355,
    355,
    355,
    355,
    355,
    355,
    355,
    355,
    355,
    355,
    355,
    355,
    355,
    355,
    355,
    355,
    355,
    355,
    355,
    355,
    355,
    355,
    355,
    355,
    355,
    355,
    355,
    355,
    355,
    355,
    355,
    355,
    355,
    355,
    355,
    355,
    355,
    355,
    355,
    355,
    355,
    355,
    355,
    355,
    355,
    355,
    355,
    355,
    355,
    355,
    355,
    355,
    355,
    355,
    355,
    355,
    355,
    355,
    355,
    355,
    355,
    355,
    355,
    355,
    355,
    355,
    355,
    355,
    355,
    355,
    355,
    355,
    355,
    355,
    355,
    355,
    355,
    355,
    355,
    355,
    355,
    355,
    355,
    355,
    355,
    355,
    355,
    355,
    355,
    355,
    355,
    355,
    355,
    355,
    355,
    355,
    355,
    355,
    355,
    355,
    355,
    355,
    355,
    355,
    355,
    355,
    355,
    355,
    355,
    355,
    355,
    355,
    355,
    355,
    355,
    355,
    355,
    355,
    355,
    355,
    355,
    355,
    355,
    355
  ]
}