{
  "values": [
    0.55812,
    0.02391,
    0.49077,
    0.25241,
    0.59492,
    1.02807,
    0.60085,
    0.26502,
    0.25851,
    0.35184,
    0.53734,
    0.00928,
    0.07378,
    0.15055,
    0.13672,
    0.06964,
    0.28292,
    0.17227,
    0.70579,
    0.61701,
    0.26133,
    0.34914,
    0.45009,
    0.01186,
    0.06841,
    0.06772,
    1.07099,
    0.06856,
    0.0208,
    0.03474,
    0.06325,
    1.9483,
    0.127,
    0.00932,
    0.11458,
    0.47899,
    0.30652,
    0.28712,
    0.00644,
    0.06211,
    0.02601,
    0.01291,
    0.69939,
    0.0515,
    0.03238,
    0.45483,
    0.05462,
    0.10786,
    0.15148,
    0.12868,
    0.01601,
    0.02535,
    0.07234,
    0.0482,
    0.0171,
    0.07226,
    0.02671,
    0.01268,
    0.39554,
    0.39242,
    0.28795,
    0.08258,
    0.05737,
    0.03012,
    0.27713,
    0.42243,
    0.48078,
    0.03259,
    0.60678,
    0.06281,
    0.08246,
    0.03927,
    0.08045,
    0.47029,
    0.00635,
    0.00572,
    0.15298,
    0.04539,
    0.68215,
    0.06667,
    0.13639,
    0.38938,
    0.03176,
    0.03275,
    0.1364,
    0.1042,
    0.02972,
    2.6472,
    0.04198,
    0.01298,
    0.00934,
    0.13012,
    0.00827,
    0.00615,
    0.32983,
    1.09488,
    0.07592,
    0.684,
    0.20631,
    0.07598,
    0.14832,
    0.51936,
    0.0416,
    0.04003,
    0.22186,
    0.17452,
    0.00714,
    0.17344,
    0.33627,
    0.93613,
    4.54211,
    2.61049,
    0.31838,
    0.75585,
    0.08058,
    0.0382,
    0.51137,
    0.94017,
    0.51611,
    0.00842,
    0.25347,
    0.22633,
    0.40112,
    0.56294,
    0.72139,
    0.37907,
    0.40672,
    0.01644,
    0.06092,
    0.20035,
    0.14966,
    0.74791,
    0.05207,
    0.12863,
    0.022,
    0.239,
    0.0794,
    3.68406
  ],
  "years": [
    2013,
    2013,
    2015,
    2015,
    2015,
    2015,
    2015,
    2015,
    2015,
    2015,
    2015,
    2015,
    2015,
    2015,
    2015,
    2015,
    2015,
    2015,
    2015,
    2016,
    2016,
    2016,
    2016,
    2016,
    2016,
    2016,
    2016,
    2016,
    2016,
    2016,
    2016,
    2016,
    2016,
    2016,
    2016,
    2016,
    2016,
    2016,
    2016,
    2016,
    2016,
    2016,
    2016,
    2016,
    2016,
    2016,
    2016,
    2016,
    2016,
    2016,
    2016,
    2016,
    2016,
    2016,
    2016,
    2016,
    2016,
    2016,
    2016,
    2016,
    2016,
    2016,
    2016,
    2016,
    2016,
    2016,
    2016,
    2016,
    2016,
    2016,
    2016,
    2016,
    2016,
    2016,
    2016,
    2016,
    2016,
    2016,
    2016,
    2016,
    2016,
    2016,
    2016,
    2016,
    2016,
    2016,
    2016,
    2016,
    2016,
    2016,
    2016,
    2016,
    2016,
    2016,
    2016,
    2016,
    2016,
    2016,
    2016,
    2016,
    2016,
    2016,
    2016,
    2016,
    2016,
    2016,
    2016,
    2016,
    2016,
    2016,
    2016,
    2016,
    2016,
    2016,
    2016,
    2016,
    2016,
    2016,
    2016,
    2016,
    2016,
    2017,
    2017,
    2017,
    2017,
    2017,
    2017,
    2017,
    2017,
    2017,
    2017,
    2017,
    2017,
    2017,
    2017,
    2017,
    2017,
    2017
  ],
  "entities": [
    4,
    114,
    6,
    7,
    8,
    9,
    23,
    24,
    26,
    29,
    35,
    64,
    111,
    122,
    124,
    132,
    162,
    163,
    210,
    2,
    11,
    13,
    14,
    15,
    16,
    17,
    21,
    22,
    25,
    28,
    30,
    31,
    33,
    34,
    37,
    38,
    39,
    40,
    42,
    60,
    61,
    62,
    63,
    67,
    68,
    70,
    72,
    74,
    75,
    76,
    77,
    80,
    81,
    83,
    84,
    86,
    89,
    90,
    91,
    92,
    95,
    96,
    97,
    98,
    100,
    101,
    102,
    104,
    106,
    107,
    108,
    109,
    110,
    112,
    113,
    115,
    116,
    118,
    119,
    121,
    126,
    127,
    129,
    130,
    133,
    136,
    137,
    138,
    142,
    143,
    145,
    146,
    147,
    148,
    149,
    150,
    152,
    156,
    157,
    160,
    164,
    165,
    166,
    168,
    170,
    172,
    173,
    201,
    202,
    206,
    207,
    214,
    215,
    221,
    225,
    226,
    232,
    235,
    239,
    258,
    259,
    36,
    44,
    45,
    66,
    78,
    88,
    105,
    134,
    135,
    141,
    155,
    158,
    169,
    174,
    211,
    213,
    227
  ]
}