{
  "values": [
    57.2,
    57.3,
    57.3,
    57.4,
    57.4,
    57.4,
    57.4,
    57.5,
    57.5,
    57.5,
    57.5,
    57.6,
    57.6,
    57.7,
    57.7,
    57.8,
    57.8,
    57.8,
    57.8,
    57.8,
    57.9,
    57.9,
    57.9,
    57.9,
    57.9,
    57.9,
    57.9,
    57.9,
    57.9,
    57.9,
    57.8,
    57.8,
    57.8,
    57.8,
    57.7,
    57.8,
    57.8,
    57.8,
    57.8,
    57.9,
    57.9,
    57.9,
    57.8,
    57.9,
    57.9,
    58,
    57.6,
    57.8,
    57.7,
    57.7,
    58,
    57.6,
    57.1,
    56.8,
    56.3,
    56,
    55.8,
    55.8,
    56.2,
    56.3,
    57.1,
    57.1,
    57.4,
    57.5,
    57.8,
    57.7,
    57.9,
    58,
    57.6,
    57.9,
    58.1,
    57.8,
    57.9,
    58.2,
    58.3,
    58.5,
    58.6,
    58.8,
    58.4,
    58.9,
    58.4,
    58.9,
    58.5,
    58.6,
    58.9,
    58.8,
    58.9,
    58.9,
    59,
    58.8,
    58.5,
    58.7,
    58.3,
    58.8,
    58.8,
    58.7,
    58.9,
    59,
    58.8,
    59.2,
    59.1,
    59.2,
    59.9,
    60.5,
    61.1,
    61.2,
    61.9,
    62.6,
    62.8,
    63.4,
    63.6,
    64,
    64.5,
    64.9,
    64.6,
    64.7,
    64.9,
    64.7,
    62.4,
    64.3,
    65.6,
    65.8,
    66.8,
    66.9,
    66.9,
    67.6,
    67.3,
    68.1,
    68.1,
    68,
    68.4,
    68.6,
    69.3,
    69.5,
    69.3,
    70.5,
    70.9,
    71.2,
    71.3,
    72,
    72.1,
    72.2,
    72.1,
    72.3,
    72.6,
    73.3,
    74.2,
    74.5,
    75.1,
    75.1,
    75.3,
    75.7,
    76.1,
    76.7,
    77.2,
    77.7,
    78.7,
    79.5,
    80.3,
    80.1,
    79.8,
    81.2,
    83,
    83.8,
    84.3,
    84.9,
    84.9,
    84.7,
    85,
    85.4,
    85.8,
    86.1,
    86.3,
    86.5,
    86.7,
    86.9,
    87.2,
    87.4,
    87.7,
    88.1,
    88.15292,
    88.49696,
    88.82042,
    88.90906,
    89.11145,
    89.3786,
    89.69232,
    90.061165,
    90.132866,
    90.45262,
    90.64183,
    90.66893,
    90.730675,
    90.922035,
    91.03827,
    91.2248,
    91.404564,
    91.60307,
    91.771324,
    92.065125,
    92.33285,
    92.59023,
    92.851814,
    93.13938,
    93.3784,
    93.66716,
    93.93788,
    94.19531,
    94.419876,
    94.597595,
    94.82902,
    94.93764,
    95.21838,
    95.38812,
    95.51177,
    95.62779,
    95.75985,
    95.86835,
    95.982475,
    96.05278,
    96.1262,
    96.17601,
    96.175095,
    96.32812
  ],
  "years": [
    1800,
    1801,
    1802,
    1803,
    1804,
    1805,
    1806,
    1807,
    1808,
    1809,
    1810,
    1811,
    1812,
    1813,
    1814,
    1815,
    1816,
    1817,
    1818,
    1819,
    1820,
    1821,
    1822,
    1823,
    1824,
    1825,
    1826,
    1827,
    1828,
    1829,
    1830,
    1831,
    1832,
    1833,
    1834,
    1835,
    1836,
    1837,
    1838,
    1839,
    1840,
    1841,
    1842,
    1843,
    1844,
    1845,
    1846,
    1847,
    1848,
    1849,
    1850,
    1851,
    1852,
    1853,
    1854,
    1855,
    1856,
    1857,
    1858,
    1859,
    1860,
    1861,
    1862,
    1863,
    1864,
    1865,
    1866,
    1867,
    1868,
    1869,
    1870,
    1871,
    1872,
    1873,
    1874,
    1875,
    1876,
    1877,
    1878,
    1879,
    1880,
    1881,
    1882,
    1883,
    1884,
    1885,
    1886,
    1887,
    1888,
    1889,
    1890,
    1891,
    1892,
    1893,
    1894,
    1895,
    1896,
    1897,
    1898,
    1899,
    1900,
    1901,
    1902,
    1903,
    1904,
    1905,
    1906,
    1907,
    1908,
    1909,
    1910,
    1911,
    1912,
    1913,
    1914,
    1915,
    1916,
    1917,
    1918,
    1919,
    1920,
    1921,
    1922,
    1923,
    1924,
    1925,
    1926,
    1927,
    1928,
    1929,
    1930,
    1931,
    1932,
    1933,
    1934,
    1935,
    1936,
    1937,
    1938,
    1939,
    1940,
    1941,
    1942,
    1943,
    1944,
    1945,
    1946,
    1947,
    1948,
    1949,
    1950,
    1951,
    1952,
    1953,
    1954,
    1955,
    1956,
    1957,
    1958,
    1959,
    1960,
    1961,
    1962,
    1963,
    1964,
    1965,
    1966,
    1967,
    1968,
    1969,
    1970,
    1971,
    1972,
    1973,
    1974,
    1975,
    1976,
    1977,
    1978,
    1979,
    1980,
    1981,
    1982,
    1983,
    1984,
    1985,
    1986,
    1987,
    1988,
    1989,
    1990,
    1991,
    1992,
    1993,
    1994,
    1995,
    1996,
    1997,
    1998,
    1999,
    2000,
    2001,
    2002,
    2003,
    2004,
    2005,
    2006,
    2007,
    2008,
    2009,
    2010,
    2011,
    2012,
    2013,
    2014,
    2015,
    2016,
    2017,
    2018,
    2019,
    2020,
    2021,
    2022,
    2023
  ],
  "entities": [
    355,
    355,
    355,
    355,
    355,
    355,
    355,
    355,
    355,
    355,
    355,
    355,
    355,
    355,
    355,
    355,
    355,
    355,
    355,
    355,
    355,
    355,
    355,
    355,
    355,
    355,
    355,
    355,
    355,
    355,
    355,
    355,
    355,
    355,
    355,
    355,
    355,
    355,
    355,
    355,
    355,
    355,
    355,
    355,
    355,
    355,
    355,
    355,
    355,
    355,
    355,
    355,
    355,
    355,
    355,
    355,
    355,
    355,
    355,
    355,
    355,
    355,
    355,
    355,
    355,
    355,
    355,
    355,
    355,
    355,
    355,
    355,
    355,
    355,
    355,
    355,
    355,
    355,
    355,
    355,
    355,
    355,
    355,
    355,
    355,
    355,
    355,
    355,
    355,
    355,
    355,
    355,
    355,
    355,
    355,
    355,
    355,
    355,
    355,
    355,
    355,
    355,
    355,
    355,
    355,
    355,
    355,
    355,
    355,
    355,
    355,
    355,
    355,
    355,
    355,
    355,
    355,
    355,
    355,
    355,
    355,
    355,
    355,
    355,
    355,
    355,
    355,
    355,
    355,
    355,
    355,
    355,
    355,
    355,
    355,
    355,
    355,
    355,
    355,
    355,
    355,
    355,
    355,
    355,
    355,
    355,
    355,
    355,
    355,
    355,
    355,
    355,
    355,
    355,
    355,
    355,
    355,
    355,
    355,
    355,
    355,
    355,
    355,
    355,
    355,
    355,
    355,
    355,
    355,
    355,
    355,
    355,
    355,
    355,
    355,
    355,
    355,
    355,
    355,
    355,
    355,
    355,
    355,
    355,
    355,
    355,
    355,
    355,
    355,
    355,
    355,
    355,
    355,
    355,
    355,
    355,
    355,
    355,
    355,
    355,
    355,
    355,
    355,
    355,
    355,
    355,
    355,
    355,
    355,
    355,
    355,
    355,
    355,
    355,
    355,
    355,
    355,
    355,
    355,
    355,
    355,
    355,
    355,
    355
  ]
}