{
  "values": [
    42.8,
    42.7,
    42.7,
    42.6,
    42.6,
    42.6,
    42.6,
    42.5,
    42.5,
    42.5,
    42.5,
    42.4,
    42.4,
    42.3,
    42.3,
    42.2,
    42.2,
    42.2,
    42.2,
    42.2,
    42.1,
    42.1,
    42.1,
    42.1,
    42.1,
    42.1,
    42.1,
    42.1,
    42.1,
    42.1,
    42.2,
    42.2,
    42.2,
    42.2,
    42.3,
    42.2,
    42.2,
    42.2,
    42.2,
    42.1,
    42.1,
    42.1,
    42.2,
    42.1,
    42.1,
    42,
    42.4,
    42.2,
    42.3,
    42.3,
    42,
    42.4,
    42.9,
    43.2,
    43.7,
    44,
    44.2,
    44.2,
    43.8,
    43.7,
    42.9,
    42.9,
    42.6,
    42.5,
    42.2,
    42.3,
    42.1,
    42,
    42.4,
    42.1,
    41.9,
    42.2,
    42.1,
    41.8,
    41.7,
    41.5,
    41.4,
    41.2,
    41.6,
    41.1,
    41.6,
    41.1,
    41.5,
    41.4,
    41.1,
    41.2,
    41.1,
    41.1,
    41,
    41.2,
    41.5,
    41.3,
    41.7,
    41.2,
    41.2,
    41.3,
    41.1,
    41,
    41.2,
    40.8,
    40.9,
    40.8,
    40.1,
    39.5,
    38.9,
    38.8,
    38.1,
    37.4,
    37.2,
    36.6,
    36.4,
    36,
    35.5,
    35.1,
    35.4,
    35.3,
    35.1,
    35.3,
    37.6,
    35.7,
    34.4,
    34.2,
    33.2,
    33.1,
    33.1,
    32.4,
    32.7,
    31.9,
    31.9,
    32,
    31.6,
    31.4,
    30.7,
    30.5,
    30.7,
    29.5,
    29.1,
    28.8,
    28.7,
    28,
    27.9,
    27.8,
    27.9,
    27.7,
    27.4,
    26.7,
    25.8,
    25.5,
    24.9,
    24.9,
    24.7,
    24.3,
    23.9,
    23.3,
    22.8,
    22.3,
    21.3,
    20.5,
    19.7,
    19.9,
    20.2,
    18.8,
    17,
    16.2,
    15.7,
    15.1,
    15.1,
    15.3,
    15,
    14.6,
    14.2,
    13.9,
    13.7,
    13.5,
    13.3,
    13.1,
    12.8,
    12.6,
    12.3,
    11.9,
    11.8,
    11.3,
    11.1,
    10.7,
    10.5,
    10.2,
    10,
    9.8,
    9.6,
    9.5,
    9.30313,
    9.202696,
    9.14015,
    9.022022,
    8.92499,
    8.736313,
    8.556086,
    8.358108,
    8.143391,
    7.905146,
    7.6374993,
    7.37906,
    7.1234794,
    6.835016,
    6.58415,
    6.2923336,
    6.032346,
    5.777606,
    5.552567,
    5.310115,
    5.1234393,
    4.9339614,
    4.740857,
    4.5825486,
    4.425172,
    4.306791,
    4.1760054,
    4.0564065,
    3.9994938,
    3.9261734,
    3.8698297,
    3.8053443,
    3.7118251
  ],
  "years": [
    1800,
    1801,
    1802,
    1803,
    1804,
    1805,
    1806,
    1807,
    1808,
    1809,
    1810,
    1811,
    1812,
    1813,
    1814,
    1815,
    1816,
    1817,
    1818,
    1819,
    1820,
    1821,
    1822,
    1823,
    1824,
    1825,
    1826,
    1827,
    1828,
    1829,
    1830,
    1831,
    1832,
    1833,
    1834,
    1835,
    1836,
    1837,
    1838,
    1839,
    1840,
    1841,
    1842,
    1843,
    1844,
    1845,
    1846,
    1847,
    1848,
    1849,
    1850,
    1851,
    1852,
    1853,
    1854,
    1855,
    1856,
    1857,
    1858,
    1859,
    1860,
    1861,
    1862,
    1863,
    1864,
    1865,
    1866,
    1867,
    1868,
    1869,
    1870,
    1871,
    1872,
    1873,
    1874,
    1875,
    1876,
    1877,
    1878,
    1879,
    1880,
    1881,
    1882,
    1883,
    1884,
    1885,
    1886,
    1887,
    1888,
    1889,
    1890,
    1891,
    1892,
    1893,
    1894,
    1895,
    1896,
    1897,
    1898,
    1899,
    1900,
    1901,
    1902,
    1903,
    1904,
    1905,
    1906,
    1907,
    1908,
    1909,
    1910,
    1911,
    1912,
    1913,
    1914,
    1915,
    1916,
    1917,
    1918,
    1919,
    1920,
    1921,
    1922,
    1923,
    1924,
    1925,
    1926,
    1927,
    1928,
    1929,
    1930,
    1931,
    1932,
    1933,
    1934,
    1935,
    1936,
    1937,
    1938,
    1939,
    1940,
    1941,
    1942,
    1943,
    1944,
    1945,
    1946,
    1947,
    1948,
    1949,
    1950,
    1951,
    1952,
    1953,
    1954,
    1955,
    1956,
    1957,
    1958,
    1959,
    1960,
    1961,
    1962,
    1963,
    1964,
    1965,
    1966,
    1967,
    1968,
    1969,
    1970,
    1971,
    1972,
    1973,
    1974,
    1975,
    1976,
    1977,
    1978,
    1979,
    1980,
    1981,
    1982,
    1983,
    1984,
    1985,
    1986,
    1987,
    1988,
    1989,
    1990,
    1991,
    1992,
    1993,
    1994,
    1995,
    1996,
    1997,
    1998,
    1999,
    2000,
    2001,
    2002,
    2003,
    2004,
    2005,
    2006,
    2007,
    2008,
    2009,
    2010,
    2011,
    2012,
    2013,
    2014,
    2015,
    2016,
    2017,
    2018,
    2019,
    2020,
    2021,
    2022
  ],
  "entities": [
    355,
    355,
    355,
    355,
    355,
    355,
    355,
    355,
    355,
    355,
    355,
    355,
    355,
    355,
    355,
    355,
    355,
    355,
    355,
    355,
    355,
    355,
    355,
    355,
    355,
    355,
    355,
    355,
    355,
    355,
    355,
    355,
    355,
    355,
    355,
    355,
    355,
    355,
    355,
    355,
    355,
    355,
    355,
    355,
    355,
    355,
    355,
    355,
    355,
    355,
    355,
    355,
    355,
    355,
    355,
    355,
    355,
    355,
    355,
    355,
    355,
    355,
    355,
    355,
    355,
    355,
    355,
    355,
    355,
    355,
    355,
    355,
    355,
    355,
    355,
    355,
    355,
    355,
    355,
    355,
    355,
    355,
    355,
    355,
    355,
    355,
    355,
    355,
    355,
    355,
    355,
    355,
    355,
    355,
    355,
    355,
    355,
    355,
    355,
    355,
    355,
    355,
    355,
    355,
    355,
    355,
    355,
    355,
    355,
    355,
    355,
    355,
    355,
    355,
    355,
    355,
    355,
    355,
    355,
    355,
    355,
    355,
    355,
    355,
    355,
    355,
    355,
    355,
    355,
    355,
    355,
    355,
    355,
    355,
    355,
    355,
    355,
    355,
    355,
    355,
    355,
    355,
    355,
    355,
    355,
    355,
    355,
    355,
    355,
    355,
    355,
    355,
    355,
    355,
    355,
    355,
    355,
    355,
    355,
    355,
    355,
    355,
    355,
    355,
    355,
    355,
    355,
    355,
    355,
    355,
    355,
    355,
    355,
    355,
    355,
    355,
    355,
    355,
    355,
    355,
    355,
    355,
    355,
    355,
    355,
    355,
    355,
    355,
    355,
    355,
    355,
    355,
    355,
    355,
    355,
    355,
    355,
    355,
    355,
    355,
    355,
    355,
    355,
    355,
    355,
    355,
    355,
    355,
    355,
    355,
    355,
    355,
    355,
    355,
    355,
    355,
    355,
    355,
    355,
    355,
    355,
    355,
    355
  ]
}