{
  "values": [
    130.23581,
    162.74683,
    132.23958,
    239.37242,
    110.21386,
    149.92665,
    205.9317,
    210.02367,
    235.90538,
    181.87062,
    144.61595,
    101.53831,
    128.08208,
    176.76123,
    100,
    70.247215,
    351.27667,
    831.80853,
    288.48953,
    41.807274,
    43.844933,
    41.78243,
    35.37916,
    60.73655,
    71.128235,
    53.158398,
    74.642006,
    99.864815,
    159.27156,
    167.81358,
    134.07153,
    238.8893,
    107.359665,
    146.06126,
    201.69762,
    211.09575,
    237.43652,
    184.08136,
    146.17763,
    104.12613,
    129.455,
    178.64752,
    100,
    71.11018,
    346.1762,
    550.0442,
    275.5825,
    67.4656,
    65.14605,
    59.11524,
    70.44787,
    84.332,
    76.34614,
    67.067955,
    109.61503,
    100.40312,
    82.874,
    90.09772,
    168.03441,
    161.77162,
    132.44598,
    223.67033,
    232.58403,
    350.10345,
    268.02295,
    276.21146,
    351.62143,
    155.85048,
    174.13159,
    158.61516,
    109.2558,
    147.92535,
    172.43541,
    103.60623,
    111.88182,
    117.82896,
    123.90126,
    100,
    78.97095,
    152.5478,
    253.5527,
    100.54152,
    162.07364,
    173.88257,
    138.8545,
    245.83397,
    110.40392,
    150.79811,
    208.4726,
    214.00977,
    239.75977,
    185.28935,
    146.02974,
    102.69705,
    129.0902,
    178.64761,
    100,
    70.00086,
    354.89014,
    705.7589,
    289.38278
  ],
  "years": [
    2005,
    2006,
    2007,
    2008,
    2009,
    2010,
    2011,
    2012,
    2013,
    2014,
    2015,
    2016,
    2017,
    2018,
    2019,
    2020,
    2021,
    2022,
    2023,
    1996,
    1997,
    1998,
    1999,
    2000,
    2001,
    2002,
    2003,
    2004,
    2005,
    2006,
    2007,
    2008,
    2009,
    2010,
    2011,
    2012,
    2013,
    2014,
    2015,
    2016,
    2017,
    2018,
    2019,
    2020,
    2021,
    2022,
    2023,
    1989,
    1990,
    1991,
    1992,
    1993,
    1994,
    1995,
    1996,
    1997,
    1998,
    1999,
    2000,
    2001,
    2002,
    2003,
    2004,
    2005,
    2006,
    2007,
    2008,
    2009,
    2010,
    2011,
    2012,
    2013,
    2014,
    2015,
    2016,
    2017,
    2018,
    2019,
    2020,
    2021,
    2022,
    2023,
    2005,
    2006,
    2007,
    2008,
    2009,
    2010,
    2011,
    2012,
    2013,
    2014,
    2015,
    2016,
    2017,
    2018,
    2019,
    2020,
    2021,
    2022,
    2023
  ],
  "entities": [
    94020,
    94020,
    94020,
    94020,
    94020,
    94020,
    94020,
    94020,
    94020,
    94020,
    94020,
    94020,
    94020,
    94020,
    94020,
    94020,
    94020,
    94020,
    94020,
    369914,
    369914,
    369914,
    369914,
    369914,
    369914,
    369914,
    369914,
    369914,
    369914,
    369914,
    369914,
    369914,
    369914,
    369914,
    369914,
    369914,
    369914,
    369914,
    369914,
    369914,
    369914,
    369914,
    369914,
    369914,
    369914,
    369914,
    369914,
    367036,
    367036,
    367036,
    367036,
    367036,
    367036,
    367036,
    367036,
    367036,
    367036,
    367036,
    367036,
    367036,
    367036,
    367036,
    367036,
    367036,
    367036,
    367036,
    367036,
    367036,
    367036,
    367036,
    367036,
    367036,
    367036,
    367036,
    367036,
    367036,
    367036,
    367036,
    367036,
    367036,
    367036,
    367036,
    369915,
    369915,
    369915,
    369915,
    369915,
    369915,
    369915,
    369915,
    369915,
    369915,
    369915,
    369915,
    369915,
    369915,
    369915,
    369915,
    369915,
    369915,
    369915
  ]
}