{
  "values": [
    131.13506,
    100,
    82.49764,
    153.49947,
    321.71237,
    190.99263,
    115.519936,
    155.54305,
    126.849525,
    105.70006,
    98.0352,
    92.28824,
    102.662254,
    134.1242,
    141.94177,
    100,
    88.10084,
    195.85841,
    484.54446,
    194.83344,
    100,
    89.490005,
    188.459,
    252.6293,
    167.45494,
    51.230797,
    42.782738,
    53.844296,
    100.87952,
    87.840355,
    88.64833,
    129.92743,
    214.59848,
    113.61703,
    147.43387,
    171.44614,
    136.33272,
    122.422844,
    103.48138,
    81.68666,
    97.402664,
    130.52368,
    153.23524,
    100,
    82.95786,
    155.75227,
    291.65393,
    177.04309,
    52.022102,
    66.382195,
    69.93898,
    72.26585,
    71.13566,
    64.03871,
    55.97778,
    61.794945,
    73.961136,
    68.55948,
    64.686905,
    53.185535,
    47.850365,
    59.817112,
    64.87676,
    52.603184,
    72.46178,
    119.89073,
    100.6191,
    106.550705,
    147.56526,
    245.44072,
    116.98965,
    153.73882,
    201.9056,
    153.73882,
    135.77112,
    125.28645,
    94.39442,
    99.865234,
    140.46036,
    152.62099,
    100,
    83.316826,
    203.77069,
    484.12424,
    215.29756,
    112.81369,
    85.28616,
    95.2807,
    128.59978,
    140.16173,
    100.00001,
    86.7541,
    173.31467,
    382.59302,
    179.01852,
    78.19195,
    90.30359,
    94.312065,
    90.19098,
    121.48949,
    145.86975,
    152.07684,
    173.95831,
    298.24313,
    249.62952,
    312.7531,
    361.59042,
    317.89703,
    271.1,
    238.98859,
    191.86919,
    202.71384,
    269.12497,
    282.5446,
    100,
    87.04813,
    354.29794,
    505.0951,
    342.79437,
    55.265427,
    50.74967,
    49.91699,
    52.225117,
    55.4828,
    47.24365,
    52.23973,
    52.060753,
    54.235386,
    54.74478,
    52.3135,
    87.738205,
    58.075,
    67.389824,
    113.53608,
    122.66877,
    101.14186,
    87.0009,
    205.40492,
    106.246284,
    118.73582,
    148.2664,
    117.698875,
    121.96007,
    117.35387,
    90.207924,
    90.00025,
    111.652985,
    127.42991,
    100,
    74.813484,
    119.89742,
    275.64035,
    128.72992
  ],
  "years": [
    2018,
    2019,
    2020,
    2021,
    2022,
    2023,
    2010,
    2011,
    2012,
    2013,
    2014,
    2015,
    2016,
    2017,
    2018,
    2019,
    2020,
    2021,
    2022,
    2023,
    2019,
    2020,
    2021,
    2022,
    2023,
    2001,
    2002,
    2003,
    2004,
    2005,
    2006,
    2007,
    2008,
    2009,
    2010,
    2011,
    2012,
    2013,
    2014,
    2015,
    2016,
    2017,
    2018,
    2019,
    2020,
    2021,
    2022,
    2023,
    1987,
    1988,
    1989,
    1990,
    1991,
    1992,
    1993,
    1994,
    1995,
    1996,
    1997,
    1998,
    1999,
    2000,
    2001,
    2002,
    2003,
    2004,
    2005,
    2006,
    2007,
    2008,
    2009,
    2010,
    2011,
    2012,
    2013,
    2014,
    2015,
    2016,
    2017,
    2018,
    2019,
    2020,
    2021,
    2022,
    2023,
    2014,
    2015,
    2016,
    2017,
    2018,
    2019,
    2020,
    2021,
    2022,
    2023,
    2000,
    2001,
    2002,
    2003,
    2004,
    2005,
    2006,
    2007,
    2008,
    2009,
    2010,
    2011,
    2012,
    2013,
    2014,
    2015,
    2016,
    2017,
    2018,
    2019,
    2020,
    2021,
    2022,
    2023,
    1990,
    1991,
    1992,
    1993,
    1994,
    1995,
    1996,
    1997,
    1998,
    1999,
    2000,
    2001,
    2002,
    2003,
    2004,
    2005,
    2006,
    2007,
    2008,
    2009,
    2010,
    2011,
    2012,
    2013,
    2014,
    2015,
    2016,
    2017,
    2018,
    2019,
    2020,
    2021,
    2022,
    2023
  ],
  "entities": [
    23,
    23,
    23,
    23,
    23,
    23,
    170,
    170,
    170,
    170,
    170,
    170,
    170,
    170,
    170,
    170,
    170,
    170,
    170,
    170,
    136,
    136,
    136,
    136,
    136,
    14,
    14,
    14,
    14,
    14,
    14,
    14,
    14,
    14,
    14,
    14,
    14,
    14,
    14,
    14,
    14,
    14,
    14,
    14,
    14,
    14,
    14,
    14,
    37483,
    37483,
    37483,
    37483,
    37483,
    37483,
    37483,
    37483,
    37483,
    37483,
    37483,
    37483,
    37483,
    37483,
    37483,
    37483,
    37483,
    37483,
    37483,
    37483,
    37483,
    37483,
    37483,
    37483,
    37483,
    37483,
    37483,
    37483,
    37483,
    37483,
    37483,
    37483,
    37483,
    37483,
    37483,
    37483,
    37483,
    81,
    81,
    81,
    81,
    81,
    81,
    81,
    81,
    81,
    81,
    369913,
    369913,
    369913,
    369913,
    369913,
    369913,
    369913,
    369913,
    369913,
    369913,
    369913,
    369913,
    369913,
    369913,
    369913,
    369913,
    369913,
    369913,
    369913,
    369913,
    369913,
    369913,
    369913,
    369913,
    13,
    13,
    13,
    13,
    13,
    13,
    13,
    13,
    13,
    13,
    13,
    13,
    13,
    13,
    13,
    13,
    13,
    13,
    13,
    13,
    13,
    13,
    13,
    13,
    13,
    13,
    13,
    13,
    13,
    13,
    13,
    13,
    13,
    13
  ]
}