{
  "values": [
    52.022102,
    66.382195,
    69.93898,
    55.265427,
    72.26585,
    50.74967,
    71.13566,
    49.91699,
    64.03871,
    52.225117,
    55.97778,
    55.4828,
    61.794945,
    47.24365,
    73.961136,
    52.23973,
    68.55948,
    52.060753,
    64.686905,
    54.235386,
    53.185535,
    54.74478,
    47.850365,
    52.3135,
    59.817112,
    78.19195,
    87.738205,
    51.230797,
    64.87676,
    90.30359,
    58.075,
    42.782738,
    52.603184,
    94.312065,
    67.389824,
    53.844296,
    72.46178,
    90.19098,
    113.53608,
    100.87952,
    119.89073,
    121.48949,
    122.66877,
    87.840355,
    100.6191,
    145.86975,
    101.14186,
    88.64833,
    106.550705,
    152.07684,
    87.0009,
    129.92743,
    147.56526,
    173.95831,
    205.40492,
    214.59848,
    245.44072,
    298.24313,
    106.246284,
    113.61703,
    116.98965,
    249.62952,
    118.73582,
    147.43387,
    115.519936,
    153.73882,
    312.7531,
    148.2664,
    171.44614,
    155.54305,
    201.9056,
    361.59042,
    117.698875,
    136.33272,
    126.849525,
    153.73882,
    317.89703,
    121.96007,
    122.422844,
    105.70006,
    135.77112,
    271.1,
    117.35387,
    103.48138,
    112.81369,
    98.0352,
    125.28645,
    238.98859,
    90.207924,
    81.68666,
    85.28616,
    92.28824,
    94.39442,
    191.86919,
    90.00025,
    97.402664,
    95.2807,
    102.662254,
    99.865234,
    202.71384,
    111.652985,
    130.52368,
    128.59978,
    134.1242,
    140.46036,
    269.12497,
    127.42991,
    153.23524,
    131.13506,
    140.16173,
    141.94177,
    152.62099,
    282.5446,
    100,
    100,
    100,
    100.00001,
    100,
    100,
    100,
    100,
    74.813484,
    82.95786,
    82.49764,
    86.7541,
    89.490005,
    88.10084,
    83.316826,
    87.04813,
    119.89742,
    155.75227,
    153.49947,
    173.31467,
    188.459,
    195.85841,
    203.77069,
    354.29794,
    275.64035,
    291.65393,
    321.71237,
    382.59302,
    252.6293,
    484.54446,
    484.12424,
    505.0951,
    128.72992,
    177.04309,
    190.99263,
    179.01852,
    167.45494,
    194.83344,
    215.29756,
    342.79437
  ],
  "years": [
    1987,
    1988,
    1989,
    1990,
    1990,
    1991,
    1991,
    1992,
    1992,
    1993,
    1993,
    1994,
    1994,
    1995,
    1995,
    1996,
    1996,
    1997,
    1997,
    1998,
    1998,
    1999,
    1999,
    2000,
    2000,
    2000,
    2001,
    2001,
    2001,
    2001,
    2002,
    2002,
    2002,
    2002,
    2003,
    2003,
    2003,
    2003,
    2004,
    2004,
    2004,
    2004,
    2005,
    2005,
    2005,
    2005,
    2006,
    2006,
    2006,
    2006,
    2007,
    2007,
    2007,
    2007,
    2008,
    2008,
    2008,
    2008,
    2009,
    2009,
    2009,
    2009,
    2010,
    2010,
    2010,
    2010,
    2010,
    2011,
    2011,
    2011,
    2011,
    2011,
    2012,
    2012,
    2012,
    2012,
    2012,
    2013,
    2013,
    2013,
    2013,
    2013,
    2014,
    2014,
    2014,
    2014,
    2014,
    2014,
    2015,
    2015,
    2015,
    2015,
    2015,
    2015,
    2016,
    2016,
    2016,
    2016,
    2016,
    2016,
    2017,
    2017,
    2017,
    2017,
    2017,
    2017,
    2018,
    2018,
    2018,
    2018,
    2018,
    2018,
    2018,
    2019,
    2019,
    2019,
    2019,
    2019,
    2019,
    2019,
    2019,
    2020,
    2020,
    2020,
    2020,
    2020,
    2020,
    2020,
    2020,
    2021,
    2021,
    2021,
    2021,
    2021,
    2021,
    2021,
    2021,
    2022,
    2022,
    2022,
    2022,
    2022,
    2022,
    2022,
    2022,
    2023,
    2023,
    2023,
    2023,
    2023,
    2023,
    2023,
    2023
  ],
  "entities": [
    37483,
    37483,
    37483,
    13,
    37483,
    13,
    37483,
    13,
    37483,
    13,
    37483,
    13,
    37483,
    13,
    37483,
    13,
    37483,
    13,
    37483,
    13,
    37483,
    13,
    37483,
    13,
    37483,
    369913,
    13,
    14,
    37483,
    369913,
    13,
    14,
    37483,
    369913,
    13,
    14,
    37483,
    369913,
    13,
    14,
    37483,
    369913,
    13,
    14,
    37483,
    369913,
    13,
    14,
    37483,
    369913,
    13,
    14,
    37483,
    369913,
    13,
    14,
    37483,
    369913,
    13,
    14,
    37483,
    369913,
    13,
    14,
    170,
    37483,
    369913,
    13,
    14,
    170,
    37483,
    369913,
    13,
    14,
    170,
    37483,
    369913,
    13,
    14,
    170,
    37483,
    369913,
    13,
    14,
    81,
    170,
    37483,
    369913,
    13,
    14,
    81,
    170,
    37483,
    369913,
    13,
    14,
    81,
    170,
    37483,
    369913,
    13,
    14,
    81,
    170,
    37483,
    369913,
    13,
    14,
    23,
    81,
    170,
    37483,
    369913,
    13,
    14,
    23,
    81,
    136,
    170,
    37483,
    369913,
    13,
    14,
    23,
    81,
    136,
    170,
    37483,
    369913,
    13,
    14,
    23,
    81,
    136,
    170,
    37483,
    369913,
    13,
    14,
    23,
    81,
    136,
    170,
    37483,
    369913,
    13,
    14,
    23,
    81,
    136,
    170,
    37483,
    369913
  ]
}