{
  "values": [
    24.42174468,
    96.29856225,
    87.77976989,
    97.799511,
    58.28416912,
    47.58928571,
    77.076326,
    26.87541553,
    76.05756651,
    90.19180651,
    97.12920796,
    2.467835297,
    73.39494263,
    41.15005525,
    19.83360512,
    55.0639413,
    32.40003248,
    42.25038026,
    94.99665688,
    87.59405972,
    61.13636364,
    88.47270616,
    65.17816757,
    100,
    74.47374252,
    88.73533665,
    92.49876894,
    20.32436557,
    29.33451606,
    43.6028627,
    84.55943043,
    80.77210833,
    38.93920299,
    86.19025008,
    97.9053586,
    24.79367567,
    22.63987113,
    90.00897583,
    86.75710495,
    40.70710746,
    37.47005402,
    54.5891641,
    5.094713034,
    73.50299401,
    50.83480386,
    13.88210075,
    2.190348336,
    16.83312996,
    17.19332361,
    15.87395372,
    8.015509789,
    57.21530382,
    3.414813905,
    14.59367323,
    95.14340305,
    57.62480185,
    84.15972575,
    40.27278481,
    49.04046214,
    3.386699507,
    1.694622168,
    44.37304158,
    95.2353283,
    43.42932937,
    12.45551601,
    87.76422764,
    41.81314584,
    34.37969758,
    34.5442608,
    94.8119849,
    81.64221966,
    63.0366886,
    21.63779322,
    6.169874017,
    81.80309273,
    56.31069004,
    39.95266375,
    31.63388801,
    90.62630655,
    74.10638897,
    50.94101602,
    83.8726215,
    46.26025978,
    69.54725564,
    68.13093141,
    92.44389129,
    92.18193314,
    87.13453994,
    71.5192814,
    45.75163399,
    49.7382199,
    53.73831776,
    77.00976709,
    7.914188173,
    59.5436549,
    56.91779163,
    88.91865017,
    66.62539787,
    83.60586411,
    53.51891581,
    93.22300841,
    45.28026786
  ],
  "years": [
    1987,
    1987,
    1988,
    1989,
    1989,
    1989,
    1989,
    1990,
    1990,
    1990,
    1990,
    1991,
    1991,
    1991,
    1991,
    1991,
    1993,
    1993,
    1993,
    1993,
    1994,
    1995,
    1995,
    1995,
    1995,
    1995,
    1995,
    1996,
    1996,
    1996,
    1996,
    1996,
    1997,
    1997,
    1997,
    1997,
    1997,
    1998,
    1998,
    1999,
    1999,
    1999,
    1999,
    1999,
    1999,
    2000,
    2000,
    2000,
    2000,
    2000,
    2000,
    2000,
    2000,
    2000,
    2000,
    2000,
    2000,
    2000,
    2000,
    2000,
    2000,
    2000,
    2000,
    2000,
    2000,
    2000,
    2000,
    2001,
    2001,
    2001,
    2001,
    2001,
    2001,
    2001,
    2001,
    2001,
    2001,
    2001,
    2001,
    2001,
    2002,
    2002,
    2002,
    2002,
    2002,
    2002,
    2002,
    2002,
    2002,
    2002,
    2002,
    2002,
    2003,
    2003,
    2003,
    2003,
    2003,
    2003,
    2003,
    2004,
    2004,
    2005
  ],
  "entities": [
    120,
    227,
    94,
    29,
    252,
    253,
    284,
    7,
    123,
    127,
    167,
    44,
    68,
    83,
    98,
    202,
    40,
    75,
    117,
    136,
    26,
    14,
    147,
    154,
    200,
    203,
    206,
    37,
    74,
    110,
    132,
    229,
    108,
    130,
    171,
    172,
    238,
    16,
    124,
    9,
    89,
    95,
    102,
    125,
    239,
    1,
    2,
    3,
    4,
    5,
    6,
    8,
    10,
    24,
    65,
    101,
    109,
    138,
    149,
    155,
    161,
    162,
    199,
    201,
    210,
    230,
    245,
    17,
    70,
    84,
    85,
    100,
    105,
    122,
    137,
    143,
    156,
    170,
    212,
    226,
    11,
    61,
    88,
    92,
    96,
    107,
    126,
    158,
    163,
    254,
    256,
    266,
    39,
    119,
    135,
    142,
    148,
    165,
    246,
    73,
    152,
    115
  ]
}