{
  "values": [
    48.086033,
    35.42763,
    37.85448,
    28.034252,
    38.68466,
    39.43576,
    29.034174,
    29.187101,
    22.883198,
    48.58014,
    57.2112,
    52.195538,
    51.989822,
    42.672997,
    54.802452,
    32.297306,
    35.588154,
    37.402275,
    35.30824,
    32.74364,
    53.63253,
    50.957996,
    53.188877,
    41.568317,
    21.18283,
    31.678333,
    21.913126,
    26.50521,
    60.228554,
    61.725372,
    43.785007,
    27.819183,
    49.985973,
    30.95429,
    23.652403,
    35.92629,
    30.808609,
    23.570368,
    33.93596,
    58.324074,
    51.28186,
    23.56175,
    21.16495,
    39.873585,
    18.311497,
    22.219103,
    21.14193,
    32.44353,
    49.68552,
    24.882984,
    28.650604,
    38.488594,
    57.336536,
    23.660343,
    28.140764,
    32.69218,
    25.917171,
    27.42716,
    29.51631,
    37.334717,
    36.230305,
    39.76687,
    52.543953,
    45.03686,
    52.19483,
    28.002811,
    20.884764,
    53.234257,
    42.142483,
    45.928947,
    52.80444,
    29.264912,
    47.124836,
    60.805218,
    51.28259,
    39.274155,
    40.152596,
    41.691544,
    51.50571,
    56.73112,
    48.76258,
    37.842278,
    40.43572,
    46.43156,
    35.913353,
    50.357956,
    52.990223,
    37.132656,
    38.76163,
    17.998308,
    35.004772,
    32.197147,
    43.63387,
    47.314816,
    25.305897,
    28.49861,
    32.954784,
    26.043339,
    50.45718,
    52.026684,
    36.995693,
    65.78001,
    50.559196,
    29.346733,
    34.41396,
    26.944227,
    39.720978,
    35.822247,
    51.430737,
    37.641083,
    50.816402,
    29.187244,
    25.93776,
    32.799664,
    48.02914,
    33.484043,
    25.892347,
    43.475174,
    58.902065,
    51.023983,
    44.07919,
    29.390387,
    30.693647,
    28.4487
  ],
  "years": [
    2020,
    2020,
    2020,
    2020,
    2020,
    2020,
    2020,
    2020,
    2020,
    2020,
    2020,
    2020,
    2020,
    2020,
    2020,
    2020,
    2020,
    2020,
    2020,
    2020,
    2020,
    2020,
    2020,
    2020,
    2020,
    2020,
    2020,
    2020,
    2020,
    2020,
    2020,
    2020,
    2020,
    2020,
    2020,
    2020,
    2020,
    2020,
    2020,
    2020,
    2020,
    2020,
    2020,
    2020,
    2020,
    2020,
    2020,
    2020,
    2020,
    2020,
    2020,
    2020,
    2020,
    2020,
    2020,
    2020,
    2020,
    2020,
    2020,
    2020,
    2020,
    2020,
    2020,
    2020,
    2020,
    2020,
    2020,
    2020,
    2020,
    2020,
    2020,
    2020,
    2020,
    2020,
    2020,
    2020,
    2020,
    2020,
    2020,
    2020,
    2020,
    2020,
    2020,
    2020,
    2020,
    2020,
    2020,
    2020,
    2020,
    2020,
    2020,
    2020,
    2020,
    2020,
    2020,
    2020,
    2020,
    2020,
    2020,
    2020,
    2020,
    2020,
    2020,
    2020,
    2020,
    2020,
    2020,
    2020,
    2020,
    2020,
    2020,
    2020,
    2020,
    2020,
    2020,
    2020,
    2020,
    2020,
    2020,
    2020,
    2020,
    2020,
    2020,
    2020
  ],
  "entities": [
    13,
    65,
    110,
    124,
    90,
    130,
    70,
    136,
    28,
    1,
    3,
    6,
    5,
    4,
    9,
    8,
    11,
    138,
    162,
    92,
    10,
    149,
    161,
    135,
    144,
    14,
    171,
    137,
    238,
    37,
    113,
    103,
    129,
    64,
    133,
    150,
    68,
    32,
    81,
    44,
    23,
    96,
    141,
    84,
    75,
    42,
    125,
    142,
    106,
    158,
    115,
    89,
    60,
    127,
    198,
    152,
    131,
    126,
    111,
    12,
    67,
    40,
    43,
    80,
    166,
    16,
    17,
    21,
    24,
    27,
    34,
    35,
    39,
    172,
    170,
    168,
    165,
    163,
    160,
    201,
    259,
    156,
    155,
    153,
    147,
    134,
    2,
    143,
    122,
    119,
    66,
    116,
    212,
    213,
    112,
    215,
    108,
    107,
    105,
    102,
    98,
    97,
    95,
    88,
    85,
    83,
    7,
    76,
    71,
    72,
    63,
    62,
    379,
    355,
    294,
    273,
    275,
    276,
    295,
    277,
    457,
    460,
    459,
    461
  ]
}