{
  "values": [
    8.559662,
    4.3241177,
    2.5242267,
    15.113587,
    5.8786554,
    36.54909,
    38.42401,
    13.940492,
    3.8297055,
    9.582472,
    37.620426,
    15.629612,
    3.4537337,
    8.790957,
    13.036764,
    11.04118,
    2.5949967,
    7.5167522,
    16.22016,
    3.043847,
    2.0340724,
    3.879499,
    39.86831,
    4.6991553,
    2.8228536,
    3.4193552,
    8.724213,
    3.9602184,
    7.4830995,
    3.808467,
    3.0963209,
    10.403488,
    3.9439936,
    19.349518,
    29.742344,
    24.633383,
    1.4796249,
    38.950203,
    2.6878173,
    8.684712,
    2.9229887,
    7.373485,
    6.3496113,
    6.8117948,
    29.116098,
    4.261307,
    2.591904,
    5.0418205,
    35.005737,
    31.977667,
    8.36984,
    5.162966,
    3.7901306,
    39.22856,
    2.0341024,
    16.445007,
    9.381252,
    9.741662,
    5.205327,
    3.4715087,
    4.1240406,
    10.745054,
    16.795443,
    31.787012,
    2.8064911,
    3.1343296,
    7.1185336,
    31.011183,
    20.06365,
    29.053852,
    7.0991755,
    24.95787,
    8.112405,
    6.789788,
    2.6888888,
    4.199627,
    4.9795346,
    4.7370625,
    3.1448264,
    21.892115,
    15.32514,
    3.5583115,
    3.9214349,
    25.095133,
    46.3671,
    1.7681412,
    1.9434774,
    10.289324,
    6.9082475,
    3.4119062,
    33.33741,
    4.285373,
    4.6591196,
    6.6242456,
    9.8560505,
    4.0561433,
    9.579673,
    8.63526,
    9.921787,
    3.185466,
    2.033977,
    3.9405842,
    2.5306191,
    3.6678379,
    5.320317,
    43.059338,
    5.8132095,
    2.389853,
    3.307308,
    8.573164,
    43.163883,
    3.2350876,
    8.9104185,
    8.752623,
    2.3907468,
    8.290493,
    6.415967,
    3.9368985,
    21.063658,
    19.190796,
    14.9056835,
    14.497218,
    1.9632558,
    15.174201,
    5.1298923,
    6.4264507,
    4.20374,
    11.578054,
    13.903457,
    3.6826131,
    15.478639,
    30.624735,
    1.7831104,
    5.73409,
    33.60676,
    3.5283053,
    26.759096,
    4.4618864,
    6.9454117,
    33.7141,
    41.355286,
    8.360161,
    12.875388,
    4.2784977,
    2.0601592,
    6.6718373,
    3.512184,
    7.493642,
    7.5721245,
    8.697702,
    4.6123896,
    1.5190928,
    5.4879813,
    32.448383,
    44.0238,
    10.011916,
    5.450328,
    2.7443373,
    6.709889,
    4.2862463,
    3.7196462,
    2.1690578,
    2.3983622
  ],
  "years": [
    2020,
    2011,
    2018,
    2021,
    2021,
    2018,
    2021,
    2021,
    2022,
    2020,
    2021,
    2018,
    2022,
    2022,
    2021,
    2011,
    2016,
    2021,
    2021,
    2022,
    2020,
    2022,
    2020,
    2015,
    2021,
    2022,
    2022,
    2020,
    2021,
    2014,
    2012,
    2021,
    2022,
    2021,
    2021,
    2021,
    2020,
    2021,
    2017,
    2021,
    2014,
    2021,
    2022,
    2021,
    2021,
    2016,
    2015,
    2019,
    2021,
    2021,
    2017,
    2020,
    2021,
    2020,
    2017,
    2021,
    2018,
    2023,
    2018,
    2022,
    2012,
    2023,
    2021,
    2018,
    2011,
    2021,
    2023,
    2021,
    2021,
    2021,
    2021,
    2018,
    2010,
    2021,
    2021,
    2019,
    2017,
    2021,
    2018,
    2021,
    2012,
    2017,
    2016,
    2021,
    2021,
    2013,
    2019,
    2021,
    2020,
    2022,
    2021,
    2019,
    2020,
    2017,
    2022,
    2013,
    2021,
    2022,
    2021,
    2013,
    2020,
    2017,
    2015,
    2013,
    2022,
    2021,
    2014,
    2021,
    2019,
    2019,
    2021,
    2018,
    2023,
    2021,
    2010,
    2021,
    2021,
    2021,
    2021,
    2021,
    2021,
    2021,
    2017,
    2016,
    2013,
    2017,
    2022,
    2021,
    2018,
    2018,
    2021,
    2021,
    2013,
    2015,
    2021,
    2016,
    2021,
    2019,
    2014,
    2021,
    2021,
    2003,
    2021,
    2015,
    2018,
    2021,
    2022,
    2021,
    2021,
    2021,
    2010,
    2020,
    2020,
    2021,
    2021,
    2021,
    2021,
    2019,
    2006,
    2022,
    2014,
    2022,
    2019
  ],
  "entities": [
    16,
    17,
    19,
    21,
    22,
    23,
    24,
    25,
    28,
    30,
    4,
    31,
    32,
    33,
    34,
    35,
    36,
    37,
    39,
    40,
    41,
    43,
    44,
    45,
    174,
    173,
    172,
    171,
    170,
    169,
    168,
    166,
    143,
    165,
    163,
    162,
    167,
    161,
    154,
    160,
    225,
    201,
    65,
    259,
    156,
    78,
    158,
    202,
    155,
    3,
    153,
    151,
    152,
    6,
    150,
    149,
    206,
    148,
    147,
    94,
    145,
    139,
    138,
    207,
    137,
    136,
    134,
    2,
    133,
    8,
    132,
    14,
    130,
    131,
    129,
    204,
    379,
    126,
    125,
    122,
    124,
    123,
    121,
    119,
    210,
    118,
    117,
    116,
    211,
    115,
    212,
    223,
    114,
    213,
    113,
    222,
    111,
    112,
    215,
    110,
    109,
    142,
    108,
    218,
    107,
    5,
    105,
    104,
    103,
    66,
    102,
    101,
    140,
    100,
    99,
    98,
    97,
    96,
    11,
    95,
    92,
    12,
    91,
    229,
    239,
    232,
    89,
    88,
    233,
    87,
    85,
    83,
    195,
    81,
    127,
    258,
    9,
    141,
    79,
    10,
    7,
    77,
    198,
    76,
    64,
    75,
    74,
    235,
    71,
    70,
    237,
    68,
    67,
    1,
    13,
    63,
    62,
    221,
    238,
    84,
    61,
    60,
    80
  ]
}