{
  "values": [
    13.23412749,
    0.482553928,
    6.569920264,
    5.405786642,
    11.64944731,
    4.317320798,
    7.706273015,
    1.549330423,
    3.213904826,
    -5.092005583,
    1.421908366,
    9.606533957,
    6.462294264,
    8.161990223,
    5.343287266,
    6.995803392,
    0.068147071,
    34.43347404,
    -5.54665997,
    3.853028155,
    10.3970657,
    -9.55461301,
    4.297837464,
    1.565668286,
    -2.636837122,
    -6.61969631,
    3.846591127,
    26.28628723,
    -1.794300237,
    2.730965269,
    10.93191354,
    36.52930022,
    13.52452714,
    -1.558896664,
    5.172030339,
    54.90642658,
    -0.064972686,
    29.87641692,
    2.382418078,
    16.02070264,
    -0.126171167,
    -6.126232136,
    5.646286232,
    6.020787035,
    7.331354807,
    14.58865909,
    1.666610953,
    1.197555659,
    4.605903659,
    -2.002706876,
    9.529805473,
    9.522704831,
    11.04625708,
    -0.500406596,
    3.462351109,
    -7.708644921,
    8.728692833,
    -6.345490442,
    16.47967562,
    6.599979103,
    -7.703632391,
    6.600007762,
    10.60000476,
    6.60004263,
    -0.826161208,
    12.9999692,
    5.758996763,
    9.000023071,
    12.12012247,
    0.951366595,
    4.703055278,
    2.457979792,
    9.098423996,
    5.11746932,
    10.61889693,
    15.26488063,
    16.74119551,
    6.41073822,
    -1.793981845,
    9.954781021,
    22.19022554,
    -17.4708822,
    -0.717354333,
    4.420559154,
    5.116004165,
    13.81704353,
    11.45397183,
    17.84409095,
    16.4412319,
    9.811796217,
    13.87411124,
    12.87081429,
    16.32889863,
    9.143427575,
    3.199340071,
    5.296925184,
    7.676879747,
    1.344039324,
    11.04614588,
    5.952143727,
    12.09294889,
    16.55475445,
    4.93907792,
    16.06381722,
    1.561803723,
    5.534507109,
    2.603247441,
    -1.675277819,
    6.530832412,
    0.058664784,
    8.458450123,
    9.147679786,
    7.802143772,
    5.064197886,
    9.873079176,
    2.72726281,
    5.443611162,
    2.733399575,
    -12.37648586,
    -9.117475463
  ],
  "years": [
    1961,
    1961,
    1962,
    1962,
    1963,
    1963,
    1964,
    1964,
    1965,
    1965,
    1966,
    1966,
    1967,
    1967,
    1968,
    1968,
    1969,
    1969,
    1970,
    1970,
    1971,
    1971,
    1972,
    1972,
    1973,
    1973,
    1974,
    1974,
    1975,
    1975,
    1976,
    1976,
    1977,
    1977,
    1978,
    1978,
    1979,
    1979,
    1980,
    1980,
    1981,
    1981,
    1982,
    1982,
    1983,
    1983,
    1984,
    1984,
    1985,
    1985,
    1986,
    1986,
    1987,
    1987,
    1988,
    1988,
    1989,
    1989,
    1990,
    1990,
    1991,
    1991,
    1992,
    1992,
    1993,
    1993,
    1994,
    1994,
    1995,
    1995,
    1996,
    1996,
    1997,
    1997,
    1998,
    1998,
    1999,
    1999,
    2000,
    2000,
    2001,
    2001,
    2002,
    2002,
    2003,
    2003,
    2004,
    2004,
    2005,
    2005,
    2006,
    2006,
    2007,
    2007,
    2008,
    2008,
    2009,
    2009,
    2010,
    2010,
    2011,
    2011,
    2012,
    2012,
    2013,
    2013,
    2014,
    2014,
    2015,
    2015,
    2016,
    2016,
    2017,
    2017,
    2018,
    2018,
    2019,
    2019,
    2020,
    2020
  ],
  "entities": [
    137,
    141,
    137,
    141,
    137,
    141,
    137,
    141,
    137,
    141,
    137,
    141,
    137,
    141,
    137,
    141,
    137,
    141,
    137,
    141,
    137,
    141,
    137,
    141,
    137,
    141,
    137,
    141,
    137,
    141,
    137,
    141,
    137,
    141,
    137,
    141,
    137,
    141,
    137,
    141,
    137,
    141,
    137,
    141,
    137,
    141,
    137,
    141,
    137,
    141,
    137,
    141,
    137,
    141,
    137,
    141,
    137,
    141,
    137,
    141,
    137,
    141,
    137,
    141,
    137,
    141,
    137,
    141,
    137,
    141,
    137,
    141,
    137,
    141,
    137,
    141,
    137,
    141,
    137,
    141,
    137,
    141,
    137,
    141,
    137,
    141,
    137,
    141,
    137,
    141,
    137,
    141,
    137,
    141,
    137,
    141,
    137,
    141,
    137,
    141,
    137,
    141,
    137,
    141,
    137,
    141,
    137,
    141,
    137,
    141,
    137,
    141,
    137,
    141,
    137,
    141,
    137,
    141,
    137,
    141
  ]
}