{
  "values": [
    32,
    66,
    80,
    47,
    80,
    32,
    80,
    37,
    32,
    36,
    50,
    51,
    35,
    26,
    75,
    100,
    52,
    78,
    97,
    52.999996,
    135,
    74,
    41,
    71,
    50,
    187,
    393,
    112,
    108.00001,
    50,
    75,
    58.999996,
    279,
    154,
    52.999996,
    82,
    55,
    100,
    144,
    58,
    66,
    39,
    70,
    52,
    40,
    310,
    33,
    84,
    81,
    46,
    67,
    65,
    30.000002,
    47,
    38,
    65,
    122,
    41,
    50,
    37,
    35,
    93,
    111,
    40,
    88,
    34,
    61,
    52,
    117.99999,
    125,
    64,
    46,
    120.00001,
    44,
    54.000004,
    32,
    81,
    81,
    79,
    51,
    33,
    33,
    89,
    71,
    78,
    24,
    81,
    32,
    70,
    105.99999,
    67,
    38,
    88,
    194,
    235.99998,
    26,
    201,
    97,
    31,
    169,
    202,
    30.000002,
    91,
    97,
    56,
    104.99999,
    37,
    39,
    68,
    43,
    77,
    31,
    102,
    54.000004,
    279,
    139,
    58,
    32,
    37,
    126,
    310,
    100,
    44,
    40,
    43,
    31,
    70,
    72,
    48,
    64,
    70,
    61,
    37,
    29,
    46,
    27.000002,
    175,
    55,
    64,
    71,
    57,
    23,
    90,
    58,
    158,
    150,
    52,
    35,
    40,
    271,
    98,
    70,
    92,
    87,
    38,
    61,
    149,
    67,
    66,
    40,
    33,
    305,
    51,
    114,
    298,
    69,
    200,
    52,
    65,
    40,
    191,
    34,
    33,
    31,
    62,
    45,
    91,
    91,
    83,
    198
  ],
  "years": [
    2021,
    2021,
    2021,
    2021,
    2021,
    2021,
    2021,
    2021,
    2021,
    2021,
    2021,
    2021,
    2021,
    2021,
    2021,
    2021,
    2021,
    2021,
    2021,
    2021,
    2021,
    2021,
    2021,
    2021,
    2021,
    2021,
    2021,
    2021,
    2021,
    2021,
    2021,
    2021,
    2021,
    2021,
    2021,
    2021,
    2021,
    2021,
    2021,
    2021,
    2021,
    2021,
    2021,
    2021,
    2021,
    2021,
    2021,
    2021,
    2021,
    2021,
    2021,
    2021,
    2021,
    2021,
    2021,
    2021,
    2021,
    2021,
    2021,
    2021,
    2021,
    2021,
    2021,
    2021,
    2021,
    2021,
    2021,
    2021,
    2021,
    2021,
    2021,
    2021,
    2021,
    2021,
    2021,
    2021,
    2021,
    2021,
    2021,
    2021,
    2021,
    2021,
    2021,
    2021,
    2021,
    2021,
    2021,
    2021,
    2021,
    2021,
    2021,
    2021,
    2021,
    2021,
    2021,
    2021,
    2021,
    2021,
    2021,
    2021,
    2021,
    2021,
    2021,
    2021,
    2021,
    2021,
    2021,
    2021,
    2021,
    2021,
    2021,
    2021,
    2021,
    2021,
    2021,
    2021,
    2021,
    2021,
    2021,
    2021,
    2021,
    2021,
    2021,
    2021,
    2021,
    2021,
    2021,
    2021,
    2021,
    2021,
    2021,
    2021,
    2021,
    2021,
    2021,
    2021,
    2021,
    2021,
    2021,
    2021,
    2021,
    2021,
    2021,
    2021,
    2021,
    2021,
    2021,
    2021,
    2021,
    2021,
    2021,
    2021,
    2021,
    2021,
    2021,
    2021,
    2021,
    2021,
    2021,
    2021,
    2021,
    2021,
    2021,
    2021,
    2021,
    2021,
    2021,
    2021,
    2021,
    2021,
    2021,
    2021,
    2021,
    2021,
    2021,
    2021,
    2021,
    2021,
    2021,
    2021
  ],
  "entities": [
    16,
    17,
    19,
    228,
    20,
    22,
    219,
    23,
    24,
    25,
    27,
    28,
    30,
    4,
    31,
    32,
    194,
    33,
    34,
    35,
    36,
    37,
    196,
    38,
    39,
    40,
    41,
    42,
    43,
    44,
    45,
    197,
    174,
    173,
    172,
    171,
    170,
    169,
    168,
    166,
    143,
    165,
    279,
    163,
    162,
    167,
    161,
    154,
    200,
    160,
    277954,
    201,
    65,
    159,
    156,
    78,
    158,
    277951,
    202,
    155,
    3,
    153,
    151,
    6,
    150,
    149,
    206,
    148,
    147,
    94,
    146,
    457,
    139,
    144,
    138,
    207,
    137,
    136,
    134,
    2,
    133,
    8,
    132,
    14,
    130,
    131,
    129,
    208,
    126,
    125,
    277948,
    122,
    124,
    123,
    121,
    119,
    461,
    460,
    210,
    118,
    117,
    116,
    211,
    115,
    212,
    114,
    213,
    113,
    278895,
    111,
    112,
    215,
    216,
    110,
    109,
    108,
    107,
    5,
    106,
    105,
    104,
    103,
    278896,
    66,
    102,
    217,
    101,
    140,
    100,
    98,
    97,
    96,
    11,
    95,
    226,
    92,
    91,
    227,
    229,
    230,
    232,
    90,
    89,
    88,
    233,
    87,
    86,
    85,
    83,
    82,
    81,
    277956,
    127,
    258,
    9,
    141,
    277950,
    79,
    234,
    10,
    7,
    77,
    198,
    76,
    64,
    75,
    74,
    73,
    71,
    70,
    68,
    72,
    1,
    13,
    459,
    63,
    62,
    84,
    355,
    60
  ]
}