{
  "values": [
    70.4,
    18.14,
    56.9,
    73.700005,
    61.646152,
    64.4,
    91.9,
    78.4,
    79.18,
    59.199997,
    63.1,
    58.8875,
    60,
    41.025,
    63.4,
    58.55,
    58.766666,
    17.3,
    69.95417,
    81.48421,
    72.4,
    57,
    58.028572,
    57.68,
    59.04,
    30.5,
    63.6,
    66.06571,
    75.775,
    44.9,
    87.62222,
    8,
    27,
    31.785715,
    69.022224,
    16.7,
    46.6625,
    60.466663,
    29.55,
    42.08889,
    71.656,
    53.579998,
    23,
    26.814285,
    52.115383,
    41.255554,
    21.8,
    22.25,
    18.55,
    70.3,
    48.055557,
    54,
    24.1875,
    20.0625,
    48.044445,
    45.1,
    33.36667,
    58.88,
    33.75,
    25.3,
    31.433334,
    25.444445,
    12.475,
    30.14,
    48.971428,
    84.100006,
    29.463636,
    21.8,
    46.326668,
    15.1,
    57.819233,
    81,
    36.75,
    29.866667,
    39.89,
    61.4,
    47.05,
    63.64545,
    46.5,
    28.3375,
    15.757143,
    44.45,
    33.85,
    23.9,
    75.8,
    20.3,
    56.82963,
    27.561905,
    30.948387,
    58.8,
    46.816666,
    23.6375,
    43.06429,
    25.253845,
    32.1,
    23.566666,
    45.855556,
    65.7,
    12,
    53.899998,
    25.9,
    98.14286,
    52.355556,
    62.52,
    12.049999,
    60.157894,
    31.804546,
    19,
    54.16,
    24.533333,
    46.2,
    49.4,
    97.7,
    16.225,
    28.25,
    52.592308,
    17.2,
    43.94,
    35.6,
    28.98261,
    91.81765
  ],
  "years": [
    2014,
    2018,
    2018,
    2020,
    2020,
    2020,
    2020,
    2020,
    2020,
    2020,
    2020,
    2020,
    2020,
    2020,
    2020,
    2020,
    2020,
    2020,
    2020,
    2020,
    2020,
    2020,
    2020,
    2020,
    2020,
    2020,
    2020,
    2020,
    2020,
    2020,
    2020,
    2020,
    2020,
    2020,
    2020,
    2020,
    2020,
    2020,
    2020,
    2020,
    2020,
    2020,
    2020,
    2020,
    2020,
    2020,
    2020,
    2020,
    2020,
    2020,
    2020,
    2020,
    2020,
    2020,
    2020,
    2020,
    2020,
    2020,
    2020,
    2020,
    2020,
    2020,
    2020,
    2020,
    2020,
    2020,
    2020,
    2020,
    2020,
    2020,
    2020,
    2020,
    2020,
    2020,
    2020,
    2020,
    2020,
    2020,
    2020,
    2020,
    2020,
    2020,
    2020,
    2020,
    2020,
    2020,
    2020,
    2020,
    2020,
    2020,
    2020,
    2020,
    2020,
    2020,
    2020,
    2020,
    2020,
    2020,
    2020,
    2020,
    2020,
    2020,
    2020,
    2020,
    2020,
    2020,
    2020,
    2020,
    2020,
    2020,
    2020,
    2020,
    2020,
    2020,
    2020,
    2020,
    2020,
    2020,
    2020,
    2021,
    2022
  ],
  "entities": [
    36,
    27,
    102,
    1,
    3,
    4,
    5,
    6,
    7,
    8,
    9,
    11,
    12,
    13,
    14,
    15,
    17,
    19,
    21,
    23,
    24,
    25,
    28,
    30,
    32,
    33,
    34,
    37,
    39,
    40,
    44,
    60,
    61,
    62,
    63,
    64,
    65,
    67,
    68,
    69,
    70,
    72,
    74,
    75,
    76,
    79,
    80,
    81,
    84,
    86,
    88,
    89,
    90,
    91,
    92,
    94,
    96,
    97,
    98,
    99,
    100,
    101,
    103,
    104,
    105,
    106,
    107,
    109,
    110,
    112,
    113,
    115,
    116,
    117,
    118,
    119,
    124,
    126,
    127,
    128,
    129,
    130,
    131,
    132,
    133,
    134,
    135,
    136,
    137,
    138,
    139,
    140,
    141,
    142,
    143,
    145,
    148,
    149,
    150,
    158,
    160,
    161,
    164,
    166,
    167,
    170,
    171,
    195,
    201,
    202,
    203,
    208,
    211,
    217,
    226,
    238,
    239,
    259,
    266,
    71,
    172
  ]
}