{
  "values": [
    33.288269,
    33.08989,
    32.581635,
    27.678499,
    28.749149,
    31.548655,
    31.428608,
    34.929543,
    36.459496,
    27.900848,
    33.018063,
    33.227013,
    40.86298,
    31.422386,
    36.81118,
    45.430393,
    49.748711,
    52.831291,
    42.150318,
    44.81554,
    34.752525,
    30.679569,
    44.947338,
    48.158779,
    43.19746,
    49.396538,
    43.504536,
    46.389057,
    59.075512,
    39.830814,
    48.394787,
    43.738914,
    63.241299,
    44.837841,
    36.722076,
    56.42429,
    55.836731,
    48.892708,
    59.997269,
    33.566589,
    60.186779,
    63.556183,
    46.092148,
    41.533077,
    57.185249,
    51.846153,
    40.295242,
    42.54813,
    58.25132,
    39.211174,
    45.818237,
    56.430374,
    40.005745,
    59.881123,
    51.101238,
    44.624607,
    53.620869,
    60.525871,
    56.29245,
    66.235527,
    26.210133,
    44.181568,
    27.355919,
    40.066582,
    56.069618,
    36.074764,
    58.037209,
    61.053654,
    36.69709,
    61.015034,
    36.413448,
    46.566174,
    43.960674,
    45.859882,
    53.128635,
    50.38166,
    42.697247,
    26.367861,
    48.82732,
    56.048435,
    45.346809,
    51.933609,
    38.076752,
    54.069881,
    59.241741,
    58.103359,
    44.760967,
    47.753891,
    47.35965,
    55.356335,
    55.77187,
    46.10717,
    59.446354,
    58.570362,
    35.401993,
    56.452393,
    35.96933,
    58.077293,
    49.58073,
    43.394638,
    32.755951,
    60.505604,
    50.837284,
    44.592979,
    50.882977,
    41.457355,
    57.096573,
    52.035099,
    44.771229,
    30.791712,
    50.615417,
    56.189411,
    40.546158,
    43.540455,
    58.657127,
    53.42971,
    55.452682,
    48.733685,
    55.771179,
    47.14328,
    36.036598,
    56.033646,
    60.183247,
    49.083839,
    58.586025,
    56.508888,
    27.08444,
    35.663216,
    55.50679,
    44.229076,
    29.042362,
    26.065964,
    35.793324,
    31.864294,
    48.680901,
    58.415119,
    60.64518,
    62.650131,
    51.623917,
    52.941723,
    48.906551,
    55.754589,
    60.848492,
    32.572704,
    45.195141,
    46.824795,
    25.491327,
    32.550323,
    39.316498,
    28.883324,
    56.433678,
    36.302628,
    52.52486,
    47.572414,
    42.588009,
    55.07608,
    44.082184,
    58.145046,
    43.342983,
    42.143951,
    41.341179
  ],
  "years": [
    2015,
    2015,
    2015,
    2015,
    2015,
    2015,
    2015,
    2015,
    2015,
    2015,
    2015,
    2015,
    2015,
    2015,
    2015,
    2015,
    2015,
    2015,
    2015,
    2015,
    2015,
    2015,
    2015,
    2015,
    2015,
    2015,
    2015,
    2015,
    2015,
    2015,
    2015,
    2015,
    2015,
    2015,
    2015,
    2015,
    2015,
    2015,
    2015,
    2015,
    2015,
    2015,
    2015,
    2015,
    2015,
    2015,
    2015,
    2015,
    2015,
    2015,
    2015,
    2015,
    2015,
    2015,
    2015,
    2015,
    2015,
    2015,
    2015,
    2015,
    2015,
    2015,
    2015,
    2015,
    2015,
    2015,
    2015,
    2015,
    2015,
    2015,
    2015,
    2015,
    2015,
    2015,
    2015,
    2015,
    2015,
    2015,
    2015,
    2015,
    2015,
    2015,
    2015,
    2015,
    2015,
    2015,
    2015,
    2015,
    2015,
    2015,
    2015,
    2015,
    2015,
    2015,
    2015,
    2015,
    2015,
    2015,
    2015,
    2015,
    2015,
    2015,
    2015,
    2015,
    2015,
    2015,
    2015,
    2015,
    2015,
    2015,
    2015,
    2015,
    2015,
    2015,
    2015,
    2015,
    2015,
    2015,
    2015,
    2015,
    2015,
    2015,
    2015,
    2015,
    2015,
    2015,
    2015,
    2015,
    2015,
    2015,
    2015,
    2015,
    2015,
    2015,
    2015,
    2015,
    2015,
    2015,
    2015,
    2015,
    2015,
    2015,
    2015,
    2015,
    2015,
    2015,
    2015,
    2015,
    2015,
    2015,
    2015,
    2015,
    2015,
    2015,
    2015,
    2015,
    2015,
    2015,
    2015,
    2015,
    2015
  ],
  "entities": [
    1,
    2,
    3,
    4,
    5,
    6,
    7,
    8,
    9,
    10,
    11,
    12,
    13,
    14,
    15,
    16,
    17,
    19,
    21,
    22,
    23,
    24,
    25,
    26,
    28,
    29,
    30,
    31,
    32,
    33,
    34,
    35,
    36,
    37,
    39,
    40,
    41,
    42,
    43,
    44,
    45,
    60,
    62,
    63,
    64,
    65,
    66,
    67,
    68,
    69,
    70,
    71,
    73,
    74,
    75,
    76,
    77,
    78,
    79,
    81,
    83,
    84,
    85,
    86,
    87,
    88,
    89,
    91,
    92,
    94,
    95,
    96,
    97,
    98,
    99,
    100,
    101,
    102,
    103,
    104,
    105,
    106,
    107,
    108,
    109,
    110,
    111,
    112,
    113,
    114,
    115,
    116,
    117,
    118,
    119,
    121,
    122,
    123,
    125,
    126,
    127,
    129,
    130,
    131,
    132,
    133,
    135,
    136,
    137,
    138,
    139,
    140,
    141,
    142,
    143,
    144,
    145,
    146,
    147,
    148,
    149,
    150,
    151,
    152,
    153,
    154,
    155,
    156,
    158,
    160,
    161,
    162,
    163,
    165,
    166,
    167,
    168,
    169,
    170,
    171,
    172,
    173,
    174,
    198,
    201,
    202,
    207,
    210,
    211,
    212,
    213,
    215,
    222,
    225,
    229,
    232,
    233,
    234,
    238,
    259,
    379
  ]
}