{
  "values": [
    10.08333,
    1.693227,
    4.32205,
    4.846141,
    1.838917,
    3.431911,
    5.691234,
    3.877989,
    0.705222,
    3.416667,
    3.329302,
    6.676342,
    3.400775,
    6.580964,
    6.89968,
    2.6,
    4.478889,
    5.114162,
    3.318203,
    2.843915,
    6.052631,
    2.462644,
    1.147979,
    5.946902,
    4.242929,
    6.338616,
    7.372476,
    3.583333,
    1.878039,
    0.1627339,
    0.499168,
    2.120669,
    1.963351,
    2.017172,
    4.366513,
    1.123183,
    7.24166,
    13.93189,
    7.6,
    7.331985,
    2.501226,
    3.648153,
    6.270847,
    4.666667,
    9.25,
    1.678264,
    1.330377,
    1.75,
    3.075644,
    4.062424,
    5.485893,
    6.554756,
    6.369915,
    3.6,
    4.446707,
    7.666667,
    2.166667,
    4.127888,
    1.254181,
    6.771345,
    5.076923,
    7.616146,
    1.154957,
    4.7,
    9.24466,
    26.46805,
    1.75,
    15.5,
    5.083333,
    1.524711,
    5.083089,
    3.567182,
    3.965184,
    4.666667,
    4.310098,
    2.467317,
    6.497891,
    1.374473,
    2.055138,
    5.3,
    3.526845,
    2.452957,
    10.02545,
    12.32131,
    1.942473,
    3.194321,
    4.420881,
    1.651877,
    1.68424,
    4.227401,
    6.376202,
    0.6548789,
    2.48566,
    12.87594,
    4.102468,
    4.376399,
    0.5612722,
    8.543641,
    3.59332,
    3.212851,
    2.048292,
    6.150346,
    4.655025,
    3.729858,
    3.583333,
    4.33952,
    5.696266,
    4.104104,
    3.40249,
    1.821192,
    2.430039,
    3.562552,
    3.701902,
    6.292127,
    8.445971,
    9.732027,
    3.5,
    3.755384,
    4.066667,
    9.579832,
    6.166667,
    3.7,
    8.473238,
    1.316872
  ],
  "years": [
    2014,
    2022,
    2014,
    2022,
    2014,
    2022,
    2014,
    2022,
    2014,
    2022,
    2014,
    2022,
    2014,
    2022,
    2022,
    2014,
    2022,
    2014,
    2022,
    2014,
    2022,
    2014,
    2022,
    2022,
    2014,
    2022,
    2014,
    2022,
    2014,
    2022,
    2014,
    2014,
    2022,
    2014,
    2022,
    2022,
    2022,
    2014,
    2014,
    2022,
    2014,
    2022,
    2022,
    2014,
    2022,
    2014,
    2022,
    2014,
    2022,
    2014,
    2022,
    2022,
    2014,
    2014,
    2022,
    2014,
    2022,
    2014,
    2022,
    2022,
    2014,
    2022,
    2022,
    2014,
    2022,
    2022,
    2014,
    2022,
    2022,
    2014,
    2022,
    2014,
    2022,
    2022,
    2014,
    2022,
    2022,
    2014,
    2022,
    2014,
    2014,
    2022,
    2014,
    2022,
    2014,
    2022,
    2014,
    2014,
    2022,
    2014,
    2022,
    2014,
    2022,
    2014,
    2022,
    2022,
    2014,
    2014,
    2014,
    2022,
    2014,
    2014,
    2014,
    2022,
    2022,
    2014,
    2022,
    2014,
    2014,
    2022,
    2014,
    2022,
    2014,
    2022,
    2014,
    2022,
    2014,
    2022,
    2014,
    2022,
    2022,
    2014,
    2014,
    2022
  ],
  "entities": [
    17,
    18,
    21,
    21,
    22,
    22,
    23,
    23,
    25,
    28,
    30,
    34,
    37,
    37,
    44,
    172,
    172,
    171,
    171,
    170,
    170,
    163,
    163,
    162,
    201,
    201,
    65,
    65,
    156,
    158,
    152,
    6,
    6,
    150,
    1,
    149,
    148,
    145,
    144,
    144,
    137,
    136,
    135,
    134,
    134,
    14,
    14,
    130,
    130,
    131,
    131,
    129,
    208,
    126,
    126,
    124,
    124,
    120,
    120,
    262,
    116,
    116,
    211,
    113,
    113,
    112,
    110,
    110,
    142,
    5,
    5,
    106,
    106,
    105,
    103,
    103,
    357,
    101,
    101,
    140,
    97,
    97,
    96,
    96,
    11,
    93,
    226,
    92,
    92,
    12,
    12,
    91,
    88,
    86,
    86,
    85,
    83,
    81,
    127,
    127,
    9,
    10,
    198,
    198,
    76,
    75,
    75,
    73,
    71,
    71,
    70,
    70,
    67,
    67,
    13,
    13,
    63,
    63,
    62,
    238,
    84,
    61,
    80,
    80
  ]
}