{
  "values": [
    72.83334,
    97.01196,
    89.80753,
    88.58936,
    96.42221,
    94.21347,
    88.71738,
    89.88028,
    96.81422,
    95.83333,
    94.42101,
    86.79245,
    91.66802,
    87.11932,
    83.40741,
    92.8,
    82.9806,
    68.8926,
    93.51933,
    94.51058,
    89.21053,
    94.75211,
    96.40352,
    85.31672,
    91.43095,
    84.65388,
    85.78192,
    94.75,
    95.64297,
    94.62978,
    99.33444,
    94.12508,
    96.53142,
    94.47675,
    93.13082,
    97.59308,
    81.2856,
    55.26316,
    85.8,
    86.29524,
    91.83424,
    92.17318,
    87.52502,
    91,
    80.08334,
    92.01801,
    95.56541,
    96.5,
    95.17872,
    90.97347,
    81.97492,
    73.22142,
    82.88565,
    89.60001,
    88.6765,
    77.58333,
    93.25,
    87.45847,
    91.97324,
    86.26104,
    86.76923,
    71.1348,
    97.11261,
    86.9,
    79.90788,
    66.75467,
    92.33334,
    73.25,
    94.5,
    92.53417,
    89.93157,
    90.13079,
    92.55319,
    87.66666,
    87.83638,
    93.62225,
    91.7547,
    96.54048,
    90.97744,
    88.3,
    88.59902,
    93.87195,
    68.01474,
    62.81462,
    94.80855,
    91.92547,
    90.05177,
    93.62306,
    94.18318,
    88.78358,
    83.04401,
    96.79109,
    72.75335,
    74.38312,
    93.08666,
    86.79895,
    93.91955,
    55.78151,
    93.30857,
    92.61044,
    95.35995,
    84.11999,
    88.9553,
    94.56095,
    93.91666,
    92.56577,
    89.94543,
    92.89289,
    91.28631,
    96.02649,
    95.52661,
    88.52527,
    92.96239,
    84.95988,
    81.74519,
    81.41551,
    92.6,
    89.07784,
    93.6,
    83.27731,
    77.33333,
    85.8,
    82.07545,
    91.11111
  ],
  "years": [
    2014,
    2022,
    2014,
    2022,
    2014,
    2022,
    2014,
    2022,
    2014,
    2022,
    2014,
    2022,
    2014,
    2022,
    2022,
    2014,
    2022,
    2014,
    2022,
    2014,
    2022,
    2014,
    2022,
    2022,
    2014,
    2022,
    2014,
    2022,
    2014,
    2022,
    2014,
    2014,
    2022,
    2014,
    2022,
    2022,
    2022,
    2014,
    2014,
    2022,
    2014,
    2022,
    2022,
    2014,
    2022,
    2014,
    2022,
    2014,
    2022,
    2014,
    2022,
    2022,
    2014,
    2014,
    2022,
    2014,
    2022,
    2014,
    2022,
    2022,
    2014,
    2022,
    2022,
    2014,
    2022,
    2022,
    2014,
    2022,
    2022,
    2014,
    2022,
    2014,
    2022,
    2022,
    2014,
    2022,
    2022,
    2014,
    2022,
    2014,
    2014,
    2022,
    2014,
    2022,
    2014,
    2022,
    2014,
    2014,
    2022,
    2014,
    2022,
    2014,
    2022,
    2014,
    2022,
    2022,
    2014,
    2014,
    2014,
    2022,
    2014,
    2014,
    2014,
    2022,
    2022,
    2014,
    2022,
    2014,
    2014,
    2022,
    2014,
    2022,
    2014,
    2022,
    2014,
    2022,
    2014,
    2022,
    2014,
    2022,
    2022,
    2014,
    2014,
    2022
  ],
  "entities": [
    17,
    18,
    21,
    21,
    22,
    22,
    23,
    23,
    25,
    28,
    30,
    34,
    37,
    37,
    44,
    172,
    172,
    171,
    171,
    170,
    170,
    163,
    163,
    162,
    201,
    201,
    65,
    65,
    156,
    158,
    152,
    6,
    6,
    150,
    1,
    149,
    148,
    145,
    144,
    144,
    137,
    136,
    135,
    134,
    134,
    14,
    14,
    130,
    130,
    131,
    131,
    129,
    208,
    126,
    126,
    124,
    124,
    120,
    120,
    262,
    116,
    116,
    211,
    113,
    113,
    112,
    110,
    110,
    142,
    5,
    5,
    106,
    106,
    105,
    103,
    103,
    357,
    101,
    101,
    140,
    97,
    97,
    96,
    96,
    11,
    93,
    226,
    92,
    92,
    12,
    12,
    91,
    88,
    86,
    86,
    85,
    83,
    81,
    127,
    127,
    9,
    10,
    198,
    198,
    76,
    75,
    75,
    73,
    71,
    71,
    70,
    70,
    67,
    67,
    13,
    13,
    63,
    63,
    62,
    238,
    84,
    61,
    80,
    80
  ]
}