{
  "values": [
    12,
    1.095618,
    3.910455,
    5.434376,
    1.33508,
    2.032851,
    4.992502,
    4.834085,
    2.480553,
    0.75,
    2.107557,
    5.418481,
    4.620243,
    5.03644,
    9.692912,
    2.2,
    11.45969,
    10.71503,
    2.80233,
    2.513227,
    4.736842,
    2.483087,
    1.944455,
    8.297883,
    4.326123,
    8.673895,
    6.845604,
    1,
    1.648136,
    5.126119,
    0.0831947,
    2.965848,
    1.17801,
    3.50608,
    2.319492,
    0.8068471,
    9.438567,
    30.80495,
    6.4,
    6.317392,
    4.536538,
    4.065719,
    6.070714,
    3.916667,
    10.66667,
    2.087597,
    1.182557,
    1.75,
    1.579385,
    4.964107,
    6.896552,
    17.66587,
    7.290867,
    6.666667,
    3.453143,
    14.75,
    4.583333,
    5.525321,
    2.257525,
    6.967615,
    8.153846,
    21.24905,
    1.539942,
    8.299999,
    9.817531,
    6.777286,
    1.25,
    11.25,
    0.3333333,
    2.786541,
    2.00391,
    3.448276,
    2.417795,
    7.666667,
    7.853527,
    3.91044,
    1.659539,
    2.085047,
    5.513784,
    5.4,
    5.901251,
    3.308276,
    21.89624,
    24.86407,
    1.995149,
    3.815439,
    5.438483,
    2.261732,
    2.300285,
    4.242969,
    8.028326,
    2.554028,
    20.17208,
    12.74094,
    2.382956,
    8.315442,
    3.64827,
    33.87508,
    2.814228,
    4.176707,
    1.62868,
    7.898299,
    2.650667,
    1.709191,
    2.5,
    2.675394,
    4.358308,
    2.002002,
    3.73444,
    1.903974,
    1.883806,
    7.249378,
    3.335701,
    5.430937,
    7.075943,
    7.869185,
    2.1,
    6.374232,
    2.266667,
    7.142858,
    16.5,
    4.5,
    9.451317,
    7.407407
  ],
  "years": [
    2014,
    2022,
    2014,
    2022,
    2014,
    2022,
    2014,
    2022,
    2014,
    2022,
    2014,
    2022,
    2014,
    2022,
    2022,
    2014,
    2022,
    2014,
    2022,
    2014,
    2022,
    2014,
    2022,
    2022,
    2014,
    2022,
    2014,
    2022,
    2014,
    2022,
    2014,
    2014,
    2022,
    2014,
    2022,
    2022,
    2022,
    2014,
    2014,
    2022,
    2014,
    2022,
    2022,
    2014,
    2022,
    2014,
    2022,
    2014,
    2022,
    2014,
    2022,
    2022,
    2014,
    2014,
    2022,
    2014,
    2022,
    2014,
    2022,
    2022,
    2014,
    2022,
    2022,
    2014,
    2022,
    2022,
    2014,
    2022,
    2022,
    2014,
    2022,
    2014,
    2022,
    2022,
    2014,
    2022,
    2022,
    2014,
    2022,
    2014,
    2014,
    2022,
    2014,
    2022,
    2014,
    2022,
    2014,
    2014,
    2022,
    2014,
    2022,
    2014,
    2022,
    2014,
    2022,
    2022,
    2014,
    2014,
    2014,
    2022,
    2014,
    2014,
    2014,
    2022,
    2022,
    2014,
    2022,
    2014,
    2014,
    2022,
    2014,
    2022,
    2014,
    2022,
    2014,
    2022,
    2014,
    2022,
    2014,
    2022,
    2022,
    2014,
    2014,
    2022
  ],
  "entities": [
    17,
    18,
    21,
    21,
    22,
    22,
    23,
    23,
    25,
    28,
    30,
    34,
    37,
    37,
    44,
    172,
    172,
    171,
    171,
    170,
    170,
    163,
    163,
    162,
    201,
    201,
    65,
    65,
    156,
    158,
    152,
    6,
    6,
    150,
    1,
    149,
    148,
    145,
    144,
    144,
    137,
    136,
    135,
    134,
    134,
    14,
    14,
    130,
    130,
    131,
    131,
    129,
    208,
    126,
    126,
    124,
    124,
    120,
    120,
    262,
    116,
    116,
    211,
    113,
    113,
    112,
    110,
    110,
    142,
    5,
    5,
    106,
    106,
    105,
    103,
    103,
    357,
    101,
    101,
    140,
    97,
    97,
    96,
    96,
    11,
    93,
    226,
    92,
    92,
    12,
    12,
    91,
    88,
    86,
    86,
    85,
    83,
    81,
    127,
    127,
    9,
    10,
    198,
    198,
    76,
    75,
    75,
    73,
    71,
    71,
    70,
    70,
    67,
    67,
    13,
    13,
    63,
    63,
    62,
    238,
    84,
    61,
    80,
    80
  ]
}