{
  "values": [
    0,
    0,
    0.7236859,
    0.6817642,
    0.3383172,
    0.1147419,
    0,
    0,
    0,
    0,
    0.1421325,
    0.9675859,
    0.2545593,
    1.052496,
    0,
    2.2,
    0.6996065,
    1.24583,
    0.0149966,
    0.0661376,
    0,
    0.3021527,
    0.3479793,
    0.4384976,
    0,
    0.3336113,
    0,
    0.6666667,
    0.8308553,
    0.081367,
    0.0831947,
    0.5059847,
    0.065445,
    0,
    0.1268391,
    0.1050144,
    0,
    0,
    0,
    0,
    0,
    0.0679467,
    0.0667111,
    0.4166667,
    0,
    4.216128,
    0.443459,
    0,
    0.166251,
    0,
    3.761755,
    1.678657,
    1.074444,
    0.0666667,
    3.086094,
    0,
    0,
    2.309786,
    4.51505,
    0,
    0,
    0,
    0,
    0.1,
    0.9641384,
    0,
    2.583333,
    0,
    0.0833333,
    2.418507,
    2.492669,
    1.070155,
    1.06383,
    0,
    0,
    0,
    0,
    0,
    0.3007519,
    1,
    1.333967,
    0.3324377,
    0,
    0,
    0.8375196,
    0,
    0.0888661,
    1.945605,
    1.295504,
    2.383687,
    2.306895,
    0,
    0.669216,
    0,
    0,
    0.2629459,
    1.028999,
    1.799759,
    0,
    0,
    0.809319,
    1.188066,
    3.354602,
    0,
    0,
    0,
    0,
    1.001001,
    1.576764,
    0.0827815,
    0.0855809,
    0.2071251,
    0,
    2.916349,
    0,
    0,
    1.4,
    0.2569069,
    0,
    0,
    0,
    6,
    0,
    0.1646091
  ],
  "years": [
    2014,
    2022,
    2014,
    2022,
    2014,
    2022,
    2014,
    2022,
    2014,
    2022,
    2014,
    2022,
    2014,
    2022,
    2022,
    2014,
    2022,
    2014,
    2022,
    2014,
    2022,
    2014,
    2022,
    2022,
    2014,
    2022,
    2014,
    2022,
    2014,
    2022,
    2014,
    2014,
    2022,
    2014,
    2022,
    2022,
    2022,
    2014,
    2014,
    2022,
    2014,
    2022,
    2022,
    2014,
    2022,
    2014,
    2022,
    2014,
    2022,
    2014,
    2022,
    2022,
    2014,
    2014,
    2022,
    2014,
    2022,
    2014,
    2022,
    2022,
    2014,
    2022,
    2022,
    2014,
    2022,
    2022,
    2014,
    2022,
    2022,
    2014,
    2022,
    2014,
    2022,
    2022,
    2014,
    2022,
    2022,
    2014,
    2022,
    2014,
    2014,
    2022,
    2014,
    2022,
    2014,
    2022,
    2014,
    2014,
    2022,
    2014,
    2022,
    2014,
    2022,
    2014,
    2022,
    2022,
    2014,
    2014,
    2014,
    2022,
    2014,
    2014,
    2014,
    2022,
    2022,
    2014,
    2022,
    2014,
    2014,
    2022,
    2014,
    2022,
    2014,
    2022,
    2014,
    2022,
    2014,
    2022,
    2014,
    2022,
    2022,
    2014,
    2014,
    2022
  ],
  "entities": [
    17,
    18,
    21,
    21,
    22,
    22,
    23,
    23,
    25,
    28,
    30,
    34,
    37,
    37,
    44,
    172,
    172,
    171,
    171,
    170,
    170,
    163,
    163,
    162,
    201,
    201,
    65,
    65,
    156,
    158,
    152,
    6,
    6,
    150,
    1,
    149,
    148,
    145,
    144,
    144,
    137,
    136,
    135,
    134,
    134,
    14,
    14,
    130,
    130,
    131,
    131,
    129,
    208,
    126,
    126,
    124,
    124,
    120,
    120,
    262,
    116,
    116,
    211,
    113,
    113,
    112,
    110,
    110,
    142,
    5,
    5,
    106,
    106,
    105,
    103,
    103,
    357,
    101,
    101,
    140,
    97,
    97,
    96,
    96,
    11,
    93,
    226,
    92,
    92,
    12,
    12,
    91,
    88,
    86,
    86,
    85,
    83,
    81,
    127,
    127,
    9,
    10,
    198,
    198,
    76,
    75,
    75,
    73,
    71,
    71,
    70,
    70,
    67,
    67,
    13,
    13,
    63,
    63,
    62,
    238,
    84,
    61,
    80,
    80
  ]
}