{
  "values": [
    5.083333,
    0.1992032,
    1.236289,
    0.4483617,
    0.0654807,
    0.2070223,
    0.5988837,
    1.407653,
    0,
    0,
    0,
    0.1451379,
    0.0563982,
    0.210775,
    0,
    0.2,
    0.3812165,
    14.03238,
    0.3451435,
    0.0661376,
    0,
    0,
    0.1560621,
    0,
    0,
    0,
    0,
    0,
    0,
    0,
    0,
    0.2824162,
    0.2617801,
    0,
    0.0563365,
    0.3718757,
    2.034174,
    0,
    0.2,
    0.0553847,
    1.128004,
    0.0450041,
    0.0667111,
    0,
    0,
    0,
    1.478197,
    0,
    0,
    0,
    1.880878,
    0.8792965,
    2.379125,
    0.0666667,
    0.3375538,
    0,
    0,
    0.5785376,
    0,
    0,
    0,
    0,
    0.1924928,
    0,
    0.0657974,
    0,
    2.083333,
    0,
    0,
    0.7360673,
    0.4887586,
    1.783591,
    0,
    0,
    0,
    0,
    0.0878696,
    0,
    1.152882,
    0,
    0.6389136,
    0.0343866,
    0.0635693,
    0,
    0.4163096,
    1.064774,
    0,
    0.5177248,
    0.5367921,
    0.3623679,
    0.2445634,
    0,
    3.919694,
    0,
    0.4279181,
    0.2462613,
    0.8419083,
    0,
    0.2838756,
    0,
    0.1537667,
    0.6433021,
    0.384409,
    0,
    0,
    0.419313,
    0,
    0,
    0,
    0.1655629,
    0.0739638,
    0.4556752,
    0,
    0.4007072,
    2.732889,
    0.9832809,
    0.4,
    0.5356317,
    0.0666667,
    0,
    0,
    0,
    0,
    0
  ],
  "years": [
    2014,
    2022,
    2014,
    2022,
    2014,
    2022,
    2014,
    2022,
    2014,
    2022,
    2014,
    2022,
    2014,
    2022,
    2022,
    2014,
    2022,
    2014,
    2022,
    2014,
    2022,
    2014,
    2022,
    2022,
    2014,
    2022,
    2014,
    2022,
    2014,
    2022,
    2014,
    2014,
    2022,
    2014,
    2022,
    2022,
    2022,
    2014,
    2014,
    2022,
    2014,
    2022,
    2022,
    2014,
    2022,
    2014,
    2022,
    2014,
    2022,
    2014,
    2022,
    2022,
    2014,
    2014,
    2022,
    2014,
    2022,
    2014,
    2022,
    2022,
    2014,
    2022,
    2022,
    2014,
    2022,
    2022,
    2014,
    2022,
    2022,
    2014,
    2022,
    2014,
    2022,
    2022,
    2014,
    2022,
    2022,
    2014,
    2022,
    2014,
    2014,
    2022,
    2014,
    2022,
    2014,
    2022,
    2014,
    2014,
    2022,
    2014,
    2022,
    2014,
    2022,
    2014,
    2022,
    2022,
    2014,
    2014,
    2014,
    2022,
    2014,
    2014,
    2014,
    2022,
    2022,
    2014,
    2022,
    2014,
    2014,
    2022,
    2014,
    2022,
    2014,
    2022,
    2014,
    2022,
    2014,
    2022,
    2014,
    2022,
    2022,
    2014,
    2014,
    2022
  ],
  "entities": [
    17,
    18,
    21,
    21,
    22,
    22,
    23,
    23,
    25,
    28,
    30,
    34,
    37,
    37,
    44,
    172,
    172,
    171,
    171,
    170,
    170,
    163,
    163,
    162,
    201,
    201,
    65,
    65,
    156,
    158,
    152,
    6,
    6,
    150,
    1,
    149,
    148,
    145,
    144,
    144,
    137,
    136,
    135,
    134,
    134,
    14,
    14,
    130,
    130,
    131,
    131,
    129,
    208,
    126,
    126,
    124,
    124,
    120,
    120,
    262,
    116,
    116,
    211,
    113,
    113,
    112,
    110,
    110,
    142,
    5,
    5,
    106,
    106,
    105,
    103,
    103,
    357,
    101,
    101,
    140,
    97,
    97,
    96,
    96,
    11,
    93,
    226,
    92,
    92,
    12,
    12,
    91,
    88,
    86,
    86,
    85,
    83,
    81,
    127,
    127,
    9,
    10,
    198,
    198,
    76,
    75,
    75,
    73,
    71,
    71,
    70,
    70,
    67,
    67,
    13,
    13,
    63,
    63,
    62,
    238,
    84,
    61,
    80,
    80
  ]
}