{
  "values": [
    4.1790066,
    4.141108,
    3.9522445,
    4.1635337,
    4.21829,
    4.1612806,
    4.1244,
    4.3132744,
    4.2540636,
    4.169321,
    4.150255,
    4.0311303,
    3.93251,
    3.901823,
    3.9210422,
    3.88129,
    3.8279371,
    5.1493692,
    5.2224336,
    5.1130333,
    5.1170363,
    5.1641436,
    5.234245,
    5.310499,
    5.296591,
    5.3097696,
    5.0536113,
    5.1200657,
    4.730597,
    4.6399736,
    4.6834025,
    4.641117,
    4.6686134,
    4.6148143,
    7.367703,
    7.2935762,
    7.049526,
    6.9293323,
    6.912251,
    6.892036,
    6.9025154,
    6.903394,
    6.861593,
    6.815422,
    6.7593164,
    6.8326287,
    6.8544135,
    6.7751336,
    6.6755333,
    6.6654835,
    6.6179056,
    7.5858707,
    7.612932,
    7.6055913,
    7.5588055,
    7.556974,
    7.559586,
    7.504705,
    7.4480863,
    7.390579,
    7.36506,
    7.290038,
    7.251718,
    7.2041936,
    6.984172,
    6.897282,
    6.844693,
    6.8798876,
    8.454554,
    8.452788,
    8.495481,
    8.443122,
    8.438509,
    8.38553,
    8.280788,
    8.278754,
    8.274628,
    8.327021,
    8.324217,
    8.321154,
    8.248298,
    8.217719,
    8.091855,
    8.071132,
    8.165917,
    6.855595,
    6.887585,
    6.764051,
    6.7697024,
    6.7651415,
    6.76801,
    6.895144,
    6.714142,
    6.6564264,
    6.5751576,
    6.6572094,
    6.5961876,
    6.607968,
    6.3742533,
    6.3736215,
    6.244461,
    6.0882936,
    5.556115,
    5.581466,
    5.4439178,
    5.457388,
    5.48764,
    5.5146713,
    5.553633,
    5.5566893,
    5.539178,
    5.3563437,
    5.3822017,
    5.125627,
    5.048804,
    5.027519,
    4.9844637,
    4.977458,
    4.922177
  ],
  "years": [
    2006,
    2008,
    2010,
    2011,
    2012,
    2013,
    2014,
    2015,
    2016,
    2017,
    2018,
    2019,
    2020,
    2021,
    2022,
    2023,
    2024,
    2006,
    2008,
    2010,
    2011,
    2012,
    2013,
    2014,
    2015,
    2016,
    2017,
    2018,
    2019,
    2020,
    2021,
    2022,
    2023,
    2024,
    2006,
    2008,
    2010,
    2011,
    2012,
    2013,
    2014,
    2015,
    2016,
    2017,
    2018,
    2019,
    2020,
    2021,
    2022,
    2023,
    2024,
    2006,
    2008,
    2010,
    2011,
    2012,
    2013,
    2014,
    2015,
    2016,
    2017,
    2018,
    2019,
    2020,
    2021,
    2022,
    2023,
    2024,
    2006,
    2008,
    2010,
    2011,
    2012,
    2013,
    2014,
    2015,
    2016,
    2017,
    2018,
    2019,
    2020,
    2021,
    2022,
    2023,
    2024,
    2006,
    2008,
    2010,
    2011,
    2012,
    2013,
    2014,
    2015,
    2016,
    2017,
    2018,
    2019,
    2020,
    2021,
    2022,
    2023,
    2024,
    2006,
    2008,
    2010,
    2011,
    2012,
    2013,
    2014,
    2015,
    2016,
    2017,
    2018,
    2019,
    2020,
    2021,
    2022,
    2023,
    2024
  ],
  "entities": [
    273,
    273,
    273,
    273,
    273,
    273,
    273,
    273,
    273,
    273,
    273,
    273,
    273,
    273,
    273,
    273,
    273,
    275,
    275,
    275,
    275,
    275,
    275,
    275,
    275,
    275,
    275,
    275,
    275,
    275,
    275,
    275,
    275,
    275,
    276,
    276,
    276,
    276,
    276,
    276,
    276,
    276,
    276,
    276,
    276,
    276,
    276,
    276,
    276,
    276,
    276,
    294,
    294,
    294,
    294,
    294,
    294,
    294,
    294,
    294,
    294,
    294,
    294,
    294,
    294,
    294,
    294,
    294,
    277,
    277,
    277,
    277,
    277,
    277,
    277,
    277,
    277,
    277,
    277,
    277,
    277,
    277,
    277,
    277,
    277,
    295,
    295,
    295,
    295,
    295,
    295,
    295,
    295,
    295,
    295,
    295,
    295,
    295,
    295,
    295,
    295,
    295,
    355,
    355,
    355,
    355,
    355,
    355,
    355,
    355,
    355,
    355,
    355,
    355,
    355,
    355,
    355,
    355,
    355
  ]
}