{
  "values": [
    4.186485020326029,
    5.147967361731791,
    7.365601722514175,
    8.455061066281624,
    7.586290105246819,
    6.85872279344404,
    5.560076218489214,
    4.149851378772198,
    5.221303099167145,
    7.292652501241502,
    8.453653982110875,
    7.613445772241417,
    6.890738896723758,
    5.586197792164985,
    3.962509555356759,
    5.110448273257909,
    7.04956599772271,
    8.496458238485182,
    7.605477457747717,
    6.766472760257793,
    5.448175516226846,
    4.173908233625609,
    5.114472297193465,
    6.930025521037716,
    8.44417977343831,
    7.558186460411884,
    6.772385992606765,
    5.461421789413066,
    4.229282339477741,
    5.1614619673491,
    6.913239475955546,
    8.439534179397432,
    7.556041106659239,
    6.76786172550048,
    5.491795199204361,
    4.172213559145145,
    5.231998439227398,
    6.893428098180775,
    8.386453620260378,
    7.558194917492507,
    6.770623794822222,
    5.519284354219929,
    4.134898705747553,
    5.308384920595638,
    6.904650071114497,
    8.281813542362226,
    7.502985180436361,
    6.898846315103214,
    5.558508435672016,
    4.322077040047963,
    5.295325575590572,
    6.903810567940578,
    8.279397426933583,
    7.445767527107127,
    6.715731740136689,
    5.560848209077217,
    4.262567379425212,
    5.308955237194752,
    6.860277347180374,
    8.274569634491213,
    7.387327977259994,
    6.658048465330399,
    5.543214484291322,
    4.178189734700749,
    5.05277554113241,
    6.813640199359458,
    8.326430039826354,
    7.360806187199332,
    6.576910457950303,
    5.360216979481288,
    4.158589289156462,
    5.119301687193182,
    6.757417889449916,
    8.323702475997662,
    7.284760534216471,
    6.659311905575892,
    5.385993502524823,
    4.038864808842142,
    4.728162259646452,
    6.8295040054437,
    8.321608200570097,
    7.245699612533482,
    6.597825622647771,
    5.127908232158799,
    3.939532381370639,
    4.637951551750853,
    6.851014220941599,
    8.249914274816755,
    7.19809020469157,
    6.610321406734912,
    5.051392527897439,
    3.90732996273975,
    4.681525291877593,
    6.771166047279175,
    8.220464633682765,
    6.977966663040744,
    6.379184049088053,
    5.029951130138654,
    3.925754523224791,
    4.638666235043888,
    6.670128367525563,
    8.095836094668156,
    6.890843227299009,
    6.376530864601409,
    4.986155858198491
  ],
  "years": [
    2006,
    2006,
    2006,
    2006,
    2006,
    2006,
    2006,
    2008,
    2008,
    2008,
    2008,
    2008,
    2008,
    2008,
    2010,
    2010,
    2010,
    2010,
    2010,
    2010,
    2010,
    2011,
    2011,
    2011,
    2011,
    2011,
    2011,
    2011,
    2012,
    2012,
    2012,
    2012,
    2012,
    2012,
    2012,
    2013,
    2013,
    2013,
    2013,
    2013,
    2013,
    2013,
    2014,
    2014,
    2014,
    2014,
    2014,
    2014,
    2014,
    2015,
    2015,
    2015,
    2015,
    2015,
    2015,
    2015,
    2016,
    2016,
    2016,
    2016,
    2016,
    2016,
    2016,
    2017,
    2017,
    2017,
    2017,
    2017,
    2017,
    2017,
    2018,
    2018,
    2018,
    2018,
    2018,
    2018,
    2018,
    2019,
    2019,
    2019,
    2019,
    2019,
    2019,
    2019,
    2020,
    2020,
    2020,
    2020,
    2020,
    2020,
    2020,
    2021,
    2021,
    2021,
    2021,
    2021,
    2021,
    2021,
    2022,
    2022,
    2022,
    2022,
    2022,
    2022,
    2022
  ],
  "entities": [
    273,
    275,
    276,
    277,
    294,
    295,
    355,
    273,
    275,
    276,
    277,
    294,
    295,
    355,
    273,
    275,
    276,
    277,
    294,
    295,
    355,
    273,
    275,
    276,
    277,
    294,
    295,
    355,
    273,
    275,
    276,
    277,
    294,
    295,
    355,
    273,
    275,
    276,
    277,
    294,
    295,
    355,
    273,
    275,
    276,
    277,
    294,
    295,
    355,
    273,
    275,
    276,
    277,
    294,
    295,
    355,
    273,
    275,
    276,
    277,
    294,
    295,
    355,
    273,
    275,
    276,
    277,
    294,
    295,
    355,
    273,
    275,
    276,
    277,
    294,
    295,
    355,
    273,
    275,
    276,
    277,
    294,
    295,
    355,
    273,
    275,
    276,
    277,
    294,
    295,
    355,
    273,
    275,
    276,
    277,
    294,
    295,
    355,
    273,
    275,
    276,
    277,
    294,
    295,
    355
  ]
}