{
  "values": [
    4.186485,
    5.1479673,
    7.3656015,
    8.455061,
    7.5862904,
    6.8587227,
    5.560076,
    4.1498513,
    5.221303,
    7.2926526,
    8.453654,
    7.6134458,
    6.890739,
    5.586198,
    3.9625096,
    5.1104484,
    7.0495663,
    8.496458,
    7.605478,
    6.766473,
    5.4481754,
    4.173908,
    5.1144724,
    6.9300256,
    8.44418,
    7.558186,
    6.772386,
    5.461422,
    4.2292824,
    5.161462,
    6.9132395,
    8.439534,
    7.556041,
    6.767862,
    5.491795,
    4.1722136,
    5.2319984,
    6.8934283,
    8.386454,
    7.5581946,
    6.7706237,
    5.5192842,
    4.1348987,
    5.308385,
    6.90465,
    8.281814,
    7.502985,
    6.8988466,
    5.5585084,
    4.322077,
    5.2953258,
    6.9038105,
    8.279398,
    7.445768,
    6.7157316,
    5.560848,
    4.2625675,
    5.308955,
    6.860277,
    8.2745695,
    7.387328,
    6.6580486,
    5.5432143,
    4.1781898,
    5.0527754,
    6.81364,
    8.32643,
    7.360806,
    6.5769105,
    5.360217,
    4.1585894,
    5.119302,
    6.757418,
    8.323703,
    7.2847605,
    6.659312,
    5.3859935,
    4.0388646,
    4.7281623,
    6.829504,
    8.321609,
    7.2457,
    6.5978255,
    5.127908,
    3.9395323,
    4.6379514,
    6.851014,
    8.249914,
    7.19809,
    6.6103215,
    5.0513926,
    3.90733,
    4.681525,
    6.771166,
    8.220465,
    6.977967,
    6.3791842,
    5.029951,
    3.9257545,
    4.638666,
    6.6701283,
    8.095836,
    6.8908434,
    6.376531,
    4.986156,
    4.2134037,
    4.929935,
    6.718221,
    8.075068,
    6.837741,
    6.2434053,
    5.2352524
  ],
  "years": [
    2006,
    2006,
    2006,
    2006,
    2006,
    2006,
    2006,
    2008,
    2008,
    2008,
    2008,
    2008,
    2008,
    2008,
    2010,
    2010,
    2010,
    2010,
    2010,
    2010,
    2010,
    2011,
    2011,
    2011,
    2011,
    2011,
    2011,
    2011,
    2012,
    2012,
    2012,
    2012,
    2012,
    2012,
    2012,
    2013,
    2013,
    2013,
    2013,
    2013,
    2013,
    2013,
    2014,
    2014,
    2014,
    2014,
    2014,
    2014,
    2014,
    2015,
    2015,
    2015,
    2015,
    2015,
    2015,
    2015,
    2016,
    2016,
    2016,
    2016,
    2016,
    2016,
    2016,
    2017,
    2017,
    2017,
    2017,
    2017,
    2017,
    2017,
    2018,
    2018,
    2018,
    2018,
    2018,
    2018,
    2018,
    2019,
    2019,
    2019,
    2019,
    2019,
    2019,
    2019,
    2020,
    2020,
    2020,
    2020,
    2020,
    2020,
    2020,
    2021,
    2021,
    2021,
    2021,
    2021,
    2021,
    2021,
    2022,
    2022,
    2022,
    2022,
    2022,
    2022,
    2022,
    2023,
    2023,
    2023,
    2023,
    2023,
    2023,
    2023
  ],
  "entities": [
    273,
    275,
    276,
    277,
    294,
    295,
    355,
    273,
    275,
    276,
    277,
    294,
    295,
    355,
    273,
    275,
    276,
    277,
    294,
    295,
    355,
    273,
    275,
    276,
    277,
    294,
    295,
    355,
    273,
    275,
    276,
    277,
    294,
    295,
    355,
    273,
    275,
    276,
    277,
    294,
    295,
    355,
    273,
    275,
    276,
    277,
    294,
    295,
    355,
    273,
    275,
    276,
    277,
    294,
    295,
    355,
    273,
    275,
    276,
    277,
    294,
    295,
    355,
    273,
    275,
    276,
    277,
    294,
    295,
    355,
    273,
    275,
    276,
    277,
    294,
    295,
    355,
    273,
    275,
    276,
    277,
    294,
    295,
    355,
    273,
    275,
    276,
    277,
    294,
    295,
    355,
    273,
    275,
    276,
    277,
    294,
    295,
    355,
    273,
    275,
    276,
    277,
    294,
    295,
    355,
    273,
    275,
    276,
    277,
    294,
    295,
    355
  ]
}