{
  "values": [
    0,
    0,
    0,
    0,
    0.09128266,
    0.9249759,
    0.73800164,
    0.7331765,
    0.72834873,
    0.7235164,
    0.7186517,
    0.7137861,
    0.70892006,
    0,
    0,
    0,
    0.56976223,
    0.56712776,
    2.1357884,
    1.5639397,
    1.5565656,
    1.5491776,
    1.5417758,
    1.5345348,
    2.1422777,
    0.61203295,
    0,
    0,
    0,
    0,
    0.039859727,
    0.0396766,
    4.130906,
    4.1143427,
    0,
    0,
    0,
    0,
    0,
    0,
    0,
    0,
    0,
    0,
    2.7546275,
    2.7479084,
    2.7404594,
    2.7323177,
    2.7240517,
    2.7156777,
    2.7071998,
    0,
    0,
    0,
    0,
    0,
    0,
    0,
    0,
    0,
    0,
    0,
    0,
    0,
    0,
    0,
    0,
    0,
    0,
    0,
    0,
    0,
    0,
    0,
    0,
    0,
    0,
    0,
    0.06417258,
    0,
    0,
    0,
    0,
    1.5516028,
    1.5297091,
    1.528447,
    1.5162363,
    0,
    0,
    0,
    0,
    0.04070334,
    0.0835953,
    0.04288813,
    4.225085,
    4.225434,
    0,
    0,
    1.1831422,
    1.1752844,
    1.167482,
    15.083721,
    16.344286,
    14.936601,
    14.697898,
    0.039123587,
    0,
    0,
    0.4066527,
    0,
    1.0820295,
    1.072411,
    1.0628144,
    0,
    0,
    0,
    0.25960302,
    0.16352537,
    0,
    0,
    3.5044646,
    3.4685462,
    3.4329257,
    3.399174,
    0,
    0,
    0,
    0,
    0.03686282,
    0.3429213,
    1.0173843,
    1.0029755,
    0.69727105,
    0.68993354,
    0,
    0,
    0,
    0,
    0,
    0,
    0,
    0,
    0.08563998,
    0,
    0.5558288,
    0.63379276,
    0.6521684,
    0.98202014,
    0.932977,
    1.0566275,
    0.6179529,
    0.6056954,
    0.61854386,
    0.58361405,
    0.61915535,
    1.4654065,
    0.8940202,
    0.64937425,
    0.6934502,
    1.1136712,
    0.36180705,
    0.40295318,
    0.7638774,
    0.610129,
    0.545846,
    0.20693181,
    0.2031935,
    0.4509155,
    0.44300976,
    0.41619182,
    0.40877622,
    0.40141922,
    0.3942937,
    0.41995394,
    0.41266412,
    0.5161064,
    0.6477172,
    0.60071105,
    0.47909838,
    0.18686333,
    0.1637522,
    0.157246,
    0.59411967,
    0.5531329,
    0.5049935,
    0.5152715,
    0.5563166,
    0.016490422,
    0.0232592,
    0.042104423,
    0.07844884,
    0.1278123,
    0.12620163,
    0.0672833,
    0.09683665,
    0.6634453,
    0.52962494,
    0.5494236,
    0.63560873
  ],
  "years": [
    1816,
    1817,
    1818,
    1819,
    1820,
    1821,
    1822,
    1823,
    1824,
    1825,
    1826,
    1827,
    1828,
    1829,
    1830,
    1831,
    1832,
    1833,
    1834,
    1835,
    1836,
    1837,
    1838,
    1839,
    1840,
    1841,
    1842,
    1843,
    1844,
    1845,
    1846,
    1847,
    1848,
    1849,
    1850,
    1851,
    1852,
    1853,
    1854,
    1855,
    1856,
    1857,
    1858,
    1859,
    1860,
    1861,
    1862,
    1863,
    1864,
    1865,
    1866,
    1867,
    1868,
    1869,
    1870,
    1871,
    1872,
    1873,
    1874,
    1875,
    1876,
    1877,
    1878,
    1879,
    1880,
    1881,
    1882,
    1883,
    1884,
    1885,
    1886,
    1887,
    1888,
    1889,
    1890,
    1891,
    1892,
    1893,
    1894,
    1895,
    1896,
    1897,
    1898,
    1899,
    1900,
    1901,
    1902,
    1903,
    1904,
    1905,
    1906,
    1907,
    1908,
    1909,
    1910,
    1911,
    1912,
    1913,
    1914,
    1915,
    1916,
    1917,
    1918,
    1919,
    1920,
    1921,
    1922,
    1923,
    1924,
    1925,
    1926,
    1927,
    1928,
    1929,
    1930,
    1931,
    1932,
    1933,
    1934,
    1935,
    1936,
    1937,
    1938,
    1939,
    1940,
    1941,
    1942,
    1943,
    1944,
    1945,
    1946,
    1947,
    1948,
    1949,
    1950,
    1951,
    1952,
    1953,
    1954,
    1955,
    1956,
    1957,
    1958,
    1959,
    1960,
    1961,
    1962,
    1963,
    1964,
    1965,
    1966,
    1967,
    1968,
    1969,
    1970,
    1971,
    1972,
    1973,
    1974,
    1975,
    1976,
    1977,
    1978,
    1979,
    1980,
    1981,
    1982,
    1983,
    1984,
    1985,
    1986,
    1987,
    1988,
    1989,
    1990,
    1991,
    1992,
    1993,
    1994,
    1995,
    1996,
    1997,
    1998,
    1999,
    2000,
    2001,
    2002,
    2003,
    2004,
    2005,
    2006,
    2007,
    2008,
    2009,
    2010,
    2011,
    2012,
    2013,
    2014
  ],
  "entities": [
    355,
    355,
    355,
    355,
    355,
    355,
    355,
    355,
    355,
    355,
    355,
    355,
    355,
    355,
    355,
    355,
    355,
    355,
    355,
    355,
    355,
    355,
    355,
    355,
    355,
    355,
    355,
    355,
    355,
    355,
    355,
    355,
    355,
    355,
    355,
    355,
    355,
    355,
    355,
    355,
    355,
    355,
    355,
    355,
    355,
    355,
    355,
    355,
    355,
    355,
    355,
    355,
    355,
    355,
    355,
    355,
    355,
    355,
    355,
    355,
    355,
    355,
    355,
    355,
    355,
    355,
    355,
    355,
    355,
    355,
    355,
    355,
    355,
    355,
    355,
    355,
    355,
    355,
    355,
    355,
    355,
    355,
    355,
    355,
    355,
    355,
    355,
    355,
    355,
    355,
    355,
    355,
    355,
    355,
    355,
    355,
    355,
    355,
    355,
    355,
    355,
    355,
    355,
    355,
    355,
    355,
    355,
    355,
    355,
    355,
    355,
    355,
    355,
    355,
    355,
    355,
    355,
    355,
    355,
    355,
    355,
    355,
    355,
    355,
    355,
    355,
    355,
    355,
    355,
    355,
    355,
    355,
    355,
    355,
    355,
    355,
    355,
    355,
    355,
    355,
    355,
    355,
    355,
    355,
    355,
    355,
    355,
    355,
    355,
    355,
    355,
    355,
    355,
    355,
    355,
    355,
    355,
    355,
    355,
    355,
    355,
    355,
    355,
    355,
    355,
    355,
    355,
    355,
    355,
    355,
    355,
    355,
    355,
    355,
    355,
    355,
    355,
    355,
    355,
    355,
    355,
    355,
    355,
    355,
    355,
    355,
    355,
    355,
    355,
    355,
    355,
    355,
    355,
    355,
    355,
    355,
    355,
    355,
    355
  ]
}