{
  "values": [
    39.105083,
    0.06706204,
    0.20280777,
    32.457554,
    0.005121356,
    0,
    0.017698037,
    3.871869,
    0.6302395,
    30.783205,
    1.618275,
    0.68150115,
    3.50451,
    0.9387836,
    38.33152,
    46.068447,
    4.092923,
    24.559452,
    55.815178,
    64.608696,
    0.32077923,
    0.82613146,
    5.6797137,
    9.379095,
    36.775463,
    0.015083144,
    19.733551,
    0.09422539,
    0.2424775,
    0.14324793,
    0.5832649,
    1.6646392,
    1.3461176,
    41.868034,
    0.21364109,
    2.3315043,
    17.289993,
    0.012687003,
    8.362118,
    11.21538,
    43.514942,
    35.881702,
    0.22317483,
    18.526968,
    3.026856,
    4.2453504,
    0.4439265,
    1.3125266,
    0.23234169,
    0.064677335,
    0,
    7.4594073,
    3.5326586,
    0,
    6.4856787,
    6.053718,
    24.86187,
    0.09290127,
    45.79036,
    17.51447,
    0,
    44.704456,
    38.001183,
    0.6654447,
    0.7762919,
    0.059457254,
    1.4231563,
    38.816628,
    13.844823,
    13.076538,
    1.6598916,
    5.5295587,
    55.852684,
    18.09916,
    0.05233966,
    21.467651,
    0.006470655,
    25.787111,
    0.9738953,
    0.7698436,
    0.6867401,
    19.701178,
    0.48601052,
    2.0830376,
    22.747713,
    0.0077245515,
    0.027742531,
    28.027725,
    0.94499433,
    0.26126483,
    30.878279,
    0.39725918,
    0.7316226,
    18.301188,
    0.031805802,
    17.383877,
    15.2255535,
    0.024557319,
    0.14126503,
    0.022557465,
    0,
    0,
    25.680023,
    0.04594678,
    5.854647,
    0.35013187,
    16.958427,
    21.028755,
    6.770158
  ],
  "years": [
    2022,
    2017,
    2018,
    2015,
    2019,
    2015,
    2023,
    2022,
    2015,
    2021,
    2022,
    2023,
    2015,
    2015,
    2021,
    2016,
    2021,
    2018,
    2018,
    2019,
    2014,
    2015,
    2022,
    2014,
    2017,
    2018,
    2021,
    2019,
    2019,
    2018,
    2014,
    2014,
    2021,
    2019,
    2021,
    2019,
    2019,
    2018,
    2022,
    2014,
    2018,
    2018,
    2019,
    2016,
    2019,
    2019,
    2017,
    2018,
    2018,
    2023,
    2015,
    2022,
    2018,
    2023,
    2023,
    2023,
    2019,
    2014,
    2021,
    2019,
    2016,
    2018,
    2019,
    2023,
    2018,
    2018,
    2017,
    2022,
    2015,
    2013,
    2023,
    2022,
    2021,
    2021,
    2018,
    2017,
    2019,
    2016,
    2016,
    2023,
    2022,
    2019,
    2019,
    2019,
    2023,
    2019,
    2019,
    2019,
    2016,
    2016,
    2014,
    2018,
    2017,
    2022,
    2022,
    2016,
    2017,
    2019,
    2022,
    2023,
    2019,
    2019,
    2016,
    2021,
    2023,
    2020,
    2022,
    2018,
    2019
  ],
  "entities": [
    15,
    16,
    17,
    19,
    21,
    22,
    25,
    28,
    31,
    32,
    33,
    34,
    36,
    37,
    40,
    41,
    42,
    43,
    174,
    173,
    171,
    170,
    169,
    168,
    167,
    166,
    143,
    164,
    160,
    201,
    65,
    259,
    78,
    158,
    202,
    153,
    151,
    152,
    150,
    148,
    147,
    94,
    146,
    145,
    139,
    137,
    136,
    134,
    132,
    130,
    131,
    129,
    204,
    126,
    125,
    123,
    121,
    120,
    118,
    117,
    211,
    115,
    114,
    113,
    112,
    215,
    110,
    109,
    142,
    108,
    218,
    107,
    104,
    103,
    66,
    101,
    140,
    99,
    98,
    97,
    96,
    91,
    239,
    232,
    89,
    88,
    233,
    87,
    81,
    141,
    79,
    234,
    76,
    64,
    75,
    225,
    74,
    235,
    73,
    71,
    69,
    237,
    68,
    62,
    221,
    84,
    61,
    60,
    80
  ]
}