{
  "values": [
    0,
    0.00002,
    0.00002,
    0.00062,
    0.00104,
    0.00257,
    0,
    0,
    0.00002,
    0.00021,
    0.0006,
    0.00143,
    0.00014,
    0.00143,
    0.006,
    0.01696,
    0,
    0.00002,
    0.00025,
    0.00081,
    0.00171,
    0.00323,
    0.0001,
    0.00062,
    0.00175,
    0,
    0,
    0.00015,
    0,
    0.00004,
    0.00032,
    0.00109,
    0,
    0,
    0.00003,
    0.00003,
    0.0002,
    0.0004,
    0.00113,
    0,
    0.00002,
    0.00021,
    0.00085,
    0.00258,
    0,
    0.00015,
    0,
    0.00003,
    0.00003,
    0.00017,
    0.00057,
    0.00214,
    0.00392,
    0,
    0.00003,
    0.00021,
    0.00069,
    0.00158,
    0,
    0.00008,
    0.00126,
    0,
    0,
    0,
    0,
    0,
    0.0036,
    0,
    0.00001,
    0.00006,
    0.0005,
    0.00113,
    0,
    0,
    0.00001,
    0.00007,
    0.00094,
    0,
    0.00001,
    0.00007,
    0.00012,
    0.00039,
    0.00103,
    0.00008,
    0,
    0.00016,
    0,
    0,
    0.00003,
    0.00015,
    0.00051,
    0,
    0,
    0.00019,
    0.00089,
    0.00181,
    0,
    0,
    0,
    0.00006,
    0.0001,
    0,
    0.00002,
    0.00019,
    0.00062,
    0.00231,
    0,
    0.0001,
    0.0006,
    0.00154,
    0.00273,
    0.00484,
    0.00001,
    0,
    0.00001,
    0.00009,
    0.00052,
    0.00186,
    0,
    0.00002,
    0,
    0,
    0.00004,
    0.00006,
    0.00013,
    0.0003,
    0.00001,
    0.00005,
    0.00025,
    0.00083,
    0.00201,
    0.0035,
    0,
    0.00002,
    0.00004,
    0.00017,
    0.00042,
    0.00091,
    0.00187,
    0,
    0,
    0,
    0.00007,
    0.00034,
    0.00092,
    0,
    0.00001,
    0.00012,
    0.00043,
    0.0012,
    0.00217,
    0,
    0.00002,
    0.0002,
    0.00083,
    0.0025,
    0.00003,
    0.00014,
    0.00068,
    0.00215,
    0.00482,
    0.00961
  ],
  "years": [
    12,
    13,
    14,
    15,
    16,
    17,
    12,
    12,
    13,
    14,
    15,
    16,
    12,
    13,
    14,
    15,
    12,
    13,
    14,
    15,
    16,
    17,
    12,
    13,
    14,
    12,
    13,
    14,
    12,
    13,
    14,
    15,
    12,
    13,
    14,
    15,
    16,
    17,
    18,
    12,
    13,
    14,
    15,
    16,
    12,
    13,
    12,
    13,
    14,
    15,
    16,
    17,
    18,
    12,
    13,
    14,
    15,
    16,
    12,
    13,
    14,
    12,
    13,
    14,
    15,
    16,
    17,
    12,
    13,
    14,
    15,
    16,
    12,
    13,
    14,
    15,
    16,
    12,
    13,
    14,
    15,
    16,
    17,
    12,
    13,
    14,
    12,
    13,
    14,
    15,
    16,
    12,
    13,
    14,
    15,
    16,
    12,
    13,
    14,
    15,
    16,
    12,
    13,
    14,
    15,
    16,
    12,
    13,
    14,
    15,
    16,
    17,
    12,
    12,
    13,
    14,
    15,
    16,
    12,
    13,
    12,
    13,
    14,
    15,
    16,
    17,
    12,
    13,
    14,
    15,
    16,
    17,
    12,
    13,
    14,
    15,
    16,
    17,
    18,
    12,
    13,
    14,
    15,
    16,
    17,
    12,
    13,
    14,
    15,
    16,
    17,
    12,
    13,
    14,
    15,
    16,
    12,
    13,
    14,
    15,
    16,
    17
  ],
  "entities": [
    24,
    24,
    24,
    24,
    24,
    24,
    30,
    4,
    4,
    4,
    4,
    4,
    39,
    39,
    39,
    39,
    44,
    44,
    44,
    44,
    44,
    44,
    172,
    172,
    172,
    165,
    165,
    165,
    162,
    162,
    162,
    162,
    161,
    161,
    161,
    161,
    161,
    161,
    161,
    278,
    278,
    278,
    278,
    278,
    156,
    156,
    155,
    155,
    155,
    155,
    155,
    155,
    155,
    3,
    3,
    3,
    3,
    3,
    138,
    138,
    138,
    207,
    207,
    207,
    207,
    207,
    207,
    2,
    2,
    2,
    2,
    2,
    8,
    8,
    8,
    8,
    8,
    14,
    14,
    14,
    14,
    14,
    14,
    119,
    119,
    119,
    5,
    5,
    5,
    5,
    5,
    357,
    357,
    357,
    357,
    357,
    102,
    102,
    102,
    102,
    102,
    11,
    11,
    11,
    11,
    11,
    95,
    95,
    95,
    95,
    95,
    95,
    12,
    358,
    358,
    358,
    358,
    358,
    83,
    83,
    127,
    127,
    127,
    127,
    127,
    127,
    9,
    9,
    9,
    9,
    9,
    9,
    10,
    10,
    10,
    10,
    10,
    10,
    10,
    7,
    7,
    7,
    7,
    7,
    7,
    198,
    198,
    198,
    198,
    198,
    198,
    1,
    1,
    1,
    1,
    1,
    13,
    13,
    13,
    13,
    13,
    13
  ]
}