{
  "values": [
    87.16666,
    86.17904,
    46.44062,
    51.54416,
    89.35301,
    73.264,
    71.99503,
    71.08141,
    69.17625,
    89.09447,
    91.94848,
    68.44376,
    83.69211,
    80.31087,
    89.59666,
    83.4,
    81.56353,
    74.53279,
    89.81481,
    90.38371,
    88.17385,
    86.93844,
    92.11533,
    84.30557,
    71.37325,
    67.33334,
    77.4008,
    77.65683,
    85.93333,
    90.7654,
    60.24631,
    61.2097,
    94.52412,
    94.87009,
    81.92102,
    82.70107,
    81.9,
    92.30074,
    56.62169,
    69.02894,
    79.88078,
    91.11361,
    91.91667,
    43.70438,
    46.09087,
    91.79932,
    93.58334,
    70.8602,
    82.88565,
    76.93333,
    84.58334,
    89.79417,
    82.93089,
    86.69231,
    90.35202,
    81.79487,
    88.45,
    75.81262,
    88.41666,
    74.91666,
    63.96068,
    54.73186,
    67.41974,
    91.45124,
    63.31707,
    79.43628,
    80.6,
    75.57452,
    77.77547,
    92.09844,
    84.96864,
    85.79763,
    97.52341,
    77.87162,
    82.25356,
    64.33778,
    78.36817,
    85.79961,
    73.4774,
    63.77049,
    80.85658,
    78.68852,
    83.34892,
    91.33359,
    79.09237,
    67.92652,
    71.41396,
    73.22133,
    75.70577,
    69.51615,
    71.8219,
    46.04168,
    91.55024,
    86.14689,
    63.95045,
    80.29601,
    89.43793,
    91.69169,
    83.73444,
    89.4578,
    86.48302,
    75.48906,
    71.2982,
    71.89085,
    72.71681,
    75.1,
    85.5,
    70,
    90.62291,
    88.9,
    77.83711,
    91.22256
  ],
  "years": [
    2014,
    2010,
    2010,
    2014,
    2014,
    2010,
    2014,
    2014,
    2014,
    2010,
    2014,
    2010,
    2010,
    2010,
    2010,
    2014,
    2010,
    2014,
    2014,
    2010,
    2014,
    2014,
    2010,
    2014,
    2014,
    2010,
    2010,
    2010,
    2010,
    2014,
    2010,
    2014,
    2010,
    2014,
    2010,
    2014,
    2014,
    2010,
    2010,
    2014,
    2010,
    2010,
    2014,
    2010,
    2014,
    2010,
    2014,
    2014,
    2014,
    2014,
    2014,
    2014,
    2010,
    2014,
    2010,
    2010,
    2014,
    2010,
    2010,
    2014,
    2010,
    2014,
    2014,
    2014,
    2010,
    2014,
    2014,
    2010,
    2014,
    2014,
    2010,
    2014,
    2014,
    2010,
    2014,
    2010,
    2014,
    2010,
    2014,
    2010,
    2014,
    2010,
    2014,
    2010,
    2014,
    2010,
    2014,
    2010,
    2014,
    2010,
    2014,
    2010,
    2010,
    2014,
    2010,
    2014,
    2010,
    2014,
    2014,
    2010,
    2014,
    2010,
    2014,
    2010,
    2014,
    2010,
    2014,
    2014,
    2010,
    2014,
    2010,
    2014
  ],
  "entities": [
    17,
    18,
    21,
    21,
    22,
    23,
    23,
    25,
    30,
    37,
    37,
    39,
    40,
    44,
    172,
    172,
    171,
    171,
    170,
    163,
    163,
    201,
    65,
    65,
    156,
    158,
    155,
    3,
    152,
    152,
    6,
    6,
    150,
    150,
    1,
    145,
    144,
    138,
    137,
    137,
    136,
    135,
    134,
    14,
    14,
    130,
    130,
    131,
    208,
    126,
    124,
    120,
    116,
    116,
    115,
    113,
    113,
    111,
    110,
    110,
    5,
    5,
    106,
    103,
    102,
    101,
    140,
    97,
    97,
    96,
    11,
    11,
    226,
    92,
    92,
    12,
    12,
    91,
    91,
    88,
    86,
    83,
    83,
    81,
    81,
    127,
    127,
    9,
    9,
    10,
    10,
    7,
    198,
    198,
    75,
    75,
    73,
    73,
    71,
    70,
    70,
    67,
    67,
    13,
    13,
    63,
    63,
    62,
    84,
    61,
    60,
    80
  ]
}