{
  "values": [
    0.23329553,
    0.24414279,
    0.27461603,
    0.28852585,
    0.26809672,
    0.2738855,
    0.27176803,
    0.26543272,
    0.25730658,
    0.25081,
    0.22627959,
    0.21728154,
    0.21724635,
    0.09502671,
    0.10376581,
    0.10809482,
    0.115177095,
    0.11060355,
    0.09794306,
    0.14692335,
    0.14052743,
    0.14503229,
    0.13807748,
    0.13012892,
    0.12382454,
    0.12192243,
    0.12009348,
    0.09939217,
    0.083309114,
    0.07850555,
    0.07125042,
    0.0663414,
    0.061009947,
    0.14446376,
    0.1771939,
    0.20020527,
    0.21363422,
    0.1755319,
    0.17619616,
    0.22346056,
    0.25343826,
    0.22187759,
    0.24945259,
    0.318435,
    0.3257402,
    0.2721457,
    0.27817628,
    0.33987656,
    0.35407442,
    0.3548208,
    0.3586533,
    0.30308643,
    0.29949778,
    0.3190956,
    0.14023143,
    0.14616841,
    0.16293679,
    0.14758013,
    0.15950185,
    0.18299963,
    0.1790924,
    0.20138583,
    0.22806907,
    0.20869765,
    0.18251248,
    0.15025623,
    0.17087261,
    0.12966742,
    0.1125327,
    0.12859432,
    0.10328251,
    0.17447817,
    0.1917345,
    0.18183036,
    0.15903808,
    0.16649209,
    0.1681105,
    0.026540684,
    0.02468334,
    0.025096724,
    0.024330666,
    0.023328457,
    0.02108177,
    0.020938234,
    0.021008475,
    0.018267144,
    0.016403852,
    0.24072725,
    0.23116104,
    0.24557912,
    0.2645384,
    0.2794712,
    0.3123434,
    0.3409639,
    0.3671795,
    0.37830546,
    0.39039814,
    0.43306735,
    0.41794795,
    0.41800982,
    0.4641412,
    0.20705134,
    0.20065795,
    0.19847924,
    0.18723284,
    0.18167363,
    0.17606466,
    0.17021853,
    0.17031816,
    0.16914485,
    0.1729099,
    0.17509678,
    0.1747632,
    0.1922788
  ],
  "years": [
    2010,
    2011,
    2012,
    2013,
    2014,
    2015,
    2016,
    2017,
    2018,
    2019,
    2020,
    2021,
    2022,
    2011,
    2013,
    2015,
    2017,
    2019,
    2022,
    2010,
    2011,
    2012,
    2013,
    2014,
    2015,
    2016,
    2017,
    2018,
    2019,
    2020,
    2021,
    2022,
    2023,
    2016,
    2017,
    2018,
    2019,
    2020,
    2021,
    2022,
    2023,
    2010,
    2011,
    2012,
    2013,
    2014,
    2015,
    2016,
    2017,
    2018,
    2019,
    2020,
    2021,
    2022,
    2010,
    2011,
    2012,
    2013,
    2014,
    2015,
    2016,
    2017,
    2018,
    2020,
    2021,
    2022,
    2023,
    2013,
    2014,
    2015,
    2016,
    2017,
    2018,
    2019,
    2020,
    2021,
    2022,
    2010,
    2012,
    2013,
    2014,
    2015,
    2017,
    2018,
    2019,
    2020,
    2022,
    2010,
    2011,
    2012,
    2013,
    2014,
    2015,
    2016,
    2017,
    2018,
    2019,
    2020,
    2021,
    2022,
    2023,
    2010,
    2011,
    2012,
    2013,
    2014,
    2015,
    2016,
    2017,
    2018,
    2019,
    2020,
    2022,
    2023
  ],
  "entities": [
    24,
    24,
    24,
    24,
    24,
    24,
    24,
    24,
    24,
    24,
    24,
    24,
    24,
    161,
    161,
    161,
    161,
    161,
    161,
    155,
    155,
    155,
    155,
    155,
    155,
    155,
    155,
    155,
    155,
    155,
    155,
    155,
    155,
    2,
    2,
    2,
    2,
    2,
    2,
    2,
    2,
    122,
    122,
    122,
    122,
    122,
    122,
    122,
    122,
    122,
    122,
    122,
    122,
    122,
    5,
    5,
    5,
    5,
    5,
    5,
    5,
    5,
    5,
    5,
    5,
    5,
    5,
    83,
    83,
    83,
    83,
    83,
    83,
    83,
    83,
    83,
    83,
    127,
    127,
    127,
    127,
    127,
    127,
    127,
    127,
    127,
    127,
    1,
    1,
    1,
    1,
    1,
    1,
    1,
    1,
    1,
    1,
    1,
    1,
    1,
    1,
    13,
    13,
    13,
    13,
    13,
    13,
    13,
    13,
    13,
    13,
    13,
    13,
    13
  ]
}