{
  "values": [
    100,
    70.62177,
    75.58957,
    76.34232,
    62.21247,
    71.06333,
    83.02069,
    96.19637,
    87.37239,
    83.650314,
    92.51923,
    74.4667,
    71.85604,
    76.492905,
    62.91373,
    65.08017,
    78.1315,
    84.29913,
    79.58068,
    64.07084,
    71.55816,
    58.053013,
    68.574326,
    69.804184,
    57.32537,
    50.78176,
    49.315544,
    49.853622,
    49.541058,
    53.585224,
    51.231495,
    53.67458,
    35.754025,
    94.07933,
    68.29358,
    67.10697,
    65.97771,
    68.022285,
    62.934025,
    74.56336,
    62.21562,
    62.316013,
    55.46378,
    52.458,
    52.94149,
    52.342316,
    53.35787,
    53.3374,
    55.81254,
    64.774345,
    70.7726,
    71.99646,
    81.018394,
    88.181984,
    87.1112,
    93.25696,
    97.87422,
    99.6697,
    99.05212,
    100.7314,
    97.64679,
    105.69775,
    100.96159,
    104.299515,
    105.60048,
    101.52226,
    101.375175,
    99.97401,
    97.34556,
    96.34869,
    92.749306,
    93.20105,
    100.148964,
    99.74583,
    108.83714,
    124.811104,
    137.48253,
    142.87369,
    147.11452,
    147.01111,
    145.06206,
    142.85013,
    138.91214,
    161.0194,
    133.01906,
    124.26006,
    108.08666,
    90.25472,
    82.86254,
    87.43377,
    81.89162,
    76.55013,
    70.60979,
    61.845543,
    58.89913,
    62.95806,
    63.801582,
    64.52866,
    66.30153,
    55.720673,
    51.897102,
    47.918594,
    49.868366,
    58.358,
    67.47958,
    77.68343,
    92.43752,
    99.233864,
    120.18025,
    150.47495,
    160.27718,
    177.68787,
    133.3552,
    138.41417,
    97.997734,
    56.42335,
    58.132267,
    69.12578,
    66.53697,
    87.23611,
    99.47052
  ],
  "years": [
    1900,
    1901,
    1902,
    1903,
    1904,
    1905,
    1906,
    1907,
    1908,
    1909,
    1910,
    1911,
    1912,
    1913,
    1914,
    1915,
    1916,
    1917,
    1918,
    1919,
    1920,
    1921,
    1922,
    1923,
    1924,
    1925,
    1926,
    1927,
    1928,
    1929,
    1930,
    1931,
    1932,
    1933,
    1934,
    1935,
    1936,
    1937,
    1938,
    1939,
    1940,
    1941,
    1942,
    1943,
    1944,
    1945,
    1946,
    1947,
    1948,
    1949,
    1950,
    1951,
    1952,
    1953,
    1954,
    1955,
    1956,
    1957,
    1958,
    1959,
    1960,
    1961,
    1962,
    1963,
    1964,
    1965,
    1966,
    1967,
    1968,
    1969,
    1970,
    1971,
    1972,
    1973,
    1974,
    1975,
    1976,
    1977,
    1978,
    1979,
    1980,
    1981,
    1982,
    1983,
    1984,
    1985,
    1986,
    1987,
    1988,
    1989,
    1990,
    1991,
    1992,
    1993,
    1994,
    1995,
    1996,
    1997,
    1998,
    1999,
    2000,
    2001,
    2002,
    2003,
    2004,
    2005,
    2006,
    2007,
    2008,
    2009,
    2010,
    2011,
    2012,
    2013,
    2014,
    2015,
    2016,
    2017,
    2018,
    2019,
    2020
  ],
  "entities": [
    355,
    355,
    355,
    355,
    355,
    355,
    355,
    355,
    355,
    355,
    355,
    355,
    355,
    355,
    355,
    355,
    355,
    355,
    355,
    355,
    355,
    355,
    355,
    355,
    355,
    355,
    355,
    355,
    355,
    355,
    355,
    355,
    355,
    355,
    355,
    355,
    355,
    355,
    355,
    355,
    355,
    355,
    355,
    355,
    355,
    355,
    355,
    355,
    355,
    355,
    355,
    355,
    355,
    355,
    355,
    355,
    355,
    355,
    355,
    355,
    355,
    355,
    355,
    355,
    355,
    355,
    355,
    355,
    355,
    355,
    355,
    355,
    355,
    355,
    355,
    355,
    355,
    355,
    355,
    355,
    355,
    355,
    355,
    355,
    355,
    355,
    355,
    355,
    355,
    355,
    355,
    355,
    355,
    355,
    355,
    355,
    355,
    355,
    355,
    355,
    355,
    355,
    355,
    355,
    355,
    355,
    355,
    355,
    355,
    355,
    355,
    355,
    355,
    355,
    355,
    355,
    355,
    355,
    355,
    355,
    355
  ]
}