{
  "values": [
    100,
    70.62177236,
    75.5895709,
    76.34232122,
    62.21247011,
    71.06333092,
    83.020691,
    96.1963706,
    87.37238813,
    83.65031119,
    92.5192321,
    74.46669901,
    71.85604346,
    76.4929078,
    62.91372988,
    65.08016951,
    78.13149896,
    84.29913367,
    79.58068435,
    64.07084,
    71.55816028,
    58.05301319,
    68.57432852,
    69.80418552,
    57.32537016,
    50.78176014,
    49.31554273,
    49.85362388,
    49.5410565,
    53.58522438,
    51.23149446,
    53.67457845,
    35.75402635,
    94.07932755,
    68.29358206,
    67.10697184,
    65.97771023,
    68.02228412,
    62.93402594,
    74.56336259,
    62.21561699,
    62.3160145,
    55.46377757,
    52.45800025,
    52.94148936,
    52.34231678,
    53.35786929,
    53.3373969,
    55.81253976,
    64.77434319,
    70.77260197,
    71.99646209,
    81.01839163,
    88.18198449,
    87.11119554,
    93.25695581,
    97.87421915,
    99.66970258,
    99.05211736,
    100.7314012,
    97.6467884,
    105.6977472,
    100.9615953,
    104.2995122,
    105.6004827,
    101.5222609,
    101.3751786,
    99.97400943,
    97.34556126,
    96.34868784,
    92.74930429,
    93.20104834,
    100.1489616,
    99.74582964,
    108.8371411,
    124.811103,
    137.4825311,
    142.8736919,
    147.1145126,
    147.011103,
    145.0620632,
    142.8501232,
    138.9121376,
    161.0193967,
    133.019065,
    124.2600649,
    108.0866594,
    90.25471981,
    82.86253844,
    87.43376802,
    81.89161471,
    76.55012966,
    70.60978754,
    61.84554222,
    58.89912999,
    62.95806109,
    63.80158117,
    64.52866706,
    66.30152722,
    55.72067125,
    51.89710134,
    47.91859389,
    49.86836659,
    58.35800185,
    67.47958506,
    77.68343302,
    92.43752111,
    99.23386195,
    120.1802532,
    150.47494,
    160.2771831,
    177.6878669,
    133.3551923,
    138.3637423,
    98.25,
    55.60583799
  ],
  "years": [
    1900,
    1901,
    1902,
    1903,
    1904,
    1905,
    1906,
    1907,
    1908,
    1909,
    1910,
    1911,
    1912,
    1913,
    1914,
    1915,
    1916,
    1917,
    1918,
    1919,
    1920,
    1921,
    1922,
    1923,
    1924,
    1925,
    1926,
    1927,
    1928,
    1929,
    1930,
    1931,
    1932,
    1933,
    1934,
    1935,
    1936,
    1937,
    1938,
    1939,
    1940,
    1941,
    1942,
    1943,
    1944,
    1945,
    1946,
    1947,
    1948,
    1949,
    1950,
    1951,
    1952,
    1953,
    1954,
    1955,
    1956,
    1957,
    1958,
    1959,
    1960,
    1961,
    1962,
    1963,
    1964,
    1965,
    1966,
    1967,
    1968,
    1969,
    1970,
    1971,
    1972,
    1973,
    1974,
    1975,
    1976,
    1977,
    1978,
    1979,
    1980,
    1981,
    1982,
    1983,
    1984,
    1985,
    1986,
    1987,
    1988,
    1989,
    1990,
    1991,
    1992,
    1993,
    1994,
    1995,
    1996,
    1997,
    1998,
    1999,
    2000,
    2001,
    2002,
    2003,
    2004,
    2005,
    2006,
    2007,
    2008,
    2009,
    2010,
    2011,
    2012,
    2013,
    2014,
    2015
  ],
  "entities": [
    355,
    355,
    355,
    355,
    355,
    355,
    355,
    355,
    355,
    355,
    355,
    355,
    355,
    355,
    355,
    355,
    355,
    355,
    355,
    355,
    355,
    355,
    355,
    355,
    355,
    355,
    355,
    355,
    355,
    355,
    355,
    355,
    355,
    355,
    355,
    355,
    355,
    355,
    355,
    355,
    355,
    355,
    355,
    355,
    355,
    355,
    355,
    355,
    355,
    355,
    355,
    355,
    355,
    355,
    355,
    355,
    355,
    355,
    355,
    355,
    355,
    355,
    355,
    355,
    355,
    355,
    355,
    355,
    355,
    355,
    355,
    355,
    355,
    355,
    355,
    355,
    355,
    355,
    355,
    355,
    355,
    355,
    355,
    355,
    355,
    355,
    355,
    355,
    355,
    355,
    355,
    355,
    355,
    355,
    355,
    355,
    355,
    355,
    355,
    355,
    355,
    355,
    355,
    355,
    355,
    355,
    355,
    355,
    355,
    355,
    355,
    355,
    355,
    355,
    355,
    355
  ]
}