{
  "values": [
    1.283852,
    1.3368062,
    1.3579295,
    1.2686949,
    1.2463092,
    1.2375641,
    1.3039262,
    1.2486236,
    1.2269737,
    1.1895347,
    1.1664412,
    1.3336251,
    1.3043948,
    1.1039306,
    1.3223222,
    1.2012081,
    1.2546686,
    1.2932037,
    1.1211733,
    1.2780395,
    1.0279546,
    3.2103312,
    3.0392797,
    3.0031326,
    3.0564342,
    3.1754403,
    3.2107804,
    3.3343213,
    3.2787833,
    3.2928963,
    3.3371103,
    3.254695,
    3.2336287,
    3.3558807,
    3.2822235,
    3.2416918,
    3.0401907,
    3.3068027,
    3.575143,
    3.4503224,
    3.5344455,
    3.4150386,
    3.2750685,
    3.2340202,
    3.3506358,
    3.0177019,
    3.247439,
    2.9085763,
    3.2589488,
    3.0970511,
    2.940125,
    3.101861,
    3.3020787,
    3.1349695,
    3.0290656,
    3.1872883,
    3.176634,
    3.1061108,
    3.1464343,
    3.2974524,
    3.0326436,
    3.2025054,
    3.046734,
    4.19031,
    4.1800647,
    4.0902157,
    4.081487,
    4.0170064,
    4.062071,
    3.939938,
    4.0476527,
    3.9464064,
    4.0416794,
    3.9894989,
    3.848116,
    3.9579012,
    3.8984606,
    4.030672,
    4.0485616,
    3.8740451,
    3.8813984,
    4.020514,
    3.9111407,
    3.76716,
    2.926693,
    2.879835,
    2.8872457,
    2.7916317,
    2.8658483,
    2.799874,
    2.920937,
    2.8769715,
    2.8167849,
    2.8943245,
    2.9140966,
    2.8803244,
    2.9095123,
    2.8714585,
    2.956686,
    2.8754926,
    2.9219592,
    3.0444975,
    2.9637394,
    3.0325823,
    2.8617322
  ],
  "years": [
    2003,
    2004,
    2005,
    2006,
    2007,
    2008,
    2009,
    2010,
    2011,
    2012,
    2013,
    2014,
    2015,
    2016,
    2017,
    2018,
    2019,
    2020,
    2021,
    2022,
    2023,
    2003,
    2004,
    2005,
    2006,
    2007,
    2008,
    2009,
    2010,
    2011,
    2012,
    2013,
    2014,
    2015,
    2016,
    2017,
    2018,
    2019,
    2020,
    2021,
    2022,
    2023,
    2003,
    2004,
    2005,
    2006,
    2007,
    2008,
    2009,
    2010,
    2011,
    2012,
    2013,
    2014,
    2015,
    2016,
    2017,
    2018,
    2019,
    2020,
    2021,
    2022,
    2023,
    2003,
    2004,
    2005,
    2006,
    2007,
    2008,
    2009,
    2010,
    2011,
    2012,
    2013,
    2014,
    2015,
    2016,
    2017,
    2018,
    2019,
    2020,
    2021,
    2022,
    2023,
    2003,
    2004,
    2005,
    2006,
    2007,
    2008,
    2009,
    2010,
    2011,
    2012,
    2013,
    2014,
    2015,
    2016,
    2017,
    2018,
    2019,
    2020,
    2021,
    2022,
    2023
  ],
  "entities": [
    366965,
    366965,
    366965,
    366965,
    366965,
    366965,
    366965,
    366965,
    366965,
    366965,
    366965,
    366965,
    366965,
    366965,
    366965,
    366965,
    366965,
    366965,
    366965,
    366965,
    366965,
    367044,
    367044,
    367044,
    367044,
    367044,
    367044,
    367044,
    367044,
    367044,
    367044,
    367044,
    367044,
    367044,
    367044,
    367044,
    367044,
    367044,
    367044,
    367044,
    367044,
    367044,
    371421,
    371421,
    371421,
    371421,
    371421,
    371421,
    371421,
    371421,
    371421,
    371421,
    371421,
    371421,
    371421,
    371421,
    371421,
    371421,
    371421,
    371421,
    371421,
    371421,
    371421,
    371420,
    371420,
    371420,
    371420,
    371420,
    371420,
    371420,
    371420,
    371420,
    371420,
    371420,
    371420,
    371420,
    371420,
    371420,
    371420,
    371420,
    371420,
    371420,
    371420,
    371420,
    240200,
    240200,
    240200,
    240200,
    240200,
    240200,
    240200,
    240200,
    240200,
    240200,
    240200,
    240200,
    240200,
    240200,
    240200,
    240200,
    240200,
    240200,
    240200,
    240200,
    240200
  ]
}