{
  "values": [
    1.6761274,
    1.7277812,
    1.9423614,
    1.8540584,
    1.7975168,
    1.7657061,
    1.7117447,
    1.670533,
    1.6041119,
    1.626476,
    1.6135085,
    1.6147252,
    1.3217196,
    1.3343154,
    1.4030901,
    1.3091955,
    0.96859765,
    0.96178937,
    1.0714899,
    0.8897219,
    0.78341943,
    3.8217235,
    3.7333667,
    3.8542016,
    4.041101,
    3.9347029,
    3.9160037,
    4.0139303,
    4.0412006,
    4.0967336,
    3.9684963,
    4.0332522,
    3.8939638,
    4.0241537,
    4.0726075,
    3.8664634,
    3.829639,
    3.7954745,
    4.210042,
    3.7869792,
    3.7292712,
    3.6184633,
    1.8831056,
    1.8189572,
    1.846274,
    1.8168952,
    1.7603834,
    1.9464997,
    1.9541947,
    2.0228179,
    2.0116696,
    1.9846411,
    2.0925105,
    1.882265,
    1.872124,
    1.9966384,
    1.8594196,
    2.0589733,
    1.7947857,
    1.9152389,
    2.066764,
    1.990975,
    1.9323224,
    0.9451365,
    0.9073408,
    0.97230095,
    0.89677805,
    0.9656921,
    1.0049051,
    0.7986677,
    0.9163951,
    0.97948873,
    0.94869727,
    1.0264251,
    0.92553204,
    0.8681954,
    0.873189,
    0.83878905,
    0.95272154,
    0.9212737,
    0.76427805,
    0.82669765,
    0.8292411,
    0.71249884,
    2.1881425,
    2.1375742,
    2.2346895,
    2.2239451,
    2.166788,
    2.1963055,
    2.1499352,
    2.17771,
    2.1753676,
    2.1237931,
    2.1759892,
    2.0550568,
    1.9873316,
    2.027667,
    1.9461075,
    1.9902616,
    1.8252896,
    1.9069917,
    1.8860638,
    1.8175762,
    1.7117538
  ],
  "years": [
    2003,
    2004,
    2005,
    2006,
    2007,
    2008,
    2009,
    2010,
    2011,
    2012,
    2013,
    2014,
    2015,
    2016,
    2017,
    2018,
    2019,
    2020,
    2021,
    2022,
    2023,
    2003,
    2004,
    2005,
    2006,
    2007,
    2008,
    2009,
    2010,
    2011,
    2012,
    2013,
    2014,
    2015,
    2016,
    2017,
    2018,
    2019,
    2020,
    2021,
    2022,
    2023,
    2003,
    2004,
    2005,
    2006,
    2007,
    2008,
    2009,
    2010,
    2011,
    2012,
    2013,
    2014,
    2015,
    2016,
    2017,
    2018,
    2019,
    2020,
    2021,
    2022,
    2023,
    2003,
    2004,
    2005,
    2006,
    2007,
    2008,
    2009,
    2010,
    2011,
    2012,
    2013,
    2014,
    2015,
    2016,
    2017,
    2018,
    2019,
    2020,
    2021,
    2022,
    2023,
    2003,
    2004,
    2005,
    2006,
    2007,
    2008,
    2009,
    2010,
    2011,
    2012,
    2013,
    2014,
    2015,
    2016,
    2017,
    2018,
    2019,
    2020,
    2021,
    2022,
    2023
  ],
  "entities": [
    366965,
    366965,
    366965,
    366965,
    366965,
    366965,
    366965,
    366965,
    366965,
    366965,
    366965,
    366965,
    366965,
    366965,
    366965,
    366965,
    366965,
    366965,
    366965,
    366965,
    366965,
    367044,
    367044,
    367044,
    367044,
    367044,
    367044,
    367044,
    367044,
    367044,
    367044,
    367044,
    367044,
    367044,
    367044,
    367044,
    367044,
    367044,
    367044,
    367044,
    367044,
    367044,
    371421,
    371421,
    371421,
    371421,
    371421,
    371421,
    371421,
    371421,
    371421,
    371421,
    371421,
    371421,
    371421,
    371421,
    371421,
    371421,
    371421,
    371421,
    371421,
    371421,
    371421,
    371420,
    371420,
    371420,
    371420,
    371420,
    371420,
    371420,
    371420,
    371420,
    371420,
    371420,
    371420,
    371420,
    371420,
    371420,
    371420,
    371420,
    371420,
    371420,
    371420,
    371420,
    240200,
    240200,
    240200,
    240200,
    240200,
    240200,
    240200,
    240200,
    240200,
    240200,
    240200,
    240200,
    240200,
    240200,
    240200,
    240200,
    240200,
    240200,
    240200,
    240200,
    240200
  ]
}