{
  "values": [
    1.8311286,
    7.130688,
    8.965412,
    7.702428,
    2.9470096,
    12.468821,
    3.0808551,
    3.8726804,
    4.0857897,
    11.296405,
    8.419122,
    0.44854414,
    9.83391,
    5.3350105,
    6.6086836,
    8.654473,
    6.200151,
    4.075795,
    6.681066,
    6.4392586,
    8.622097,
    3.486858,
    2.041912,
    9.546399,
    5.802206,
    7.1028433,
    6.4576836,
    2.8330152,
    7.9518237,
    2.558276,
    3.4319572,
    5.342327,
    7.825141,
    3.972601,
    6.18859,
    3.086702,
    4.0856314,
    2.7613947,
    5.772119,
    0.59980553,
    8.155796,
    6.5804396,
    8.097927,
    1.9437684,
    7.508952,
    4.2309766,
    18.279898,
    11.639642,
    5.2137837,
    5.148997,
    3.2121398,
    5.9666457,
    2.464642,
    7.3723936,
    7.321238,
    10.222868,
    5.512284,
    4.6544123,
    1.3463554,
    1.2016084,
    1.7975471,
    11.550375,
    2.5889335,
    3.8726807,
    4.3259926,
    2.1415317,
    5.635366,
    3.2941608,
    2.337959,
    4.869171,
    7.692894,
    5.399059,
    3.0632489,
    7.155839,
    1.4176657,
    9.832646,
    1.10874,
    27.58858,
    5.5655456,
    4.1753154,
    5.0576096,
    4.131551,
    6.910709,
    4.9971952,
    1.6701276,
    4.0958276,
    4.690276,
    5.231021,
    5.2277555,
    5.4296064,
    4.762753,
    7.265897,
    5.2499294,
    7.032891,
    4.317193,
    9.172432,
    3.1102297,
    15.706316,
    6.8057733,
    10.823317,
    6.6288853,
    3.7585824,
    3.4455779,
    15.966202,
    5.6175394,
    9.0405655,
    1.0998019,
    2.733297,
    4.4874196,
    4.363841,
    2.9053617,
    5.632542,
    8.336977,
    15.378988,
    8.878665,
    3.961529,
    8.314214,
    6.0031395,
    11.990161,
    0.6476656,
    3.8677416,
    9.406832,
    5.181778,
    3.61239,
    2.8701663,
    2.3912249,
    7.9537573,
    10.762112,
    6.788102,
    2.4473586,
    5.863777,
    3.5299623,
    3.1159585,
    7.6822267,
    5.794453,
    0.7813719,
    4.2618604,
    2.250121,
    12.200869,
    3.2959208,
    3.5755816,
    5.3198824,
    13.627934,
    7.0637436,
    3.3967204,
    2.6562457,
    5.7896175,
    4.4728727,
    3.8726804,
    6.8379583,
    1.130839,
    2.4909062,
    3.569155,
    4.5599174,
    3.8726804,
    3.2180734,
    8.151724,
    1.8518499
  ],
  "years": [
    2018,
    2018,
    2018,
    2018,
    2018,
    2018,
    2018,
    2019,
    2018,
    2018,
    2018,
    2018,
    2018,
    2018,
    2018,
    2018,
    2018,
    2018,
    2018,
    2018,
    2018,
    2018,
    2018,
    2018,
    2018,
    2018,
    2018,
    2018,
    2018,
    2018,
    2018,
    2018,
    2018,
    2018,
    2018,
    2018,
    2018,
    2018,
    2018,
    2018,
    2018,
    2018,
    2018,
    2018,
    2018,
    2018,
    2018,
    2018,
    2018,
    2018,
    2018,
    2018,
    2018,
    2018,
    2018,
    2018,
    2018,
    2018,
    2018,
    2018,
    2018,
    2018,
    2018,
    2019,
    2018,
    2018,
    2018,
    2018,
    2018,
    2018,
    2018,
    2018,
    2018,
    2018,
    2018,
    2018,
    2018,
    2018,
    2018,
    2018,
    2018,
    2018,
    2018,
    2018,
    2018,
    2018,
    2018,
    2018,
    2018,
    2018,
    2018,
    2018,
    2018,
    2018,
    2018,
    2018,
    2018,
    2018,
    2018,
    2018,
    2018,
    2018,
    2018,
    2018,
    2018,
    2018,
    2018,
    2018,
    2018,
    2018,
    2018,
    2018,
    2018,
    2018,
    2018,
    2018,
    2018,
    2018,
    2018,
    2018,
    2018,
    2018,
    2018,
    2018,
    2018,
    2018,
    2018,
    2018,
    2018,
    2018,
    2018,
    2018,
    2018,
    2018,
    2018,
    2018,
    2018,
    2018,
    2018,
    2018,
    2018,
    2018,
    2018,
    2018,
    2018,
    2018,
    2018,
    2018,
    2019,
    2018,
    2018,
    2018,
    2018,
    2018,
    2019,
    2018,
    2018,
    2018
  ],
  "entities": [
    15,
    273,
    16,
    17,
    21,
    22,
    275,
    275,
    23,
    24,
    25,
    28,
    30,
    4,
    32,
    34,
    35,
    36,
    37,
    39,
    40,
    41,
    42,
    43,
    44,
    173,
    172,
    171,
    170,
    169,
    168,
    166,
    143,
    165,
    163,
    162,
    161,
    160,
    201,
    65,
    259,
    156,
    78,
    158,
    276,
    155,
    3,
    153,
    151,
    152,
    6,
    150,
    149,
    148,
    147,
    145,
    457,
    139,
    138,
    207,
    137,
    136,
    135,
    134,
    2,
    133,
    8,
    14,
    130,
    131,
    129,
    379,
    208,
    126,
    125,
    122,
    124,
    121,
    120,
    119,
    461,
    460,
    210,
    118,
    117,
    116,
    115,
    212,
    114,
    213,
    113,
    111,
    112,
    215,
    110,
    109,
    142,
    108,
    107,
    5,
    106,
    105,
    104,
    103,
    294,
    66,
    390,
    102,
    277,
    101,
    140,
    100,
    98,
    97,
    96,
    11,
    95,
    92,
    12,
    91,
    90,
    89,
    88,
    87,
    86,
    85,
    83,
    81,
    295,
    127,
    9,
    141,
    10,
    7,
    198,
    76,
    64,
    75,
    74,
    71,
    70,
    69,
    68,
    67,
    72,
    1,
    13,
    459,
    459,
    63,
    62,
    238,
    84,
    355,
    355,
    61,
    60,
    80
  ]
}