{
  "values": [
    300.4205396,
    322.0909552,
    298.520474,
    284.1924317,
    263.8020596,
    260.0333565,
    275.141493,
    265.5219164,
    251.9710419,
    233.7302869,
    205.5074648,
    195.8056356,
    233.7333751,
    243.6290321,
    233.3550198,
    229.1899963,
    257.5698406,
    263.6847563,
    283.2794724,
    272.290233,
    264.4962562,
    266.4230251,
    274.3491421,
    292.0021042,
    299.8738167,
    309.4708907,
    315.9838862,
    297.1970206,
    308.8559895,
    306.3007849,
    302.9559306,
    295.7714545,
    288.3063053,
    278.1704091,
    264.5290598,
    278.6578655,
    282.9567185,
    292.1,
    304.9418994,
    316.6753247,
    325.4123741,
    320.9247191,
    318.4796634,
    321.6135785,
    320.5306818,
    321.5647226,
    320.8270423,
    314.393133,
    315.9530827,
    325.9159802,
    339.2121739,
    364.4586331,
    379.6628788,
    394.5338645,
    421.4361117,
    426.3246445,
    456.1001284,
    513.5086129,
    509.3032385,
    507.5689655,
    537.1653268,
    463.5745614,
    524.1620334,
    436.914557,
    510.6468254,
    495.7989588,
    492.7390077,
    514.047421,
    506.4942053,
    549.1642043,
    741.0988372,
    760.4329268,
    805.7702703,
    368.2158273,
    825.5350877,
    1187.901099,
    1393.773333,
    1508.202899,
    1782.5,
    1893.102041,
    2479,
    3017.607143,
    6819.9,
    7112.142857,
    4549.798404,
    4866.408143,
    3522.298083,
    3705.300099,
    3096.717615,
    2851.95929,
    2791.315325,
    3131.045625,
    3427.757576,
    3229.034611,
    3385.908986,
    3409.530841,
    3071.005237,
    2932.149191,
    3023.280416,
    3050.653537,
    3106.493337,
    2911.732806,
    3436.728293,
    3234.549234,
    4353.51269,
    5027.432527,
    4904.942719,
    4372.972909,
    3099.280821
  ],
  "years": [
    1873,
    1883,
    1893,
    1903,
    1913,
    1914,
    1915,
    1916,
    1917,
    1918,
    1919,
    1920,
    1922,
    1923,
    1924,
    1925,
    1927,
    1928,
    1929,
    1930,
    1931,
    1932,
    1933,
    1934,
    1935,
    1936,
    1937,
    1938,
    1939,
    1940,
    1941,
    1942,
    1943,
    1944,
    1945,
    1946,
    1947,
    1948,
    1949,
    1950,
    1951,
    1952,
    1953,
    1954,
    1955,
    1956,
    1957,
    1958,
    1959,
    1960,
    1961,
    1962,
    1963,
    1964,
    1965,
    1966,
    1967,
    1968,
    1969,
    1970,
    1971,
    1972,
    1973,
    1974,
    1975,
    1976,
    1977,
    1978,
    1979,
    1980,
    1981,
    1982,
    1983,
    1984,
    1985,
    1986,
    1987,
    1988,
    1989,
    1990,
    1991,
    1992,
    1993,
    1994,
    1995,
    1996,
    1997,
    1998,
    1999,
    2000,
    2001,
    2002,
    2003,
    2004,
    2005,
    2006,
    2007,
    2008,
    2009,
    2010,
    2011,
    2012,
    2013,
    2014,
    2015,
    2016,
    2017,
    2018,
    2019
  ],
  "entities": [
    1,
    1,
    1,
    1,
    1,
    1,
    1,
    1,
    1,
    1,
    1,
    1,
    1,
    1,
    1,
    1,
    1,
    1,
    1,
    1,
    1,
    1,
    1,
    1,
    1,
    1,
    1,
    1,
    1,
    1,
    1,
    1,
    1,
    1,
    1,
    1,
    1,
    1,
    1,
    1,
    1,
    1,
    1,
    1,
    1,
    1,
    1,
    1,
    1,
    1,
    1,
    1,
    1,
    1,
    1,
    1,
    1,
    1,
    1,
    1,
    1,
    1,
    1,
    1,
    1,
    1,
    1,
    1,
    1,
    1,
    1,
    1,
    1,
    1,
    1,
    1,
    1,
    1,
    1,
    1,
    1,
    1,
    1,
    1,
    1,
    1,
    1,
    1,
    1,
    1,
    1,
    1,
    1,
    1,
    1,
    1,
    1,
    1,
    1,
    1,
    1,
    1,
    1,
    1,
    1,
    1,
    1,
    1,
    1
  ]
}