{
  "values": [
    0.358967,
    0.551689,
    0.5811595,
    0.4728293,
    0.4128978,
    0.4832014,
    0.5826333,
    0.7227396,
    1.203712,
    2.161513,
    3.0628848,
    3.1933606,
    2.568565,
    1.7845577,
    1.1850775,
    0.7389227,
    0.4595389,
    0.5246952,
    1.0665227,
    1.8310947,
    2.169023,
    1.7932113,
    1.2520031,
    1.103817,
    1.1626105,
    1.1133358,
    1.1686115,
    1.4997818,
    1.708634,
    1.5495722,
    1.5334164,
    2.08418,
    2.7049654,
    2.6587372,
    1.9367065,
    1.0878932,
    0.5406238,
    0.3478287,
    0.3367324,
    0.3571616,
    0.3864281,
    0.4401296,
    0.5743669,
    1.1935735,
    2.9511802,
    5.470049,
    6.783559,
    5.58601,
    3.1547885,
    1.5497648,
    1.2439137,
    1.5244868,
    1.7744658,
    1.792681,
    1.6846557,
    1.5860529,
    1.4215865,
    1.1197689,
    0.8273878,
    0.7750814,
    1.1323918,
    1.7877744,
    2.2129536,
    2.0133543,
    1.4619561,
    1.048406,
    0.9219646,
    1.0750756,
    1.4716963,
    1.7901595,
    1.6364424,
    1.1028007,
    0.6274845,
    0.4016015,
    0.3584278,
    0.5904677,
    1.3050838,
    2.3088548,
    2.961636,
    2.905455,
    2.5391304,
    2.5307467,
    2.9673748,
    3.1789732,
    2.701543,
    2.285486,
    3.1394546,
    4.960699,
    5.830385,
    4.696554,
    2.6781082,
    1.2626209,
    0.7472209,
    0.8638202,
    1.430641,
    2.1581156,
    2.7317743,
    3.0582907,
    3.2074702,
    3.393846,
    3.804125,
    4.2081513,
    4.123356,
    3.3550134,
    2.1613169,
    1.1199913,
    0.8060209,
    1.3154687,
    2.1104603,
    2.5043314,
    2.3734355,
    2.2062488,
    2.4119728,
    2.964514,
    3.686459,
    4.2994375,
    4.349448,
    3.7814777,
    3.275709,
    3.3563461,
    3.7918613,
    4.462189,
    5.70958,
    7.1590457,
    7.5971265,
    6.662958
  ],
  "years": [
    1895,
    1896,
    1897,
    1898,
    1899,
    1900,
    1901,
    1902,
    1903,
    1904,
    1905,
    1906,
    1907,
    1908,
    1909,
    1910,
    1911,
    1912,
    1913,
    1914,
    1915,
    1916,
    1917,
    1918,
    1919,
    1920,
    1921,
    1922,
    1923,
    1924,
    1925,
    1926,
    1927,
    1928,
    1929,
    1930,
    1931,
    1932,
    1933,
    1934,
    1935,
    1936,
    1937,
    1938,
    1939,
    1940,
    1941,
    1942,
    1943,
    1944,
    1945,
    1946,
    1947,
    1948,
    1949,
    1950,
    1951,
    1952,
    1953,
    1954,
    1955,
    1956,
    1957,
    1958,
    1959,
    1960,
    1961,
    1962,
    1963,
    1964,
    1965,
    1966,
    1967,
    1968,
    1969,
    1970,
    1971,
    1972,
    1973,
    1974,
    1975,
    1976,
    1977,
    1978,
    1979,
    1980,
    1981,
    1982,
    1983,
    1984,
    1985,
    1986,
    1987,
    1988,
    1989,
    1990,
    1991,
    1992,
    1993,
    1994,
    1995,
    1996,
    1997,
    1998,
    1999,
    2000,
    2001,
    2002,
    2003,
    2004,
    2005,
    2006,
    2007,
    2008,
    2009,
    2010,
    2011,
    2012,
    2013,
    2014,
    2015,
    2016,
    2017,
    2018,
    2019,
    2020
  ],
  "entities": [
    13,
    13,
    13,
    13,
    13,
    13,
    13,
    13,
    13,
    13,
    13,
    13,
    13,
    13,
    13,
    13,
    13,
    13,
    13,
    13,
    13,
    13,
    13,
    13,
    13,
    13,
    13,
    13,
    13,
    13,
    13,
    13,
    13,
    13,
    13,
    13,
    13,
    13,
    13,
    13,
    13,
    13,
    13,
    13,
    13,
    13,
    13,
    13,
    13,
    13,
    13,
    13,
    13,
    13,
    13,
    13,
    13,
    13,
    13,
    13,
    13,
    13,
    13,
    13,
    13,
    13,
    13,
    13,
    13,
    13,
    13,
    13,
    13,
    13,
    13,
    13,
    13,
    13,
    13,
    13,
    13,
    13,
    13,
    13,
    13,
    13,
    13,
    13,
    13,
    13,
    13,
    13,
    13,
    13,
    13,
    13,
    13,
    13,
    13,
    13,
    13,
    13,
    13,
    13,
    13,
    13,
    13,
    13,
    13,
    13,
    13,
    13,
    13,
    13,
    13,
    13,
    13,
    13,
    13,
    13,
    13,
    13,
    13,
    13,
    13,
    13
  ]
}