{
  "values": [
    0,
    1.025769,
    1.2304463,
    0,
    0,
    0.5235716,
    1.0139568,
    0.6461266,
    0.1633845,
    0,
    6.868834,
    4.2506776,
    1.6181289,
    0.852359,
    2.3579583,
    0,
    0,
    0.5511002,
    0,
    0.6259765,
    7.3126984,
    0,
    0,
    0,
    3.917523,
    0.1323487,
    0,
    0.3625363,
    5.7771554,
    0,
    0,
    0,
    7.731086,
    1.0377465,
    3.1215775,
    0,
    0,
    0.2453084,
    0.7397633,
    0,
    0.5118257,
    0.3408311,
    0.5034546,
    0.9048353,
    0,
    0.4605075,
    23.28385,
    1.2199907,
    0,
    0.3377871,
    2.169163,
    0.1131913,
    3.1163168,
    2.63063,
    0,
    2.022719,
    2.8464906,
    0,
    0.6510235,
    1.1261886,
    0,
    0,
    7.2895703,
    0.0191244,
    1.4896182,
    0.2603962,
    1.7221881,
    0.2506354,
    0,
    4.43322,
    2.2343776,
    0,
    0.10171,
    0.9609181,
    0,
    0.2095742,
    0,
    1.6736492,
    7.7384973,
    0,
    4.173949,
    0.3349747,
    1.5326978,
    7.986916,
    2.204434,
    0,
    0,
    2.682742,
    18.786144,
    0,
    0.3026154,
    2.079662,
    0,
    0,
    0.4776135,
    3.9153392,
    2.8721993,
    1.1330707,
    7.1260867,
    0,
    2.6657355,
    8.927155,
    0.5545743,
    7.466719,
    0.6048338,
    0,
    0,
    0,
    3.2114093,
    4.7239237,
    1.4068341,
    1.0911492,
    2.2140954,
    3.5476081,
    3.1819947,
    2.897081,
    10.041266,
    0.4227881,
    3.4228363,
    0,
    9.127233,
    1.3336452,
    1.5609874,
    11.525492,
    11.9514885,
    4.2938566
  ],
  "years": [
    1895,
    1896,
    1897,
    1898,
    1899,
    1900,
    1901,
    1902,
    1903,
    1904,
    1905,
    1906,
    1907,
    1908,
    1909,
    1910,
    1911,
    1912,
    1913,
    1914,
    1915,
    1916,
    1917,
    1918,
    1919,
    1920,
    1921,
    1922,
    1923,
    1924,
    1925,
    1926,
    1927,
    1928,
    1929,
    1930,
    1931,
    1932,
    1933,
    1934,
    1935,
    1936,
    1937,
    1938,
    1939,
    1940,
    1941,
    1942,
    1943,
    1944,
    1945,
    1946,
    1947,
    1948,
    1949,
    1950,
    1951,
    1952,
    1953,
    1954,
    1955,
    1956,
    1957,
    1958,
    1959,
    1960,
    1961,
    1962,
    1963,
    1964,
    1965,
    1966,
    1967,
    1968,
    1969,
    1970,
    1971,
    1972,
    1973,
    1974,
    1975,
    1976,
    1977,
    1978,
    1979,
    1980,
    1981,
    1982,
    1983,
    1984,
    1985,
    1986,
    1987,
    1988,
    1989,
    1990,
    1991,
    1992,
    1993,
    1994,
    1995,
    1996,
    1997,
    1998,
    1999,
    2000,
    2001,
    2002,
    2003,
    2004,
    2005,
    2006,
    2007,
    2008,
    2009,
    2010,
    2011,
    2012,
    2013,
    2014,
    2015,
    2016,
    2017,
    2018,
    2019,
    2020
  ],
  "entities": [
    13,
    13,
    13,
    13,
    13,
    13,
    13,
    13,
    13,
    13,
    13,
    13,
    13,
    13,
    13,
    13,
    13,
    13,
    13,
    13,
    13,
    13,
    13,
    13,
    13,
    13,
    13,
    13,
    13,
    13,
    13,
    13,
    13,
    13,
    13,
    13,
    13,
    13,
    13,
    13,
    13,
    13,
    13,
    13,
    13,
    13,
    13,
    13,
    13,
    13,
    13,
    13,
    13,
    13,
    13,
    13,
    13,
    13,
    13,
    13,
    13,
    13,
    13,
    13,
    13,
    13,
    13,
    13,
    13,
    13,
    13,
    13,
    13,
    13,
    13,
    13,
    13,
    13,
    13,
    13,
    13,
    13,
    13,
    13,
    13,
    13,
    13,
    13,
    13,
    13,
    13,
    13,
    13,
    13,
    13,
    13,
    13,
    13,
    13,
    13,
    13,
    13,
    13,
    13,
    13,
    13,
    13,
    13,
    13,
    13,
    13,
    13,
    13,
    13,
    13,
    13,
    13,
    13,
    13,
    13,
    13,
    13,
    13,
    13,
    13,
    13
  ]
}