{
  "values": [
    41.55844,
    26.4,
    23.7475,
    30.12758,
    29.85972,
    56.96088,
    50.90164,
    41.78177,
    32.3991,
    60.87824,
    73.5613,
    51.20521,
    47.26392,
    49.52893,
    50.3708,
    53.23544,
    35.54884,
    43.58717,
    79.15702,
    90.786,
    51.02717,
    28.28947,
    63.9,
    24.74333,
    64.83333,
    48.16972,
    54.33334,
    56.09272,
    50.0417,
    64.9902,
    90.97561,
    35.00418,
    23.59,
    30.27523,
    79.38144,
    21.58996,
    32.38405,
    35.62628,
    75,
    81.23492,
    80.40707,
    83.1875,
    57.15241,
    53.41667,
    24.17583,
    57.96152,
    66.04755,
    40.75,
    36.57523,
    54.33334,
    55.85443,
    77.59303,
    58.97023,
    66.42141,
    77.15481,
    47.5,
    28.27181,
    59.03042,
    26.82314,
    86.47581,
    81.30769,
    75.32369,
    71.31783,
    45.6,
    34.5977,
    44.2613,
    54.93934,
    36.83334,
    83.41666,
    25.95137,
    31.9478,
    61.16625,
    46.82927,
    34,
    71.23366,
    72.3301,
    50.67265,
    61.3828,
    72.41206,
    30.4,
    39.31266,
    32.02006,
    75.83334,
    80.56714,
    41.49378,
    48.73188,
    58.08613,
    36.7716,
    22.94165,
    38.26861,
    42.13732,
    67.05959,
    28.64125,
    75.74835,
    78.76371,
    59.04921,
    37.33583,
    54.54546,
    71.84628,
    71.24498,
    16.25532,
    52.794,
    76.05178,
    82.91088,
    64.41666,
    82.28905,
    75.62012,
    49.04905,
    30.53942,
    24.59575,
    39.09491,
    41.75042,
    32.53333,
    31.1284,
    54.67128,
    40.23886,
    41.8677,
    51.9959,
    60.94378,
    80.54363,
    42.68908,
    89.75,
    26.8,
    69.53333,
    50.20576
  ],
  "years": [
    2014,
    2022,
    2009,
    2014,
    2022,
    2014,
    2022,
    2014,
    2022,
    2014,
    2022,
    2014,
    2022,
    2014,
    2022,
    2022,
    2014,
    2022,
    2014,
    2022,
    2014,
    2022,
    2014,
    2022,
    2022,
    2014,
    2022,
    2014,
    2022,
    2014,
    2022,
    2014,
    2014,
    2022,
    2014,
    2022,
    2022,
    2014,
    2014,
    2022,
    2014,
    2022,
    2022,
    2014,
    2022,
    2014,
    2022,
    2014,
    2022,
    2014,
    2022,
    2022,
    2014,
    2014,
    2022,
    2014,
    2022,
    2014,
    2022,
    2022,
    2014,
    2022,
    2022,
    2014,
    2022,
    2022,
    2014,
    2022,
    2022,
    2014,
    2022,
    2014,
    2022,
    2022,
    2014,
    2022,
    2022,
    2014,
    2022,
    2014,
    2014,
    2022,
    2014,
    2022,
    2014,
    2022,
    2014,
    2014,
    2022,
    2014,
    2022,
    2014,
    2022,
    2014,
    2022,
    2022,
    2014,
    2014,
    2014,
    2022,
    2014,
    2014,
    2014,
    2022,
    2022,
    2014,
    2022,
    2014,
    2014,
    2022,
    2014,
    2022,
    2014,
    2022,
    2022,
    2014,
    2022,
    2014,
    2022,
    2014,
    2022,
    2022,
    2014,
    2014,
    2022
  ],
  "entities": [
    17,
    18,
    21,
    21,
    21,
    22,
    22,
    23,
    23,
    25,
    28,
    30,
    34,
    37,
    37,
    44,
    172,
    172,
    171,
    171,
    170,
    170,
    163,
    163,
    162,
    201,
    201,
    65,
    65,
    156,
    158,
    152,
    6,
    6,
    150,
    149,
    148,
    145,
    144,
    144,
    137,
    136,
    135,
    134,
    134,
    14,
    14,
    130,
    130,
    131,
    131,
    129,
    208,
    126,
    126,
    124,
    124,
    120,
    120,
    262,
    116,
    116,
    211,
    113,
    113,
    112,
    110,
    110,
    142,
    5,
    5,
    106,
    106,
    105,
    103,
    103,
    357,
    101,
    101,
    140,
    97,
    97,
    96,
    96,
    11,
    93,
    226,
    92,
    92,
    12,
    12,
    91,
    88,
    86,
    86,
    85,
    83,
    81,
    127,
    127,
    9,
    10,
    198,
    198,
    76,
    75,
    75,
    73,
    71,
    71,
    70,
    70,
    67,
    67,
    1,
    13,
    13,
    63,
    63,
    62,
    238,
    84,
    61,
    80,
    80
  ]
}