{
  "values": [
    45.13018,
    60.71785,
    64.79439,
    62.21106,
    59.72359,
    65.16064,
    46.84932,
    51.60759,
    69.04932,
    72.58953,
    60.91114,
    47.80439,
    54.02685,
    61.43323,
    40.0782,
    66.86909,
    59.81119,
    62.23617,
    38.96104,
    67.70099,
    73.01808,
    62.36934,
    62.13494,
    66.63326,
    60.1005,
    48.7891,
    50.04638,
    73.1506,
    54.67768,
    71.04913,
    40.52631,
    66.4436,
    70.4,
    58.04124,
    57.38115,
    48.87594,
    63.33333,
    85.21796,
    57.65646,
    44.0367,
    66.75375,
    55.12028,
    67.97066,
    58.87574,
    65.86587,
    41.60485,
    60.63386,
    59.35672,
    73.75122,
    62.90429,
    66.84746,
    76.22423,
    47.36842,
    40.60212,
    22.12526,
    69.4864,
    60.25084,
    52.88845,
    31.75502,
    57.94507,
    69.06693,
    83.80744,
    55.41305,
    81.38759,
    57.25,
    44.17229,
    72.70916,
    32.11845,
    20.26197,
    31.57111,
    67.75148,
    42.16666,
    44.55528,
    58.6,
    62.52983,
    66.32248,
    63.32288,
    63.14381,
    69.71236,
    41.25,
    27.92642,
    55.93705,
    43.16848,
    73.41898,
    70.94088,
    77.61539,
    75.70449,
    72.27053,
    64.59087,
    64.36411,
    59.92997,
    46.14943,
    42.48804,
    38.88889,
    72.96261,
    58.4562,
    43.33333,
    93.25,
    45.70049,
    41.54334,
    43.62579,
    61.29838,
    63.93762,
    49.33334,
    62.36498,
    65.20682,
    67.04036,
    70.09804,
    38.69602,
    57.7408,
    44.6,
    43.11798,
    50.33614,
    42.03316,
    80.41666,
    85.08334,
    58.07422,
    65.14523,
    73.26106,
    87.10602,
    43.00459,
    43.28859,
    47.41036,
    49.77645,
    42.35197,
    43.48309,
    55.93562,
    58.15324,
    46.533,
    36.95015,
    61.64383,
    51.09562,
    60.05004,
    38.82927,
    33.86491,
    63.85542,
    48.48485,
    69.72477,
    68.48282,
    61.44579,
    61.97655,
    64.48041,
    65.3185,
    48.62614,
    68.26299,
    55.59184,
    75.95142,
    64.43172,
    54.58334,
    34.75131,
    55.44389,
    55.22058,
    54.75475,
    55.05506,
    31.53527,
    39.59391,
    61.96868,
    54.30006,
    58.47564,
    44.02062,
    57.6,
    50.03891,
    71.70542,
    72.31834,
    63.73444,
    63.34862,
    64.57766,
    68.69207,
    70.30303,
    73.13883,
    81.75948,
    53.10925,
    86.8191,
    84.33333,
    39.7,
    49.9655,
    74.33334,
    78.66557
  ],
  "years": [
    2014,
    2009,
    2022,
    2009,
    2014,
    2022,
    2014,
    2022,
    2009,
    2014,
    2022,
    2014,
    2022,
    2014,
    2022,
    2009,
    2014,
    2022,
    2009,
    2009,
    2009,
    2022,
    2009,
    2014,
    2022,
    2009,
    2014,
    2022,
    2009,
    2014,
    2022,
    2009,
    2014,
    2022,
    2022,
    2014,
    2022,
    2009,
    2014,
    2022,
    2014,
    2009,
    2022,
    2009,
    2009,
    2009,
    2014,
    2009,
    2014,
    2022,
    2009,
    2014,
    2022,
    2022,
    2014,
    2014,
    2022,
    2009,
    2009,
    2014,
    2009,
    2022,
    2009,
    2022,
    2014,
    2022,
    2009,
    2009,
    2014,
    2022,
    2009,
    2014,
    2022,
    2014,
    2022,
    2022,
    2014,
    2014,
    2022,
    2014,
    2022,
    2014,
    2022,
    2022,
    2009,
    2014,
    2022,
    2022,
    2009,
    2009,
    2014,
    2022,
    2009,
    2022,
    2009,
    2014,
    2022,
    2022,
    2009,
    2014,
    2022,
    2014,
    2022,
    2022,
    2014,
    2022,
    2022,
    2009,
    2014,
    2022,
    2014,
    2009,
    2014,
    2022,
    2014,
    2022,
    2009,
    2014,
    2022,
    2014,
    2009,
    2014,
    2022,
    2009,
    2014,
    2022,
    2009,
    2014,
    2009,
    2022,
    2014,
    2022,
    2022,
    2009,
    2014,
    2009,
    2014,
    2009,
    2014,
    2022,
    2009,
    2014,
    2009,
    2014,
    2009,
    2009,
    2014,
    2022,
    2022,
    2009,
    2014,
    2022,
    2009,
    2014,
    2014,
    2022,
    2009,
    2014,
    2022,
    2009,
    2014,
    2022,
    2009,
    2022,
    2009,
    2014,
    2022,
    2009,
    2014,
    2022,
    2014,
    2022,
    2009,
    2022,
    2014,
    2009,
    2014,
    2022
  ],
  "entities": [
    17,
    18,
    18,
    21,
    21,
    21,
    22,
    22,
    23,
    23,
    23,
    25,
    28,
    30,
    34,
    37,
    37,
    37,
    39,
    40,
    44,
    44,
    172,
    172,
    172,
    171,
    171,
    171,
    170,
    170,
    170,
    163,
    163,
    163,
    162,
    201,
    201,
    65,
    65,
    65,
    156,
    158,
    158,
    155,
    3,
    152,
    152,
    6,
    6,
    6,
    150,
    150,
    149,
    148,
    145,
    144,
    144,
    138,
    137,
    137,
    136,
    136,
    135,
    135,
    134,
    134,
    8,
    14,
    14,
    14,
    130,
    130,
    130,
    131,
    131,
    129,
    208,
    126,
    126,
    124,
    124,
    120,
    120,
    262,
    116,
    116,
    116,
    211,
    115,
    113,
    113,
    113,
    111,
    112,
    110,
    110,
    110,
    142,
    5,
    5,
    5,
    106,
    106,
    105,
    103,
    103,
    357,
    102,
    101,
    101,
    140,
    97,
    97,
    97,
    96,
    96,
    11,
    11,
    93,
    226,
    92,
    92,
    92,
    12,
    12,
    12,
    91,
    91,
    88,
    88,
    86,
    86,
    85,
    83,
    83,
    81,
    81,
    127,
    127,
    127,
    9,
    9,
    10,
    10,
    7,
    198,
    198,
    198,
    76,
    75,
    75,
    75,
    73,
    73,
    71,
    71,
    70,
    70,
    70,
    67,
    67,
    67,
    1,
    1,
    13,
    13,
    13,
    63,
    63,
    63,
    62,
    238,
    84,
    84,
    61,
    60,
    80,
    80
  ]
}