{
  "values": [
    48.45071,
    79.75078,
    71.33073,
    76.77678,
    55.35224,
    59.32897,
    82.28374,
    76.23874,
    71.15768,
    85.07963,
    75.2443,
    50.58252,
    72.89278,
    71.55074,
    74.11648,
    60.68204,
    65.93186,
    81.23845,
    91.79351,
    72.45033,
    51.51316,
    81.5,
    68.20513,
    76.397,
    67.2213,
    73.66667,
    56.71741,
    18.09842,
    84.36887,
    68.64821,
    56.26044,
    79.05373,
    76.54076,
    85.37371,
    82.84518,
    54.9227,
    40.91376,
    83.88721,
    73.86692,
    69.17606,
    85.5,
    81.90921,
    60.75,
    34.6251,
    52.64019,
    56.65427,
    52.58333,
    32.66833,
    64.66666,
    66.22047,
    70.22961,
    60.54313,
    63.47185,
    64.17157,
    47.33333,
    38.5,
    46.93587,
    38.86097,
    85.12315,
    83.61539,
    80.04569,
    77.46615,
    74.75,
    60.31017,
    47.3138,
    62.2592,
    42.5,
    82.66666,
    71.72305,
    74.82961,
    73.84807,
    73.52362,
    49,
    70.03979,
    68.55296,
    74.21525,
    58.46024,
    80.93562,
    63.7,
    62.4792,
    58.65039,
    79.14929,
    83.81985,
    64.90135,
    79.80163,
    78.72137,
    61.77062,
    56.7546,
    57.21312,
    64.43213,
    58.28422,
    50.63415,
    82.54693,
    81.34328,
    71.51212,
    57.96418,
    56.44294,
    67.05686,
    65.22089,
    75.40563,
    83.80634,
    74.23015,
    72.28128,
    77.08333,
    82.95739,
    76.00565,
    71.57157,
    38.09129,
    48.19479,
    66.68762,
    68.29166,
    65.53333,
    51.94401,
    71.74248,
    63.55699,
    55.55122,
    69.57832,
    80.4829,
    89.67468,
    61.34454,
    90.5,
    35.9,
    81.33334,
    81.28606
  ],
  "years": [
    2014,
    2022,
    2014,
    2022,
    2014,
    2022,
    2014,
    2022,
    2014,
    2022,
    2014,
    2022,
    2014,
    2022,
    2022,
    2014,
    2022,
    2014,
    2022,
    2014,
    2022,
    2014,
    2022,
    2022,
    2014,
    2022,
    2014,
    2022,
    2014,
    2022,
    2014,
    2014,
    2022,
    2014,
    2022,
    2022,
    2014,
    2014,
    2022,
    2014,
    2022,
    2022,
    2014,
    2022,
    2014,
    2022,
    2014,
    2022,
    2014,
    2022,
    2022,
    2014,
    2014,
    2022,
    2014,
    2022,
    2014,
    2022,
    2022,
    2014,
    2022,
    2022,
    2014,
    2022,
    2022,
    2014,
    2022,
    2022,
    2014,
    2022,
    2014,
    2022,
    2022,
    2014,
    2022,
    2022,
    2014,
    2022,
    2014,
    2014,
    2022,
    2014,
    2022,
    2014,
    2022,
    2014,
    2014,
    2022,
    2014,
    2022,
    2014,
    2022,
    2014,
    2022,
    2022,
    2014,
    2014,
    2014,
    2022,
    2014,
    2014,
    2014,
    2022,
    2022,
    2014,
    2022,
    2014,
    2014,
    2022,
    2014,
    2022,
    2014,
    2022,
    2022,
    2014,
    2022,
    2014,
    2022,
    2014,
    2022,
    2022,
    2014,
    2014,
    2022
  ],
  "entities": [
    17,
    18,
    21,
    21,
    22,
    22,
    23,
    23,
    25,
    28,
    30,
    34,
    37,
    37,
    44,
    172,
    172,
    171,
    171,
    170,
    170,
    163,
    163,
    162,
    201,
    201,
    65,
    65,
    156,
    158,
    152,
    6,
    6,
    150,
    149,
    148,
    145,
    144,
    144,
    137,
    136,
    135,
    134,
    134,
    14,
    14,
    130,
    130,
    131,
    131,
    129,
    208,
    126,
    126,
    124,
    124,
    120,
    120,
    262,
    116,
    116,
    211,
    113,
    113,
    112,
    110,
    110,
    142,
    5,
    5,
    106,
    106,
    105,
    103,
    103,
    357,
    101,
    101,
    140,
    97,
    97,
    96,
    96,
    11,
    93,
    226,
    92,
    92,
    12,
    12,
    91,
    88,
    86,
    86,
    85,
    83,
    81,
    127,
    127,
    9,
    10,
    198,
    198,
    76,
    75,
    75,
    73,
    71,
    71,
    70,
    70,
    67,
    67,
    1,
    13,
    13,
    63,
    63,
    62,
    238,
    84,
    61,
    80,
    80
  ]
}