{
  "values": [
    39,
    59.57388,
    64.34263,
    63.42667,
    57.12778,
    64.09368,
    46.38583,
    51.1594,
    66.93136,
    69.05565,
    57.38324,
    45.94532,
    53.66667,
    61.91338,
    39.67102,
    65.6158,
    59.41035,
    61.91693,
    38.69893,
    64.51613,
    73.38587,
    60.19284,
    59.16763,
    66.5,
    60.04248,
    51.36033,
    47.87437,
    73.30219,
    54.67768,
    70.7672,
    40.52631,
    64.31194,
    66.56222,
    57.78736,
    56.93542,
    48.83527,
    63.33333,
    86.06074,
    54.73729,
    44,
    66.6382,
    53.46667,
    67.86005,
    59.22073,
    65.76736,
    41.13333,
    60.48253,
    59.83256,
    74.13914,
    62.36911,
    64.65574,
    76.35399,
    70.32446,
    72.66517,
    48.36861,
    40.60212,
    22.12526,
    69,
    60.97411,
    52.62011,
    30.83458,
    57.94507,
    67.62661,
    85.58131,
    55.08062,
    81.38759,
    57.25,
    43.58333,
    72.13438,
    25.72993,
    20.26197,
    31.33777,
    57.09218,
    42.16666,
    44.55528,
    58.07822,
    61.59875,
    66.06013,
    62.01075,
    62.93333,
    68.46548,
    41.25,
    27.83333,
    55.8629,
    43.13233,
    73.41898,
    70.94088,
    77.61539,
    75.70449,
    71.9923,
    59.54606,
    63.91026,
    59.9,
    46.17817,
    42.44742,
    35.76192,
    63.41666,
    56.16667,
    43.33333,
    93.25,
    47.07623,
    41.32492,
    43.3526,
    58.38287,
    63.93762,
    49.33334,
    62.03296,
    65.26814,
    68.27801,
    69.7561,
    39.76515,
    57.39349,
    44.6,
    40.72923,
    49.56444,
    40.9327,
    80.89875,
    85.02702,
    58.07822,
    64.98209,
    71.96095,
    86.0893,
    42.22973,
    42.86735,
    44.96289,
    48.93256,
    41.71637,
    43.41179,
    55.34174,
    58.15324,
    45.65574,
    36.13767,
    62.41297,
    51.00188,
    60.67311,
    38.37994,
    33.76988,
    62.52134,
    46.74472,
    71.20828,
    64.028,
    61.44579,
    61.98137,
    63.80599,
    64.73665,
    46.32706,
    64.72815,
    54.53457,
    76.38999,
    63.39213,
    54.58334,
    34.61539,
    55.08055,
    53.69265,
    55.13436,
    55.05506,
    31.53527,
    39.42713,
    61.91347,
    54.80102,
    58.13665,
    41.92538,
    56.77217,
    49.78204,
    62.87356,
    60.5783,
    61.79562,
    66.7,
    69.6,
    72.25127,
    67.53333,
    53.10925,
    86.35452,
    84.33333,
    39.7,
    48.39572,
    74.0951,
    78.60082
  ],
  "years": [
    2014,
    2010,
    2022,
    2010,
    2014,
    2022,
    2014,
    2022,
    2010,
    2014,
    2022,
    2014,
    2022,
    2014,
    2022,
    2010,
    2014,
    2022,
    2010,
    2010,
    2010,
    2022,
    2010,
    2014,
    2022,
    2010,
    2014,
    2022,
    2010,
    2014,
    2022,
    2010,
    2014,
    2022,
    2022,
    2014,
    2022,
    2010,
    2014,
    2022,
    2014,
    2010,
    2022,
    2010,
    2010,
    2010,
    2014,
    2010,
    2014,
    2022,
    2010,
    2014,
    2010,
    2022,
    2022,
    2022,
    2014,
    2014,
    2022,
    2010,
    2010,
    2014,
    2010,
    2022,
    2010,
    2022,
    2014,
    2022,
    2010,
    2010,
    2014,
    2022,
    2010,
    2014,
    2022,
    2014,
    2022,
    2022,
    2014,
    2014,
    2022,
    2014,
    2022,
    2014,
    2022,
    2022,
    2010,
    2014,
    2022,
    2022,
    2010,
    2010,
    2014,
    2022,
    2010,
    2022,
    2010,
    2014,
    2022,
    2022,
    2010,
    2014,
    2022,
    2014,
    2022,
    2022,
    2014,
    2022,
    2022,
    2010,
    2014,
    2022,
    2014,
    2010,
    2014,
    2022,
    2014,
    2022,
    2010,
    2014,
    2022,
    2014,
    2010,
    2014,
    2022,
    2010,
    2014,
    2022,
    2010,
    2014,
    2010,
    2022,
    2014,
    2022,
    2022,
    2010,
    2014,
    2010,
    2014,
    2010,
    2014,
    2022,
    2010,
    2014,
    2010,
    2014,
    2010,
    2010,
    2014,
    2022,
    2022,
    2010,
    2014,
    2022,
    2010,
    2014,
    2014,
    2022,
    2010,
    2014,
    2022,
    2010,
    2014,
    2022,
    2010,
    2014,
    2022,
    2010,
    2014,
    2022,
    2014,
    2022,
    2010,
    2022,
    2014,
    2010,
    2014,
    2022
  ],
  "entities": [
    17,
    18,
    18,
    21,
    21,
    21,
    22,
    22,
    23,
    23,
    23,
    25,
    28,
    30,
    34,
    37,
    37,
    37,
    39,
    40,
    44,
    44,
    172,
    172,
    172,
    171,
    171,
    171,
    170,
    170,
    170,
    163,
    163,
    163,
    162,
    201,
    201,
    65,
    65,
    65,
    156,
    158,
    158,
    155,
    3,
    152,
    152,
    6,
    6,
    6,
    150,
    150,
    1,
    1,
    149,
    148,
    145,
    144,
    144,
    138,
    137,
    137,
    136,
    136,
    135,
    135,
    134,
    134,
    8,
    14,
    14,
    14,
    130,
    130,
    130,
    131,
    131,
    129,
    208,
    126,
    126,
    124,
    124,
    120,
    120,
    262,
    116,
    116,
    116,
    211,
    115,
    113,
    113,
    113,
    111,
    112,
    110,
    110,
    110,
    142,
    5,
    5,
    5,
    106,
    106,
    105,
    103,
    103,
    357,
    102,
    101,
    101,
    140,
    97,
    97,
    97,
    96,
    96,
    11,
    11,
    93,
    226,
    92,
    92,
    92,
    12,
    12,
    12,
    91,
    91,
    88,
    88,
    86,
    86,
    85,
    83,
    83,
    81,
    81,
    127,
    127,
    127,
    9,
    9,
    10,
    10,
    7,
    198,
    198,
    198,
    76,
    75,
    75,
    75,
    73,
    73,
    71,
    71,
    70,
    70,
    70,
    67,
    67,
    67,
    13,
    13,
    13,
    63,
    63,
    63,
    62,
    238,
    84,
    84,
    61,
    60,
    80,
    80
  ]
}