{
  "values": [
    70.32446,
    65.76736,
    47.07623,
    59.83256,
    64.72815,
    72.13438,
    61.98137,
    64.73665,
    58.07822,
    48.93256,
    62.87356,
    25.72993,
    59.57388,
    63.42667,
    66.93136,
    65.6158,
    38.69893,
    64.51613,
    73.38587,
    48.39572,
    66.7,
    86.06074,
    41.92538,
    61.91347,
    55.13436,
    34.61539,
    62.52134,
    38.37994,
    86.35452,
    45.65574,
    55.34174,
    42.22973,
    40.72923,
    69.7561,
    63.41666,
    42.44742,
    63.91026,
    59.54606,
    70.94088,
    71.20828,
    57.09218,
    55.08062,
    67.62661,
    30.83458,
    52.62011,
    64.65574,
    41.13333,
    59.22073,
    53.46667,
    64.31194,
    54.67768,
    51.36033,
    59.16763,
    54.53457,
    41.32492,
    74.13914,
    63.80599,
    46.32706,
    64.98209,
    41.71637,
    60.5783,
    20.26197,
    39,
    57.12778,
    46.38583,
    69.05565,
    45.94532,
    61.91338,
    59.41035,
    39.7,
    67.53333,
    69.6,
    54.73729,
    56.77217,
    54.80102,
    31.53527,
    55.05506,
    55.08055,
    74.0951,
    46.74472,
    33.76988,
    62.41297,
    58.15324,
    42.86735,
    80.89875,
    49.56444,
    39.76515,
    62.03296,
    58.38287,
    56.16667,
    59.9,
    77.61539,
    55.8629,
    41.25,
    62.93333,
    64.028,
    42.16666,
    58.07822,
    57.25,
    57.94507,
    44.6,
    69,
    22.12526,
    76.35399,
    60.48253,
    66.6382,
    66.56222,
    70.7672,
    47.87437,
    66.5,
    76.38999,
    48.83527,
    62.01075,
    86.0893,
    72.66517,
    43.3526,
    62.36911,
    43.41179,
    61.79562,
    31.33777,
    64.34263,
    64.09368,
    51.1594,
    57.38324,
    53.66667,
    39.67102,
    61.91693,
    60.19284,
    72.25127,
    44,
    49.78204,
    58.13665,
    39.42713,
    53.69265,
    54.58334,
    78.60082,
    84.33333,
    60.67311,
    51.00188,
    36.13767,
    44.96289,
    71.96095,
    85.02702,
    40.9327,
    57.39349,
    65.26814,
    49.33334,
    63.93762,
    43.33333,
    35.76192,
    46.17817,
    75.70449,
    43.13233,
    27.83333,
    68.46548,
    61.44579,
    66.06013,
    44.55528,
    61.59875,
    43.58333,
    81.38759,
    85.58131,
    93.25,
    60.97411,
    40.60212,
    48.36861,
    67.86005,
    56.93542,
    57.78736,
    40.52631,
    73.30219,
    60.04248,
    63.39213,
    63.33333,
    71.9923,
    53.10925,
    73.41898,
    68.27801
  ],
  "years": [
    2010,
    2010,
    2010,
    2010,
    2010,
    2010,
    2010,
    2010,
    2010,
    2010,
    2010,
    2010,
    2010,
    2010,
    2010,
    2010,
    2010,
    2010,
    2010,
    2010,
    2010,
    2010,
    2010,
    2010,
    2010,
    2010,
    2010,
    2010,
    2010,
    2010,
    2010,
    2010,
    2010,
    2010,
    2010,
    2010,
    2010,
    2010,
    2010,
    2010,
    2010,
    2010,
    2010,
    2010,
    2010,
    2010,
    2010,
    2010,
    2010,
    2010,
    2010,
    2010,
    2010,
    2010,
    2014,
    2014,
    2014,
    2014,
    2014,
    2014,
    2014,
    2014,
    2014,
    2014,
    2014,
    2014,
    2014,
    2014,
    2014,
    2014,
    2014,
    2014,
    2014,
    2014,
    2014,
    2014,
    2014,
    2014,
    2014,
    2014,
    2014,
    2014,
    2014,
    2014,
    2014,
    2014,
    2014,
    2014,
    2014,
    2014,
    2014,
    2014,
    2014,
    2014,
    2014,
    2014,
    2014,
    2014,
    2014,
    2014,
    2014,
    2014,
    2014,
    2014,
    2014,
    2014,
    2014,
    2014,
    2014,
    2014,
    2014,
    2014,
    2014,
    2014,
    2022,
    2022,
    2022,
    2022,
    2022,
    2022,
    2022,
    2022,
    2022,
    2022,
    2022,
    2022,
    2022,
    2022,
    2022,
    2022,
    2022,
    2022,
    2022,
    2022,
    2022,
    2022,
    2022,
    2022,
    2022,
    2022,
    2022,
    2022,
    2022,
    2022,
    2022,
    2022,
    2022,
    2022,
    2022,
    2022,
    2022,
    2022,
    2022,
    2022,
    2022,
    2022,
    2022,
    2022,
    2022,
    2022,
    2022,
    2022,
    2022,
    2022,
    2022,
    2022,
    2022,
    2022,
    2022,
    2022,
    2022,
    2022,
    2022,
    2022,
    2022,
    2022,
    2022,
    2022
  ],
  "entities": [
    1,
    3,
    5,
    6,
    7,
    8,
    9,
    10,
    11,
    12,
    13,
    14,
    18,
    21,
    23,
    37,
    39,
    40,
    44,
    60,
    63,
    65,
    67,
    70,
    73,
    75,
    81,
    83,
    84,
    88,
    91,
    92,
    97,
    102,
    110,
    111,
    113,
    115,
    116,
    127,
    130,
    135,
    136,
    137,
    138,
    150,
    152,
    155,
    158,
    163,
    170,
    171,
    172,
    198,
    5,
    6,
    9,
    10,
    11,
    12,
    13,
    14,
    17,
    21,
    22,
    23,
    25,
    30,
    37,
    61,
    62,
    63,
    65,
    67,
    70,
    71,
    73,
    75,
    80,
    81,
    83,
    86,
    91,
    92,
    96,
    97,
    101,
    103,
    106,
    110,
    113,
    116,
    120,
    124,
    126,
    127,
    130,
    131,
    134,
    137,
    140,
    144,
    145,
    150,
    152,
    156,
    163,
    170,
    171,
    172,
    198,
    201,
    208,
    226,
    1,
    5,
    6,
    12,
    13,
    14,
    18,
    21,
    22,
    23,
    28,
    34,
    37,
    44,
    63,
    65,
    67,
    70,
    71,
    75,
    76,
    80,
    84,
    85,
    86,
    88,
    92,
    93,
    96,
    97,
    101,
    103,
    105,
    106,
    110,
    112,
    113,
    116,
    120,
    124,
    126,
    127,
    129,
    130,
    131,
    134,
    135,
    136,
    142,
    144,
    148,
    149,
    158,
    162,
    163,
    170,
    171,
    172,
    198,
    201,
    211,
    238,
    262,
    357
  ]
}