{
  "values": [
    43,
    76.49403,
    69.81763,
    75.62659,
    54.91981,
    60.05114,
    79.91126,
    72.27551,
    70.13186,
    84.58334,
    75.47809,
    50.41122,
    73.07446,
    71.35091,
    71.84434,
    60.5,
    65.0417,
    76.96958,
    91.0032,
    72.35449,
    51.51316,
    81.8277,
    76.04788,
    75.57037,
    67.2213,
    73.66667,
    55.17628,
    18.08333,
    84.60786,
    68.59235,
    56.07321,
    78.14025,
    75.589,
    85.78446,
    70.71982,
    82.43636,
    54.9227,
    40.91376,
    83.3,
    74.13656,
    69.17606,
    85.27754,
    81.85457,
    60.75,
    34.25,
    52.64019,
    56.31929,
    52.58333,
    32.66833,
    64.22646,
    65.9091,
    70.06319,
    58.17345,
    63.13334,
    63.91992,
    47.33333,
    38.5,
    47.55734,
    38.82845,
    85.12315,
    83.61539,
    80.04569,
    77.09335,
    74.75,
    60.27244,
    46.40714,
    59.25,
    42.5,
    82.66666,
    71.34595,
    74.43099,
    70.51129,
    73.52362,
    49,
    70.44661,
    68.55095,
    75.1375,
    60.00764,
    80.65163,
    63.7,
    62.02716,
    56.70224,
    78.93246,
    83.98006,
    63.78584,
    78.52706,
    77.69096,
    61.49209,
    55.34715,
    57.46559,
    64.36946,
    58.28422,
    49.61759,
    82.20412,
    81.22247,
    71.66937,
    57.5304,
    55.63781,
    64.94595,
    65.22089,
    74.25015,
    82.18909,
    74.02399,
    71.68248,
    77.08333,
    82.68523,
    74.43787,
    71.57157,
    38.09129,
    48.15436,
    66.63967,
    67.86749,
    65.59018,
    51.84311,
    62.61139,
    53.83472,
    69.3,
    80.88521,
    84.53333,
    61.34454,
    90.5,
    35.9,
    79.83822,
    81.15227
  ],
  "years": [
    2014,
    2022,
    2014,
    2022,
    2014,
    2022,
    2014,
    2022,
    2014,
    2022,
    2014,
    2022,
    2014,
    2022,
    2022,
    2014,
    2022,
    2014,
    2022,
    2014,
    2022,
    2014,
    2022,
    2022,
    2014,
    2022,
    2014,
    2022,
    2014,
    2022,
    2014,
    2014,
    2022,
    2014,
    2022,
    2022,
    2022,
    2014,
    2014,
    2022,
    2014,
    2022,
    2022,
    2014,
    2022,
    2014,
    2022,
    2014,
    2022,
    2014,
    2022,
    2022,
    2014,
    2014,
    2022,
    2014,
    2022,
    2014,
    2022,
    2022,
    2014,
    2022,
    2022,
    2014,
    2022,
    2022,
    2014,
    2022,
    2022,
    2014,
    2022,
    2014,
    2022,
    2022,
    2014,
    2022,
    2022,
    2014,
    2022,
    2014,
    2014,
    2022,
    2014,
    2022,
    2014,
    2022,
    2014,
    2014,
    2022,
    2014,
    2022,
    2014,
    2022,
    2014,
    2022,
    2022,
    2014,
    2014,
    2014,
    2022,
    2014,
    2014,
    2014,
    2022,
    2022,
    2014,
    2022,
    2014,
    2014,
    2022,
    2014,
    2022,
    2014,
    2022,
    2014,
    2022,
    2014,
    2022,
    2014,
    2022,
    2022,
    2014,
    2014,
    2022
  ],
  "entities": [
    17,
    18,
    21,
    21,
    22,
    22,
    23,
    23,
    25,
    28,
    30,
    34,
    37,
    37,
    44,
    172,
    172,
    171,
    171,
    170,
    170,
    163,
    163,
    162,
    201,
    201,
    65,
    65,
    156,
    158,
    152,
    6,
    6,
    150,
    1,
    149,
    148,
    145,
    144,
    144,
    137,
    136,
    135,
    134,
    134,
    14,
    14,
    130,
    130,
    131,
    131,
    129,
    208,
    126,
    126,
    124,
    124,
    120,
    120,
    262,
    116,
    116,
    211,
    113,
    113,
    112,
    110,
    110,
    142,
    5,
    5,
    106,
    106,
    105,
    103,
    103,
    357,
    101,
    101,
    140,
    97,
    97,
    96,
    96,
    11,
    93,
    226,
    92,
    92,
    12,
    12,
    91,
    88,
    86,
    86,
    85,
    83,
    81,
    127,
    127,
    9,
    10,
    198,
    198,
    76,
    75,
    75,
    73,
    71,
    71,
    70,
    70,
    67,
    67,
    13,
    13,
    63,
    63,
    62,
    238,
    84,
    61,
    80,
    80
  ]
}