{
  "values": [
    26.11519,
    25.81493,
    24.88724,
    16.21499,
    52.68527,
    41.25861,
    38.51324,
    39.84463,
    57.96152,
    34.66667,
    32.44478,
    56.69176,
    40.44029,
    59.67739,
    51.07153,
    49.47486,
    26.8,
    75.06667,
    50.8,
    54.66373,
    32.55609,
    38.95389,
    30.53942,
    49.04905,
    81.98475,
    70.78365,
    52.65432,
    37.23106,
    76.45415,
    67.05959,
    36.57559,
    75.87604,
    39.04164,
    62.39421,
    72.38858,
    58.62069,
    52.83333,
    45.6,
    81.30769,
    59.54928,
    47.5,
    66.2,
    72.44871,
    40.75,
    54.44587,
    53.41667,
    80.40707,
    30.4,
    74.7,
    35.62628,
    80.1617,
    34.85857,
    65.04572,
    56.09155,
    50.92593,
    75.28246,
    35.3,
    76.17363,
    48.16972,
    56.2548,
    57.46282,
    54.46469,
    31.73308,
    30.2356,
    42.0748,
    44.0316,
    65.70584,
    26.29482,
    31.51888,
    51.27536,
    34.5582,
    73.5,
    47.21819,
    49.99255,
    52.83228,
    59.62164,
    50,
    30.54313,
    41.28364,
    24.55395,
    73.87595,
    64.41666,
    50.20576,
    89.75,
    58.93879,
    78.51889,
    28.01147,
    23.31725,
    47.73736,
    81.21925,
    31.99047,
    72.23058,
    72.05684,
    34,
    46.82927,
    36.83334,
    43.41486,
    35.05497,
    75.32369,
    26.80067,
    28.08333,
    76.87043,
    71.24498,
    77.47036,
    36.57523,
    55.32915,
    23.83333,
    57.03803,
    83.11993,
    83.41666,
    81.63644,
    32.38405,
    21.43443,
    90.97561,
    63.56769,
    19.9258,
    28.28947,
    90.30165,
    44.78339,
    83.13828,
    54.33334,
    70.83734,
    42.68908,
    86.47581,
    50.51612
  ],
  "years": [
    2010,
    2014,
    2014,
    2014,
    2014,
    2014,
    2014,
    2014,
    2014,
    2014,
    2014,
    2014,
    2014,
    2014,
    2014,
    2014,
    2014,
    2014,
    2014,
    2014,
    2014,
    2014,
    2014,
    2014,
    2014,
    2014,
    2014,
    2014,
    2014,
    2014,
    2014,
    2014,
    2014,
    2014,
    2014,
    2014,
    2014,
    2014,
    2014,
    2014,
    2014,
    2014,
    2014,
    2014,
    2014,
    2014,
    2014,
    2014,
    2014,
    2014,
    2014,
    2014,
    2014,
    2014,
    2014,
    2014,
    2014,
    2014,
    2014,
    2014,
    2014,
    2022,
    2022,
    2022,
    2022,
    2022,
    2022,
    2022,
    2022,
    2022,
    2022,
    2022,
    2022,
    2022,
    2022,
    2022,
    2022,
    2022,
    2022,
    2022,
    2022,
    2022,
    2022,
    2022,
    2022,
    2022,
    2022,
    2022,
    2022,
    2022,
    2022,
    2022,
    2022,
    2022,
    2022,
    2022,
    2022,
    2022,
    2022,
    2022,
    2022,
    2022,
    2022,
    2022,
    2022,
    2022,
    2022,
    2022,
    2022,
    2022,
    2022,
    2022,
    2022,
    2022,
    2022,
    2022,
    2022,
    2022,
    2022,
    2022,
    2022,
    2022,
    2022,
    2022,
    2022
  ],
  "entities": [
    21,
    5,
    6,
    9,
    10,
    11,
    12,
    13,
    14,
    17,
    21,
    22,
    23,
    25,
    30,
    37,
    61,
    62,
    63,
    65,
    67,
    70,
    71,
    73,
    75,
    80,
    81,
    83,
    86,
    91,
    92,
    96,
    97,
    101,
    103,
    106,
    110,
    113,
    116,
    120,
    124,
    126,
    127,
    130,
    131,
    134,
    137,
    140,
    144,
    145,
    150,
    152,
    156,
    163,
    170,
    171,
    172,
    198,
    201,
    208,
    226,
    1,
    5,
    6,
    12,
    13,
    14,
    18,
    21,
    22,
    23,
    28,
    34,
    37,
    44,
    63,
    65,
    67,
    70,
    71,
    75,
    76,
    80,
    84,
    85,
    86,
    88,
    92,
    93,
    96,
    97,
    101,
    103,
    105,
    106,
    110,
    112,
    113,
    116,
    120,
    124,
    126,
    127,
    129,
    130,
    131,
    134,
    135,
    136,
    142,
    144,
    148,
    149,
    158,
    162,
    163,
    170,
    171,
    172,
    198,
    201,
    211,
    238,
    262,
    357
  ]
}