{
  "values": [
    71.34595,
    78.14025,
    74.25015,
    82.18909,
    63.78584,
    57.46559,
    62.61139,
    52.64019,
    43,
    69.81763,
    54.91981,
    79.91126,
    70.13186,
    75.47809,
    73.07446,
    35.9,
    84.53333,
    69.3,
    55.17628,
    65.59018,
    66.63967,
    38.09129,
    71.57157,
    82.68523,
    79.83822,
    55.63781,
    57.5304,
    82.20412,
    58.28422,
    61.49209,
    78.93246,
    62.02716,
    60.00764,
    70.44661,
    70.51129,
    59.25,
    74.75,
    83.61539,
    47.55734,
    47.33333,
    63.13334,
    64.94595,
    52.58333,
    64.22646,
    60.75,
    69.17606,
    63.7,
    83.3,
    40.91376,
    85.78446,
    56.07321,
    84.60786,
    81.8277,
    72.35449,
    76.96958,
    60.5,
    74.02399,
    67.2213,
    58.17345,
    77.69096,
    70.71982,
    74.43099,
    75.589,
    64.36946,
    53.83472,
    56.31929,
    76.49403,
    75.62659,
    60.05114,
    72.27551,
    84.58334,
    50.41122,
    71.35091,
    71.84434,
    80.88521,
    18.08333,
    51.84311,
    67.86749,
    48.15436,
    74.43787,
    77.08333,
    81.15227,
    90.5,
    71.66937,
    81.22247,
    49.61759,
    55.34715,
    78.52706,
    83.98006,
    56.70224,
    80.65163,
    68.55095,
    49,
    73.52362,
    42.5,
    46.40714,
    60.27244,
    80.04569,
    38.82845,
    38.5,
    63.91992,
    65.22089,
    70.06319,
    32.66833,
    65.9091,
    34.25,
    81.85457,
    85.27754,
    82.66666,
    74.13656,
    54.9227,
    82.43636,
    68.59235,
    75.57037,
    76.04788,
    51.51316,
    91.0032,
    65.0417,
    71.68248,
    73.66667,
    77.09335,
    61.34454,
    85.12315,
    75.1375
  ],
  "years": [
    2014,
    2014,
    2014,
    2014,
    2014,
    2014,
    2014,
    2014,
    2014,
    2014,
    2014,
    2014,
    2014,
    2014,
    2014,
    2014,
    2014,
    2014,
    2014,
    2014,
    2014,
    2014,
    2014,
    2014,
    2014,
    2014,
    2014,
    2014,
    2014,
    2014,
    2014,
    2014,
    2014,
    2014,
    2014,
    2014,
    2014,
    2014,
    2014,
    2014,
    2014,
    2014,
    2014,
    2014,
    2014,
    2014,
    2014,
    2014,
    2014,
    2014,
    2014,
    2014,
    2014,
    2014,
    2014,
    2014,
    2014,
    2014,
    2014,
    2014,
    2022,
    2022,
    2022,
    2022,
    2022,
    2022,
    2022,
    2022,
    2022,
    2022,
    2022,
    2022,
    2022,
    2022,
    2022,
    2022,
    2022,
    2022,
    2022,
    2022,
    2022,
    2022,
    2022,
    2022,
    2022,
    2022,
    2022,
    2022,
    2022,
    2022,
    2022,
    2022,
    2022,
    2022,
    2022,
    2022,
    2022,
    2022,
    2022,
    2022,
    2022,
    2022,
    2022,
    2022,
    2022,
    2022,
    2022,
    2022,
    2022,
    2022,
    2022,
    2022,
    2022,
    2022,
    2022,
    2022,
    2022,
    2022,
    2022,
    2022,
    2022,
    2022,
    2022,
    2022
  ],
  "entities": [
    5,
    6,
    9,
    10,
    11,
    12,
    13,
    14,
    17,
    21,
    22,
    23,
    25,
    30,
    37,
    61,
    62,
    63,
    65,
    67,
    70,
    71,
    73,
    75,
    80,
    81,
    83,
    86,
    91,
    92,
    96,
    97,
    101,
    103,
    106,
    110,
    113,
    116,
    120,
    124,
    126,
    127,
    130,
    131,
    134,
    137,
    140,
    144,
    145,
    150,
    152,
    156,
    163,
    170,
    171,
    172,
    198,
    201,
    208,
    226,
    1,
    5,
    6,
    12,
    13,
    14,
    18,
    21,
    22,
    23,
    28,
    34,
    37,
    44,
    63,
    65,
    67,
    70,
    71,
    75,
    76,
    80,
    84,
    85,
    86,
    88,
    92,
    93,
    96,
    97,
    101,
    103,
    105,
    106,
    110,
    112,
    113,
    116,
    120,
    124,
    126,
    127,
    129,
    130,
    131,
    134,
    135,
    136,
    142,
    144,
    148,
    149,
    158,
    162,
    163,
    170,
    171,
    172,
    198,
    201,
    211,
    238,
    262,
    357
  ]
}