{
  "values": [
    2.06812062,
    -5.191855346,
    2.555346419,
    8.484892733,
    5.179191074,
    -4.260333077,
    5.84004787,
    4.868853631,
    0.931946738,
    -0.238895465,
    1.339329511,
    8.645582766,
    5.373947207,
    0.74921423,
    2.871393674,
    9.284512355,
    4.262054785,
    8.31648641,
    4.007100761,
    -2.434606631,
    2.774979774,
    -0.494758265,
    0.702427245,
    -4.052511126,
    2.160703661,
    9.541029011,
    -0.479926542,
    0.701866171,
    6.104326703,
    1.824094622,
    2.60075856,
    2.788090203,
    7.606283101,
    8.710919346,
    6.25496178,
    6.496025202,
    -1.287283179,
    2.128963145,
    8.473115379,
    6.808305955,
    4.332288874,
    34.6945301,
    2.005283483,
    3.08867949,
    7.349639311,
    6.360407337,
    3.437595497,
    8.695439906,
    4.979951091,
    6.392143246,
    3.988778089,
    -1.088315184,
    4.096223939,
    3.357253413,
    6.130801204,
    1.246684724,
    5.017708843,
    6.087711343,
    4.310881435,
    -5.586982629,
    1.822187155,
    6.832080986,
    2.702118396,
    4.993649107,
    4.573080732,
    7.148608354,
    4.358824109,
    7.104181256,
    6.328311988,
    3.028252043,
    7.328628932,
    2.730860676,
    4.133828108,
    7.097234042,
    7.343176773,
    7.103774017,
    6.960239338,
    5.490388852,
    3.106123873,
    4.737909829,
    5.381020071,
    0.319996379,
    2.398955327,
    6.26541703,
    5.451597847,
    7.996557368,
    4.995893002,
    3.757437054,
    7.654071002,
    2.563374029,
    4.806288599,
    6.841630834,
    7.59380113,
    4.280462897,
    5.476343236,
    7.741428035,
    6.438437424,
    2.497538598,
    6.468899572,
    8.270042853,
    7.274132605,
    8.573841304,
    4.669847554,
    2.627278876,
    6.23725464,
    7.005637939,
    6.572483107,
    3.88080559,
    7.857452724,
    7.779052608,
    7.820010186,
    6.855160226,
    7.081569863,
    2.676526172,
    7.352910112,
    3.169364743,
    5.905034493,
    3.837583915,
    -7.112123787,
    -2.366154105
  ],
  "years": [
    1961,
    1961,
    1962,
    1962,
    1963,
    1963,
    1964,
    1964,
    1965,
    1965,
    1966,
    1966,
    1967,
    1967,
    1968,
    1968,
    1969,
    1969,
    1970,
    1970,
    1971,
    1971,
    1972,
    1972,
    1973,
    1973,
    1974,
    1974,
    1975,
    1975,
    1976,
    1976,
    1977,
    1977,
    1978,
    1978,
    1979,
    1979,
    1980,
    1980,
    1981,
    1981,
    1982,
    1982,
    1983,
    1983,
    1984,
    1984,
    1985,
    1985,
    1986,
    1986,
    1987,
    1987,
    1988,
    1988,
    1989,
    1989,
    1990,
    1990,
    1991,
    1991,
    1992,
    1992,
    1993,
    1993,
    1994,
    1994,
    1995,
    1995,
    1996,
    1996,
    1997,
    1997,
    1998,
    1998,
    1999,
    1999,
    2000,
    2000,
    2001,
    2001,
    2002,
    2002,
    2003,
    2003,
    2004,
    2004,
    2005,
    2005,
    2006,
    2006,
    2007,
    2007,
    2008,
    2008,
    2009,
    2009,
    2010,
    2010,
    2011,
    2011,
    2012,
    2012,
    2013,
    2013,
    2014,
    2014,
    2015,
    2015,
    2016,
    2016,
    2017,
    2017,
    2018,
    2018,
    2019,
    2019,
    2020,
    2020
  ],
  "entities": [
    137,
    141,
    137,
    141,
    137,
    141,
    137,
    141,
    137,
    141,
    137,
    141,
    137,
    141,
    137,
    141,
    137,
    141,
    137,
    141,
    137,
    141,
    137,
    141,
    137,
    141,
    137,
    141,
    137,
    141,
    137,
    141,
    137,
    141,
    137,
    141,
    137,
    141,
    137,
    141,
    137,
    141,
    137,
    141,
    137,
    141,
    137,
    141,
    137,
    141,
    137,
    141,
    137,
    141,
    137,
    141,
    137,
    141,
    137,
    141,
    137,
    141,
    137,
    141,
    137,
    141,
    137,
    141,
    137,
    141,
    137,
    141,
    137,
    141,
    137,
    141,
    137,
    141,
    137,
    141,
    137,
    141,
    137,
    141,
    137,
    141,
    137,
    141,
    137,
    141,
    137,
    141,
    137,
    141,
    137,
    141,
    137,
    141,
    137,
    141,
    137,
    141,
    137,
    141,
    137,
    141,
    137,
    141,
    137,
    141,
    137,
    141,
    137,
    141,
    137,
    141,
    137,
    141,
    137,
    141
  ]
}