{
  "values": [
    0.15152285,
    0.16400132,
    0.14419727,
    0.16523372,
    0.19629493,
    0.18243378,
    0.22912957,
    0.35841864,
    0.44713658,
    0.16797742,
    0.16051364,
    0.1333956,
    0.16525653,
    0.27782708,
    0.53080297,
    0.5848077,
    0.56953365,
    0.72022694,
    0.35885862,
    0.33865973,
    0.40432003,
    0.41052884,
    0.5712893,
    0.6893252,
    0.7639038,
    0.8134362,
    0.83675516,
    0.41630912,
    0.39285633,
    0.5043022,
    0.49261314,
    0.6009292,
    0.6226899,
    0.88372153,
    0.8915998,
    0.8634464,
    0.3994704,
    0.36104104,
    0.4132876,
    0.59227383,
    0.93626523,
    0.8031963,
    0.7228783,
    0.7557873,
    0.889697,
    0.46667317,
    0.43225622,
    0.4866039,
    0.5345244,
    0.73611665,
    0.8230145,
    0.8478155,
    0.98373485,
    0.98203486,
    0.8231325,
    0.7636302,
    0.6382301,
    0.56114316,
    0.70597327,
    0.8360986,
    1.1142054,
    1.029499,
    1.0147088,
    0.36102846,
    0.41467753,
    0.4387775,
    0.626699,
    0.746701,
    0.8325746,
    1.0181112,
    1.0280137,
    1.1400135,
    0.3509303,
    0.3211771,
    0.4949619,
    0.5008619,
    0.70941156,
    0.72360355,
    0.8207702,
    1.0911161,
    1.161809,
    0.64500624,
    0.45928857,
    0.5531215,
    0.75179356,
    1.1376896,
    1.2729905,
    1.4833497,
    1.3895125,
    1.2026266,
    0.1675857,
    0.2656694,
    0.25495556,
    0.3933133,
    0.5995159,
    0.6717987,
    0.9114821,
    1.340957,
    1.2311995,
    0.46233,
    0.63084114,
    0.86700714,
    0.9110279,
    1.3305448,
    0.39679977,
    0.4494556,
    0.58784777,
    0.9083141,
    1.0192578,
    1.14989,
    1.2599254,
    1.5709714,
    1.4497935,
    0.5780925,
    0.73235655,
    0.81082654,
    1.083591,
    1.515797,
    1.7093557,
    1.6143652,
    1.824311,
    2.0549836
  ],
  "years": [
    2014,
    2015,
    2016,
    2017,
    2018,
    2019,
    2020,
    2021,
    2022,
    2014,
    2015,
    2016,
    2017,
    2018,
    2019,
    2020,
    2021,
    2022,
    2014,
    2015,
    2016,
    2017,
    2018,
    2019,
    2020,
    2021,
    2022,
    2014,
    2015,
    2016,
    2017,
    2018,
    2019,
    2020,
    2021,
    2022,
    2014,
    2015,
    2016,
    2017,
    2018,
    2019,
    2020,
    2021,
    2022,
    2014,
    2015,
    2016,
    2017,
    2018,
    2019,
    2020,
    2021,
    2022,
    2014,
    2015,
    2016,
    2017,
    2018,
    2019,
    2020,
    2021,
    2022,
    2014,
    2015,
    2016,
    2017,
    2018,
    2019,
    2020,
    2021,
    2022,
    2014,
    2015,
    2016,
    2017,
    2018,
    2019,
    2020,
    2021,
    2022,
    2014,
    2015,
    2016,
    2017,
    2018,
    2019,
    2020,
    2021,
    2022,
    2014,
    2015,
    2016,
    2017,
    2018,
    2019,
    2020,
    2021,
    2022,
    2018,
    2019,
    2020,
    2021,
    2022,
    2014,
    2015,
    2016,
    2017,
    2018,
    2019,
    2020,
    2021,
    2022,
    2014,
    2015,
    2016,
    2017,
    2018,
    2019,
    2020,
    2021,
    2022
  ],
  "entities": [
    106,
    106,
    106,
    106,
    106,
    106,
    106,
    106,
    106,
    8,
    8,
    8,
    8,
    8,
    8,
    8,
    8,
    8,
    3,
    3,
    3,
    3,
    3,
    3,
    3,
    3,
    3,
    4,
    4,
    4,
    4,
    4,
    4,
    4,
    4,
    4,
    24,
    24,
    24,
    24,
    24,
    24,
    24,
    24,
    24,
    6,
    6,
    6,
    6,
    6,
    6,
    6,
    6,
    6,
    5,
    5,
    5,
    5,
    5,
    5,
    5,
    5,
    5,
    1,
    1,
    1,
    1,
    1,
    1,
    1,
    1,
    1,
    7,
    7,
    7,
    7,
    7,
    7,
    7,
    7,
    7,
    10,
    10,
    10,
    10,
    10,
    10,
    10,
    10,
    10,
    23,
    23,
    23,
    23,
    23,
    23,
    23,
    23,
    23,
    9,
    9,
    9,
    9,
    9,
    44,
    44,
    44,
    44,
    44,
    44,
    44,
    44,
    44,
    13,
    13,
    13,
    13,
    13,
    13,
    13,
    13,
    13
  ]
}