{
  "values": [
    6.5134645,
    0.27684894,
    1.3088934,
    2.3077984,
    4.144691,
    0.69206184,
    1.9713682,
    2.536203,
    2.467288,
    0.41597652,
    6.1931024,
    13.283232,
    6.7053747,
    3.4107602,
    6.0360026,
    6.542271,
    7.1375933,
    6.049249,
    6.771739,
    9.79176,
    4.6873164,
    3.753364,
    3.8893497,
    5.1713305,
    3.6276078,
    11.266417,
    27.642502,
    6.7692966,
    0.7990932,
    0.2744665,
    1.5021445,
    0.7674147,
    0.40206057,
    0.8607183,
    0.37071744,
    4.078167,
    0.10843477,
    1.0419946,
    0.7412044,
    0.521672,
    0.13379744,
    1.3057389,
    2.6295555,
    6.6823993,
    4.4826865,
    0.72504705,
    0.42073658,
    4.630508,
    1.2560872,
    0.38548598,
    0.603962,
    6.881707,
    0.85407555,
    0.04658977,
    0.58023256,
    2.2368915,
    0.9489338,
    0.06563246,
    0.76573235,
    1.5575308,
    1.6432296,
    18.801678,
    8.218425,
    0.3520013,
    22.721865,
    3.2833402,
    15.214166,
    3.659994,
    23.84715,
    9.889167,
    15.083499,
    1.6077057,
    0.22560531,
    0.044155736,
    2.1150455,
    0.97576606,
    1.1829439,
    9.227834,
    0.66221875,
    9.637652,
    12.566674,
    8.114135,
    0.9664301,
    7.8944206,
    16.5897,
    0.12537473,
    1.3458397,
    6.530151,
    0.46165448,
    0.38136142,
    0.9670132,
    14.409855,
    8.325577,
    0.16101676,
    0.741916,
    1.9238802,
    13.192122,
    4.0383167,
    1.4840921,
    0.8901557,
    0.7100208,
    0.2860925,
    0.5912916,
    0.64635015,
    0.65618986,
    3.9925168,
    0.82264876,
    2.7773309,
    16.802639,
    0.35683647,
    6.144981,
    19.405151,
    6.5953264,
    11.535284,
    1.7330568,
    3.4983008,
    2.3547418,
    1.0134479,
    20.898327,
    0.9811911,
    0.34110826,
    0.17648347,
    1.3237592,
    2.138559,
    1.708736,
    1.2209488,
    2.3204162,
    7.237639,
    10.484712,
    5.2565303,
    3.632394,
    14.541763,
    2.1253102,
    0.26003942,
    2.791985,
    4.495563,
    1.5646348,
    2.5875623,
    2.9536188,
    0.70499057,
    3.0468824,
    2.4691963,
    4.540439,
    0.65618974,
    4.7822175,
    1.2176312,
    4.5796413,
    0.65618974,
    8.712185,
    1.3866693,
    4.8615623,
    9.745909,
    1.5003393,
    5.4991684,
    0.65618974,
    0.614362
  ],
  "years": [
    2018,
    2018,
    2018,
    2018,
    2018,
    2018,
    2018,
    2018,
    2018,
    2018,
    2018,
    2018,
    2018,
    2018,
    2018,
    2018,
    2018,
    2018,
    2018,
    2018,
    2018,
    2018,
    2018,
    2018,
    2018,
    2018,
    2018,
    2018,
    2018,
    2018,
    2018,
    2018,
    2018,
    2018,
    2018,
    2018,
    2018,
    2018,
    2018,
    2018,
    2018,
    2018,
    2018,
    2018,
    2018,
    2018,
    2018,
    2018,
    2018,
    2018,
    2018,
    2018,
    2018,
    2018,
    2018,
    2018,
    2018,
    2018,
    2018,
    2018,
    2018,
    2018,
    2018,
    2018,
    2018,
    2018,
    2018,
    2018,
    2018,
    2018,
    2018,
    2018,
    2018,
    2018,
    2018,
    2018,
    2018,
    2018,
    2018,
    2018,
    2018,
    2018,
    2018,
    2018,
    2018,
    2018,
    2018,
    2018,
    2018,
    2018,
    2018,
    2018,
    2018,
    2018,
    2018,
    2018,
    2018,
    2018,
    2018,
    2018,
    2018,
    2018,
    2018,
    2018,
    2019,
    2018,
    2018,
    2018,
    2018,
    2018,
    2018,
    2018,
    2018,
    2018,
    2018,
    2018,
    2018,
    2018,
    2018,
    2018,
    2018,
    2018,
    2018,
    2018,
    2018,
    2018,
    2018,
    2018,
    2018,
    2018,
    2018,
    2018,
    2018,
    2018,
    2018,
    2018,
    2018,
    2018,
    2018,
    2018,
    2018,
    2018,
    2018,
    2019,
    2018,
    2018,
    2018,
    2019,
    2018,
    2018,
    2018,
    2018,
    2018,
    2018,
    2019,
    2018
  ],
  "entities": [
    13,
    65,
    110,
    124,
    90,
    130,
    70,
    101,
    136,
    28,
    1,
    3,
    6,
    5,
    4,
    9,
    8,
    11,
    138,
    162,
    92,
    10,
    149,
    161,
    135,
    86,
    14,
    171,
    137,
    238,
    37,
    113,
    103,
    129,
    64,
    133,
    140,
    150,
    68,
    32,
    118,
    117,
    81,
    44,
    23,
    96,
    141,
    84,
    75,
    125,
    142,
    106,
    36,
    158,
    115,
    114,
    109,
    104,
    91,
    89,
    60,
    127,
    198,
    15,
    30,
    152,
    131,
    126,
    111,
    12,
    67,
    40,
    43,
    87,
    80,
    166,
    16,
    17,
    21,
    22,
    24,
    25,
    34,
    35,
    39,
    41,
    173,
    172,
    170,
    169,
    168,
    165,
    163,
    160,
    201,
    259,
    156,
    155,
    153,
    148,
    147,
    145,
    139,
    207,
    134,
    2,
    143,
    208,
    122,
    121,
    120,
    119,
    210,
    66,
    116,
    212,
    213,
    112,
    215,
    108,
    107,
    105,
    102,
    100,
    98,
    97,
    95,
    88,
    85,
    83,
    78,
    7,
    76,
    151,
    74,
    71,
    69,
    72,
    63,
    62,
    61,
    379,
    355,
    355,
    294,
    273,
    275,
    275,
    276,
    295,
    277,
    457,
    460,
    459,
    459,
    461
  ]
}