{
  "values": [
    18.941391,
    12.226881,
    21.521595,
    10.866624,
    7.148709,
    9.281412,
    11.267822,
    16.124434,
    16.81985,
    17.628979,
    18.432302,
    12.84898,
    11.7738695,
    4.62054,
    2.1701493,
    1.6702198,
    1.4502119,
    0.8414888,
    1.5740097,
    1.6711435,
    4.8563213,
    24.481695,
    31.079058,
    28.8529,
    31.062765,
    28.867393,
    8.608752,
    1.5895054,
    3.5416634,
    2.5537386,
    0.49411467,
    2.1059587,
    27.861149,
    9.210624,
    9.021615,
    10.744042,
    12.520491,
    10.831636,
    13.417124,
    4.385671,
    4.7744184,
    12.174886,
    5.5002832,
    5.035328,
    8.330428,
    10.4404545,
    1.0920187,
    2.0834842,
    26.058058,
    16.757162,
    16.967947,
    8.79077,
    13.854873,
    10.350269,
    15.880854,
    13.181298,
    26.250395,
    23.932137,
    22.035498,
    22.480293,
    22.071848,
    22.243923,
    22.009996,
    22.68273,
    24.956217,
    31.330196,
    30.486027,
    28.787989,
    29.596317,
    3.331317,
    3.3183532,
    2.837976,
    2.793764,
    14.610254,
    3.3634675,
    0.93006974,
    24.855862,
    9.845681,
    20.272018,
    7.9600253,
    8.616788,
    11.775379,
    9.663587,
    7.6828394,
    6.332018,
    6.7328453,
    7.5046506,
    8.422739,
    10.399504,
    6.2798877,
    9.52556,
    9.513395,
    10.962474,
    8.538415,
    6.330972,
    23.620209,
    24.88684,
    25.858297,
    23.203806,
    21.670395,
    26.362701,
    26.676384,
    26.062277,
    27.014984,
    25.969862
  ],
  "years": [
    2008,
    2012,
    2006,
    2010,
    2011,
    2012,
    2019,
    2008,
    2009,
    2010,
    2011,
    2012,
    2013,
    2010,
    2008,
    2009,
    2010,
    2012,
    2015,
    2016,
    2007,
    2015,
    2016,
    2017,
    2018,
    2019,
    2007,
    2007,
    2006,
    2009,
    2011,
    2013,
    2017,
    2004,
    2008,
    2010,
    2011,
    2014,
    2011,
    2010,
    2011,
    2007,
    2006,
    2014,
    2008,
    2009,
    2014,
    2016,
    2008,
    2006,
    2012,
    2017,
    2011,
    2012,
    2013,
    2014,
    2005,
    2006,
    2007,
    2008,
    2009,
    2010,
    2011,
    2012,
    2015,
    2008,
    2011,
    2012,
    2016,
    2014,
    2015,
    2016,
    2017,
    2005,
    2010,
    2011,
    2015,
    2009,
    2005,
    2009,
    2010,
    2011,
    2012,
    2013,
    2014,
    2015,
    2016,
    2018,
    2019,
    2006,
    2011,
    2012,
    2013,
    2016,
    2018,
    2008,
    2009,
    2010,
    2011,
    2012,
    2015,
    2016,
    2017,
    2018,
    2019
  ],
  "entities": [
    16,
    16,
    21,
    21,
    21,
    21,
    21,
    22,
    22,
    22,
    22,
    22,
    22,
    28,
    30,
    30,
    30,
    30,
    30,
    30,
    35,
    36,
    37,
    37,
    37,
    37,
    39,
    45,
    172,
    172,
    172,
    172,
    172,
    169,
    165,
    165,
    165,
    165,
    152,
    139,
    139,
    138,
    134,
    131,
    122,
    122,
    121,
    121,
    119,
    213,
    213,
    213,
    215,
    215,
    215,
    215,
    11,
    11,
    11,
    11,
    11,
    11,
    11,
    11,
    11,
    92,
    92,
    92,
    92,
    12,
    12,
    12,
    12,
    91,
    91,
    89,
    88,
    85,
    81,
    70,
    70,
    70,
    70,
    70,
    70,
    70,
    70,
    70,
    70,
    67,
    67,
    67,
    67,
    67,
    67,
    63,
    63,
    63,
    63,
    63,
    63,
    63,
    63,
    63,
    63
  ]
}