{
  "values": [
    18.941391,
    12.226881,
    21.521595,
    10.866624,
    7.148709,
    9.281412,
    0.8803879,
    13.926815,
    12.945539,
    11.326052,
    20.359755,
    8.715987,
    16.124434,
    16.81985,
    17.628977,
    18.432302,
    12.848981,
    11.7738695,
    4.62054,
    1.4132303,
    1.1968442,
    1.8788953,
    1.2026416,
    4.8563213,
    24.481695,
    31.079058,
    28.846518,
    31.10974,
    28.862972,
    30.348991,
    8.608752,
    1.5895054,
    3.5416634,
    2.5537386,
    0.49411467,
    2.1059587,
    11.330118,
    17.062363,
    26.634966,
    21.208601,
    30.974926,
    9.021615,
    10.744042,
    12.520491,
    10.831636,
    4.774418,
    12.174886,
    5.5002832,
    5.035328,
    8.330428,
    10.4404545,
    1.0920187,
    2.0834842,
    26.058058,
    16.757162,
    16.967947,
    8.79077,
    14.729018,
    11.03696,
    9.563587,
    26.250395,
    23.932137,
    22.035498,
    22.480293,
    22.071848,
    22.243923,
    22.009996,
    22.68273,
    24.956217,
    21.7567,
    21.31577,
    31.330196,
    30.486027,
    28.787989,
    29.596317,
    3.331317,
    3.3183532,
    2.837976,
    2.793764,
    14.610254,
    3.3634675,
    0.93006974,
    24.855862,
    9.845682,
    20.272018,
    7.9600253,
    8.616788,
    11.775379,
    9.663587,
    7.6828394,
    6.332018,
    6.7328453,
    7.5046506,
    7.5909038,
    8.275753,
    9.946493,
    6.2798877,
    9.52556,
    9.513395,
    10.962474,
    8.538415,
    5.656617,
    23.620209,
    24.88684,
    25.858297,
    23.203806,
    21.670395,
    26.362701,
    26.676384,
    26.062277,
    26.167418,
    25.484144,
    25.345676
  ],
  "years": [
    2008,
    2012,
    2006,
    2010,
    2011,
    2012,
    2016,
    2017,
    2018,
    2019,
    2020,
    2021,
    2008,
    2009,
    2010,
    2011,
    2012,
    2013,
    2010,
    2016,
    2017,
    2018,
    2019,
    2007,
    2015,
    2016,
    2017,
    2018,
    2019,
    2020,
    2007,
    2007,
    2006,
    2009,
    2011,
    2013,
    2017,
    2020,
    2018,
    2019,
    2020,
    2008,
    2010,
    2011,
    2014,
    2011,
    2007,
    2006,
    2014,
    2008,
    2009,
    2014,
    2016,
    2008,
    2006,
    2012,
    2017,
    2020,
    2018,
    2018,
    2005,
    2006,
    2007,
    2008,
    2009,
    2010,
    2011,
    2012,
    2015,
    2016,
    2017,
    2008,
    2011,
    2012,
    2016,
    2014,
    2015,
    2016,
    2017,
    2005,
    2010,
    2011,
    2015,
    2009,
    2005,
    2009,
    2010,
    2011,
    2012,
    2013,
    2014,
    2015,
    2016,
    2017,
    2018,
    2019,
    2006,
    2011,
    2012,
    2013,
    2016,
    2018,
    2008,
    2009,
    2010,
    2011,
    2012,
    2015,
    2016,
    2017,
    2018,
    2019,
    2020
  ],
  "entities": [
    16,
    16,
    21,
    21,
    21,
    21,
    21,
    21,
    21,
    21,
    21,
    21,
    22,
    22,
    22,
    22,
    22,
    22,
    28,
    34,
    34,
    34,
    34,
    35,
    36,
    37,
    37,
    37,
    37,
    37,
    39,
    45,
    172,
    172,
    172,
    172,
    172,
    172,
    166,
    166,
    166,
    165,
    165,
    165,
    165,
    139,
    138,
    134,
    131,
    122,
    122,
    121,
    121,
    119,
    213,
    213,
    213,
    113,
    112,
    103,
    11,
    11,
    11,
    11,
    11,
    11,
    11,
    11,
    11,
    11,
    11,
    92,
    92,
    92,
    92,
    12,
    12,
    12,
    12,
    91,
    91,
    89,
    88,
    85,
    81,
    70,
    70,
    70,
    70,
    70,
    70,
    70,
    70,
    70,
    70,
    70,
    67,
    67,
    67,
    67,
    67,
    67,
    63,
    63,
    63,
    63,
    63,
    63,
    63,
    63,
    63,
    63,
    63
  ]
}