{
  "values": [
    26.250395,
    20.272018,
    14.610254,
    23.932137,
    21.521595,
    6.2798877,
    5.5002832,
    3.5416634,
    16.757162,
    22.035498,
    4.8563213,
    8.608752,
    1.5895054,
    12.174886,
    22.480293,
    18.941391,
    16.124434,
    23.620209,
    31.330196,
    26.058058,
    8.330428,
    9.021615,
    22.071848,
    16.81985,
    24.88684,
    7.9600253,
    9.845682,
    10.4404545,
    2.5537386,
    22.243923,
    10.866624,
    17.628977,
    4.62054,
    25.858297,
    8.616788,
    3.3634675,
    10.744042,
    22.009996,
    7.148709,
    18.432302,
    23.203806,
    9.52556,
    11.775379,
    0.93006974,
    30.486027,
    4.774418,
    12.520491,
    0.49411467,
    22.68273,
    12.226881,
    9.281412,
    12.848981,
    21.670395,
    9.513395,
    9.663587,
    28.787989,
    16.967947,
    11.7738695,
    10.962474,
    7.6828394,
    2.1059587,
    3.331317,
    6.332018,
    1.0920187,
    5.035328,
    10.831636,
    24.956217,
    3.3183532,
    24.481695,
    26.362701,
    6.7328453,
    24.855862,
    21.7567,
    2.837976,
    0.8803879,
    1.4132303,
    31.079058,
    26.676384,
    8.538415,
    7.5046506,
    29.596317,
    2.0834842,
    21.31577,
    2.793764,
    13.926815,
    1.1968442,
    28.846518,
    26.062277,
    7.5909038,
    11.330118,
    8.79077,
    12.945539,
    1.8788953,
    31.10974,
    26.167418,
    5.656617,
    8.275753,
    9.563587,
    11.03696,
    26.634966,
    11.326052,
    1.2026416,
    28.862972,
    25.484144,
    9.946493,
    21.208601,
    20.359755,
    30.348991,
    25.345676,
    14.729018,
    30.974926,
    17.062363,
    8.715987
  ],
  "years": [
    2005,
    2005,
    2005,
    2006,
    2006,
    2006,
    2006,
    2006,
    2006,
    2007,
    2007,
    2007,
    2007,
    2007,
    2008,
    2008,
    2008,
    2008,
    2008,
    2008,
    2008,
    2008,
    2009,
    2009,
    2009,
    2009,
    2009,
    2009,
    2009,
    2010,
    2010,
    2010,
    2010,
    2010,
    2010,
    2010,
    2010,
    2011,
    2011,
    2011,
    2011,
    2011,
    2011,
    2011,
    2011,
    2011,
    2011,
    2011,
    2012,
    2012,
    2012,
    2012,
    2012,
    2012,
    2012,
    2012,
    2012,
    2013,
    2013,
    2013,
    2013,
    2014,
    2014,
    2014,
    2014,
    2014,
    2015,
    2015,
    2015,
    2015,
    2015,
    2015,
    2016,
    2016,
    2016,
    2016,
    2016,
    2016,
    2016,
    2016,
    2016,
    2016,
    2017,
    2017,
    2017,
    2017,
    2017,
    2017,
    2017,
    2017,
    2017,
    2018,
    2018,
    2018,
    2018,
    2018,
    2018,
    2018,
    2018,
    2018,
    2019,
    2019,
    2019,
    2019,
    2019,
    2019,
    2020,
    2020,
    2020,
    2020,
    2020,
    2020,
    2021
  ],
  "entities": [
    11,
    81,
    91,
    11,
    21,
    67,
    134,
    172,
    213,
    11,
    35,
    39,
    45,
    138,
    11,
    16,
    22,
    63,
    92,
    119,
    122,
    165,
    11,
    22,
    63,
    70,
    85,
    122,
    172,
    11,
    21,
    22,
    28,
    63,
    70,
    91,
    165,
    11,
    21,
    22,
    63,
    67,
    70,
    89,
    92,
    139,
    165,
    172,
    11,
    16,
    21,
    22,
    63,
    67,
    70,
    92,
    213,
    22,
    67,
    70,
    172,
    12,
    70,
    121,
    131,
    165,
    11,
    12,
    36,
    63,
    70,
    88,
    11,
    12,
    21,
    34,
    37,
    63,
    67,
    70,
    92,
    121,
    11,
    12,
    21,
    34,
    37,
    63,
    70,
    172,
    213,
    21,
    34,
    37,
    63,
    67,
    70,
    103,
    112,
    166,
    21,
    34,
    37,
    63,
    70,
    166,
    21,
    37,
    63,
    113,
    166,
    172,
    21
  ]
}