{
  "values": [
    0,
    0,
    0.12013607,
    0.016664179,
    0,
    0.00084226864,
    0,
    0,
    0,
    0.020486813,
    0.43184382,
    0.0009258709,
    0,
    0,
    0,
    0.40604693,
    8.659733,
    0.003249266,
    0,
    0,
    0,
    0.00045646168,
    0,
    0.00079928024,
    0,
    0,
    0,
    0,
    0,
    0,
    0,
    0,
    0,
    0.0007441016,
    0,
    0.0013016977,
    0,
    0,
    0.012803632,
    0.0017287743,
    0,
    0,
    0.008282762,
    0,
    0,
    0.0015667448,
    0,
    0.0010537287,
    0,
    0,
    0,
    0.0021564795,
    0,
    0.0037708976,
    0.14078528,
    0,
    0,
    0.019213544,
    0,
    0.004306116,
    6.482413,
    0,
    0,
    0.79548323,
    0,
    0.027001347,
    6.6991806,
    0,
    0,
    0.8191772,
    0,
    0.0063348864,
    0,
    0,
    0,
    0.023259878,
    0,
    0.04070497,
    0,
    0,
    0,
    0.0033683446,
    0,
    0.0058965776,
    0,
    0,
    0,
    0.12805833,
    2.4386613,
    0.0065112566,
    0,
    0,
    0,
    0,
    0,
    0,
    0,
    0,
    0,
    0,
    0,
    0,
    0,
    0,
    0,
    0,
    0,
    0,
    0,
    0,
    0,
    0,
    0,
    0,
    0.0038181536,
    0,
    0,
    0.0005153043,
    0,
    0,
    0,
    0,
    0,
    0,
    0,
    0,
    0,
    0,
    0,
    0,
    0,
    0,
    0,
    0,
    0,
    0.00041116585,
    0,
    0.0007288999,
    0.036051787,
    0,
    0,
    0.005138971,
    0,
    0,
    0,
    0,
    0,
    0.00042875553,
    0,
    0.00076281244,
    0,
    0,
    0,
    0.00066953717,
    0,
    0.0011936933,
    0,
    0,
    0,
    0.0008506701,
    0,
    0.0015201233,
    0.0022111568,
    0,
    0,
    0.001668297,
    0,
    0.0023903993,
    0,
    0,
    0,
    0.001992374,
    0,
    0.0035760214,
    0,
    0,
    0,
    0.003132048,
    0.024939323,
    0.0030285805,
    0,
    0,
    0,
    0.0038999342,
    0.030507628,
    0.0038197162,
    0,
    0,
    0,
    0.008286895,
    0.100593604,
    0.0043234327,
    0,
    0,
    0,
    0.0027637715,
    0.034937944,
    0.0012866638,
    0,
    10.707229,
    0,
    1.0275575,
    0.011705208,
    0.0034732341
  ],
  "years": [
    1989,
    1989,
    1989,
    1989,
    1989,
    1989,
    1990,
    1990,
    1990,
    1990,
    1990,
    1990,
    1991,
    1991,
    1991,
    1991,
    1991,
    1991,
    1992,
    1992,
    1992,
    1992,
    1992,
    1992,
    1993,
    1993,
    1993,
    1993,
    1993,
    1993,
    1994,
    1994,
    1994,
    1994,
    1994,
    1994,
    1995,
    1995,
    1995,
    1995,
    1995,
    1995,
    1996,
    1996,
    1996,
    1996,
    1996,
    1996,
    1997,
    1997,
    1997,
    1997,
    1997,
    1997,
    1998,
    1998,
    1998,
    1998,
    1998,
    1998,
    1999,
    1999,
    1999,
    1999,
    1999,
    1999,
    2000,
    2000,
    2000,
    2000,
    2000,
    2000,
    2001,
    2001,
    2001,
    2001,
    2001,
    2001,
    2002,
    2002,
    2002,
    2002,
    2002,
    2002,
    2003,
    2003,
    2003,
    2003,
    2003,
    2003,
    2004,
    2004,
    2004,
    2004,
    2004,
    2004,
    2005,
    2005,
    2005,
    2005,
    2005,
    2005,
    2006,
    2006,
    2006,
    2006,
    2006,
    2006,
    2007,
    2007,
    2007,
    2007,
    2007,
    2007,
    2008,
    2008,
    2008,
    2008,
    2008,
    2008,
    2009,
    2009,
    2009,
    2009,
    2009,
    2009,
    2010,
    2010,
    2010,
    2010,
    2010,
    2010,
    2011,
    2011,
    2011,
    2011,
    2011,
    2011,
    2012,
    2012,
    2012,
    2012,
    2012,
    2012,
    2013,
    2013,
    2013,
    2013,
    2013,
    2013,
    2014,
    2014,
    2014,
    2014,
    2014,
    2014,
    2015,
    2015,
    2015,
    2015,
    2015,
    2015,
    2016,
    2016,
    2016,
    2016,
    2016,
    2016,
    2017,
    2017,
    2017,
    2017,
    2017,
    2017,
    2018,
    2018,
    2018,
    2018,
    2018,
    2018,
    2019,
    2019,
    2019,
    2019,
    2019,
    2019,
    2020,
    2020,
    2020,
    2020,
    2020,
    2020,
    2021,
    2021,
    2021,
    2021,
    2021,
    2021,
    2022,
    2022,
    2022,
    2022,
    2022,
    2022
  ],
  "entities": [
    273,
    276,
    290,
    355,
    25487,
    29325,
    273,
    276,
    290,
    355,
    25487,
    29325,
    273,
    276,
    290,
    355,
    25487,
    29325,
    273,
    276,
    290,
    355,
    25487,
    29325,
    273,
    276,
    290,
    355,
    25487,
    29325,
    273,
    276,
    290,
    355,
    25487,
    29325,
    273,
    276,
    290,
    355,
    25487,
    29325,
    273,
    276,
    290,
    355,
    25487,
    29325,
    273,
    276,
    290,
    355,
    25487,
    29325,
    273,
    276,
    290,
    355,
    25487,
    29325,
    273,
    276,
    290,
    355,
    25487,
    29325,
    273,
    276,
    290,
    355,
    25487,
    29325,
    273,
    276,
    290,
    355,
    25487,
    29325,
    273,
    276,
    290,
    355,
    25487,
    29325,
    273,
    276,
    290,
    355,
    25487,
    29325,
    273,
    276,
    290,
    355,
    25487,
    29325,
    273,
    276,
    290,
    355,
    25487,
    29325,
    273,
    276,
    290,
    355,
    25487,
    29325,
    273,
    276,
    290,
    355,
    25487,
    29325,
    273,
    276,
    290,
    355,
    25487,
    29325,
    273,
    276,
    290,
    355,
    25487,
    29325,
    273,
    276,
    290,
    355,
    25487,
    29325,
    273,
    276,
    290,
    355,
    25487,
    29325,
    273,
    276,
    290,
    355,
    25487,
    29325,
    273,
    276,
    290,
    355,
    25487,
    29325,
    273,
    276,
    290,
    355,
    25487,
    29325,
    273,
    276,
    290,
    355,
    25487,
    29325,
    273,
    276,
    290,
    355,
    25487,
    29325,
    273,
    276,
    290,
    355,
    25487,
    29325,
    273,
    276,
    290,
    355,
    25487,
    29325,
    273,
    276,
    290,
    355,
    25487,
    29325,
    273,
    276,
    290,
    355,
    25487,
    29325,
    273,
    276,
    290,
    355,
    25487,
    29325,
    273,
    276,
    290,
    355,
    25487,
    29325
  ]
}