{
  "values": [
    0,
    0.11926152,
    0.0008426543,
    0,
    0,
    0.016629225,
    0,
    0,
    0.00092596933,
    0,
    0.43087754,
    0.020440856,
    0,
    0,
    0.0032483963,
    0,
    8.649,
    0.40508494,
    0,
    0,
    0.0007987005,
    0,
    0,
    0.00045533344,
    0,
    0,
    0,
    0,
    0,
    0,
    0,
    0,
    0.0012999256,
    0,
    0,
    0.00074213283,
    0,
    0.012776973,
    0,
    0,
    0,
    0.0017240316,
    0.008194726,
    0,
    0.0010514677,
    0,
    0,
    0.0015621795,
    0,
    0,
    0.0037608277,
    0,
    0,
    0.0021497738,
    0.13910182,
    0,
    0.0042925994,
    0,
    0,
    0.019149952,
    6.3998747,
    0,
    0.026906066,
    0,
    0,
    0.79268914,
    6.611117,
    0,
    0.0063958634,
    0,
    0,
    0.8161792,
    0,
    0,
    0.040541977,
    0,
    0,
    0.023169346,
    0,
    0,
    0.0058737956,
    0,
    0,
    0.0033548018,
    0,
    0,
    0.0064876284,
    0,
    2.4287488,
    0.12752739,
    0,
    0,
    0,
    0,
    0,
    0,
    0,
    0,
    0,
    0,
    0,
    0,
    0,
    0,
    0,
    0,
    0,
    0,
    0,
    0,
    0,
    0,
    0,
    0,
    0.003760256,
    0,
    0,
    0,
    0,
    0.0005128194,
    0,
    0,
    0,
    0,
    0,
    0,
    0,
    0,
    0,
    0,
    0,
    0,
    0,
    0,
    0.0007250527,
    0,
    0,
    0.00040897078,
    0.03548732,
    0,
    0,
    0,
    0,
    0.0051106527,
    0,
    0,
    0.00075856486,
    0,
    0,
    0.00042632257,
    0,
    0,
    0.001187001,
    0,
    0,
    0.00066565827,
    0,
    0,
    0.0015116795,
    0,
    0,
    0.0008456545,
    0.002177814,
    0,
    0.002377296,
    0,
    0,
    0.0016583158,
    0,
    0,
    0.0035566823,
    0,
    0,
    0.0019803927,
    0,
    0,
    0.0030124183,
    0,
    0.02477716,
    0.0031132689,
    0,
    0,
    0.0037994054,
    0,
    0.030335587,
    0.0038766775,
    0,
    0,
    0.0043010334,
    0,
    0.09990291,
    0.008238251,
    0,
    0,
    0.0012804567,
    0,
    0.03547298,
    0.002798412,
    0,
    0,
    0.003411828,
    11.991263,
    0.011549197,
    1.1491251,
    0,
    0,
    0,
    9.258561,
    0.032970205,
    0.8781155
  ],
  "years": [
    1989,
    1989,
    1989,
    1989,
    1989,
    1989,
    1990,
    1990,
    1990,
    1990,
    1990,
    1990,
    1991,
    1991,
    1991,
    1991,
    1991,
    1991,
    1992,
    1992,
    1992,
    1992,
    1992,
    1992,
    1993,
    1993,
    1993,
    1993,
    1993,
    1993,
    1994,
    1994,
    1994,
    1994,
    1994,
    1994,
    1995,
    1995,
    1995,
    1995,
    1995,
    1995,
    1996,
    1996,
    1996,
    1996,
    1996,
    1996,
    1997,
    1997,
    1997,
    1997,
    1997,
    1997,
    1998,
    1998,
    1998,
    1998,
    1998,
    1998,
    1999,
    1999,
    1999,
    1999,
    1999,
    1999,
    2000,
    2000,
    2000,
    2000,
    2000,
    2000,
    2001,
    2001,
    2001,
    2001,
    2001,
    2001,
    2002,
    2002,
    2002,
    2002,
    2002,
    2002,
    2003,
    2003,
    2003,
    2003,
    2003,
    2003,
    2004,
    2004,
    2004,
    2004,
    2004,
    2004,
    2005,
    2005,
    2005,
    2005,
    2005,
    2005,
    2006,
    2006,
    2006,
    2006,
    2006,
    2006,
    2007,
    2007,
    2007,
    2007,
    2007,
    2007,
    2008,
    2008,
    2008,
    2008,
    2008,
    2008,
    2009,
    2009,
    2009,
    2009,
    2009,
    2009,
    2010,
    2010,
    2010,
    2010,
    2010,
    2010,
    2011,
    2011,
    2011,
    2011,
    2011,
    2011,
    2012,
    2012,
    2012,
    2012,
    2012,
    2012,
    2013,
    2013,
    2013,
    2013,
    2013,
    2013,
    2014,
    2014,
    2014,
    2014,
    2014,
    2014,
    2015,
    2015,
    2015,
    2015,
    2015,
    2015,
    2016,
    2016,
    2016,
    2016,
    2016,
    2016,
    2017,
    2017,
    2017,
    2017,
    2017,
    2017,
    2018,
    2018,
    2018,
    2018,
    2018,
    2018,
    2019,
    2019,
    2019,
    2019,
    2019,
    2019,
    2020,
    2020,
    2020,
    2020,
    2020,
    2020,
    2021,
    2021,
    2021,
    2021,
    2021,
    2021,
    2022,
    2022,
    2022,
    2022,
    2022,
    2022,
    2023,
    2023,
    2023,
    2023,
    2023,
    2023
  ],
  "entities": [
    273,
    290,
    29325,
    276,
    25487,
    355,
    273,
    290,
    29325,
    276,
    25487,
    355,
    273,
    290,
    29325,
    276,
    25487,
    355,
    273,
    290,
    29325,
    276,
    25487,
    355,
    273,
    290,
    29325,
    276,
    25487,
    355,
    273,
    290,
    29325,
    276,
    25487,
    355,
    273,
    290,
    29325,
    276,
    25487,
    355,
    273,
    290,
    29325,
    276,
    25487,
    355,
    273,
    290,
    29325,
    276,
    25487,
    355,
    273,
    290,
    29325,
    276,
    25487,
    355,
    273,
    290,
    29325,
    276,
    25487,
    355,
    273,
    290,
    29325,
    276,
    25487,
    355,
    273,
    290,
    29325,
    276,
    25487,
    355,
    273,
    290,
    29325,
    276,
    25487,
    355,
    273,
    290,
    29325,
    276,
    25487,
    355,
    273,
    290,
    29325,
    276,
    25487,
    355,
    273,
    290,
    29325,
    276,
    25487,
    355,
    273,
    290,
    29325,
    276,
    25487,
    355,
    273,
    290,
    29325,
    276,
    25487,
    355,
    273,
    290,
    29325,
    276,
    25487,
    355,
    273,
    290,
    29325,
    276,
    25487,
    355,
    273,
    290,
    29325,
    276,
    25487,
    355,
    273,
    290,
    29325,
    276,
    25487,
    355,
    273,
    290,
    29325,
    276,
    25487,
    355,
    273,
    290,
    29325,
    276,
    25487,
    355,
    273,
    290,
    29325,
    276,
    25487,
    355,
    273,
    290,
    29325,
    276,
    25487,
    355,
    273,
    290,
    29325,
    276,
    25487,
    355,
    273,
    290,
    29325,
    276,
    25487,
    355,
    273,
    290,
    29325,
    276,
    25487,
    355,
    273,
    290,
    29325,
    276,
    25487,
    355,
    273,
    290,
    29325,
    276,
    25487,
    355,
    273,
    290,
    29325,
    276,
    25487,
    355,
    273,
    290,
    29325,
    276,
    25487,
    355,
    273,
    290,
    29325,
    276,
    25487,
    355
  ]
}