{
  "values": [
    2,
    5,
    10,
    24,
    71.51116,
    106.193336,
    140.296392,
    172.640752,
    206.576168,
    258.046728,
    292.02888,
    269.914624,
    257.257296,
    260.477,
    252.474984,
    231.392984,
    233.45648,
    233.204512,
    165.863016,
    253.600712,
    280.417016,
    271.391888,
    247.066816,
    128.299464,
    255.251712,
    241.271552,
    262.033512,
    247.784112,
    222.970344,
    212.072728,
    210.425792,
    224.257616,
    225.804984,
    232.103168,
    244.255544,
    230.624888,
    235.039408,
    227.887784,
    209.645504,
    208.223104,
    202.10272,
    195.831968,
    185.6994,
    193.1099008,
    200.0504,
    210.312,
    218.3384,
    219.456,
    226.1616,
    228.4984,
    227.076,
    227.3808,
    225.6536,
    226.06,
    227.7872,
    219.7608,
    210.1088,
    197.831,
    195.047,
    202.639,
    200.462,
    198.056,
    191.627,
    179.909,
    177.651,
    169.92,
    155.694,
    147.195,
    153.683,
    126.834,
    131.984,
    110.452,
    128.683,
    123.801,
    122.15,
    123.577,
    122.369,
    130.097,
    127.469,
    124.711,
    119.254,
    51.182,
    94.111,
    108.099,
    104.533,
    104.066,
    99.82,
    92.762,
    94.202,
    84.493,
    68.199,
    49.785,
    53.037,
    50.197,
    48.495,
    41.177,
    37.077,
    31.19758267,
    31.929856,
    29.989155,
    28.279,
    25.096057,
    20.498293,
    18.517162,
    17.007227,
    18.05324257,
    17.87363382,
    18.34663037,
    18.55197821,
    16.96666706,
    12.76744561,
    11.64761179,
    8.598017523,
    4.17779643,
    3.041064486,
    2.580054016,
    2.166397294
  ],
  "years": [
    1700,
    1750,
    1800,
    1825,
    1853,
    1863,
    1873,
    1883,
    1893,
    1903,
    1913,
    1914,
    1915,
    1916,
    1917,
    1918,
    1919,
    1920,
    1921,
    1922,
    1923,
    1924,
    1925,
    1926,
    1927,
    1928,
    1929,
    1930,
    1931,
    1932,
    1933,
    1934,
    1935,
    1936,
    1937,
    1938,
    1939,
    1940,
    1941,
    1942,
    1943,
    1944,
    1945,
    1946,
    1947,
    1948,
    1949,
    1950,
    1951,
    1952,
    1953,
    1954,
    1955,
    1956,
    1957,
    1958,
    1959,
    1960,
    1961,
    1962,
    1963,
    1964,
    1965,
    1966,
    1967,
    1968,
    1969,
    1970,
    1971,
    1972,
    1973,
    1974,
    1975,
    1976,
    1977,
    1978,
    1979,
    1980,
    1981,
    1982,
    1983,
    1984,
    1985,
    1986,
    1987,
    1988,
    1989,
    1990,
    1991,
    1992,
    1993,
    1994,
    1995,
    1996,
    1997,
    1998,
    1999,
    2000,
    2001,
    2002,
    2003,
    2004,
    2005,
    2006,
    2007,
    2008,
    2009,
    2010,
    2011,
    2012,
    2013,
    2014,
    2015,
    2016,
    2017,
    2018,
    2019
  ],
  "entities": [
    1,
    1,
    1,
    1,
    1,
    1,
    1,
    1,
    1,
    1,
    1,
    1,
    1,
    1,
    1,
    1,
    1,
    1,
    1,
    1,
    1,
    1,
    1,
    1,
    1,
    1,
    1,
    1,
    1,
    1,
    1,
    1,
    1,
    1,
    1,
    1,
    1,
    1,
    1,
    1,
    1,
    1,
    1,
    1,
    1,
    1,
    1,
    1,
    1,
    1,
    1,
    1,
    1,
    1,
    1,
    1,
    1,
    1,
    1,
    1,
    1,
    1,
    1,
    1,
    1,
    1,
    1,
    1,
    1,
    1,
    1,
    1,
    1,
    1,
    1,
    1,
    1,
    1,
    1,
    1,
    1,
    1,
    1,
    1,
    1,
    1,
    1,
    1,
    1,
    1,
    1,
    1,
    1,
    1,
    1,
    1,
    1,
    1,
    1,
    1,
    1,
    1,
    1,
    1,
    1,
    1,
    1,
    1,
    1,
    1,
    1,
    1,
    1,
    1,
    1,
    1,
    1
  ]
}