{
  "values": [
    34.1,
    49.1,
    37.3,
    34.7,
    39.399998,
    38.4,
    33.3,
    32.5,
    37.1,
    41.7,
    38.100002,
    34.3,
    46,
    64,
    42.5,
    60.5,
    97.2,
    76.700005,
    39.5,
    27.000002,
    33.3,
    39,
    28.8,
    69,
    49.2,
    64.8,
    37.8,
    100.899994,
    172.09999,
    75.3,
    62.4,
    48.699997,
    27.4,
    63.4,
    77.200005,
    57.6,
    199.7,
    341.19998,
    93.3,
    112.8,
    45.100002,
    75.3,
    182.09999,
    41.600002,
    97.6,
    28.600002,
    43.399998,
    180.7,
    39.1,
    64,
    37.4,
    50.1,
    65.6,
    120.299995,
    56.199997,
    82.4,
    97.299995,
    95,
    39.399998,
    105.200005,
    43.399998,
    54.8,
    132.29999,
    60.8,
    67.7,
    32.9,
    180.8,
    27.3,
    89.3,
    27.8,
    58.600002,
    69.6,
    58.499996,
    51.6,
    92.799995,
    44.600002,
    60.3,
    406.40002,
    93.5,
    31.900002,
    105.700005,
    97.899994,
    193.2,
    64.1,
    35.5,
    97.899994,
    38,
    103.6,
    112.600006,
    37.1,
    209.5,
    162.7,
    26.300001,
    527.2,
    42.8,
    146.3,
    89.4,
    67.6,
    90.8,
    79,
    73.2,
    28.3,
    91.7,
    29.9,
    72.6,
    75.3,
    84.4,
    97.899994,
    49.1,
    95.6,
    84.5,
    67.1,
    103.4,
    103.799995,
    32.100002,
    147.59999,
    117.9,
    99.5,
    34.5,
    228.80002,
    116.700005,
    77.3,
    116.700005,
    35.8,
    37.2,
    218.8,
    36.5,
    45.5,
    34.8,
    38.4,
    46.8,
    48.100002,
    64.200005,
    187.8,
    152,
    64.5,
    93.5,
    49.1,
    145.79999,
    276.1,
    38.7,
    35.8,
    46.9,
    42.699997,
    87,
    65,
    46.8,
    67,
    24.699999,
    52.600002,
    29.800001,
    122.5,
    51.2,
    31.8,
    31,
    78.4,
    39,
    72.299995,
    46.6,
    46.2,
    57.7,
    183.59999,
    78.5,
    70.200005,
    80.7,
    60.399998,
    79,
    54.9,
    83.3,
    80.8,
    45.5,
    62.5,
    93.7,
    202.20001,
    72.1,
    144.5,
    40.6,
    68.5,
    89.4,
    57.5,
    43.3
  ],
  "years": [
    2017,
    2017,
    2017,
    2017,
    2017,
    2017,
    2017,
    2017,
    2017,
    2017,
    2017,
    2017,
    2017,
    2017,
    2017,
    2017,
    2017,
    2017,
    2017,
    2017,
    2017,
    2017,
    2017,
    2017,
    2017,
    2017,
    2017,
    2017,
    2017,
    2017,
    2017,
    2017,
    2017,
    2017,
    2017,
    2017,
    2017,
    2017,
    2017,
    2017,
    2017,
    2017,
    2017,
    2017,
    2017,
    2017,
    2017,
    2017,
    2017,
    2017,
    2017,
    2017,
    2017,
    2017,
    2017,
    2017,
    2017,
    2017,
    2017,
    2017,
    2017,
    2017,
    2017,
    2017,
    2017,
    2017,
    2017,
    2017,
    2017,
    2017,
    2017,
    2017,
    2017,
    2017,
    2017,
    2017,
    2017,
    2017,
    2017,
    2017,
    2017,
    2017,
    2017,
    2017,
    2017,
    2017,
    2017,
    2017,
    2017,
    2017,
    2017,
    2017,
    2017,
    2017,
    2017,
    2017,
    2017,
    2017,
    2017,
    2017,
    2017,
    2017,
    2017,
    2017,
    2017,
    2017,
    2017,
    2017,
    2017,
    2017,
    2017,
    2017,
    2017,
    2017,
    2017,
    2017,
    2017,
    2017,
    2017,
    2017,
    2017,
    2017,
    2017,
    2017,
    2017,
    2017,
    2017,
    2017,
    2017,
    2017,
    2017,
    2017,
    2017,
    2017,
    2017,
    2017,
    2017,
    2017,
    2017,
    2017,
    2017,
    2017,
    2017,
    2017,
    2017,
    2017,
    2017,
    2017,
    2017,
    2017,
    2017,
    2017,
    2017,
    2017,
    2017,
    2017,
    2017,
    2017,
    2017,
    2017,
    2017,
    2017,
    2017,
    2017,
    2017,
    2017,
    2017,
    2017,
    2017,
    2017,
    2017,
    2017,
    2017,
    2017,
    2017,
    2017,
    2017,
    2017,
    2017,
    2017,
    2017
  ],
  "entities": [
    1,
    2,
    3,
    4,
    5,
    6,
    7,
    8,
    9,
    10,
    11,
    12,
    13,
    14,
    16,
    17,
    19,
    20,
    21,
    22,
    23,
    24,
    25,
    26,
    27,
    28,
    30,
    31,
    32,
    33,
    34,
    35,
    36,
    37,
    38,
    39,
    40,
    41,
    42,
    43,
    44,
    45,
    60,
    63,
    64,
    65,
    66,
    68,
    70,
    71,
    72,
    73,
    75,
    76,
    78,
    79,
    80,
    81,
    83,
    84,
    85,
    86,
    87,
    88,
    89,
    90,
    91,
    92,
    94,
    95,
    96,
    97,
    98,
    100,
    101,
    102,
    103,
    104,
    105,
    106,
    107,
    108,
    109,
    110,
    111,
    112,
    113,
    114,
    115,
    116,
    117,
    118,
    119,
    121,
    122,
    123,
    125,
    126,
    127,
    129,
    130,
    131,
    132,
    133,
    134,
    135,
    136,
    137,
    138,
    139,
    140,
    141,
    142,
    143,
    144,
    145,
    146,
    147,
    149,
    150,
    151,
    153,
    154,
    155,
    156,
    158,
    159,
    160,
    161,
    162,
    163,
    165,
    166,
    167,
    168,
    170,
    171,
    172,
    173,
    174,
    194,
    196,
    197,
    198,
    200,
    201,
    202,
    206,
    207,
    208,
    210,
    211,
    212,
    213,
    215,
    216,
    217,
    219,
    226,
    227,
    228,
    229,
    230,
    232,
    233,
    234,
    236,
    279,
    281,
    355,
    457,
    459,
    460,
    461,
    277948,
    277950,
    277951,
    277954,
    277956,
    278895,
    278896
  ]
}