{
  "values": [
    33,
    50,
    34,
    27.000002,
    31,
    40,
    33,
    33,
    38,
    40,
    37,
    30.000002,
    71,
    32,
    65,
    80,
    80,
    31,
    37,
    32,
    36,
    49,
    52,
    36,
    76,
    97,
    78,
    98,
    52.999996,
    146,
    76,
    70,
    50,
    188,
    381,
    109,
    109,
    50,
    85,
    196,
    91,
    45,
    301,
    30.000002,
    46,
    191,
    39,
    66,
    33,
    52.999996,
    195,
    69,
    112,
    301,
    64,
    64,
    94,
    268,
    40,
    90,
    35,
    56,
    156,
    62,
    88,
    26,
    177,
    27.000002,
    126,
    29,
    62,
    71,
    64,
    48,
    68,
    43,
    98,
    319,
    130,
    37,
    58.999996,
    125,
    283,
    54.000004,
    44,
    77,
    38,
    102,
    95,
    29,
    201,
    164,
    26,
    233,
    38,
    195,
    86,
    105.99999,
    67,
    92,
    80,
    78,
    23,
    89,
    33,
    80,
    80,
    80,
    54.000004,
    120.00001,
    71,
    58.999996,
    61,
    44,
    63,
    116.99999,
    52,
    34,
    89,
    113,
    92,
    83,
    37,
    38,
    120.00001,
    43,
    46,
    33,
    40,
    49,
    40,
    58.999996,
    300,
    142,
    100,
    56,
    82,
    52.999996,
    149,
    298,
    51,
    34,
    57,
    52,
    87,
    65,
    50,
    65,
    32,
    32,
    31,
    92,
    57,
    37,
    32,
    31,
    80,
    44,
    56,
    64,
    72,
    57,
    137,
    66,
    86,
    57,
    84,
    45,
    62,
    97,
    200,
    66,
    149,
    41,
    67,
    70,
    68,
    44
  ],
  "years": [
    2021,
    2021,
    2021,
    2021,
    2021,
    2021,
    2021,
    2021,
    2021,
    2021,
    2021,
    2021,
    2021,
    2021,
    2021,
    2021,
    2021,
    2021,
    2021,
    2021,
    2021,
    2021,
    2021,
    2021,
    2021,
    2021,
    2021,
    2021,
    2021,
    2021,
    2021,
    2021,
    2021,
    2021,
    2021,
    2021,
    2021,
    2021,
    2021,
    2021,
    2021,
    2021,
    2021,
    2021,
    2021,
    2021,
    2021,
    2021,
    2021,
    2021,
    2021,
    2021,
    2021,
    2021,
    2021,
    2021,
    2021,
    2021,
    2021,
    2021,
    2021,
    2021,
    2021,
    2021,
    2021,
    2021,
    2021,
    2021,
    2021,
    2021,
    2021,
    2021,
    2021,
    2021,
    2021,
    2021,
    2021,
    2021,
    2021,
    2021,
    2021,
    2021,
    2021,
    2021,
    2021,
    2021,
    2021,
    2021,
    2021,
    2021,
    2021,
    2021,
    2021,
    2021,
    2021,
    2021,
    2021,
    2021,
    2021,
    2021,
    2021,
    2021,
    2021,
    2021,
    2021,
    2021,
    2021,
    2021,
    2021,
    2021,
    2021,
    2021,
    2021,
    2021,
    2021,
    2021,
    2021,
    2021,
    2021,
    2021,
    2021,
    2021,
    2021,
    2021,
    2021,
    2021,
    2021,
    2021,
    2021,
    2021,
    2021,
    2021,
    2021,
    2021,
    2021,
    2021,
    2021,
    2021,
    2021,
    2021,
    2021,
    2021,
    2021,
    2021,
    2021,
    2021,
    2021,
    2021,
    2021,
    2021,
    2021,
    2021,
    2021,
    2021,
    2021,
    2021,
    2021,
    2021,
    2021,
    2021,
    2021,
    2021,
    2021,
    2021,
    2021,
    2021,
    2021,
    2021,
    2021,
    2021,
    2021,
    2021,
    2021,
    2021,
    2021,
    2021,
    2021,
    2021
  ],
  "entities": [
    1,
    2,
    3,
    4,
    5,
    6,
    7,
    8,
    9,
    10,
    11,
    13,
    14,
    16,
    17,
    19,
    20,
    22,
    23,
    24,
    25,
    27,
    28,
    30,
    31,
    32,
    33,
    34,
    35,
    36,
    37,
    38,
    39,
    40,
    41,
    42,
    43,
    44,
    45,
    60,
    62,
    63,
    64,
    65,
    66,
    68,
    70,
    71,
    72,
    73,
    74,
    75,
    76,
    77,
    78,
    79,
    81,
    82,
    83,
    84,
    85,
    86,
    87,
    88,
    89,
    90,
    91,
    92,
    94,
    95,
    96,
    97,
    98,
    100,
    101,
    102,
    103,
    104,
    105,
    106,
    107,
    108,
    109,
    110,
    111,
    112,
    113,
    114,
    115,
    116,
    117,
    118,
    119,
    121,
    122,
    123,
    124,
    125,
    126,
    127,
    129,
    130,
    131,
    132,
    133,
    134,
    136,
    137,
    138,
    139,
    140,
    141,
    143,
    144,
    146,
    147,
    148,
    149,
    150,
    151,
    153,
    154,
    155,
    156,
    158,
    159,
    160,
    161,
    162,
    163,
    165,
    166,
    167,
    168,
    169,
    170,
    171,
    172,
    173,
    174,
    194,
    196,
    197,
    198,
    200,
    201,
    202,
    206,
    207,
    208,
    210,
    211,
    212,
    213,
    215,
    217,
    219,
    226,
    227,
    229,
    230,
    232,
    233,
    234,
    258,
    279,
    355,
    457,
    459,
    460,
    461,
    277948,
    277950,
    277951,
    277954,
    277956,
    278895,
    278896
  ]
}