{
  "values": [
    32,
    65,
    80,
    80,
    31,
    80,
    37,
    32,
    36,
    49,
    52,
    36,
    27.000002,
    76,
    97,
    51,
    78,
    98,
    52.999996,
    146,
    76,
    34,
    70,
    50,
    188,
    381,
    109,
    109,
    50,
    85,
    57,
    298,
    149,
    52.999996,
    82,
    56,
    100,
    142,
    58.999996,
    61,
    40,
    57,
    49,
    40,
    300,
    33,
    83,
    87,
    46,
    67,
    65,
    30.000002,
    43,
    38,
    64,
    120.00001,
    41,
    50,
    37,
    34,
    92,
    113,
    40,
    89,
    34,
    65,
    52,
    116.99999,
    126,
    63,
    45,
    120.00001,
    44,
    54.000004,
    32,
    80,
    80,
    80,
    50,
    33,
    33,
    89,
    71,
    78,
    23,
    80,
    32,
    67,
    105.99999,
    66,
    38,
    86,
    195,
    233,
    26,
    200,
    97,
    31,
    164,
    201,
    29,
    92,
    95,
    57,
    102,
    37,
    38,
    68,
    44,
    77,
    32,
    54.000004,
    283,
    125,
    58.999996,
    31,
    37,
    130,
    319,
    98,
    44,
    46,
    43,
    31,
    68,
    71,
    48,
    64,
    71,
    62,
    37,
    29,
    44,
    27.000002,
    177,
    56,
    64,
    72,
    57,
    26,
    88,
    62,
    137,
    156,
    56,
    35,
    40,
    268,
    94,
    70,
    92,
    86,
    38,
    58.999996,
    149,
    64,
    66,
    40,
    33,
    301,
    52,
    112,
    301,
    69,
    195,
    52.999996,
    66,
    39,
    191,
    33,
    33,
    30.000002,
    62,
    45,
    91,
    90,
    84,
    196
  ],
  "years": [
    2021,
    2021,
    2021,
    2021,
    2021,
    2021,
    2021,
    2021,
    2021,
    2021,
    2021,
    2021,
    2021,
    2021,
    2021,
    2021,
    2021,
    2021,
    2021,
    2021,
    2021,
    2021,
    2021,
    2021,
    2021,
    2021,
    2021,
    2021,
    2021,
    2021,
    2021,
    2021,
    2021,
    2021,
    2021,
    2021,
    2021,
    2021,
    2021,
    2021,
    2021,
    2021,
    2021,
    2021,
    2021,
    2021,
    2021,
    2021,
    2021,
    2021,
    2021,
    2021,
    2021,
    2021,
    2021,
    2021,
    2021,
    2021,
    2021,
    2021,
    2021,
    2021,
    2021,
    2021,
    2021,
    2021,
    2021,
    2021,
    2021,
    2021,
    2021,
    2021,
    2021,
    2021,
    2021,
    2021,
    2021,
    2021,
    2021,
    2021,
    2021,
    2021,
    2021,
    2021,
    2021,
    2021,
    2021,
    2021,
    2021,
    2021,
    2021,
    2021,
    2021,
    2021,
    2021,
    2021,
    2021,
    2021,
    2021,
    2021,
    2021,
    2021,
    2021,
    2021,
    2021,
    2021,
    2021,
    2021,
    2021,
    2021,
    2021,
    2021,
    2021,
    2021,
    2021,
    2021,
    2021,
    2021,
    2021,
    2021,
    2021,
    2021,
    2021,
    2021,
    2021,
    2021,
    2021,
    2021,
    2021,
    2021,
    2021,
    2021,
    2021,
    2021,
    2021,
    2021,
    2021,
    2021,
    2021,
    2021,
    2021,
    2021,
    2021,
    2021,
    2021,
    2021,
    2021,
    2021,
    2021,
    2021,
    2021,
    2021,
    2021,
    2021,
    2021,
    2021,
    2021,
    2021,
    2021,
    2021,
    2021,
    2021,
    2021,
    2021,
    2021,
    2021,
    2021,
    2021,
    2021,
    2021,
    2021,
    2021,
    2021,
    2021,
    2021,
    2021,
    2021,
    2021
  ],
  "entities": [
    16,
    17,
    19,
    20,
    22,
    219,
    23,
    24,
    25,
    27,
    28,
    30,
    4,
    31,
    32,
    194,
    33,
    34,
    35,
    36,
    37,
    196,
    38,
    39,
    40,
    41,
    42,
    43,
    44,
    45,
    197,
    174,
    173,
    172,
    171,
    170,
    169,
    168,
    166,
    143,
    165,
    279,
    163,
    162,
    167,
    161,
    154,
    200,
    160,
    277954,
    201,
    65,
    159,
    156,
    78,
    158,
    277951,
    202,
    155,
    3,
    153,
    151,
    6,
    150,
    149,
    206,
    148,
    147,
    94,
    146,
    457,
    139,
    144,
    138,
    207,
    137,
    136,
    134,
    2,
    133,
    8,
    132,
    14,
    130,
    131,
    129,
    208,
    126,
    125,
    277948,
    122,
    124,
    123,
    121,
    119,
    461,
    460,
    210,
    118,
    117,
    116,
    211,
    115,
    212,
    114,
    213,
    113,
    278895,
    111,
    112,
    215,
    110,
    109,
    108,
    107,
    5,
    106,
    105,
    104,
    103,
    278896,
    66,
    102,
    217,
    101,
    140,
    100,
    98,
    97,
    96,
    11,
    95,
    226,
    92,
    91,
    227,
    229,
    230,
    232,
    90,
    89,
    88,
    233,
    87,
    86,
    85,
    83,
    82,
    81,
    277956,
    127,
    258,
    9,
    141,
    277950,
    79,
    234,
    10,
    7,
    77,
    198,
    76,
    64,
    75,
    74,
    73,
    71,
    70,
    68,
    72,
    1,
    13,
    459,
    63,
    62,
    84,
    355,
    60
  ]
}