{
  "values": [
    3.550783,
    3.935821,
    9.758586,
    4.7006526,
    5.665388,
    4.2919445,
    9.2555685,
    8.231379,
    5.0063596,
    2.198214,
    4.148357,
    9.471364,
    6.0656285,
    4.739243,
    2.0966935,
    1.6702241,
    3.7021275,
    1.2125983,
    12.173134,
    3.276187,
    11.787233,
    8.316149,
    0.39665136,
    7.5971937,
    1.7941864,
    1.7779915,
    5.866729,
    3.8255472,
    0.5045786,
    6.9224987,
    2.8699772,
    0.66112566,
    0.4728945,
    1.82117,
    5.370013,
    2.3404055,
    1.832942,
    0.48191354,
    2.3568306,
    0.5830059,
    0.30906606,
    6.461362,
    4.2895136,
    1.6312306,
    5.391968,
    3.460506,
    2.6331115,
    2.4525318,
    3.0612183,
    1.21268,
    0.67375755,
    1.3910728,
    0.5689501,
    4.6618104,
    5.802455,
    1.3969092,
    2.6178207,
    2.1173487,
    0.65362775,
    5.37788,
    2.7163417,
    1.3087252,
    0.6264415,
    4.578165,
    0.9892627,
    5.130115,
    3.1216393,
    1.6974536,
    1.5708966,
    2.0488963,
    1.9231398,
    3.2373762,
    4.174073,
    0.37585136,
    5.6125927,
    1.0483515,
    4.444739,
    1.0007063,
    1.6655943,
    6.8806868,
    4.2585273,
    1.003724,
    1.8329585,
    2.2255192,
    3.1235616,
    0.92258155,
    2.2880216,
    4.237066,
    5.6629877,
    2.0310082,
    5.9490137,
    0.15565428,
    0.24520841,
    4.3820505,
    5.1033535,
    1.3119447,
    0.9738103,
    3.7186475,
    0.88202393,
    1.7160368,
    3.0107076,
    1.3529269,
    1.2740121,
    0.26291743,
    0.03442724,
    0.66849715,
    0.7267344,
    1.4841828,
    1.7172151,
    3.588067,
    0.8427622,
    1.6796832,
    2.7638454,
    2.8181741,
    3.6345668,
    2.6458187,
    1.6802636,
    5.720151,
    0.14044207,
    0.12714161,
    2.3631072,
    2.9813185,
    6.0163274,
    4.3527675,
    1.0371133,
    2.2076368,
    1.3083827,
    0.58216906,
    1.8683767,
    3.9851465,
    4.344118,
    3.6629858,
    0.89579976,
    0.8815421,
    2.1534185,
    4.6177406,
    2.0160894,
    1.7442952,
    6.9233108,
    0.14968243,
    0.82774115,
    1.8834999,
    1.9503248,
    6.0998716,
    3.6451745,
    4.458715,
    0.9775461,
    2.6343122,
    0.9037788,
    5.226674,
    2.3827221,
    1.711883,
    1.4601797,
    2.939515,
    2.9395149,
    2.9395149,
    2.9395149
  ],
  "years": [
    2018,
    2018,
    2018,
    2018,
    2018,
    2018,
    2018,
    2018,
    2018,
    2018,
    2018,
    2018,
    2018,
    2018,
    2018,
    2018,
    2018,
    2018,
    2018,
    2018,
    2018,
    2018,
    2018,
    2018,
    2018,
    2018,
    2018,
    2018,
    2018,
    2018,
    2018,
    2018,
    2018,
    2018,
    2018,
    2018,
    2018,
    2018,
    2018,
    2018,
    2018,
    2018,
    2018,
    2018,
    2018,
    2018,
    2018,
    2018,
    2018,
    2018,
    2018,
    2018,
    2018,
    2018,
    2018,
    2018,
    2018,
    2018,
    2018,
    2018,
    2018,
    2018,
    2018,
    2018,
    2018,
    2018,
    2018,
    2018,
    2018,
    2018,
    2018,
    2018,
    2018,
    2018,
    2018,
    2018,
    2018,
    2018,
    2018,
    2018,
    2018,
    2018,
    2018,
    2018,
    2018,
    2018,
    2018,
    2018,
    2018,
    2018,
    2018,
    2018,
    2018,
    2018,
    2018,
    2018,
    2018,
    2018,
    2018,
    2018,
    2018,
    2018,
    2018,
    2018,
    2018,
    2018,
    2018,
    2018,
    2018,
    2018,
    2018,
    2018,
    2018,
    2018,
    2018,
    2018,
    2018,
    2018,
    2018,
    2018,
    2018,
    2018,
    2018,
    2018,
    2018,
    2018,
    2018,
    2018,
    2018,
    2018,
    2018,
    2018,
    2018,
    2018,
    2018,
    2018,
    2018,
    2018,
    2018,
    2018,
    2018,
    2018,
    2018,
    2018,
    2018,
    2018,
    2018,
    2018,
    2018,
    2018,
    2018,
    2018,
    2018,
    2019,
    2019,
    2019,
    2019
  ],
  "entities": [
    1,
    2,
    3,
    4,
    5,
    6,
    7,
    8,
    9,
    10,
    11,
    12,
    13,
    14,
    15,
    16,
    17,
    21,
    22,
    23,
    24,
    25,
    28,
    30,
    32,
    34,
    35,
    36,
    37,
    39,
    40,
    41,
    42,
    43,
    44,
    60,
    61,
    62,
    63,
    64,
    65,
    66,
    67,
    68,
    69,
    70,
    71,
    72,
    74,
    75,
    76,
    78,
    80,
    81,
    83,
    84,
    85,
    86,
    87,
    88,
    89,
    90,
    91,
    92,
    95,
    96,
    97,
    98,
    100,
    101,
    102,
    103,
    104,
    105,
    106,
    107,
    108,
    109,
    110,
    111,
    112,
    113,
    114,
    115,
    116,
    117,
    118,
    119,
    120,
    121,
    122,
    124,
    125,
    126,
    127,
    129,
    130,
    131,
    133,
    135,
    136,
    137,
    138,
    139,
    140,
    141,
    142,
    143,
    145,
    147,
    148,
    149,
    150,
    151,
    152,
    153,
    155,
    156,
    158,
    160,
    161,
    162,
    163,
    165,
    166,
    168,
    169,
    170,
    171,
    172,
    173,
    198,
    201,
    207,
    208,
    210,
    212,
    213,
    215,
    238,
    259,
    273,
    275,
    276,
    277,
    294,
    295,
    355,
    379,
    457,
    459,
    460,
    461,
    134,
    275,
    355,
    459
  ]
}