{
  "values": [
    2.0966935,
    1.8834999,
    1.6702241,
    3.7021275,
    1.2125983,
    12.173134,
    1.9503248,
    2.9395149,
    3.276187,
    11.787233,
    8.316149,
    0.39665136,
    7.5971937,
    4.7006526,
    1.7941864,
    1.7779915,
    5.866729,
    3.8255472,
    0.5045786,
    6.9224987,
    2.8699772,
    0.66112566,
    0.4728945,
    1.82117,
    5.370013,
    4.344118,
    3.9851465,
    1.8683767,
    0.58216906,
    1.3083827,
    2.2076368,
    1.0371133,
    1.4841828,
    4.3527675,
    6.0163274,
    2.9813185,
    2.3631072,
    0.12714161,
    0.89579976,
    0.30906606,
    0.82774115,
    5.720151,
    1.3910728,
    0.14044207,
    6.0998716,
    1.6802636,
    9.758586,
    2.6458187,
    2.8181741,
    3.6345668,
    4.2919445,
    2.7638454,
    1.6796832,
    0.8427622,
    3.588067,
    1.7172151,
    5.226674,
    0.26291743,
    1.2740121,
    0.8815421,
    1.3529269,
    3.0107076,
    1.7160368,
    2.939515,
    3.935821,
    0.88202393,
    8.231379,
    4.739243,
    0.9738103,
    3.7186475,
    1.3119447,
    0.9037788,
    2.1534185,
    4.3820505,
    0.24520841,
    5.9490137,
    0.15565428,
    2.0310082,
    5.6629877,
    4.237066,
    1.4601797,
    1.711883,
    4.6177406,
    2.2880216,
    0.92258155,
    3.1235616,
    2.2255192,
    2.0160894,
    1.8329585,
    1.7442952,
    1.003724,
    6.8806868,
    4.2585273,
    6.9233108,
    1.6655943,
    1.0007063,
    0.7267344,
    4.444739,
    1.0483515,
    5.665388,
    5.6125927,
    0.37585136,
    4.174073,
    3.2373762,
    4.458715,
    6.461362,
    1.9231398,
    3.6451745,
    2.0488963,
    0.03442724,
    1.5708966,
    1.6974536,
    3.1216393,
    5.130115,
    4.148357,
    0.9892627,
    4.578165,
    9.471364,
    0.6264415,
    1.3087252,
    2.7163417,
    5.37788,
    0.65362775,
    2.1173487,
    2.6178207,
    5.802455,
    4.6618104,
    0.9775461,
    5.1033535,
    5.0063596,
    0.66849715,
    2.198214,
    9.2555685,
    3.6629858,
    0.67375755,
    0.5830059,
    1.21268,
    3.0612183,
    2.6331115,
    3.460506,
    5.391968,
    1.6312306,
    4.2895136,
    2.4525318,
    3.550783,
    6.0656285,
    2.3827221,
    2.9395149,
    2.3568306,
    0.48191354,
    0.14968243,
    1.3969092,
    2.6343122,
    2.9395149,
    1.832942,
    2.3404055,
    0.5689501
  ],
  "years": [
    2018,
    2018,
    2018,
    2018,
    2018,
    2018,
    2018,
    2019,
    2018,
    2018,
    2018,
    2018,
    2018,
    2018,
    2018,
    2018,
    2018,
    2018,
    2018,
    2018,
    2018,
    2018,
    2018,
    2018,
    2018,
    2018,
    2018,
    2018,
    2018,
    2018,
    2018,
    2018,
    2018,
    2018,
    2018,
    2018,
    2018,
    2018,
    2018,
    2018,
    2018,
    2018,
    2018,
    2018,
    2018,
    2018,
    2018,
    2018,
    2018,
    2018,
    2018,
    2018,
    2018,
    2018,
    2018,
    2018,
    2018,
    2018,
    2018,
    2018,
    2018,
    2018,
    2018,
    2019,
    2018,
    2018,
    2018,
    2018,
    2018,
    2018,
    2018,
    2018,
    2018,
    2018,
    2018,
    2018,
    2018,
    2018,
    2018,
    2018,
    2018,
    2018,
    2018,
    2018,
    2018,
    2018,
    2018,
    2018,
    2018,
    2018,
    2018,
    2018,
    2018,
    2018,
    2018,
    2018,
    2018,
    2018,
    2018,
    2018,
    2018,
    2018,
    2018,
    2018,
    2018,
    2018,
    2018,
    2018,
    2018,
    2018,
    2018,
    2018,
    2018,
    2018,
    2018,
    2018,
    2018,
    2018,
    2018,
    2018,
    2018,
    2018,
    2018,
    2018,
    2018,
    2018,
    2018,
    2018,
    2018,
    2018,
    2018,
    2018,
    2018,
    2018,
    2018,
    2018,
    2018,
    2018,
    2018,
    2018,
    2018,
    2018,
    2018,
    2018,
    2018,
    2018,
    2018,
    2019,
    2018,
    2018,
    2018,
    2018,
    2018,
    2019,
    2018,
    2018,
    2018
  ],
  "entities": [
    15,
    273,
    16,
    17,
    21,
    22,
    275,
    275,
    23,
    24,
    25,
    28,
    30,
    4,
    32,
    34,
    35,
    36,
    37,
    39,
    40,
    41,
    42,
    43,
    44,
    173,
    172,
    171,
    170,
    169,
    168,
    166,
    143,
    165,
    163,
    162,
    161,
    160,
    201,
    65,
    259,
    156,
    78,
    158,
    276,
    155,
    3,
    153,
    151,
    152,
    6,
    150,
    149,
    148,
    147,
    145,
    457,
    139,
    138,
    207,
    137,
    136,
    135,
    134,
    2,
    133,
    8,
    14,
    130,
    131,
    129,
    379,
    208,
    126,
    125,
    122,
    124,
    121,
    120,
    119,
    461,
    460,
    210,
    118,
    117,
    116,
    115,
    212,
    114,
    213,
    113,
    111,
    112,
    215,
    110,
    109,
    142,
    108,
    107,
    5,
    106,
    105,
    104,
    103,
    294,
    66,
    102,
    277,
    101,
    140,
    100,
    98,
    97,
    96,
    11,
    95,
    92,
    12,
    91,
    90,
    89,
    88,
    87,
    86,
    85,
    83,
    81,
    295,
    127,
    9,
    141,
    10,
    7,
    198,
    76,
    64,
    75,
    74,
    71,
    70,
    69,
    68,
    67,
    72,
    1,
    13,
    459,
    459,
    63,
    62,
    238,
    84,
    355,
    355,
    61,
    60,
    80
  ]
}