{
  "values": [
    6.5012503,
    2.108404,
    2.0523956,
    1.2770344,
    1.68707,
    27.866543,
    4.1004434,
    2.4690473,
    1.886364,
    2.237768,
    5.944553,
    2.0776534,
    3.0096054,
    4.7214727,
    5.303757,
    2.229787,
    9.155935,
    4.3801675,
    2.3989153,
    7.6803627,
    13.067843,
    3.1002393,
    4.0605364,
    6.084317,
    8.709641,
    3.6090832,
    7.5362577,
    1.3470775,
    5.7295537,
    7.5924897,
    6.942999,
    3.0435722,
    9.266049,
    13.9695,
    9.860862,
    17.989529,
    7.5603294,
    19.228703,
    28.77957,
    21.5969,
    18.140184,
    36.44906,
    22.083744,
    23.513119,
    17.439829,
    8.967868,
    3.198265,
    3.3217518,
    4.75597,
    1.7695231,
    0.5384505,
    0.40808833,
    0.20861295,
    0.054973707,
    0.031177523,
    0.05346369,
    0.019930253,
    0.026106957,
    0.008767656,
    0.014918453,
    0.008078833,
    0.013625094,
    0.003255715,
    0.00322467,
    0.0036508127,
    0.005425721,
    0.0076144603,
    0.0039929706,
    0.0114248,
    0.0034803997,
    0.0025839615,
    0.0034103044,
    0.006329478,
    0.0033423302,
    0.0028962668,
    0.003689223,
    0.0036561394,
    0.0036232872,
    0.0035903056,
    0.0023680467,
    0.003509163,
    0.0023111945,
    0.0011422774,
    0.0030134686,
    0.002609936,
    0.0025843543,
    0.002194041,
    0.0010864869,
    0.0007173975,
    0,
    0,
    0,
    0,
    0,
    0,
    0,
    0,
    0,
    0.0003246506,
    0,
    0,
    0,
    0.00031239187,
    0,
    0,
    0,
    0,
    0,
    0,
    0,
    0,
    0.00029279658
  ],
  "years": [
    1910,
    1911,
    1913,
    1914,
    1915,
    1916,
    1917,
    1918,
    1919,
    1920,
    1921,
    1922,
    1923,
    1924,
    1925,
    1926,
    1927,
    1928,
    1929,
    1930,
    1931,
    1932,
    1933,
    1934,
    1935,
    1936,
    1937,
    1938,
    1939,
    1940,
    1941,
    1942,
    1943,
    1944,
    1945,
    1946,
    1947,
    1948,
    1949,
    1950,
    1951,
    1952,
    1953,
    1954,
    1955,
    1956,
    1957,
    1958,
    1959,
    1960,
    1961,
    1962,
    1963,
    1964,
    1965,
    1966,
    1967,
    1968,
    1969,
    1970,
    1971,
    1972,
    1973,
    1974,
    1975,
    1976,
    1977,
    1978,
    1979,
    1980,
    1981,
    1982,
    1983,
    1984,
    1985,
    1986,
    1987,
    1988,
    1989,
    1990,
    1991,
    1992,
    1993,
    1994,
    1995,
    1996,
    1997,
    1998,
    1999,
    2000,
    2001,
    2002,
    2003,
    2004,
    2005,
    2006,
    2007,
    2008,
    2009,
    2010,
    2011,
    2012,
    2013,
    2014,
    2015,
    2016,
    2017,
    2018,
    2019,
    2020,
    2021,
    2022
  ],
  "entities": [
    13,
    13,
    13,
    13,
    13,
    13,
    13,
    13,
    13,
    13,
    13,
    13,
    13,
    13,
    13,
    13,
    13,
    13,
    13,
    13,
    13,
    13,
    13,
    13,
    13,
    13,
    13,
    13,
    13,
    13,
    13,
    13,
    13,
    13,
    13,
    13,
    13,
    13,
    13,
    13,
    13,
    13,
    13,
    13,
    13,
    13,
    13,
    13,
    13,
    13,
    13,
    13,
    13,
    13,
    13,
    13,
    13,
    13,
    13,
    13,
    13,
    13,
    13,
    13,
    13,
    13,
    13,
    13,
    13,
    13,
    13,
    13,
    13,
    13,
    13,
    13,
    13,
    13,
    13,
    13,
    13,
    13,
    13,
    13,
    13,
    13,
    13,
    13,
    13,
    13,
    13,
    13,
    13,
    13,
    13,
    13,
    13,
    13,
    13,
    13,
    13,
    13,
    13,
    13,
    13,
    13,
    13,
    13,
    13,
    13,
    13,
    13
  ]
}