{
  "values": [
    6.5012503,
    2.108404,
    2.0523956,
    1.2770344,
    1.68707,
    27.866543,
    4.1004434,
    2.4690473,
    1.886364,
    2.237768,
    5.944553,
    2.0776534,
    3.0096054,
    4.7214727,
    5.303757,
    2.229787,
    9.155935,
    4.3801675,
    2.3989153,
    7.6803627,
    13.067843,
    3.1002393,
    4.0605364,
    6.084317,
    8.709641,
    3.6090832,
    7.5362577,
    1.3470775,
    5.7295537,
    7.5924897,
    6.942999,
    3.0435722,
    9.266049,
    13.9695,
    9.860862,
    17.989529,
    7.5603294,
    19.228703,
    28.77957,
    21.596909,
    18.14019,
    36.44907,
    22.083752,
    23.513126,
    17.439835,
    8.967871,
    3.198266,
    3.3217528,
    4.7559714,
    1.7695236,
    0.5384506,
    0.40808842,
    0.20861301,
    0.05497372,
    0.03117753,
    0.0534637,
    0.019930258,
    0.026106963,
    0.008767658,
    0.014918457,
    0.008078835,
    0.0136250965,
    0.0032557154,
    0.003224671,
    0.0036508136,
    0.0054257223,
    0.007614462,
    0.0039929715,
    0.011424803,
    0.0034804004,
    0.002583962,
    0.0034103054,
    0.0063294796,
    0.003342331,
    0.0028962675,
    0.0036892237,
    0.00365614,
    0.003623288,
    0.0035903063,
    0.0023680471,
    0.0035091636,
    0.002311195,
    0.0011422776,
    0.003013469,
    0.0026099368,
    0.0025843547,
    0.0021940412,
    0.001086487,
    0.0007173976,
    0,
    0,
    0,
    0,
    0,
    0,
    0,
    0,
    0,
    0.00032465067,
    0,
    0,
    0,
    0.00031239193,
    0,
    0,
    0,
    0,
    0,
    0,
    0,
    0,
    0.0002927966
  ],
  "years": [
    1910,
    1911,
    1913,
    1914,
    1915,
    1916,
    1917,
    1918,
    1919,
    1920,
    1921,
    1922,
    1923,
    1924,
    1925,
    1926,
    1927,
    1928,
    1929,
    1930,
    1931,
    1932,
    1933,
    1934,
    1935,
    1936,
    1937,
    1938,
    1939,
    1940,
    1941,
    1942,
    1943,
    1944,
    1945,
    1946,
    1947,
    1948,
    1949,
    1950,
    1951,
    1952,
    1953,
    1954,
    1955,
    1956,
    1957,
    1958,
    1959,
    1960,
    1961,
    1962,
    1963,
    1964,
    1965,
    1966,
    1967,
    1968,
    1969,
    1970,
    1971,
    1972,
    1973,
    1974,
    1975,
    1976,
    1977,
    1978,
    1979,
    1980,
    1981,
    1982,
    1983,
    1984,
    1985,
    1986,
    1987,
    1988,
    1989,
    1990,
    1991,
    1992,
    1993,
    1994,
    1995,
    1996,
    1997,
    1998,
    1999,
    2000,
    2001,
    2002,
    2003,
    2004,
    2005,
    2006,
    2007,
    2008,
    2009,
    2010,
    2011,
    2012,
    2013,
    2014,
    2015,
    2016,
    2017,
    2018,
    2019,
    2020,
    2021,
    2022
  ],
  "entities": [
    13,
    13,
    13,
    13,
    13,
    13,
    13,
    13,
    13,
    13,
    13,
    13,
    13,
    13,
    13,
    13,
    13,
    13,
    13,
    13,
    13,
    13,
    13,
    13,
    13,
    13,
    13,
    13,
    13,
    13,
    13,
    13,
    13,
    13,
    13,
    13,
    13,
    13,
    13,
    13,
    13,
    13,
    13,
    13,
    13,
    13,
    13,
    13,
    13,
    13,
    13,
    13,
    13,
    13,
    13,
    13,
    13,
    13,
    13,
    13,
    13,
    13,
    13,
    13,
    13,
    13,
    13,
    13,
    13,
    13,
    13,
    13,
    13,
    13,
    13,
    13,
    13,
    13,
    13,
    13,
    13,
    13,
    13,
    13,
    13,
    13,
    13,
    13,
    13,
    13,
    13,
    13,
    13,
    13,
    13,
    13,
    13,
    13,
    13,
    13,
    13,
    13,
    13,
    13,
    13,
    13,
    13,
    13,
    13,
    13,
    13,
    13
  ]
}