{
  "values": [
    1.0537771,
    0.48042348,
    0.44677275,
    0.3443806,
    0.7134427,
    7.2612085,
    1.1873406,
    0.95077634,
    0.72935504,
    0.74014777,
    1.5150735,
    0.73867965,
    0.78327143,
    0.97989404,
    1.3353368,
    0.7506126,
    1.7498242,
    1.183065,
    0.68661237,
    1.1451999,
    1.7346549,
    0.6794595,
    0.64945763,
    0.6894319,
    0.8356884,
    0.6223933,
    1.1354703,
    0.3761116,
    0.5898873,
    0.7757846,
    0.42336822,
    0.85671324,
    0.99913234,
    0.8587254,
    1.317561,
    0.40851417,
    1.4866121,
    1.8623565,
    1.234739,
    0.99117297,
    1.9805512,
    0.8996808,
    0.83600056,
    0.6275572,
    0.33525857,
    0.12886359,
    0.14637065,
    0.25628617,
    0.1275832,
    0.049049146,
    0.032132946,
    0.021598822,
    0.00881654,
    0.008177713,
    0.004539371,
    0.007972104,
    0.011822021,
    0.006332197,
    0.0033686839,
    0.008554061,
    0.0009396618,
    0.004651022,
    0.0013820018,
    0.004107165,
    0.0072342968,
    0.007166553,
    0.0057676253,
    0.001757662,
    0.0026103004,
    0,
    0,
    0,
    0,
    0.0012412575,
    0,
    0,
    0.00040258752,
    0,
    0,
    0.00038990707,
    0,
    0,
    0,
    0.0003728481,
    0,
    0,
    0,
    0,
    0,
    0,
    0,
    0,
    0,
    0,
    0,
    0,
    0,
    0,
    0,
    0,
    0,
    0,
    0,
    0,
    0,
    0,
    0,
    0,
    0,
    0,
    0
  ],
  "years": [
    1910,
    1911,
    1913,
    1914,
    1915,
    1916,
    1917,
    1918,
    1919,
    1920,
    1921,
    1922,
    1923,
    1924,
    1925,
    1926,
    1927,
    1928,
    1929,
    1930,
    1931,
    1932,
    1933,
    1934,
    1935,
    1936,
    1937,
    1938,
    1939,
    1940,
    1942,
    1943,
    1944,
    1945,
    1946,
    1947,
    1948,
    1949,
    1950,
    1951,
    1952,
    1953,
    1954,
    1955,
    1956,
    1957,
    1958,
    1959,
    1960,
    1961,
    1962,
    1963,
    1964,
    1965,
    1966,
    1967,
    1968,
    1969,
    1970,
    1971,
    1972,
    1973,
    1974,
    1975,
    1976,
    1977,
    1978,
    1979,
    1980,
    1981,
    1982,
    1983,
    1984,
    1985,
    1986,
    1987,
    1988,
    1989,
    1990,
    1991,
    1992,
    1993,
    1994,
    1995,
    1996,
    1997,
    1998,
    1999,
    2000,
    2001,
    2002,
    2003,
    2004,
    2005,
    2006,
    2007,
    2008,
    2009,
    2010,
    2011,
    2012,
    2013,
    2014,
    2015,
    2016,
    2017,
    2018,
    2019,
    2020,
    2021,
    2022
  ],
  "entities": [
    13,
    13,
    13,
    13,
    13,
    13,
    13,
    13,
    13,
    13,
    13,
    13,
    13,
    13,
    13,
    13,
    13,
    13,
    13,
    13,
    13,
    13,
    13,
    13,
    13,
    13,
    13,
    13,
    13,
    13,
    13,
    13,
    13,
    13,
    13,
    13,
    13,
    13,
    13,
    13,
    13,
    13,
    13,
    13,
    13,
    13,
    13,
    13,
    13,
    13,
    13,
    13,
    13,
    13,
    13,
    13,
    13,
    13,
    13,
    13,
    13,
    13,
    13,
    13,
    13,
    13,
    13,
    13,
    13,
    13,
    13,
    13,
    13,
    13,
    13,
    13,
    13,
    13,
    13,
    13,
    13,
    13,
    13,
    13,
    13,
    13,
    13,
    13,
    13,
    13,
    13,
    13,
    13,
    13,
    13,
    13,
    13,
    13,
    13,
    13,
    13,
    13,
    13,
    13,
    13,
    13,
    13,
    13,
    13,
    13,
    13
  ]
}