{
  "values": [
    6.317979454,
    2.049154233,
    1.981435567,
    1.226069042,
    1.618767399,
    26.73107733,
    3.931918665,
    2.375235809,
    1.83174841,
    2.175316473,
    5.750523109,
    2.011150936,
    2.906030057,
    4.538312471,
    5.096143923,
    2.144972297,
    8.814078425,
    4.226632829,
    2.320749315,
    7.429569493,
    12.66919676,
    3.011894512,
    3.949120304,
    5.921498212,
    8.477307034,
    3.514893419,
    7.346443799,
    1.312118704,
    5.582374809,
    7.408189268,
    6.784546228,
    2.978889989,
    9.068855994,
    13.69613566,
    9.695032533,
    17.74763985,
    7.418721663,
    18.80396459,
    28.06503305,
    21.1009179,
    17.73849266,
    35.61122882,
    21.53696853,
    22.88162609,
    16.93521006,
    8.690567161,
    3.09379644,
    3.208701853,
    4.594459369,
    1.712051093,
    0.693472937,
    0.47407197,
    0.230738269,
    0.061899231,
    0.036098819,
    0.065953529,
    0.020125877,
    0.025769123,
    0.009635124,
    0.015754507,
    0.009935865,
    0.014536905,
    0.003718083,
    0.003224119,
    0.003651161,
    0.006330219,
    0.008061812,
    0.006653773,
    0.014936898,
    0.003916023,
    0.002585816,
    0.003414991,
    0.006342208,
    0.003350164,
    0.002903122,
    0.003285478,
    0.002439808,
    0.003623457,
    0.001993161,
    0.002763095,
    0.003127354,
    0.001548731,
    0.001533723,
    0.003036411,
    0.002252897,
    0.00185602,
    0.001833898,
    0.000362337,
    0.000716076,
    0,
    0,
    0,
    0,
    0,
    0,
    0,
    0,
    0,
    0.000326716,
    0,
    0,
    0,
    0,
    0,
    0,
    0,
    0,
    0,
    0
  ],
  "years": [
    1910,
    1911,
    1913,
    1914,
    1915,
    1916,
    1917,
    1918,
    1919,
    1920,
    1921,
    1922,
    1923,
    1924,
    1925,
    1926,
    1927,
    1928,
    1929,
    1930,
    1931,
    1932,
    1933,
    1934,
    1935,
    1936,
    1937,
    1938,
    1939,
    1940,
    1941,
    1942,
    1943,
    1944,
    1945,
    1946,
    1947,
    1948,
    1949,
    1950,
    1951,
    1952,
    1953,
    1954,
    1955,
    1956,
    1957,
    1958,
    1959,
    1960,
    1961,
    1962,
    1963,
    1964,
    1965,
    1966,
    1967,
    1968,
    1969,
    1970,
    1971,
    1972,
    1973,
    1974,
    1975,
    1976,
    1977,
    1978,
    1979,
    1980,
    1981,
    1982,
    1983,
    1984,
    1985,
    1986,
    1987,
    1988,
    1989,
    1990,
    1991,
    1992,
    1993,
    1994,
    1995,
    1996,
    1997,
    1998,
    1999,
    2000,
    2001,
    2002,
    2003,
    2004,
    2005,
    2006,
    2007,
    2008,
    2009,
    2010,
    2011,
    2012,
    2013,
    2014,
    2015,
    2016,
    2017,
    2018,
    2019
  ],
  "entities": [
    13,
    13,
    13,
    13,
    13,
    13,
    13,
    13,
    13,
    13,
    13,
    13,
    13,
    13,
    13,
    13,
    13,
    13,
    13,
    13,
    13,
    13,
    13,
    13,
    13,
    13,
    13,
    13,
    13,
    13,
    13,
    13,
    13,
    13,
    13,
    13,
    13,
    13,
    13,
    13,
    13,
    13,
    13,
    13,
    13,
    13,
    13,
    13,
    13,
    13,
    13,
    13,
    13,
    13,
    13,
    13,
    13,
    13,
    13,
    13,
    13,
    13,
    13,
    13,
    13,
    13,
    13,
    13,
    13,
    13,
    13,
    13,
    13,
    13,
    13,
    13,
    13,
    13,
    13,
    13,
    13,
    13,
    13,
    13,
    13,
    13,
    13,
    13,
    13,
    13,
    13,
    13,
    13,
    13,
    13,
    13,
    13,
    13,
    13,
    13,
    13,
    13,
    13,
    13,
    13,
    13,
    13,
    13,
    13
  ]
}