{
  "values": [
    0.9858647,
    0.9895591,
    0.98783726,
    0.99210984,
    0.9862908,
    0.9929554,
    0.99115884,
    0.98579895,
    0.98571616,
    0.98851407,
    0.9962704,
    0.9795511,
    0.9699443,
    0.97778267,
    0.978984,
    0.99148345,
    0.96725035,
    0.9233019,
    0.93635637,
    0.98631704,
    1,
    1,
    0.9893876,
    1,
    0.9922923,
    0.99594706,
    0.9095033,
    0.9894799,
    0.7425582,
    0.9725742,
    0.9911473,
    0.9872655,
    0.9973279,
    0.99464995,
    0.9816852,
    0.9933946,
    0.96019965,
    0.9798292,
    0.98054993,
    0.9734587,
    0.9829901,
    0.9757111,
    0.9933981,
    0.99354565,
    0.88023025,
    0.99142706,
    0.9815643,
    0.9865389,
    0.99447566,
    0.99839,
    0.98860353,
    0.97660005,
    0.9481928,
    0.99022216,
    0.99605125,
    0.9935345,
    0.9910308,
    0.99609625,
    0.9867362,
    0.873367,
    0.99767464,
    0.9907552,
    0.9832932,
    0.98502475,
    0.9972993,
    0.9833159,
    0.97300607,
    0.985224,
    0.998474,
    0.9929273,
    0.99325055,
    0.9472273,
    0.994469,
    0.98080254,
    0.99753696,
    0.63565016,
    0.95066696,
    0.9795542,
    0.9961606,
    0,
    0.97377115,
    0.7784825,
    0.92553395,
    0.9916441,
    0.99529874,
    0.9494343,
    0.9929057,
    0.98724324,
    0.9907366,
    0.9768135,
    0.9908675,
    0.9966347,
    0.9555157,
    0.99089545,
    0.9993679,
    0.9836486,
    0.99032134,
    0.75621444,
    0.9895015,
    0.9910048,
    0.9949013,
    0.98906195,
    0.9979307,
    0.9992273,
    0.99547493,
    0.9920972,
    0.99855876,
    0.99814093,
    0.9780983,
    0.99784935,
    0.96419,
    0.9760238,
    0.99459475,
    0.97862816,
    0.9878859,
    0.9947863,
    0.9844036,
    0.919788,
    0.9380429,
    0.99365646,
    0.99216425,
    0.9922875,
    0.9945904,
    0.993616,
    0.9924796,
    0.9932444,
    0.9825229,
    0.9942709,
    0.9913191,
    0.93399554,
    0.9765212,
    0.9896147,
    0.97832465,
    0.892907,
    0.977464,
    0.995514,
    0.988915,
    0.9827544,
    0.9840462,
    0.9814574,
    0.9841517,
    0.9762027,
    0.9769436,
    0.9966557,
    0.9903838,
    0.97343093,
    0.99355805
  ],
  "years": [
    2021,
    2021,
    2021,
    2021,
    2021,
    2021,
    2021,
    2021,
    2021,
    2021,
    2021,
    2021,
    2021,
    2021,
    2021,
    2021,
    2021,
    2021,
    2021,
    2021,
    2021,
    2021,
    2021,
    2021,
    2021,
    2021,
    2021,
    2021,
    2021,
    2021,
    2021,
    2021,
    2021,
    2021,
    2021,
    2021,
    2021,
    2021,
    2021,
    2021,
    2021,
    2021,
    2021,
    2021,
    2021,
    2021,
    2021,
    2021,
    2021,
    2021,
    2021,
    2021,
    2021,
    2021,
    2021,
    2021,
    2021,
    2021,
    2021,
    2021,
    2021,
    2021,
    2021,
    2021,
    2021,
    2021,
    2021,
    2021,
    2021,
    2021,
    2021,
    2021,
    2021,
    2021,
    2021,
    2021,
    2021,
    2021,
    2021,
    2021,
    2021,
    2021,
    2021,
    2021,
    2021,
    2021,
    2021,
    2021,
    2021,
    2021,
    2021,
    2021,
    2021,
    2021,
    2021,
    2021,
    2021,
    2021,
    2021,
    2021,
    2021,
    2021,
    2021,
    2021,
    2021,
    2021,
    2021,
    2021,
    2021,
    2021,
    2021,
    2021,
    2021,
    2021,
    2021,
    2021,
    2021,
    2021,
    2021,
    2021,
    2021,
    2021,
    2021,
    2021,
    2021,
    2021,
    2021,
    2021,
    2021,
    2021,
    2021,
    2021,
    2021,
    2021,
    2021,
    2021,
    2021,
    2021,
    2021,
    2021,
    2021,
    2021,
    2021,
    2021,
    2021,
    2021,
    2021
  ],
  "entities": [
    1,
    2,
    3,
    4,
    5,
    6,
    7,
    8,
    9,
    10,
    11,
    12,
    13,
    14,
    15,
    16,
    17,
    19,
    21,
    22,
    23,
    24,
    25,
    28,
    30,
    32,
    34,
    35,
    36,
    37,
    39,
    40,
    42,
    43,
    44,
    45,
    60,
    61,
    62,
    63,
    64,
    65,
    67,
    68,
    69,
    70,
    71,
    72,
    74,
    75,
    76,
    80,
    81,
    83,
    84,
    85,
    87,
    88,
    89,
    90,
    91,
    92,
    94,
    95,
    96,
    97,
    98,
    100,
    101,
    102,
    103,
    104,
    105,
    106,
    107,
    108,
    109,
    110,
    111,
    112,
    113,
    114,
    115,
    116,
    117,
    118,
    119,
    121,
    122,
    123,
    124,
    125,
    126,
    127,
    128,
    129,
    130,
    131,
    132,
    133,
    134,
    135,
    136,
    137,
    138,
    139,
    141,
    142,
    143,
    145,
    146,
    147,
    148,
    149,
    150,
    151,
    152,
    153,
    154,
    155,
    156,
    158,
    160,
    161,
    162,
    163,
    164,
    165,
    166,
    168,
    170,
    171,
    172,
    173,
    174,
    195,
    201,
    202,
    208,
    210,
    213,
    215,
    217,
    225,
    234,
    238,
    259
  ]
}