{
  "values": [
    54.93,
    40.566666,
    10.7,
    57.547825,
    83.48948,
    95.74286,
    83.1,
    21.2,
    51.806664,
    83.611115,
    94.336845,
    92.815384,
    42.414284,
    33.5,
    27.2,
    71.100006,
    70.4,
    69.84865,
    85.25,
    37.7,
    77.122856,
    72.9,
    86.46,
    89.957146,
    55.192593,
    43.449997,
    36.325,
    88.740005,
    55.61111,
    90.2,
    90.36875,
    50.466663,
    28.0625,
    11,
    93.71,
    15.685715,
    33.784615,
    21.8125,
    28.4,
    96.86667,
    31.785715,
    24.466667,
    94.2375,
    95.29852,
    19.4,
    93.27524,
    52.5,
    90.38333,
    45.266666,
    43.300003,
    17.566668,
    21.34,
    92.27857,
    91.4,
    38.800003,
    32.93333,
    38.003704,
    8.1,
    90.18,
    99.87142,
    94.53265,
    32.9,
    56.8,
    7.3,
    34.71111,
    29.785715,
    39,
    53.309093,
    89.700005,
    23.85,
    88.479996,
    97.4,
    56.79,
    41.533337,
    39.6,
    98.8,
    67,
    97.3,
    39.17647,
    74,
    47.3,
    48.86,
    35.44,
    42.271427,
    32.483334,
    86.25208,
    94.12222,
    49.32857,
    17.2,
    19.525,
    7.8,
    90.2,
    27.925,
    18.496296,
    32.166668,
    18.599998,
    11.9,
    23.8,
    31.5,
    92.468254,
    92.957146,
    91.68,
    69.6,
    74.64666,
    77.86667,
    30,
    18.8,
    30.4,
    37.27778,
    53.233334,
    99,
    92.41429,
    92.5,
    7.1,
    13.2,
    95.98032,
    45.457146,
    23.2875,
    13.888889,
    87.11333,
    92.07692,
    93.05,
    41.00769,
    27.199999,
    46.63333,
    56.355564,
    23.08889,
    58.3,
    18.025,
    81.666664,
    50.75,
    95.55827,
    37.6,
    58.905712,
    55.7,
    18.942858,
    42.465385,
    48.666668,
    41.019997,
    9.4,
    74.1
  ],
  "years": [
    2020,
    2020,
    2020,
    2020,
    2020,
    2020,
    2020,
    2020,
    2020,
    2020,
    2018,
    2020,
    2020,
    2020,
    2020,
    2020,
    2020,
    2020,
    2020,
    2020,
    2016,
    2020,
    2020,
    2022,
    2020,
    2020,
    2020,
    2020,
    2020,
    2020,
    2020,
    2020,
    2020,
    2020,
    2020,
    2020,
    2020,
    2020,
    2020,
    2020,
    2020,
    2020,
    2020,
    2020,
    2020,
    2020,
    2020,
    2020,
    2020,
    2020,
    2020,
    2020,
    2020,
    2020,
    2020,
    2020,
    2020,
    2020,
    2020,
    2017,
    2020,
    2020,
    2020,
    2020,
    2020,
    2020,
    2020,
    2020,
    2020,
    2020,
    2020,
    2020,
    2020,
    2020,
    2020,
    2020,
    2020,
    2020,
    2020,
    2020,
    2020,
    2020,
    2020,
    2020,
    2020,
    2020,
    2020,
    2020,
    2020,
    2020,
    2020,
    2020,
    2020,
    2020,
    2020,
    2020,
    2020,
    2020,
    2020,
    2020,
    2020,
    2020,
    2020,
    2020,
    2020,
    2020,
    2020,
    2020,
    2020,
    2020,
    2017,
    2020,
    2020,
    2020,
    2020,
    2020,
    2020,
    2020,
    2020,
    2020,
    2018,
    2020,
    2020,
    2020,
    2020,
    2021,
    2020,
    2020,
    2020,
    2020,
    2020,
    2020,
    2020,
    2020,
    2020,
    2020,
    2020,
    2020,
    2020,
    2020,
    2020
  ],
  "entities": [
    15,
    17,
    19,
    21,
    23,
    24,
    25,
    27,
    28,
    30,
    4,
    4,
    32,
    33,
    34,
    35,
    36,
    37,
    39,
    40,
    44,
    44,
    172,
    172,
    171,
    170,
    166,
    165,
    164,
    163,
    162,
    143,
    128,
    167,
    161,
    160,
    201,
    65,
    259,
    156,
    158,
    202,
    155,
    3,
    203,
    6,
    150,
    149,
    148,
    94,
    145,
    139,
    138,
    207,
    137,
    136,
    135,
    134,
    2,
    133,
    8,
    132,
    14,
    130,
    131,
    129,
    208,
    126,
    122,
    124,
    119,
    210,
    118,
    117,
    116,
    211,
    115,
    212,
    113,
    214,
    112,
    110,
    109,
    142,
    107,
    5,
    106,
    105,
    104,
    103,
    266,
    102,
    217,
    101,
    100,
    99,
    98,
    97,
    96,
    11,
    95,
    226,
    127,
    92,
    12,
    91,
    239,
    90,
    89,
    88,
    86,
    85,
    83,
    195,
    81,
    9,
    141,
    140,
    79,
    10,
    7,
    7,
    76,
    75,
    74,
    71,
    69,
    70,
    68,
    67,
    72,
    1,
    64,
    13,
    63,
    62,
    238,
    84,
    61,
    60,
    80
  ]
}