{
  "values": [
    0.29398414,
    0.12571597,
    0.28073654,
    0.20030314,
    0.31293088,
    0.20206924,
    0.14092764,
    0.16885795,
    0.2567876,
    0.3563973,
    0.28881,
    0.5111353,
    0.33428785,
    0.30153248,
    0.2739111,
    0.27974737,
    0.26053044,
    0.15605445,
    0.28692973,
    0.16046247,
    0.4013737,
    0.44417554,
    0.4409955,
    0.329137,
    0.2665541,
    0.24895556,
    0.1805873,
    0.3606707,
    0.3113664,
    0.08539245,
    0.31647003,
    0.34569207,
    0.21216442,
    0.3773771,
    0.2960532,
    0.24855699,
    0.34013647,
    0.26575556,
    0.30546397,
    0.30951747,
    0.53555655,
    0.37491822,
    0.18874381,
    0.08309405,
    0.27301657,
    0.10858098,
    0.18810573,
    0.20244192,
    0.21493144,
    0.40078717,
    0.29215646,
    0.08799456,
    0.1380369,
    0.31539664,
    0.08860337,
    0.12288576,
    0.32039422,
    0.30765933,
    0.20549187,
    0.49096027,
    0.10505784,
    0.23097007,
    0.29247558,
    0.25116637,
    0.23202182,
    0.2569535,
    0.23571377,
    0.42869735,
    0.62903565,
    0.23675777,
    0.25055385,
    0.33912897,
    0.37662098,
    0.16753606,
    0.37444288,
    0.166912,
    0.11342086,
    0.37351903,
    0.26505515,
    0.2561073,
    0.27735898,
    0.30690542,
    0.3556634,
    0.18931076,
    0.16985185,
    0.2106317,
    0.12365705,
    0.23795472,
    0.28602827,
    0.4356769,
    0.27903908,
    0.2730788,
    0.25682473,
    0.4251288,
    0.3098356,
    0.3494009,
    0.20466405,
    0.34512606,
    0.171511,
    0.29607883,
    0.12141185,
    0.10303744,
    0.43932047,
    0.14717673,
    0.1120899,
    0.25782034,
    0.19334546,
    0.24657868,
    0.52402085,
    0.17212571,
    0.49512073,
    0.46368542,
    0.091107,
    0.34576374,
    0.34962076,
    0.25866714,
    0.449537,
    0.28606844,
    0.45649517,
    0.3917158,
    0.16183081,
    0.42448086,
    0.33794478,
    0.1918129,
    0.4615847,
    0.21592811,
    0.32108772,
    0.03739545,
    0.08576972,
    0.38693187,
    0.30730027,
    0.25619245,
    0.28197965,
    0.12237742,
    0.37808222,
    0.11754248,
    0.20210129,
    0.1398469,
    0.15160094,
    0.3740081,
    0.46526867,
    0.19727117,
    0.07499763,
    0.08720751,
    0.10347201
  ],
  "years": [
    2021,
    2021,
    2021,
    2021,
    2021,
    2021,
    2021,
    2021,
    2021,
    2021,
    2021,
    2021,
    2021,
    2021,
    2021,
    2021,
    2021,
    2021,
    2021,
    2021,
    2021,
    2021,
    2021,
    2021,
    2021,
    2021,
    2021,
    2021,
    2021,
    2021,
    2021,
    2021,
    2021,
    2021,
    2021,
    2021,
    2021,
    2021,
    2021,
    2021,
    2021,
    2021,
    2021,
    2021,
    2021,
    2021,
    2021,
    2021,
    2021,
    2021,
    2021,
    2021,
    2021,
    2021,
    2021,
    2021,
    2021,
    2021,
    2021,
    2021,
    2021,
    2021,
    2021,
    2021,
    2021,
    2021,
    2021,
    2021,
    2021,
    2021,
    2021,
    2021,
    2021,
    2021,
    2021,
    2021,
    2021,
    2021,
    2021,
    2021,
    2021,
    2021,
    2021,
    2021,
    2021,
    2021,
    2021,
    2021,
    2021,
    2021,
    2021,
    2021,
    2021,
    2021,
    2021,
    2021,
    2021,
    2021,
    2021,
    2021,
    2021,
    2021,
    2021,
    2021,
    2021,
    2021,
    2021,
    2021,
    2021,
    2021,
    2021,
    2021,
    2021,
    2021,
    2021,
    2021,
    2021,
    2021,
    2021,
    2021,
    2021,
    2021,
    2021,
    2021,
    2021,
    2021,
    2021,
    2021,
    2021,
    2021,
    2021,
    2021,
    2021,
    2021,
    2021,
    2021,
    2021,
    2021,
    2021,
    2021,
    2021,
    2021,
    2021,
    2021,
    2021
  ],
  "entities": [
    16,
    21,
    22,
    23,
    24,
    25,
    28,
    30,
    4,
    32,
    34,
    36,
    37,
    39,
    40,
    42,
    43,
    44,
    172,
    171,
    170,
    166,
    143,
    165,
    163,
    162,
    161,
    160,
    201,
    65,
    259,
    156,
    158,
    155,
    3,
    152,
    6,
    150,
    149,
    148,
    147,
    139,
    138,
    137,
    136,
    135,
    2,
    133,
    8,
    132,
    14,
    130,
    131,
    129,
    208,
    126,
    125,
    122,
    119,
    210,
    118,
    117,
    116,
    213,
    113,
    112,
    110,
    109,
    108,
    107,
    5,
    106,
    105,
    103,
    102,
    217,
    101,
    100,
    98,
    97,
    96,
    11,
    95,
    92,
    12,
    91,
    90,
    89,
    85,
    83,
    81,
    127,
    9,
    141,
    10,
    7,
    76,
    64,
    75,
    74,
    71,
    70,
    68,
    67,
    72,
    1,
    13,
    63,
    238,
    84,
    60,
    80,
    15,
    17,
    19,
    35,
    174,
    173,
    168,
    164,
    154,
    202,
    153,
    151,
    94,
    146,
    145,
    134,
    124,
    123,
    121,
    115,
    114,
    111,
    215,
    142,
    104,
    128,
    88,
    87,
    195,
    234,
    69,
    62,
    61
  ]
}