{
  "values": [
    130.23581,
    162.74681,
    132.23958,
    239.37244,
    110.21386,
    149.92665,
    205.9317,
    210.02368,
    235.90536,
    181.87062,
    144.61595,
    101.53831,
    128.08208,
    176.76123,
    100,
    70.247215,
    351.27664,
    831.80853,
    288.48953,
    244.18013,
    41.80727,
    43.844933,
    41.78243,
    35.379166,
    60.73655,
    71.128235,
    53.158398,
    74.642006,
    99.86481,
    159.27155,
    167.81358,
    134.07153,
    238.88931,
    107.359665,
    146.06126,
    201.69762,
    211.09573,
    237.43652,
    184.08136,
    146.17763,
    104.12613,
    129.455,
    178.64752,
    100,
    71.11019,
    346.1762,
    550.0442,
    275.5825,
    239.49191,
    67.4656,
    65.14605,
    59.11524,
    70.44787,
    84.332,
    76.34613,
    67.067955,
    109.61502,
    100.40312,
    82.874,
    90.09772,
    168.03441,
    161.77162,
    132.44597,
    223.67032,
    232.584,
    350.10345,
    268.02292,
    276.21146,
    351.6214,
    155.85046,
    174.13158,
    158.61514,
    109.25579,
    147.92535,
    172.43541,
    103.606224,
    111.88182,
    117.82895,
    123.90125,
    100,
    78.97095,
    152.54779,
    253.55267,
    100.54151,
    89.2856,
    162.07362,
    173.88257,
    138.85449,
    245.83398,
    110.403915,
    150.79811,
    208.4726,
    214.00975,
    239.75977,
    185.28935,
    146.02974,
    102.697044,
    129.0902,
    178.64761,
    100,
    70.00087,
    354.89014,
    705.7589,
    289.38275,
    247.04227
  ],
  "years": [
    2005,
    2006,
    2007,
    2008,
    2009,
    2010,
    2011,
    2012,
    2013,
    2014,
    2015,
    2016,
    2017,
    2018,
    2019,
    2020,
    2021,
    2022,
    2023,
    2024,
    1996,
    1997,
    1998,
    1999,
    2000,
    2001,
    2002,
    2003,
    2004,
    2005,
    2006,
    2007,
    2008,
    2009,
    2010,
    2011,
    2012,
    2013,
    2014,
    2015,
    2016,
    2017,
    2018,
    2019,
    2020,
    2021,
    2022,
    2023,
    2024,
    1989,
    1990,
    1991,
    1992,
    1993,
    1994,
    1995,
    1996,
    1997,
    1998,
    1999,
    2000,
    2001,
    2002,
    2003,
    2004,
    2005,
    2006,
    2007,
    2008,
    2009,
    2010,
    2011,
    2012,
    2013,
    2014,
    2015,
    2016,
    2017,
    2018,
    2019,
    2020,
    2021,
    2022,
    2023,
    2024,
    2005,
    2006,
    2007,
    2008,
    2009,
    2010,
    2011,
    2012,
    2013,
    2014,
    2015,
    2016,
    2017,
    2018,
    2019,
    2020,
    2021,
    2022,
    2023,
    2024
  ],
  "entities": [
    94020,
    94020,
    94020,
    94020,
    94020,
    94020,
    94020,
    94020,
    94020,
    94020,
    94020,
    94020,
    94020,
    94020,
    94020,
    94020,
    94020,
    94020,
    94020,
    94020,
    369914,
    369914,
    369914,
    369914,
    369914,
    369914,
    369914,
    369914,
    369914,
    369914,
    369914,
    369914,
    369914,
    369914,
    369914,
    369914,
    369914,
    369914,
    369914,
    369914,
    369914,
    369914,
    369914,
    369914,
    369914,
    369914,
    369914,
    369914,
    369914,
    367036,
    367036,
    367036,
    367036,
    367036,
    367036,
    367036,
    367036,
    367036,
    367036,
    367036,
    367036,
    367036,
    367036,
    367036,
    367036,
    367036,
    367036,
    367036,
    367036,
    367036,
    367036,
    367036,
    367036,
    367036,
    367036,
    367036,
    367036,
    367036,
    367036,
    367036,
    367036,
    367036,
    367036,
    367036,
    367036,
    369915,
    369915,
    369915,
    369915,
    369915,
    369915,
    369915,
    369915,
    369915,
    369915,
    369915,
    369915,
    369915,
    369915,
    369915,
    369915,
    369915,
    369915,
    369915,
    369915
  ]
}