{
  "values": [
    34.3,
    10.1,
    8.5,
    9.4,
    12.5,
    14,
    4.2,
    8.3,
    13.1,
    3.7,
    31.5,
    9.8,
    3.7,
    14.8,
    6.5,
    12.2,
    26.1,
    12.9,
    6.7,
    13.7,
    4.9,
    21.3,
    13,
    17.6,
    13.7,
    25,
    21.3,
    4.2,
    16.4,
    12.9,
    13.4,
    17.6,
    9.3,
    18.8,
    7.1,
    32.70899,
    7.9,
    14.1,
    13.6,
    5.4,
    17.6,
    12.1,
    16.9,
    16.2,
    4.1,
    14.5,
    29.9,
    16.8,
    22.4,
    34.4,
    14.4,
    9,
    6.3,
    15.7,
    13.1,
    18.8,
    11.4,
    2.3,
    40.3,
    12.26099,
    7.1,
    24.9,
    7.029537,
    14.5,
    18.81,
    9.8,
    1.9,
    10.3,
    18.8,
    8,
    15.1,
    2.3,
    10.6,
    17.7,
    3,
    10.6,
    3.5,
    11.6,
    12,
    7.2,
    14.13476,
    15.1,
    10,
    5.9,
    15.6,
    16.2,
    7.5,
    19.74884,
    7.3,
    15.2,
    7.9,
    20.2,
    3.6,
    32.03822,
    20.11952,
    16.99434,
    8.4,
    13.6817665,
    13.65239,
    16.3,
    15.7,
    16.28939,
    20.01278,
    16.104774,
    14.17376,
    8.117086,
    8.894154,
    4.050813,
    11.8,
    5.7744694,
    29.33432,
    8.786139,
    8.815492,
    5.571661,
    12.831035,
    14.29735,
    31.0951,
    7.636316,
    7.098102,
    14.34622,
    23.44,
    14.77,
    19.07945,
    10.975333,
    10.75,
    18.549526,
    10.3,
    14.1,
    8.826438,
    10.84399,
    15.54,
    10.19
  ],
  "years": [
    1999,
    2000,
    2000,
    2000,
    2001,
    2005,
    2005,
    2005,
    2005,
    2005,
    2005,
    2006,
    2006,
    2006,
    2006,
    2006,
    2006,
    2006,
    2006,
    2006,
    2006,
    2006,
    2007,
    2007,
    2007,
    2007,
    2007,
    2008,
    2008,
    2008,
    2008,
    2009,
    2009,
    2009,
    2009,
    2009,
    2009,
    2009,
    2010,
    2010,
    2010,
    2010,
    2010,
    2010,
    2010,
    2010,
    2010,
    2010,
    2010,
    2010,
    2010,
    2010,
    2010,
    2010,
    2011,
    2011,
    2011,
    2011,
    2011,
    2011,
    2011,
    2011,
    2011,
    2011,
    2011,
    2011,
    2011,
    2011,
    2011,
    2011,
    2011,
    2012,
    2012,
    2012,
    2012,
    2012,
    2012,
    2012,
    2012,
    2012,
    2012,
    2012,
    2012,
    2012,
    2012,
    2012,
    2012,
    2012,
    2012,
    2012,
    2012,
    2012,
    2013,
    2013,
    2013,
    2013,
    2013,
    2013,
    2013,
    2013,
    2013,
    2013,
    2013,
    2014,
    2014,
    2014,
    2014,
    2014,
    2014,
    2014,
    2014,
    2014,
    2014,
    2014,
    2014,
    2014,
    2014,
    2014,
    2014,
    2014,
    2015,
    2015,
    2015,
    2015,
    2015,
    2015,
    2015,
    2015,
    2015,
    2015,
    2016,
    2016
  ],
  "entities": [
    108,
    92,
    123,
    129,
    19,
    25,
    62,
    75,
    76,
    88,
    98,
    28,
    35,
    70,
    73,
    77,
    82,
    94,
    131,
    150,
    152,
    238,
    114,
    118,
    126,
    130,
    225,
    60,
    107,
    109,
    151,
    34,
    63,
    65,
    111,
    129,
    141,
    160,
    16,
    22,
    40,
    41,
    61,
    74,
    78,
    91,
    103,
    105,
    121,
    125,
    136,
    167,
    173,
    174,
    15,
    37,
    43,
    66,
    89,
    91,
    96,
    101,
    103,
    113,
    114,
    117,
    132,
    134,
    158,
    166,
    201,
    30,
    32,
    42,
    67,
    68,
    71,
    84,
    100,
    104,
    105,
    112,
    143,
    145,
    147,
    148,
    153,
    160,
    168,
    170,
    172,
    259,
    17,
    28,
    34,
    37,
    87,
    112,
    113,
    115,
    139,
    238,
    259,
    37,
    64,
    74,
    79,
    88,
    91,
    94,
    98,
    100,
    107,
    117,
    126,
    139,
    148,
    160,
    167,
    170,
    34,
    37,
    89,
    97,
    117,
    148,
    151,
    170,
    173,
    201,
    130,
    166
  ]
}