{
  "values": [
    24,
    35,
    57,
    31,
    52.999996,
    22,
    54.000004,
    26,
    22,
    25,
    32,
    27.000002,
    21,
    19,
    47,
    64,
    37,
    45,
    71,
    52,
    84,
    61,
    29,
    42,
    35,
    166,
    226,
    79,
    68,
    34,
    54.000004,
    39,
    134,
    119.00001,
    47,
    52.999996,
    45,
    68,
    114,
    44,
    38,
    25,
    50,
    37,
    34,
    188,
    26,
    55,
    52.999996,
    38,
    44,
    51,
    22,
    54.000004,
    28,
    24,
    42,
    78,
    29,
    31,
    22,
    20,
    69,
    96,
    29,
    58,
    27.000002,
    42,
    46,
    89,
    104.99999,
    54.000004,
    33,
    81,
    25,
    39,
    24,
    58,
    50,
    52,
    35,
    23,
    22,
    45,
    48,
    49,
    17,
    61,
    17,
    49,
    70,
    48,
    26,
    64,
    119.00001,
    197,
    17,
    134,
    67,
    25,
    121,
    137,
    22,
    66,
    83,
    37,
    70,
    25,
    27.000002,
    43,
    27.000002,
    32,
    23,
    66,
    41,
    197,
    83,
    44,
    23,
    23,
    79,
    156,
    63,
    30.000002,
    32,
    33,
    23,
    43,
    43,
    32,
    48,
    52.999996,
    48,
    26,
    21,
    34,
    23,
    101,
    43,
    40,
    55,
    45,
    14,
    85,
    44,
    132,
    113,
    36,
    26,
    29,
    182,
    61,
    46,
    55,
    66,
    23,
    35,
    102,
    39,
    43,
    33,
    28,
    189,
    36,
    75,
    219,
    50,
    117.99999,
    33,
    30.000002,
    27.000002,
    136,
    23,
    22,
    20,
    43,
    37,
    61,
    68,
    57,
    152
  ],
  "years": [
    2021,
    2021,
    2021,
    2021,
    2021,
    2021,
    2021,
    2021,
    2021,
    2021,
    2021,
    2021,
    2021,
    2021,
    2021,
    2021,
    2021,
    2021,
    2021,
    2021,
    2021,
    2021,
    2021,
    2021,
    2021,
    2021,
    2021,
    2021,
    2021,
    2021,
    2021,
    2021,
    2021,
    2021,
    2021,
    2021,
    2021,
    2021,
    2021,
    2021,
    2021,
    2021,
    2021,
    2021,
    2021,
    2021,
    2021,
    2021,
    2021,
    2021,
    2021,
    2021,
    2021,
    2021,
    2021,
    2021,
    2021,
    2021,
    2021,
    2021,
    2021,
    2021,
    2021,
    2021,
    2021,
    2021,
    2021,
    2021,
    2021,
    2021,
    2021,
    2021,
    2021,
    2021,
    2021,
    2021,
    2021,
    2021,
    2021,
    2021,
    2021,
    2021,
    2021,
    2021,
    2021,
    2021,
    2021,
    2021,
    2021,
    2021,
    2021,
    2021,
    2021,
    2021,
    2021,
    2021,
    2021,
    2021,
    2021,
    2021,
    2021,
    2021,
    2021,
    2021,
    2021,
    2021,
    2021,
    2021,
    2021,
    2021,
    2021,
    2021,
    2021,
    2021,
    2021,
    2021,
    2021,
    2021,
    2021,
    2021,
    2021,
    2021,
    2021,
    2021,
    2021,
    2021,
    2021,
    2021,
    2021,
    2021,
    2021,
    2021,
    2021,
    2021,
    2021,
    2021,
    2021,
    2021,
    2021,
    2021,
    2021,
    2021,
    2021,
    2021,
    2021,
    2021,
    2021,
    2021,
    2021,
    2021,
    2021,
    2021,
    2021,
    2021,
    2021,
    2021,
    2021,
    2021,
    2021,
    2021,
    2021,
    2021,
    2021,
    2021,
    2021,
    2021,
    2021,
    2021,
    2021,
    2021,
    2021,
    2021,
    2021,
    2021,
    2021,
    2021,
    2021,
    2021,
    2021,
    2021,
    2021
  ],
  "entities": [
    16,
    17,
    19,
    228,
    20,
    22,
    219,
    23,
    24,
    25,
    27,
    28,
    30,
    4,
    31,
    32,
    194,
    33,
    34,
    35,
    36,
    37,
    196,
    38,
    39,
    40,
    41,
    42,
    43,
    44,
    45,
    197,
    174,
    173,
    172,
    171,
    170,
    169,
    168,
    166,
    143,
    165,
    279,
    163,
    162,
    167,
    161,
    154,
    200,
    160,
    277954,
    201,
    65,
    259,
    159,
    156,
    78,
    158,
    277951,
    202,
    155,
    3,
    153,
    151,
    6,
    150,
    149,
    206,
    148,
    147,
    94,
    146,
    457,
    139,
    144,
    138,
    207,
    137,
    136,
    134,
    2,
    133,
    8,
    132,
    14,
    130,
    131,
    129,
    208,
    126,
    125,
    277948,
    122,
    124,
    123,
    121,
    119,
    461,
    460,
    210,
    118,
    117,
    116,
    211,
    115,
    212,
    114,
    213,
    113,
    278895,
    111,
    112,
    215,
    216,
    110,
    109,
    108,
    107,
    5,
    106,
    105,
    104,
    103,
    278896,
    66,
    102,
    217,
    101,
    140,
    100,
    98,
    97,
    96,
    11,
    95,
    226,
    92,
    91,
    227,
    229,
    230,
    232,
    90,
    89,
    88,
    233,
    87,
    86,
    85,
    83,
    82,
    81,
    277956,
    127,
    258,
    9,
    141,
    277950,
    79,
    234,
    10,
    7,
    77,
    198,
    76,
    64,
    75,
    74,
    73,
    71,
    70,
    68,
    72,
    1,
    13,
    459,
    63,
    62,
    84,
    355,
    60
  ]
}