viewId,chartType,queryStr,resolvedQueryStr,md5,svgFilename,durationReceiveData,durationTotal,heapUsed,totalDataFileSize
acceptability-of-uk-farming-practices,StackedDiscreteBar,tab=chart&time=earliest&stackMode=absolute&facet=none&focus=%3Cnone%3E,tab=chart&time=earliest&stackMode=absolute&facet=none,419ce7bfd894a2879940fba3543874bb,acceptability-of-uk-farming-practices-a6b0c4e3db34a5e2fc32ca3bac8c4a17_v14_850x600.svg,10,52,231577032,998
acceptability-of-uk-farming-practices,StackedDiscreteBar,tab=chart&time=earliest&stackMode=absolute&facet=none&focus=%3CfirstSeries%3E,tab=chart&time=earliest&stackMode=absolute&facet=none&focus=Acceptable,f7e354dd76f0dce9523044f43759ded6,acceptability-of-uk-farming-practices-ddcd7e57a220b3669fc315e4ca4caf91_v14_850x600.svg,9,55,212732512,998
acceptability-of-uk-farming-practices,StackedDiscreteBar,tab=chart&time=earliest&stackMode=absolute&facet=entity&focus=%3Cnone%3E,tab=chart&time=earliest&stackMode=absolute&facet=entity,5d3a13e095368e4de7a8e83736727d37,acceptability-of-uk-farming-practices-877a9b6d076238fb08b171b77fe1fe4a_v14_850x600.svg,9,48,229234920,998
acceptability-of-uk-farming-practices,StackedDiscreteBar,tab=chart&time=earliest&stackMode=absolute&facet=metric&focus=%3Cnone%3E,tab=chart&time=earliest&stackMode=absolute&facet=metric,db168d6e6cac364c6e38594825c9489f,acceptability-of-uk-farming-practices-9f40fe5d548a77f9c83a5583ef868b22_v14_850x600.svg,9,92,225661776,998
acceptability-of-uk-farming-practices,StackedDiscreteBar,tab=chart&time=earliest&stackMode=relative&facet=none&focus=%3Cnone%3E,tab=chart&time=earliest&stackMode=relative&facet=none,597ed85a162cd551e8c02fedf33150de,acceptability-of-uk-farming-practices-14c6ad9463aea3c92a5d1278a5f2a46e_v14_850x600.svg,9,55,230099824,998
acceptability-of-uk-farming-practices,StackedDiscreteBar,tab=chart&time=earliest&stackMode=relative&facet=entity&focus=%3Cnone%3E,tab=chart&time=earliest&stackMode=relative&facet=entity,ba2d08d13a3e9dc05e6ab95cc8e47bb9,acceptability-of-uk-farming-practices-78b3b21507554bdf10b4682184459c8d_v14_850x600.svg,10,56,230824600,998
acceptability-of-uk-farming-practices,StackedDiscreteBar,tab=chart&time=earliest&stackMode=relative&facet=metric&focus=%3Cnone%3E,tab=chart&time=earliest&stackMode=relative&facet=metric,b29d0285664b269fd51443bd2ed59166,acceptability-of-uk-farming-practices-9e83ff3b0bce978ecdb9211188c79332_v14_850x600.svg,3,43,243755112,998
acceptability-of-uk-farming-practices,StackedDiscreteBar,tab=chart&time=latest&stackMode=absolute&facet=none&focus=%3Cnone%3E,tab=chart&time=latest&stackMode=absolute&facet=none,6bce532e4108a877e74cac404647f6a6,acceptability-of-uk-farming-practices-5f578d8557ce718b2eb5406357c7da32_v14_850x600.svg,6,25,217874792,998
acceptability-of-uk-farming-practices,StackedDiscreteBar,tab=chart&time=latest&stackMode=absolute&facet=none&focus=%3CfirstSeries%3E,tab=chart&time=latest&stackMode=absolute&facet=none&focus=Acceptable,fafb95585a09c3784d41eef7b2b15f08,acceptability-of-uk-farming-practices-3f3dbb6ca2b3f53c10e51b717682e1d7_v14_850x600.svg,3,20,221066280,998
acceptability-of-uk-farming-practices,StackedDiscreteBar,tab=chart&time=latest&stackMode=absolute&facet=entity&focus=%3Cnone%3E,tab=chart&time=latest&stackMode=absolute&facet=entity,605b4a24ede7f63cacdaf345bf783186,acceptability-of-uk-farming-practices-b759ed343f48c8a07c19fb5c0bccd793_v14_850x600.svg,3,20,218801448,998
acceptability-of-uk-farming-practices,StackedDiscreteBar,tab=chart&time=latest&stackMode=absolute&facet=metric&focus=%3Cnone%3E,tab=chart&time=latest&stackMode=absolute&facet=metric,2d2e2d7dde07d0dc89373b2e979f3034,acceptability-of-uk-farming-practices-c7d53f92b7b797aad36521ae859fba9d_v14_850x600.svg,3,46,230255640,998
acceptability-of-uk-farming-practices,StackedDiscreteBar,tab=chart&time=latest&stackMode=relative&facet=none&focus=%3Cnone%3E,tab=chart&time=latest&stackMode=relative&facet=none,00e200bcb919d91a161840e9e8a3782c,acceptability-of-uk-farming-practices-173f88704c2c24ff6b07444f4507ddc0_v14_850x600.svg,4,26,235914344,998
acceptability-of-uk-farming-practices,StackedDiscreteBar,tab=chart&time=latest&stackMode=relative&facet=entity&focus=%3Cnone%3E,tab=chart&time=latest&stackMode=relative&facet=entity,40de7516b9b9c65b9086909d9914138e,acceptability-of-uk-farming-practices-dffeae05c46f75bafe6cea2a3618bd03_v14_850x600.svg,3,20,227990656,998
acceptability-of-uk-farming-practices,StackedDiscreteBar,tab=chart&time=latest&stackMode=relative&facet=metric&focus=%3Cnone%3E,tab=chart&time=latest&stackMode=relative&facet=metric,d5c808d880905beb6df0394693833592,acceptability-of-uk-farming-practices-9b04153fbeee08cd599fd7a918f303dd_v14_850x600.svg,4,43,251520064,998
access-drinking-water-stacked,StackedDiscreteBar,tab=chart&time=earliest&stackMode=absolute&facet=none&focus=%3Cnone%3E,tab=chart&time=earliest&stackMode=absolute&facet=none,3aac0be480974857ebc565271c6d074b,access-drinking-water-stacked-a6b0c4e3db34a5e2fc32ca3bac8c4a17_v19_850x600.svg,40,65,241504200,859851
access-drinking-water-stacked,StackedDiscreteBar,tab=chart&time=earliest&stackMode=absolute&facet=none&focus=%3CfirstSeries%3E,tab=chart&time=earliest&stackMode=absolute&facet=none&focus=Safely+managed,c230da7a20bf3af18573b002beda6035,access-drinking-water-stacked-86554512cf20f503958275a8f33435e9_v19_850x600.svg,40,62,255355040,859851
access-drinking-water-stacked,StackedDiscreteBar,tab=chart&time=earliest&stackMode=absolute&facet=entity&focus=%3Cnone%3E,tab=chart&time=earliest&stackMode=absolute&facet=entity,55d4a0657e6626be08e58cf95ea4d4d7,access-drinking-water-stacked-877a9b6d076238fb08b171b77fe1fe4a_v19_850x600.svg,43,61,260046320,859851
access-drinking-water-stacked,StackedDiscreteBar,tab=chart&time=earliest&stackMode=absolute&facet=metric&focus=%3Cnone%3E,tab=chart&time=earliest&stackMode=absolute&facet=metric,5565ed568d2de443226cc6af864c9480,access-drinking-water-stacked-9f40fe5d548a77f9c83a5583ef868b22_v19_850x600.svg,40,85,225882968,859851
access-drinking-water-stacked,StackedDiscreteBar,tab=chart&time=earliest&stackMode=relative&facet=none&focus=%3Cnone%3E,tab=chart&time=earliest&stackMode=relative&facet=none,47e8bc5b8d9bd7373440037fe8a74e4f,access-drinking-water-stacked-14c6ad9463aea3c92a5d1278a5f2a46e_v19_850x600.svg,25,45,262621176,859851
access-drinking-water-stacked,StackedDiscreteBar,tab=chart&time=earliest&stackMode=relative&facet=entity&focus=%3Cnone%3E,tab=chart&time=earliest&stackMode=relative&facet=entity,103358a0c550d5a7d97937a8aed26e60,access-drinking-water-stacked-78b3b21507554bdf10b4682184459c8d_v19_850x600.svg,25,48,248903696,859851
access-drinking-water-stacked,StackedDiscreteBar,tab=chart&time=earliest&stackMode=relative&facet=metric&focus=%3Cnone%3E,tab=chart&time=earliest&stackMode=relative&facet=metric,5ca81c01166c652c4feac2f08f5d4b48,access-drinking-water-stacked-9e83ff3b0bce978ecdb9211188c79332_v19_850x600.svg,18,54,225366608,859851
access-drinking-water-stacked,StackedDiscreteBar,tab=chart&time=latest&stackMode=absolute&facet=none&focus=%3Cnone%3E,tab=chart&time=latest&stackMode=absolute&facet=none,2620127aa91743fd562edc84f1a43170,access-drinking-water-stacked-5f578d8557ce718b2eb5406357c7da32_v19_850x600.svg,21,35,246374488,859851
access-drinking-water-stacked,StackedDiscreteBar,tab=chart&time=latest&stackMode=absolute&facet=none&focus=%3CfirstSeries%3E,tab=chart&time=latest&stackMode=absolute&facet=none&focus=Safely+managed,c1cf3645947745bda25cb939a42cf824,access-drinking-water-stacked-d70ab68469f9daae85c1b757ca3754da_v19_850x600.svg,21,41,250004352,859851
access-drinking-water-stacked,StackedDiscreteBar,tab=chart&time=latest&stackMode=absolute&facet=entity&focus=%3Cnone%3E,tab=chart&time=latest&stackMode=absolute&facet=entity,d7623ed4462ab8df8e2befba8d6f990c,access-drinking-water-stacked-b759ed343f48c8a07c19fb5c0bccd793_v19_850x600.svg,15,33,233974520,859851
access-drinking-water-stacked,StackedDiscreteBar,tab=chart&time=latest&stackMode=absolute&facet=metric&focus=%3Cnone%3E,tab=chart&time=latest&stackMode=absolute&facet=metric,4c7074b7a13d3489dff278c4efa13fd9,access-drinking-water-stacked-c7d53f92b7b797aad36521ae859fba9d_v19_850x600.svg,19,52,231851576,859851
access-drinking-water-stacked,StackedDiscreteBar,tab=chart&time=latest&stackMode=relative&facet=none&focus=%3Cnone%3E,tab=chart&time=latest&stackMode=relative&facet=none,e2d750948b11032ab2063af3e85e24ad,access-drinking-water-stacked-173f88704c2c24ff6b07444f4507ddc0_v19_850x600.svg,23,41,256637240,859851
access-drinking-water-stacked,StackedDiscreteBar,tab=chart&time=latest&stackMode=relative&facet=entity&focus=%3Cnone%3E,tab=chart&time=latest&stackMode=relative&facet=entity,6dac90c16c334988cf47b4515b900476,access-drinking-water-stacked-dffeae05c46f75bafe6cea2a3618bd03_v19_850x600.svg,18,33,277329040,859851
access-drinking-water-stacked,StackedDiscreteBar,tab=chart&time=latest&stackMode=relative&facet=metric&focus=%3Cnone%3E,tab=chart&time=latest&stackMode=relative&facet=metric,643fa76782554ff121b333ec6621fe93,access-drinking-water-stacked-9b04153fbeee08cd599fd7a918f303dd_v19_850x600.svg,20,44,271985704,859851
annual-area-burnt-by-wildfires,StackedBar,tab=chart&time=earliest..latest&stackMode=absolute&facet=none&uniformYAxis=0&focus=%3Cnone%3E,tab=chart&time=earliest..latest&stackMode=absolute&facet=none&uniformYAxis=0,a5de26c5b9c794761914dced5ba0a2b3,annual-area-burnt-by-wildfires-75eb85d8825ab16ee5683894399929b3_v27_850x600.svg,7,29,235101840,112504
annual-area-burnt-by-wildfires,StackedBar,tab=chart&time=earliest..latest&stackMode=absolute&facet=none&uniformYAxis=0&focus=%3CfirstSeries%3E,tab=chart&time=earliest..latest&stackMode=absolute&facet=none&uniformYAxis=0&focus=Brazil,28448d66c9e1cb495d19bb74d8db9986,annual-area-burnt-by-wildfires-c28e6b3caadd5416aec4a98c06851cd0_v27_850x600.svg,8,32,260475840,112504
annual-area-burnt-by-wildfires,StackedBar,tab=chart&time=earliest..latest&stackMode=absolute&facet=entity&uniformYAxis=1&focus=%3Cnone%3E,tab=chart&time=earliest..latest&stackMode=absolute&facet=entity&uniformYAxis=1,61022e9cdf03bef5653d3705403e0194,annual-area-burnt-by-wildfires-bdb5edc1dff767e2744c007b5472f9f8_v27_850x600.svg,6,37,251549936,112504
annual-area-burnt-by-wildfires,StackedBar,tab=chart&time=earliest..latest&stackMode=absolute&facet=entity&uniformYAxis=0&focus=%3Cnone%3E,tab=chart&time=earliest..latest&stackMode=absolute&facet=entity&uniformYAxis=0,8a20ee6c6e3eecbee33552aae798cee0,annual-area-burnt-by-wildfires-fac36a053c698faed6910879e4bd08e8_v27_850x600.svg,8,50,276106576,112504
annual-area-burnt-by-wildfires,StackedBar,tab=chart&time=earliest..latest&stackMode=absolute&facet=metric&uniformYAxis=1&focus=%3Cnone%3E,tab=chart&time=earliest..latest&stackMode=absolute&facet=metric&uniformYAxis=1,432060ddd6041c87c011341507147c7c,annual-area-burnt-by-wildfires-f1c8afce9af7f0e15378c72f98904283_v27_850x600.svg,4,17,244844120,112504
annual-area-burnt-by-wildfires,StackedBar,tab=chart&time=earliest..latest&stackMode=absolute&facet=metric&uniformYAxis=0&focus=%3Cnone%3E,tab=chart&time=earliest..latest&stackMode=absolute&facet=metric&uniformYAxis=0,4e704433dc0b1e1d3403eb64aa547b35,annual-area-burnt-by-wildfires-f82071396a1f567601b9a6c4e97be8ea_v27_850x600.svg,7,27,235939336,112504
annual-area-burnt-by-wildfires,StackedBar,tab=chart&time=earliest..latest&stackMode=relative&facet=none&uniformYAxis=0&focus=%3Cnone%3E,tab=chart&time=earliest..latest&stackMode=relative&facet=none&uniformYAxis=0,a084f3c949cd96ea03f2c96cbfffdf4f,annual-area-burnt-by-wildfires-b0b0a5515a2b827c1ada39651942abe3_v27_850x600.svg,5,19,270054320,112504
annual-area-burnt-by-wildfires,StackedBar,tab=chart&time=earliest..latest&stackMode=relative&facet=entity&uniformYAxis=1&focus=%3Cnone%3E,tab=chart&time=earliest..latest&stackMode=relative&facet=entity&uniformYAxis=1,2a56319c7fdc8f019f78c9a252b6d068,annual-area-burnt-by-wildfires-cefeef588ba8676d4c9f9d4025016171_v27_850x600.svg,5,35,290116280,112504
annual-area-burnt-by-wildfires,StackedBar,tab=chart&time=earliest..latest&stackMode=relative&facet=entity&uniformYAxis=0&focus=%3Cnone%3E,tab=chart&time=earliest..latest&stackMode=relative&facet=entity&uniformYAxis=0,33d25869d1d68ba0dfa93d4d4f579645,annual-area-burnt-by-wildfires-ef2e9d3d5b0a6a79bbf4f24a5363c1af_v27_850x600.svg,4,34,262959040,112504
annual-area-burnt-by-wildfires,StackedBar,tab=chart&time=earliest..latest&stackMode=relative&facet=metric&uniformYAxis=1&focus=%3Cnone%3E,tab=chart&time=earliest..latest&stackMode=relative&facet=metric&uniformYAxis=1,c4e3cd71573e842a73829f4a89ceed24,annual-area-burnt-by-wildfires-a1a5970a3bc3027962425fb46fd31c44_v27_850x600.svg,4,23,238759096,112504
annual-area-burnt-by-wildfires,StackedBar,tab=chart&time=earliest..latest&stackMode=relative&facet=metric&uniformYAxis=0&focus=%3Cnone%3E,tab=chart&time=earliest..latest&stackMode=relative&facet=metric&uniformYAxis=0,dd6f4a66281a9a0b04e3b40fa1668f1d,annual-area-burnt-by-wildfires-11fec5f29f3282aadd146f8733ff5269_v27_850x600.svg,4,21,260528104,112504
annual-co-emissions-by-region,StackedArea,tab=chart&time=earliest..latest&stackMode=absolute&facet=none&uniformYAxis=0&focus=%3Cnone%3E,tab=chart&time=earliest..latest&stackMode=absolute&facet=none&uniformYAxis=0,d46b006cc11ee250a2799bb24e562a28,annual-co-emissions-by-region-75eb85d8825ab16ee5683894399929b3_v54_850x600.svg,36,74,283311528,940158
annual-co-emissions-by-region,StackedArea,tab=chart&time=earliest..latest&stackMode=absolute&facet=none&uniformYAxis=0&focus=%3CfirstSeries%3E,tab=chart&time=earliest..latest&stackMode=absolute&facet=none&uniformYAxis=0&focus=Europe+%28excl.+EU-27%29,8e0842c2991024b7bec3e59a1e97fdd8,annual-co-emissions-by-region-63cd741c4cf1d831a298f34c39d53d3d_v54_850x600.svg,29,67,258632112,940158
annual-co-emissions-by-region,StackedArea,tab=chart&time=earliest..latest&stackMode=absolute&facet=entity&uniformYAxis=1&focus=%3Cnone%3E,tab=chart&time=earliest..latest&stackMode=absolute&facet=entity&uniformYAxis=1,69282c9f9b8b5017ddeee9dcf00b686b,annual-co-emissions-by-region-bdb5edc1dff767e2744c007b5472f9f8_v54_850x600.svg,35,108,258982672,940158
annual-co-emissions-by-region,StackedArea,tab=chart&time=earliest..latest&stackMode=absolute&facet=entity&uniformYAxis=0&focus=%3Cnone%3E,tab=chart&time=earliest..latest&stackMode=absolute&facet=entity&uniformYAxis=0,a1bb411426452f28327d7e9adbd5cf9e,annual-co-emissions-by-region-fac36a053c698faed6910879e4bd08e8_v54_850x600.svg,31,100,285453968,940158
annual-co-emissions-by-region,StackedArea,tab=chart&time=earliest..latest&stackMode=absolute&facet=metric&uniformYAxis=1&focus=%3Cnone%3E,tab=chart&time=earliest..latest&stackMode=absolute&facet=metric&uniformYAxis=1,562014fad0aef66f285d8b959cfba4d5,annual-co-emissions-by-region-f1c8afce9af7f0e15378c72f98904283_v54_850x600.svg,35,75,286032792,940158
annual-co-emissions-by-region,StackedArea,tab=chart&time=earliest..latest&stackMode=absolute&facet=metric&uniformYAxis=0&focus=%3Cnone%3E,tab=chart&time=earliest..latest&stackMode=absolute&facet=metric&uniformYAxis=0,5a3dd8ecc05ed1721b10d87a8d0ff73a,annual-co-emissions-by-region-f82071396a1f567601b9a6c4e97be8ea_v54_850x600.svg,30,63,286867112,940158
annual-co-emissions-by-region,StackedArea,tab=chart&time=earliest..latest&stackMode=relative&facet=none&uniformYAxis=0&focus=%3Cnone%3E,tab=chart&time=earliest..latest&stackMode=relative&facet=none&uniformYAxis=0,b22795ed115ca99414d0f9040eddc719,annual-co-emissions-by-region-b0b0a5515a2b827c1ada39651942abe3_v54_850x600.svg,25,63,271886912,940158
annual-co-emissions-by-region,StackedArea,tab=chart&time=earliest..latest&stackMode=relative&facet=entity&uniformYAxis=1&focus=%3Cnone%3E,tab=chart&time=earliest..latest&stackMode=relative&facet=entity&uniformYAxis=1,0ec13cce8ff26362ce20db5ea51271a3,annual-co-emissions-by-region-cefeef588ba8676d4c9f9d4025016171_v54_850x600.svg,24,87,305604880,940158
annual-co-emissions-by-region,StackedArea,tab=chart&time=earliest..latest&stackMode=relative&facet=entity&uniformYAxis=0&focus=%3Cnone%3E,tab=chart&time=earliest..latest&stackMode=relative&facet=entity&uniformYAxis=0,ec1bc6eae04d5b3cbde550edbf2c601e,annual-co-emissions-by-region-ef2e9d3d5b0a6a79bbf4f24a5363c1af_v54_850x600.svg,23,88,290074160,940158
annual-co-emissions-by-region,StackedArea,tab=chart&time=earliest..latest&stackMode=relative&facet=metric&uniformYAxis=1&focus=%3Cnone%3E,tab=chart&time=earliest..latest&stackMode=relative&facet=metric&uniformYAxis=1,f7c1eb2787eb3cb9e2955b75e0f73a57,annual-co-emissions-by-region-a1a5970a3bc3027962425fb46fd31c44_v54_850x600.svg,27,60,294792984,940158
annual-co-emissions-by-region,StackedArea,tab=chart&time=earliest..latest&stackMode=relative&facet=metric&uniformYAxis=0&focus=%3Cnone%3E,tab=chart&time=earliest..latest&stackMode=relative&facet=metric&uniformYAxis=0,3f994b427f3be757e0bb1b0b2005670f,annual-co-emissions-by-region-11fec5f29f3282aadd146f8733ff5269_v54_850x600.svg,24,58,305367000,940158
annual-co-emissions-from-aviation,StackedBar,tab=chart&time=earliest..latest&stackMode=absolute&facet=none&uniformYAxis=0&focus=%3Cnone%3E,tab=chart&time=earliest..latest&stackMode=absolute&facet=none&uniformYAxis=0,3795b8a193ee21f658dc7adfdb663fb3,annual-co-emissions-from-aviation-75eb85d8825ab16ee5683894399929b3_v12_850x600.svg,3,16,268281424,52943
annual-co-emissions-from-aviation,StackedBar,tab=chart&time=earliest..latest&stackMode=absolute&facet=none&uniformYAxis=0&focus=%3CfirstSeries%3E,tab=chart&time=earliest..latest&stackMode=absolute&facet=none&uniformYAxis=0&focus=Portugal,33522f25ca06cf541fef349f30e21b39,annual-co-emissions-from-aviation-38eb01a68e47324ad96626e13e26aad2_v12_850x600.svg,3,15,281359712,52943
annual-co-emissions-from-aviation,StackedBar,tab=chart&time=earliest..latest&stackMode=absolute&facet=entity&uniformYAxis=1&focus=%3Cnone%3E,tab=chart&time=earliest..latest&stackMode=absolute&facet=entity&uniformYAxis=1,771a0aed37b0cf7e33f1fa3c37787f76,annual-co-emissions-from-aviation-bdb5edc1dff767e2744c007b5472f9f8_v12_850x600.svg,3,24,284952432,52943
annual-co-emissions-from-aviation,StackedBar,tab=chart&time=earliest..latest&stackMode=absolute&facet=entity&uniformYAxis=0&focus=%3Cnone%3E,tab=chart&time=earliest..latest&stackMode=absolute&facet=entity&uniformYAxis=0,605c37c26c0b99fbb51cac360daaa8ed,annual-co-emissions-from-aviation-fac36a053c698faed6910879e4bd08e8_v12_850x600.svg,3,27,298264384,52943
annual-co-emissions-from-aviation,StackedBar,tab=chart&time=earliest..latest&stackMode=absolute&facet=metric&uniformYAxis=1&focus=%3Cnone%3E,tab=chart&time=earliest..latest&stackMode=absolute&facet=metric&uniformYAxis=1,a8526fe3ffc4a1758b5109a428814f27,annual-co-emissions-from-aviation-f1c8afce9af7f0e15378c72f98904283_v12_850x600.svg,3,16,303984256,52943
annual-co-emissions-from-aviation,StackedBar,tab=chart&time=earliest..latest&stackMode=absolute&facet=metric&uniformYAxis=0&focus=%3Cnone%3E,tab=chart&time=earliest..latest&stackMode=absolute&facet=metric&uniformYAxis=0,49eab15499a1a9e6a7b6f4a5c24be131,annual-co-emissions-from-aviation-f82071396a1f567601b9a6c4e97be8ea_v12_850x600.svg,2,13,294234136,52943
annual-co-emissions-from-aviation,StackedBar,tab=chart&time=earliest..latest&stackMode=relative&facet=none&uniformYAxis=0&focus=%3Cnone%3E,tab=chart&time=earliest..latest&stackMode=relative&facet=none&uniformYAxis=0,b57e86d765e76fc678051e47facb93c8,annual-co-emissions-from-aviation-b0b0a5515a2b827c1ada39651942abe3_v12_850x600.svg,2,13,314806312,52943
annual-co-emissions-from-aviation,StackedBar,tab=chart&time=earliest..latest&stackMode=relative&facet=entity&uniformYAxis=1&focus=%3Cnone%3E,tab=chart&time=earliest..latest&stackMode=relative&facet=entity&uniformYAxis=1,5f67a80272dd31d17320ecf3cf147a71,annual-co-emissions-from-aviation-cefeef588ba8676d4c9f9d4025016171_v12_850x600.svg,2,24,306804424,52943
annual-co-emissions-from-aviation,StackedBar,tab=chart&time=earliest..latest&stackMode=relative&facet=entity&uniformYAxis=0&focus=%3Cnone%3E,tab=chart&time=earliest..latest&stackMode=relative&facet=entity&uniformYAxis=0,bd77f9b6041d53431d8724fd466bf09e,annual-co-emissions-from-aviation-ef2e9d3d5b0a6a79bbf4f24a5363c1af_v12_850x600.svg,3,34,272929384,52943
annual-co-emissions-from-aviation,StackedBar,tab=chart&time=earliest..latest&stackMode=relative&facet=metric&uniformYAxis=1&focus=%3Cnone%3E,tab=chart&time=earliest..latest&stackMode=relative&facet=metric&uniformYAxis=1,a1015ca1e7745ec56f05a8481cc5370a,annual-co-emissions-from-aviation-a1a5970a3bc3027962425fb46fd31c44_v12_850x600.svg,3,14,276602424,52943
annual-co-emissions-from-aviation,StackedBar,tab=chart&time=earliest..latest&stackMode=relative&facet=metric&uniformYAxis=0&focus=%3Cnone%3E,tab=chart&time=earliest..latest&stackMode=relative&facet=metric&uniformYAxis=0,fd3e8bf257f683ecdd0970c911306a8b,annual-co-emissions-from-aviation-11fec5f29f3282aadd146f8733ff5269_v12_850x600.svg,3,15,315200264,52943
annual-co2-emissions-per-country,LineChart,tab=line&time=earliest..latest&stackMode=absolute&yScale=linear&facet=none&uniformYAxis=0&focus=%3Cnone%3E,tab=line&time=earliest..latest&stackMode=absolute&yScale=linear&facet=none&uniformYAxis=0,be7b34740e5e3d81b04d52f4c7596f0d,annual-co2-emissions-per-country-4430c2e2eb335ca7c64158941adb998d_v56_850x600.svg,14,39,292749992,940158
annual-co2-emissions-per-country,LineChart,tab=line&time=earliest..latest&stackMode=absolute&yScale=linear&facet=none&uniformYAxis=0&focus=%3CfirstSeries%3E,tab=line&time=earliest..latest&stackMode=absolute&yScale=linear&facet=none&uniformYAxis=0&focus=United+States,c924272e1a29127b9d5095cb896fff2f,annual-co2-emissions-per-country-6c886fbe1897547413ec76f7ac9ba5ab_v56_850x600.svg,15,42,315880296,940158
annual-co2-emissions-per-country,LineChart,tab=line&time=earliest..latest&stackMode=absolute&yScale=linear&facet=entity&uniformYAxis=1&focus=%3Cnone%3E,tab=line&time=earliest..latest&stackMode=absolute&yScale=linear&facet=entity&uniformYAxis=1,632aba209b1261b1c0afa4e6bdbaa6cf,annual-co2-emissions-per-country-c9e137028d8726a2fb901026e4c9a3cb_v56_850x600.svg,15,52,302118488,940158
annual-co2-emissions-per-country,LineChart,tab=line&time=earliest..latest&stackMode=absolute&yScale=linear&facet=entity&uniformYAxis=0&focus=%3Cnone%3E,tab=line&time=earliest..latest&stackMode=absolute&yScale=linear&facet=entity&uniformYAxis=0,920dd48f6850062e4cde4b0c92ac57f7,annual-co2-emissions-per-country-a1b3bb0eec44ece440c67493e54f5bed_v56_850x600.svg,14,51,312540920,940158
annual-co2-emissions-per-country,LineChart,tab=line&time=earliest..latest&stackMode=absolute&yScale=linear&facet=metric&uniformYAxis=1&focus=%3Cnone%3E,tab=line&time=earliest..latest&stackMode=absolute&yScale=linear&facet=metric&uniformYAxis=1,c189b6ec38a2c5404f7c98ac977920e2,annual-co2-emissions-per-country-97d77284ca49046e539bb4bde7ea1ab1_v56_850x600.svg,14,39,301422024,940158
annual-co2-emissions-per-country,LineChart,tab=line&time=earliest..latest&stackMode=absolute&yScale=linear&facet=metric&uniformYAxis=0&focus=%3Cnone%3E,tab=line&time=earliest..latest&stackMode=absolute&yScale=linear&facet=metric&uniformYAxis=0,16d3e82757457e278504f71c1a5a12cc,annual-co2-emissions-per-country-4eb808ae74e4379569465d5e629645b3_v56_850x600.svg,14,39,298069960,940158
annual-co2-emissions-per-country,LineChart,tab=line&time=earliest..latest&stackMode=absolute&yScale=log&facet=none&uniformYAxis=0&focus=%3Cnone%3E,tab=line&time=earliest..latest&stackMode=absolute&yScale=log&facet=none&uniformYAxis=0,21fe4df2a79fc6be3f6fab191a0b653f,annual-co2-emissions-per-country-125775cfe5817e4e28a3556030c51d0c_v56_850x600.svg,12,36,317950960,940158
annual-co2-emissions-per-country,LineChart,tab=line&time=earliest..latest&stackMode=absolute&yScale=log&facet=entity&uniformYAxis=1&focus=%3Cnone%3E,tab=line&time=earliest..latest&stackMode=absolute&yScale=log&facet=entity&uniformYAxis=1,b002fe1d383f3e2b7535f0b8be3b99a1,annual-co2-emissions-per-country-2d63e33f4ac34395c7f1c42276c82bbe_v56_850x600.svg,15,49,353187672,940158
annual-co2-emissions-per-country,LineChart,tab=line&time=earliest..latest&stackMode=absolute&yScale=log&facet=entity&uniformYAxis=0&focus=%3Cnone%3E,tab=line&time=earliest..latest&stackMode=absolute&yScale=log&facet=entity&uniformYAxis=0,bb9b5f833a17d8ba91d64642bc3fa1b8,annual-co2-emissions-per-country-a2e83d395d4ba45de21b14d7bd9fbeb7_v56_850x600.svg,16,57,339608288,940158
annual-co2-emissions-per-country,LineChart,tab=line&time=earliest..latest&stackMode=absolute&yScale=log&facet=metric&uniformYAxis=1&focus=%3Cnone%3E,tab=line&time=earliest..latest&stackMode=absolute&yScale=log&facet=metric&uniformYAxis=1,66c16679f76c9c98b58247226f6c243f,annual-co2-emissions-per-country-20b9b9a19b12ae50e0d6c1a4fc28e5e8_v56_850x600.svg,13,36,323248976,940158
annual-co2-emissions-per-country,LineChart,tab=line&time=earliest..latest&stackMode=absolute&yScale=log&facet=metric&uniformYAxis=0&focus=%3Cnone%3E,tab=line&time=earliest..latest&stackMode=absolute&yScale=log&facet=metric&uniformYAxis=0,012afcf3031aaf9480d2768a47b4c58c,annual-co2-emissions-per-country-ca0c610171a0551dbb4a627e23e29f56_v56_850x600.svg,14,38,337622896,940158
annual-co2-emissions-per-country,LineChart,tab=line&time=earliest..latest&stackMode=relative&yScale=linear&facet=none&uniformYAxis=0&focus=%3Cnone%3E,tab=line&time=earliest..latest&stackMode=relative&yScale=linear&facet=none&uniformYAxis=0,3038d57f12cca0e838aeb3e8614f271f,annual-co2-emissions-per-country-3e69c2ab7cbb5643071a391e67189a67_v56_850x600.svg,16,40,345707016,940158
annual-co2-emissions-per-country,LineChart,tab=line&time=earliest..latest&stackMode=relative&yScale=linear&facet=entity&uniformYAxis=1&focus=%3Cnone%3E,tab=line&time=earliest..latest&stackMode=relative&yScale=linear&facet=entity&uniformYAxis=1,bf58e62e86814fba854466483bd28fed,annual-co2-emissions-per-country-8745684d3950240275cfac2bb38fdf4b_v56_850x600.svg,20,64,206530256,940158
annual-co2-emissions-per-country,LineChart,tab=line&time=earliest..latest&stackMode=relative&yScale=linear&facet=entity&uniformYAxis=0&focus=%3Cnone%3E,tab=line&time=earliest..latest&stackMode=relative&yScale=linear&facet=entity&uniformYAxis=0,7f89deede18d853e0fb0a38f045e9fd9,annual-co2-emissions-per-country-8f9ed69a69d0935eb613989e2a3cde6a_v56_850x600.svg,15,60,308577096,940158
annual-co2-emissions-per-country,LineChart,tab=line&time=earliest..latest&stackMode=relative&yScale=linear&facet=metric&uniformYAxis=1&focus=%3Cnone%3E,tab=line&time=earliest..latest&stackMode=relative&yScale=linear&facet=metric&uniformYAxis=1,46654badc0adbccffd0f191ec15dbdd6,annual-co2-emissions-per-country-3733fc4ec16a09d5cecf596a4553b8dc_v56_850x600.svg,18,48,334079728,940158
annual-co2-emissions-per-country,LineChart,tab=line&time=earliest..latest&stackMode=relative&yScale=linear&facet=metric&uniformYAxis=0&focus=%3Cnone%3E,tab=line&time=earliest..latest&stackMode=relative&yScale=linear&facet=metric&uniformYAxis=0,07d32de6a66e411b667e56c96ef2e494,annual-co2-emissions-per-country-613a269764bea61f37fe6cdda4e208dc_v56_850x600.svg,26,67,188858096,940158
annual-co2-emissions-per-country,WorldMap,tab=map&time=earliest..latest&stackMode=absolute&yScale=linear&facet=none&uniformYAxis=0&focus=%3Cnone%3E,tab=map&time=earliest..latest&stackMode=absolute&yScale=linear&facet=none&uniformYAxis=0,5d33ab63b0212af96c70cf7cf47d9bd6,annual-co2-emissions-per-country-d8323fbe5b81c2b6621525fd272679bb_v56_850x600.svg,65,162,397292792,940158
annual-co2-emissions-per-country,LineChart,tab=slope&time=earliest..latest&stackMode=absolute&yScale=linear&facet=none&uniformYAxis=0&focus=%3Cnone%3E,tab=slope&time=earliest..latest&stackMode=absolute&yScale=linear&facet=none&uniformYAxis=0,be7b34740e5e3d81b04d52f4c7596f0d,annual-co2-emissions-per-country-8869d925bb9ec36312653d7408b3825e_v56_850x600.svg,22,50,185905240,940158
annual-co2-emissions-per-country,LineChart,tab=slope&time=earliest..latest&stackMode=absolute&yScale=linear&facet=entity&uniformYAxis=1&focus=%3Cnone%3E,tab=slope&time=earliest..latest&stackMode=absolute&yScale=linear&facet=entity&uniformYAxis=1,632aba209b1261b1c0afa4e6bdbaa6cf,annual-co2-emissions-per-country-94f8762ac9e6f207f508da976fa7777b_v56_850x600.svg,14,47,241451976,940158
annual-co2-emissions-per-country,LineChart,tab=slope&time=earliest..latest&stackMode=absolute&yScale=linear&facet=entity&uniformYAxis=0&focus=%3Cnone%3E,tab=slope&time=earliest..latest&stackMode=absolute&yScale=linear&facet=entity&uniformYAxis=0,920dd48f6850062e4cde4b0c92ac57f7,annual-co2-emissions-per-country-784910cad399974abce10237037577b8_v56_850x600.svg,16,67,193887680,940158
annual-co2-emissions-per-country,LineChart,tab=slope&time=earliest..latest&stackMode=absolute&yScale=linear&facet=metric&uniformYAxis=1&focus=%3Cnone%3E,tab=slope&time=earliest..latest&stackMode=absolute&yScale=linear&facet=metric&uniformYAxis=1,c189b6ec38a2c5404f7c98ac977920e2,annual-co2-emissions-per-country-ef7d44586247e71c5218855b27d8382c_v56_850x600.svg,22,43,216066896,940158
annual-co2-emissions-per-country,LineChart,tab=slope&time=earliest..latest&stackMode=absolute&yScale=linear&facet=metric&uniformYAxis=0&focus=%3Cnone%3E,tab=slope&time=earliest..latest&stackMode=absolute&yScale=linear&facet=metric&uniformYAxis=0,16d3e82757457e278504f71c1a5a12cc,annual-co2-emissions-per-country-826ab5a3685e5c0f530e312aed74de57_v56_850x600.svg,24,50,213718016,940158
annual-co2-emissions-per-country,LineChart,tab=slope&time=earliest..latest&stackMode=absolute&yScale=log&facet=none&uniformYAxis=0&focus=%3Cnone%3E,tab=slope&time=earliest..latest&stackMode=absolute&yScale=log&facet=none&uniformYAxis=0,21fe4df2a79fc6be3f6fab191a0b653f,annual-co2-emissions-per-country-2004f4ed5e6c7123527f290d11fa22e0_v56_850x600.svg,20,42,211028320,940158
annual-co2-emissions-per-country,LineChart,tab=slope&time=earliest..latest&stackMode=absolute&yScale=log&facet=entity&uniformYAxis=1&focus=%3Cnone%3E,tab=slope&time=earliest..latest&stackMode=absolute&yScale=log&facet=entity&uniformYAxis=1,b002fe1d383f3e2b7535f0b8be3b99a1,annual-co2-emissions-per-country-ac638c4f34d948fe349a20d2dfb61ce7_v56_850x600.svg,16,48,231448120,940158
annual-co2-emissions-per-country,LineChart,tab=slope&time=earliest..latest&stackMode=absolute&yScale=log&facet=entity&uniformYAxis=0&focus=%3Cnone%3E,tab=slope&time=earliest..latest&stackMode=absolute&yScale=log&facet=entity&uniformYAxis=0,bb9b5f833a17d8ba91d64642bc3fa1b8,annual-co2-emissions-per-country-602cf15b8e4cf555a48aab50e95a8aac_v56_850x600.svg,13,46,253330808,940158
annual-co2-emissions-per-country,LineChart,tab=slope&time=earliest..latest&stackMode=absolute&yScale=log&facet=metric&uniformYAxis=1&focus=%3Cnone%3E,tab=slope&time=earliest..latest&stackMode=absolute&yScale=log&facet=metric&uniformYAxis=1,66c16679f76c9c98b58247226f6c243f,annual-co2-emissions-per-country-85de343b2e97abe79303be8b50dc85a9_v56_850x600.svg,15,37,218778144,940158
annual-co2-emissions-per-country,LineChart,tab=slope&time=earliest..latest&stackMode=absolute&yScale=log&facet=metric&uniformYAxis=0&focus=%3Cnone%3E,tab=slope&time=earliest..latest&stackMode=absolute&yScale=log&facet=metric&uniformYAxis=0,012afcf3031aaf9480d2768a47b4c58c,annual-co2-emissions-per-country-da5389268a3d40a777bafa40504058d6_v56_850x600.svg,12,33,238583272,940158
annual-co2-emissions-per-country,LineChart,tab=slope&time=earliest..latest&stackMode=relative&yScale=linear&facet=none&uniformYAxis=0&focus=%3Cnone%3E,tab=slope&time=earliest..latest&stackMode=relative&yScale=linear&facet=none&uniformYAxis=0,3038d57f12cca0e838aeb3e8614f271f,annual-co2-emissions-per-country-aeff4e7484a0699e34ef7db25ee756f4_v56_850x600.svg,15,39,238646576,940158
annual-co2-emissions-per-country,LineChart,tab=slope&time=earliest..latest&stackMode=relative&yScale=linear&facet=entity&uniformYAxis=1&focus=%3Cnone%3E,tab=slope&time=earliest..latest&stackMode=relative&yScale=linear&facet=entity&uniformYAxis=1,bf58e62e86814fba854466483bd28fed,annual-co2-emissions-per-country-3dffa15ae06e8a525ec0cee77d7eeccb_v56_850x600.svg,14,65,222850744,940158
annual-co2-emissions-per-country,LineChart,tab=slope&time=earliest..latest&stackMode=relative&yScale=linear&facet=entity&uniformYAxis=0&focus=%3Cnone%3E,tab=slope&time=earliest..latest&stackMode=relative&yScale=linear&facet=entity&uniformYAxis=0,7f89deede18d853e0fb0a38f045e9fd9,annual-co2-emissions-per-country-7064be44275c8da297486c7c3b02b4c8_v56_850x600.svg,16,61,223894928,940158
annual-co2-emissions-per-country,LineChart,tab=slope&time=earliest..latest&stackMode=relative&yScale=linear&facet=metric&uniformYAxis=1&focus=%3Cnone%3E,tab=slope&time=earliest..latest&stackMode=relative&yScale=linear&facet=metric&uniformYAxis=1,46654badc0adbccffd0f191ec15dbdd6,annual-co2-emissions-per-country-832c446b172ca5b57b8f29f2ad9a5773_v56_850x600.svg,16,39,266065304,940158
annual-co2-emissions-per-country,LineChart,tab=slope&time=earliest..latest&stackMode=relative&yScale=linear&facet=metric&uniformYAxis=0&focus=%3Cnone%3E,tab=slope&time=earliest..latest&stackMode=relative&yScale=linear&facet=metric&uniformYAxis=0,07d32de6a66e411b667e56c96ef2e494,annual-co2-emissions-per-country-ce47134240246dee7c7ed0361a427b50_v56_850x600.svg,16,42,246262344,940158
annual-death-rate-by-age-group,DiscreteBar,tab=chart&time=earliest&facet=none&focus=%3Cnone%3E,tab=chart&time=earliest&facet=none,81b011bc439992781413e3b10f770c45,annual-death-rate-by-age-group-5ad5324a3e7cb4744cafd0292784aeb4_v15_850x600.svg,65,82,213157032,2488296
annual-death-rate-by-age-group,DiscreteBar,tab=chart&time=earliest&facet=none&focus=%3CfirstSeries%3E,tab=chart&time=earliest&facet=none&focus=85%E2%80%9389+years+old,6837202c3c9e5f7888a0249f7c98d50e,annual-death-rate-by-age-group-3dcb5e37b05d84e5612e35ddb3602319_v15_850x600.svg,48,68,218742224,2488296
annual-death-rate-by-age-group,DiscreteBar,tab=chart&time=earliest&facet=entity&focus=%3Cnone%3E,tab=chart&time=earliest&facet=entity,92a3299b2788b623798b9a4d0c40365e,annual-death-rate-by-age-group-fcfab55d63e48011e9b36e60b315e6c4_v15_850x600.svg,57,71,262715128,2488296
annual-death-rate-by-age-group,DiscreteBar,tab=chart&time=earliest&facet=metric&focus=%3Cnone%3E,tab=chart&time=earliest&facet=metric,4a823be9305e1fb272534ca7357f5375,annual-death-rate-by-age-group-6105422927fa62c87e79cf6af0865bd4_v15_850x600.svg,45,59,243875384,2488296
annual-death-rate-by-age-group,DiscreteBar,tab=chart&time=latest&facet=none&focus=%3Cnone%3E,tab=chart&time=latest&facet=none,205cf43c53d895612c0351e6b7ae4ece,annual-death-rate-by-age-group-02afa8dd2efa0f8e76ff495d3c36b022_v15_850x600.svg,39,57,235086496,2488296
annual-death-rate-by-age-group,DiscreteBar,tab=chart&time=latest&facet=none&focus=%3CfirstSeries%3E,tab=chart&time=latest&facet=none&focus=85%E2%80%9389+years+old,45db02955ea0c1f9113614acf52248fc,annual-death-rate-by-age-group-9f38a543fc79a619ace43c6888867272_v15_850x600.svg,39,58,229726984,2488296
annual-death-rate-by-age-group,DiscreteBar,tab=chart&time=latest&facet=entity&focus=%3Cnone%3E,tab=chart&time=latest&facet=entity,2cdb38645c790a1a1b36a1dfcd5f40db,annual-death-rate-by-age-group-abf9330721887f4501456e22b3da29b6_v15_850x600.svg,32,44,272009464,2488296
annual-death-rate-by-age-group,DiscreteBar,tab=chart&time=latest&facet=metric&focus=%3Cnone%3E,tab=chart&time=latest&facet=metric,432f647699eb57d6ecc11fca3bf9960c,annual-death-rate-by-age-group-0cd159859e5c409d35d40d6d91fd8b6f_v15_850x600.svg,33,45,268151400,2488296
annual-deaths-by-age,DiscreteBar,tab=chart&time=earliest&facet=none&focus=%3Cnone%3E,tab=chart&time=earliest&facet=none,d18ffcc4534bc0dc0baf7cff32b30030,annual-deaths-by-age-5ad5324a3e7cb4744cafd0292784aeb4_v33_850x600.svg,195,221,296201400,11152583
annual-deaths-by-age,DiscreteBar,tab=chart&time=earliest&facet=none&focus=%3CfirstSeries%3E,tab=chart&time=earliest&facet=none&focus=100%2B+years,abdf80ec1cba4eb48e42e8e7f4ac97f8,annual-deaths-by-age-00fab5a7c64d2d4b204e4fb9997eb160_v33_850x600.svg,173,189,376080144,11152583
annual-deaths-by-age,DiscreteBar,tab=chart&time=earliest&facet=entity&focus=%3Cnone%3E,tab=chart&time=earliest&facet=entity,9ae94cd93ca2c32146143247d936f3bf,annual-deaths-by-age-fcfab55d63e48011e9b36e60b315e6c4_v33_850x600.svg,173,190,376249568,11152583
annual-deaths-by-age,DiscreteBar,tab=chart&time=earliest&facet=metric&focus=%3Cnone%3E,tab=chart&time=earliest&facet=metric,a37e624292efb8a97006af963feabca1,annual-deaths-by-age-6105422927fa62c87e79cf6af0865bd4_v33_850x600.svg,188,216,272170896,11152583
annual-deaths-by-age,DiscreteBar,tab=chart&time=latest&facet=none&focus=%3Cnone%3E,tab=chart&time=latest&facet=none,60248b188b41d7bdff31ade68076f705,annual-deaths-by-age-02afa8dd2efa0f8e76ff495d3c36b022_v33_850x600.svg,201,219,361153592,11152583
annual-deaths-by-age,DiscreteBar,tab=chart&time=latest&facet=none&focus=%3CfirstSeries%3E,tab=chart&time=latest&facet=none&focus=100%2B+years,dfb1935048de58cd76bc6fd8f5746dc2,annual-deaths-by-age-26d49bc38721e0da69cb5297e14823df_v33_850x600.svg,199,218,357014784,11152583
annual-deaths-by-age,DiscreteBar,tab=chart&time=latest&facet=entity&focus=%3Cnone%3E,tab=chart&time=latest&facet=entity,1cac5bd81f783a219198e08dbf704b2a,annual-deaths-by-age-abf9330721887f4501456e22b3da29b6_v33_850x600.svg,162,184,457469256,11152583
annual-deaths-by-age,DiscreteBar,tab=chart&time=latest&facet=metric&focus=%3Cnone%3E,tab=chart&time=latest&facet=metric,9cc3f5e3642d16f14e2136d9b8dd5b75,annual-deaths-by-age-0cd159859e5c409d35d40d6d91fd8b6f_v33_850x600.svg,166,191,457308296,11152583
annual-number-of-births-by-world-region,StackedArea,tab=chart&time=earliest..latest&stackMode=absolute&facet=none&uniformYAxis=0&focus=%3Cnone%3E,tab=chart&time=earliest..latest&stackMode=absolute&facet=none&uniformYAxis=0,6b8418bfaa30af88edb997c3c1c2ab5e,annual-number-of-births-by-world-region-75eb85d8825ab16ee5683894399929b3_v21_850x600.svg,13,29,314587392,575365
annual-number-of-births-by-world-region,StackedArea,tab=chart&time=earliest..latest&stackMode=absolute&facet=none&uniformYAxis=0&focus=%3CfirstSeries%3E,tab=chart&time=earliest..latest&stackMode=absolute&facet=none&uniformYAxis=0&focus=Asia+%28UN%29,03703cd18f825cd01957942a42841105,annual-number-of-births-by-world-region-1ab136e0a36e1ba556252f627045f7b5_v21_850x600.svg,12,27,290541296,575365
annual-number-of-births-by-world-region,StackedArea,tab=chart&time=earliest..latest&stackMode=absolute&facet=entity&uniformYAxis=1&focus=%3Cnone%3E,tab=chart&time=earliest..latest&stackMode=absolute&facet=entity&uniformYAxis=1,a9c0a85722d5b6764abe74d252d21dc6,annual-number-of-births-by-world-region-bdb5edc1dff767e2744c007b5472f9f8_v21_850x600.svg,13,38,318475600,575365
annual-number-of-births-by-world-region,StackedArea,tab=chart&time=earliest..latest&stackMode=absolute&facet=entity&uniformYAxis=0&focus=%3Cnone%3E,tab=chart&time=earliest..latest&stackMode=absolute&facet=entity&uniformYAxis=0,137ec748424baa3347617d1ee105542f,annual-number-of-births-by-world-region-fac36a053c698faed6910879e4bd08e8_v21_850x600.svg,14,38,342839512,575365
annual-number-of-births-by-world-region,StackedArea,tab=chart&time=earliest..latest&stackMode=absolute&facet=metric&uniformYAxis=1&focus=%3Cnone%3E,tab=chart&time=earliest..latest&stackMode=absolute&facet=metric&uniformYAxis=1,72d1119b334ed163f568349fd7e40cf1,annual-number-of-births-by-world-region-f1c8afce9af7f0e15378c72f98904283_v21_850x600.svg,13,29,315974688,575365
annual-number-of-births-by-world-region,StackedArea,tab=chart&time=earliest..latest&stackMode=absolute&facet=metric&uniformYAxis=0&focus=%3Cnone%3E,tab=chart&time=earliest..latest&stackMode=absolute&facet=metric&uniformYAxis=0,96d4da8bd7b37e816e159257cb7e647e,annual-number-of-births-by-world-region-f82071396a1f567601b9a6c4e97be8ea_v21_850x600.svg,12,28,313221168,575365
annual-number-of-births-by-world-region,StackedArea,tab=chart&time=earliest..latest&stackMode=relative&facet=none&uniformYAxis=0&focus=%3Cnone%3E,tab=chart&time=earliest..latest&stackMode=relative&facet=none&uniformYAxis=0,9c9e6e072834498b90257185e04923f6,annual-number-of-births-by-world-region-b0b0a5515a2b827c1ada39651942abe3_v21_850x600.svg,12,27,336661112,575365
annual-number-of-births-by-world-region,StackedArea,tab=chart&time=earliest..latest&stackMode=relative&facet=entity&uniformYAxis=1&focus=%3Cnone%3E,tab=chart&time=earliest..latest&stackMode=relative&facet=entity&uniformYAxis=1,8f2455ece96236b59678578c64fde6d4,annual-number-of-births-by-world-region-cefeef588ba8676d4c9f9d4025016171_v21_850x600.svg,12,37,370602336,575365
annual-number-of-births-by-world-region,StackedArea,tab=chart&time=earliest..latest&stackMode=relative&facet=entity&uniformYAxis=0&focus=%3Cnone%3E,tab=chart&time=earliest..latest&stackMode=relative&facet=entity&uniformYAxis=0,617ce08ebf934ced3ee042a94fb76055,annual-number-of-births-by-world-region-ef2e9d3d5b0a6a79bbf4f24a5363c1af_v21_850x600.svg,12,37,344145912,575365
annual-number-of-births-by-world-region,StackedArea,tab=chart&time=earliest..latest&stackMode=relative&facet=metric&uniformYAxis=1&focus=%3Cnone%3E,tab=chart&time=earliest..latest&stackMode=relative&facet=metric&uniformYAxis=1,04aea195c7549f918b35efc3589b3037,annual-number-of-births-by-world-region-a1a5970a3bc3027962425fb46fd31c44_v21_850x600.svg,12,27,331353848,575365
annual-number-of-births-by-world-region,StackedArea,tab=chart&time=earliest..latest&stackMode=relative&facet=metric&uniformYAxis=0&focus=%3Cnone%3E,tab=chart&time=earliest..latest&stackMode=relative&facet=metric&uniformYAxis=0,3f03df1c61c7f0ba67cdf7140fee61d7,annual-number-of-births-by-world-region-11fec5f29f3282aadd146f8733ff5269_v21_850x600.svg,12,26,349575440,575365
annual-number-of-deaths-by-cause,DiscreteBar,tab=chart&time=earliest&facet=none&focus=%3Cnone%3E,tab=chart&time=earliest&facet=none,0d75d07f64952b31bf68d4230e57b424,annual-number-of-deaths-by-cause-5ad5324a3e7cb4744cafd0292784aeb4_v64_850x600.svg,180,198,403994152,10224323
annual-number-of-deaths-by-cause,DiscreteBar,tab=chart&time=earliest&facet=none&focus=%3CfirstSeries%3E,tab=chart&time=earliest&facet=none&focus=Cardiovascular+diseases,2a121355c287c6a36f8e972451b8b155,annual-number-of-deaths-by-cause-a9d0b3f00dd86890fd03c9e15a1d4e47_v64_850x600.svg,189,213,411818152,10224323
annual-number-of-deaths-by-cause,DiscreteBar,tab=chart&time=earliest&facet=entity&focus=%3Cnone%3E,tab=chart&time=earliest&facet=entity,ed70a029050d900aa425ed772622aed5,annual-number-of-deaths-by-cause-fcfab55d63e48011e9b36e60b315e6c4_v64_850x600.svg,187,205,429199192,10224323
annual-number-of-deaths-by-cause,DiscreteBar,tab=chart&time=earliest&facet=metric&focus=%3Cnone%3E,tab=chart&time=earliest&facet=metric,ee93401202fb13bcf5d9278a4b21a931,annual-number-of-deaths-by-cause-6105422927fa62c87e79cf6af0865bd4_v64_850x600.svg,188,212,407964952,10224323
annual-number-of-deaths-by-cause,DiscreteBar,tab=chart&time=latest&facet=none&focus=%3Cnone%3E,tab=chart&time=latest&facet=none,684b4e6bc6feaaccc419c2510629f399,annual-number-of-deaths-by-cause-02afa8dd2efa0f8e76ff495d3c36b022_v64_850x600.svg,146,165,502192664,10224323
annual-number-of-deaths-by-cause,DiscreteBar,tab=chart&time=latest&facet=none&focus=%3CfirstSeries%3E,tab=chart&time=latest&facet=none&focus=Cardiovascular+diseases,dd0dee20d0477fc1409fb9aec89a6ebf,annual-number-of-deaths-by-cause-8f201e1106f913fb59ee27dcf9e6a067_v64_850x600.svg,149,166,503671224,10224323
annual-number-of-deaths-by-cause,DiscreteBar,tab=chart&time=latest&facet=entity&focus=%3Cnone%3E,tab=chart&time=latest&facet=entity,eda90297d332f9d40d40a234f97b32f5,annual-number-of-deaths-by-cause-abf9330721887f4501456e22b3da29b6_v64_850x600.svg,180,198,488762696,10224323
annual-number-of-deaths-by-cause,DiscreteBar,tab=chart&time=latest&facet=metric&focus=%3Cnone%3E,tab=chart&time=latest&facet=metric,10e36b2308fe526a72cc0282060232f2,annual-number-of-deaths-by-cause-0cd159859e5c409d35d40d6d91fd8b6f_v64_850x600.svg,171,195,495501392,10224323
annual-temperature-anomalies,StackedBar,tab=chart&time=earliest..latest&stackMode=absolute&facet=none&uniformYAxis=0&focus=%3Cnone%3E,tab=chart&time=earliest..latest&stackMode=absolute&facet=none&uniformYAxis=0,da7749a9914f231c7a87f2b415b995a4,annual-temperature-anomalies-75eb85d8825ab16ee5683894399929b3_v24_850x600.svg,10,35,426960800,649592
annual-temperature-anomalies,StackedBar,tab=chart&time=earliest..latest&stackMode=absolute&facet=none&uniformYAxis=0&focus=%3CfirstSeries%3E,tab=chart&time=earliest..latest&stackMode=absolute&facet=none&uniformYAxis=0&focus=World,d69889de87afc307aab67ca6eabaadb0,annual-temperature-anomalies-2088d05241a61f7a5e62857c8831a8a9_v24_850x600.svg,8,33,433053008,649592
annual-temperature-anomalies,StackedBar,tab=chart&time=earliest..latest&stackMode=absolute&facet=entity&uniformYAxis=1&focus=%3Cnone%3E,tab=chart&time=earliest..latest&stackMode=absolute&facet=entity&uniformYAxis=1,57fb16ca1205ac287d03fa13b55eef3d,annual-temperature-anomalies-bdb5edc1dff767e2744c007b5472f9f8_v24_850x600.svg,7,29,484308672,649592
annual-temperature-anomalies,StackedBar,tab=chart&time=earliest..latest&stackMode=absolute&facet=entity&uniformYAxis=0&focus=%3Cnone%3E,tab=chart&time=earliest..latest&stackMode=absolute&facet=entity&uniformYAxis=0,5cfc8f5008a4c4f32a38af68e2acef0f,annual-temperature-anomalies-fac36a053c698faed6910879e4bd08e8_v24_850x600.svg,7,34,484371640,649592
annual-temperature-anomalies,StackedBar,tab=chart&time=earliest..latest&stackMode=absolute&facet=metric&uniformYAxis=1&focus=%3Cnone%3E,tab=chart&time=earliest..latest&stackMode=absolute&facet=metric&uniformYAxis=1,ebc2eb7425de49df8736dd94c62bc442,annual-temperature-anomalies-f1c8afce9af7f0e15378c72f98904283_v24_850x600.svg,10,31,451964040,649592
annual-temperature-anomalies,StackedBar,tab=chart&time=earliest..latest&stackMode=absolute&facet=metric&uniformYAxis=0&focus=%3Cnone%3E,tab=chart&time=earliest..latest&stackMode=absolute&facet=metric&uniformYAxis=0,6c6993cea6997ea36a067dc58d6aa28d,annual-temperature-anomalies-f82071396a1f567601b9a6c4e97be8ea_v24_850x600.svg,8,35,408551144,649592
annual-temperature-anomalies,StackedBar,tab=chart&time=earliest..latest&stackMode=relative&facet=none&uniformYAxis=0&focus=%3Cnone%3E,tab=chart&time=earliest..latest&stackMode=relative&facet=none&uniformYAxis=0,fae0d3b18094661ccdfd84521b916b6d,annual-temperature-anomalies-b0b0a5515a2b827c1ada39651942abe3_v24_850x600.svg,7,25,509198376,649592
annual-temperature-anomalies,StackedBar,tab=chart&time=earliest..latest&stackMode=relative&facet=entity&uniformYAxis=1&focus=%3Cnone%3E,tab=chart&time=earliest..latest&stackMode=relative&facet=entity&uniformYAxis=1,0a3a8b9e9872e5e06686ee904f825388,annual-temperature-anomalies-cefeef588ba8676d4c9f9d4025016171_v24_850x600.svg,9,37,418958584,649592
annual-temperature-anomalies,StackedBar,tab=chart&time=earliest..latest&stackMode=relative&facet=entity&uniformYAxis=0&focus=%3Cnone%3E,tab=chart&time=earliest..latest&stackMode=relative&facet=entity&uniformYAxis=0,e78c9ddb09c54fb563ef12990c61e13c,annual-temperature-anomalies-ef2e9d3d5b0a6a79bbf4f24a5363c1af_v24_850x600.svg,7,26,509312848,649592
annual-temperature-anomalies,StackedBar,tab=chart&time=earliest..latest&stackMode=relative&facet=metric&uniformYAxis=1&focus=%3Cnone%3E,tab=chart&time=earliest..latest&stackMode=relative&facet=metric&uniformYAxis=1,bf1717ac97e63fbcb5e32bc6583257e7,annual-temperature-anomalies-a1a5970a3bc3027962425fb46fd31c44_v24_850x600.svg,6,29,533960096,649592
annual-temperature-anomalies,StackedBar,tab=chart&time=earliest..latest&stackMode=relative&facet=metric&uniformYAxis=0&focus=%3Cnone%3E,tab=chart&time=earliest..latest&stackMode=relative&facet=metric&uniformYAxis=0,8a52d7ecab21a6ede0737be63e3adfb0,annual-temperature-anomalies-11fec5f29f3282aadd146f8733ff5269_v24_850x600.svg,8,31,433298440,649592
birth-rate-vs-death-rate,ScatterPlot,tab=chart&time=earliest&stackMode=absolute&xScale=linear&yScale=linear&endpointsOnly=0,tab=chart&time=earliest&stackMode=absolute&xScale=linear&yScale=linear&endpointsOnly=0,807665e024085738934a0ea013121129,birth-rate-vs-death-rate-ef44cef40072f28b128806b62a1b64f5_v30_850x600.svg,28,95,521787832,1757736
birth-rate-vs-death-rate,ScatterPlot,tab=chart&time=earliest&stackMode=absolute&xScale=linear&yScale=log&endpointsOnly=0,tab=chart&time=earliest&stackMode=absolute&xScale=linear&yScale=log&endpointsOnly=0,7d6be62f062cabb05f49a2ef7be1d070,birth-rate-vs-death-rate-bf4da6022d04e74a404d31a2ce0cd35d_v30_850x600.svg,32,100,500790992,1757736
birth-rate-vs-death-rate,ScatterPlot,tab=chart&time=earliest&stackMode=absolute&xScale=log&yScale=linear&endpointsOnly=0,tab=chart&time=earliest&stackMode=absolute&xScale=log&yScale=linear&endpointsOnly=0,e1c98df3b98eb77c11e011024509bf1d,birth-rate-vs-death-rate-0dc66c3009dba22bfe9e2fa56d1c171d_v30_850x600.svg,26,87,577818224,1757736
birth-rate-vs-death-rate,ScatterPlot,tab=chart&time=earliest&stackMode=absolute&xScale=log&yScale=log&endpointsOnly=0,tab=chart&time=earliest&stackMode=absolute&xScale=log&yScale=log&endpointsOnly=0,7ae4c152ae5efc76013d5ed8ad45a832,birth-rate-vs-death-rate-454d8a06c8a904d55e5a527b85a87ce2_v30_850x600.svg,30,101,436594392,1757736
birth-rate-vs-death-rate,ScatterPlot,tab=chart&time=latest&stackMode=absolute&xScale=linear&yScale=linear&endpointsOnly=0,tab=chart&time=latest&stackMode=absolute&xScale=linear&yScale=linear&endpointsOnly=0,8b8bbbc3237b4cbb06d42b999aee25e2,birth-rate-vs-death-rate-f7cf68d023acbb4a18c781ca2c2be340_v30_850x600.svg,23,77,601431208,1757736
birth-rate-vs-death-rate,ScatterPlot,tab=chart&time=latest&stackMode=absolute&xScale=linear&yScale=log&endpointsOnly=0,tab=chart&time=latest&stackMode=absolute&xScale=linear&yScale=log&endpointsOnly=0,c49cc15de42275d6edc4c4993254c135,birth-rate-vs-death-rate-b3c883fa0dad54e80e145fc8c582847d_v30_850x600.svg,29,97,536660720,1757736
birth-rate-vs-death-rate,ScatterPlot,tab=chart&time=latest&stackMode=absolute&xScale=log&yScale=linear&endpointsOnly=0,tab=chart&time=latest&stackMode=absolute&xScale=log&yScale=linear&endpointsOnly=0,6c9abba284f75593fd9202d9c9cf1be8,birth-rate-vs-death-rate-3cce01ed41b45e65c9da042b6e44b695_v30_850x600.svg,30,104,512866528,1757736
birth-rate-vs-death-rate,ScatterPlot,tab=chart&time=latest&stackMode=absolute&xScale=log&yScale=log&endpointsOnly=0,tab=chart&time=latest&stackMode=absolute&xScale=log&yScale=log&endpointsOnly=0,e3da7aa09c5cfec3de8881c53687a811,birth-rate-vs-death-rate-3339c38abf8f713a17874e94b7b273eb_v30_850x600.svg,22,83,563005504,1757736
birth-rate-vs-death-rate,ScatterPlot,tab=chart&time=earliest..latest&stackMode=absolute&xScale=linear&yScale=linear&endpointsOnly=1,tab=chart&time=earliest..latest&stackMode=absolute&xScale=linear&yScale=linear&endpointsOnly=1,2c52f639ec3ae7764aa78f1ba53e0ba0,birth-rate-vs-death-rate-1f882d9b742806b8eea92396215dbd6c_v30_850x600.svg,29,121,498830416,1757736
birth-rate-vs-death-rate,ScatterPlot,tab=chart&time=earliest..latest&stackMode=absolute&xScale=linear&yScale=linear&endpointsOnly=0,tab=chart&time=earliest..latest&stackMode=absolute&xScale=linear&yScale=linear&endpointsOnly=0,5f04dc48069200102b87811359856119,birth-rate-vs-death-rate-61e7446d84d9aeacd6869066dc6727a7_v30_850x600.svg,30,254,465234872,1757736
birth-rate-vs-death-rate,ScatterPlot,tab=chart&time=earliest..latest&stackMode=absolute&xScale=linear&yScale=log&endpointsOnly=1,tab=chart&time=earliest..latest&stackMode=absolute&xScale=linear&yScale=log&endpointsOnly=1,f3b39656fee02d252041159a6e92ccd5,birth-rate-vs-death-rate-cf007d31f0ed79cef10387a9fabac1e1_v30_850x600.svg,24,104,617034192,1757736
birth-rate-vs-death-rate,ScatterPlot,tab=chart&time=earliest..latest&stackMode=absolute&xScale=linear&yScale=log&endpointsOnly=0,tab=chart&time=earliest..latest&stackMode=absolute&xScale=linear&yScale=log&endpointsOnly=0,a43b32048ab1d2b2110e0c16e2bf1856,birth-rate-vs-death-rate-a32059f0dfd00af1cc5d8c2a7369136b_v30_850x600.svg,23,209,589891176,1757736
birth-rate-vs-death-rate,ScatterPlot,tab=chart&time=earliest..latest&stackMode=absolute&xScale=log&yScale=linear&endpointsOnly=1,tab=chart&time=earliest..latest&stackMode=absolute&xScale=log&yScale=linear&endpointsOnly=1,707482d04bc165dca98688d396957657,birth-rate-vs-death-rate-e0e69ca57de0e8a46b54f193a71f40d8_v30_850x600.svg,27,119,564914168,1757736
birth-rate-vs-death-rate,ScatterPlot,tab=chart&time=earliest..latest&stackMode=absolute&xScale=log&yScale=linear&endpointsOnly=0,tab=chart&time=earliest..latest&stackMode=absolute&xScale=log&yScale=linear&endpointsOnly=0,a6d4d68334f72a168e1abbbfed37cc18,birth-rate-vs-death-rate-3b0f995474364c6d426b8043ccc31416_v30_850x600.svg,29,247,549509312,1757736
birth-rate-vs-death-rate,ScatterPlot,tab=chart&time=earliest..latest&stackMode=absolute&xScale=log&yScale=log&endpointsOnly=1,tab=chart&time=earliest..latest&stackMode=absolute&xScale=log&yScale=log&endpointsOnly=1,841576487833176e403dd8e5fa9ec688,birth-rate-vs-death-rate-e3ecad2463ed96bedf9b1256702880c1_v30_850x600.svg,28,121,504208776,1757736
birth-rate-vs-death-rate,ScatterPlot,tab=chart&time=earliest..latest&stackMode=absolute&xScale=log&yScale=log&endpointsOnly=0,tab=chart&time=earliest..latest&stackMode=absolute&xScale=log&yScale=log&endpointsOnly=0,bec419a580ffcfbccc6a63e6af9b8bac,birth-rate-vs-death-rate-2179ff30e5f27442e154e704e6315666_v30_850x600.svg,23,207,636050872,1757736
birth-rate-vs-death-rate,ScatterPlot,tab=chart&time=earliest..latest&stackMode=relative&xScale=linear&yScale=linear&endpointsOnly=0,tab=chart&time=earliest..latest&stackMode=relative&xScale=linear&yScale=linear&endpointsOnly=0,f4c39b12ab6726d78c7c264ffca2c0f2,birth-rate-vs-death-rate-8c11f007e74b61e57592ac3545ea3dfc_v30_850x600.svg,30,99,577478768,1757736
car-sales,StackedBar,tab=chart&time=earliest..latest&stackMode=absolute&facet=none&uniformYAxis=0&focus=%3Cnone%3E,tab=chart&time=earliest..latest&stackMode=absolute&facet=none&uniformYAxis=0,50c06c5d87ed1a31dd7f2d7b5c3149b6,car-sales-75eb85d8825ab16ee5683894399929b3_v17_850x600.svg,3,14,512032680,48550
car-sales,StackedBar,tab=chart&time=earliest..latest&stackMode=absolute&facet=none&uniformYAxis=0&focus=%3CfirstSeries%3E,tab=chart&time=earliest..latest&stackMode=absolute&facet=none&uniformYAxis=0&focus=Non-electric+cars,007bb8439f349bb25aacc1d19346707d,car-sales-b4bf10e0726986705a145d55deae105a_v17_850x600.svg,3,11,519166568,48550
car-sales,StackedBar,tab=chart&time=earliest..latest&stackMode=absolute&facet=entity&uniformYAxis=1&focus=%3Cnone%3E,tab=chart&time=earliest..latest&stackMode=absolute&facet=entity&uniformYAxis=1,ce0c4eeab574f7c4cbeaa5db0c183209,car-sales-bdb5edc1dff767e2744c007b5472f9f8_v17_850x600.svg,2,11,472743912,48550
car-sales,StackedBar,tab=chart&time=earliest..latest&stackMode=absolute&facet=entity&uniformYAxis=0&focus=%3Cnone%3E,tab=chart&time=earliest..latest&stackMode=absolute&facet=entity&uniformYAxis=0,73f798e00b3c6a52025816891c986690,car-sales-fac36a053c698faed6910879e4bd08e8_v17_850x600.svg,3,11,526618984,48550
car-sales,StackedBar,tab=chart&time=earliest..latest&stackMode=absolute&facet=metric&uniformYAxis=1&focus=%3Cnone%3E,tab=chart&time=earliest..latest&stackMode=absolute&facet=metric&uniformYAxis=1,3b489d481789e7c1c7aee798aebf10b5,car-sales-f1c8afce9af7f0e15378c72f98904283_v17_850x600.svg,2,17,484199696,48550
car-sales,StackedBar,tab=chart&time=earliest..latest&stackMode=absolute&facet=metric&uniformYAxis=0&focus=%3Cnone%3E,tab=chart&time=earliest..latest&stackMode=absolute&facet=metric&uniformYAxis=0,f3d4056005283ce509a65bc54273953e,car-sales-f82071396a1f567601b9a6c4e97be8ea_v17_850x600.svg,2,16,491305816,48550
car-sales,StackedBar,tab=chart&time=earliest..latest&stackMode=relative&facet=none&uniformYAxis=0&focus=%3Cnone%3E,tab=chart&time=earliest..latest&stackMode=relative&facet=none&uniformYAxis=0,ffb4337f9ce8c242fcbefb01a1f0171a,car-sales-b0b0a5515a2b827c1ada39651942abe3_v17_850x600.svg,3,10,597439248,48550
car-sales,StackedBar,tab=chart&time=earliest..latest&stackMode=relative&facet=entity&uniformYAxis=1&focus=%3Cnone%3E,tab=chart&time=earliest..latest&stackMode=relative&facet=entity&uniformYAxis=1,c57da920961ad07f0a24dda6cc7d7c59,car-sales-cefeef588ba8676d4c9f9d4025016171_v17_850x600.svg,3,13,491721368,48550
car-sales,StackedBar,tab=chart&time=earliest..latest&stackMode=relative&facet=entity&uniformYAxis=0&focus=%3Cnone%3E,tab=chart&time=earliest..latest&stackMode=relative&facet=entity&uniformYAxis=0,bbc66f5474bde5b982b73c1187dca048,car-sales-ef2e9d3d5b0a6a79bbf4f24a5363c1af_v17_850x600.svg,2,9,604902944,48550
car-sales,StackedBar,tab=chart&time=earliest..latest&stackMode=relative&facet=metric&uniformYAxis=1&focus=%3Cnone%3E,tab=chart&time=earliest..latest&stackMode=relative&facet=metric&uniformYAxis=1,3f29ba0b0b4d014255409136f0698d9a,car-sales-a1a5970a3bc3027962425fb46fd31c44_v17_850x600.svg,2,14,503129336,48550
car-sales,StackedBar,tab=chart&time=earliest..latest&stackMode=relative&facet=metric&uniformYAxis=0&focus=%3Cnone%3E,tab=chart&time=earliest..latest&stackMode=relative&facet=metric&uniformYAxis=0,b7a7e0d5ce66728765117175de4a222f,car-sales-11fec5f29f3282aadd146f8733ff5269_v17_850x600.svg,3,15,502630064,48550
child-labor-among-girls-and-boys-under-two-different-definitions,Dumbbell,tab=chart&time=earliest&yScale=linear&focus=%3Cnone%3E,tab=chart&time=earliest&yScale=linear,1d8916c5ca8344eec880d233a64487ae,child-labor-among-girls-and-boys-under-two-different-definitions-5a700939f8e5f77eb5ae6f61b82fc87b_v16_850x600.svg,2,13,510934984,240
child-labor-among-girls-and-boys-under-two-different-definitions,Dumbbell,tab=chart&time=earliest&yScale=linear&focus=%3CfirstSeries%3E,tab=chart&time=earliest&yScale=linear&focus=Girls,5b5497f70c5c81bd543b761c5272c57e,child-labor-among-girls-and-boys-under-two-different-definitions-faccc5bed88147b7eac80b5f7b5a6da4_v16_850x600.svg,2,13,585230248,240
child-labor-among-girls-and-boys-under-two-different-definitions,Dumbbell,tab=chart&time=earliest&yScale=log&focus=%3Cnone%3E,tab=chart&time=earliest&yScale=log,c54935a659be7dff08885d0f05c6937a,child-labor-among-girls-and-boys-under-two-different-definitions-8a0805dcd4a9ddb383fb3290a7e5d490_v16_850x600.svg,2,12,612443080,240
child-labor-among-girls-and-boys-under-two-different-definitions,Dumbbell,tab=chart&time=latest&yScale=linear&focus=%3Cnone%3E,tab=chart&time=latest&yScale=linear,d008c5f055e9a06419a462d4fbb67136,child-labor-among-girls-and-boys-under-two-different-definitions-004479566da5eadb51940ff1930f02a8_v16_850x600.svg,2,12,518500960,240
child-labor-among-girls-and-boys-under-two-different-definitions,Dumbbell,tab=chart&time=latest&yScale=linear&focus=%3CfirstSeries%3E,tab=chart&time=latest&yScale=linear&focus=Girls,5cd5e3ae82e04082dacf5812800eae3b,child-labor-among-girls-and-boys-under-two-different-definitions-25402bade3130df5443c96f3cd688d55_v16_850x600.svg,2,15,510388640,240
child-labor-among-girls-and-boys-under-two-different-definitions,Dumbbell,tab=chart&time=latest&yScale=log&focus=%3Cnone%3E,tab=chart&time=latest&yScale=log,e3ee9dacff5b46460e43af46caec0342,child-labor-among-girls-and-boys-under-two-different-definitions-9ea1a0e39d85e2a978b1923dc567f665_v16_850x600.svg,2,11,576163176,240
child-labor-among-girls-and-boys-under-two-different-definitions,Dumbbell,tab=chart&time=earliest..latest&yScale=linear&focus=%3Cnone%3E,tab=chart&time=earliest..latest&yScale=linear,bac9cd03ddacc6a24461f2932aba42b8,child-labor-among-girls-and-boys-under-two-different-definitions-fedfee7f4e8999a57e3ae8334834369b_v16_850x600.svg,1,11,517971640,240
child-labor-among-girls-and-boys-under-two-different-definitions,Dumbbell,tab=chart&time=earliest..latest&yScale=linear&focus=%3CfirstSeries%3E,tab=chart&time=earliest..latest&yScale=linear&focus=Girls,8630570f3794845ea0f7c48929e8f305,child-labor-among-girls-and-boys-under-two-different-definitions-5a71af7f714dba16f4aa6cae0e73e383_v16_850x600.svg,2,13,557254416,240
child-labor-among-girls-and-boys-under-two-different-definitions,Dumbbell,tab=chart&time=earliest..latest&yScale=log&focus=%3Cnone%3E,tab=chart&time=earliest..latest&yScale=log,53ca6966230f231217f1b64808f7169b,child-labor-among-girls-and-boys-under-two-different-definitions-3e8c6681823c7bb7b99e8e2f95595463_v16_850x600.svg,2,11,583468832,240
children-per-woman-fertility-rate-vs-level-of-prosperity,ScatterPlot,tab=chart&time=earliest&stackMode=absolute&xScale=linear&yScale=linear&endpointsOnly=0,tab=chart&time=earliest&stackMode=absolute&xScale=linear&yScale=linear&endpointsOnly=0,09d9e5465e2e6c37789c21d7ac8e50c9,children-per-woman-fertility-rate-vs-level-of-prosperity-ef44cef40072f28b128806b62a1b64f5_v41_850x600.svg,19,71,542285320,939609
children-per-woman-fertility-rate-vs-level-of-prosperity,ScatterPlot,tab=chart&time=earliest&stackMode=absolute&xScale=linear&yScale=log&endpointsOnly=0,tab=chart&time=earliest&stackMode=absolute&xScale=linear&yScale=log&endpointsOnly=0,4ed37487fb69864dd1dacd1fca436a1d,children-per-woman-fertility-rate-vs-level-of-prosperity-bf4da6022d04e74a404d31a2ce0cd35d_v41_850x600.svg,25,78,526585744,939609
children-per-woman-fertility-rate-vs-level-of-prosperity,ScatterPlot,tab=chart&time=earliest&stackMode=absolute&xScale=log&yScale=linear&endpointsOnly=0,tab=chart&time=earliest&stackMode=absolute&xScale=log&yScale=linear&endpointsOnly=0,d558c121120fcba1ec907bb86b9bcac6,children-per-woman-fertility-rate-vs-level-of-prosperity-0dc66c3009dba22bfe9e2fa56d1c171d_v41_850x600.svg,19,72,582266960,939609
children-per-woman-fertility-rate-vs-level-of-prosperity,ScatterPlot,tab=chart&time=earliest&stackMode=absolute&xScale=log&yScale=log&endpointsOnly=0,tab=chart&time=earliest&stackMode=absolute&xScale=log&yScale=log&endpointsOnly=0,9911c566c6be2a51fe03f9c41717b3e0,children-per-woman-fertility-rate-vs-level-of-prosperity-454d8a06c8a904d55e5a527b85a87ce2_v41_850x600.svg,18,75,558181032,939609
children-per-woman-fertility-rate-vs-level-of-prosperity,ScatterPlot,tab=chart&time=latest&stackMode=absolute&xScale=linear&yScale=linear&endpointsOnly=0,tab=chart&time=latest&stackMode=absolute&xScale=linear&yScale=linear&endpointsOnly=0,279fed6ccdfc22f22de9b94a1b9bd02f,children-per-woman-fertility-rate-vs-level-of-prosperity-f7cf68d023acbb4a18c781ca2c2be340_v41_850x600.svg,13,73,592912224,939609
children-per-woman-fertility-rate-vs-level-of-prosperity,ScatterPlot,tab=chart&time=latest&stackMode=absolute&xScale=linear&yScale=log&endpointsOnly=0,tab=chart&time=latest&stackMode=absolute&xScale=linear&yScale=log&endpointsOnly=0,3e98247a010f88bc16cb94622bf0a01c,children-per-woman-fertility-rate-vs-level-of-prosperity-b3c883fa0dad54e80e145fc8c582847d_v41_850x600.svg,15,69,644696104,939609
children-per-woman-fertility-rate-vs-level-of-prosperity,ScatterPlot,tab=chart&time=latest&stackMode=absolute&xScale=log&yScale=linear&endpointsOnly=0,tab=chart&time=latest&stackMode=absolute&xScale=log&yScale=linear&endpointsOnly=0,8103ce263c07cf1ed020f844f38ec264,children-per-woman-fertility-rate-vs-level-of-prosperity-3cce01ed41b45e65c9da042b6e44b695_v41_850x600.svg,18,73,562549568,939609
children-per-woman-fertility-rate-vs-level-of-prosperity,ScatterPlot,tab=chart&time=latest&stackMode=absolute&xScale=log&yScale=log&endpointsOnly=0,tab=chart&time=latest&stackMode=absolute&xScale=log&yScale=log&endpointsOnly=0,d333dea3826e9f42b555e20e021cd801,children-per-woman-fertility-rate-vs-level-of-prosperity-3339c38abf8f713a17874e94b7b273eb_v41_850x600.svg,17,70,597837208,939609
children-per-woman-fertility-rate-vs-level-of-prosperity,ScatterPlot,tab=chart&time=earliest..latest&stackMode=absolute&xScale=linear&yScale=linear&endpointsOnly=1,tab=chart&time=earliest..latest&stackMode=absolute&xScale=linear&yScale=linear&endpointsOnly=1,011fce5d9b42bb5c8861ec4f508414f5,children-per-woman-fertility-rate-vs-level-of-prosperity-1f882d9b742806b8eea92396215dbd6c_v41_850x600.svg,25,102,555908120,939609
children-per-woman-fertility-rate-vs-level-of-prosperity,ScatterPlot,tab=chart&time=earliest..latest&stackMode=absolute&xScale=linear&yScale=linear&endpointsOnly=0,tab=chart&time=earliest..latest&stackMode=absolute&xScale=linear&yScale=linear&endpointsOnly=0,18511d1f88d672479208f854dee7bcdb,children-per-woman-fertility-rate-vs-level-of-prosperity-61e7446d84d9aeacd6869066dc6727a7_v41_850x600.svg,19,170,625846728,939609
children-per-woman-fertility-rate-vs-level-of-prosperity,ScatterPlot,tab=chart&time=earliest..latest&stackMode=absolute&xScale=linear&yScale=log&endpointsOnly=1,tab=chart&time=earliest..latest&stackMode=absolute&xScale=linear&yScale=log&endpointsOnly=1,51fce0b5b37dc8fd4c721c49fba144e4,children-per-woman-fertility-rate-vs-level-of-prosperity-cf007d31f0ed79cef10387a9fabac1e1_v41_850x600.svg,14,89,616072136,939609
children-per-woman-fertility-rate-vs-level-of-prosperity,ScatterPlot,tab=chart&time=earliest..latest&stackMode=absolute&xScale=linear&yScale=log&endpointsOnly=0,tab=chart&time=earliest..latest&stackMode=absolute&xScale=linear&yScale=log&endpointsOnly=0,8ec5bfad496cd613ce0099bcf993245c,children-per-woman-fertility-rate-vs-level-of-prosperity-a32059f0dfd00af1cc5d8c2a7369136b_v41_850x600.svg,14,149,650122152,939609
children-per-woman-fertility-rate-vs-level-of-prosperity,ScatterPlot,tab=chart&time=earliest..latest&stackMode=absolute&xScale=log&yScale=linear&endpointsOnly=1,tab=chart&time=earliest..latest&stackMode=absolute&xScale=log&yScale=linear&endpointsOnly=1,5aa19f3809f429396e5ae53c7dcd858e,children-per-woman-fertility-rate-vs-level-of-prosperity-e0e69ca57de0e8a46b54f193a71f40d8_v41_850x600.svg,20,101,564785304,939609
children-per-woman-fertility-rate-vs-level-of-prosperity,ScatterPlot,tab=chart&time=earliest..latest&stackMode=absolute&xScale=log&yScale=linear&endpointsOnly=0,tab=chart&time=earliest..latest&stackMode=absolute&xScale=log&yScale=linear&endpointsOnly=0,901752c9af910b6470b70f5de117f51b,children-per-woman-fertility-rate-vs-level-of-prosperity-3b0f995474364c6d426b8043ccc31416_v41_850x600.svg,20,172,579046400,939609
children-per-woman-fertility-rate-vs-level-of-prosperity,ScatterPlot,tab=chart&time=earliest..latest&stackMode=absolute&xScale=log&yScale=log&endpointsOnly=1,tab=chart&time=earliest..latest&stackMode=absolute&xScale=log&yScale=log&endpointsOnly=1,4182f35c1911bcdd3ac1cde873c03bbc,children-per-woman-fertility-rate-vs-level-of-prosperity-e3ecad2463ed96bedf9b1256702880c1_v41_850x600.svg,14,87,635989600,939609
children-per-woman-fertility-rate-vs-level-of-prosperity,ScatterPlot,tab=chart&time=earliest..latest&stackMode=absolute&xScale=log&yScale=log&endpointsOnly=0,tab=chart&time=earliest..latest&stackMode=absolute&xScale=log&yScale=log&endpointsOnly=0,21b9cdcd3eaba3522f4ff6de5db5822a,children-per-woman-fertility-rate-vs-level-of-prosperity-2179ff30e5f27442e154e704e6315666_v41_850x600.svg,19,185,582286168,939609
children-per-woman-fertility-rate-vs-level-of-prosperity,ScatterPlot,tab=chart&time=earliest..latest&stackMode=relative&xScale=linear&yScale=linear&endpointsOnly=0,tab=chart&time=earliest..latest&stackMode=relative&xScale=linear&yScale=linear&endpointsOnly=0,f3df9ac7725bba50760092fa2939b691,children-per-woman-fertility-rate-vs-level-of-prosperity-8c11f007e74b61e57592ac3545ea3dfc_v41_850x600.svg,20,82,653135280,939609
co-emissions-per-capita,LineChart,tab=line&time=earliest..latest&stackMode=absolute&yScale=linear&facet=none&uniformYAxis=0&focus=%3Cnone%3E,tab=line&time=earliest..latest&stackMode=absolute&yScale=linear&facet=none&uniformYAxis=0,04a7fbf9289ae7635b22e0a550fb14ea,co-emissions-per-capita-4430c2e2eb335ca7c64158941adb998d_v62_850x600.svg,12,33,675014960,899078
co-emissions-per-capita,LineChart,tab=line&time=earliest..latest&stackMode=absolute&yScale=linear&facet=none&uniformYAxis=0&focus=%3CfirstSeries%3E,tab=line&time=earliest..latest&stackMode=absolute&yScale=linear&facet=none&uniformYAxis=0&focus=World,f888f56f1290248a6f5aadd765179fcb,co-emissions-per-capita-fce8d68852eab5891d71536436a53dae_v62_850x600.svg,16,44,594241816,899078
co-emissions-per-capita,LineChart,tab=line&time=earliest..latest&stackMode=absolute&yScale=linear&facet=entity&uniformYAxis=1&focus=%3Cnone%3E,tab=line&time=earliest..latest&stackMode=absolute&yScale=linear&facet=entity&uniformYAxis=1,4efec4572fff947bd0a22a4419a91fed,co-emissions-per-capita-c9e137028d8726a2fb901026e4c9a3cb_v62_850x600.svg,11,40,672721136,899078
co-emissions-per-capita,LineChart,tab=line&time=earliest..latest&stackMode=absolute&yScale=linear&facet=entity&uniformYAxis=0&focus=%3Cnone%3E,tab=line&time=earliest..latest&stackMode=absolute&yScale=linear&facet=entity&uniformYAxis=0,16bd030af63903e06a2f1bf9c8553737,co-emissions-per-capita-a1b3bb0eec44ece440c67493e54f5bed_v62_850x600.svg,12,45,662994048,899078
co-emissions-per-capita,LineChart,tab=line&time=earliest..latest&stackMode=absolute&yScale=linear&facet=metric&uniformYAxis=1&focus=%3Cnone%3E,tab=line&time=earliest..latest&stackMode=absolute&yScale=linear&facet=metric&uniformYAxis=1,43261c2572eb888449614fca4a3ea6cd,co-emissions-per-capita-97d77284ca49046e539bb4bde7ea1ab1_v62_850x600.svg,15,36,618783792,899078
co-emissions-per-capita,LineChart,tab=line&time=earliest..latest&stackMode=absolute&yScale=linear&facet=metric&uniformYAxis=0&focus=%3Cnone%3E,tab=line&time=earliest..latest&stackMode=absolute&yScale=linear&facet=metric&uniformYAxis=0,948d58f1b6c077c0991617340ffeeda9,co-emissions-per-capita-4eb808ae74e4379569465d5e629645b3_v62_850x600.svg,12,32,697315352,899078
co-emissions-per-capita,LineChart,tab=line&time=earliest..latest&stackMode=absolute&yScale=log&facet=none&uniformYAxis=0&focus=%3Cnone%3E,tab=line&time=earliest..latest&stackMode=absolute&yScale=log&facet=none&uniformYAxis=0,5dfb19876adf0b333c4d2d02d074c6dc,co-emissions-per-capita-125775cfe5817e4e28a3556030c51d0c_v62_850x600.svg,15,39,560012800,899078
co-emissions-per-capita,LineChart,tab=line&time=earliest..latest&stackMode=absolute&yScale=log&facet=entity&uniformYAxis=1&focus=%3Cnone%3E,tab=line&time=earliest..latest&stackMode=absolute&yScale=log&facet=entity&uniformYAxis=1,548909023d801282b68900f802fa9b42,co-emissions-per-capita-2d63e33f4ac34395c7f1c42276c82bbe_v62_850x600.svg,15,55,597104360,899078
co-emissions-per-capita,LineChart,tab=line&time=earliest..latest&stackMode=absolute&yScale=log&facet=entity&uniformYAxis=0&focus=%3Cnone%3E,tab=line&time=earliest..latest&stackMode=absolute&yScale=log&facet=entity&uniformYAxis=0,94e3521834f4212f1e7e0eef091e700f,co-emissions-per-capita-a2e83d395d4ba45de21b14d7bd9fbeb7_v62_850x600.svg,15,53,704731080,899078
co-emissions-per-capita,LineChart,tab=line&time=earliest..latest&stackMode=absolute&yScale=log&facet=metric&uniformYAxis=1&focus=%3Cnone%3E,tab=line&time=earliest..latest&stackMode=absolute&yScale=log&facet=metric&uniformYAxis=1,69eceb196694dc5f7a5e51143e66c035,co-emissions-per-capita-20b9b9a19b12ae50e0d6c1a4fc28e5e8_v62_850x600.svg,17,40,621062888,899078
co-emissions-per-capita,LineChart,tab=line&time=earliest..latest&stackMode=absolute&yScale=log&facet=metric&uniformYAxis=0&focus=%3Cnone%3E,tab=line&time=earliest..latest&stackMode=absolute&yScale=log&facet=metric&uniformYAxis=0,64da0f438a75414494b6d73080c60984,co-emissions-per-capita-ca0c610171a0551dbb4a627e23e29f56_v62_850x600.svg,17,37,670009792,899078
co-emissions-per-capita,LineChart,tab=line&time=earliest..latest&stackMode=relative&yScale=linear&facet=none&uniformYAxis=0&focus=%3Cnone%3E,tab=line&time=earliest..latest&stackMode=relative&yScale=linear&facet=none&uniformYAxis=0,1b708eeec765b817a615c6b80b54a824,co-emissions-per-capita-3e69c2ab7cbb5643071a391e67189a67_v62_850x600.svg,17,43,611066928,899078
co-emissions-per-capita,LineChart,tab=line&time=earliest..latest&stackMode=relative&yScale=linear&facet=entity&uniformYAxis=1&focus=%3Cnone%3E,tab=line&time=earliest..latest&stackMode=relative&yScale=linear&facet=entity&uniformYAxis=1,a19c25d96cb190fb8d0afbbf2189b694,co-emissions-per-capita-8745684d3950240275cfac2bb38fdf4b_v62_850x600.svg,16,55,602841016,899078
co-emissions-per-capita,LineChart,tab=line&time=earliest..latest&stackMode=relative&yScale=linear&facet=entity&uniformYAxis=0&focus=%3Cnone%3E,tab=line&time=earliest..latest&stackMode=relative&yScale=linear&facet=entity&uniformYAxis=0,3cfa07537f2b1e6f14ac3505105d509e,co-emissions-per-capita-8f9ed69a69d0935eb613989e2a3cde6a_v62_850x600.svg,14,51,712873816,899078
co-emissions-per-capita,LineChart,tab=line&time=earliest..latest&stackMode=relative&yScale=linear&facet=metric&uniformYAxis=1&focus=%3Cnone%3E,tab=line&time=earliest..latest&stackMode=relative&yScale=linear&facet=metric&uniformYAxis=1,e00889e17a14ef58924ce3decb30f733,co-emissions-per-capita-3733fc4ec16a09d5cecf596a4553b8dc_v62_850x600.svg,17,41,649899344,899078
co-emissions-per-capita,LineChart,tab=line&time=earliest..latest&stackMode=relative&yScale=linear&facet=metric&uniformYAxis=0&focus=%3Cnone%3E,tab=line&time=earliest..latest&stackMode=relative&yScale=linear&facet=metric&uniformYAxis=0,31588c0829e5262c4cb665680c336535,co-emissions-per-capita-613a269764bea61f37fe6cdda4e208dc_v62_850x600.svg,18,43,625624488,899078
co-emissions-per-capita,WorldMap,tab=map&time=earliest..latest&stackMode=absolute&yScale=linear&facet=none&uniformYAxis=0&focus=%3Cnone%3E,tab=map&time=earliest..latest&stackMode=absolute&yScale=linear&facet=none&uniformYAxis=0,688b1a7b1f428f69d456a6632e49ce86,co-emissions-per-capita-d8323fbe5b81c2b6621525fd272679bb_v62_850x600.svg,41,152,677186152,899078
co-emissions-per-capita,SlopeChart,tab=slope&time=earliest..latest&stackMode=absolute&yScale=linear&facet=none&uniformYAxis=0&focus=%3Cnone%3E,tab=slope&time=earliest..latest&stackMode=absolute&yScale=linear&facet=none&uniformYAxis=0,7fd883f5064fae49588e39b9ae82b01c,co-emissions-per-capita-8869d925bb9ec36312653d7408b3825e_v62_850x600.svg,37,76,634706304,899078
co-emissions-per-capita,SlopeChart,tab=slope&time=earliest..latest&stackMode=absolute&yScale=linear&facet=entity&uniformYAxis=1&focus=%3Cnone%3E,tab=slope&time=earliest..latest&stackMode=absolute&yScale=linear&facet=entity&uniformYAxis=1,a61ff843887ad0f4fd95689416a5a2c3,co-emissions-per-capita-94f8762ac9e6f207f508da976fa7777b_v62_850x600.svg,39,72,625807528,899078
co-emissions-per-capita,SlopeChart,tab=slope&time=earliest..latest&stackMode=absolute&yScale=linear&facet=entity&uniformYAxis=0&focus=%3Cnone%3E,tab=slope&time=earliest..latest&stackMode=absolute&yScale=linear&facet=entity&uniformYAxis=0,4fda14bf2ae4f90687c5c336e67894c8,co-emissions-per-capita-784910cad399974abce10237037577b8_v62_850x600.svg,37,69,577446616,899078
co-emissions-per-capita,SlopeChart,tab=slope&time=earliest..latest&stackMode=absolute&yScale=linear&facet=metric&uniformYAxis=1&focus=%3Cnone%3E,tab=slope&time=earliest..latest&stackMode=absolute&yScale=linear&facet=metric&uniformYAxis=1,982ab278c3f550abbd8d47b8f20779fa,co-emissions-per-capita-ef7d44586247e71c5218855b27d8382c_v62_850x600.svg,36,73,744895984,899078
co-emissions-per-capita,SlopeChart,tab=slope&time=earliest..latest&stackMode=absolute&yScale=linear&facet=metric&uniformYAxis=0&focus=%3Cnone%3E,tab=slope&time=earliest..latest&stackMode=absolute&yScale=linear&facet=metric&uniformYAxis=0,b90ceeff79d458371de8b2e2b2bfc1ca,co-emissions-per-capita-826ab5a3685e5c0f530e312aed74de57_v62_850x600.svg,38,85,630106280,899078
co-emissions-per-capita,SlopeChart,tab=slope&time=earliest..latest&stackMode=absolute&yScale=log&facet=none&uniformYAxis=0&focus=%3Cnone%3E,tab=slope&time=earliest..latest&stackMode=absolute&yScale=log&facet=none&uniformYAxis=0,046d8bc85d715212615598bc9e9fcb3d,co-emissions-per-capita-2004f4ed5e6c7123527f290d11fa22e0_v62_850x600.svg,35,83,605012200,899078
co-emissions-per-capita,SlopeChart,tab=slope&time=earliest..latest&stackMode=absolute&yScale=log&facet=entity&uniformYAxis=1&focus=%3Cnone%3E,tab=slope&time=earliest..latest&stackMode=absolute&yScale=log&facet=entity&uniformYAxis=1,1e15d53a7e6721e9a317fb0cdee266f6,co-emissions-per-capita-ac638c4f34d948fe349a20d2dfb61ce7_v62_850x600.svg,36,61,631352688,899078
co-emissions-per-capita,SlopeChart,tab=slope&time=earliest..latest&stackMode=absolute&yScale=log&facet=entity&uniformYAxis=0&focus=%3Cnone%3E,tab=slope&time=earliest..latest&stackMode=absolute&yScale=log&facet=entity&uniformYAxis=0,df89443948240ea5fe3497a7d995fc6f,co-emissions-per-capita-602cf15b8e4cf555a48aab50e95a8aac_v62_850x600.svg,36,68,681302216,899078
co-emissions-per-capita,SlopeChart,tab=slope&time=earliest..latest&stackMode=absolute&yScale=log&facet=metric&uniformYAxis=1&focus=%3Cnone%3E,tab=slope&time=earliest..latest&stackMode=absolute&yScale=log&facet=metric&uniformYAxis=1,1f27a86a8780b387acdfc03375e79096,co-emissions-per-capita-85de343b2e97abe79303be8b50dc85a9_v62_850x600.svg,40,80,733081008,899078
co-emissions-per-capita,SlopeChart,tab=slope&time=earliest..latest&stackMode=absolute&yScale=log&facet=metric&uniformYAxis=0&focus=%3Cnone%3E,tab=slope&time=earliest..latest&stackMode=absolute&yScale=log&facet=metric&uniformYAxis=0,f04ee886afc4db1643dc1fd340320c92,co-emissions-per-capita-da5389268a3d40a777bafa40504058d6_v62_850x600.svg,35,72,706403712,899078
co-emissions-per-capita,SlopeChart,tab=slope&time=earliest..latest&stackMode=relative&yScale=linear&facet=none&uniformYAxis=0&focus=%3Cnone%3E,tab=slope&time=earliest..latest&stackMode=relative&yScale=linear&facet=none&uniformYAxis=0,782c536428169dae8f12806b834b5031,co-emissions-per-capita-aeff4e7484a0699e34ef7db25ee756f4_v62_850x600.svg,43,105,238470408,899078
co-emissions-per-capita,SlopeChart,tab=slope&time=earliest..latest&stackMode=relative&yScale=linear&facet=entity&uniformYAxis=1&focus=%3Cnone%3E,tab=slope&time=earliest..latest&stackMode=relative&yScale=linear&facet=entity&uniformYAxis=1,9e8211c8cf1b2cc838c69c43a60a6444,co-emissions-per-capita-3dffa15ae06e8a525ec0cee77d7eeccb_v62_850x600.svg,35,67,646435824,899078
co-emissions-per-capita,SlopeChart,tab=slope&time=earliest..latest&stackMode=relative&yScale=linear&facet=entity&uniformYAxis=0&focus=%3Cnone%3E,tab=slope&time=earliest..latest&stackMode=relative&yScale=linear&facet=entity&uniformYAxis=0,74b9be98f959c1fe86b50c075f0219cb,co-emissions-per-capita-7064be44275c8da297486c7c3b02b4c8_v62_850x600.svg,36,62,660529928,899078
co-emissions-per-capita,SlopeChart,tab=slope&time=earliest..latest&stackMode=relative&yScale=linear&facet=metric&uniformYAxis=1&focus=%3Cnone%3E,tab=slope&time=earliest..latest&stackMode=relative&yScale=linear&facet=metric&uniformYAxis=1,df5f8e51f18fbbe178d2e6cf5c17ce2e,co-emissions-per-capita-832c446b172ca5b57b8f29f2ad9a5773_v62_850x600.svg,36,71,651052816,899078
co-emissions-per-capita,SlopeChart,tab=slope&time=earliest..latest&stackMode=relative&yScale=linear&facet=metric&uniformYAxis=0&focus=%3Cnone%3E,tab=slope&time=earliest..latest&stackMode=relative&yScale=linear&facet=metric&uniformYAxis=0,cefbda997d1f13279deacf6741275b4a,co-emissions-per-capita-ce47134240246dee7c7ed0361a427b50_v62_850x600.svg,33,66,809230088,899078
co2-emissions-vs-gdp,ScatterPlot,tab=chart&time=earliest&stackMode=absolute&xScale=linear&yScale=linear&endpointsOnly=0,tab=chart&time=earliest&stackMode=absolute&xScale=linear&yScale=linear&endpointsOnly=0,8520f3a6498609a37eb133e98c07b11e,co2-emissions-vs-gdp-ef44cef40072f28b128806b62a1b64f5_v67_850x600.svg,84,449,828873992,3393678
co2-emissions-vs-gdp,ScatterPlot,tab=chart&time=earliest&stackMode=absolute&xScale=linear&yScale=log&endpointsOnly=0,tab=chart&time=earliest&stackMode=absolute&xScale=linear&yScale=log&endpointsOnly=0,c292ceb6b78e89ff0a0cae85b6ddaab1,co2-emissions-vs-gdp-bf4da6022d04e74a404d31a2ce0cd35d_v67_850x600.svg,86,444,829337616,3393678
co2-emissions-vs-gdp,ScatterPlot,tab=chart&time=earliest&stackMode=absolute&xScale=log&yScale=linear&endpointsOnly=0,tab=chart&time=earliest&stackMode=absolute&xScale=log&yScale=linear&endpointsOnly=0,0adcc62776567263149522ac8bce7e11,co2-emissions-vs-gdp-0dc66c3009dba22bfe9e2fa56d1c171d_v67_850x600.svg,104,465,812486024,3393678
co2-emissions-vs-gdp,ScatterPlot,tab=chart&time=earliest&stackMode=absolute&xScale=log&yScale=log&endpointsOnly=0,tab=chart&time=earliest&stackMode=absolute&xScale=log&yScale=log&endpointsOnly=0,3c606a2a5cbfec613f40fc383338cc97,co2-emissions-vs-gdp-454d8a06c8a904d55e5a527b85a87ce2_v67_850x600.svg,103,480,814312384,3393678
co2-emissions-vs-gdp,ScatterPlot,tab=chart&time=latest&stackMode=absolute&xScale=linear&yScale=linear&endpointsOnly=0,tab=chart&time=latest&stackMode=absolute&xScale=linear&yScale=linear&endpointsOnly=0,e86307ba220d8b62f85f4be65ae3469e,co2-emissions-vs-gdp-f7cf68d023acbb4a18c781ca2c2be340_v67_850x600.svg,77,429,411771664,3393678
co2-emissions-vs-gdp,ScatterPlot,tab=chart&time=latest&stackMode=absolute&xScale=linear&yScale=log&endpointsOnly=0,tab=chart&time=latest&stackMode=absolute&xScale=linear&yScale=log&endpointsOnly=0,cfa4583365d931ecd0f2986b92619d4c,co2-emissions-vs-gdp-b3c883fa0dad54e80e145fc8c582847d_v67_850x600.svg,73,451,366356848,3393678
co2-emissions-vs-gdp,ScatterPlot,tab=chart&time=latest&stackMode=absolute&xScale=log&yScale=linear&endpointsOnly=0,tab=chart&time=latest&stackMode=absolute&xScale=log&yScale=linear&endpointsOnly=0,4ae28c7fc59de3ad620b01b59feaa7bc,co2-emissions-vs-gdp-3cce01ed41b45e65c9da042b6e44b695_v67_850x600.svg,117,484,433396704,3393678
co2-emissions-vs-gdp,ScatterPlot,tab=chart&time=latest&stackMode=absolute&xScale=log&yScale=log&endpointsOnly=0,tab=chart&time=latest&stackMode=absolute&xScale=log&yScale=log&endpointsOnly=0,9927ed0ca48564d2c4434d63c7b5d680,co2-emissions-vs-gdp-3339c38abf8f713a17874e94b7b273eb_v67_850x600.svg,72,389,588788624,3393678
co2-emissions-vs-gdp,ScatterPlot,tab=chart&time=earliest..latest&stackMode=absolute&xScale=linear&yScale=linear&endpointsOnly=1,tab=chart&time=earliest..latest&stackMode=absolute&xScale=linear&yScale=linear&endpointsOnly=1,b0ba06a7d9264ac5313170c9b63944f8,co2-emissions-vs-gdp-1f882d9b742806b8eea92396215dbd6c_v67_850x600.svg,117,529,418700776,3393678
co2-emissions-vs-gdp,ScatterPlot,tab=chart&time=earliest..latest&stackMode=absolute&xScale=linear&yScale=linear&endpointsOnly=0,tab=chart&time=earliest..latest&stackMode=absolute&xScale=linear&yScale=linear&endpointsOnly=0,9f1198d98a7ba2ed77dbaefe55c96c48,co2-emissions-vs-gdp-61e7446d84d9aeacd6869066dc6727a7_v67_850x600.svg,94,706,392540904,3393678
co2-emissions-vs-gdp,ScatterPlot,tab=chart&time=earliest..latest&stackMode=absolute&xScale=linear&yScale=log&endpointsOnly=1,tab=chart&time=earliest..latest&stackMode=absolute&xScale=linear&yScale=log&endpointsOnly=1,2fd3e6a96efce6ce1a5d7393b3fd5731,co2-emissions-vs-gdp-cf007d31f0ed79cef10387a9fabac1e1_v67_850x600.svg,74,434,555427536,3393678
co2-emissions-vs-gdp,ScatterPlot,tab=chart&time=earliest..latest&stackMode=absolute&xScale=linear&yScale=log&endpointsOnly=0,tab=chart&time=earliest..latest&stackMode=absolute&xScale=linear&yScale=log&endpointsOnly=0,fa4cb9b66d22821f2d54398e21723988,co2-emissions-vs-gdp-a32059f0dfd00af1cc5d8c2a7369136b_v67_850x600.svg,84,666,366966576,3393678
co2-emissions-vs-gdp,ScatterPlot,tab=chart&time=earliest..latest&stackMode=absolute&xScale=log&yScale=linear&endpointsOnly=1,tab=chart&time=earliest..latest&stackMode=absolute&xScale=log&yScale=linear&endpointsOnly=1,2f5594052a870734ce827cd8c090fc43,co2-emissions-vs-gdp-e0e69ca57de0e8a46b54f193a71f40d8_v67_850x600.svg,73,427,777453736,3393678
co2-emissions-vs-gdp,ScatterPlot,tab=chart&time=earliest..latest&stackMode=absolute&xScale=log&yScale=linear&endpointsOnly=0,tab=chart&time=earliest..latest&stackMode=absolute&xScale=log&yScale=linear&endpointsOnly=0,307d4bcc2f2d24045c42b7b18350971f,co2-emissions-vs-gdp-3b0f995474364c6d426b8043ccc31416_v67_850x600.svg,100,703,601985968,3393678
co2-emissions-vs-gdp,ScatterPlot,tab=chart&time=earliest..latest&stackMode=absolute&xScale=log&yScale=log&endpointsOnly=1,tab=chart&time=earliest..latest&stackMode=absolute&xScale=log&yScale=log&endpointsOnly=1,5acd92bbc42f7d17bfe352376f0ba620,co2-emissions-vs-gdp-e3ecad2463ed96bedf9b1256702880c1_v67_850x600.svg,70,436,738760536,3393678
co2-emissions-vs-gdp,ScatterPlot,tab=chart&time=earliest..latest&stackMode=absolute&xScale=log&yScale=log&endpointsOnly=0,tab=chart&time=earliest..latest&stackMode=absolute&xScale=log&yScale=log&endpointsOnly=0,15446e0a35b7faf8237dc8c73d94ab59,co2-emissions-vs-gdp-2179ff30e5f27442e154e704e6315666_v67_850x600.svg,100,706,629390696,3393678
co2-emissions-vs-gdp,ScatterPlot,tab=chart&time=earliest..latest&stackMode=relative&xScale=linear&yScale=linear&endpointsOnly=0,tab=chart&time=earliest..latest&stackMode=relative&xScale=linear&yScale=linear&endpointsOnly=0,80acc57d2a3c697c8083ba8a916f0449,co2-emissions-vs-gdp-8c11f007e74b61e57592ac3545ea3dfc_v67_850x600.svg,93,528,552784576,3393678
co2-per-capita-marimekko,Marimekko,tab=chart&time=earliest&stackMode=absolute&showNoDataArea=1,tab=chart&time=earliest&stackMode=absolute&showNoDataArea=1,ea333f132a7fc122a803746e32a18cb0,co2-per-capita-marimekko-241409b3746c788e4acd939b8b33bc31_v38_850x600.svg,70,281,449920040,2740754
co2-per-capita-marimekko,Marimekko,tab=chart&time=earliest&stackMode=absolute&showNoDataArea=0,tab=chart&time=earliest&stackMode=absolute&showNoDataArea=0,5ad1f36197b834413f28befe0c9ab098,co2-per-capita-marimekko-a4125f55250928f556fd492aa291c876_v38_850x600.svg,72,267,847182816,2740754
co2-per-capita-marimekko,Marimekko,tab=chart&time=earliest&stackMode=relative&showNoDataArea=1,tab=chart&time=earliest&stackMode=relative&showNoDataArea=1,51ffefa5f61a2f6d1ee0ec393887439c,co2-per-capita-marimekko-bd36a6ff48d328b07e6f43ed3299fde2_v38_850x600.svg,62,218,778534008,2740754
co2-per-capita-marimekko,Marimekko,tab=chart&time=earliest&stackMode=relative&showNoDataArea=0,tab=chart&time=earliest&stackMode=relative&showNoDataArea=0,41a8f1b54a5a224441ee9beb9b079a1e,co2-per-capita-marimekko-e1acf2328eecf43659fcecf28abc2c0c_v38_850x600.svg,64,234,525655856,2740754
co2-per-capita-marimekko,Marimekko,tab=chart&time=latest&stackMode=absolute&showNoDataArea=1,tab=chart&time=latest&stackMode=absolute&showNoDataArea=1,caa725b370dd63b483c6efd91282daac,co2-per-capita-marimekko-6a32c66e3623fda65fb9b44d9994515f_v38_850x600.svg,51,184,888409184,2740754
co2-per-capita-marimekko,Marimekko,tab=chart&time=latest&stackMode=absolute&showNoDataArea=0,tab=chart&time=latest&stackMode=absolute&showNoDataArea=0,af1970fd3a52220826fc8bebf7c0a773,co2-per-capita-marimekko-fcfced7a079bead6b5c18accbd776a61_v38_850x600.svg,49,218,840581984,2740754
co2-per-capita-marimekko,Marimekko,tab=chart&time=latest&stackMode=relative&showNoDataArea=1,tab=chart&time=latest&stackMode=relative&showNoDataArea=1,810326aa02137d0e37379d59033bb266,co2-per-capita-marimekko-6ac59886d82f0751d503812ecf6e309a_v38_850x600.svg,64,222,647104120,2740754
co2-per-capita-marimekko,Marimekko,tab=chart&time=latest&stackMode=relative&showNoDataArea=0,tab=chart&time=latest&stackMode=relative&showNoDataArea=0,3cdd3a6cb48a24f588493e123a627d86,co2-per-capita-marimekko-1756c7e7d468dcb830038097a0a431ae_v38_850x600.svg,65,250,627029424,2740754
cost-space-launches-low-earth-orbit,ScatterPlot,tab=chart&time=earliest&stackMode=absolute&xScale=linear&yScale=linear&endpointsOnly=0,tab=chart&time=earliest&stackMode=absolute&xScale=linear&yScale=linear&endpointsOnly=0,743f1566c1d1f807933465aa4da3da91,cost-space-launches-low-earth-orbit-ef44cef40072f28b128806b62a1b64f5_v22_850x600.svg,1,20,536875912,4274
cost-space-launches-low-earth-orbit,ScatterPlot,tab=chart&time=earliest&stackMode=absolute&xScale=linear&yScale=log&endpointsOnly=0,tab=chart&time=earliest&stackMode=absolute&xScale=linear&yScale=log&endpointsOnly=0,8914b988c7b837d01edb816d3b2c410b,cost-space-launches-low-earth-orbit-bf4da6022d04e74a404d31a2ce0cd35d_v22_850x600.svg,2,21,640707544,4274
cost-space-launches-low-earth-orbit,ScatterPlot,tab=chart&time=earliest&stackMode=absolute&xScale=log&yScale=linear&endpointsOnly=0,tab=chart&time=earliest&stackMode=absolute&xScale=log&yScale=linear&endpointsOnly=0,99681bf0b33e7e46036dae76e1e2efb9,cost-space-launches-low-earth-orbit-0dc66c3009dba22bfe9e2fa56d1c171d_v22_850x600.svg,2,21,899953096,4274
cost-space-launches-low-earth-orbit,ScatterPlot,tab=chart&time=earliest&stackMode=absolute&xScale=log&yScale=log&endpointsOnly=0,tab=chart&time=earliest&stackMode=absolute&xScale=log&yScale=log&endpointsOnly=0,aff3bc9f7dbd78aa51b3977521fabc3a,cost-space-launches-low-earth-orbit-454d8a06c8a904d55e5a527b85a87ce2_v22_850x600.svg,2,21,502627280,4274
cost-space-launches-low-earth-orbit,ScatterPlot,tab=chart&time=latest&stackMode=absolute&xScale=linear&yScale=linear&endpointsOnly=0,tab=chart&time=latest&stackMode=absolute&xScale=linear&yScale=linear&endpointsOnly=0,eb34c82547cad3cb6345eed17bb3086a,cost-space-launches-low-earth-orbit-f7cf68d023acbb4a18c781ca2c2be340_v22_850x600.svg,1,17,607620456,4274
cost-space-launches-low-earth-orbit,ScatterPlot,tab=chart&time=latest&stackMode=absolute&xScale=linear&yScale=log&endpointsOnly=0,tab=chart&time=latest&stackMode=absolute&xScale=linear&yScale=log&endpointsOnly=0,1e25627b0724d582190ff6b887426b40,cost-space-launches-low-earth-orbit-b3c883fa0dad54e80e145fc8c582847d_v22_850x600.svg,1,18,618702232,4274
cost-space-launches-low-earth-orbit,ScatterPlot,tab=chart&time=latest&stackMode=absolute&xScale=log&yScale=linear&endpointsOnly=0,tab=chart&time=latest&stackMode=absolute&xScale=log&yScale=linear&endpointsOnly=0,77142c5080ebe752aaa32dce00db8a73,cost-space-launches-low-earth-orbit-3cce01ed41b45e65c9da042b6e44b695_v22_850x600.svg,1,18,514400112,4274
cost-space-launches-low-earth-orbit,ScatterPlot,tab=chart&time=latest&stackMode=absolute&xScale=log&yScale=log&endpointsOnly=0,tab=chart&time=latest&stackMode=absolute&xScale=log&yScale=log&endpointsOnly=0,82966eaab08688cdb441737926c4b2b6,cost-space-launches-low-earth-orbit-3339c38abf8f713a17874e94b7b273eb_v22_850x600.svg,2,16,630278968,4274
cost-space-launches-low-earth-orbit,ScatterPlot,tab=chart&time=earliest..latest&stackMode=absolute&xScale=linear&yScale=linear&endpointsOnly=1,tab=chart&time=earliest..latest&stackMode=absolute&xScale=linear&yScale=linear&endpointsOnly=1,15e415a0e69cd111e6fa1392b9712fcc,cost-space-launches-low-earth-orbit-1f882d9b742806b8eea92396215dbd6c_v22_850x600.svg,2,22,528001408,4274
cost-space-launches-low-earth-orbit,ScatterPlot,tab=chart&time=earliest..latest&stackMode=absolute&xScale=linear&yScale=linear&endpointsOnly=0,tab=chart&time=earliest..latest&stackMode=absolute&xScale=linear&yScale=linear&endpointsOnly=0,85d800e0d143754c9103280e6351143a,cost-space-launches-low-earth-orbit-61e7446d84d9aeacd6869066dc6727a7_v22_850x600.svg,1,21,190343352,4274
cost-space-launches-low-earth-orbit,ScatterPlot,tab=chart&time=earliest..latest&stackMode=absolute&xScale=linear&yScale=log&endpointsOnly=1,tab=chart&time=earliest..latest&stackMode=absolute&xScale=linear&yScale=log&endpointsOnly=1,be6fa99953aab01fbda7f0b6ef0debc7,cost-space-launches-low-earth-orbit-cf007d31f0ed79cef10387a9fabac1e1_v22_850x600.svg,1,20,643690216,4274
cost-space-launches-low-earth-orbit,ScatterPlot,tab=chart&time=earliest..latest&stackMode=absolute&xScale=linear&yScale=log&endpointsOnly=0,tab=chart&time=earliest..latest&stackMode=absolute&xScale=linear&yScale=log&endpointsOnly=0,0bef3c8c7c0458bfb18ca049814e09bf,cost-space-launches-low-earth-orbit-a32059f0dfd00af1cc5d8c2a7369136b_v22_850x600.svg,1,20,854120712,4274
cost-space-launches-low-earth-orbit,ScatterPlot,tab=chart&time=earliest..latest&stackMode=absolute&xScale=log&yScale=linear&endpointsOnly=1,tab=chart&time=earliest..latest&stackMode=absolute&xScale=log&yScale=linear&endpointsOnly=1,dfcbf134efbded33c18448440951c48f,cost-space-launches-low-earth-orbit-e0e69ca57de0e8a46b54f193a71f40d8_v22_850x600.svg,2,21,513209888,4274
cost-space-launches-low-earth-orbit,ScatterPlot,tab=chart&time=earliest..latest&stackMode=absolute&xScale=log&yScale=linear&endpointsOnly=0,tab=chart&time=earliest..latest&stackMode=absolute&xScale=log&yScale=linear&endpointsOnly=0,201da84f8e46761f45fc0b9b72b53a44,cost-space-launches-low-earth-orbit-3b0f995474364c6d426b8043ccc31416_v22_850x600.svg,1,19,203639984,4274
cost-space-launches-low-earth-orbit,ScatterPlot,tab=chart&time=earliest..latest&stackMode=absolute&xScale=log&yScale=log&endpointsOnly=1,tab=chart&time=earliest..latest&stackMode=absolute&xScale=log&yScale=log&endpointsOnly=1,2e9f16d5bcf61c21a55db133d1e9dbd3,cost-space-launches-low-earth-orbit-e3ecad2463ed96bedf9b1256702880c1_v22_850x600.svg,2,21,657249632,4274
cost-space-launches-low-earth-orbit,ScatterPlot,tab=chart&time=earliest..latest&stackMode=absolute&xScale=log&yScale=log&endpointsOnly=0,tab=chart&time=earliest..latest&stackMode=absolute&xScale=log&yScale=log&endpointsOnly=0,5e0ab02f11cbd9c559c69ee1a9adc7a7,cost-space-launches-low-earth-orbit-2179ff30e5f27442e154e704e6315666_v22_850x600.svg,2,19,867575264,4274
cost-space-launches-low-earth-orbit,ScatterPlot,tab=chart&time=earliest..latest&stackMode=relative&xScale=linear&yScale=linear&endpointsOnly=0,tab=chart&time=earliest..latest&stackMode=relative&xScale=linear&yScale=linear&endpointsOnly=0,efeb55fda06c3e04183421f35413c56e,cost-space-launches-low-earth-orbit-8c11f007e74b61e57592ac3545ea3dfc_v22_850x600.svg,1,11,521405352,4274
covid-people-vaccinated-marimekko,Marimekko,tab=chart&time=earliest&stackMode=absolute&showNoDataArea=1,tab=chart&time=earliest&stackMode=absolute&showNoDataArea=1,5da7fdbddb1ba087b822401d1031566a,covid-people-vaccinated-marimekko-241409b3746c788e4acd939b8b33bc31_v1017_850x600.svg,241,880,521224680,5312853
covid-people-vaccinated-marimekko,Marimekko,tab=chart&time=earliest&stackMode=absolute&showNoDataArea=0,tab=chart&time=earliest&stackMode=absolute&showNoDataArea=0,a22a35bd76d7e60fb2c9ffe3df62aa98,covid-people-vaccinated-marimekko-a4125f55250928f556fd492aa291c876_v1017_850x600.svg,326,1225,517454680,5312853
covid-people-vaccinated-marimekko,Marimekko,tab=chart&time=earliest&stackMode=relative&showNoDataArea=1,tab=chart&time=earliest&stackMode=relative&showNoDataArea=1,581c348534f60c591813d24d2a2a3373,covid-people-vaccinated-marimekko-bd36a6ff48d328b07e6f43ed3299fde2_v1017_850x600.svg,356,1121,455869592,5312853
covid-people-vaccinated-marimekko,Marimekko,tab=chart&time=earliest&stackMode=relative&showNoDataArea=0,tab=chart&time=earliest&stackMode=relative&showNoDataArea=0,c00eb3162a3ee5b72e94b8df3912c4d0,covid-people-vaccinated-marimekko-e1acf2328eecf43659fcecf28abc2c0c_v1017_850x600.svg,345,1247,551962200,5312853
covid-people-vaccinated-marimekko,Marimekko,tab=chart&time=latest&stackMode=absolute&showNoDataArea=1,tab=chart&time=latest&stackMode=absolute&showNoDataArea=1,7fcdfd671c8add9ac58d75476ee2a9b9,covid-people-vaccinated-marimekko-6a32c66e3623fda65fb9b44d9994515f_v1017_850x600.svg,236,846,1143476664,5312853
covid-people-vaccinated-marimekko,Marimekko,tab=chart&time=latest&stackMode=absolute&showNoDataArea=0,tab=chart&time=latest&stackMode=absolute&showNoDataArea=0,15f33ff4a3cb1bd0a8dbea2012608785,covid-people-vaccinated-marimekko-fcfced7a079bead6b5c18accbd776a61_v1017_850x600.svg,349,1098,1011174640,5312853
covid-people-vaccinated-marimekko,Marimekko,tab=chart&time=latest&stackMode=relative&showNoDataArea=1,tab=chart&time=latest&stackMode=relative&showNoDataArea=1,e3b379164648696effd0c66078c4eab5,covid-people-vaccinated-marimekko-6ac59886d82f0751d503812ecf6e309a_v1017_850x600.svg,247,1077,413006904,5312853
covid-people-vaccinated-marimekko,Marimekko,tab=chart&time=latest&stackMode=relative&showNoDataArea=0,tab=chart&time=latest&stackMode=relative&showNoDataArea=0,0e763290910ca9fb4308a5f347b7e019,covid-people-vaccinated-marimekko-1756c7e7d468dcb830038097a0a431ae_v1017_850x600.svg,242,1170,534756160,5312853
covid-vaccinations-vs-covid-death-rate,ScatterPlot,tab=chart&time=earliest&stackMode=absolute&xScale=linear&yScale=linear&endpointsOnly=0,tab=chart&time=earliest&stackMode=absolute&xScale=linear&yScale=linear&endpointsOnly=0,96527f680a134275c7dae06ce02ff2ff,covid-vaccinations-vs-covid-death-rate-ef44cef40072f28b128806b62a1b64f5_v4142_850x600.svg,2378,3645,768240688,19542928
covid-vaccinations-vs-covid-death-rate,ScatterPlot,tab=chart&time=earliest&stackMode=absolute&xScale=linear&yScale=log&endpointsOnly=0,tab=chart&time=earliest&stackMode=absolute&xScale=linear&yScale=log&endpointsOnly=0,d469376fff9fb9b92001afd06119c058,covid-vaccinations-vs-covid-death-rate-bf4da6022d04e74a404d31a2ce0cd35d_v4142_850x600.svg,2548,3753,759418008,19542928
covid-vaccinations-vs-covid-death-rate,ScatterPlot,tab=chart&time=earliest&stackMode=absolute&xScale=log&yScale=linear&endpointsOnly=0,tab=chart&time=earliest&stackMode=absolute&xScale=log&yScale=linear&endpointsOnly=0,beece3d35cdafa28786b43ae97d97b34,covid-vaccinations-vs-covid-death-rate-0dc66c3009dba22bfe9e2fa56d1c171d_v4142_850x600.svg,2399,3692,794144280,19542928
covid-vaccinations-vs-covid-death-rate,ScatterPlot,tab=chart&time=earliest&stackMode=absolute&xScale=log&yScale=log&endpointsOnly=0,tab=chart&time=earliest&stackMode=absolute&xScale=log&yScale=log&endpointsOnly=0,35feb6ce5c6b3bd12e35ef9da7bba4b8,covid-vaccinations-vs-covid-death-rate-454d8a06c8a904d55e5a527b85a87ce2_v4142_850x600.svg,2182,3390,779589072,19542928
covid-vaccinations-vs-covid-death-rate,ScatterPlot,tab=chart&time=latest&stackMode=absolute&xScale=linear&yScale=linear&endpointsOnly=0,tab=chart&time=latest&stackMode=absolute&xScale=linear&yScale=linear&endpointsOnly=0,0e0ddbbd257717d0578f9f1c12738ee0,covid-vaccinations-vs-covid-death-rate-f7cf68d023acbb4a18c781ca2c2be340_v4142_850x600.svg,1709,2923,808762952,19542928
covid-vaccinations-vs-covid-death-rate,ScatterPlot,tab=chart&time=latest&stackMode=absolute&xScale=linear&yScale=log&endpointsOnly=0,tab=chart&time=latest&stackMode=absolute&xScale=linear&yScale=log&endpointsOnly=0,97de11af07ee5469f71a1990a65f87fb,covid-vaccinations-vs-covid-death-rate-b3c883fa0dad54e80e145fc8c582847d_v4142_850x600.svg,1825,2888,1564243200,19542928
covid-vaccinations-vs-covid-death-rate,ScatterPlot,tab=chart&time=latest&stackMode=absolute&xScale=log&yScale=linear&endpointsOnly=0,tab=chart&time=latest&stackMode=absolute&xScale=log&yScale=linear&endpointsOnly=0,3a8cc8fa9cbc3eb1781f038f357e4192,covid-vaccinations-vs-covid-death-rate-3cce01ed41b45e65c9da042b6e44b695_v4142_850x600.svg,2304,3554,1922306424,19542928
covid-vaccinations-vs-covid-death-rate,ScatterPlot,tab=chart&time=latest&stackMode=absolute&xScale=log&yScale=log&endpointsOnly=0,tab=chart&time=latest&stackMode=absolute&xScale=log&yScale=log&endpointsOnly=0,17b14afc62cf9fd0015260bf11d007ae,covid-vaccinations-vs-covid-death-rate-3339c38abf8f713a17874e94b7b273eb_v4142_850x600.svg,1773,2816,1901540288,19542928
covid-vaccinations-vs-covid-death-rate,ScatterPlot,tab=chart&time=earliest..latest&stackMode=absolute&xScale=linear&yScale=linear&endpointsOnly=1,tab=chart&time=earliest..latest&stackMode=absolute&xScale=linear&yScale=linear&endpointsOnly=1,d4fa402f7fc04893855134e2bd53b02c,covid-vaccinations-vs-covid-death-rate-1f882d9b742806b8eea92396215dbd6c_v4142_850x600.svg,2317,3591,1912154536,19542928
covid-vaccinations-vs-covid-death-rate,ScatterPlot,tab=chart&time=earliest..latest&stackMode=absolute&xScale=linear&yScale=linear&endpointsOnly=0,tab=chart&time=earliest..latest&stackMode=absolute&xScale=linear&yScale=linear&endpointsOnly=0,a30490ae8b1b503422d8be67c4bdb0bf,covid-vaccinations-vs-covid-death-rate-61e7446d84d9aeacd6869066dc6727a7_v4142_850x600.svg,2321,5040,2032772184,19542928
covid-vaccinations-vs-covid-death-rate,ScatterPlot,tab=chart&time=earliest..latest&stackMode=absolute&xScale=linear&yScale=log&endpointsOnly=1,tab=chart&time=earliest..latest&stackMode=absolute&xScale=linear&yScale=log&endpointsOnly=1,e5c682dcb8898be0c76b437f4081301b,covid-vaccinations-vs-covid-death-rate-cf007d31f0ed79cef10387a9fabac1e1_v4142_850x600.svg,1893,3037,1267824544,19542928
covid-vaccinations-vs-covid-death-rate,ScatterPlot,tab=chart&time=earliest..latest&stackMode=absolute&xScale=linear&yScale=log&endpointsOnly=0,tab=chart&time=earliest..latest&stackMode=absolute&xScale=linear&yScale=log&endpointsOnly=0,60f1bbe89eaed1674476c10dad95adc8,covid-vaccinations-vs-covid-death-rate-a32059f0dfd00af1cc5d8c2a7369136b_v4142_850x600.svg,2357,4845,819578432,19542928
covid-vaccinations-vs-covid-death-rate,ScatterPlot,tab=chart&time=earliest..latest&stackMode=absolute&xScale=log&yScale=linear&endpointsOnly=1,tab=chart&time=earliest..latest&stackMode=absolute&xScale=log&yScale=linear&endpointsOnly=1,81243218f3e4ffed7f2dba592eddb069,covid-vaccinations-vs-covid-death-rate-e0e69ca57de0e8a46b54f193a71f40d8_v4142_850x600.svg,1846,3029,1900366496,19542928
covid-vaccinations-vs-covid-death-rate,ScatterPlot,tab=chart&time=earliest..latest&stackMode=absolute&xScale=log&yScale=linear&endpointsOnly=0,tab=chart&time=earliest..latest&stackMode=absolute&xScale=log&yScale=linear&endpointsOnly=0,4ee78fca1bced324edc5e9be397a623f,covid-vaccinations-vs-covid-death-rate-3b0f995474364c6d426b8043ccc31416_v4142_850x600.svg,2003,4373,1464765288,19542928
covid-vaccinations-vs-covid-death-rate,ScatterPlot,tab=chart&time=earliest..latest&stackMode=absolute&xScale=log&yScale=log&endpointsOnly=1,tab=chart&time=earliest..latest&stackMode=absolute&xScale=log&yScale=log&endpointsOnly=1,75c19fe874626409cbacf5274740f13b,covid-vaccinations-vs-covid-death-rate-e3ecad2463ed96bedf9b1256702880c1_v4142_850x600.svg,2490,3626,1004502576,19542928
covid-vaccinations-vs-covid-death-rate,ScatterPlot,tab=chart&time=earliest..latest&stackMode=absolute&xScale=log&yScale=log&endpointsOnly=0,tab=chart&time=earliest..latest&stackMode=absolute&xScale=log&yScale=log&endpointsOnly=0,d4673cd70bb1fbff3c8e08e677ccee46,covid-vaccinations-vs-covid-death-rate-2179ff30e5f27442e154e704e6315666_v4142_850x600.svg,2400,4814,903345768,19542928
covid-vaccinations-vs-covid-death-rate,ScatterPlot,tab=chart&time=earliest..latest&stackMode=relative&xScale=linear&yScale=linear&endpointsOnly=0,tab=chart&time=earliest..latest&stackMode=relative&xScale=linear&yScale=linear&endpointsOnly=0,3eb3b61b3b18636150fa1503d970924d,covid-vaccinations-vs-covid-death-rate-8c11f007e74b61e57592ac3545ea3dfc_v4142_850x600.svg,2417,5037,2083256816,19542928
death-rates-from-energy-production-per-twh,DiscreteBar,tab=chart&time=earliest&facet=none&focus=%3Cnone%3E,tab=chart&time=earliest&facet=none,dd55a37931bcd3dfbc4c074d5c69a6f8,death-rates-from-energy-production-per-twh-5ad5324a3e7cb4744cafd0292784aeb4_v11_850x600.svg,2,12,2039107016,341
death-rates-from-energy-production-per-twh,DiscreteBar,tab=chart&time=earliest&facet=none&focus=%3CfirstSeries%3E,tab=chart&time=earliest&facet=none&focus=Brown+coal,f2f744ccd829fdb735cacc0a91a02b78,death-rates-from-energy-production-per-twh-413bab0ae306dab7df92d6ba630f412f_v11_850x600.svg,2,12,2045338512,341
death-rates-from-energy-production-per-twh,DiscreteBar,tab=chart&time=earliest&facet=entity&focus=%3Cnone%3E,tab=chart&time=earliest&facet=entity,a4ab2930d72844029dcbae245e84cbc5,death-rates-from-energy-production-per-twh-fcfab55d63e48011e9b36e60b315e6c4_v11_850x600.svg,2,11,2051580904,341
death-rates-from-energy-production-per-twh,DiscreteBar,tab=chart&time=earliest&facet=metric&focus=%3Cnone%3E,tab=chart&time=earliest&facet=metric,f2c6ac6fcc3f96db420e8edcd54f4c7e,death-rates-from-energy-production-per-twh-6105422927fa62c87e79cf6af0865bd4_v11_850x600.svg,2,11,2057795944,341
death-rates-from-energy-production-per-twh,DiscreteBar,tab=chart&time=latest&facet=none&focus=%3Cnone%3E,tab=chart&time=latest&facet=none,1eff849a22d5c3112802d333001f7530,death-rates-from-energy-production-per-twh-02afa8dd2efa0f8e76ff495d3c36b022_v11_850x600.svg,2,11,2064031672,341
death-rates-from-energy-production-per-twh,DiscreteBar,tab=chart&time=latest&facet=none&focus=%3CfirstSeries%3E,tab=chart&time=latest&facet=none&focus=Brown+coal,fbd081fc512860adb656e6a95b6ff783,death-rates-from-energy-production-per-twh-12a0dea75ce8587609bcbbe26ee09a7f_v11_850x600.svg,2,13,2070257552,341
death-rates-from-energy-production-per-twh,DiscreteBar,tab=chart&time=latest&facet=entity&focus=%3Cnone%3E,tab=chart&time=latest&facet=entity,4fe5879d1722904c8b799a56841749ab,death-rates-from-energy-production-per-twh-abf9330721887f4501456e22b3da29b6_v11_850x600.svg,2,13,2031191528,341
death-rates-from-energy-production-per-twh,DiscreteBar,tab=chart&time=latest&facet=metric&focus=%3Cnone%3E,tab=chart&time=latest&facet=metric,13368da642c00f5a353000f89e140a6d,death-rates-from-energy-production-per-twh-0cd159859e5c409d35d40d6d91fd8b6f_v11_850x600.svg,2,13,2037382432,341
deaths-in-armed-conflicts-by-country,StackedBar,tab=chart&time=earliest..latest&stackMode=absolute&facet=none&uniformYAxis=0&focus=%3Cnone%3E,tab=chart&time=earliest..latest&stackMode=absolute&facet=none&uniformYAxis=0,04476f96b15dd684d97d294a9f00a6e1,deaths-in-armed-conflicts-by-country-75eb85d8825ab16ee5683894399929b3_v84_850x600.svg,11,40,2053774152,210458
deaths-in-armed-conflicts-by-country,StackedBar,tab=chart&time=earliest..latest&stackMode=absolute&facet=none&uniformYAxis=0&focus=%3CfirstSeries%3E,tab=chart&time=earliest..latest&stackMode=absolute&facet=none&uniformYAxis=0&focus=Ukraine,e899fb28b01caf5f41d5cc4f09509484,deaths-in-armed-conflicts-by-country-e3b6d49f01b409b1de189e0363b4f7b7_v84_850x600.svg,6,28,2070099584,210458
deaths-in-armed-conflicts-by-country,StackedBar,tab=chart&time=earliest..latest&stackMode=absolute&facet=entity&uniformYAxis=1&focus=%3Cnone%3E,tab=chart&time=earliest..latest&stackMode=absolute&facet=entity&uniformYAxis=1,179e1a0a32c61ef5af4e6a9703330622,deaths-in-armed-conflicts-by-country-bdb5edc1dff767e2744c007b5472f9f8_v84_850x600.svg,6,70,2059008784,210458
deaths-in-armed-conflicts-by-country,StackedBar,tab=chart&time=earliest..latest&stackMode=absolute&facet=entity&uniformYAxis=0&focus=%3Cnone%3E,tab=chart&time=earliest..latest&stackMode=absolute&facet=entity&uniformYAxis=0,4bf9df5a1bf36c957c255b90830cef95,deaths-in-armed-conflicts-by-country-fac36a053c698faed6910879e4bd08e8_v84_850x600.svg,7,59,2092066224,210458
deaths-in-armed-conflicts-by-country,StackedBar,tab=chart&time=earliest..latest&stackMode=absolute&facet=metric&uniformYAxis=1&focus=%3Cnone%3E,tab=chart&time=earliest..latest&stackMode=absolute&facet=metric&uniformYAxis=1,a1899ffd41d2cf22993ab699653cf988,deaths-in-armed-conflicts-by-country-f1c8afce9af7f0e15378c72f98904283_v84_850x600.svg,6,26,2069152064,210458
deaths-in-armed-conflicts-by-country,StackedBar,tab=chart&time=earliest..latest&stackMode=absolute&facet=metric&uniformYAxis=0&focus=%3Cnone%3E,tab=chart&time=earliest..latest&stackMode=absolute&facet=metric&uniformYAxis=0,1675579307c9f9a394ee7abf9bdf7ba4,deaths-in-armed-conflicts-by-country-f82071396a1f567601b9a6c4e97be8ea_v84_850x600.svg,6,27,2085343800,210458
deaths-in-armed-conflicts-by-country,StackedBar,tab=chart&time=earliest..latest&stackMode=relative&facet=none&uniformYAxis=0&focus=%3Cnone%3E,tab=chart&time=earliest..latest&stackMode=relative&facet=none&uniformYAxis=0,4f1002a91ec03edd0ca0fcef5f8ee167,deaths-in-armed-conflicts-by-country-b0b0a5515a2b827c1ada39651942abe3_v84_850x600.svg,6,32,2101216336,210458
deaths-in-armed-conflicts-by-country,StackedBar,tab=chart&time=earliest..latest&stackMode=relative&facet=entity&uniformYAxis=1&focus=%3Cnone%3E,tab=chart&time=earliest..latest&stackMode=relative&facet=entity&uniformYAxis=1,3fb69172585badd2b6a0871ce4b3fbf9,deaths-in-armed-conflicts-by-country-cefeef588ba8676d4c9f9d4025016171_v84_850x600.svg,6,50,2095878280,210458
deaths-in-armed-conflicts-by-country,StackedBar,tab=chart&time=earliest..latest&stackMode=relative&facet=entity&uniformYAxis=0&focus=%3Cnone%3E,tab=chart&time=earliest..latest&stackMode=relative&facet=entity&uniformYAxis=0,486b4b5f331d7673e188bb74007dc125,deaths-in-armed-conflicts-by-country-ef2e9d3d5b0a6a79bbf4f24a5363c1af_v84_850x600.svg,7,66,2086312984,210458
deaths-in-armed-conflicts-by-country,StackedBar,tab=chart&time=earliest..latest&stackMode=relative&facet=metric&uniformYAxis=1&focus=%3Cnone%3E,tab=chart&time=earliest..latest&stackMode=relative&facet=metric&uniformYAxis=1,262487d96e88481beae677522f965f09,deaths-in-armed-conflicts-by-country-a1a5970a3bc3027962425fb46fd31c44_v84_850x600.svg,9,34,2102054352,210458
deaths-in-armed-conflicts-by-country,StackedBar,tab=chart&time=earliest..latest&stackMode=relative&facet=metric&uniformYAxis=0&focus=%3Cnone%3E,tab=chart&time=earliest..latest&stackMode=relative&facet=metric&uniformYAxis=0,4338c0d71e8d85e9537db05f0c7d486b,deaths-in-armed-conflicts-by-country-11fec5f29f3282aadd146f8733ff5269_v84_850x600.svg,7,35,2117816952,210458
deaths-in-armed-conflicts-by-region,StackedBar,tab=chart&time=earliest..latest&stackMode=absolute&facet=none&uniformYAxis=0&focus=%3Cnone%3E,tab=chart&time=earliest..latest&stackMode=absolute&facet=none&uniformYAxis=0,1c00c770c052fb768cfc4ab93ceea743,deaths-in-armed-conflicts-by-region-75eb85d8825ab16ee5683894399929b3_v72_850x600.svg,11,39,2131177408,210458
deaths-in-armed-conflicts-by-region,StackedBar,tab=chart&time=earliest..latest&stackMode=absolute&facet=none&uniformYAxis=0&focus=%3CfirstSeries%3E,tab=chart&time=earliest..latest&stackMode=absolute&facet=none&uniformYAxis=0&focus=Africa,1861caad90aa38ee9bad0f71bd6b5156,deaths-in-armed-conflicts-by-region-e62ff2e4429a532ebcedf876cb3fd123_v72_850x600.svg,7,27,2103416880,210458
deaths-in-armed-conflicts-by-region,StackedBar,tab=chart&time=earliest..latest&stackMode=absolute&facet=entity&uniformYAxis=1&focus=%3Cnone%3E,tab=chart&time=earliest..latest&stackMode=absolute&facet=entity&uniformYAxis=1,d95924ae2fe3f3807c9e70e334eb91bc,deaths-in-armed-conflicts-by-region-bdb5edc1dff767e2744c007b5472f9f8_v72_850x600.svg,9,40,2125258504,210458
deaths-in-armed-conflicts-by-region,StackedBar,tab=chart&time=earliest..latest&stackMode=absolute&facet=entity&uniformYAxis=0&focus=%3Cnone%3E,tab=chart&time=earliest..latest&stackMode=absolute&facet=entity&uniformYAxis=0,9c24a87519812a5801bd68f0f6852664,deaths-in-armed-conflicts-by-region-fac36a053c698faed6910879e4bd08e8_v72_850x600.svg,8,31,2146842448,210458
deaths-in-armed-conflicts-by-region,StackedBar,tab=chart&time=earliest..latest&stackMode=absolute&facet=metric&uniformYAxis=1&focus=%3Cnone%3E,tab=chart&time=earliest..latest&stackMode=absolute&facet=metric&uniformYAxis=1,86671fdd4558dbce2fffd6b2590b8eca,deaths-in-armed-conflicts-by-region-f1c8afce9af7f0e15378c72f98904283_v72_850x600.svg,8,24,2118625208,210458
deaths-in-armed-conflicts-by-region,StackedBar,tab=chart&time=earliest..latest&stackMode=absolute&facet=metric&uniformYAxis=0&focus=%3Cnone%3E,tab=chart&time=earliest..latest&stackMode=absolute&facet=metric&uniformYAxis=0,880716776675b0abe6d3418dcbac196b,deaths-in-armed-conflicts-by-region-f82071396a1f567601b9a6c4e97be8ea_v72_850x600.svg,7,26,1914118816,210458
deaths-in-armed-conflicts-by-region,StackedBar,tab=chart&time=earliest..latest&stackMode=relative&facet=none&uniformYAxis=0&focus=%3Cnone%3E,tab=chart&time=earliest..latest&stackMode=relative&facet=none&uniformYAxis=0,d2b5dead0987fb92a96659ee331ac030,deaths-in-armed-conflicts-by-region-b0b0a5515a2b827c1ada39651942abe3_v72_850x600.svg,6,23,2131302704,210458
deaths-in-armed-conflicts-by-region,StackedBar,tab=chart&time=earliest..latest&stackMode=relative&facet=entity&uniformYAxis=1&focus=%3Cnone%3E,tab=chart&time=earliest..latest&stackMode=relative&facet=entity&uniformYAxis=1,f5a8bac60592792c878804f3576dd628,deaths-in-armed-conflicts-by-region-cefeef588ba8676d4c9f9d4025016171_v72_850x600.svg,8,52,1849467600,210458
deaths-in-armed-conflicts-by-region,StackedBar,tab=chart&time=earliest..latest&stackMode=relative&facet=entity&uniformYAxis=0&focus=%3Cnone%3E,tab=chart&time=earliest..latest&stackMode=relative&facet=entity&uniformYAxis=0,81460036e44c64f647c46d9d99b4eaa6,deaths-in-armed-conflicts-by-region-ef2e9d3d5b0a6a79bbf4f24a5363c1af_v72_850x600.svg,6,31,2152767072,210458
deaths-in-armed-conflicts-by-region,StackedBar,tab=chart&time=earliest..latest&stackMode=relative&facet=metric&uniformYAxis=1&focus=%3Cnone%3E,tab=chart&time=earliest..latest&stackMode=relative&facet=metric&uniformYAxis=1,31f7b38ddce5381cfbdd21239e76aa90,deaths-in-armed-conflicts-by-region-a1a5970a3bc3027962425fb46fd31c44_v72_850x600.svg,6,19,2130876944,210458
deaths-in-armed-conflicts-by-region,StackedBar,tab=chart&time=earliest..latest&stackMode=relative&facet=metric&uniformYAxis=0&focus=%3Cnone%3E,tab=chart&time=earliest..latest&stackMode=relative&facet=metric&uniformYAxis=0,0d84f0ada792ef8bee0cc37fb8394dab,deaths-in-armed-conflicts-by-region-11fec5f29f3282aadd146f8733ff5269_v72_850x600.svg,6,20,1863082464,210458
deaths-in-armed-conflicts-by-type,StackedBar,tab=chart&time=earliest..latest&stackMode=absolute&facet=none&uniformYAxis=0&focus=%3Cnone%3E,tab=chart&time=earliest..latest&stackMode=absolute&facet=none&uniformYAxis=0,c5787e28f2bcd195768a0c636b7463f0,deaths-in-armed-conflicts-by-type-75eb85d8825ab16ee5683894399929b3_v40_850x600.svg,31,43,2164568640,1011575
deaths-in-armed-conflicts-by-type,StackedBar,tab=chart&time=earliest..latest&stackMode=absolute&facet=none&uniformYAxis=0&focus=%3CfirstSeries%3E,tab=chart&time=earliest..latest&stackMode=absolute&facet=none&uniformYAxis=0&focus=Interstate,5e23de8c531db3be801bc102ba3a36b7,deaths-in-armed-conflicts-by-type-063aa97cbd568e23046bc2a0f7759329_v40_850x600.svg,17,31,1895504944,1011575
deaths-in-armed-conflicts-by-type,StackedBar,tab=chart&time=earliest..latest&stackMode=absolute&facet=entity&uniformYAxis=1&focus=%3Cnone%3E,tab=chart&time=earliest..latest&stackMode=absolute&facet=entity&uniformYAxis=1,6baba4ad2694f49b375a25565ac00dc1,deaths-in-armed-conflicts-by-type-bdb5edc1dff767e2744c007b5472f9f8_v40_850x600.svg,16,30,1884897664,1011575
deaths-in-armed-conflicts-by-type,StackedBar,tab=chart&time=earliest..latest&stackMode=absolute&facet=entity&uniformYAxis=0&focus=%3Cnone%3E,tab=chart&time=earliest..latest&stackMode=absolute&facet=entity&uniformYAxis=0,99061f2566931e54812f42b26aa764a3,deaths-in-armed-conflicts-by-type-fac36a053c698faed6910879e4bd08e8_v40_850x600.svg,24,36,2155638792,1011575
deaths-in-armed-conflicts-by-type,StackedBar,tab=chart&time=earliest..latest&stackMode=absolute&facet=metric&uniformYAxis=1&focus=%3Cnone%3E,tab=chart&time=earliest..latest&stackMode=absolute&facet=metric&uniformYAxis=1,812aa4080453e6585c2c6a7130db5ac7,deaths-in-armed-conflicts-by-type-f1c8afce9af7f0e15378c72f98904283_v40_850x600.svg,17,49,1867704256,1011575
deaths-in-armed-conflicts-by-type,StackedBar,tab=chart&time=earliest..latest&stackMode=absolute&facet=metric&uniformYAxis=0&focus=%3Cnone%3E,tab=chart&time=earliest..latest&stackMode=absolute&facet=metric&uniformYAxis=0,f884940a03cc3519ebbcb9965de12a2c,deaths-in-armed-conflicts-by-type-f82071396a1f567601b9a6c4e97be8ea_v40_850x600.svg,28,57,2138195160,1011575
deaths-in-armed-conflicts-by-type,StackedBar,tab=chart&time=earliest..latest&stackMode=relative&facet=none&uniformYAxis=0&focus=%3Cnone%3E,tab=chart&time=earliest..latest&stackMode=relative&facet=none&uniformYAxis=0,421444601671dc9c9ba64fa0e2c7f3e0,deaths-in-armed-conflicts-by-type-b0b0a5515a2b827c1ada39651942abe3_v40_850x600.svg,17,30,1900089376,1011575
deaths-in-armed-conflicts-by-type,StackedBar,tab=chart&time=earliest..latest&stackMode=relative&facet=entity&uniformYAxis=1&focus=%3Cnone%3E,tab=chart&time=earliest..latest&stackMode=relative&facet=entity&uniformYAxis=1,32eb00ceb91f33ff852a057e9ca6ef33,deaths-in-armed-conflicts-by-type-cefeef588ba8676d4c9f9d4025016171_v40_850x600.svg,21,37,2170373536,1011575
deaths-in-armed-conflicts-by-type,StackedBar,tab=chart&time=earliest..latest&stackMode=relative&facet=entity&uniformYAxis=0&focus=%3Cnone%3E,tab=chart&time=earliest..latest&stackMode=relative&facet=entity&uniformYAxis=0,a54dcbf594512aaec75ff139a1b8da63,deaths-in-armed-conflicts-by-type-ef2e9d3d5b0a6a79bbf4f24a5363c1af_v40_850x600.svg,17,41,1873442952,1011575
deaths-in-armed-conflicts-by-type,StackedBar,tab=chart&time=earliest..latest&stackMode=relative&facet=metric&uniformYAxis=1&focus=%3Cnone%3E,tab=chart&time=earliest..latest&stackMode=relative&facet=metric&uniformYAxis=1,9a114f8a8a410a9a1c51490d87d7fbc8,deaths-in-armed-conflicts-by-type-a1a5970a3bc3027962425fb46fd31c44_v40_850x600.svg,22,65,2152843968,1011575
deaths-in-armed-conflicts-by-type,StackedBar,tab=chart&time=earliest..latest&stackMode=relative&facet=metric&uniformYAxis=0&focus=%3Cnone%3E,tab=chart&time=earliest..latest&stackMode=relative&facet=metric&uniformYAxis=0,7708f05bbe94c27a88d901765afec3f5,deaths-in-armed-conflicts-by-type-11fec5f29f3282aadd146f8733ff5269_v40_850x600.svg,22,46,1915742480,1011575
democracy-index-eiu,LineChart,tab=line&time=earliest..latest&stackMode=absolute&yScale=linear&facet=none&uniformYAxis=0&focus=%3Cnone%3E,tab=line&time=earliest..latest&stackMode=absolute&yScale=linear&facet=none&uniformYAxis=0,fea59fcbf1bbb95b6d7553f0c1523ddd,democracy-index-eiu-4430c2e2eb335ca7c64158941adb998d_v111_850x600.svg,7,24,1878633536,98103
democracy-index-eiu,LineChart,tab=line&time=earliest..latest&stackMode=absolute&yScale=linear&facet=none&uniformYAxis=0&focus=%3CfirstSeries%3E,tab=line&time=earliest..latest&stackMode=absolute&yScale=linear&facet=none&uniformYAxis=0&focus=Argentina,4a3aa3eff1ac92752fbe41f0ac7db2fe,democracy-index-eiu-b67d29ce79389d6948bc56f06cf5ab02_v111_850x600.svg,8,21,2170776592,98103
democracy-index-eiu,LineChart,tab=line&time=earliest..latest&stackMode=absolute&yScale=linear&facet=entity&uniformYAxis=1&focus=%3Cnone%3E,tab=line&time=earliest..latest&stackMode=absolute&yScale=linear&facet=entity&uniformYAxis=1,a8596f3d82817e8546c0a9bfccc0c588,democracy-index-eiu-c9e137028d8726a2fb901026e4c9a3cb_v111_850x600.svg,6,26,1902218720,98103
democracy-index-eiu,LineChart,tab=line&time=earliest..latest&stackMode=absolute&yScale=linear&facet=entity&uniformYAxis=0&focus=%3Cnone%3E,tab=line&time=earliest..latest&stackMode=absolute&yScale=linear&facet=entity&uniformYAxis=0,4ce0f4c68c10d021d57cfe352e2d0f9b,democracy-index-eiu-a1b3bb0eec44ece440c67493e54f5bed_v111_850x600.svg,8,28,2194703504,98103
democracy-index-eiu,LineChart,tab=line&time=earliest..latest&stackMode=absolute&yScale=linear&facet=metric&uniformYAxis=1&focus=%3Cnone%3E,tab=line&time=earliest..latest&stackMode=absolute&yScale=linear&facet=metric&uniformYAxis=1,741beb7a2d77c30853249c78d7628f89,democracy-index-eiu-97d77284ca49046e539bb4bde7ea1ab1_v111_850x600.svg,8,26,1921082608,98103
democracy-index-eiu,LineChart,tab=line&time=earliest..latest&stackMode=absolute&yScale=linear&facet=metric&uniformYAxis=0&focus=%3Cnone%3E,tab=line&time=earliest..latest&stackMode=absolute&yScale=linear&facet=metric&uniformYAxis=0,aa2f1019a5acd1f68be885b95a605575,democracy-index-eiu-4eb808ae74e4379569465d5e629645b3_v111_850x600.svg,8,26,2170278472,98103
democracy-index-eiu,LineChart,tab=line&time=earliest..latest&stackMode=absolute&yScale=log&facet=none&uniformYAxis=0&focus=%3Cnone%3E,tab=line&time=earliest..latest&stackMode=absolute&yScale=log&facet=none&uniformYAxis=0,72f940676a1b658eb53e261d546fd595,democracy-index-eiu-125775cfe5817e4e28a3556030c51d0c_v111_850x600.svg,6,25,1892858048,98103
democracy-index-eiu,LineChart,tab=line&time=earliest..latest&stackMode=absolute&yScale=log&facet=entity&uniformYAxis=1&focus=%3Cnone%3E,tab=line&time=earliest..latest&stackMode=absolute&yScale=log&facet=entity&uniformYAxis=1,dd8edf5ec115d70ccc08ebbf5c62e1ba,democracy-index-eiu-2d63e33f4ac34395c7f1c42276c82bbe_v111_850x600.svg,9,33,2195454144,98103
democracy-index-eiu,LineChart,tab=line&time=earliest..latest&stackMode=absolute&yScale=log&facet=entity&uniformYAxis=0&focus=%3Cnone%3E,tab=line&time=earliest..latest&stackMode=absolute&yScale=log&facet=entity&uniformYAxis=0,a6f9af0135d3004ee634594c18f5cf6e,democracy-index-eiu-a2e83d395d4ba45de21b14d7bd9fbeb7_v111_850x600.svg,7,30,1918301824,98103
democracy-index-eiu,LineChart,tab=line&time=earliest..latest&stackMode=absolute&yScale=log&facet=metric&uniformYAxis=1&focus=%3Cnone%3E,tab=line&time=earliest..latest&stackMode=absolute&yScale=log&facet=metric&uniformYAxis=1,ce7527a0b901568c2596dbc0abe05208,democracy-index-eiu-20b9b9a19b12ae50e0d6c1a4fc28e5e8_v111_850x600.svg,7,27,2179278192,98103
democracy-index-eiu,LineChart,tab=line&time=earliest..latest&stackMode=absolute&yScale=log&facet=metric&uniformYAxis=0&focus=%3Cnone%3E,tab=line&time=earliest..latest&stackMode=absolute&yScale=log&facet=metric&uniformYAxis=0,f4e579ea24fce533cc973cf8aa4a948f,democracy-index-eiu-ca0c610171a0551dbb4a627e23e29f56_v111_850x600.svg,8,21,1937298744,98103
democracy-index-eiu,LineChart,tab=line&time=earliest..latest&stackMode=relative&yScale=linear&facet=none&uniformYAxis=0&focus=%3Cnone%3E,tab=line&time=earliest..latest&stackMode=relative&yScale=linear&facet=none&uniformYAxis=0,432a2a4f71ff3494dd38e785b092aaff,democracy-index-eiu-3e69c2ab7cbb5643071a391e67189a67_v111_850x600.svg,8,24,2198740768,98103
democracy-index-eiu,LineChart,tab=line&time=earliest..latest&stackMode=relative&yScale=linear&facet=entity&uniformYAxis=1&focus=%3Cnone%3E,tab=line&time=earliest..latest&stackMode=relative&yScale=linear&facet=entity&uniformYAxis=1,816a882fc2a32d183591c9d3c090ba32,democracy-index-eiu-8745684d3950240275cfac2bb38fdf4b_v111_850x600.svg,7,26,1922997120,98103
democracy-index-eiu,LineChart,tab=line&time=earliest..latest&stackMode=relative&yScale=linear&facet=entity&uniformYAxis=0&focus=%3Cnone%3E,tab=line&time=earliest..latest&stackMode=relative&yScale=linear&facet=entity&uniformYAxis=0,3406e0834909121c8a7c4b27a8ffdfbe,democracy-index-eiu-8f9ed69a69d0935eb613989e2a3cde6a_v111_850x600.svg,8,33,2174433408,98103
democracy-index-eiu,LineChart,tab=line&time=earliest..latest&stackMode=relative&yScale=linear&facet=metric&uniformYAxis=1&focus=%3Cnone%3E,tab=line&time=earliest..latest&stackMode=relative&yScale=linear&facet=metric&uniformYAxis=1,057d27dec15c9c8751d6f1ce1138dfd5,democracy-index-eiu-3733fc4ec16a09d5cecf596a4553b8dc_v111_850x600.svg,6,19,1942070168,98103
democracy-index-eiu,LineChart,tab=line&time=earliest..latest&stackMode=relative&yScale=linear&facet=metric&uniformYAxis=0&focus=%3Cnone%3E,tab=line&time=earliest..latest&stackMode=relative&yScale=linear&facet=metric&uniformYAxis=0,e6aa85da8fe6a7da27426eb5231a9fb2,democracy-index-eiu-613a269764bea61f37fe6cdda4e208dc_v111_850x600.svg,7,33,1913376496,98103
democracy-index-eiu,WorldMap,tab=map&time=earliest..latest&stackMode=absolute&yScale=linear&facet=none&uniformYAxis=0&focus=%3Cnone%3E,tab=map&time=earliest..latest&stackMode=absolute&yScale=linear&facet=none&uniformYAxis=0,b2995705d6f3144fe37cadfc1b1efcd8,democracy-index-eiu-d8323fbe5b81c2b6621525fd272679bb_v111_850x600.svg,11,93,2181734264,98103
democracy-index-eiu,SlopeChart,tab=slope&time=earliest..latest&stackMode=absolute&yScale=linear&facet=none&uniformYAxis=0&focus=%3Cnone%3E,tab=slope&time=earliest..latest&stackMode=absolute&yScale=linear&facet=none&uniformYAxis=0,a4f505754afaaacb2acb1c5a93365c8a,democracy-index-eiu-8869d925bb9ec36312653d7408b3825e_v111_850x600.svg,7,20,1931487392,98103
democracy-index-eiu,SlopeChart,tab=slope&time=earliest..latest&stackMode=absolute&yScale=linear&facet=entity&uniformYAxis=1&focus=%3Cnone%3E,tab=slope&time=earliest..latest&stackMode=absolute&yScale=linear&facet=entity&uniformYAxis=1,ba02da382cf90407916e5ef61b647f02,democracy-index-eiu-94f8762ac9e6f207f508da976fa7777b_v111_850x600.svg,7,24,1953520600,98103
democracy-index-eiu,SlopeChart,tab=slope&time=earliest..latest&stackMode=absolute&yScale=linear&facet=entity&uniformYAxis=0&focus=%3Cnone%3E,tab=slope&time=earliest..latest&stackMode=absolute&yScale=linear&facet=entity&uniformYAxis=0,9faec51a5b0de7053e94ad1afb24fa67,democracy-index-eiu-784910cad399974abce10237037577b8_v111_850x600.svg,7,27,1929854320,98103
democracy-index-eiu,SlopeChart,tab=slope&time=earliest..latest&stackMode=absolute&yScale=linear&facet=metric&uniformYAxis=1&focus=%3Cnone%3E,tab=slope&time=earliest..latest&stackMode=absolute&yScale=linear&facet=metric&uniformYAxis=1,b38fd7e19fb91ea9ce6a0e392d041911,democracy-index-eiu-ef7d44586247e71c5218855b27d8382c_v111_850x600.svg,8,24,2199818672,98103
democracy-index-eiu,SlopeChart,tab=slope&time=earliest..latest&stackMode=absolute&yScale=linear&facet=metric&uniformYAxis=0&focus=%3Cnone%3E,tab=slope&time=earliest..latest&stackMode=absolute&yScale=linear&facet=metric&uniformYAxis=0,a36dc3dc19d7a5b8b136c3678ec60813,democracy-index-eiu-826ab5a3685e5c0f530e312aed74de57_v111_850x600.svg,8,20,1947740560,98103
democracy-index-eiu,SlopeChart,tab=slope&time=earliest..latest&stackMode=absolute&yScale=log&facet=none&uniformYAxis=0&focus=%3Cnone%3E,tab=slope&time=earliest..latest&stackMode=absolute&yScale=log&facet=none&uniformYAxis=0,7b9c68b09d3843058dc1f2f60c3a5a09,democracy-index-eiu-2004f4ed5e6c7123527f290d11fa22e0_v111_850x600.svg,8,21,2217805288,98103
democracy-index-eiu,SlopeChart,tab=slope&time=earliest..latest&stackMode=absolute&yScale=log&facet=entity&uniformYAxis=1&focus=%3Cnone%3E,tab=slope&time=earliest..latest&stackMode=absolute&yScale=log&facet=entity&uniformYAxis=1,1de3d4ee51eb9f4f8b6b10fa3940bfa2,democracy-index-eiu-ac638c4f34d948fe349a20d2dfb61ce7_v111_850x600.svg,7,23,1969544512,98103
democracy-index-eiu,SlopeChart,tab=slope&time=earliest..latest&stackMode=absolute&yScale=log&facet=entity&uniformYAxis=0&focus=%3Cnone%3E,tab=slope&time=earliest..latest&stackMode=absolute&yScale=log&facet=entity&uniformYAxis=0,a02f05052ae330273d0be59a3a119e35,democracy-index-eiu-602cf15b8e4cf555a48aab50e95a8aac_v111_850x600.svg,8,29,2239692312,98103
democracy-index-eiu,SlopeChart,tab=slope&time=earliest..latest&stackMode=absolute&yScale=log&facet=metric&uniformYAxis=1&focus=%3Cnone%3E,tab=slope&time=earliest..latest&stackMode=absolute&yScale=log&facet=metric&uniformYAxis=1,2759cacb9c156eb95f402691191256e5,democracy-index-eiu-85de343b2e97abe79303be8b50dc85a9_v111_850x600.svg,7,21,1950627792,98103
democracy-index-eiu,SlopeChart,tab=slope&time=earliest..latest&stackMode=absolute&yScale=log&facet=metric&uniformYAxis=0&focus=%3Cnone%3E,tab=slope&time=earliest..latest&stackMode=absolute&yScale=log&facet=metric&uniformYAxis=0,d9f994db8b3792e04aa0fb910eccaf45,democracy-index-eiu-da5389268a3d40a777bafa40504058d6_v111_850x600.svg,7,22,1968634696,98103
democracy-index-eiu,SlopeChart,tab=slope&time=earliest..latest&stackMode=relative&yScale=linear&facet=none&uniformYAxis=0&focus=%3Cnone%3E,tab=slope&time=earliest..latest&stackMode=relative&yScale=linear&facet=none&uniformYAxis=0,cf76acbc9b6729245c6168052c4d595e,democracy-index-eiu-aeff4e7484a0699e34ef7db25ee756f4_v111_850x600.svg,8,22,2207876920,98103
democracy-index-eiu,SlopeChart,tab=slope&time=earliest..latest&stackMode=relative&yScale=linear&facet=entity&uniformYAxis=1&focus=%3Cnone%3E,tab=slope&time=earliest..latest&stackMode=relative&yScale=linear&facet=entity&uniformYAxis=1,55e171d3c0b6e7ebdde6f04ad98c5ecd,democracy-index-eiu-3dffa15ae06e8a525ec0cee77d7eeccb_v111_850x600.svg,7,21,1990006992,98103
democracy-index-eiu,SlopeChart,tab=slope&time=earliest..latest&stackMode=relative&yScale=linear&facet=entity&uniformYAxis=0&focus=%3Cnone%3E,tab=slope&time=earliest..latest&stackMode=relative&yScale=linear&facet=entity&uniformYAxis=0,012af68e5d2e5bda587abbf1e6851c44,democracy-index-eiu-7064be44275c8da297486c7c3b02b4c8_v111_850x600.svg,8,26,2229549736,98103
democracy-index-eiu,SlopeChart,tab=slope&time=earliest..latest&stackMode=relative&yScale=linear&facet=metric&uniformYAxis=1&focus=%3Cnone%3E,tab=slope&time=earliest..latest&stackMode=relative&yScale=linear&facet=metric&uniformYAxis=1,8b5aa97619b873c98211c88f4a7c9049,democracy-index-eiu-832c446b172ca5b57b8f29f2ad9a5773_v111_850x600.svg,8,18,1961839040,98103
democracy-index-eiu,SlopeChart,tab=slope&time=earliest..latest&stackMode=relative&yScale=linear&facet=metric&uniformYAxis=0&focus=%3Cnone%3E,tab=slope&time=earliest..latest&stackMode=relative&yScale=linear&facet=metric&uniformYAxis=0,0baa639117e2c0034fc8490021c97b68,democracy-index-eiu-ce47134240246dee7c7ed0361a427b50_v111_850x600.svg,7,20,2246511680,98103
diabetes-prevalence,DiscreteBar,tab=chart&time=earliest&facet=none&focus=%3Cnone%3E,tab=chart&time=earliest&facet=none,1338b0a28739044373df9f1be0a93f88,diabetes-prevalence-5ad5324a3e7cb4744cafd0292784aeb4_v24_850x600.svg,1,9,1970886048,12857
diabetes-prevalence,DiscreteBar,tab=chart&time=earliest&facet=none&focus=%3CfirstSeries%3E,tab=chart&time=earliest&facet=none&focus=Middle+East%2C+North+Africa%2C+Afghanistan+and+Pakistan+%28WB%29,1ad2a4ccaa5c8587ff87ba9d11b2f1fa,diabetes-prevalence-58b45ffc273aa5ceda6adb6f96609aec_v24_850x600.svg,2,12,2210486880,12857
diabetes-prevalence,DiscreteBar,tab=chart&time=earliest&facet=entity&focus=%3Cnone%3E,tab=chart&time=earliest&facet=entity,6209c58638b836e9ce252acedf3623d0,diabetes-prevalence-fcfab55d63e48011e9b36e60b315e6c4_v24_850x600.svg,2,9,1979849128,12857
diabetes-prevalence,DiscreteBar,tab=chart&time=earliest&facet=metric&focus=%3Cnone%3E,tab=chart&time=earliest&facet=metric,a334de90c42169dde2edfbc263ac8596,diabetes-prevalence-6105422927fa62c87e79cf6af0865bd4_v24_850x600.svg,2,10,1988820152,12857
diabetes-prevalence,DiscreteBar,tab=chart&time=latest&facet=none&focus=%3Cnone%3E,tab=chart&time=latest&facet=none,14b890609fe89a41d75d478ee3832de6,diabetes-prevalence-02afa8dd2efa0f8e76ff495d3c36b022_v24_850x600.svg,2,12,2219610584,12857
diabetes-prevalence,DiscreteBar,tab=chart&time=latest&facet=none&focus=%3CfirstSeries%3E,tab=chart&time=latest&facet=none&focus=Middle+East%2C+North+Africa%2C+Afghanistan+and+Pakistan+%28WB%29,e4a259a04b9fe33339f4c192343ec89e,diabetes-prevalence-2315e625a023bba70778fc28bcf6f794_v24_850x600.svg,2,12,2228735520,12857
diabetes-prevalence,DiscreteBar,tab=chart&time=latest&facet=entity&focus=%3Cnone%3E,tab=chart&time=latest&facet=entity,2027cc902db8ec8d38bab68ba9ac9153,diabetes-prevalence-abf9330721887f4501456e22b3da29b6_v24_850x600.svg,2,9,1961734224,12857
diabetes-prevalence,DiscreteBar,tab=chart&time=latest&facet=metric&focus=%3Cnone%3E,tab=chart&time=latest&facet=metric,8e6522a4415c2c436e17a1689a2e9a0c,diabetes-prevalence-0cd159859e5c409d35d40d6d91fd8b6f_v24_850x600.svg,2,9,1970734648,12857
distribution-of-population-poverty-thresholds,StackedArea,tab=chart&time=earliest..latest&stackMode=absolute&facet=none&uniformYAxis=0&focus=%3Cnone%3E,tab=chart&time=earliest..latest&stackMode=absolute&facet=none&uniformYAxis=0,cacac36ae9250276f5c1f4f372a9c7e1,distribution-of-population-poverty-thresholds-75eb85d8825ab16ee5683894399929b3_v60_850x600.svg,10,23,2248162480,447587
distribution-of-population-poverty-thresholds,StackedArea,tab=chart&time=earliest..latest&stackMode=absolute&facet=none&uniformYAxis=0&focus=%3CfirstSeries%3E,tab=chart&time=earliest..latest&stackMode=absolute&facet=none&uniformYAxis=0&focus=Below+%243+a+day,73a5d9f01cb93881133e1633dcf6090a,distribution-of-population-poverty-thresholds-389bd43b0166698c7cd808c189823788_v60_850x600.svg,8,17,1990086504,447587
distribution-of-population-poverty-thresholds,StackedArea,tab=chart&time=earliest..latest&stackMode=absolute&facet=entity&uniformYAxis=1&focus=%3Cnone%3E,tab=chart&time=earliest..latest&stackMode=absolute&facet=entity&uniformYAxis=1,3df15645c865408ad559f68f4e5e9ca4,distribution-of-population-poverty-thresholds-bdb5edc1dff767e2744c007b5472f9f8_v60_850x600.svg,8,16,2009149768,447587
distribution-of-population-poverty-thresholds,StackedArea,tab=chart&time=earliest..latest&stackMode=absolute&facet=entity&uniformYAxis=0&focus=%3Cnone%3E,tab=chart&time=earliest..latest&stackMode=absolute&facet=entity&uniformYAxis=0,79f93bff5cb12f25af092f7469b8657a,distribution-of-population-poverty-thresholds-fac36a053c698faed6910879e4bd08e8_v60_850x600.svg,11,25,2228559480,447587
distribution-of-population-poverty-thresholds,StackedArea,tab=chart&time=earliest..latest&stackMode=absolute&facet=metric&uniformYAxis=1&focus=%3Cnone%3E,tab=chart&time=earliest..latest&stackMode=absolute&facet=metric&uniformYAxis=1,97010e700e8080fcb1d602444d094535,distribution-of-population-poverty-thresholds-f1c8afce9af7f0e15378c72f98904283_v60_850x600.svg,8,26,1989061936,447587
distribution-of-population-poverty-thresholds,StackedArea,tab=chart&time=earliest..latest&stackMode=absolute&facet=metric&uniformYAxis=0&focus=%3Cnone%3E,tab=chart&time=earliest..latest&stackMode=absolute&facet=metric&uniformYAxis=0,4c2767b21f6dc760b76a6a5fd794d8a0,distribution-of-population-poverty-thresholds-f82071396a1f567601b9a6c4e97be8ea_v60_850x600.svg,10,30,2255551896,447587
distribution-of-population-poverty-thresholds,StackedArea,tab=chart&time=earliest..latest&stackMode=relative&facet=none&uniformYAxis=0&focus=%3Cnone%3E,tab=chart&time=earliest..latest&stackMode=relative&facet=none&uniformYAxis=0,e00b83ad114af85805168e708db1901d,distribution-of-population-poverty-thresholds-b0b0a5515a2b827c1ada39651942abe3_v60_850x600.svg,8,17,2008137744,447587
distribution-of-population-poverty-thresholds,StackedArea,tab=chart&time=earliest..latest&stackMode=relative&facet=entity&uniformYAxis=1&focus=%3Cnone%3E,tab=chart&time=earliest..latest&stackMode=relative&facet=entity&uniformYAxis=1,e3c435c3575a32be8c2e01d79bbfbc4a,distribution-of-population-poverty-thresholds-cefeef588ba8676d4c9f9d4025016171_v60_850x600.svg,11,26,2223947552,447587
distribution-of-population-poverty-thresholds,StackedArea,tab=chart&time=earliest..latest&stackMode=relative&facet=entity&uniformYAxis=0&focus=%3Cnone%3E,tab=chart&time=earliest..latest&stackMode=relative&facet=entity&uniformYAxis=0,9c10c365a819f870d3c5ae314a75e8b0,distribution-of-population-poverty-thresholds-ef2e9d3d5b0a6a79bbf4f24a5363c1af_v60_850x600.svg,8,17,1989354280,447587
distribution-of-population-poverty-thresholds,StackedArea,tab=chart&time=earliest..latest&stackMode=relative&facet=metric&uniformYAxis=1&focus=%3Cnone%3E,tab=chart&time=earliest..latest&stackMode=relative&facet=metric&uniformYAxis=1,74ada4741777f7164498775ee59a7f6c,distribution-of-population-poverty-thresholds-a1a5970a3bc3027962425fb46fd31c44_v60_850x600.svg,12,33,2250993000,447587
distribution-of-population-poverty-thresholds,StackedArea,tab=chart&time=earliest..latest&stackMode=relative&facet=metric&uniformYAxis=0&focus=%3Cnone%3E,tab=chart&time=earliest..latest&stackMode=relative&facet=metric&uniformYAxis=0,0af2785e88849f3e818e4a1535286e64,distribution-of-population-poverty-thresholds-11fec5f29f3282aadd146f8733ff5269_v60_850x600.svg,9,27,2016106496,447587
energy-use-per-person-vs-gdp-per-capita,ScatterPlot,tab=chart&time=earliest&stackMode=absolute&xScale=linear&yScale=linear&endpointsOnly=0,tab=chart&time=earliest&stackMode=absolute&xScale=linear&yScale=linear&endpointsOnly=0,a602942d3c6d044570c12f3965908769,energy-use-per-person-vs-gdp-per-capita-ef44cef40072f28b128806b62a1b64f5_v47_850x600.svg,11,68,2031971736,632081
energy-use-per-person-vs-gdp-per-capita,ScatterPlot,tab=chart&time=earliest&stackMode=absolute&xScale=linear&yScale=log&endpointsOnly=0,tab=chart&time=earliest&stackMode=absolute&xScale=linear&yScale=log&endpointsOnly=0,dd35d60a824a8ac89f4031bba203393c,energy-use-per-person-vs-gdp-per-capita-bf4da6022d04e74a404d31a2ce0cd35d_v47_850x600.svg,13,79,2265808424,632081
energy-use-per-person-vs-gdp-per-capita,ScatterPlot,tab=chart&time=earliest&stackMode=absolute&xScale=log&yScale=linear&endpointsOnly=0,tab=chart&time=earliest&stackMode=absolute&xScale=log&yScale=linear&endpointsOnly=0,93c41bf2f0886787a4bcd58b077d4ecb,energy-use-per-person-vs-gdp-per-capita-0dc66c3009dba22bfe9e2fa56d1c171d_v47_850x600.svg,11,69,2048748048,632081
energy-use-per-person-vs-gdp-per-capita,ScatterPlot,tab=chart&time=earliest&stackMode=absolute&xScale=log&yScale=log&endpointsOnly=0,tab=chart&time=earliest&stackMode=absolute&xScale=log&yScale=log&endpointsOnly=0,38eeec518992c56f9fb17e66eb3f0521,energy-use-per-person-vs-gdp-per-capita-454d8a06c8a904d55e5a527b85a87ce2_v47_850x600.svg,17,79,2282436536,632081
energy-use-per-person-vs-gdp-per-capita,ScatterPlot,tab=chart&time=latest&stackMode=absolute&xScale=linear&yScale=linear&endpointsOnly=0,tab=chart&time=latest&stackMode=absolute&xScale=linear&yScale=linear&endpointsOnly=0,dd441976a9a9a082a5589efe472a3b52,energy-use-per-person-vs-gdp-per-capita-f7cf68d023acbb4a18c781ca2c2be340_v47_850x600.svg,16,71,2069421960,632081
energy-use-per-person-vs-gdp-per-capita,ScatterPlot,tab=chart&time=latest&stackMode=absolute&xScale=linear&yScale=log&endpointsOnly=0,tab=chart&time=latest&stackMode=absolute&xScale=linear&yScale=log&endpointsOnly=0,28de1227391b5738b1a7c400c05fa4c4,energy-use-per-person-vs-gdp-per-capita-b3c883fa0dad54e80e145fc8c582847d_v47_850x600.svg,13,71,2299349528,632081
energy-use-per-person-vs-gdp-per-capita,ScatterPlot,tab=chart&time=latest&stackMode=absolute&xScale=log&yScale=linear&endpointsOnly=0,tab=chart&time=latest&stackMode=absolute&xScale=log&yScale=linear&endpointsOnly=0,9a18ad072ec80bae553220c99f65bc28,energy-use-per-person-vs-gdp-per-capita-3cce01ed41b45e65c9da042b6e44b695_v47_850x600.svg,16,84,989770424,632081
energy-use-per-person-vs-gdp-per-capita,ScatterPlot,tab=chart&time=latest&stackMode=absolute&xScale=log&yScale=log&endpointsOnly=0,tab=chart&time=latest&stackMode=absolute&xScale=log&yScale=log&endpointsOnly=0,fa50d5f92e7b2abf13a14223d20e4afd,energy-use-per-person-vs-gdp-per-capita-3339c38abf8f713a17874e94b7b273eb_v47_850x600.svg,10,65,2098261000,632081
energy-use-per-person-vs-gdp-per-capita,ScatterPlot,tab=chart&time=earliest..latest&stackMode=absolute&xScale=linear&yScale=linear&endpointsOnly=1,tab=chart&time=earliest..latest&stackMode=absolute&xScale=linear&yScale=linear&endpointsOnly=1,ea769a2b49b1fbaff756b151cd8956e7,energy-use-per-person-vs-gdp-per-capita-1f882d9b742806b8eea92396215dbd6c_v47_850x600.svg,15,97,2322737112,632081
energy-use-per-person-vs-gdp-per-capita,ScatterPlot,tab=chart&time=earliest..latest&stackMode=absolute&xScale=linear&yScale=linear&endpointsOnly=0,tab=chart&time=earliest..latest&stackMode=absolute&xScale=linear&yScale=linear&endpointsOnly=0,6fdc7a6ef7ab487cee0d3ccad4cece0c,energy-use-per-person-vs-gdp-per-capita-61e7446d84d9aeacd6869066dc6727a7_v47_850x600.svg,10,125,2102833072,632081
energy-use-per-person-vs-gdp-per-capita,ScatterPlot,tab=chart&time=earliest..latest&stackMode=absolute&xScale=linear&yScale=log&endpointsOnly=1,tab=chart&time=earliest..latest&stackMode=absolute&xScale=linear&yScale=log&endpointsOnly=1,d8e8677f00f2678ed8ce49ccf0de03c3,energy-use-per-person-vs-gdp-per-capita-cf007d31f0ed79cef10387a9fabac1e1_v47_850x600.svg,13,97,1013146096,632081
energy-use-per-person-vs-gdp-per-capita,ScatterPlot,tab=chart&time=earliest..latest&stackMode=absolute&xScale=linear&yScale=log&endpointsOnly=0,tab=chart&time=earliest..latest&stackMode=absolute&xScale=linear&yScale=log&endpointsOnly=0,3c5552e6b512176e8bb7ea8999510f9f,energy-use-per-person-vs-gdp-per-capita-a32059f0dfd00af1cc5d8c2a7369136b_v47_850x600.svg,14,161,2329522568,632081
energy-use-per-person-vs-gdp-per-capita,ScatterPlot,tab=chart&time=earliest..latest&stackMode=absolute&xScale=log&yScale=linear&endpointsOnly=1,tab=chart&time=earliest..latest&stackMode=absolute&xScale=log&yScale=linear&endpointsOnly=1,a9d8650ed087737e1d4201ff9e67ba68,energy-use-per-person-vs-gdp-per-capita-e0e69ca57de0e8a46b54f193a71f40d8_v47_850x600.svg,16,100,1035071432,632081
energy-use-per-person-vs-gdp-per-capita,ScatterPlot,tab=chart&time=earliest..latest&stackMode=absolute&xScale=log&yScale=linear&endpointsOnly=0,tab=chart&time=earliest..latest&stackMode=absolute&xScale=log&yScale=linear&endpointsOnly=0,90b4ba77bddd903696488097186ff306,energy-use-per-person-vs-gdp-per-capita-3b0f995474364c6d426b8043ccc31416_v47_850x600.svg,10,129,2099287944,632081
energy-use-per-person-vs-gdp-per-capita,ScatterPlot,tab=chart&time=earliest..latest&stackMode=absolute&xScale=log&yScale=log&endpointsOnly=1,tab=chart&time=earliest..latest&stackMode=absolute&xScale=log&yScale=log&endpointsOnly=1,0d74ef125bc41e50b60b1985ff737b24,energy-use-per-person-vs-gdp-per-capita-e3ecad2463ed96bedf9b1256702880c1_v47_850x600.svg,15,101,1056635712,632081
energy-use-per-person-vs-gdp-per-capita,ScatterPlot,tab=chart&time=earliest..latest&stackMode=absolute&xScale=log&yScale=log&endpointsOnly=0,tab=chart&time=earliest..latest&stackMode=absolute&xScale=log&yScale=log&endpointsOnly=0,0b7adbb3c6901e7f5bda0313d1ce4bc8,energy-use-per-person-vs-gdp-per-capita-2179ff30e5f27442e154e704e6315666_v47_850x600.svg,13,146,2384422576,632081
energy-use-per-person-vs-gdp-per-capita,ScatterPlot,tab=chart&time=earliest..latest&stackMode=relative&xScale=linear&yScale=linear&endpointsOnly=0,tab=chart&time=earliest..latest&stackMode=relative&xScale=linear&yScale=linear&endpointsOnly=0,3fcedbba42677cd27d370dd76dfc346b,energy-use-per-person-vs-gdp-per-capita-8c11f007e74b61e57592ac3545ea3dfc_v47_850x600.svg,11,77,2117974072,632081
extinct-species-since-1500,StackedDiscreteBar,tab=chart&time=earliest&stackMode=absolute&facet=none&focus=%3Cnone%3E,tab=chart&time=earliest&stackMode=absolute&facet=none,a05638f923e7649b8802fcd11872adb3,extinct-species-since-1500-a6b0c4e3db34a5e2fc32ca3bac8c4a17_v8_850x600.svg,3,18,1064297904,1960
extinct-species-since-1500,StackedDiscreteBar,tab=chart&time=earliest&stackMode=absolute&facet=none&focus=%3CfirstSeries%3E,tab=chart&time=earliest&stackMode=absolute&facet=none&focus=Extinct+species,d292672e170c6885a4933548935da75f,extinct-species-since-1500-641d0ba272249f18d943d85af668e4a7_v8_850x600.svg,3,11,2125360352,1960
extinct-species-since-1500,StackedDiscreteBar,tab=chart&time=earliest&stackMode=absolute&facet=entity&focus=%3Cnone%3E,tab=chart&time=earliest&stackMode=absolute&facet=entity,d44326959f918ba5f860a4f49acfe46c,extinct-species-since-1500-877a9b6d076238fb08b171b77fe1fe4a_v8_850x600.svg,3,15,1032776184,1960
extinct-species-since-1500,StackedDiscreteBar,tab=chart&time=earliest&stackMode=absolute&facet=metric&focus=%3Cnone%3E,tab=chart&time=earliest&stackMode=absolute&facet=metric,3a814030988c89c010b514e66357d756,extinct-species-since-1500-9f40fe5d548a77f9c83a5583ef868b22_v8_850x600.svg,2,14,2135780888,1960
extinct-species-since-1500,StackedDiscreteBar,tab=chart&time=earliest&stackMode=relative&facet=none&focus=%3Cnone%3E,tab=chart&time=earliest&stackMode=relative&facet=none,1e6f9f61304e13be3d5112f255e39f1c,extinct-species-since-1500-14c6ad9463aea3c92a5d1278a5f2a46e_v8_850x600.svg,2,15,1040873216,1960
extinct-species-since-1500,StackedDiscreteBar,tab=chart&time=earliest&stackMode=relative&facet=entity&focus=%3Cnone%3E,tab=chart&time=earliest&stackMode=relative&facet=entity,d7815008803ef688490b1746f2cfe480,extinct-species-since-1500-78b3b21507554bdf10b4682184459c8d_v8_850x600.svg,2,14,2342300464,1960
extinct-species-since-1500,StackedDiscreteBar,tab=chart&time=earliest&stackMode=relative&facet=metric&focus=%3Cnone%3E,tab=chart&time=earliest&stackMode=relative&facet=metric,2670a963768894facb0b12bf1e8e017c,extinct-species-since-1500-9e83ff3b0bce978ecdb9211188c79332_v8_850x600.svg,2,13,2146256600,1960
extinct-species-since-1500,StackedDiscreteBar,tab=chart&time=latest&stackMode=absolute&facet=none&focus=%3Cnone%3E,tab=chart&time=latest&stackMode=absolute&facet=none,41e048b1c34a1a507ac2367bbccdc1cd,extinct-species-since-1500-5f578d8557ce718b2eb5406357c7da32_v8_850x600.svg,3,19,158962016,1960
extinct-species-since-1500,StackedDiscreteBar,tab=chart&time=latest&stackMode=absolute&facet=none&focus=%3CfirstSeries%3E,tab=chart&time=latest&stackMode=absolute&facet=none&focus=Extinct+species,a2b80cfc88c016beb235ae67128801fd,extinct-species-since-1500-4384486520db488cfbfce372234d31d0_v8_850x600.svg,3,15,1048489360,1960
extinct-species-since-1500,StackedDiscreteBar,tab=chart&time=latest&stackMode=absolute&facet=entity&focus=%3Cnone%3E,tab=chart&time=latest&stackMode=absolute&facet=entity,51748c15e959e58b9d5619b5a63f116a,extinct-species-since-1500-b759ed343f48c8a07c19fb5c0bccd793_v8_850x600.svg,2,12,2349753336,1960
extinct-species-since-1500,StackedDiscreteBar,tab=chart&time=latest&stackMode=absolute&facet=metric&focus=%3Cnone%3E,tab=chart&time=latest&stackMode=absolute&facet=metric,1d705a285ec284ecd20a003e097ce3a8,extinct-species-since-1500-c7d53f92b7b797aad36521ae859fba9d_v8_850x600.svg,2,13,2156757744,1960
extinct-species-since-1500,StackedDiscreteBar,tab=chart&time=latest&stackMode=relative&facet=none&focus=%3Cnone%3E,tab=chart&time=latest&stackMode=relative&facet=none,ff8d610b7329a68613fdb67d43b90f8d,extinct-species-since-1500-173f88704c2c24ff6b07444f4507ddc0_v8_850x600.svg,3,15,1056541056,1960
extinct-species-since-1500,StackedDiscreteBar,tab=chart&time=latest&stackMode=relative&facet=entity&focus=%3Cnone%3E,tab=chart&time=latest&stackMode=relative&facet=entity,0930b40fc4c6ff319eb35bc603819260,extinct-species-since-1500-dffeae05c46f75bafe6cea2a3618bd03_v8_850x600.svg,3,17,167257712,1960
extinct-species-since-1500,StackedDiscreteBar,tab=chart&time=latest&stackMode=relative&facet=metric&focus=%3Cnone%3E,tab=chart&time=latest&stackMode=relative&facet=metric,e4ad66c2649d13c991e137146b363228,extinct-species-since-1500-9b04153fbeee08cd599fd7a918f303dd_v8_850x600.svg,3,18,2360584112,1960
female-labor-force-participation-rates-latest-vs-1980,Dumbbell,tab=chart&time=earliest&yScale=linear&focus=%3Cnone%3E,tab=chart&time=earliest&yScale=linear,36c021f851210f6a0f9a2500e9ab820f,female-labor-force-participation-rates-latest-vs-1980-5a700939f8e5f77eb5ae6f61b82fc87b_v42_850x600.svg,6,15,2125088048,155104
female-labor-force-participation-rates-latest-vs-1980,Dumbbell,tab=chart&time=earliest&yScale=linear&focus=%3CfirstSeries%3E,tab=chart&time=earliest&yScale=linear,36c021f851210f6a0f9a2500e9ab820f,female-labor-force-participation-rates-latest-vs-1980-5a700939f8e5f77eb5ae6f61b82fc87b_v42_850x600.svg,7,19,1067379864,155104
female-labor-force-participation-rates-latest-vs-1980,Dumbbell,tab=chart&time=earliest&yScale=log&focus=%3Cnone%3E,tab=chart&time=earliest&yScale=log,785430727c2b06a178b05ca6aeb481a8,female-labor-force-participation-rates-latest-vs-1980-8a0805dcd4a9ddb383fb3290a7e5d490_v42_850x600.svg,7,19,178240928,155104
female-labor-force-participation-rates-latest-vs-1980,Dumbbell,tab=chart&time=latest&yScale=linear&focus=%3Cnone%3E,tab=chart&time=latest&yScale=linear,327494961a7e4c80cd10c76f879d34eb,female-labor-force-participation-rates-latest-vs-1980-004479566da5eadb51940ff1930f02a8_v42_850x600.svg,5,16,2371308272,155104
female-labor-force-participation-rates-latest-vs-1980,Dumbbell,tab=chart&time=latest&yScale=linear&focus=%3CfirstSeries%3E,tab=chart&time=latest&yScale=linear,327494961a7e4c80cd10c76f879d34eb,female-labor-force-participation-rates-latest-vs-1980-004479566da5eadb51940ff1930f02a8_v42_850x600.svg,4,12,2135407648,155104
female-labor-force-participation-rates-latest-vs-1980,Dumbbell,tab=chart&time=latest&yScale=log&focus=%3Cnone%3E,tab=chart&time=latest&yScale=log,064aeaeb23ddda4bd6123dddaed7a18e,female-labor-force-participation-rates-latest-vs-1980-9ea1a0e39d85e2a978b1923dc567f665_v42_850x600.svg,6,17,1078012264,155104
female-labor-force-participation-rates-latest-vs-1980,Dumbbell,tab=chart&time=earliest..latest&yScale=linear&focus=%3Cnone%3E,tab=chart&time=earliest..latest&yScale=linear,53f939aa16874cedede1b96e7fcc53a8,female-labor-force-participation-rates-latest-vs-1980-fedfee7f4e8999a57e3ae8334834369b_v42_850x600.svg,5,26,192164216,155104
female-labor-force-participation-rates-latest-vs-1980,Dumbbell,tab=chart&time=earliest..latest&yScale=linear&focus=%3CfirstSeries%3E,tab=chart&time=earliest..latest&yScale=linear&focus=Bahamas,e8ced501dd17842734305a97269f1898,female-labor-force-participation-rates-latest-vs-1980-36e90f5680d463b70414bec742571432_v42_850x600.svg,4,16,2148459240,155104
female-labor-force-participation-rates-latest-vs-1980,Dumbbell,tab=chart&time=earliest..latest&yScale=log&focus=%3Cnone%3E,tab=chart&time=earliest..latest&yScale=log,58f2fa2dad6cf620fbf03c8559607149,female-labor-force-participation-rates-latest-vs-1980-3e8c6681823c7bb7b99e8e2f95595463_v42_850x600.svg,5,23,2384885752,155104
food-emissions-supply-chain,StackedDiscreteBar,tab=chart&time=earliest&stackMode=absolute&facet=none&focus=%3Cnone%3E,tab=chart&time=earliest&stackMode=absolute&facet=none,8420d07e594df0be66807fe36a2738fc,food-emissions-supply-chain-a6b0c4e3db34a5e2fc32ca3bac8c4a17_v22_850x600.svg,2,14,2161292088,12748
food-emissions-supply-chain,StackedDiscreteBar,tab=chart&time=earliest&stackMode=absolute&facet=none&focus=%3CfirstSeries%3E,tab=chart&time=earliest&stackMode=absolute&facet=none&focus=Land+use+change,725c4e2a642b6e10170d7e0d3f320ce8,food-emissions-supply-chain-b279fb486641ecb84591f2b6b5fea253_v22_850x600.svg,4,25,1051722832,12748
food-emissions-supply-chain,StackedDiscreteBar,tab=chart&time=earliest&stackMode=absolute&facet=entity&focus=%3Cnone%3E,tab=chart&time=earliest&stackMode=absolute&facet=entity,7a3d314b66a9e26519e664af20ff1f42,food-emissions-supply-chain-877a9b6d076238fb08b171b77fe1fe4a_v22_850x600.svg,3,22,2398474056,12748
food-emissions-supply-chain,StackedDiscreteBar,tab=chart&time=earliest&stackMode=absolute&facet=metric&focus=%3Cnone%3E,tab=chart&time=earliest&stackMode=absolute&facet=metric,bad8ffbfae359c1534364a7ee580ff09,food-emissions-supply-chain-9f40fe5d548a77f9c83a5583ef868b22_v22_850x600.svg,3,73,188501792,12748
food-emissions-supply-chain,StackedDiscreteBar,tab=chart&time=earliest&stackMode=relative&facet=none&focus=%3Cnone%3E,tab=chart&time=earliest&stackMode=relative&facet=none,4095ff5d22592c4802d0ce49b2e8339a,food-emissions-supply-chain-14c6ad9463aea3c92a5d1278a5f2a46e_v22_850x600.svg,2,15,2139851760,12748
food-emissions-supply-chain,StackedDiscreteBar,tab=chart&time=earliest&stackMode=relative&facet=entity&focus=%3Cnone%3E,tab=chart&time=earliest&stackMode=relative&facet=entity,cd57f12ae7ee0b284f1175d7dc4dd7b9,food-emissions-supply-chain-78b3b21507554bdf10b4682184459c8d_v22_850x600.svg,3,20,1065447000,12748
food-emissions-supply-chain,StackedDiscreteBar,tab=chart&time=earliest&stackMode=relative&facet=metric&focus=%3Cnone%3E,tab=chart&time=earliest&stackMode=relative&facet=metric,ffb35eb453d52bf945f4b4d51488e575,food-emissions-supply-chain-9e83ff3b0bce978ecdb9211188c79332_v22_850x600.svg,4,63,2395710504,12748
food-emissions-supply-chain,StackedDiscreteBar,tab=chart&time=latest&stackMode=absolute&facet=none&focus=%3Cnone%3E,tab=chart&time=latest&stackMode=absolute&facet=none,f63848666deb313384a6e82e1d8f4049,food-emissions-supply-chain-5f578d8557ce718b2eb5406357c7da32_v22_850x600.svg,3,15,2152624384,12748
food-emissions-supply-chain,StackedDiscreteBar,tab=chart&time=latest&stackMode=absolute&facet=none&focus=%3CfirstSeries%3E,tab=chart&time=latest&stackMode=absolute&facet=none&focus=Land+use+change,7ab7f15f11a12ce71f4ada546797dc8e,food-emissions-supply-chain-62f68a03fc00ecd1bbe6be7213957596_v22_850x600.svg,3,18,1078676552,12748
food-emissions-supply-chain,StackedDiscreteBar,tab=chart&time=latest&stackMode=absolute&facet=entity&focus=%3Cnone%3E,tab=chart&time=latest&stackMode=absolute&facet=entity,c5e5df420a1c6ae53afca1ed78c420e2,food-emissions-supply-chain-b759ed343f48c8a07c19fb5c0bccd793_v22_850x600.svg,3,14,2165329376,12748
food-emissions-supply-chain,StackedDiscreteBar,tab=chart&time=latest&stackMode=absolute&facet=metric&focus=%3Cnone%3E,tab=chart&time=latest&stackMode=absolute&facet=metric,39da314689613530ea5f7adf9ee48692,food-emissions-supply-chain-c7d53f92b7b797aad36521ae859fba9d_v22_850x600.svg,4,64,1080496704,12748
food-emissions-supply-chain,StackedDiscreteBar,tab=chart&time=latest&stackMode=relative&facet=none&focus=%3Cnone%3E,tab=chart&time=latest&stackMode=relative&facet=none,22dc9c4e3cf088213612478b1b51f571,food-emissions-supply-chain-173f88704c2c24ff6b07444f4507ddc0_v22_850x600.svg,3,14,2178592272,12748
food-emissions-supply-chain,StackedDiscreteBar,tab=chart&time=latest&stackMode=relative&facet=entity&focus=%3Cnone%3E,tab=chart&time=latest&stackMode=relative&facet=entity,34b7acdd5c4afefe78b48565222190fa,food-emissions-supply-chain-dffeae05c46f75bafe6cea2a3618bd03_v22_850x600.svg,3,22,202684488,12748
food-emissions-supply-chain,StackedDiscreteBar,tab=chart&time=latest&stackMode=relative&facet=metric&focus=%3Cnone%3E,tab=chart&time=latest&stackMode=relative&facet=metric,3d06d73c586d8150cfbb9da02f178c9f,food-emissions-supply-chain-9b04153fbeee08cd599fd7a918f303dd_v22_850x600.svg,5,48,2181642864,12748
food-waste-per-capita,StackedDiscreteBar,tab=chart&time=earliest&stackMode=absolute&facet=none&focus=%3Cnone%3E,tab=chart&time=earliest&stackMode=absolute&facet=none,95e385ad392d9604f75790742fe686a5,food-waste-per-capita-a6b0c4e3db34a5e2fc32ca3bac8c4a17_v15_850x600.svg,4,12,2366713392,48248
food-waste-per-capita,StackedDiscreteBar,tab=chart&time=earliest&stackMode=absolute&facet=none&focus=%3CfirstSeries%3E,tab=chart&time=earliest&stackMode=absolute&facet=none&focus=Retail,de1e4dd373025c0dc3c270eb0ee023aa,food-waste-per-capita-33fae3f1db006e67d024f0e9a5467f7f_v15_850x600.svg,4,14,210842376,48248
food-waste-per-capita,StackedDiscreteBar,tab=chart&time=earliest&stackMode=absolute&facet=entity&focus=%3Cnone%3E,tab=chart&time=earliest&stackMode=absolute&facet=entity,b02391203a72b7aef7d5221a98620220,food-waste-per-capita-877a9b6d076238fb08b171b77fe1fe4a_v15_850x600.svg,3,10,2374353176,48248
food-waste-per-capita,StackedDiscreteBar,tab=chart&time=earliest&stackMode=absolute&facet=metric&focus=%3Cnone%3E,tab=chart&time=earliest&stackMode=absolute&facet=metric,880f4393de8bda8d3f5424df800433de,food-waste-per-capita-9f40fe5d548a77f9c83a5583ef868b22_v15_850x600.svg,3,17,189585680,48248
food-waste-per-capita,StackedDiscreteBar,tab=chart&time=earliest&stackMode=relative&facet=none&focus=%3Cnone%3E,tab=chart&time=earliest&stackMode=relative&facet=none,d559123d155cf86c4d0decf08b40fd2f,food-waste-per-capita-14c6ad9463aea3c92a5d1278a5f2a46e_v15_850x600.svg,3,11,2382426304,48248
food-waste-per-capita,StackedDiscreteBar,tab=chart&time=earliest&stackMode=relative&facet=entity&focus=%3Cnone%3E,tab=chart&time=earliest&stackMode=relative&facet=entity,e25393c4972d36e46e14c94f609f89fa,food-waste-per-capita-78b3b21507554bdf10b4682184459c8d_v15_850x600.svg,4,12,1088810808,48248
food-waste-per-capita,StackedDiscreteBar,tab=chart&time=earliest&stackMode=relative&facet=metric&focus=%3Cnone%3E,tab=chart&time=earliest&stackMode=relative&facet=metric,44d381dd14d0d56018cd35b0f7acc324,food-waste-per-capita-9e83ff3b0bce978ecdb9211188c79332_v15_850x600.svg,3,13,2193806992,48248
food-waste-per-capita,StackedDiscreteBar,tab=chart&time=latest&stackMode=absolute&facet=none&focus=%3Cnone%3E,tab=chart&time=latest&stackMode=absolute&facet=none,c82e77029b66a216c1a8837d6f1940b1,food-waste-per-capita-5f578d8557ce718b2eb5406357c7da32_v15_850x600.svg,3,10,2390038232,48248
food-waste-per-capita,StackedDiscreteBar,tab=chart&time=latest&stackMode=absolute&facet=none&focus=%3CfirstSeries%3E,tab=chart&time=latest&stackMode=absolute&facet=none&focus=Retail,38f3239dd198b5e2245e1cc1aafdb1e3,food-waste-per-capita-1ab67eccb8f3ba68f4d7f7e4fa760d62_v15_850x600.svg,3,12,197690656,48248
food-waste-per-capita,StackedDiscreteBar,tab=chart&time=latest&stackMode=absolute&facet=entity&focus=%3Cnone%3E,tab=chart&time=latest&stackMode=absolute&facet=entity,8ef3ff088baa951ea2a5c0ef666e9209,food-waste-per-capita-b759ed343f48c8a07c19fb5c0bccd793_v15_850x600.svg,4,12,1096517176,48248
food-waste-per-capita,StackedDiscreteBar,tab=chart&time=latest&stackMode=absolute&facet=metric&focus=%3Cnone%3E,tab=chart&time=latest&stackMode=absolute&facet=metric,e1429acd2c2579225ea20078b7836935,food-waste-per-capita-c7d53f92b7b797aad36521ae859fba9d_v15_850x600.svg,4,16,2402222208,48248
food-waste-per-capita,StackedDiscreteBar,tab=chart&time=latest&stackMode=relative&facet=none&focus=%3Cnone%3E,tab=chart&time=latest&stackMode=relative&facet=none,218343ba7cc68a1e98f552bfc996aa06,food-waste-per-capita-173f88704c2c24ff6b07444f4507ddc0_v15_850x600.svg,3,9,2157918648,48248
food-waste-per-capita,StackedDiscreteBar,tab=chart&time=latest&stackMode=relative&facet=entity&focus=%3Cnone%3E,tab=chart&time=latest&stackMode=relative&facet=entity,3513a767e70a5fa446b734de09b0dd63,food-waste-per-capita-dffeae05c46f75bafe6cea2a3618bd03_v15_850x600.svg,3,12,206283192,48248
food-waste-per-capita,StackedDiscreteBar,tab=chart&time=latest&stackMode=relative&facet=metric&focus=%3Cnone%3E,tab=chart&time=latest&stackMode=relative&facet=metric,782b5840c1a56b3b5a820b9898b55cd5,food-waste-per-capita-9b04153fbeee08cd599fd7a918f303dd_v15_850x600.svg,3,17,1073161056,48248
gdp-per-capita-maddison-project-database,LineChart,tab=line&time=earliest..latest&stackMode=absolute&yScale=linear&facet=none&uniformYAxis=0&focus=%3Cnone%3E,tab=line&time=earliest..latest&stackMode=absolute&yScale=linear&facet=none&uniformYAxis=0,039b93be6af1131cff433ae45e793b40,gdp-per-capita-maddison-project-database-4430c2e2eb335ca7c64158941adb998d_v53_850x600.svg,11,32,2182652376,652924
gdp-per-capita-maddison-project-database,LineChart,tab=line&time=earliest..latest&stackMode=absolute&yScale=linear&facet=none&uniformYAxis=0&focus=%3CfirstSeries%3E,tab=line&time=earliest..latest&stackMode=absolute&yScale=linear&facet=none&uniformYAxis=0&focus=World,b05cfef6978bfda5e2b1cb086f6b5da9,gdp-per-capita-maddison-project-database-fce8d68852eab5891d71536436a53dae_v53_850x600.svg,15,34,2423037960,652924
gdp-per-capita-maddison-project-database,LineChart,tab=line&time=earliest..latest&stackMode=absolute&yScale=linear&facet=entity&uniformYAxis=1&focus=%3Cnone%3E,tab=line&time=earliest..latest&stackMode=absolute&yScale=linear&facet=entity&uniformYAxis=1,d53c9f63263a8531aaf06dd9d8a560c7,gdp-per-capita-maddison-project-database-c9e137028d8726a2fb901026e4c9a3cb_v53_850x600.svg,12,46,239025040,652924
gdp-per-capita-maddison-project-database,LineChart,tab=line&time=earliest..latest&stackMode=absolute&yScale=linear&facet=entity&uniformYAxis=0&focus=%3Cnone%3E,tab=line&time=earliest..latest&stackMode=absolute&yScale=linear&facet=entity&uniformYAxis=0,f0d722f9d24387dafde9eb38175f8096,gdp-per-capita-maddison-project-database-a1b3bb0eec44ece440c67493e54f5bed_v53_850x600.svg,16,48,1105925064,652924
gdp-per-capita-maddison-project-database,LineChart,tab=line&time=earliest..latest&stackMode=absolute&yScale=linear&facet=metric&uniformYAxis=1&focus=%3Cnone%3E,tab=line&time=earliest..latest&stackMode=absolute&yScale=linear&facet=metric&uniformYAxis=1,69591790a84645de1dc0607f469a0e47,gdp-per-capita-maddison-project-database-97d77284ca49046e539bb4bde7ea1ab1_v53_850x600.svg,11,37,2207278352,652924
gdp-per-capita-maddison-project-database,LineChart,tab=line&time=earliest..latest&stackMode=absolute&yScale=linear&facet=metric&uniformYAxis=0&focus=%3Cnone%3E,tab=line&time=earliest..latest&stackMode=absolute&yScale=linear&facet=metric&uniformYAxis=0,7e495377615750eddf2688551c5b3bd1,gdp-per-capita-maddison-project-database-4eb808ae74e4379569465d5e629645b3_v53_850x600.svg,15,42,1131029768,652924
gdp-per-capita-maddison-project-database,LineChart,tab=line&time=earliest..latest&stackMode=absolute&yScale=log&facet=none&uniformYAxis=0&focus=%3Cnone%3E,tab=line&time=earliest..latest&stackMode=absolute&yScale=log&facet=none&uniformYAxis=0,8e4e15355f9ce7ed41b9e986ecf3a787,gdp-per-capita-maddison-project-database-125775cfe5817e4e28a3556030c51d0c_v53_850x600.svg,12,41,221374360,652924
gdp-per-capita-maddison-project-database,LineChart,tab=line&time=earliest..latest&stackMode=absolute&yScale=log&facet=entity&uniformYAxis=1&focus=%3Cnone%3E,tab=line&time=earliest..latest&stackMode=absolute&yScale=log&facet=entity&uniformYAxis=1,0cf45a18dbfeaeafa034c9bf78734a61,gdp-per-capita-maddison-project-database-2d63e33f4ac34395c7f1c42276c82bbe_v53_850x600.svg,17,52,2184116248,652924
gdp-per-capita-maddison-project-database,LineChart,tab=line&time=earliest..latest&stackMode=absolute&yScale=log&facet=entity&uniformYAxis=0&focus=%3Cnone%3E,tab=line&time=earliest..latest&stackMode=absolute&yScale=log&facet=entity&uniformYAxis=0,a9ede836c5f3da493314892c43c5f423,gdp-per-capita-maddison-project-database-a2e83d395d4ba45de21b14d7bd9fbeb7_v53_850x600.svg,15,57,1119983968,652924
gdp-per-capita-maddison-project-database,LineChart,tab=line&time=earliest..latest&stackMode=absolute&yScale=log&facet=metric&uniformYAxis=1&focus=%3Cnone%3E,tab=line&time=earliest..latest&stackMode=absolute&yScale=log&facet=metric&uniformYAxis=1,44c486784f2f1aab867cb2ae8968ac7f,gdp-per-capita-maddison-project-database-20b9b9a19b12ae50e0d6c1a4fc28e5e8_v53_850x600.svg,13,39,247476616,652924
gdp-per-capita-maddison-project-database,LineChart,tab=line&time=earliest..latest&stackMode=absolute&yScale=log&facet=metric&uniformYAxis=0&focus=%3Cnone%3E,tab=line&time=earliest..latest&stackMode=absolute&yScale=log&facet=metric&uniformYAxis=0,28cffb018aeceb680604d3c0336f8714,gdp-per-capita-maddison-project-database-ca0c610171a0551dbb4a627e23e29f56_v53_850x600.svg,23,62,189686744,652924
gdp-per-capita-maddison-project-database,LineChart,tab=line&time=earliest..latest&stackMode=relative&yScale=linear&facet=none&uniformYAxis=0&focus=%3Cnone%3E,tab=line&time=earliest..latest&stackMode=relative&yScale=linear&facet=none&uniformYAxis=0,aa64af772ef26a2a3d01a5fbd8fd9c55,gdp-per-capita-maddison-project-database-3e69c2ab7cbb5643071a391e67189a67_v53_850x600.svg,12,38,2209690616,652924
gdp-per-capita-maddison-project-database,LineChart,tab=line&time=earliest..latest&stackMode=relative&yScale=linear&facet=entity&uniformYAxis=1&focus=%3Cnone%3E,tab=line&time=earliest..latest&stackMode=relative&yScale=linear&facet=entity&uniformYAxis=1,6389960d284bca4f87a2cf644a015421,gdp-per-capita-maddison-project-database-8745684d3950240275cfac2bb38fdf4b_v53_850x600.svg,13,52,225484040,652924
gdp-per-capita-maddison-project-database,LineChart,tab=line&time=earliest..latest&stackMode=relative&yScale=linear&facet=entity&uniformYAxis=0&focus=%3Cnone%3E,tab=line&time=earliest..latest&stackMode=relative&yScale=linear&facet=entity&uniformYAxis=0,0d75b33dfaa7170a2c0f0f6808ad384e,gdp-per-capita-maddison-project-database-8f9ed69a69d0935eb613989e2a3cde6a_v53_850x600.svg,12,43,2243243640,652924
gdp-per-capita-maddison-project-database,LineChart,tab=line&time=earliest..latest&stackMode=relative&yScale=linear&facet=metric&uniformYAxis=1&focus=%3Cnone%3E,tab=line&time=earliest..latest&stackMode=relative&yScale=linear&facet=metric&uniformYAxis=1,7d7230c973e4fefbd710ce77dbc50617,gdp-per-capita-maddison-project-database-3733fc4ec16a09d5cecf596a4553b8dc_v53_850x600.svg,16,43,1145416640,652924
gdp-per-capita-maddison-project-database,LineChart,tab=line&time=earliest..latest&stackMode=relative&yScale=linear&facet=metric&uniformYAxis=0&focus=%3Cnone%3E,tab=line&time=earliest..latest&stackMode=relative&yScale=linear&facet=metric&uniformYAxis=0,f72040d4f50e9e9f08594e30e162f461,gdp-per-capita-maddison-project-database-613a269764bea61f37fe6cdda4e208dc_v53_850x600.svg,14,45,215038960,652924
gdp-per-capita-maddison-project-database,WorldMap,tab=map&time=earliest..latest&stackMode=absolute&yScale=linear&facet=none&uniformYAxis=0&focus=%3Cnone%3E,tab=map&time=earliest..latest&stackMode=absolute&yScale=linear&facet=none&uniformYAxis=0,fa83159e09da15ec7f440f306fea0a6b,gdp-per-capita-maddison-project-database-d8323fbe5b81c2b6621525fd272679bb_v53_850x600.svg,55,149,289347104,652924
gdp-per-capita-maddison-project-database,SlopeChart,tab=slope&time=earliest..latest&stackMode=absolute&yScale=linear&facet=none&uniformYAxis=0&focus=%3Cnone%3E,tab=slope&time=earliest..latest&stackMode=absolute&yScale=linear&facet=none&uniformYAxis=0,b0d932935ffc4e8da62ef137a94ab244,gdp-per-capita-maddison-project-database-8869d925bb9ec36312653d7408b3825e_v53_850x600.svg,45,107,2244145512,652924
gdp-per-capita-maddison-project-database,SlopeChart,tab=slope&time=earliest..latest&stackMode=absolute&yScale=linear&facet=entity&uniformYAxis=1&focus=%3Cnone%3E,tab=slope&time=earliest..latest&stackMode=absolute&yScale=linear&facet=entity&uniformYAxis=1,caea26915e1c31e45960665b859846a8,gdp-per-capita-maddison-project-database-94f8762ac9e6f207f508da976fa7777b_v53_850x600.svg,54,85,1190487880,652924
gdp-per-capita-maddison-project-database,SlopeChart,tab=slope&time=earliest..latest&stackMode=absolute&yScale=linear&facet=entity&uniformYAxis=0&focus=%3Cnone%3E,tab=slope&time=earliest..latest&stackMode=absolute&yScale=linear&facet=entity&uniformYAxis=0,f59e808c2b9fb18a3fd51184a67da6b3,gdp-per-capita-maddison-project-database-784910cad399974abce10237037577b8_v53_850x600.svg,56,90,196714592,652924
gdp-per-capita-maddison-project-database,SlopeChart,tab=slope&time=earliest..latest&stackMode=absolute&yScale=linear&facet=metric&uniformYAxis=1&focus=%3Cnone%3E,tab=slope&time=earliest..latest&stackMode=absolute&yScale=linear&facet=metric&uniformYAxis=1,e3929cc9efdea008dd43116166a6b80f,gdp-per-capita-maddison-project-database-ef7d44586247e71c5218855b27d8382c_v53_850x600.svg,56,124,1156994872,652924
gdp-per-capita-maddison-project-database,SlopeChart,tab=slope&time=earliest..latest&stackMode=absolute&yScale=linear&facet=metric&uniformYAxis=0&focus=%3Cnone%3E,tab=slope&time=earliest..latest&stackMode=absolute&yScale=linear&facet=metric&uniformYAxis=0,18ba3a54104b80eb10ca1a4194f1bdba,gdp-per-capita-maddison-project-database-826ab5a3685e5c0f530e312aed74de57_v53_850x600.svg,48,103,2310601584,652924
gdp-per-capita-maddison-project-database,SlopeChart,tab=slope&time=earliest..latest&stackMode=absolute&yScale=log&facet=none&uniformYAxis=0&focus=%3Cnone%3E,tab=slope&time=earliest..latest&stackMode=absolute&yScale=log&facet=none&uniformYAxis=0,318d96672db7c9baaf4bd070f43816bf,gdp-per-capita-maddison-project-database-2004f4ed5e6c7123527f290d11fa22e0_v53_850x600.svg,50,117,246048408,652924
gdp-per-capita-maddison-project-database,SlopeChart,tab=slope&time=earliest..latest&stackMode=absolute&yScale=log&facet=entity&uniformYAxis=1&focus=%3Cnone%3E,tab=slope&time=earliest..latest&stackMode=absolute&yScale=log&facet=entity&uniformYAxis=1,e6356c91411f87d4ccda4476f36bc351,gdp-per-capita-maddison-project-database-ac638c4f34d948fe349a20d2dfb61ce7_v53_850x600.svg,56,90,303791464,652924
gdp-per-capita-maddison-project-database,SlopeChart,tab=slope&time=earliest..latest&stackMode=absolute&yScale=log&facet=entity&uniformYAxis=0&focus=%3Cnone%3E,tab=slope&time=earliest..latest&stackMode=absolute&yScale=log&facet=entity&uniformYAxis=0,286408871340b2a9214a883a133ec211,gdp-per-capita-maddison-project-database-602cf15b8e4cf555a48aab50e95a8aac_v53_850x600.svg,51,78,2313709552,652924
gdp-per-capita-maddison-project-database,SlopeChart,tab=slope&time=earliest..latest&stackMode=absolute&yScale=log&facet=metric&uniformYAxis=1&focus=%3Cnone%3E,tab=slope&time=earliest..latest&stackMode=absolute&yScale=log&facet=metric&uniformYAxis=1,07d8ff9445580ed8bbc7b1969be186b8,gdp-per-capita-maddison-project-database-85de343b2e97abe79303be8b50dc85a9_v53_850x600.svg,50,117,1198369080,652924
gdp-per-capita-maddison-project-database,SlopeChart,tab=slope&time=earliest..latest&stackMode=absolute&yScale=log&facet=metric&uniformYAxis=0&focus=%3Cnone%3E,tab=slope&time=earliest..latest&stackMode=absolute&yScale=log&facet=metric&uniformYAxis=0,d90ee282835cb4ed34079ccd6395c3ec,gdp-per-capita-maddison-project-database-da5389268a3d40a777bafa40504058d6_v53_850x600.svg,47,107,345436752,652924
gdp-per-capita-maddison-project-database,SlopeChart,tab=slope&time=earliest..latest&stackMode=relative&yScale=linear&facet=none&uniformYAxis=0&focus=%3Cnone%3E,tab=slope&time=earliest..latest&stackMode=relative&yScale=linear&facet=none&uniformYAxis=0,e9326b70c94a8d7f0fea9a1a9b7dd14f,gdp-per-capita-maddison-project-database-aeff4e7484a0699e34ef7db25ee756f4_v53_850x600.svg,60,117,314489848,652924
gdp-per-capita-maddison-project-database,SlopeChart,tab=slope&time=earliest..latest&stackMode=relative&yScale=linear&facet=entity&uniformYAxis=1&focus=%3Cnone%3E,tab=slope&time=earliest..latest&stackMode=relative&yScale=linear&facet=entity&uniformYAxis=1,9f6cb02f5ec7f2f543726d6044af06ca,gdp-per-capita-maddison-project-database-3dffa15ae06e8a525ec0cee77d7eeccb_v53_850x600.svg,54,86,2319827976,652924
gdp-per-capita-maddison-project-database,SlopeChart,tab=slope&time=earliest..latest&stackMode=relative&yScale=linear&facet=entity&uniformYAxis=0&focus=%3Cnone%3E,tab=slope&time=earliest..latest&stackMode=relative&yScale=linear&facet=entity&uniformYAxis=0,377148731e01ba10192aa02c24690edd,gdp-per-capita-maddison-project-database-7064be44275c8da297486c7c3b02b4c8_v53_850x600.svg,58,89,1222118200,652924
gdp-per-capita-maddison-project-database,SlopeChart,tab=slope&time=earliest..latest&stackMode=relative&yScale=linear&facet=metric&uniformYAxis=1&focus=%3Cnone%3E,tab=slope&time=earliest..latest&stackMode=relative&yScale=linear&facet=metric&uniformYAxis=1,aa7960192275c3006843f3eb4ba93785,gdp-per-capita-maddison-project-database-832c446b172ca5b57b8f29f2ad9a5773_v53_850x600.svg,55,111,412130088,652924
gdp-per-capita-maddison-project-database,SlopeChart,tab=slope&time=earliest..latest&stackMode=relative&yScale=linear&facet=metric&uniformYAxis=0&focus=%3Cnone%3E,tab=slope&time=earliest..latest&stackMode=relative&yScale=linear&facet=metric&uniformYAxis=0,7b02b4ea5f6c614d02ece9ead6ead808,gdp-per-capita-maddison-project-database-ce47134240246dee7c7ed0361a427b50_v53_850x600.svg,57,115,360420384,652924
gdp-per-capita-worldbank,LineChart,tab=line&time=earliest..latest&stackMode=absolute&yScale=linear&facet=none&uniformYAxis=0&focus=%3Cnone%3E,tab=line&time=earliest..latest&stackMode=absolute&yScale=linear&facet=none&uniformYAxis=0,1aa47c25cd0d0afd2490b86a77c0c08a,gdp-per-capita-worldbank-4430c2e2eb335ca7c64158941adb998d_v58_850x600.svg,12,40,2358274520,257471
gdp-per-capita-worldbank,LineChart,tab=line&time=earliest..latest&stackMode=absolute&yScale=linear&facet=none&uniformYAxis=0&focus=%3CfirstSeries%3E,tab=line&time=earliest..latest&stackMode=absolute&yScale=linear&facet=none&uniformYAxis=0&focus=United+States,f541015a521aaea774390413c3df0fbb,gdp-per-capita-worldbank-6c886fbe1897547413ec76f7ac9ba5ab_v58_850x600.svg,23,49,938268216,257471
gdp-per-capita-worldbank,LineChart,tab=line&time=earliest..latest&stackMode=absolute&yScale=linear&facet=entity&uniformYAxis=1&focus=%3Cnone%3E,tab=line&time=earliest..latest&stackMode=absolute&yScale=linear&facet=entity&uniformYAxis=1,ea00b57105ead626c951c1fe02f395ac,gdp-per-capita-worldbank-c9e137028d8726a2fb901026e4c9a3cb_v58_850x600.svg,14,48,1265599016,257471
gdp-per-capita-worldbank,LineChart,tab=line&time=earliest..latest&stackMode=absolute&yScale=linear&facet=entity&uniformYAxis=0&focus=%3Cnone%3E,tab=line&time=earliest..latest&stackMode=absolute&yScale=linear&facet=entity&uniformYAxis=0,f1a1d2a0fab79a81b355d51b02df5661,gdp-per-capita-worldbank-a1b3bb0eec44ece440c67493e54f5bed_v58_850x600.svg,12,42,2343031808,257471
gdp-per-capita-worldbank,LineChart,tab=line&time=earliest..latest&stackMode=absolute&yScale=linear&facet=metric&uniformYAxis=1&focus=%3Cnone%3E,tab=line&time=earliest..latest&stackMode=absolute&yScale=linear&facet=metric&uniformYAxis=1,c1f2bae44b9e89783fd71c562cf68a50,gdp-per-capita-worldbank-97d77284ca49046e539bb4bde7ea1ab1_v58_850x600.svg,14,50,920573544,257471
gdp-per-capita-worldbank,LineChart,tab=line&time=earliest..latest&stackMode=absolute&yScale=linear&facet=metric&uniformYAxis=0&focus=%3Cnone%3E,tab=line&time=earliest..latest&stackMode=absolute&yScale=linear&facet=metric&uniformYAxis=0,1e4bb4515a38684f05166b30c73e1492,gdp-per-capita-worldbank-4eb808ae74e4379569465d5e629645b3_v58_850x600.svg,14,45,342319336,257471
gdp-per-capita-worldbank,LineChart,tab=line&time=earliest..latest&stackMode=absolute&yScale=log&facet=none&uniformYAxis=0&focus=%3Cnone%3E,tab=line&time=earliest..latest&stackMode=absolute&yScale=log&facet=none&uniformYAxis=0,3a39c17f53784cac124489e467d10260,gdp-per-capita-worldbank-125775cfe5817e4e28a3556030c51d0c_v58_850x600.svg,19,56,291271688,257471
gdp-per-capita-worldbank,LineChart,tab=line&time=earliest..latest&stackMode=absolute&yScale=log&facet=entity&uniformYAxis=1&focus=%3Cnone%3E,tab=line&time=earliest..latest&stackMode=absolute&yScale=log&facet=entity&uniformYAxis=1,480c2d9a8c4c83d9234032df0b3632dd,gdp-per-capita-worldbank-2d63e33f4ac34395c7f1c42276c82bbe_v58_850x600.svg,15,44,2345289136,257471
gdp-per-capita-worldbank,LineChart,tab=line&time=earliest..latest&stackMode=absolute&yScale=log&facet=entity&uniformYAxis=0&focus=%3Cnone%3E,tab=line&time=earliest..latest&stackMode=absolute&yScale=log&facet=entity&uniformYAxis=0,3ff5144f9f2672bff01ac894b5575e9f,gdp-per-capita-worldbank-a2e83d395d4ba45de21b14d7bd9fbeb7_v58_850x600.svg,13,48,1257801888,257471
gdp-per-capita-worldbank,LineChart,tab=line&time=earliest..latest&stackMode=absolute&yScale=log&facet=metric&uniformYAxis=1&focus=%3Cnone%3E,tab=line&time=earliest..latest&stackMode=absolute&yScale=log&facet=metric&uniformYAxis=1,dcf497c634cd61541ae1785b968497d8,gdp-per-capita-worldbank-20b9b9a19b12ae50e0d6c1a4fc28e5e8_v58_850x600.svg,13,37,383863880,257471
gdp-per-capita-worldbank,LineChart,tab=line&time=earliest..latest&stackMode=absolute&yScale=log&facet=metric&uniformYAxis=0&focus=%3Cnone%3E,tab=line&time=earliest..latest&stackMode=absolute&yScale=log&facet=metric&uniformYAxis=0,6cf0508271dce1038edc32e1751c412c,gdp-per-capita-worldbank-ca0c610171a0551dbb4a627e23e29f56_v58_850x600.svg,19,50,963022848,257471
gdp-per-capita-worldbank,LineChart,tab=line&time=earliest..latest&stackMode=relative&yScale=linear&facet=none&uniformYAxis=0&focus=%3Cnone%3E,tab=line&time=earliest..latest&stackMode=relative&yScale=linear&facet=none&uniformYAxis=0,6e088eb305b1dba0918c7114a5117210,gdp-per-capita-worldbank-3e69c2ab7cbb5643071a391e67189a67_v58_850x600.svg,12,41,2340756592,257471
gdp-per-capita-worldbank,LineChart,tab=line&time=earliest..latest&stackMode=relative&yScale=linear&facet=entity&uniformYAxis=1&focus=%3Cnone%3E,tab=line&time=earliest..latest&stackMode=relative&yScale=linear&facet=entity&uniformYAxis=1,0fac28d09a80cb8857c1187552b554a3,gdp-per-capita-worldbank-8745684d3950240275cfac2bb38fdf4b_v58_850x600.svg,14,49,335446192,257471
gdp-per-capita-worldbank,LineChart,tab=line&time=earliest..latest&stackMode=relative&yScale=linear&facet=entity&uniformYAxis=0&focus=%3Cnone%3E,tab=line&time=earliest..latest&stackMode=relative&yScale=linear&facet=entity&uniformYAxis=0,13b79e1d07de8acf27bb3a57cb196e4e,gdp-per-capita-worldbank-8f9ed69a69d0935eb613989e2a3cde6a_v58_850x600.svg,15,50,1265061976,257471
gdp-per-capita-worldbank,LineChart,tab=line&time=earliest..latest&stackMode=relative&yScale=linear&facet=metric&uniformYAxis=1&focus=%3Cnone%3E,tab=line&time=earliest..latest&stackMode=relative&yScale=linear&facet=metric&uniformYAxis=1,1724f9349cefa32515d888df1cf6af86,gdp-per-capita-worldbank-3733fc4ec16a09d5cecf596a4553b8dc_v58_850x600.svg,14,45,377891560,257471
gdp-per-capita-worldbank,LineChart,tab=line&time=earliest..latest&stackMode=relative&yScale=linear&facet=metric&uniformYAxis=0&focus=%3Cnone%3E,tab=line&time=earliest..latest&stackMode=relative&yScale=linear&facet=metric&uniformYAxis=0,ecc3abc4c2aebf8ed6f4597aa960b5dc,gdp-per-capita-worldbank-613a269764bea61f37fe6cdda4e208dc_v58_850x600.svg,18,52,959625880,257471
gdp-per-capita-worldbank,WorldMap,tab=map&time=earliest..latest&stackMode=absolute&yScale=linear&facet=none&uniformYAxis=0&focus=%3Cnone%3E,tab=map&time=earliest..latest&stackMode=absolute&yScale=linear&facet=none&uniformYAxis=0,837f927bc0ebe7dc3f7668e7fb706b0f,gdp-per-capita-worldbank-d8323fbe5b81c2b6621525fd272679bb_v58_850x600.svg,18,101,2383970968,257471
gdp-per-capita-worldbank,SlopeChart,tab=slope&time=earliest..latest&stackMode=absolute&yScale=linear&facet=none&uniformYAxis=0&focus=%3Cnone%3E,tab=slope&time=earliest..latest&stackMode=absolute&yScale=linear&facet=none&uniformYAxis=0,45bf86f895176f0d7957df41635c23d3,gdp-per-capita-worldbank-8869d925bb9ec36312653d7408b3825e_v58_850x600.svg,23,52,328902712,257471
gdp-per-capita-worldbank,SlopeChart,tab=slope&time=earliest..latest&stackMode=absolute&yScale=linear&facet=entity&uniformYAxis=1&focus=%3Cnone%3E,tab=slope&time=earliest..latest&stackMode=absolute&yScale=linear&facet=entity&uniformYAxis=1,7b6f0de51389355eec56bbb2ba3daf3a,gdp-per-capita-worldbank-94f8762ac9e6f207f508da976fa7777b_v58_850x600.svg,17,52,367924616,257471
gdp-per-capita-worldbank,SlopeChart,tab=slope&time=earliest..latest&stackMode=absolute&yScale=linear&facet=entity&uniformYAxis=0&focus=%3Cnone%3E,tab=slope&time=earliest..latest&stackMode=absolute&yScale=linear&facet=entity&uniformYAxis=0,f6244c6a39ee66046ba20222ea0fbeba,gdp-per-capita-worldbank-784910cad399974abce10237037577b8_v58_850x600.svg,21,61,1276492176,257471
gdp-per-capita-worldbank,SlopeChart,tab=slope&time=earliest..latest&stackMode=absolute&yScale=linear&facet=metric&uniformYAxis=1&focus=%3Cnone%3E,tab=slope&time=earliest..latest&stackMode=absolute&yScale=linear&facet=metric&uniformYAxis=1,3b6cef26c855654d36998d1274a2d74a,gdp-per-capita-worldbank-ef7d44586247e71c5218855b27d8382c_v58_850x600.svg,21,53,942018760,257471
gdp-per-capita-worldbank,SlopeChart,tab=slope&time=earliest..latest&stackMode=absolute&yScale=linear&facet=metric&uniformYAxis=0&focus=%3Cnone%3E,tab=slope&time=earliest..latest&stackMode=absolute&yScale=linear&facet=metric&uniformYAxis=0,08559237307c62dab3fa7b2c4286fd2e,gdp-per-capita-worldbank-826ab5a3685e5c0f530e312aed74de57_v58_850x600.svg,29,65,323912872,257471
gdp-per-capita-worldbank,SlopeChart,tab=slope&time=earliest..latest&stackMode=absolute&yScale=log&facet=none&uniformYAxis=0&focus=%3Cnone%3E,tab=slope&time=earliest..latest&stackMode=absolute&yScale=log&facet=none&uniformYAxis=0,2a90aa27d88827737b8c6248e6bb75e6,gdp-per-capita-worldbank-2004f4ed5e6c7123527f290d11fa22e0_v58_850x600.svg,19,45,403828360,257471
gdp-per-capita-worldbank,SlopeChart,tab=slope&time=earliest..latest&stackMode=absolute&yScale=log&facet=entity&uniformYAxis=1&focus=%3Cnone%3E,tab=slope&time=earliest..latest&stackMode=absolute&yScale=log&facet=entity&uniformYAxis=1,e8228829d1396120749a8aabc1d3d980,gdp-per-capita-worldbank-ac638c4f34d948fe349a20d2dfb61ce7_v58_850x600.svg,21,57,1286159472,257471
gdp-per-capita-worldbank,SlopeChart,tab=slope&time=earliest..latest&stackMode=absolute&yScale=log&facet=entity&uniformYAxis=0&focus=%3Cnone%3E,tab=slope&time=earliest..latest&stackMode=absolute&yScale=log&facet=entity&uniformYAxis=0,051a6a15dff96f0dd0744c8985b311b8,gdp-per-capita-worldbank-602cf15b8e4cf555a48aab50e95a8aac_v58_850x600.svg,17,48,2381509024,257471
gdp-per-capita-worldbank,SlopeChart,tab=slope&time=earliest..latest&stackMode=absolute&yScale=log&facet=metric&uniformYAxis=1&focus=%3Cnone%3E,tab=slope&time=earliest..latest&stackMode=absolute&yScale=log&facet=metric&uniformYAxis=1,15e5d4ef63bb129b97c4c8827ce0e854,gdp-per-capita-worldbank-85de343b2e97abe79303be8b50dc85a9_v58_850x600.svg,20,49,981763504,257471
gdp-per-capita-worldbank,SlopeChart,tab=slope&time=earliest..latest&stackMode=absolute&yScale=log&facet=metric&uniformYAxis=0&focus=%3Cnone%3E,tab=slope&time=earliest..latest&stackMode=absolute&yScale=log&facet=metric&uniformYAxis=0,cbd979913dccd34ad913d8dacb91b865,gdp-per-capita-worldbank-da5389268a3d40a777bafa40504058d6_v58_850x600.svg,19,43,394264920,257471
gdp-per-capita-worldbank,SlopeChart,tab=slope&time=earliest..latest&stackMode=relative&yScale=linear&facet=none&uniformYAxis=0&focus=%3Cnone%3E,tab=slope&time=earliest..latest&stackMode=relative&yScale=linear&facet=none&uniformYAxis=0,c9f7b5d1f40477d01dea9fb46afc8ead,gdp-per-capita-worldbank-aeff4e7484a0699e34ef7db25ee756f4_v58_850x600.svg,20,57,313473104,257471
gdp-per-capita-worldbank,SlopeChart,tab=slope&time=earliest..latest&stackMode=relative&yScale=linear&facet=entity&uniformYAxis=1&focus=%3Cnone%3E,tab=slope&time=earliest..latest&stackMode=relative&yScale=linear&facet=entity&uniformYAxis=1,1861557e98c29d0e1809bcb0142c7a79,gdp-per-capita-worldbank-3dffa15ae06e8a525ec0cee77d7eeccb_v58_850x600.svg,25,59,1285294952,257471
gdp-per-capita-worldbank,SlopeChart,tab=slope&time=earliest..latest&stackMode=relative&yScale=linear&facet=entity&uniformYAxis=0&focus=%3Cnone%3E,tab=slope&time=earliest..latest&stackMode=relative&yScale=linear&facet=entity&uniformYAxis=0,6f133cc2368054d6642cdf1a1c355072,gdp-per-capita-worldbank-7064be44275c8da297486c7c3b02b4c8_v58_850x600.svg,23,53,2377495720,257471
gdp-per-capita-worldbank,SlopeChart,tab=slope&time=earliest..latest&stackMode=relative&yScale=linear&facet=metric&uniformYAxis=1&focus=%3Cnone%3E,tab=slope&time=earliest..latest&stackMode=relative&yScale=linear&facet=metric&uniformYAxis=1,3ab1b9f9326c78584170c06a689ab4de,gdp-per-capita-worldbank-832c446b172ca5b57b8f29f2ad9a5773_v58_850x600.svg,23,52,975354488,257471
gdp-per-capita-worldbank,SlopeChart,tab=slope&time=earliest..latest&stackMode=relative&yScale=linear&facet=metric&uniformYAxis=0&focus=%3Cnone%3E,tab=slope&time=earliest..latest&stackMode=relative&yScale=linear&facet=metric&uniformYAxis=0,b41f11488e18c49ebc4500fbf18c6f6f,gdp-per-capita-worldbank-ce47134240246dee7c7ed0361a427b50_v58_850x600.svg,24,49,389851904,257471
gdp-vs-happiness,ScatterPlot,tab=chart&time=earliest&stackMode=absolute&xScale=linear&yScale=linear&endpointsOnly=0,tab=chart&time=earliest&stackMode=absolute&xScale=linear&yScale=linear&endpointsOnly=0,59b40bfc953305e64bc6f2273a8b2ddb,gdp-vs-happiness-ef44cef40072f28b128806b62a1b64f5_v56_850x600.svg,9,58,351954864,324986
gdp-vs-happiness,ScatterPlot,tab=chart&time=earliest&stackMode=absolute&xScale=linear&yScale=log&endpointsOnly=0,tab=chart&time=earliest&stackMode=absolute&xScale=linear&yScale=log&endpointsOnly=0,f41ac61033a6f300fc771a6bef47458e,gdp-vs-happiness-bf4da6022d04e74a404d31a2ce0cd35d_v56_850x600.svg,7,46,2376344192,324986
gdp-vs-happiness,ScatterPlot,tab=chart&time=earliest&stackMode=absolute&xScale=log&yScale=linear&endpointsOnly=0,tab=chart&time=earliest&stackMode=absolute&xScale=log&yScale=linear&endpointsOnly=0,f4dead2f7e9c771c0e500b9769b65985,gdp-vs-happiness-0dc66c3009dba22bfe9e2fa56d1c171d_v56_850x600.svg,10,52,1282112208,324986
gdp-vs-happiness,ScatterPlot,tab=chart&time=earliest&stackMode=absolute&xScale=log&yScale=log&endpointsOnly=0,tab=chart&time=earliest&stackMode=absolute&xScale=log&yScale=log&endpointsOnly=0,8865cd2c2b32027749d59488193f6f99,gdp-vs-happiness-454d8a06c8a904d55e5a527b85a87ce2_v56_850x600.svg,10,57,968724800,324986
gdp-vs-happiness,ScatterPlot,tab=chart&time=latest&stackMode=absolute&xScale=linear&yScale=linear&endpointsOnly=0,tab=chart&time=latest&stackMode=absolute&xScale=linear&yScale=linear&endpointsOnly=0,78f529c3abb2a2cd374e9989ecec2f8b,gdp-vs-happiness-f7cf68d023acbb4a18c781ca2c2be340_v56_850x600.svg,7,52,382118712,324986
gdp-vs-happiness,ScatterPlot,tab=chart&time=latest&stackMode=absolute&xScale=linear&yScale=log&endpointsOnly=0,tab=chart&time=latest&stackMode=absolute&xScale=linear&yScale=log&endpointsOnly=0,a763e8fa012b919b18f5431e1e7da658,gdp-vs-happiness-b3c883fa0dad54e80e145fc8c582847d_v56_850x600.svg,7,44,2374492384,324986
gdp-vs-happiness,ScatterPlot,tab=chart&time=latest&stackMode=absolute&xScale=log&yScale=linear&endpointsOnly=0,tab=chart&time=latest&stackMode=absolute&xScale=log&yScale=linear&endpointsOnly=0,be956a61f5749a68efca00e3ac2c1e53,gdp-vs-happiness-3cce01ed41b45e65c9da042b6e44b695_v56_850x600.svg,7,51,353914592,324986
gdp-vs-happiness,ScatterPlot,tab=chart&time=latest&stackMode=absolute&xScale=log&yScale=log&endpointsOnly=0,tab=chart&time=latest&stackMode=absolute&xScale=log&yScale=log&endpointsOnly=0,7bc5932ed5de3c3e9bbf2aeb93e3e134,gdp-vs-happiness-3339c38abf8f713a17874e94b7b273eb_v56_850x600.svg,8,56,1280699112,324986
gdp-vs-happiness,ScatterPlot,tab=chart&time=earliest..latest&stackMode=absolute&xScale=linear&yScale=linear&endpointsOnly=1,tab=chart&time=earliest..latest&stackMode=absolute&xScale=linear&yScale=linear&endpointsOnly=1,2cf3d941921d67739c4b4b9be0774639,gdp-vs-happiness-1f882d9b742806b8eea92396215dbd6c_v56_850x600.svg,10,72,971104200,324986
gdp-vs-happiness,ScatterPlot,tab=chart&time=earliest..latest&stackMode=absolute&xScale=linear&yScale=linear&endpointsOnly=0,tab=chart&time=earliest..latest&stackMode=absolute&xScale=linear&yScale=linear&endpointsOnly=0,90effbb7f0459a950385dff49d5a6cb8,gdp-vs-happiness-61e7446d84d9aeacd6869066dc6727a7_v56_850x600.svg,8,88,397948136,324986
gdp-vs-happiness,ScatterPlot,tab=chart&time=earliest..latest&stackMode=absolute&xScale=linear&yScale=log&endpointsOnly=1,tab=chart&time=earliest..latest&stackMode=absolute&xScale=linear&yScale=log&endpointsOnly=1,6bbf52042e9d8cfe0967f30a59c734c0,gdp-vs-happiness-cf007d31f0ed79cef10387a9fabac1e1_v56_850x600.svg,7,46,2420169888,324986
gdp-vs-happiness,ScatterPlot,tab=chart&time=earliest..latest&stackMode=absolute&xScale=linear&yScale=log&endpointsOnly=0,tab=chart&time=earliest..latest&stackMode=absolute&xScale=linear&yScale=log&endpointsOnly=0,f913fd5bc54413865c57f7c40238e8af,gdp-vs-happiness-a32059f0dfd00af1cc5d8c2a7369136b_v56_850x600.svg,10,106,364918456,324986
gdp-vs-happiness,ScatterPlot,tab=chart&time=earliest..latest&stackMode=absolute&xScale=log&yScale=linear&endpointsOnly=1,tab=chart&time=earliest..latest&stackMode=absolute&xScale=log&yScale=linear&endpointsOnly=1,41c2a9d422de5c1246b81e32b5ce0257,gdp-vs-happiness-e0e69ca57de0e8a46b54f193a71f40d8_v56_850x600.svg,8,65,1328406592,324986
gdp-vs-happiness,ScatterPlot,tab=chart&time=earliest..latest&stackMode=absolute&xScale=log&yScale=linear&endpointsOnly=0,tab=chart&time=earliest..latest&stackMode=absolute&xScale=log&yScale=linear&endpointsOnly=0,9fc6a03cc05b1b6ecd293b44ebd9d129,gdp-vs-happiness-3b0f995474364c6d426b8043ccc31416_v56_850x600.svg,10,90,982511400,324986
gdp-vs-happiness,ScatterPlot,tab=chart&time=earliest..latest&stackMode=absolute&xScale=log&yScale=log&endpointsOnly=1,tab=chart&time=earliest..latest&stackMode=absolute&xScale=log&yScale=log&endpointsOnly=1,1da9bb0ded3e93e5ff79101ce4027124,gdp-vs-happiness-e3ecad2463ed96bedf9b1256702880c1_v56_850x600.svg,7,60,2429672264,324986
gdp-vs-happiness,ScatterPlot,tab=chart&time=earliest..latest&stackMode=absolute&xScale=log&yScale=log&endpointsOnly=0,tab=chart&time=earliest..latest&stackMode=absolute&xScale=log&yScale=log&endpointsOnly=0,16ab098593402b9e94a69f1e9df4f93d,gdp-vs-happiness-2179ff30e5f27442e154e704e6315666_v56_850x600.svg,7,76,402746376,324986
gdp-vs-happiness,ScatterPlot,tab=chart&time=earliest..latest&stackMode=relative&xScale=linear&yScale=linear&endpointsOnly=0,tab=chart&time=earliest..latest&stackMode=relative&xScale=linear&yScale=linear&endpointsOnly=0,2c6eeb4c233065b5b8a41e6282c8ee85,gdp-vs-happiness-8c11f007e74b61e57592ac3545ea3dfc_v56_850x600.svg,10,54,1330603848,324986
ghg-per-kg-poore,DiscreteBar,tab=chart&time=earliest&facet=none&focus=%3Cnone%3E,tab=chart&time=earliest&facet=none,939ae752f3674e81be383617d119edc5,ghg-per-kg-poore-5ad5324a3e7cb4744cafd0292784aeb4_v19_850x600.svg,3,11,2437383488,1242
ghg-per-kg-poore,DiscreteBar,tab=chart&time=earliest&facet=none&focus=%3CfirstSeries%3E,tab=chart&time=earliest&facet=none&focus=Beef+%28beef+herd%29,183547de7c0f13b05a0467c1e4aa620f,ghg-per-kg-poore-f573f4b8eca8b21d140fd86eeffa469d_v19_850x600.svg,3,13,372765008,1242
ghg-per-kg-poore,DiscreteBar,tab=chart&time=earliest&facet=entity&focus=%3Cnone%3E,tab=chart&time=earliest&facet=entity,53559f39bb518d10b525d66c8f2b4a08,ghg-per-kg-poore-fcfab55d63e48011e9b36e60b315e6c4_v19_850x600.svg,2,13,2401412984,1242
ghg-per-kg-poore,DiscreteBar,tab=chart&time=earliest&facet=metric&focus=%3Cnone%3E,tab=chart&time=earliest&facet=metric,267e1730b0e6b5bf25d235e593b058b5,ghg-per-kg-poore-6105422927fa62c87e79cf6af0865bd4_v19_850x600.svg,2,12,343938224,1242
ghg-per-kg-poore,DiscreteBar,tab=chart&time=latest&facet=none&focus=%3Cnone%3E,tab=chart&time=latest&facet=none,130eadb3df0081bb7a0a28644309084b,ghg-per-kg-poore-02afa8dd2efa0f8e76ff495d3c36b022_v19_850x600.svg,2,13,990380632,1242
ghg-per-kg-poore,DiscreteBar,tab=chart&time=latest&facet=none&focus=%3CfirstSeries%3E,tab=chart&time=latest&facet=none&focus=Beef+%28beef+herd%29,927ad3528109aad6c64488cba9cd681a,ghg-per-kg-poore-bde102b7f13b7657e04c44509a26b49f_v19_850x600.svg,2,14,410639496,1242
ghg-per-kg-poore,DiscreteBar,tab=chart&time=latest&facet=entity&focus=%3Cnone%3E,tab=chart&time=latest&facet=entity,94af7ccb8fc295d585fb9880099c1717,ghg-per-kg-poore-abf9330721887f4501456e22b3da29b6_v19_850x600.svg,2,11,1338217280,1242
ghg-per-kg-poore,DiscreteBar,tab=chart&time=latest&facet=metric&focus=%3Cnone%3E,tab=chart&time=latest&facet=metric,4a9605bee880a85a9d593dda425ce9a8,ghg-per-kg-poore-0cd159859e5c409d35d40d6d91fd8b6f_v19_850x600.svg,2,10,2409116920,1242
ghg-per-protein-poore,DiscreteBar,tab=chart&time=earliest&facet=none&focus=%3Cnone%3E,tab=chart&time=earliest&facet=none,b2c23aa06f1a7047d736955df4d391bf,ghg-per-protein-poore-5ad5324a3e7cb4744cafd0292784aeb4_v29_850x600.svg,1,11,351128888,1157
ghg-per-protein-poore,DiscreteBar,tab=chart&time=earliest&facet=none&focus=%3CfirstSeries%3E,tab=chart&time=earliest&facet=none&focus=Beef+%28beef+herd%29,6c95177f0d4cebd2e639e13bb2859727,ghg-per-protein-poore-f573f4b8eca8b21d140fd86eeffa469d_v29_850x600.svg,2,11,997603200,1157
ghg-per-protein-poore,DiscreteBar,tab=chart&time=earliest&facet=entity&focus=%3Cnone%3E,tab=chart&time=earliest&facet=entity,93cdee11ec50475b146ba48f1f37d196,ghg-per-protein-poore-fcfab55d63e48011e9b36e60b315e6c4_v29_850x600.svg,2,10,417865720,1157
ghg-per-protein-poore,DiscreteBar,tab=chart&time=earliest&facet=metric&focus=%3Cnone%3E,tab=chart&time=earliest&facet=metric,32a3c312baa50ec00bb6d0e15fcc6330,ghg-per-protein-poore-6105422927fa62c87e79cf6af0865bd4_v29_850x600.svg,2,11,2416254976,1157
ghg-per-protein-poore,DiscreteBar,tab=chart&time=latest&facet=none&focus=%3Cnone%3E,tab=chart&time=latest&facet=none,6532be075a5356eda7b04e5edfc79e0b,ghg-per-protein-poore-02afa8dd2efa0f8e76ff495d3c36b022_v29_850x600.svg,2,11,358278768,1157
ghg-per-protein-poore,DiscreteBar,tab=chart&time=latest&facet=none&focus=%3CfirstSeries%3E,tab=chart&time=latest&facet=none&focus=Beef+%28beef+herd%29,1dee427f4b9f34426ad7e3f565f4b71a,ghg-per-protein-poore-bde102b7f13b7657e04c44509a26b49f_v29_850x600.svg,2,10,1304820112,1157
ghg-per-protein-poore,DiscreteBar,tab=chart&time=latest&facet=entity&focus=%3Cnone%3E,tab=chart&time=latest&facet=entity,d3ddf8d6a4be31cfbce3f860eb4487f0,ghg-per-protein-poore-abf9330721887f4501456e22b3da29b6_v29_850x600.svg,2,13,1004823496,1157
ghg-per-protein-poore,DiscreteBar,tab=chart&time=latest&facet=metric&focus=%3Cnone%3E,tab=chart&time=latest&facet=metric,90728b676bd442cea3b023de38ad7d5a,ghg-per-protein-poore-0cd159859e5c409d35d40d6d91fd8b6f_v29_850x600.svg,3,12,425094464,1157
global-child-deaths-by-cause,SlopeChart,tab=chart&time=earliest..latest&yScale=linear&focus=%3Cnone%3E,tab=chart&time=earliest..latest&yScale=linear,67652e8474a5bb3254b2b01648a96edf,global-child-deaths-by-cause-fedfee7f4e8999a57e3ae8334834369b_v22_850x600.svg,2,13,2424572800,3131
global-child-deaths-by-cause,SlopeChart,tab=chart&time=earliest..latest&yScale=linear&focus=%3CfirstSeries%3E,tab=chart&time=earliest..latest&yScale=linear&focus=Neonatal+preterm+birth,91ea1b0273c6d5eb3f33f35bffb360a4,global-child-deaths-by-cause-0aa3be8799f66398445dfc1f9d785c50_v22_850x600.svg,4,14,1312920152,3131
global-child-deaths-by-cause,SlopeChart,tab=chart&time=earliest..latest&yScale=log&focus=%3Cnone%3E,tab=chart&time=earliest..latest&yScale=log,c12157a066429d29f708b3b4d8aa971b,global-child-deaths-by-cause-3e8c6681823c7bb7b99e8e2f95595463_v22_850x600.svg,2,14,366606608,3131
global-whale-biomass,SlopeChart,tab=chart&time=earliest..latest&yScale=linear&focus=%3Cnone%3E,tab=chart&time=earliest..latest&yScale=linear,6ee22dfa953031aad22cf251c24c2df8,global-whale-biomass-fedfee7f4e8999a57e3ae8334834369b_v7_850x600.svg,3,19,1015735984,600
global-whale-biomass,SlopeChart,tab=chart&time=earliest..latest&yScale=linear&focus=%3CfirstSeries%3E,tab=chart&time=earliest..latest&yScale=linear&focus=Blue+whale,3bda86519a299ed7a44e8a863ef00efa,global-whale-biomass-22d07b58b8f1d16bdff787b08febb83a_v7_850x600.svg,2,16,435786696,600
global-whale-biomass,SlopeChart,tab=chart&time=earliest..latest&yScale=log&focus=%3Cnone%3E,tab=chart&time=earliest..latest&yScale=log,8b17f9173b36f1caaeedf1e1d7844b68,global-whale-biomass-3e8c6681823c7bb7b99e8e2f95595463_v7_850x600.svg,2,14,2433901624,600
government-spending-by-function,StackedArea,tab=chart&time=earliest&stackMode=absolute&facet=none&focus=%3Cnone%3E,tab=chart&time=earliest&stackMode=absolute&facet=none,a349c2c9c696cf45c5b61614352cbaf2,government-spending-by-function-a6b0c4e3db34a5e2fc32ca3bac8c4a17_v28_850x600.svg,8,42,1343924128,193616
government-spending-by-function,StackedArea,tab=chart&time=earliest&stackMode=absolute&facet=none&focus=%3CfirstSeries%3E,tab=chart&time=earliest&stackMode=absolute&facet=none&focus=Environmental+protection,45198b09315d77188e839e0718912ec8,government-spending-by-function-204b6555cfe88ddf73d6959cc0f9d00e_v28_850x600.svg,10,49,397388032,193616
government-spending-by-function,StackedArea,tab=chart&time=earliest&stackMode=absolute&facet=entity&focus=%3Cnone%3E,tab=chart&time=earliest&stackMode=absolute&facet=entity,952ebaad528f21df6e34ac7e217c5fac,government-spending-by-function-877a9b6d076238fb08b171b77fe1fe4a_v28_850x600.svg,7,54,421847240,193616
government-spending-by-function,StackedArea,tab=chart&time=earliest&stackMode=absolute&facet=metric&focus=%3Cnone%3E,tab=chart&time=earliest&stackMode=absolute&facet=metric,7a26303c965ee8d95bd9a1e83bc64a60,government-spending-by-function-9f40fe5d548a77f9c83a5583ef868b22_v28_850x600.svg,6,53,2420551360,193616
government-spending-by-function,StackedArea,tab=chart&time=earliest&stackMode=relative&facet=none&focus=%3Cnone%3E,tab=chart&time=earliest&stackMode=relative&facet=none,d45e714edd00f24a3db55846e229eb99,government-spending-by-function-14c6ad9463aea3c92a5d1278a5f2a46e_v28_850x600.svg,13,60,1011847760,193616
government-spending-by-function,StackedArea,tab=chart&time=earliest&stackMode=relative&facet=entity&focus=%3Cnone%3E,tab=chart&time=earliest&stackMode=relative&facet=entity,371b5183469e898bfeb89da92e4a4934,government-spending-by-function-78b3b21507554bdf10b4682184459c8d_v28_850x600.svg,10,44,1342769272,193616
government-spending-by-function,StackedArea,tab=chart&time=earliest&stackMode=relative&facet=metric&focus=%3Cnone%3E,tab=chart&time=earliest&stackMode=relative&facet=metric,0faf1b3b7c6a006534534049895adb6a,government-spending-by-function-9e83ff3b0bce978ecdb9211188c79332_v28_850x600.svg,9,43,384630864,193616
government-spending-by-function,StackedArea,tab=chart&time=latest&stackMode=absolute&facet=none&focus=%3Cnone%3E,tab=chart&time=latest&stackMode=absolute&facet=none,6ee0deca4b3b404fe7c40db2f5324298,government-spending-by-function-5f578d8557ce718b2eb5406357c7da32_v28_850x600.svg,6,41,2452534144,193616
government-spending-by-function,StackedArea,tab=chart&time=latest&stackMode=absolute&facet=none&focus=%3CfirstSeries%3E,tab=chart&time=latest&stackMode=absolute&facet=none&focus=Environmental+protection,acdf2c2b69041b334531ec6580d22f63,government-spending-by-function-3f4b2d831e35ef57979f2cef682e2da0_v28_850x600.svg,7,38,452896504,193616
government-spending-by-function,StackedArea,tab=chart&time=latest&stackMode=absolute&facet=entity&focus=%3Cnone%3E,tab=chart&time=latest&stackMode=absolute&facet=entity,394677c094fd040d9a5608c0e87a6ce6,government-spending-by-function-b759ed343f48c8a07c19fb5c0bccd793_v28_850x600.svg,9,49,997296640,193616
government-spending-by-function,StackedArea,tab=chart&time=latest&stackMode=absolute&facet=metric&focus=%3Cnone%3E,tab=chart&time=latest&stackMode=absolute&facet=metric,dbee85dbd338ffae7624cf48db4a29a5,government-spending-by-function-c7d53f92b7b797aad36521ae859fba9d_v28_850x600.svg,9,58,1331146432,193616
government-spending-by-function,StackedArea,tab=chart&time=latest&stackMode=relative&facet=none&focus=%3Cnone%3E,tab=chart&time=latest&stackMode=relative&facet=none,31459b40373b0007c8b7d012d1d22a7f,government-spending-by-function-173f88704c2c24ff6b07444f4507ddc0_v28_850x600.svg,8,61,377644160,193616
government-spending-by-function,StackedArea,tab=chart&time=latest&stackMode=relative&facet=entity&focus=%3Cnone%3E,tab=chart&time=latest&stackMode=relative&facet=entity,0606ada53b5e3796145642fe5676462d,government-spending-by-function-dffeae05c46f75bafe6cea2a3618bd03_v28_850x600.svg,8,55,444468736,193616
government-spending-by-function,StackedArea,tab=chart&time=latest&stackMode=relative&facet=metric&focus=%3Cnone%3E,tab=chart&time=latest&stackMode=relative&facet=metric,1aa767105cc76d4e77c05e58d4694754,government-spending-by-function-9b04153fbeee08cd599fd7a918f303dd_v28_850x600.svg,10,45,1031957904,193616
human-capital-index-in-2018,LineChart,tab=chart&time=earliest&stackMode=absolute&showNoDataArea=1,tab=chart&time=earliest&stackMode=absolute&showNoDataArea=1,b09dd5ded3e9a5b366a0dc95071e9c58,human-capital-index-in-2018-241409b3746c788e4acd939b8b33bc31_v17_850x600.svg,2,15,1339752632,29039
human-capital-index-in-2018,LineChart,tab=chart&time=earliest&stackMode=absolute&showNoDataArea=0,tab=chart&time=earliest&stackMode=absolute&showNoDataArea=0,88206a3125296bc79502d14b56ee25b2,human-capital-index-in-2018-a4125f55250928f556fd492aa291c876_v17_850x600.svg,2,15,386001536,29039
human-capital-index-in-2018,LineChart,tab=chart&time=earliest&stackMode=relative&showNoDataArea=1,tab=chart&time=earliest&stackMode=relative&showNoDataArea=1,fa1959a9caf2609c6ebc6a2bd3788424,human-capital-index-in-2018-bd36a6ff48d328b07e6f43ed3299fde2_v17_850x600.svg,2,11,452428496,29039
human-capital-index-in-2018,LineChart,tab=chart&time=earliest&stackMode=relative&showNoDataArea=0,tab=chart&time=earliest&stackMode=relative&showNoDataArea=0,d5d555e1bb1e3b63a17430e835ccbeaa,human-capital-index-in-2018-e1acf2328eecf43659fcecf28abc2c0c_v17_850x600.svg,2,14,1348121592,29039
human-capital-index-in-2018,LineChart,tab=chart&time=latest&stackMode=absolute&showNoDataArea=1,tab=chart&time=latest&stackMode=absolute&showNoDataArea=1,99d99ec16215ad2b4b0cc9a968360984,human-capital-index-in-2018-6a32c66e3623fda65fb9b44d9994515f_v17_850x600.svg,2,13,1008459352,29039
human-capital-index-in-2018,LineChart,tab=chart&time=latest&stackMode=absolute&showNoDataArea=0,tab=chart&time=latest&stackMode=absolute&showNoDataArea=0,9a871b78d0791ed0a38f7bac52417f4c,human-capital-index-in-2018-fcfced7a079bead6b5c18accbd776a61_v17_850x600.svg,3,11,460586128,29039
human-capital-index-in-2018,LineChart,tab=chart&time=latest&stackMode=relative&showNoDataArea=1,tab=chart&time=latest&stackMode=relative&showNoDataArea=1,acae44323c4aa91c5eb7c5ad569f6f7a,human-capital-index-in-2018-6ac59886d82f0751d503812ecf6e309a_v17_850x600.svg,2,14,394193760,29039
human-capital-index-in-2018,LineChart,tab=chart&time=latest&stackMode=relative&showNoDataArea=0,tab=chart&time=latest&stackMode=relative&showNoDataArea=0,a545bc57e03e8a962594ba5adfe10433,human-capital-index-in-2018-1756c7e7d468dcb830038097a0a431ae_v17_850x600.svg,4,20,161761968,29039
human-development-index,LineChart,tab=line&time=earliest..latest&stackMode=absolute&yScale=linear&facet=none&uniformYAxis=0&focus=%3Cnone%3E,tab=line&time=earliest..latest&stackMode=absolute&yScale=linear&facet=none&uniformYAxis=0,67583a85ad4b07b6b5d2c700784f9133,human-development-index-4430c2e2eb335ca7c64158941adb998d_v31_850x600.svg,17,58,1342118080,206212
human-development-index,LineChart,tab=line&time=earliest..latest&stackMode=absolute&yScale=linear&facet=none&uniformYAxis=0&focus=%3CfirstSeries%3E,tab=line&time=earliest..latest&stackMode=absolute&yScale=linear&facet=none&uniformYAxis=0&focus=United+Kingdom,26610c71aed3d8da3dfaf661e08ca192,human-development-index-1141e40c6976d762f359c68ec5b22089_v31_850x600.svg,12,32,444993224,206212
human-development-index,LineChart,tab=line&time=earliest..latest&stackMode=absolute&yScale=linear&facet=entity&uniformYAxis=1&focus=%3Cnone%3E,tab=line&time=earliest..latest&stackMode=absolute&yScale=linear&facet=entity&uniformYAxis=1,41c9ee20e593704757247bcb21ba1906,human-development-index-c9e137028d8726a2fb901026e4c9a3cb_v31_850x600.svg,17,56,1054750464,206212
human-development-index,LineChart,tab=line&time=earliest..latest&stackMode=absolute&yScale=linear&facet=entity&uniformYAxis=0&focus=%3Cnone%3E,tab=line&time=earliest..latest&stackMode=absolute&yScale=linear&facet=entity&uniformYAxis=0,3360447bc0a235620f6d320e17cd064c,human-development-index-a1b3bb0eec44ece440c67493e54f5bed_v31_850x600.svg,15,70,397729440,206212
human-development-index,LineChart,tab=line&time=earliest..latest&stackMode=absolute&yScale=linear&facet=metric&uniformYAxis=1&focus=%3Cnone%3E,tab=line&time=earliest..latest&stackMode=absolute&yScale=linear&facet=metric&uniformYAxis=1,39ab81ac84290b5786a9010502305901,human-development-index-97d77284ca49046e539bb4bde7ea1ab1_v31_850x600.svg,18,52,202628264,206212
human-development-index,LineChart,tab=line&time=earliest..latest&stackMode=absolute&yScale=linear&facet=metric&uniformYAxis=0&focus=%3Cnone%3E,tab=line&time=earliest..latest&stackMode=absolute&yScale=linear&facet=metric&uniformYAxis=0,df8c7a49f2daa3cb6f485488724877ee,human-development-index-4eb808ae74e4379569465d5e629645b3_v31_850x600.svg,14,43,481346504,206212
human-development-index,LineChart,tab=line&time=earliest..latest&stackMode=absolute&yScale=log&facet=none&uniformYAxis=0&focus=%3Cnone%3E,tab=line&time=earliest..latest&stackMode=absolute&yScale=log&facet=none&uniformYAxis=0,3ba4db5eb405ae852283d5b3abb7d1dc,human-development-index-125775cfe5817e4e28a3556030c51d0c_v31_850x600.svg,12,40,1380499424,206212
human-development-index,LineChart,tab=line&time=earliest..latest&stackMode=absolute&yScale=log&facet=entity&uniformYAxis=1&focus=%3Cnone%3E,tab=line&time=earliest..latest&stackMode=absolute&yScale=log&facet=entity&uniformYAxis=1,5221edd22f73c27c036aef0b400b8892,human-development-index-2d63e33f4ac34395c7f1c42276c82bbe_v31_850x600.svg,13,44,1064573216,206212
human-development-index,LineChart,tab=line&time=earliest..latest&stackMode=absolute&yScale=log&facet=entity&uniformYAxis=0&focus=%3Cnone%3E,tab=line&time=earliest..latest&stackMode=absolute&yScale=log&facet=entity&uniformYAxis=0,5e59a9fd564115813548fd0f7172627b,human-development-index-a2e83d395d4ba45de21b14d7bd9fbeb7_v31_850x600.svg,13,55,197870920,206212
human-development-index,LineChart,tab=line&time=earliest..latest&stackMode=absolute&yScale=log&facet=metric&uniformYAxis=1&focus=%3Cnone%3E,tab=line&time=earliest..latest&stackMode=absolute&yScale=log&facet=metric&uniformYAxis=1,d885e2d95a8da4d542643e86785e7258,human-development-index-20b9b9a19b12ae50e0d6c1a4fc28e5e8_v31_850x600.svg,13,48,392807912,206212
human-development-index,LineChart,tab=line&time=earliest..latest&stackMode=absolute&yScale=log&facet=metric&uniformYAxis=0&focus=%3Cnone%3E,tab=line&time=earliest..latest&stackMode=absolute&yScale=log&facet=metric&uniformYAxis=0,4cdf1c5e24b7f0f34fd5bd29d72ce78a,human-development-index-ca0c610171a0551dbb4a627e23e29f56_v31_850x600.svg,11,36,468415568,206212
human-development-index,LineChart,tab=line&time=earliest..latest&stackMode=relative&yScale=linear&facet=none&uniformYAxis=0&focus=%3Cnone%3E,tab=line&time=earliest..latest&stackMode=relative&yScale=linear&facet=none&uniformYAxis=0,0f33274f903dd9e26d93eab630e2edaf,human-development-index-3e69c2ab7cbb5643071a391e67189a67_v31_850x600.svg,14,48,1378817280,206212
human-development-index,LineChart,tab=line&time=earliest..latest&stackMode=relative&yScale=linear&facet=entity&uniformYAxis=1&focus=%3Cnone%3E,tab=line&time=earliest..latest&stackMode=relative&yScale=linear&facet=entity&uniformYAxis=1,52bac94dc378d1a0e8a7d2bcb0ec1cd5,human-development-index-8745684d3950240275cfac2bb38fdf4b_v31_850x600.svg,15,53,1074126808,206212
human-development-index,LineChart,tab=line&time=earliest..latest&stackMode=relative&yScale=linear&facet=entity&uniformYAxis=0&focus=%3Cnone%3E,tab=line&time=earliest..latest&stackMode=relative&yScale=linear&facet=entity&uniformYAxis=0,4442068cdd1b97e071c40e0f5ca64f5f,human-development-index-8f9ed69a69d0935eb613989e2a3cde6a_v31_850x600.svg,14,57,467641336,206212
human-development-index,LineChart,tab=line&time=earliest..latest&stackMode=relative&yScale=linear&facet=metric&uniformYAxis=1&focus=%3Cnone%3E,tab=line&time=earliest..latest&stackMode=relative&yScale=linear&facet=metric&uniformYAxis=1,cc6500fe82e576fd3f0ada854b1f11da,human-development-index-3733fc4ec16a09d5cecf596a4553b8dc_v31_850x600.svg,16,49,430518608,206212
human-development-index,LineChart,tab=line&time=earliest..latest&stackMode=relative&yScale=linear&facet=metric&uniformYAxis=0&focus=%3Cnone%3E,tab=line&time=earliest..latest&stackMode=relative&yScale=linear&facet=metric&uniformYAxis=0,82ed91db6c013d28f5a83ebe7379424f,human-development-index-613a269764bea61f37fe6cdda4e208dc_v31_850x600.svg,14,46,192258560,206212
human-development-index,WorldMap,tab=map&time=earliest..latest&stackMode=absolute&yScale=linear&facet=none&uniformYAxis=0&focus=%3Cnone%3E,tab=map&time=earliest..latest&stackMode=absolute&yScale=linear&facet=none&uniformYAxis=0,99eb01248b262c7958dae0699b16e996,human-development-index-d8323fbe5b81c2b6621525fd272679bb_v31_850x600.svg,22,121,1407592400,206212
human-development-index,SlopeChart,tab=slope&time=earliest..latest&stackMode=absolute&yScale=linear&facet=none&uniformYAxis=0&focus=%3Cnone%3E,tab=slope&time=earliest..latest&stackMode=absolute&yScale=linear&facet=none&uniformYAxis=0,f128adc882a77d86be21b12761a7262f,human-development-index-8869d925bb9ec36312653d7408b3825e_v31_850x600.svg,19,49,1076272392,206212
human-development-index,SlopeChart,tab=slope&time=earliest..latest&stackMode=absolute&yScale=linear&facet=entity&uniformYAxis=1&focus=%3Cnone%3E,tab=slope&time=earliest..latest&stackMode=absolute&yScale=linear&facet=entity&uniformYAxis=1,5eda3c4bab9bf8ad42aa9d89408ad258,human-development-index-94f8762ac9e6f207f508da976fa7777b_v31_850x600.svg,17,47,512812888,206212
human-development-index,SlopeChart,tab=slope&time=earliest..latest&stackMode=absolute&yScale=linear&facet=entity&uniformYAxis=0&focus=%3Cnone%3E,tab=slope&time=earliest..latest&stackMode=absolute&yScale=linear&facet=entity&uniformYAxis=0,5af37849ecb60bf3be4aac803b73df7d,human-development-index-784910cad399974abce10237037577b8_v31_850x600.svg,17,60,195855592,206212
human-development-index,SlopeChart,tab=slope&time=earliest..latest&stackMode=absolute&yScale=linear&facet=metric&uniformYAxis=1&focus=%3Cnone%3E,tab=slope&time=earliest..latest&stackMode=absolute&yScale=linear&facet=metric&uniformYAxis=1,42f456c8833cb77ebe58b8602ce34529,human-development-index-ef7d44586247e71c5218855b27d8382c_v31_850x600.svg,18,48,415006240,206212
human-development-index,SlopeChart,tab=slope&time=earliest..latest&stackMode=absolute&yScale=linear&facet=metric&uniformYAxis=0&focus=%3Cnone%3E,tab=slope&time=earliest..latest&stackMode=absolute&yScale=linear&facet=metric&uniformYAxis=0,9db6832931894c753c38b49dd8a453e5,human-development-index-826ab5a3685e5c0f530e312aed74de57_v31_850x600.svg,21,55,1064145328,206212
human-development-index,SlopeChart,tab=slope&time=earliest..latest&stackMode=absolute&yScale=log&facet=none&uniformYAxis=0&focus=%3Cnone%3E,tab=slope&time=earliest..latest&stackMode=absolute&yScale=log&facet=none&uniformYAxis=0,dd1ce9aad654fb18aace5fe1e583acc6,human-development-index-2004f4ed5e6c7123527f290d11fa22e0_v31_850x600.svg,16,35,509811192,206212
human-development-index,SlopeChart,tab=slope&time=earliest..latest&stackMode=absolute&yScale=log&facet=entity&uniformYAxis=1&focus=%3Cnone%3E,tab=slope&time=earliest..latest&stackMode=absolute&yScale=log&facet=entity&uniformYAxis=1,8efce1fdcbfe9175022beb86e8735429,human-development-index-ac638c4f34d948fe349a20d2dfb61ce7_v31_850x600.svg,20,56,412816752,206212
human-development-index,SlopeChart,tab=slope&time=earliest..latest&stackMode=absolute&yScale=log&facet=entity&uniformYAxis=0&focus=%3Cnone%3E,tab=slope&time=earliest..latest&stackMode=absolute&yScale=log&facet=entity&uniformYAxis=0,a3339eb42e5ae58e8b4a3c7792b7e5b2,human-development-index-602cf15b8e4cf555a48aab50e95a8aac_v31_850x600.svg,16,52,241368576,206212
human-development-index,SlopeChart,tab=slope&time=earliest..latest&stackMode=absolute&yScale=log&facet=metric&uniformYAxis=1&focus=%3Cnone%3E,tab=slope&time=earliest..latest&stackMode=absolute&yScale=log&facet=metric&uniformYAxis=1,3ccfe406616884e722e81d8e411d23ba,human-development-index-85de343b2e97abe79303be8b50dc85a9_v31_850x600.svg,17,38,496745920,206212
human-development-index,SlopeChart,tab=slope&time=earliest..latest&stackMode=absolute&yScale=log&facet=metric&uniformYAxis=0&focus=%3Cnone%3E,tab=slope&time=earliest..latest&stackMode=absolute&yScale=log&facet=metric&uniformYAxis=0,63f5a108746a1e4e352f68d2d285030e,human-development-index-da5389268a3d40a777bafa40504058d6_v31_850x600.svg,18,45,1393116808,206212
human-development-index,SlopeChart,tab=slope&time=earliest..latest&stackMode=relative&yScale=linear&facet=none&uniformYAxis=0&focus=%3Cnone%3E,tab=slope&time=earliest..latest&stackMode=relative&yScale=linear&facet=none&uniformYAxis=0,f0519e1fba90cb333e48f7b83cf4be5e,human-development-index-aeff4e7484a0699e34ef7db25ee756f4_v31_850x600.svg,18,44,1102314344,206212
human-development-index,SlopeChart,tab=slope&time=earliest..latest&stackMode=relative&yScale=linear&facet=entity&uniformYAxis=1&focus=%3Cnone%3E,tab=slope&time=earliest..latest&stackMode=relative&yScale=linear&facet=entity&uniformYAxis=1,ac7389a7376cb78087431e9adc6bbe16,human-development-index-3dffa15ae06e8a525ec0cee77d7eeccb_v31_850x600.svg,20,55,457607864,206212
human-development-index,SlopeChart,tab=slope&time=earliest..latest&stackMode=relative&yScale=linear&facet=entity&uniformYAxis=0&focus=%3Cnone%3E,tab=slope&time=earliest..latest&stackMode=relative&yScale=linear&facet=entity&uniformYAxis=0,3ee918672dd97ee4dd0ebded37096d2f,human-development-index-7064be44275c8da297486c7c3b02b4c8_v31_850x600.svg,16,45,244577136,206212
human-development-index,SlopeChart,tab=slope&time=earliest..latest&stackMode=relative&yScale=linear&facet=metric&uniformYAxis=1&focus=%3Cnone%3E,tab=slope&time=earliest..latest&stackMode=relative&yScale=linear&facet=metric&uniformYAxis=1,5152b3ead3c576fcd58103f3af9b9867,human-development-index-832c446b172ca5b57b8f29f2ad9a5773_v31_850x600.svg,16,39,533210936,206212
human-development-index,SlopeChart,tab=slope&time=earliest..latest&stackMode=relative&yScale=linear&facet=metric&uniformYAxis=0&focus=%3Cnone%3E,tab=slope&time=earliest..latest&stackMode=relative&yScale=linear&facet=metric&uniformYAxis=0,44388e92d1afb6d7c27aa3fd7301a423,human-development-index-ce47134240246dee7c7ed0361a427b50_v31_850x600.svg,18,47,1379706608,206212
human-development-index-vs-gdp-per-capita,ScatterPlot,tab=chart&time=earliest&stackMode=absolute&xScale=linear&yScale=linear&endpointsOnly=0,tab=chart&time=earliest&stackMode=absolute&xScale=linear&yScale=linear&endpointsOnly=0,4a247f035364039d62ed60a893972df7,human-development-index-vs-gdp-per-capita-ef44cef40072f28b128806b62a1b64f5_v28_850x600.svg,71,202,1123525008,2286763
human-development-index-vs-gdp-per-capita,ScatterPlot,tab=chart&time=earliest&stackMode=absolute&xScale=linear&yScale=log&endpointsOnly=0,tab=chart&time=earliest&stackMode=absolute&xScale=linear&yScale=log&endpointsOnly=0,451c3a7d3cdc8dab8c2467e4d0a1689f,human-development-index-vs-gdp-per-capita-bf4da6022d04e74a404d31a2ce0cd35d_v28_850x600.svg,54,169,574904280,2286763
human-development-index-vs-gdp-per-capita,ScatterPlot,tab=chart&time=earliest&stackMode=absolute&xScale=log&yScale=linear&endpointsOnly=0,tab=chart&time=earliest&stackMode=absolute&xScale=log&yScale=linear&endpointsOnly=0,66600f2443afceac8810daa538ee535b,human-development-index-vs-gdp-per-capita-0dc66c3009dba22bfe9e2fa56d1c171d_v28_850x600.svg,54,176,295338640,2286763
human-development-index-vs-gdp-per-capita,ScatterPlot,tab=chart&time=earliest&stackMode=absolute&xScale=log&yScale=log&endpointsOnly=0,tab=chart&time=earliest&stackMode=absolute&xScale=log&yScale=log&endpointsOnly=0,baf45084d3badc15d3276e2498087d2b,human-development-index-vs-gdp-per-capita-454d8a06c8a904d55e5a527b85a87ce2_v28_850x600.svg,71,202,501550928,2286763
human-development-index-vs-gdp-per-capita,ScatterPlot,tab=chart&time=latest&stackMode=absolute&xScale=linear&yScale=linear&endpointsOnly=0,tab=chart&time=latest&stackMode=absolute&xScale=linear&yScale=linear&endpointsOnly=0,349cee32dfa473612ed80a88f323deaf,human-development-index-vs-gdp-per-capita-f7cf68d023acbb4a18c781ca2c2be340_v28_850x600.svg,77,204,1457031160,2286763
human-development-index-vs-gdp-per-capita,ScatterPlot,tab=chart&time=latest&stackMode=absolute&xScale=linear&yScale=log&endpointsOnly=0,tab=chart&time=latest&stackMode=absolute&xScale=linear&yScale=log&endpointsOnly=0,c02309f62750fad4f2ed547d418764ae,human-development-index-vs-gdp-per-capita-b3c883fa0dad54e80e145fc8c582847d_v28_850x600.svg,53,172,598103648,2286763
human-development-index-vs-gdp-per-capita,ScatterPlot,tab=chart&time=latest&stackMode=absolute&xScale=log&yScale=linear&endpointsOnly=0,tab=chart&time=latest&stackMode=absolute&xScale=log&yScale=linear&endpointsOnly=0,bdafba6b7ee65b08d719569c5cc64e2a,human-development-index-vs-gdp-per-capita-3cce01ed41b45e65c9da042b6e44b695_v28_850x600.svg,53,166,327662016,2286763
human-development-index-vs-gdp-per-capita,ScatterPlot,tab=chart&time=latest&stackMode=absolute&xScale=log&yScale=log&endpointsOnly=0,tab=chart&time=latest&stackMode=absolute&xScale=log&yScale=log&endpointsOnly=0,e5d1116494575c6aa6c1e5e9c996582e,human-development-index-vs-gdp-per-capita-3339c38abf8f713a17874e94b7b273eb_v28_850x600.svg,73,204,1194677952,2286763
human-development-index-vs-gdp-per-capita,ScatterPlot,tab=chart&time=earliest..latest&stackMode=absolute&xScale=linear&yScale=linear&endpointsOnly=1,tab=chart&time=earliest..latest&stackMode=absolute&xScale=linear&yScale=linear&endpointsOnly=1,7d6e8929e7bc2c365c697f46f973fb9e,human-development-index-vs-gdp-per-capita-1f882d9b742806b8eea92396215dbd6c_v28_850x600.svg,68,215,579504760,2286763
human-development-index-vs-gdp-per-capita,ScatterPlot,tab=chart&time=earliest..latest&stackMode=absolute&xScale=linear&yScale=linear&endpointsOnly=0,tab=chart&time=earliest..latest&stackMode=absolute&xScale=linear&yScale=linear&endpointsOnly=0,c1cc6104c5e440ba3dc95d56625d3022,human-development-index-vs-gdp-per-capita-61e7446d84d9aeacd6869066dc6727a7_v28_850x600.svg,80,283,1554861872,2286763
human-development-index-vs-gdp-per-capita,ScatterPlot,tab=chart&time=earliest..latest&stackMode=absolute&xScale=linear&yScale=log&endpointsOnly=1,tab=chart&time=earliest..latest&stackMode=absolute&xScale=linear&yScale=log&endpointsOnly=1,595156cd2a8c5c307a0475bc54353e03,human-development-index-vs-gdp-per-capita-cf007d31f0ed79cef10387a9fabac1e1_v28_850x600.svg,71,241,2145115584,2286763
human-development-index-vs-gdp-per-capita,ScatterPlot,tab=chart&time=earliest..latest&stackMode=absolute&xScale=linear&yScale=log&endpointsOnly=0,tab=chart&time=earliest..latest&stackMode=absolute&xScale=linear&yScale=log&endpointsOnly=0,1eca9ce6248f6ff5f1a7486ee5a12865,human-development-index-vs-gdp-per-capita-a32059f0dfd00af1cc5d8c2a7369136b_v28_850x600.svg,55,229,709314232,2286763
human-development-index-vs-gdp-per-capita,ScatterPlot,tab=chart&time=earliest..latest&stackMode=absolute&xScale=log&yScale=linear&endpointsOnly=1,tab=chart&time=earliest..latest&stackMode=absolute&xScale=log&yScale=linear&endpointsOnly=1,d6ebb084fdfe9cca4a88adce57963a54,human-development-index-vs-gdp-per-capita-e0e69ca57de0e8a46b54f193a71f40d8_v28_850x600.svg,54,186,406457480,2286763
human-development-index-vs-gdp-per-capita,ScatterPlot,tab=chart&time=earliest..latest&stackMode=absolute&xScale=log&yScale=linear&endpointsOnly=0,tab=chart&time=earliest..latest&stackMode=absolute&xScale=log&yScale=linear&endpointsOnly=0,4636dae5489d805fbdbce1b2d1942460,human-development-index-vs-gdp-per-capita-3b0f995474364c6d426b8043ccc31416_v28_850x600.svg,78,274,1289645424,2286763
human-development-index-vs-gdp-per-capita,ScatterPlot,tab=chart&time=earliest..latest&stackMode=absolute&xScale=log&yScale=log&endpointsOnly=1,tab=chart&time=earliest..latest&stackMode=absolute&xScale=log&yScale=log&endpointsOnly=1,76aca7350c7bd46b765361d046871f5e,human-development-index-vs-gdp-per-capita-e3ecad2463ed96bedf9b1256702880c1_v28_850x600.svg,74,230,572551544,2286763
human-development-index-vs-gdp-per-capita,ScatterPlot,tab=chart&time=earliest..latest&stackMode=absolute&xScale=log&yScale=log&endpointsOnly=0,tab=chart&time=earliest..latest&stackMode=absolute&xScale=log&yScale=log&endpointsOnly=0,82757490cabf4d5d90482a6124e8094c,human-development-index-vs-gdp-per-capita-2179ff30e5f27442e154e704e6315666_v28_850x600.svg,80,265,1602756656,2286763
human-development-index-vs-gdp-per-capita,ScatterPlot,tab=chart&time=earliest..latest&stackMode=relative&xScale=linear&yScale=linear&endpointsOnly=0,tab=chart&time=earliest..latest&stackMode=relative&xScale=linear&yScale=linear&endpointsOnly=0,b57a4d6c9bc12cd4a9e2847e02a671ca,human-development-index-vs-gdp-per-capita-8c11f007e74b61e57592ac3545ea3dfc_v28_850x600.svg,56,181,432578392,2286763
international-tourist-arrivals-by-region-of-origin,StackedArea,tab=chart&time=earliest..latest&stackMode=absolute&facet=none&uniformYAxis=0&focus=%3Cnone%3E,tab=chart&time=earliest..latest&stackMode=absolute&facet=none&uniformYAxis=0,ee9e70214ccd07a175a93d67bfee2c93,international-tourist-arrivals-by-region-of-origin-75eb85d8825ab16ee5683894399929b3_v18_850x600.svg,2,26,716908184,6607
international-tourist-arrivals-by-region-of-origin,StackedArea,tab=chart&time=earliest..latest&stackMode=absolute&facet=none&uniformYAxis=0&focus=%3CfirstSeries%3E,tab=chart&time=earliest..latest&stackMode=absolute&facet=none&uniformYAxis=0&focus=Europe+%28UNWTO%29,def9ec3398298cd6e64f14fe28d81e8e,international-tourist-arrivals-by-region-of-origin-2929636b0499fc6142ba845044647dc0_v18_850x600.svg,5,21,2154209712,6607
international-tourist-arrivals-by-region-of-origin,StackedArea,tab=chart&time=earliest..latest&stackMode=absolute&facet=entity&uniformYAxis=1&focus=%3Cnone%3E,tab=chart&time=earliest..latest&stackMode=absolute&facet=entity&uniformYAxis=1,0d63085fe828e665b8a2b13c9aacee7b,international-tourist-arrivals-by-region-of-origin-bdb5edc1dff767e2744c007b5472f9f8_v18_850x600.svg,5,36,2173867752,6607
international-tourist-arrivals-by-region-of-origin,StackedArea,tab=chart&time=earliest..latest&stackMode=absolute&facet=entity&uniformYAxis=0&focus=%3Cnone%3E,tab=chart&time=earliest..latest&stackMode=absolute&facet=entity&uniformYAxis=0,56d7545d540a3ccf6d5e20cf45cfc11d,international-tourist-arrivals-by-region-of-origin-fac36a053c698faed6910879e4bd08e8_v18_850x600.svg,3,28,176001832,6607
international-tourist-arrivals-by-region-of-origin,StackedArea,tab=chart&time=earliest..latest&stackMode=absolute&facet=metric&uniformYAxis=1&focus=%3Cnone%3E,tab=chart&time=earliest..latest&stackMode=absolute&facet=metric&uniformYAxis=1,d117b91ed612d69098150fc2471dc48d,international-tourist-arrivals-by-region-of-origin-f1c8afce9af7f0e15378c72f98904283_v18_850x600.svg,3,14,184965552,6607
international-tourist-arrivals-by-region-of-origin,StackedArea,tab=chart&time=earliest..latest&stackMode=absolute&facet=metric&uniformYAxis=0&focus=%3Cnone%3E,tab=chart&time=earliest..latest&stackMode=absolute&facet=metric&uniformYAxis=0,53f68420653cd4705f766d3e75024d07,international-tourist-arrivals-by-region-of-origin-f82071396a1f567601b9a6c4e97be8ea_v18_850x600.svg,3,15,2127464144,6607
international-tourist-arrivals-by-region-of-origin,StackedArea,tab=chart&time=earliest..latest&stackMode=relative&facet=none&uniformYAxis=0&focus=%3Cnone%3E,tab=chart&time=earliest..latest&stackMode=relative&facet=none&uniformYAxis=0,d30f95dd017353e180d9b256f80fcc16,international-tourist-arrivals-by-region-of-origin-b0b0a5515a2b827c1ada39651942abe3_v18_850x600.svg,3,16,193800384,6607
international-tourist-arrivals-by-region-of-origin,StackedArea,tab=chart&time=earliest..latest&stackMode=relative&facet=entity&uniformYAxis=1&focus=%3Cnone%3E,tab=chart&time=earliest..latest&stackMode=relative&facet=entity&uniformYAxis=1,80f4de530b18a9c122ddedcbf119fe5b,international-tourist-arrivals-by-region-of-origin-cefeef588ba8676d4c9f9d4025016171_v18_850x600.svg,2,26,591842408,6607
international-tourist-arrivals-by-region-of-origin,StackedArea,tab=chart&time=earliest..latest&stackMode=relative&facet=entity&uniformYAxis=0&focus=%3Cnone%3E,tab=chart&time=earliest..latest&stackMode=relative&facet=entity&uniformYAxis=0,253e6c4a1303de6f2eb5a4263aa31352,international-tourist-arrivals-by-region-of-origin-ef2e9d3d5b0a6a79bbf4f24a5363c1af_v18_850x600.svg,3,29,2146905144,6607
international-tourist-arrivals-by-region-of-origin,StackedArea,tab=chart&time=earliest..latest&stackMode=relative&facet=metric&uniformYAxis=1&focus=%3Cnone%3E,tab=chart&time=earliest..latest&stackMode=relative&facet=metric&uniformYAxis=1,4182d713a31423c512b586cdc13cb588,international-tourist-arrivals-by-region-of-origin-a1a5970a3bc3027962425fb46fd31c44_v18_850x600.svg,3,16,1245176528,6607
international-tourist-arrivals-by-region-of-origin,StackedArea,tab=chart&time=earliest..latest&stackMode=relative&facet=metric&uniformYAxis=0&focus=%3Cnone%3E,tab=chart&time=earliest..latest&stackMode=relative&facet=metric&uniformYAxis=0,ab598703420c6dc1e40fe44e067fe4aa,international-tourist-arrivals-by-region-of-origin-11fec5f29f3282aadd146f8733ff5269_v18_850x600.svg,3,14,202631248,6607
lgbt-legal-equality-index,DiscreteBar,tab=chart&time=earliest&facet=none&focus=%3Cnone%3E,tab=chart&time=earliest&facet=none,0aaff4cff7c29ca176f01eef2f3a268e,lgbt-legal-equality-index-5ad5324a3e7cb4744cafd0292784aeb4_v19_850x600.svg,2,11,1252674376,6085
lgbt-legal-equality-index,DiscreteBar,tab=chart&time=earliest&facet=none&focus=%3CfirstSeries%3E,tab=chart&time=earliest&facet=none&focus=Chile,35b547ebc6de35a4561f9b311f8071a0,lgbt-legal-equality-index-b4d68be96c0e86d5bcf3895e66697ad0_v19_850x600.svg,2,11,599354288,6085
lgbt-legal-equality-index,DiscreteBar,tab=chart&time=earliest&facet=entity&focus=%3Cnone%3E,tab=chart&time=earliest&facet=entity,90b62b88ac2788b000f11c6a5584f390,lgbt-legal-equality-index-fcfab55d63e48011e9b36e60b315e6c4_v19_850x600.svg,2,11,210211016,6085
lgbt-legal-equality-index,DiscreteBar,tab=chart&time=earliest&facet=metric&focus=%3Cnone%3E,tab=chart&time=earliest&facet=metric,c1c69b1635941a940c0d9a84e6c80b62,lgbt-legal-equality-index-6105422927fa62c87e79cf6af0865bd4_v19_850x600.svg,3,13,2154496184,6085
lgbt-legal-equality-index,DiscreteBar,tab=chart&time=latest&facet=none&focus=%3Cnone%3E,tab=chart&time=latest&facet=none,dd6fd568e69fe2ed04b31b98eb2b0965,lgbt-legal-equality-index-02afa8dd2efa0f8e76ff495d3c36b022_v19_850x600.svg,2,12,1260157304,6085
lgbt-legal-equality-index,DiscreteBar,tab=chart&time=latest&facet=none&focus=%3CfirstSeries%3E,tab=chart&time=latest&facet=none&focus=Chile,450bfdcbc1722749187b9111dc392f1e,lgbt-legal-equality-index-6eeb4eab772d5944f62387cad4be9191_v19_850x600.svg,2,11,606826120,6085
lgbt-legal-equality-index,DiscreteBar,tab=chart&time=latest&facet=entity&focus=%3Cnone%3E,tab=chart&time=latest&facet=entity,f82837955ab433dbea149e2d96425363,lgbt-legal-equality-index-abf9330721887f4501456e22b3da29b6_v19_850x600.svg,2,11,217719928,6085
lgbt-legal-equality-index,DiscreteBar,tab=chart&time=latest&facet=metric&focus=%3Cnone%3E,tab=chart&time=latest&facet=metric,cc5075f86cc9f5a9331a2cbb1412e9c2,lgbt-legal-equality-index-0cd159859e5c409d35d40d6d91fd8b6f_v19_850x600.svg,1,11,2162006576,6085
life-expectancy,LineChart,tab=line&time=earliest..latest&stackMode=absolute&yScale=linear&facet=none&uniformYAxis=0&focus=%3Cnone%3E,tab=line&time=earliest..latest&stackMode=absolute&yScale=linear&facet=none&uniformYAxis=0,438d9153c846a0231f6244d7e5af081d,life-expectancy-4430c2e2eb335ca7c64158941adb998d_v64_850x600.svg,17,58,635625784,675005
life-expectancy,LineChart,tab=line&time=earliest..latest&stackMode=absolute&yScale=linear&facet=none&uniformYAxis=0&focus=%3CfirstSeries%3E,tab=line&time=earliest..latest&stackMode=absolute&yScale=linear&facet=none&uniformYAxis=0&focus=World,daef7ef84f59a98e4d51d559dd463c69,life-expectancy-fce8d68852eab5891d71536436a53dae_v64_850x600.svg,17,38,1280853112,675005
life-expectancy,LineChart,tab=line&time=earliest..latest&stackMode=absolute&yScale=linear&facet=entity&uniformYAxis=1&focus=%3Cnone%3E,tab=line&time=earliest..latest&stackMode=absolute&yScale=linear&facet=entity&uniformYAxis=1,5e78ec140da8ea7dacf29f7cab64a5d3,life-expectancy-c9e137028d8726a2fb901026e4c9a3cb_v64_850x600.svg,13,37,200807896,675005
life-expectancy,LineChart,tab=line&time=earliest..latest&stackMode=absolute&yScale=linear&facet=entity&uniformYAxis=0&focus=%3Cnone%3E,tab=line&time=earliest..latest&stackMode=absolute&yScale=linear&facet=entity&uniformYAxis=0,7c9893bc891e78608987651c9739e4f1,life-expectancy-a1b3bb0eec44ece440c67493e54f5bed_v64_850x600.svg,13,34,459004552,675005
life-expectancy,LineChart,tab=line&time=earliest..latest&stackMode=absolute&yScale=linear&facet=metric&uniformYAxis=1&focus=%3Cnone%3E,tab=line&time=earliest..latest&stackMode=absolute&yScale=linear&facet=metric&uniformYAxis=1,b795c139dea3a2affb7f00cd14984f6a,life-expectancy-97d77284ca49046e539bb4bde7ea1ab1_v64_850x600.svg,21,63,2159835344,675005
life-expectancy,LineChart,tab=line&time=earliest..latest&stackMode=absolute&yScale=linear&facet=metric&uniformYAxis=0&focus=%3Cnone%3E,tab=line&time=earliest..latest&stackMode=absolute&yScale=linear&facet=metric&uniformYAxis=0,edfb6332ba5dc8eb5d75803dc9e64967,life-expectancy-4eb808ae74e4379569465d5e629645b3_v64_850x600.svg,16,47,1309768712,675005
life-expectancy,LineChart,tab=line&time=earliest..latest&stackMode=absolute&yScale=log&facet=none&uniformYAxis=0&focus=%3Cnone%3E,tab=line&time=earliest..latest&stackMode=absolute&yScale=log&facet=none&uniformYAxis=0,5311a550fce13d9d6648b4dc13a66996,life-expectancy-125775cfe5817e4e28a3556030c51d0c_v64_850x600.svg,12,40,229693992,675005
life-expectancy,LineChart,tab=line&time=earliest..latest&stackMode=absolute&yScale=log&facet=entity&uniformYAxis=1&focus=%3Cnone%3E,tab=line&time=earliest..latest&stackMode=absolute&yScale=log&facet=entity&uniformYAxis=1,4d6423091150e037c79d29c740ef07ce,life-expectancy-2d63e33f4ac34395c7f1c42276c82bbe_v64_850x600.svg,13,43,426551256,675005
life-expectancy,LineChart,tab=line&time=earliest..latest&stackMode=absolute&yScale=log&facet=entity&uniformYAxis=0&focus=%3Cnone%3E,tab=line&time=earliest..latest&stackMode=absolute&yScale=log&facet=entity&uniformYAxis=0,e8168000af0ee64708655d1b002cc01a,life-expectancy-a2e83d395d4ba45de21b14d7bd9fbeb7_v64_850x600.svg,15,43,618716912,675005
life-expectancy,LineChart,tab=line&time=earliest..latest&stackMode=absolute&yScale=log&facet=metric&uniformYAxis=1&focus=%3Cnone%3E,tab=line&time=earliest..latest&stackMode=absolute&yScale=log&facet=metric&uniformYAxis=1,2e1cac280b44ba6be2ae02d97ffdb6e4,life-expectancy-20b9b9a19b12ae50e0d6c1a4fc28e5e8_v64_850x600.svg,20,51,2188877024,675005
life-expectancy,LineChart,tab=line&time=earliest..latest&stackMode=absolute&yScale=log&facet=metric&uniformYAxis=0&focus=%3Cnone%3E,tab=line&time=earliest..latest&stackMode=absolute&yScale=log&facet=metric&uniformYAxis=0,cd80d2cf3144393b43cc8ebce07540d6,life-expectancy-ca0c610171a0551dbb4a627e23e29f56_v64_850x600.svg,17,48,1581061480,675005
life-expectancy,LineChart,tab=line&time=earliest..latest&stackMode=relative&yScale=linear&facet=none&uniformYAxis=0&focus=%3Cnone%3E,tab=line&time=earliest..latest&stackMode=relative&yScale=linear&facet=none&uniformYAxis=0,b7ce64bb59a380e843bc24f93f365b6e,life-expectancy-3e69c2ab7cbb5643071a391e67189a67_v64_850x600.svg,14,43,456527272,675005
life-expectancy,LineChart,tab=line&time=earliest..latest&stackMode=relative&yScale=linear&facet=entity&uniformYAxis=1&focus=%3Cnone%3E,tab=line&time=earliest..latest&stackMode=relative&yScale=linear&facet=entity&uniformYAxis=1,eb7a4cb1ca32e0a98afd5cd7523511b5,life-expectancy-8745684d3950240275cfac2bb38fdf4b_v64_850x600.svg,13,37,219045032,675005
life-expectancy,LineChart,tab=line&time=earliest..latest&stackMode=relative&yScale=linear&facet=entity&uniformYAxis=0&focus=%3Cnone%3E,tab=line&time=earliest..latest&stackMode=relative&yScale=linear&facet=entity&uniformYAxis=0,8c86334e690a905b2643b21030b3653c,life-expectancy-8f9ed69a69d0935eb613989e2a3cde6a_v64_850x600.svg,15,41,1282585440,675005
life-expectancy,LineChart,tab=line&time=earliest..latest&stackMode=relative&yScale=linear&facet=metric&uniformYAxis=1&focus=%3Cnone%3E,tab=line&time=earliest..latest&stackMode=relative&yScale=linear&facet=metric&uniformYAxis=1,5314f2f17444a51b035eb2022f6a799f,life-expectancy-3733fc4ec16a09d5cecf596a4553b8dc_v64_850x600.svg,15,46,648599000,675005
life-expectancy,LineChart,tab=line&time=earliest..latest&stackMode=relative&yScale=linear&facet=metric&uniformYAxis=0&focus=%3Cnone%3E,tab=line&time=earliest..latest&stackMode=relative&yScale=linear&facet=metric&uniformYAxis=0,2af7a4796905a177c3b029b8d88e7df7,life-expectancy-613a269764bea61f37fe6cdda4e208dc_v64_850x600.svg,16,45,1610979144,675005
life-expectancy,WorldMap,tab=map&time=earliest..latest&stackMode=absolute&yScale=linear&facet=none&uniformYAxis=0&focus=%3Cnone%3E,tab=map&time=earliest..latest&stackMode=absolute&yScale=linear&facet=none&uniformYAxis=0,0d2daa8e9eac0004746a5773f3b3add9,life-expectancy-d8323fbe5b81c2b6621525fd272679bb_v64_850x600.svg,49,135,2224400296,675005
life-expectancy,LineChart,tab=slope&time=earliest..latest&stackMode=absolute&yScale=linear&facet=none&uniformYAxis=0&focus=%3Cnone%3E,tab=slope&time=earliest..latest&stackMode=absolute&yScale=linear&facet=none&uniformYAxis=0,438d9153c846a0231f6244d7e5af081d,life-expectancy-8869d925bb9ec36312653d7408b3825e_v64_850x600.svg,12,40,247769248,675005
life-expectancy,LineChart,tab=slope&time=earliest..latest&stackMode=absolute&yScale=linear&facet=entity&uniformYAxis=1&focus=%3Cnone%3E,tab=slope&time=earliest..latest&stackMode=absolute&yScale=linear&facet=entity&uniformYAxis=1,5e78ec140da8ea7dacf29f7cab64a5d3,life-expectancy-94f8762ac9e6f207f508da976fa7777b_v64_850x600.svg,12,36,482995752,675005
life-expectancy,LineChart,tab=slope&time=earliest..latest&stackMode=absolute&yScale=linear&facet=entity&uniformYAxis=0&focus=%3Cnone%3E,tab=slope&time=earliest..latest&stackMode=absolute&yScale=linear&facet=entity&uniformYAxis=0,7c9893bc891e78608987651c9739e4f1,life-expectancy-784910cad399974abce10237037577b8_v64_850x600.svg,15,42,1308846112,675005
life-expectancy,LineChart,tab=slope&time=earliest..latest&stackMode=absolute&yScale=linear&facet=metric&uniformYAxis=1&focus=%3Cnone%3E,tab=slope&time=earliest..latest&stackMode=absolute&yScale=linear&facet=metric&uniformYAxis=1,b795c139dea3a2affb7f00cd14984f6a,life-expectancy-ef7d44586247e71c5218855b27d8382c_v64_850x600.svg,14,45,634552896,675005
life-expectancy,LineChart,tab=slope&time=earliest..latest&stackMode=absolute&yScale=linear&facet=metric&uniformYAxis=0&focus=%3Cnone%3E,tab=slope&time=earliest..latest&stackMode=absolute&yScale=linear&facet=metric&uniformYAxis=0,edfb6332ba5dc8eb5d75803dc9e64967,life-expectancy-826ab5a3685e5c0f530e312aed74de57_v64_850x600.svg,15,66,1575292400,675005
life-expectancy,LineChart,tab=slope&time=earliest..latest&stackMode=absolute&yScale=log&facet=none&uniformYAxis=0&focus=%3Cnone%3E,tab=slope&time=earliest..latest&stackMode=absolute&yScale=log&facet=none&uniformYAxis=0,5311a550fce13d9d6648b4dc13a66996,life-expectancy-2004f4ed5e6c7123527f290d11fa22e0_v64_850x600.svg,12,57,217448936,675005
life-expectancy,LineChart,tab=slope&time=earliest..latest&stackMode=absolute&yScale=log&facet=entity&uniformYAxis=1&focus=%3Cnone%3E,tab=slope&time=earliest..latest&stackMode=absolute&yScale=log&facet=entity&uniformYAxis=1,4d6423091150e037c79d29c740ef07ce,life-expectancy-ac638c4f34d948fe349a20d2dfb61ce7_v64_850x600.svg,12,47,468396000,675005
life-expectancy,LineChart,tab=slope&time=earliest..latest&stackMode=absolute&yScale=log&facet=entity&uniformYAxis=0&focus=%3Cnone%3E,tab=slope&time=earliest..latest&stackMode=absolute&yScale=log&facet=entity&uniformYAxis=0,e8168000af0ee64708655d1b002cc01a,life-expectancy-602cf15b8e4cf555a48aab50e95a8aac_v64_850x600.svg,15,71,1286590144,675005
life-expectancy,LineChart,tab=slope&time=earliest..latest&stackMode=absolute&yScale=log&facet=metric&uniformYAxis=1&focus=%3Cnone%3E,tab=slope&time=earliest..latest&stackMode=absolute&yScale=log&facet=metric&uniformYAxis=1,2e1cac280b44ba6be2ae02d97ffdb6e4,life-expectancy-85de343b2e97abe79303be8b50dc85a9_v64_850x600.svg,14,52,663476144,675005
life-expectancy,LineChart,tab=slope&time=earliest..latest&stackMode=absolute&yScale=log&facet=metric&uniformYAxis=0&focus=%3Cnone%3E,tab=slope&time=earliest..latest&stackMode=absolute&yScale=log&facet=metric&uniformYAxis=0,cd80d2cf3144393b43cc8ebce07540d6,life-expectancy-da5389268a3d40a777bafa40504058d6_v64_850x600.svg,23,60,497337768,675005
life-expectancy,LineChart,tab=slope&time=earliest..latest&stackMode=relative&yScale=linear&facet=none&uniformYAxis=0&focus=%3Cnone%3E,tab=slope&time=earliest..latest&stackMode=relative&yScale=linear&facet=none&uniformYAxis=0,b7ce64bb59a380e843bc24f93f365b6e,life-expectancy-aeff4e7484a0699e34ef7db25ee756f4_v64_850x600.svg,16,53,247507552,675005
life-expectancy,LineChart,tab=slope&time=earliest..latest&stackMode=relative&yScale=linear&facet=entity&uniformYAxis=1&focus=%3Cnone%3E,tab=slope&time=earliest..latest&stackMode=relative&yScale=linear&facet=entity&uniformYAxis=1,eb7a4cb1ca32e0a98afd5cd7523511b5,life-expectancy-3dffa15ae06e8a525ec0cee77d7eeccb_v64_850x600.svg,17,53,1603425440,675005
life-expectancy,LineChart,tab=slope&time=earliest..latest&stackMode=relative&yScale=linear&facet=entity&uniformYAxis=0&focus=%3Cnone%3E,tab=slope&time=earliest..latest&stackMode=relative&yScale=linear&facet=entity&uniformYAxis=0,8c86334e690a905b2643b21030b3653c,life-expectancy-7064be44275c8da297486c7c3b02b4c8_v64_850x600.svg,19,54,1314633320,675005
life-expectancy,LineChart,tab=slope&time=earliest..latest&stackMode=relative&yScale=linear&facet=metric&uniformYAxis=1&focus=%3Cnone%3E,tab=slope&time=earliest..latest&stackMode=relative&yScale=linear&facet=metric&uniformYAxis=1,5314f2f17444a51b035eb2022f6a799f,life-expectancy-832c446b172ca5b57b8f29f2ad9a5773_v64_850x600.svg,21,72,2254273432,675005
life-expectancy,LineChart,tab=slope&time=earliest..latest&stackMode=relative&yScale=linear&facet=metric&uniformYAxis=0&focus=%3Cnone%3E,tab=slope&time=earliest..latest&stackMode=relative&yScale=linear&facet=metric&uniformYAxis=0,2af7a4796905a177c3b029b8d88e7df7,life-expectancy-ce47134240246dee7c7ed0361a427b50_v64_850x600.svg,17,128,630754104,675005
life-expectancy-marimekko,Marimekko,tab=chart&time=earliest&stackMode=absolute&showNoDataArea=1,tab=chart&time=earliest&stackMode=absolute&showNoDataArea=1,922a687c6bfd8c32d6a383ee4a133d66,life-expectancy-marimekko-241409b3746c788e4acd939b8b33bc31_v38_850x600.svg,130,252,542823080,2516681
life-expectancy-marimekko,Marimekko,tab=chart&time=earliest&stackMode=absolute&showNoDataArea=0,tab=chart&time=earliest&stackMode=absolute&showNoDataArea=0,cb937a5ea93a80fd92907bfb88b079c7,life-expectancy-marimekko-a4125f55250928f556fd492aa291c876_v38_850x600.svg,118,307,311447480,2516681
life-expectancy-marimekko,Marimekko,tab=chart&time=earliest&stackMode=relative&showNoDataArea=1,tab=chart&time=earliest&stackMode=relative&showNoDataArea=1,4dbe72770a7082bc6e47648a4eb35da0,life-expectancy-marimekko-bd36a6ff48d328b07e6f43ed3299fde2_v38_850x600.svg,140,311,1676896696,2516681
life-expectancy-marimekko,Marimekko,tab=chart&time=earliest&stackMode=relative&showNoDataArea=0,tab=chart&time=earliest&stackMode=relative&showNoDataArea=0,808555f137829ff125536b4d48bcec3e,life-expectancy-marimekko-e1acf2328eecf43659fcecf28abc2c0c_v38_850x600.svg,77,289,1424960520,2516681
life-expectancy-marimekko,Marimekko,tab=chart&time=latest&stackMode=absolute&showNoDataArea=1,tab=chart&time=latest&stackMode=absolute&showNoDataArea=1,99da08f807ee1889544e3fe330533bdf,life-expectancy-marimekko-6a32c66e3623fda65fb9b44d9994515f_v38_850x600.svg,73,227,2273388384,2516681
life-expectancy-marimekko,Marimekko,tab=chart&time=latest&stackMode=absolute&showNoDataArea=0,tab=chart&time=latest&stackMode=absolute&showNoDataArea=0,55804a05ad2a20baccbafef00cdcb625,life-expectancy-marimekko-fcfced7a079bead6b5c18accbd776a61_v38_850x600.svg,67,276,748165920,2516681
life-expectancy-marimekko,Marimekko,tab=chart&time=latest&stackMode=relative&showNoDataArea=1,tab=chart&time=latest&stackMode=relative&showNoDataArea=1,b362e9c93d8dc5497c7c395cb947156f,life-expectancy-marimekko-6ac59886d82f0751d503812ecf6e309a_v38_850x600.svg,79,229,590183000,2516681
life-expectancy-marimekko,Marimekko,tab=chart&time=latest&stackMode=relative&showNoDataArea=0,tab=chart&time=latest&stackMode=relative&showNoDataArea=0,1aaabca2bfd56a7db8888a2ecf01e8e5,life-expectancy-marimekko-1756c7e7d468dcb830038097a0a431ae_v38_850x600.svg,69,259,389120072,2516681
life-expectancy-vs-gdp-per-capita,ScatterPlot,tab=chart&time=earliest&stackMode=absolute&xScale=linear&yScale=linear&endpointsOnly=0,tab=chart&time=earliest&stackMode=absolute&xScale=linear&yScale=linear&endpointsOnly=0,0b5f17c869369849b5b3daf10392f78c,life-expectancy-vs-gdp-per-capita-ef44cef40072f28b128806b62a1b64f5_v39_850x600.svg,117,622,318599560,3169605
life-expectancy-vs-gdp-per-capita,ScatterPlot,tab=chart&time=earliest&stackMode=absolute&xScale=linear&yScale=log&endpointsOnly=0,tab=chart&time=earliest&stackMode=absolute&xScale=linear&yScale=log&endpointsOnly=0,a1ba05df099538b20ca1a322701e8f09,life-expectancy-vs-gdp-per-capita-bf4da6022d04e74a404d31a2ce0cd35d_v39_850x600.svg,121,576,2431640216,3169605
life-expectancy-vs-gdp-per-capita,ScatterPlot,tab=chart&time=earliest&stackMode=absolute&xScale=log&yScale=linear&endpointsOnly=0,tab=chart&time=earliest&stackMode=absolute&xScale=log&yScale=linear&endpointsOnly=0,39a76576ac4c7b71f764a183d0aec60d,life-expectancy-vs-gdp-per-capita-0dc66c3009dba22bfe9e2fa56d1c171d_v39_850x600.svg,111,694,316384616,3169605
life-expectancy-vs-gdp-per-capita,ScatterPlot,tab=chart&time=earliest&stackMode=absolute&xScale=log&yScale=log&endpointsOnly=0,tab=chart&time=earliest&stackMode=absolute&xScale=log&yScale=log&endpointsOnly=0,41a51f43df5407ce1456c76c8e6f3ce6,life-expectancy-vs-gdp-per-capita-454d8a06c8a904d55e5a527b85a87ce2_v39_850x600.svg,112,675,344040432,3169605
life-expectancy-vs-gdp-per-capita,ScatterPlot,tab=chart&time=latest&stackMode=absolute&xScale=linear&yScale=linear&endpointsOnly=0,tab=chart&time=latest&stackMode=absolute&xScale=linear&yScale=linear&endpointsOnly=0,b55180f9ec0b90f0f624a86bf3470b33,life-expectancy-vs-gdp-per-capita-f7cf68d023acbb4a18c781ca2c2be340_v39_850x600.svg,77,578,339688824,3169605
life-expectancy-vs-gdp-per-capita,ScatterPlot,tab=chart&time=latest&stackMode=absolute&xScale=linear&yScale=log&endpointsOnly=0,tab=chart&time=latest&stackMode=absolute&xScale=linear&yScale=log&endpointsOnly=0,da6d03e33039294ba86d58c080d5b8c9,life-expectancy-vs-gdp-per-capita-b3c883fa0dad54e80e145fc8c582847d_v39_850x600.svg,107,545,588510152,3169605
life-expectancy-vs-gdp-per-capita,ScatterPlot,tab=chart&time=latest&stackMode=absolute&xScale=log&yScale=linear&endpointsOnly=0,tab=chart&time=latest&stackMode=absolute&xScale=log&yScale=linear&endpointsOnly=0,30d07384fa2e19765804bd6031de83e6,life-expectancy-vs-gdp-per-capita-3cce01ed41b45e65c9da042b6e44b695_v39_850x600.svg,133,615,353699496,3169605
life-expectancy-vs-gdp-per-capita,ScatterPlot,tab=chart&time=latest&stackMode=absolute&xScale=log&yScale=log&endpointsOnly=0,tab=chart&time=latest&stackMode=absolute&xScale=log&yScale=log&endpointsOnly=0,49ed06838adc9c7c48137a618963a2cc,life-expectancy-vs-gdp-per-capita-3339c38abf8f713a17874e94b7b273eb_v39_850x600.svg,132,591,524813888,3169605
life-expectancy-vs-gdp-per-capita,ScatterPlot,tab=chart&time=earliest..latest&stackMode=absolute&xScale=linear&yScale=linear&endpointsOnly=1,tab=chart&time=earliest..latest&stackMode=absolute&xScale=linear&yScale=linear&endpointsOnly=1,916238178bc82c0a2b906e7ec619d0e1,life-expectancy-vs-gdp-per-capita-1f882d9b742806b8eea92396215dbd6c_v39_850x600.svg,90,561,550720720,3169605
life-expectancy-vs-gdp-per-capita,ScatterPlot,tab=chart&time=earliest..latest&stackMode=absolute&xScale=linear&yScale=linear&endpointsOnly=0,tab=chart&time=earliest..latest&stackMode=absolute&xScale=linear&yScale=linear&endpointsOnly=0,522f8a74556cfd1802c164ab2d3e89d5,life-expectancy-vs-gdp-per-capita-61e7446d84d9aeacd6869066dc6727a7_v39_850x600.svg,138,797,542436432,3169605
life-expectancy-vs-gdp-per-capita,ScatterPlot,tab=chart&time=earliest..latest&stackMode=absolute&xScale=linear&yScale=log&endpointsOnly=1,tab=chart&time=earliest..latest&stackMode=absolute&xScale=linear&yScale=log&endpointsOnly=1,779cfb5ab5f7788c73e54b4c2a5279e0,life-expectancy-vs-gdp-per-capita-cf007d31f0ed79cef10387a9fabac1e1_v39_850x600.svg,109,599,559445304,3169605
life-expectancy-vs-gdp-per-capita,ScatterPlot,tab=chart&time=earliest..latest&stackMode=absolute&xScale=linear&yScale=log&endpointsOnly=0,tab=chart&time=earliest..latest&stackMode=absolute&xScale=linear&yScale=log&endpointsOnly=0,11f3d8f08d3420ab274ce5da95816fb9,life-expectancy-vs-gdp-per-capita-a32059f0dfd00af1cc5d8c2a7369136b_v39_850x600.svg,88,658,335575360,3169605
life-expectancy-vs-gdp-per-capita,ScatterPlot,tab=chart&time=earliest..latest&stackMode=absolute&xScale=log&yScale=linear&endpointsOnly=1,tab=chart&time=earliest..latest&stackMode=absolute&xScale=log&yScale=linear&endpointsOnly=1,9649baaeadbc4d23adb525120ed0d941,life-expectancy-vs-gdp-per-capita-e0e69ca57de0e8a46b54f193a71f40d8_v39_850x600.svg,103,593,735483816,3169605
life-expectancy-vs-gdp-per-capita,ScatterPlot,tab=chart&time=earliest..latest&stackMode=absolute&xScale=log&yScale=linear&endpointsOnly=0,tab=chart&time=earliest..latest&stackMode=absolute&xScale=log&yScale=linear&endpointsOnly=0,61f5adb65c2e561594499cba748d4330,life-expectancy-vs-gdp-per-capita-3b0f995474364c6d426b8043ccc31416_v39_850x600.svg,110,738,563671424,3169605
life-expectancy-vs-gdp-per-capita,ScatterPlot,tab=chart&time=earliest..latest&stackMode=absolute&xScale=log&yScale=log&endpointsOnly=1,tab=chart&time=earliest..latest&stackMode=absolute&xScale=log&yScale=log&endpointsOnly=1,3aa9d75cf26dfedb7f982512a18044e4,life-expectancy-vs-gdp-per-capita-e3ecad2463ed96bedf9b1256702880c1_v39_850x600.svg,78,533,730196448,3169605
life-expectancy-vs-gdp-per-capita,ScatterPlot,tab=chart&time=earliest..latest&stackMode=absolute&xScale=log&yScale=log&endpointsOnly=0,tab=chart&time=earliest..latest&stackMode=absolute&xScale=log&yScale=log&endpointsOnly=0,6fc393ea466a6690db8848ca8e7873fe,life-expectancy-vs-gdp-per-capita-2179ff30e5f27442e154e704e6315666_v39_850x600.svg,99,752,337395640,3169605
life-expectancy-vs-gdp-per-capita,ScatterPlot,tab=chart&time=earliest..latest&stackMode=relative&xScale=linear&yScale=linear&endpointsOnly=0,tab=chart&time=earliest..latest&stackMode=relative&xScale=linear&yScale=linear&endpointsOnly=0,d4cb20322fb8a9f37b8b559ec114c7f5,life-expectancy-vs-gdp-per-capita-8c11f007e74b61e57592ac3545ea3dfc_v39_850x600.svg,100,502,525010520,3169605
life-expectancy-vs-health-expenditure,ScatterPlot,tab=chart&time=earliest&stackMode=absolute&xScale=linear&yScale=linear&endpointsOnly=0,tab=chart&time=earliest&stackMode=absolute&xScale=linear&yScale=linear&endpointsOnly=0,6f324ded149b5510c6c226f96cf01b03,life-expectancy-vs-health-expenditure-ef44cef40072f28b128806b62a1b64f5_v42_850x600.svg,21,75,536715296,650180
life-expectancy-vs-health-expenditure,ScatterPlot,tab=chart&time=earliest&stackMode=absolute&xScale=linear&yScale=log&endpointsOnly=0,tab=chart&time=earliest&stackMode=absolute&xScale=linear&yScale=log&endpointsOnly=0,e21484bb829a8dc9f6ff90a19a81fc84,life-expectancy-vs-health-expenditure-bf4da6022d04e74a404d31a2ce0cd35d_v42_850x600.svg,19,68,593205528,650180
life-expectancy-vs-health-expenditure,ScatterPlot,tab=chart&time=earliest&stackMode=absolute&xScale=log&yScale=linear&endpointsOnly=0,tab=chart&time=earliest&stackMode=absolute&xScale=log&yScale=linear&endpointsOnly=0,253df3f03ffeb4fc625a940125fcbd65,life-expectancy-vs-health-expenditure-0dc66c3009dba22bfe9e2fa56d1c171d_v42_850x600.svg,26,74,582234440,650180
life-expectancy-vs-health-expenditure,ScatterPlot,tab=chart&time=earliest&stackMode=absolute&xScale=log&yScale=log&endpointsOnly=0,tab=chart&time=earliest&stackMode=absolute&xScale=log&yScale=log&endpointsOnly=0,c5b3c433923e7c09c2b776500ceaa402,life-expectancy-vs-health-expenditure-454d8a06c8a904d55e5a527b85a87ce2_v42_850x600.svg,20,67,573167888,650180
life-expectancy-vs-health-expenditure,ScatterPlot,tab=chart&time=latest&stackMode=absolute&xScale=linear&yScale=linear&endpointsOnly=0,tab=chart&time=latest&stackMode=absolute&xScale=linear&yScale=linear&endpointsOnly=0,6b8df6555550213042c411c69a635b5c,life-expectancy-vs-health-expenditure-f7cf68d023acbb4a18c781ca2c2be340_v42_850x600.svg,19,65,721392072,650180
life-expectancy-vs-health-expenditure,ScatterPlot,tab=chart&time=latest&stackMode=absolute&xScale=linear&yScale=log&endpointsOnly=0,tab=chart&time=latest&stackMode=absolute&xScale=linear&yScale=log&endpointsOnly=0,5be691b35e8ad8dc51237523eb9cad9a,life-expectancy-vs-health-expenditure-b3c883fa0dad54e80e145fc8c582847d_v42_850x600.svg,13,55,706932168,650180
life-expectancy-vs-health-expenditure,ScatterPlot,tab=chart&time=latest&stackMode=absolute&xScale=log&yScale=linear&endpointsOnly=0,tab=chart&time=latest&stackMode=absolute&xScale=log&yScale=linear&endpointsOnly=0,18ccec2629fd59eeba7e230997a33946,life-expectancy-vs-health-expenditure-3cce01ed41b45e65c9da042b6e44b695_v42_850x600.svg,18,62,630976728,650180
life-expectancy-vs-health-expenditure,ScatterPlot,tab=chart&time=latest&stackMode=absolute&xScale=log&yScale=log&endpointsOnly=0,tab=chart&time=latest&stackMode=absolute&xScale=log&yScale=log&endpointsOnly=0,8f9a311396c88b5e8422fc4f8dcfbd59,life-expectancy-vs-health-expenditure-3339c38abf8f713a17874e94b7b273eb_v42_850x600.svg,18,61,779437792,650180
life-expectancy-vs-health-expenditure,ScatterPlot,tab=chart&time=earliest..latest&stackMode=absolute&xScale=linear&yScale=linear&endpointsOnly=1,tab=chart&time=earliest..latest&stackMode=absolute&xScale=linear&yScale=linear&endpointsOnly=1,59b84d5639262bd5ab1f6cb7d5ccc876,life-expectancy-vs-health-expenditure-1f882d9b742806b8eea92396215dbd6c_v42_850x600.svg,12,59,760165400,650180
life-expectancy-vs-health-expenditure,ScatterPlot,tab=chart&time=earliest..latest&stackMode=absolute&xScale=linear&yScale=linear&endpointsOnly=0,tab=chart&time=earliest..latest&stackMode=absolute&xScale=linear&yScale=linear&endpointsOnly=0,60a2ebaaf87832a076046ddcd09f83fe,life-expectancy-vs-health-expenditure-61e7446d84d9aeacd6869066dc6727a7_v42_850x600.svg,20,95,649758944,650180
life-expectancy-vs-health-expenditure,ScatterPlot,tab=chart&time=earliest..latest&stackMode=absolute&xScale=linear&yScale=log&endpointsOnly=1,tab=chart&time=earliest..latest&stackMode=absolute&xScale=linear&yScale=log&endpointsOnly=1,6b8dec907cdca6a5f16f0f7013a0a06d,life-expectancy-vs-health-expenditure-cf007d31f0ed79cef10387a9fabac1e1_v42_850x600.svg,18,72,786533136,650180
life-expectancy-vs-health-expenditure,ScatterPlot,tab=chart&time=earliest..latest&stackMode=absolute&xScale=linear&yScale=log&endpointsOnly=0,tab=chart&time=earliest..latest&stackMode=absolute&xScale=linear&yScale=log&endpointsOnly=0,635003481a3e5628e539ba61e698580f,life-expectancy-vs-health-expenditure-a32059f0dfd00af1cc5d8c2a7369136b_v42_850x600.svg,14,88,756803832,650180
life-expectancy-vs-health-expenditure,ScatterPlot,tab=chart&time=earliest..latest&stackMode=absolute&xScale=log&yScale=linear&endpointsOnly=1,tab=chart&time=earliest..latest&stackMode=absolute&xScale=log&yScale=linear&endpointsOnly=1,a78ff028c8a94fd1a4b65aa71cd51223,life-expectancy-vs-health-expenditure-e0e69ca57de0e8a46b54f193a71f40d8_v42_850x600.svg,13,72,508522680,650180
life-expectancy-vs-health-expenditure,ScatterPlot,tab=chart&time=earliest..latest&stackMode=absolute&xScale=log&yScale=linear&endpointsOnly=0,tab=chart&time=earliest..latest&stackMode=absolute&xScale=log&yScale=linear&endpointsOnly=0,c6d6e358a0d47ef03b9479d798a42e84,life-expectancy-vs-health-expenditure-3b0f995474364c6d426b8043ccc31416_v42_850x600.svg,20,102,785404704,650180
life-expectancy-vs-health-expenditure,ScatterPlot,tab=chart&time=earliest..latest&stackMode=absolute&xScale=log&yScale=log&endpointsOnly=1,tab=chart&time=earliest..latest&stackMode=absolute&xScale=log&yScale=log&endpointsOnly=1,6e17f2fcdde9e165351eb18dbf47a2a4,life-expectancy-vs-health-expenditure-e3ecad2463ed96bedf9b1256702880c1_v42_850x600.svg,20,82,562712448,650180
life-expectancy-vs-health-expenditure,ScatterPlot,tab=chart&time=earliest..latest&stackMode=absolute&xScale=log&yScale=log&endpointsOnly=0,tab=chart&time=earliest..latest&stackMode=absolute&xScale=log&yScale=log&endpointsOnly=0,3ef95f656f8e928495a8d9ec40ae8c82,life-expectancy-vs-health-expenditure-2179ff30e5f27442e154e704e6315666_v42_850x600.svg,22,96,663343400,650180
life-expectancy-vs-health-expenditure,ScatterPlot,tab=chart&time=earliest..latest&stackMode=relative&xScale=linear&yScale=linear&endpointsOnly=0,tab=chart&time=earliest..latest&stackMode=relative&xScale=linear&yScale=linear&endpointsOnly=0,94bca192e4d3f092af58df9b4c2e0b2e,life-expectancy-vs-health-expenditure-8c11f007e74b61e57592ac3545ea3dfc_v42_850x600.svg,15,68,745842376,650180
literate-and-illiterate-world-population,StackedArea,tab=chart&time=earliest..latest&stackMode=absolute&facet=none&uniformYAxis=0&focus=%3Cnone%3E,tab=chart&time=earliest..latest&stackMode=absolute&facet=none&uniformYAxis=0,07ad405eea0084d9e47504957977ffdd,literate-and-illiterate-world-population-75eb85d8825ab16ee5683894399929b3_v27_850x600.svg,6,46,547996688,135478
literate-and-illiterate-world-population,StackedArea,tab=chart&time=earliest..latest&stackMode=absolute&facet=none&uniformYAxis=0&focus=%3CfirstSeries%3E,tab=chart&time=earliest..latest&stackMode=absolute&facet=none&uniformYAxis=0&focus=Literate,a096e9ea49b9c6d4a22eb8370044914e,literate-and-illiterate-world-population-4b41477bc27dcee57bef0b216dab487c_v27_850x600.svg,7,54,603095544,135478
literate-and-illiterate-world-population,StackedArea,tab=chart&time=earliest..latest&stackMode=absolute&facet=entity&uniformYAxis=1&focus=%3Cnone%3E,tab=chart&time=earliest..latest&stackMode=absolute&facet=entity&uniformYAxis=1,736662421ee9ac606d09605f403ae709,literate-and-illiterate-world-population-bdb5edc1dff767e2744c007b5472f9f8_v27_850x600.svg,7,47,785477368,135478
literate-and-illiterate-world-population,StackedArea,tab=chart&time=earliest..latest&stackMode=absolute&facet=entity&uniformYAxis=0&focus=%3Cnone%3E,tab=chart&time=earliest..latest&stackMode=absolute&facet=entity&uniformYAxis=0,9ea637f4e2c4845e0781069f54d04982,literate-and-illiterate-world-population-fac36a053c698faed6910879e4bd08e8_v27_850x600.svg,5,48,539622216,135478
literate-and-illiterate-world-population,StackedArea,tab=chart&time=earliest..latest&stackMode=absolute&facet=metric&uniformYAxis=1&focus=%3Cnone%3E,tab=chart&time=earliest..latest&stackMode=absolute&facet=metric&uniformYAxis=1,50e086099a655cc80c8883a27d98f020,literate-and-illiterate-world-population-f1c8afce9af7f0e15378c72f98904283_v27_850x600.svg,8,55,768139744,135478
literate-and-illiterate-world-population,StackedArea,tab=chart&time=earliest..latest&stackMode=absolute&facet=metric&uniformYAxis=0&focus=%3Cnone%3E,tab=chart&time=earliest..latest&stackMode=absolute&facet=metric&uniformYAxis=0,c0084f02e1f38dd78d0c6ca092a78079,literate-and-illiterate-world-population-f82071396a1f567601b9a6c4e97be8ea_v27_850x600.svg,9,57,378205064,135478
literate-and-illiterate-world-population,StackedArea,tab=chart&time=earliest..latest&stackMode=relative&facet=none&uniformYAxis=0&focus=%3Cnone%3E,tab=chart&time=earliest..latest&stackMode=relative&facet=none&uniformYAxis=0,736ffb7d5042c3f35a5224889ef2b605,literate-and-illiterate-world-population-b0b0a5515a2b827c1ada39651942abe3_v27_850x600.svg,7,52,644735504,135478
literate-and-illiterate-world-population,StackedArea,tab=chart&time=earliest..latest&stackMode=relative&facet=entity&uniformYAxis=1&focus=%3Cnone%3E,tab=chart&time=earliest..latest&stackMode=relative&facet=entity&uniformYAxis=1,04fd87f8101f8753238b9fb39b9550e9,literate-and-illiterate-world-population-cefeef588ba8676d4c9f9d4025016171_v27_850x600.svg,7,47,774950936,135478
literate-and-illiterate-world-population,StackedArea,tab=chart&time=earliest..latest&stackMode=relative&facet=entity&uniformYAxis=0&focus=%3Cnone%3E,tab=chart&time=earliest..latest&stackMode=relative&facet=entity&uniformYAxis=0,5cc8bbd2a90ed01df483eeac3c3ad150,literate-and-illiterate-world-population-ef2e9d3d5b0a6a79bbf4f24a5363c1af_v27_850x600.svg,7,53,588973016,135478
literate-and-illiterate-world-population,StackedArea,tab=chart&time=earliest..latest&stackMode=relative&facet=metric&uniformYAxis=1&focus=%3Cnone%3E,tab=chart&time=earliest..latest&stackMode=relative&facet=metric&uniformYAxis=1,03e4461798d80ce001f068f898ce176c,literate-and-illiterate-world-population-a1a5970a3bc3027962425fb46fd31c44_v27_850x600.svg,5,42,578168736,135478
literate-and-illiterate-world-population,StackedArea,tab=chart&time=earliest..latest&stackMode=relative&facet=metric&uniformYAxis=0&focus=%3Cnone%3E,tab=chart&time=earliest..latest&stackMode=relative&facet=metric&uniformYAxis=0,720d7ccdd78aba3955653b2aa32c7fdb,literate-and-illiterate-world-population-11fec5f29f3282aadd146f8733ff5269_v27_850x600.svg,7,45,807366744,135478
maternal-mortality-slope-chart,SlopeChart,tab=chart&time=earliest..latest&yScale=linear&focus=%3Cnone%3E,tab=chart&time=earliest..latest&yScale=linear,282270cab664a3b72e7920a657935256,maternal-mortality-slope-chart-fedfee7f4e8999a57e3ae8334834369b_v30_850x600.svg,25,53,366750080,491220
maternal-mortality-slope-chart,SlopeChart,tab=chart&time=earliest..latest&yScale=linear&focus=%3CfirstSeries%3E,tab=chart&time=earliest..latest&yScale=linear&focus=Low-income+countries,b6e2dbf0840d26851ffad4e4c7dafc0b,maternal-mortality-slope-chart-78e0a8ff7f52ff14996bffdc5932e1bd_v30_850x600.svg,26,62,632919696,491220
maternal-mortality-slope-chart,SlopeChart,tab=chart&time=earliest..latest&yScale=log&focus=%3Cnone%3E,tab=chart&time=earliest..latest&yScale=log,3f76677764066d24d3d4fdccd0cbbd30,maternal-mortality-slope-chart-3e8c6681823c7bb7b99e8e2f95595463_v30_850x600.svg,24,46,812869408,491220
mismanaged-plastic-waste-per-capita,DiscreteBar,tab=chart&time=earliest&facet=none&focus=%3Cnone%3E,tab=chart&time=earliest&facet=none,47718cb38a621a69a3ddd541caa71ec9,mismanaged-plastic-waste-per-capita-5ad5324a3e7cb4744cafd0292784aeb4_v16_850x600.svg,2,12,550686360,5595
mismanaged-plastic-waste-per-capita,DiscreteBar,tab=chart&time=earliest&facet=none&focus=%3CfirstSeries%3E,tab=chart&time=earliest&facet=none&focus=Brazil,6c5e9719a530179c37cf39df8aa60fe4,mismanaged-plastic-waste-per-capita-8da414d3fdf2d6e7692e0c398684b354_v16_850x600.svg,2,21,595676680,5595
mismanaged-plastic-waste-per-capita,DiscreteBar,tab=chart&time=earliest&facet=entity&focus=%3Cnone%3E,tab=chart&time=earliest&facet=entity,f7a3cd2dc1de428a375f41cf5219d6de,mismanaged-plastic-waste-per-capita-fcfab55d63e48011e9b36e60b315e6c4_v16_850x600.svg,2,18,814048232,5595
mismanaged-plastic-waste-per-capita,DiscreteBar,tab=chart&time=earliest&facet=metric&focus=%3Cnone%3E,tab=chart&time=earliest&facet=metric,b7695143f19ee91c0971f44f285fd69a,mismanaged-plastic-waste-per-capita-6105422927fa62c87e79cf6af0865bd4_v16_850x600.svg,3,12,557323872,5595
mismanaged-plastic-waste-per-capita,DiscreteBar,tab=chart&time=latest&facet=none&focus=%3Cnone%3E,tab=chart&time=latest&facet=none,3cc5155a3d585664385eaf82398028d8,mismanaged-plastic-waste-per-capita-02afa8dd2efa0f8e76ff495d3c36b022_v16_850x600.svg,3,13,373470688,5595
mismanaged-plastic-waste-per-capita,DiscreteBar,tab=chart&time=latest&facet=none&focus=%3CfirstSeries%3E,tab=chart&time=latest&facet=none&focus=Brazil,7bd2b4881158e19a71c628584a9d906d,mismanaged-plastic-waste-per-capita-3622199abf4439bf04f86d416471a45b_v16_850x600.svg,2,12,602325128,5595
mismanaged-plastic-waste-per-capita,DiscreteBar,tab=chart&time=latest&facet=entity&focus=%3Cnone%3E,tab=chart&time=latest&facet=entity,6db95c4fa55bfe0cbdd6d4f1bcd4a975,mismanaged-plastic-waste-per-capita-abf9330721887f4501456e22b3da29b6_v16_850x600.svg,2,10,563945592,5595
mismanaged-plastic-waste-per-capita,DiscreteBar,tab=chart&time=latest&facet=metric&focus=%3Cnone%3E,tab=chart&time=latest&facet=metric,8e636135cba32a8c0c05ad951b4f2c99,mismanaged-plastic-waste-per-capita-0cd159859e5c409d35d40d6d91fd8b6f_v16_850x600.svg,2,12,785433960,5595
multidimensional-poverty-index-mpi,Marimekko,tab=chart&time=earliest&stackMode=absolute&showNoDataArea=1,tab=chart&time=earliest&stackMode=absolute&showNoDataArea=1,44a847410ecf4fbbc61478c3d385bcf1,multidimensional-poverty-index-mpi-241409b3746c788e4acd939b8b33bc31_v41_850x600.svg,2,26,386336896,13187
multidimensional-poverty-index-mpi,Marimekko,tab=chart&time=earliest&stackMode=absolute&showNoDataArea=0,tab=chart&time=earliest&stackMode=absolute&showNoDataArea=0,63a5a910abb55817303cbcc7c7ecde6d,multidimensional-poverty-index-mpi-a4125f55250928f556fd492aa291c876_v41_850x600.svg,2,28,648149360,13187
multidimensional-poverty-index-mpi,Marimekko,tab=chart&time=earliest&stackMode=relative&showNoDataArea=1,tab=chart&time=earliest&stackMode=relative&showNoDataArea=1,8ac3a8925f41b1d2f67483c56376b82e,multidimensional-poverty-index-mpi-bd36a6ff48d328b07e6f43ed3299fde2_v41_850x600.svg,2,26,616140384,13187
multidimensional-poverty-index-mpi,Marimekko,tab=chart&time=earliest&stackMode=relative&showNoDataArea=0,tab=chart&time=earliest&stackMode=relative&showNoDataArea=0,7cd3cd4afcb20fdba166814ec4329ee8,multidimensional-poverty-index-mpi-e1acf2328eecf43659fcecf28abc2c0c_v41_850x600.svg,3,27,579051472,13187
multidimensional-poverty-index-mpi,Marimekko,tab=chart&time=latest&stackMode=absolute&showNoDataArea=1,tab=chart&time=latest&stackMode=absolute&showNoDataArea=1,667452cdab74df52f3d9683ef477f35d,multidimensional-poverty-index-mpi-6a32c66e3623fda65fb9b44d9994515f_v41_850x600.svg,2,26,799121584,13187
multidimensional-poverty-index-mpi,Marimekko,tab=chart&time=latest&stackMode=absolute&showNoDataArea=0,tab=chart&time=latest&stackMode=absolute&showNoDataArea=0,ead2af8bcb267abdbb297b0e5b702b52,multidimensional-poverty-index-mpi-fcfced7a079bead6b5c18accbd776a61_v41_850x600.svg,2,23,787236096,13187
multidimensional-poverty-index-mpi,Marimekko,tab=chart&time=latest&stackMode=relative&showNoDataArea=1,tab=chart&time=latest&stackMode=relative&showNoDataArea=1,349ed413cd7bf6669dda66bfbe7d57fc,multidimensional-poverty-index-mpi-6ac59886d82f0751d503812ecf6e309a_v41_850x600.svg,2,26,661821904,13187
multidimensional-poverty-index-mpi,Marimekko,tab=chart&time=latest&stackMode=relative&showNoDataArea=0,tab=chart&time=latest&stackMode=relative&showNoDataArea=0,fff7e6580f7dcf55f83101b3ec6091d6,multidimensional-poverty-index-mpi-1756c7e7d468dcb830038097a0a431ae_v41_850x600.svg,1,25,356301384,13187
natural-disasters-by-type,StackedBar,tab=chart&time=earliest..latest&stackMode=absolute&facet=none&uniformYAxis=0&focus=%3Cnone%3E,tab=chart&time=earliest..latest&stackMode=absolute&facet=none&uniformYAxis=0,2508aab74b769c37a68640790fca308d,natural-disasters-by-type-75eb85d8825ab16ee5683894399929b3_v26_850x600.svg,3,24,595734648,33159
natural-disasters-by-type,StackedBar,tab=chart&time=earliest..latest&stackMode=absolute&facet=none&uniformYAxis=0&focus=%3CfirstSeries%3E,tab=chart&time=earliest..latest&stackMode=absolute&facet=none&uniformYAxis=0&focus=Wildfire,eba07a25c8ca77987255475e453c13df,natural-disasters-by-type-84552ab9093e66cedceedcdf960f4233_v26_850x600.svg,4,30,603515176,33159
natural-disasters-by-type,StackedBar,tab=chart&time=earliest..latest&stackMode=absolute&facet=entity&uniformYAxis=1&focus=%3Cnone%3E,tab=chart&time=earliest..latest&stackMode=absolute&facet=entity&uniformYAxis=1,a0c5db936bb947f61ae86b19e959d9d5,natural-disasters-by-type-bdb5edc1dff767e2744c007b5472f9f8_v26_850x600.svg,3,74,788884464,33159
natural-disasters-by-type,StackedBar,tab=chart&time=earliest..latest&stackMode=absolute&facet=entity&uniformYAxis=0&focus=%3Cnone%3E,tab=chart&time=earliest..latest&stackMode=absolute&facet=entity&uniformYAxis=0,0c06d96e160b15783276ed931d790138,natural-disasters-by-type-fac36a053c698faed6910879e4bd08e8_v26_850x600.svg,4,83,805711240,33159
natural-disasters-by-type,StackedBar,tab=chart&time=earliest..latest&stackMode=absolute&facet=metric&uniformYAxis=1&focus=%3Cnone%3E,tab=chart&time=earliest..latest&stackMode=absolute&facet=metric&uniformYAxis=1,7c52c93887fb16c29c3c751ee33fa26e,natural-disasters-by-type-f1c8afce9af7f0e15378c72f98904283_v26_850x600.svg,3,34,637416712,33159
natural-disasters-by-type,StackedBar,tab=chart&time=earliest..latest&stackMode=absolute&facet=metric&uniformYAxis=0&focus=%3Cnone%3E,tab=chart&time=earliest..latest&stackMode=absolute&facet=metric&uniformYAxis=0,05c977c0346e6e63a0d548ca74f52bb7,natural-disasters-by-type-f82071396a1f567601b9a6c4e97be8ea_v26_850x600.svg,4,31,373039008,33159
natural-disasters-by-type,StackedBar,tab=chart&time=earliest..latest&stackMode=relative&facet=none&uniformYAxis=0&focus=%3Cnone%3E,tab=chart&time=earliest..latest&stackMode=relative&facet=none&uniformYAxis=0,5b11a85b78e1e5b9f33815be397a5fac,natural-disasters-by-type-b0b0a5515a2b827c1ada39651942abe3_v26_850x600.svg,4,26,573080064,33159
natural-disasters-by-type,StackedBar,tab=chart&time=earliest..latest&stackMode=relative&facet=entity&uniformYAxis=1&focus=%3Cnone%3E,tab=chart&time=earliest..latest&stackMode=relative&facet=entity&uniformYAxis=1,629edc6c57597aad04d52cc2158b5757,natural-disasters-by-type-cefeef588ba8676d4c9f9d4025016171_v26_850x600.svg,4,79,604088688,33159
natural-disasters-by-type,StackedBar,tab=chart&time=earliest..latest&stackMode=relative&facet=entity&uniformYAxis=0&focus=%3Cnone%3E,tab=chart&time=earliest..latest&stackMode=relative&facet=entity&uniformYAxis=0,ecbbeaa33d94075515aa1cf8432a73c2,natural-disasters-by-type-ef2e9d3d5b0a6a79bbf4f24a5363c1af_v26_850x600.svg,3,71,574952584,33159
natural-disasters-by-type,StackedBar,tab=chart&time=earliest..latest&stackMode=relative&facet=metric&uniformYAxis=1&focus=%3Cnone%3E,tab=chart&time=earliest..latest&stackMode=relative&facet=metric&uniformYAxis=1,70ccdf97259fbcf9f00226daa1487aee,natural-disasters-by-type-a1a5970a3bc3027962425fb46fd31c44_v26_850x600.svg,4,32,654179216,33159
natural-disasters-by-type,StackedBar,tab=chart&time=earliest..latest&stackMode=relative&facet=metric&uniformYAxis=0&focus=%3Cnone%3E,tab=chart&time=earliest..latest&stackMode=relative&facet=metric&uniformYAxis=0,e36fcf164b1a6a3b728b8cd143ce23f9,natural-disasters-by-type-11fec5f29f3282aadd146f8733ff5269_v26_850x600.svg,4,31,389514272,33159
nuclear-warhead-inventories,StackedDiscreteBar,tab=chart&time=earliest&stackMode=absolute&facet=none&focus=%3Cnone%3E,tab=chart&time=earliest&stackMode=absolute&facet=none,a3a091c2d0213b775e205eb9e8f0e9f0,nuclear-warhead-inventories-a6b0c4e3db34a5e2fc32ca3bac8c4a17_v75_850x600.svg,2,17,797526464,1177
nuclear-warhead-inventories,StackedDiscreteBar,tab=chart&time=earliest&stackMode=absolute&facet=none&focus=%3CfirstSeries%3E,tab=chart&time=earliest&stackMode=absolute&facet=none&focus=Deployed+strategic+warheads,553069ac8d85946ab2d812cb3df0745e,nuclear-warhead-inventories-bb1984dcd1c4c5366e844535c0a60404_v75_850x600.svg,3,16,814355296,1177
nuclear-warhead-inventories,StackedDiscreteBar,tab=chart&time=earliest&stackMode=absolute&facet=entity&focus=%3Cnone%3E,tab=chart&time=earliest&stackMode=absolute&facet=entity,6f549aec7ec34b2fdd889b2722e587f7,nuclear-warhead-inventories-877a9b6d076238fb08b171b77fe1fe4a_v75_850x600.svg,2,16,662855904,1177
nuclear-warhead-inventories,StackedDiscreteBar,tab=chart&time=earliest&stackMode=absolute&facet=metric&focus=%3Cnone%3E,tab=chart&time=earliest&stackMode=absolute&facet=metric,558327a95095018913c4f9f4de4dea21,nuclear-warhead-inventories-9f40fe5d548a77f9c83a5583ef868b22_v75_850x600.svg,2,25,366513864,1177
nuclear-warhead-inventories,StackedDiscreteBar,tab=chart&time=earliest&stackMode=relative&facet=none&focus=%3Cnone%3E,tab=chart&time=earliest&stackMode=relative&facet=none,39cbf61c5769ad9fb8cd4cd44e7bca83,nuclear-warhead-inventories-14c6ad9463aea3c92a5d1278a5f2a46e_v75_850x600.svg,3,15,806845016,1177
nuclear-warhead-inventories,StackedDiscreteBar,tab=chart&time=earliest&stackMode=relative&facet=entity&focus=%3Cnone%3E,tab=chart&time=earliest&stackMode=relative&facet=entity,f09c9dbbee3acf22a491d8c92fa49a2c,nuclear-warhead-inventories-78b3b21507554bdf10b4682184459c8d_v75_850x600.svg,3,17,823573616,1177
nuclear-warhead-inventories,StackedDiscreteBar,tab=chart&time=earliest&stackMode=relative&facet=metric&focus=%3Cnone%3E,tab=chart&time=earliest&stackMode=relative&facet=metric,05db2d341fdb44cab0d0e64edb9d2018,nuclear-warhead-inventories-9e83ff3b0bce978ecdb9211188c79332_v75_850x600.svg,2,25,679468328,1177
nuclear-warhead-inventories,StackedDiscreteBar,tab=chart&time=latest&stackMode=absolute&facet=none&focus=%3Cnone%3E,tab=chart&time=latest&stackMode=absolute&facet=none,97816eb7ed816beed34edd5128acedcf,nuclear-warhead-inventories-5f578d8557ce718b2eb5406357c7da32_v75_850x600.svg,3,14,815434496,1177
nuclear-warhead-inventories,StackedDiscreteBar,tab=chart&time=latest&stackMode=absolute&facet=none&focus=%3CfirstSeries%3E,tab=chart&time=latest&stackMode=absolute&facet=none&focus=Deployed+strategic+warheads,d42c418b1686f6301ff75b5fc75eb4bc,nuclear-warhead-inventories-1b19e732a9c322da05abc483c0460f93_v75_850x600.svg,2,18,612776424,1177
nuclear-warhead-inventories,StackedDiscreteBar,tab=chart&time=latest&stackMode=absolute&facet=entity&focus=%3Cnone%3E,tab=chart&time=latest&stackMode=absolute&facet=entity,84f342e11ca6344f8d562bf7828da3b7,nuclear-warhead-inventories-b759ed343f48c8a07c19fb5c0bccd793_v75_850x600.svg,2,15,375128928,1177
nuclear-warhead-inventories,StackedDiscreteBar,tab=chart&time=latest&stackMode=absolute&facet=metric&focus=%3Cnone%3E,tab=chart&time=latest&stackMode=absolute&facet=metric,82fb8e76c8ed33384ea156c1674c19d8,nuclear-warhead-inventories-c7d53f92b7b797aad36521ae859fba9d_v75_850x600.svg,2,28,840204936,1177
nuclear-warhead-inventories,StackedDiscreteBar,tab=chart&time=latest&stackMode=relative&facet=none&focus=%3Cnone%3E,tab=chart&time=latest&stackMode=relative&facet=none,3f45a78b499bf64e3e88f2e2684b1f59,nuclear-warhead-inventories-173f88704c2c24ff6b07444f4507ddc0_v75_850x600.svg,2,15,824656896,1177
nuclear-warhead-inventories,StackedDiscreteBar,tab=chart&time=latest&stackMode=relative&facet=entity&focus=%3Cnone%3E,tab=chart&time=latest&stackMode=relative&facet=entity,db185512f0094eb4b71455acd879c5c1,nuclear-warhead-inventories-dffeae05c46f75bafe6cea2a3618bd03_v75_850x600.svg,3,16,584190672,1177
nuclear-warhead-inventories,StackedDiscreteBar,tab=chart&time=latest&stackMode=relative&facet=metric&focus=%3Cnone%3E,tab=chart&time=latest&stackMode=relative&facet=metric,2f6e6a437ff725bec9aed00efb07cb16,nuclear-warhead-inventories-9b04153fbeee08cd599fd7a918f303dd_v75_850x600.svg,2,27,629518784,1177
number-of-armed-conflicts,StackedBar,tab=chart&time=earliest..latest&stackMode=absolute&facet=none&uniformYAxis=0&focus=%3Cnone%3E,tab=chart&time=earliest..latest&stackMode=absolute&facet=none&uniformYAxis=0,f9762fda592d5cbe918bf740bf2b4b7a,number-of-armed-conflicts-75eb85d8825ab16ee5683894399929b3_v51_850x600.svg,38,58,362675232,1025514
number-of-armed-conflicts,StackedBar,tab=chart&time=earliest..latest&stackMode=absolute&facet=none&uniformYAxis=0&focus=%3CfirstSeries%3E,tab=chart&time=earliest..latest&stackMode=absolute&facet=none&uniformYAxis=0&focus=Interstate,d8815a25d528d8668b1ef4a4cccee224,number-of-armed-conflicts-063aa97cbd568e23046bc2a0f7759329_v51_850x600.svg,29,46,679638976,1025514
number-of-armed-conflicts,StackedBar,tab=chart&time=earliest..latest&stackMode=absolute&facet=entity&uniformYAxis=1&focus=%3Cnone%3E,tab=chart&time=earliest..latest&stackMode=absolute&facet=entity&uniformYAxis=1,2bc6c7b83bc111a0d792cb12d03585b1,number-of-armed-conflicts-bdb5edc1dff767e2744c007b5472f9f8_v51_850x600.svg,22,36,810753536,1025514
number-of-armed-conflicts,StackedBar,tab=chart&time=earliest..latest&stackMode=absolute&facet=entity&uniformYAxis=0&focus=%3Cnone%3E,tab=chart&time=earliest..latest&stackMode=absolute&facet=entity&uniformYAxis=0,81a7faacdaac8ed4081188f92037e845,number-of-armed-conflicts-fac36a053c698faed6910879e4bd08e8_v51_850x600.svg,18,33,616294256,1025514
number-of-armed-conflicts,StackedBar,tab=chart&time=earliest..latest&stackMode=absolute&facet=metric&uniformYAxis=1&focus=%3Cnone%3E,tab=chart&time=earliest..latest&stackMode=absolute&facet=metric&uniformYAxis=1,b2529d1130724b861e3afd1d4820d31c,number-of-armed-conflicts-f1c8afce9af7f0e15378c72f98904283_v51_850x600.svg,29,59,850499704,1025514
number-of-armed-conflicts,StackedBar,tab=chart&time=earliest..latest&stackMode=absolute&facet=metric&uniformYAxis=0&focus=%3Cnone%3E,tab=chart&time=earliest..latest&stackMode=absolute&facet=metric&uniformYAxis=0,aaf92e86ad9cf9ae46dfacc19534102f,number-of-armed-conflicts-f82071396a1f567601b9a6c4e97be8ea_v51_850x600.svg,29,63,626402448,1025514
number-of-armed-conflicts,StackedBar,tab=chart&time=earliest..latest&stackMode=relative&facet=none&uniformYAxis=0&focus=%3Cnone%3E,tab=chart&time=earliest..latest&stackMode=relative&facet=none&uniformYAxis=0,f3b527b5b4304cbcb99419c4c0b57d93,number-of-armed-conflicts-b0b0a5515a2b827c1ada39651942abe3_v51_850x600.svg,18,33,842912400,1025514
number-of-armed-conflicts,StackedBar,tab=chart&time=earliest..latest&stackMode=relative&facet=entity&uniformYAxis=1&focus=%3Cnone%3E,tab=chart&time=earliest..latest&stackMode=relative&facet=entity&uniformYAxis=1,1ac79f7195f48c4652a389c00e0a5a1c,number-of-armed-conflicts-cefeef588ba8676d4c9f9d4025016171_v51_850x600.svg,18,32,608173216,1025514
number-of-armed-conflicts,StackedBar,tab=chart&time=earliest..latest&stackMode=relative&facet=entity&uniformYAxis=0&focus=%3Cnone%3E,tab=chart&time=earliest..latest&stackMode=relative&facet=entity&uniformYAxis=0,d293e895076535ca2020a3b46f02b684,number-of-armed-conflicts-ef2e9d3d5b0a6a79bbf4f24a5363c1af_v51_850x600.svg,25,46,656899072,1025514
number-of-armed-conflicts,StackedBar,tab=chart&time=earliest..latest&stackMode=relative&facet=metric&uniformYAxis=1&focus=%3Cnone%3E,tab=chart&time=earliest..latest&stackMode=relative&facet=metric&uniformYAxis=1,6b82ae861a3c791cb89a4eb438703892,number-of-armed-conflicts-a1a5970a3bc3027962425fb46fd31c44_v51_850x600.svg,30,57,411719056,1025514
number-of-armed-conflicts,StackedBar,tab=chart&time=earliest..latest&stackMode=relative&facet=metric&uniformYAxis=0&focus=%3Cnone%3E,tab=chart&time=earliest..latest&stackMode=relative&facet=metric&uniformYAxis=0,50f1b1ae78418eefdb770071463e8558,number-of-armed-conflicts-11fec5f29f3282aadd146f8733ff5269_v51_850x600.svg,20,43,828141616,1025514
number-of-deaths-by-risk-factor,DiscreteBar,tab=chart&time=earliest&facet=none&focus=%3Cnone%3E,tab=chart&time=earliest&facet=none,de5d54ed6115d37268391cd93b4a1207,number-of-deaths-by-risk-factor-5ad5324a3e7cb4744cafd0292784aeb4_v47_850x600.svg,145,175,856502224,6480292
number-of-deaths-by-risk-factor,DiscreteBar,tab=chart&time=earliest&facet=none&focus=%3CfirstSeries%3E,tab=chart&time=earliest&facet=none&focus=High+blood+pressure,e1eda896e2646ea0071713cc03e79382,number-of-deaths-by-risk-factor-961b076b5795593f4d85b735fc3fc3ed_v47_850x600.svg,80,102,615587024,6480292
number-of-deaths-by-risk-factor,DiscreteBar,tab=chart&time=earliest&facet=entity&focus=%3Cnone%3E,tab=chart&time=earliest&facet=entity,db6d03b0788785aa3958cff2dd9ed77c,number-of-deaths-by-risk-factor-fcfab55d63e48011e9b36e60b315e6c4_v47_850x600.svg,164,187,684716072,6480292
number-of-deaths-by-risk-factor,DiscreteBar,tab=chart&time=earliest&facet=metric&focus=%3Cnone%3E,tab=chart&time=earliest&facet=metric,a864c8bde38df71a6e441ea43925167b,number-of-deaths-by-risk-factor-6105422927fa62c87e79cf6af0865bd4_v47_850x600.svg,167,186,713080072,6480292
number-of-deaths-by-risk-factor,DiscreteBar,tab=chart&time=latest&facet=none&focus=%3Cnone%3E,tab=chart&time=latest&facet=none,06aa56451553e1ae6677655c21db6da8,number-of-deaths-by-risk-factor-02afa8dd2efa0f8e76ff495d3c36b022_v47_850x600.svg,146,166,431975208,6480292
number-of-deaths-by-risk-factor,DiscreteBar,tab=chart&time=latest&facet=none&focus=%3CfirstSeries%3E,tab=chart&time=latest&facet=none&focus=High+blood+pressure,910e1e87f37cd0444fd1b5be36f351da,number-of-deaths-by-risk-factor-bd90b18eb33531bfe5c9791af52c22f3_v47_850x600.svg,105,136,845928096,6480292
number-of-deaths-by-risk-factor,DiscreteBar,tab=chart&time=latest&facet=entity&focus=%3Cnone%3E,tab=chart&time=latest&facet=entity,28684e6d671b670c2e05dc1b222971af,number-of-deaths-by-risk-factor-abf9330721887f4501456e22b3da29b6_v47_850x600.svg,109,127,686520672,6480292
number-of-deaths-by-risk-factor,DiscreteBar,tab=chart&time=latest&facet=metric&focus=%3Cnone%3E,tab=chart&time=latest&facet=metric,6fee0c2f42b7fc1ea0a49125842e7fb6,number-of-deaths-by-risk-factor-0cd159859e5c409d35d40d6d91fd8b6f_v47_850x600.svg,134,153,913865432,6480292
number-of-nuclear-weapons-tests,StackedBar,tab=chart&time=earliest..latest&stackMode=absolute&facet=none&uniformYAxis=0&focus=%3Cnone%3E,tab=chart&time=earliest..latest&stackMode=absolute&facet=none&uniformYAxis=0,d19d7d5f756e7b4599981c5f66f79322,number-of-nuclear-weapons-tests-75eb85d8825ab16ee5683894399929b3_v27_850x600.svg,4,28,865336112,16286
number-of-nuclear-weapons-tests,StackedBar,tab=chart&time=earliest..latest&stackMode=absolute&facet=none&uniformYAxis=0&focus=%3CfirstSeries%3E,tab=chart&time=earliest..latest&stackMode=absolute&facet=none&uniformYAxis=0&focus=United+States,88c085a8b4a1567f49378796289c69b7,number-of-nuclear-weapons-tests-0a1c62e0bfd069d62c7758d4dbdcc0a7_v27_850x600.svg,5,48,704701496,16286
number-of-nuclear-weapons-tests,StackedBar,tab=chart&time=earliest..latest&stackMode=absolute&facet=entity&uniformYAxis=1&focus=%3Cnone%3E,tab=chart&time=earliest..latest&stackMode=absolute&facet=entity&uniformYAxis=1,5bfd116baa39114e7427a161be069d95,number-of-nuclear-weapons-tests-bdb5edc1dff767e2744c007b5472f9f8_v27_850x600.svg,4,80,709648680,16286
number-of-nuclear-weapons-tests,StackedBar,tab=chart&time=earliest..latest&stackMode=absolute&facet=entity&uniformYAxis=0&focus=%3Cnone%3E,tab=chart&time=earliest..latest&stackMode=absolute&facet=entity&uniformYAxis=0,7cb815029fd55881d8005a711cb5cc71,number-of-nuclear-weapons-tests-fac36a053c698faed6910879e4bd08e8_v27_850x600.svg,4,68,861134336,16286
number-of-nuclear-weapons-tests,StackedBar,tab=chart&time=earliest..latest&stackMode=absolute&facet=metric&uniformYAxis=1&focus=%3Cnone%3E,tab=chart&time=earliest..latest&stackMode=absolute&facet=metric&uniformYAxis=1,ebe8a2e1460cf7cd727ec828553bc154,number-of-nuclear-weapons-tests-f1c8afce9af7f0e15378c72f98904283_v27_850x600.svg,4,32,418841152,16286
number-of-nuclear-weapons-tests,StackedBar,tab=chart&time=earliest..latest&stackMode=absolute&facet=metric&uniformYAxis=0&focus=%3Cnone%3E,tab=chart&time=earliest..latest&stackMode=absolute&facet=metric&uniformYAxis=0,c3cb68aff4a60a9ea4e8d575074d0005,number-of-nuclear-weapons-tests-f82071396a1f567601b9a6c4e97be8ea_v27_850x600.svg,5,31,660565944,16286
number-of-nuclear-weapons-tests,StackedBar,tab=chart&time=earliest..latest&stackMode=relative&facet=none&uniformYAxis=0&focus=%3Cnone%3E,tab=chart&time=earliest..latest&stackMode=relative&facet=none&uniformYAxis=0,d0fcde9fcedf651c41cb50e00c08afb5,number-of-nuclear-weapons-tests-b0b0a5515a2b827c1ada39651942abe3_v27_850x600.svg,6,28,435685808,16286
number-of-nuclear-weapons-tests,StackedBar,tab=chart&time=earliest..latest&stackMode=relative&facet=entity&uniformYAxis=1&focus=%3Cnone%3E,tab=chart&time=earliest..latest&stackMode=relative&facet=entity&uniformYAxis=1,5423cfbd9eae1b698d1da53e8e3c36f8,number-of-nuclear-weapons-tests-cefeef588ba8676d4c9f9d4025016171_v27_850x600.svg,6,77,207683144,16286
number-of-nuclear-weapons-tests,StackedBar,tab=chart&time=earliest..latest&stackMode=relative&facet=entity&uniformYAxis=0&focus=%3Cnone%3E,tab=chart&time=earliest..latest&stackMode=relative&facet=entity&uniformYAxis=0,95a64daa852dfa4add8e8efea144ba87,number-of-nuclear-weapons-tests-ef2e9d3d5b0a6a79bbf4f24a5363c1af_v27_850x600.svg,3,58,905621128,16286
number-of-nuclear-weapons-tests,StackedBar,tab=chart&time=earliest..latest&stackMode=relative&facet=metric&uniformYAxis=1&focus=%3Cnone%3E,tab=chart&time=earliest..latest&stackMode=relative&facet=metric&uniformYAxis=1,4bfde4fedcfa30c056a7882b44ab82be,number-of-nuclear-weapons-tests-a1a5970a3bc3027962425fb46fd31c44_v27_850x600.svg,3,28,726874056,16286
number-of-nuclear-weapons-tests,StackedBar,tab=chart&time=earliest..latest&stackMode=relative&facet=metric&uniformYAxis=0&focus=%3Cnone%3E,tab=chart&time=earliest..latest&stackMode=relative&facet=metric&uniformYAxis=0,47c3a8dd4ccc222f15fa345144bfd574,number-of-nuclear-weapons-tests-11fec5f29f3282aadd146f8733ff5269_v27_850x600.svg,4,27,452488216,16286
per-capita-co2-region,Marimekko,tab=chart&time=earliest&stackMode=absolute&showNoDataArea=1,tab=chart&time=earliest&stackMode=absolute&showNoDataArea=1,875fb9ca93642723da126a47d4aa28ca,per-capita-co2-region-241409b3746c788e4acd939b8b33bc31_v29_850x600.svg,54,69,715889944,2731456
per-capita-co2-region,Marimekko,tab=chart&time=earliest&stackMode=absolute&showNoDataArea=0,tab=chart&time=earliest&stackMode=absolute&showNoDataArea=0,611e79da024a44b31581ef8ef21950c9,per-capita-co2-region-a4125f55250928f556fd492aa291c876_v29_850x600.svg,78,95,742346464,2731456
per-capita-co2-region,Marimekko,tab=chart&time=earliest&stackMode=relative&showNoDataArea=1,tab=chart&time=earliest&stackMode=relative&showNoDataArea=1,83908bfcbf40252104294dc4868a4b83,per-capita-co2-region-bd36a6ff48d328b07e6f43ed3299fde2_v29_850x600.svg,70,85,463331240,2731456
per-capita-co2-region,Marimekko,tab=chart&time=earliest&stackMode=relative&showNoDataArea=0,tab=chart&time=earliest&stackMode=relative&showNoDataArea=0,21593164a6df58f9ab44fa3ba04a7318,per-capita-co2-region-e1acf2328eecf43659fcecf28abc2c0c_v29_850x600.svg,88,107,221850408,2731456
per-capita-co2-region,Marimekko,tab=chart&time=latest&stackMode=absolute&showNoDataArea=1,tab=chart&time=latest&stackMode=absolute&showNoDataArea=1,8340702e243bfbeb8c7932f7cb878176,per-capita-co2-region-6a32c66e3623fda65fb9b44d9994515f_v29_850x600.svg,79,94,908554776,2731456
per-capita-co2-region,Marimekko,tab=chart&time=latest&stackMode=absolute&showNoDataArea=0,tab=chart&time=latest&stackMode=absolute&showNoDataArea=0,f66cf3917a23d85744cdb0e69020b862,per-capita-co2-region-fcfced7a079bead6b5c18accbd776a61_v29_850x600.svg,52,67,915005904,2731456
per-capita-co2-region,Marimekko,tab=chart&time=latest&stackMode=relative&showNoDataArea=1,tab=chart&time=latest&stackMode=relative&showNoDataArea=1,2b01bb9a834463286998e15be8466df2,per-capita-co2-region-6ac59886d82f0751d503812ecf6e309a_v29_850x600.svg,60,73,693410072,2731456
per-capita-co2-region,Marimekko,tab=chart&time=latest&stackMode=relative&showNoDataArea=0,tab=chart&time=latest&stackMode=relative&showNoDataArea=0,4e7b256d8e825cbf265bc312f24535ac,per-capita-co2-region-1756c7e7d468dcb830038097a0a431ae_v29_850x600.svg,72,89,519914104,2731456
per-capita-energy-stacked,StackedDiscreteBar,tab=chart&time=earliest&stackMode=absolute&facet=none&focus=%3Cnone%3E,tab=chart&time=earliest&stackMode=absolute&facet=none,70e4ac766110c082b28330d282e10e22,per-capita-energy-stacked-a6b0c4e3db34a5e2fc32ca3bac8c4a17_v24_850x600.svg,27,44,876277368,1420428
per-capita-energy-stacked,StackedDiscreteBar,tab=chart&time=earliest&stackMode=absolute&facet=none&focus=%3CfirstSeries%3E,tab=chart&time=earliest&stackMode=absolute&facet=none&focus=Coal,a63a09bd3e84c76636134e5932b80944,per-capita-energy-stacked-c657adb3ceab44e8f6c9fe7053911669_v24_850x600.svg,36,51,793080296,1420428
per-capita-energy-stacked,StackedDiscreteBar,tab=chart&time=earliest&stackMode=absolute&facet=entity&focus=%3Cnone%3E,tab=chart&time=earliest&stackMode=absolute&facet=entity,fa15afad540cbe855667341e1a519256,per-capita-energy-stacked-877a9b6d076238fb08b171b77fe1fe4a_v24_850x600.svg,27,40,732726296,1420428
per-capita-energy-stacked,StackedDiscreteBar,tab=chart&time=earliest&stackMode=absolute&facet=metric&focus=%3Cnone%3E,tab=chart&time=earliest&stackMode=absolute&facet=metric,941cf9a7dda5848a98fb245c90c8a9d4,per-capita-energy-stacked-9f40fe5d548a77f9c83a5583ef868b22_v24_850x600.svg,36,56,965851640,1420428
per-capita-energy-stacked,StackedDiscreteBar,tab=chart&time=earliest&stackMode=relative&facet=none&focus=%3Cnone%3E,tab=chart&time=earliest&stackMode=relative&facet=none,25f23cb552c33e276f9e6743510e2a5a,per-capita-energy-stacked-14c6ad9463aea3c92a5d1278a5f2a46e_v24_850x600.svg,51,68,230106648,1420428
per-capita-energy-stacked,StackedDiscreteBar,tab=chart&time=earliest&stackMode=relative&facet=entity&focus=%3Cnone%3E,tab=chart&time=earliest&stackMode=relative&facet=entity,bfd11bbb6cb82e87c23eee734ab4f659,per-capita-energy-stacked-78b3b21507554bdf10b4682184459c8d_v24_850x600.svg,30,47,917847704,1420428
per-capita-energy-stacked,StackedDiscreteBar,tab=chart&time=earliest&stackMode=relative&facet=metric&focus=%3Cnone%3E,tab=chart&time=earliest&stackMode=relative&facet=metric,249bcb8984215bffac782c4cf4afd354,per-capita-energy-stacked-9e83ff3b0bce978ecdb9211188c79332_v24_850x600.svg,35,56,799337968,1420428
per-capita-energy-stacked,StackedDiscreteBar,tab=chart&time=latest&stackMode=absolute&facet=none&focus=%3Cnone%3E,tab=chart&time=latest&stackMode=absolute&facet=none,e4d22cbcd5874fa5cee7622f180b9295,per-capita-energy-stacked-5f578d8557ce718b2eb5406357c7da32_v24_850x600.svg,27,45,725696824,1420428
per-capita-energy-stacked,StackedDiscreteBar,tab=chart&time=latest&stackMode=absolute&facet=none&focus=%3CfirstSeries%3E,tab=chart&time=latest&stackMode=absolute&facet=none&focus=Coal,38ae12150cd9525c638d8ea1a92c21c0,per-capita-energy-stacked-2ed30605576a40567186c80528d83a3f_v24_850x600.svg,36,55,466053808,1420428
per-capita-energy-stacked,StackedDiscreteBar,tab=chart&time=latest&stackMode=absolute&facet=entity&focus=%3Cnone%3E,tab=chart&time=latest&stackMode=absolute&facet=entity,0a849bab5ad7957d06c888aec4574d62,per-capita-energy-stacked-b759ed343f48c8a07c19fb5c0bccd793_v24_850x600.svg,37,58,970856680,1420428
per-capita-energy-stacked,StackedDiscreteBar,tab=chart&time=latest&stackMode=absolute&facet=metric&focus=%3Cnone%3E,tab=chart&time=latest&stackMode=absolute&facet=metric,e813436e2cda3010d0a5086e016877a3,per-capita-energy-stacked-c7d53f92b7b797aad36521ae859fba9d_v24_850x600.svg,30,74,931547616,1420428
per-capita-energy-stacked,StackedDiscreteBar,tab=chart&time=latest&stackMode=relative&facet=none&focus=%3Cnone%3E,tab=chart&time=latest&stackMode=relative&facet=none,68e20fe2ef6a965abb825e17b9fb278a,per-capita-energy-stacked-173f88704c2c24ff6b07444f4507ddc0_v24_850x600.svg,39,68,228753888,1420428
per-capita-energy-stacked,StackedDiscreteBar,tab=chart&time=latest&stackMode=relative&facet=entity&focus=%3Cnone%3E,tab=chart&time=latest&stackMode=relative&facet=entity,b12da78f6c5f6f1109674595e7809f61,per-capita-energy-stacked-dffeae05c46f75bafe6cea2a3618bd03_v24_850x600.svg,33,56,712682176,1420428
per-capita-energy-stacked,StackedDiscreteBar,tab=chart&time=latest&stackMode=relative&facet=metric&focus=%3Cnone%3E,tab=chart&time=latest&stackMode=relative&facet=metric,ca0184c94ccd346e79982e004b237824,per-capita-energy-stacked-9b04153fbeee08cd599fd7a918f303dd_v24_850x600.svg,36,88,770192920,1420428
per-capita-meat-consumption-by-type-kilograms-per-year,StackedArea,tab=chart&time=earliest..latest&stackMode=absolute&facet=none&uniformYAxis=0&focus=%3Cnone%3E,tab=chart&time=earliest..latest&stackMode=absolute&facet=none&uniformYAxis=0,1b638f9aa1bbc8a50936db532a7a7561,per-capita-meat-consumption-by-type-kilograms-per-year-75eb85d8825ab16ee5683894399929b3_v18_850x600.svg,48,62,448093464,2167695
per-capita-meat-consumption-by-type-kilograms-per-year,StackedArea,tab=chart&time=earliest..latest&stackMode=absolute&facet=none&uniformYAxis=0&focus=%3CfirstSeries%3E,tab=chart&time=earliest..latest&stackMode=absolute&facet=none&uniformYAxis=0&focus=Poultry,8bd755e00191cec1a20d3179b3a4e287,per-capita-meat-consumption-by-type-kilograms-per-year-7fc0e8aedb68c68db0715fd311128c90_v18_850x600.svg,48,62,974972952,2167695
per-capita-meat-consumption-by-type-kilograms-per-year,StackedArea,tab=chart&time=earliest..latest&stackMode=absolute&facet=entity&uniformYAxis=1&focus=%3Cnone%3E,tab=chart&time=earliest..latest&stackMode=absolute&facet=entity&uniformYAxis=1,580fad055b74634d4ab63ac7f548095e,per-capita-meat-consumption-by-type-kilograms-per-year-bdb5edc1dff767e2744c007b5472f9f8_v18_850x600.svg,30,42,941054088,2167695
per-capita-meat-consumption-by-type-kilograms-per-year,StackedArea,tab=chart&time=earliest..latest&stackMode=absolute&facet=entity&uniformYAxis=0&focus=%3Cnone%3E,tab=chart&time=earliest..latest&stackMode=absolute&facet=entity&uniformYAxis=0,7d850260fa6707a72d9061d8fa51f516,per-capita-meat-consumption-by-type-kilograms-per-year-fac36a053c698faed6910879e4bd08e8_v18_850x600.svg,40,56,279867240,2167695
per-capita-meat-consumption-by-type-kilograms-per-year,StackedArea,tab=chart&time=earliest..latest&stackMode=absolute&facet=metric&uniformYAxis=1&focus=%3Cnone%3E,tab=chart&time=earliest..latest&stackMode=absolute&facet=metric&uniformYAxis=1,05682cac8ebb4dab48a80abc8b7f0057,per-capita-meat-consumption-by-type-kilograms-per-year-f1c8afce9af7f0e15378c72f98904283_v18_850x600.svg,30,55,709938208,2167695
per-capita-meat-consumption-by-type-kilograms-per-year,StackedArea,tab=chart&time=earliest..latest&stackMode=absolute&facet=metric&uniformYAxis=0&focus=%3Cnone%3E,tab=chart&time=earliest..latest&stackMode=absolute&facet=metric&uniformYAxis=0,b97b9c4d64971d38a2015c4cf9d8932d,per-capita-meat-consumption-by-type-kilograms-per-year-f82071396a1f567601b9a6c4e97be8ea_v18_850x600.svg,40,69,774408288,2167695
per-capita-meat-consumption-by-type-kilograms-per-year,StackedArea,tab=chart&time=earliest..latest&stackMode=relative&facet=none&uniformYAxis=0&focus=%3Cnone%3E,tab=chart&time=earliest..latest&stackMode=relative&facet=none&uniformYAxis=0,b0c095f2c9c04fd7f12b3cf634a97cb4,per-capita-meat-consumption-by-type-kilograms-per-year-b0b0a5515a2b827c1ada39651942abe3_v18_850x600.svg,42,56,491949480,2167695
per-capita-meat-consumption-by-type-kilograms-per-year,StackedArea,tab=chart&time=earliest..latest&stackMode=relative&facet=entity&uniformYAxis=1&focus=%3Cnone%3E,tab=chart&time=earliest..latest&stackMode=relative&facet=entity&uniformYAxis=1,7b5a6065c5856770faa9c00a509c0ff0,per-capita-meat-consumption-by-type-kilograms-per-year-cefeef588ba8676d4c9f9d4025016171_v18_850x600.svg,45,61,973289768,2167695
per-capita-meat-consumption-by-type-kilograms-per-year,StackedArea,tab=chart&time=earliest..latest&stackMode=relative&facet=entity&uniformYAxis=0&focus=%3Cnone%3E,tab=chart&time=earliest..latest&stackMode=relative&facet=entity&uniformYAxis=0,3aa62ab0a0752b6949f7968e03273461,per-capita-meat-consumption-by-type-kilograms-per-year-ef2e9d3d5b0a6a79bbf4f24a5363c1af_v18_850x600.svg,34,47,933913440,2167695
per-capita-meat-consumption-by-type-kilograms-per-year,StackedArea,tab=chart&time=earliest..latest&stackMode=relative&facet=metric&uniformYAxis=1&focus=%3Cnone%3E,tab=chart&time=earliest..latest&stackMode=relative&facet=metric&uniformYAxis=1,6b4aef0c2c93b4cf3aaa34e0dda2eb96,per-capita-meat-consumption-by-type-kilograms-per-year-a1a5970a3bc3027962425fb46fd31c44_v18_850x600.svg,29,58,761228344,2167695
per-capita-meat-consumption-by-type-kilograms-per-year,StackedArea,tab=chart&time=earliest..latest&stackMode=relative&facet=metric&uniformYAxis=0&focus=%3Cnone%3E,tab=chart&time=earliest..latest&stackMode=relative&facet=metric&uniformYAxis=0,cd61ba9ab0e948f7836c7e546f39ea5d,per-capita-meat-consumption-by-type-kilograms-per-year-11fec5f29f3282aadd146f8733ff5269_v18_850x600.svg,45,75,282197296,2167695
per-capita-meat-type,StackedDiscreteBar,tab=chart&time=earliest&stackMode=absolute&facet=none&focus=%3Cnone%3E,tab=chart&time=earliest&stackMode=absolute&facet=none,732d7e99d5dd7f112229f4149f2128e4,per-capita-meat-type-a6b0c4e3db34a5e2fc32ca3bac8c4a17_v19_850x600.svg,44,63,932877744,2604293
per-capita-meat-type,StackedDiscreteBar,tab=chart&time=earliest&stackMode=absolute&facet=none&focus=%3CfirstSeries%3E,tab=chart&time=earliest&stackMode=absolute&facet=none&focus=Poultry,cf19e9f352a28abd15dd1c286b63ace2,per-capita-meat-type-20083fcd805a68a73e9923089d4df628_v19_850x600.svg,51,67,494603280,2604293
per-capita-meat-type,StackedDiscreteBar,tab=chart&time=earliest&stackMode=absolute&facet=entity&focus=%3Cnone%3E,tab=chart&time=earliest&stackMode=absolute&facet=entity,244d440a6728cc7d92d03c83a05ede35,per-capita-meat-type-877a9b6d076238fb08b171b77fe1fe4a_v19_850x600.svg,58,74,995188416,2604293
per-capita-meat-type,StackedDiscreteBar,tab=chart&time=earliest&stackMode=absolute&facet=metric&focus=%3Cnone%3E,tab=chart&time=earliest&stackMode=absolute&facet=metric,8ad06988d7f22e4417ac1d0dfafe0867,per-capita-meat-type-9f40fe5d548a77f9c83a5583ef868b22_v19_850x600.svg,54,90,791213984,2604293
per-capita-meat-type,StackedDiscreteBar,tab=chart&time=earliest&stackMode=relative&facet=none&focus=%3Cnone%3E,tab=chart&time=earliest&stackMode=relative&facet=none,4c9c12dea99357417de6ce0ddab06071,per-capita-meat-type-14c6ad9463aea3c92a5d1278a5f2a46e_v19_850x600.svg,37,54,768422536,2604293
per-capita-meat-type,StackedDiscreteBar,tab=chart&time=earliest&stackMode=relative&facet=entity&focus=%3Cnone%3E,tab=chart&time=earliest&stackMode=relative&facet=entity,695c2a3668e49bf8ea82f50756b21fb4,per-capita-meat-type-78b3b21507554bdf10b4682184459c8d_v19_850x600.svg,47,66,295289448,2604293
per-capita-meat-type,StackedDiscreteBar,tab=chart&time=earliest&stackMode=relative&facet=metric&focus=%3Cnone%3E,tab=chart&time=earliest&stackMode=relative&facet=metric,c077279ec146da78cfa98e93b046b324,per-capita-meat-type-9e83ff3b0bce978ecdb9211188c79332_v19_850x600.svg,34,69,941162600,2604293
per-capita-meat-type,StackedDiscreteBar,tab=chart&time=latest&stackMode=absolute&facet=none&focus=%3Cnone%3E,tab=chart&time=latest&stackMode=absolute&facet=none,bc4ebcb9fb2c2e77861e9a676077777a,per-capita-meat-type-5f578d8557ce718b2eb5406357c7da32_v19_850x600.svg,52,68,493079208,2604293
per-capita-meat-type,StackedDiscreteBar,tab=chart&time=latest&stackMode=absolute&facet=none&focus=%3CfirstSeries%3E,tab=chart&time=latest&stackMode=absolute&facet=none&focus=Poultry,40493cef6d803f702887e3dc13d03323,per-capita-meat-type-50fe9d14c43cf611a409768b7cd32295_v19_850x600.svg,40,56,766679096,2604293
per-capita-meat-type,StackedDiscreteBar,tab=chart&time=latest&stackMode=absolute&facet=entity&focus=%3Cnone%3E,tab=chart&time=latest&stackMode=absolute&facet=entity,836b734284904902c91ddb590d5bb23c,per-capita-meat-type-b759ed343f48c8a07c19fb5c0bccd793_v19_850x600.svg,52,68,1012986200,2604293
per-capita-meat-type,StackedDiscreteBar,tab=chart&time=latest&stackMode=absolute&facet=metric&focus=%3Cnone%3E,tab=chart&time=latest&stackMode=absolute&facet=metric,f0d0ce9b2250ffda63c68b34ac6f0269,per-capita-meat-type-c7d53f92b7b797aad36521ae859fba9d_v19_850x600.svg,50,89,805983088,2604293
per-capita-meat-type,StackedDiscreteBar,tab=chart&time=latest&stackMode=relative&facet=none&focus=%3Cnone%3E,tab=chart&time=latest&stackMode=relative&facet=none,43a65ea01bd045d8b991666311bda334,per-capita-meat-type-173f88704c2c24ff6b07444f4507ddc0_v19_850x600.svg,53,72,301528368,2604293
per-capita-meat-type,StackedDiscreteBar,tab=chart&time=latest&stackMode=relative&facet=entity&focus=%3Cnone%3E,tab=chart&time=latest&stackMode=relative&facet=entity,f4775e4dc955374f8e26d69ebe17ae9d,per-capita-meat-type-dffeae05c46f75bafe6cea2a3618bd03_v19_850x600.svg,37,56,995396144,2604293
per-capita-meat-type,StackedDiscreteBar,tab=chart&time=latest&stackMode=relative&facet=metric&focus=%3Cnone%3E,tab=chart&time=latest&stackMode=relative&facet=metric,110c1371bada582182fe0e2b738f0eef,per-capita-meat-type-9b04153fbeee08cd599fd7a918f303dd_v19_850x600.svg,42,74,788646760,2604293
plastic-waste-incinerated,SlopeChart,tab=chart&time=earliest..latest&yScale=linear&focus=%3Cnone%3E,tab=chart&time=earliest..latest&yScale=linear,49536e92492de3b28d313cced0064360,plastic-waste-incinerated-fedfee7f4e8999a57e3ae8334834369b_v11_850x600.svg,2,16,503895880,6794
plastic-waste-incinerated,SlopeChart,tab=chart&time=earliest..latest&yScale=linear&focus=%3CfirstSeries%3E,tab=chart&time=earliest..latest&yScale=linear&focus=Americas+%28excl.+USA%29,4c84dbeb5b2fe9c5a180372317a9dbe8,plastic-waste-incinerated-9bc52671fd627d0064b332619f3385d7_v11_850x600.svg,3,19,1023736976,6794
plastic-waste-incinerated,SlopeChart,tab=chart&time=earliest..latest&yScale=log&focus=%3Cnone%3E,tab=chart&time=earliest..latest&yScale=log,c175a5fda0e0b89438903eb73a3e3f14,plastic-waste-incinerated-3e8c6681823c7bb7b99e8e2f95595463_v11_850x600.svg,2,16,473456704,6794
plastic-waste-landfill,SlopeChart,tab=chart&time=earliest..latest&yScale=linear&focus=%3Cnone%3E,tab=chart&time=earliest..latest&yScale=linear,78127756feefefaeebf83dc63215fdb1,plastic-waste-landfill-fedfee7f4e8999a57e3ae8334834369b_v12_850x600.svg,2,16,984104944,6855
plastic-waste-landfill,SlopeChart,tab=chart&time=earliest..latest&yScale=linear&focus=%3CfirstSeries%3E,tab=chart&time=earliest..latest&yScale=linear&focus=Americas+%28excl.+USA%29,40ae827003577cd1d9c29662988d8c3a,plastic-waste-landfill-9bc52671fd627d0064b332619f3385d7_v12_850x600.svg,3,17,484091112,6855
plastic-waste-landfill,SlopeChart,tab=chart&time=earliest..latest&yScale=log&focus=%3Cnone%3E,tab=chart&time=earliest..latest&yScale=log,3c74996b351a0b6b514dfa36046aa618,plastic-waste-landfill-3e8c6681823c7bb7b99e8e2f95595463_v12_850x600.svg,3,19,256086216,6855
population,LineChart,tab=line&time=earliest..latest&stackMode=absolute&yScale=linear&facet=none&uniformYAxis=0&focus=%3Cnone%3E,tab=line&time=earliest..latest&stackMode=absolute&yScale=linear&facet=none&uniformYAxis=0,6141fea7aefc6e37f9ddb78b5b6de385,population-4430c2e2eb335ca7c64158941adb998d_v55_850x600.svg,40,76,845414824,1832378
population,LineChart,tab=line&time=earliest..latest&stackMode=absolute&yScale=linear&facet=none&uniformYAxis=0&focus=%3CfirstSeries%3E,tab=line&time=earliest..latest&stackMode=absolute&yScale=linear&facet=none&uniformYAxis=0&focus=North+America,f61baf125b38c69d7cc7cddb49b17521,population-a9671a9ee014d9c93d8af784aa64a5ef_v55_850x600.svg,38,81,1028923464,1832378
population,LineChart,tab=line&time=earliest..latest&stackMode=absolute&yScale=linear&facet=entity&uniformYAxis=1&focus=%3Cnone%3E,tab=line&time=earliest..latest&stackMode=absolute&yScale=linear&facet=entity&uniformYAxis=1,50b1c4b177505e9c674382d17b454e3d,population-c9e137028d8726a2fb901026e4c9a3cb_v55_850x600.svg,31,69,986531296,1832378
population,LineChart,tab=line&time=earliest..latest&stackMode=absolute&yScale=linear&facet=entity&uniformYAxis=0&focus=%3Cnone%3E,tab=line&time=earliest..latest&stackMode=absolute&yScale=linear&facet=entity&uniformYAxis=0,be50faee485717beadb4de3cd5039266,population-a1b3bb0eec44ece440c67493e54f5bed_v55_850x600.svg,36,75,530799280,1832378
population,LineChart,tab=line&time=earliest..latest&stackMode=absolute&yScale=linear&facet=metric&uniformYAxis=1&focus=%3Cnone%3E,tab=line&time=earliest..latest&stackMode=absolute&yScale=linear&facet=metric&uniformYAxis=1,874f67b9124c7262f25c69890435d018,population-97d77284ca49046e539bb4bde7ea1ab1_v55_850x600.svg,37,74,295566976,1832378
population,LineChart,tab=line&time=earliest..latest&stackMode=absolute&yScale=linear&facet=metric&uniformYAxis=0&focus=%3Cnone%3E,tab=line&time=earliest..latest&stackMode=absolute&yScale=linear&facet=metric&uniformYAxis=0,314bde11dbd72a809b70c8f4024c649d,population-4eb808ae74e4379569465d5e629645b3_v55_850x600.svg,31,64,791456984,1832378
population,LineChart,tab=line&time=earliest..latest&stackMode=absolute&yScale=log&facet=none&uniformYAxis=0&focus=%3Cnone%3E,tab=line&time=earliest..latest&stackMode=absolute&yScale=log&facet=none&uniformYAxis=0,458df3e5f66fe8d3acda5ec8c912582b,population-125775cfe5817e4e28a3556030c51d0c_v55_850x600.svg,32,64,1026140376,1832378
population,LineChart,tab=line&time=earliest..latest&stackMode=absolute&yScale=log&facet=entity&uniformYAxis=1&focus=%3Cnone%3E,tab=line&time=earliest..latest&stackMode=absolute&yScale=log&facet=entity&uniformYAxis=1,23473839e46bc9f8d2d4cfbedf964d76,population-2d63e33f4ac34395c7f1c42276c82bbe_v55_850x600.svg,37,87,822300480,1832378
population,LineChart,tab=line&time=earliest..latest&stackMode=absolute&yScale=log&facet=entity&uniformYAxis=0&focus=%3Cnone%3E,tab=line&time=earliest..latest&stackMode=absolute&yScale=log&facet=entity&uniformYAxis=0,86c58db46f6a731f9ddb3eaef84f077c,population-a2e83d395d4ba45de21b14d7bd9fbeb7_v55_850x600.svg,36,87,1007308008,1832378
population,LineChart,tab=line&time=earliest..latest&stackMode=absolute&yScale=log&facet=metric&uniformYAxis=1&focus=%3Cnone%3E,tab=line&time=earliest..latest&stackMode=absolute&yScale=log&facet=metric&uniformYAxis=1,6e91b361749cd31d9f5694a19a83a7b4,population-20b9b9a19b12ae50e0d6c1a4fc28e5e8_v55_850x600.svg,40,76,335308176,1832378
population,LineChart,tab=line&time=earliest..latest&stackMode=absolute&yScale=log&facet=metric&uniformYAxis=0&focus=%3Cnone%3E,tab=line&time=earliest..latest&stackMode=absolute&yScale=log&facet=metric&uniformYAxis=0,a6abc85402b7a695e58e6d4dd26fd711,population-ca0c610171a0551dbb4a627e23e29f56_v55_850x600.svg,38,76,524450520,1832378
population,LineChart,tab=line&time=earliest..latest&stackMode=relative&yScale=linear&facet=none&uniformYAxis=0&focus=%3Cnone%3E,tab=line&time=earliest..latest&stackMode=relative&yScale=linear&facet=none&uniformYAxis=0,8692c21d878cf8c16dd20e5ffba1ffed,population-3e69c2ab7cbb5643071a391e67189a67_v55_850x600.svg,33,68,835073848,1832378
population,LineChart,tab=line&time=earliest..latest&stackMode=relative&yScale=linear&facet=entity&uniformYAxis=1&focus=%3Cnone%3E,tab=line&time=earliest..latest&stackMode=relative&yScale=linear&facet=entity&uniformYAxis=1,be731bb6759d38742d573210a8f1bd4c,population-8745684d3950240275cfac2bb38fdf4b_v55_850x600.svg,34,85,997338344,1832378
population,LineChart,tab=line&time=earliest..latest&stackMode=relative&yScale=linear&facet=entity&uniformYAxis=0&focus=%3Cnone%3E,tab=line&time=earliest..latest&stackMode=relative&yScale=linear&facet=entity&uniformYAxis=0,813d4f4fa7339214cb910827310a0dec,population-8f9ed69a69d0935eb613989e2a3cde6a_v55_850x600.svg,34,88,803667192,1832378
population,LineChart,tab=line&time=earliest..latest&stackMode=relative&yScale=linear&facet=metric&uniformYAxis=1&focus=%3Cnone%3E,tab=line&time=earliest..latest&stackMode=relative&yScale=linear&facet=metric&uniformYAxis=1,f2c1f3b7612bc554344cc0aaf0eaacd1,population-3733fc4ec16a09d5cecf596a4553b8dc_v55_850x600.svg,41,79,865854848,1832378
population,LineChart,tab=line&time=earliest..latest&stackMode=relative&yScale=linear&facet=metric&uniformYAxis=0&focus=%3Cnone%3E,tab=line&time=earliest..latest&stackMode=relative&yScale=linear&facet=metric&uniformYAxis=0,1b00e942cabdf1bfb4243bd9f70b663e,population-613a269764bea61f37fe6cdda4e208dc_v55_850x600.svg,45,92,294446688,1832378
population,WorldMap,tab=map&time=earliest..latest&stackMode=absolute&yScale=linear&facet=none&uniformYAxis=0&focus=%3Cnone%3E,tab=map&time=earliest..latest&stackMode=absolute&yScale=linear&facet=none&uniformYAxis=0,efb529f2c4b0b4bd8f53a13791f60fc2,population-d8323fbe5b81c2b6621525fd272679bb_v55_850x600.svg,57,172,552006808,1832378
population,LineChart,tab=slope&time=earliest..latest&stackMode=absolute&yScale=linear&facet=none&uniformYAxis=0&focus=%3Cnone%3E,tab=slope&time=earliest..latest&stackMode=absolute&yScale=linear&facet=none&uniformYAxis=0,6141fea7aefc6e37f9ddb78b5b6de385,population-8869d925bb9ec36312653d7408b3825e_v55_850x600.svg,41,76,1046520928,1832378
population,LineChart,tab=slope&time=earliest..latest&stackMode=absolute&yScale=linear&facet=entity&uniformYAxis=1&focus=%3Cnone%3E,tab=slope&time=earliest..latest&stackMode=absolute&yScale=linear&facet=entity&uniformYAxis=1,50b1c4b177505e9c674382d17b454e3d,population-94f8762ac9e6f207f508da976fa7777b_v55_850x600.svg,32,70,1043384928,1832378
population,LineChart,tab=slope&time=earliest..latest&stackMode=absolute&yScale=linear&facet=entity&uniformYAxis=0&focus=%3Cnone%3E,tab=slope&time=earliest..latest&stackMode=absolute&yScale=linear&facet=entity&uniformYAxis=0,be50faee485717beadb4de3cd5039266,population-784910cad399974abce10237037577b8_v55_850x600.svg,38,74,912307448,1832378
population,LineChart,tab=slope&time=earliest..latest&stackMode=absolute&yScale=linear&facet=metric&uniformYAxis=1&focus=%3Cnone%3E,tab=slope&time=earliest..latest&stackMode=absolute&yScale=linear&facet=metric&uniformYAxis=1,874f67b9124c7262f25c69890435d018,population-ef7d44586247e71c5218855b27d8382c_v55_850x600.svg,38,73,1085769168,1832378
population,LineChart,tab=slope&time=earliest..latest&stackMode=absolute&yScale=linear&facet=metric&uniformYAxis=0&focus=%3Cnone%3E,tab=slope&time=earliest..latest&stackMode=absolute&yScale=linear&facet=metric&uniformYAxis=0,314bde11dbd72a809b70c8f4024c649d,population-826ab5a3685e5c0f530e312aed74de57_v55_850x600.svg,31,62,842807016,1832378
population,LineChart,tab=slope&time=earliest..latest&stackMode=absolute&yScale=log&facet=none&uniformYAxis=0&focus=%3Cnone%3E,tab=slope&time=earliest..latest&stackMode=absolute&yScale=log&facet=none&uniformYAxis=0,458df3e5f66fe8d3acda5ec8c912582b,population-2004f4ed5e6c7123527f290d11fa22e0_v55_850x600.svg,35,70,334044840,1832378
population,LineChart,tab=slope&time=earliest..latest&stackMode=absolute&yScale=log&facet=entity&uniformYAxis=1&focus=%3Cnone%3E,tab=slope&time=earliest..latest&stackMode=absolute&yScale=log&facet=entity&uniformYAxis=1,23473839e46bc9f8d2d4cfbedf964d76,population-ac638c4f34d948fe349a20d2dfb61ce7_v55_850x600.svg,32,80,1030923560,1832378
population,LineChart,tab=slope&time=earliest..latest&stackMode=absolute&yScale=log&facet=entity&uniformYAxis=0&focus=%3Cnone%3E,tab=slope&time=earliest..latest&stackMode=absolute&yScale=log&facet=entity&uniformYAxis=0,86c58db46f6a731f9ddb3eaef84f077c,population-602cf15b8e4cf555a48aab50e95a8aac_v55_850x600.svg,30,71,892406856,1832378
population,LineChart,tab=slope&time=earliest..latest&stackMode=absolute&yScale=log&facet=metric&uniformYAxis=1&focus=%3Cnone%3E,tab=slope&time=earliest..latest&stackMode=absolute&yScale=log&facet=metric&uniformYAxis=1,6e91b361749cd31d9f5694a19a83a7b4,population-85de343b2e97abe79303be8b50dc85a9_v55_850x600.svg,39,83,1054475320,1832378
population,LineChart,tab=slope&time=earliest..latest&stackMode=absolute&yScale=log&facet=metric&uniformYAxis=0&focus=%3Cnone%3E,tab=slope&time=earliest..latest&stackMode=absolute&yScale=log&facet=metric&uniformYAxis=0,a6abc85402b7a695e58e6d4dd26fd711,population-da5389268a3d40a777bafa40504058d6_v55_850x600.svg,39,76,888840128,1832378
population,LineChart,tab=slope&time=earliest..latest&stackMode=relative&yScale=linear&facet=none&uniformYAxis=0&focus=%3Cnone%3E,tab=slope&time=earliest..latest&stackMode=relative&yScale=linear&facet=none&uniformYAxis=0,8692c21d878cf8c16dd20e5ffba1ffed,population-aeff4e7484a0699e34ef7db25ee756f4_v55_850x600.svg,41,80,377601464,1832378
population,LineChart,tab=slope&time=earliest..latest&stackMode=relative&yScale=linear&facet=entity&uniformYAxis=1&focus=%3Cnone%3E,tab=slope&time=earliest..latest&stackMode=relative&yScale=linear&facet=entity&uniformYAxis=1,be731bb6759d38742d573210a8f1bd4c,population-3dffa15ae06e8a525ec0cee77d7eeccb_v55_850x600.svg,38,80,604432392,1832378
population,LineChart,tab=slope&time=earliest..latest&stackMode=relative&yScale=linear&facet=entity&uniformYAxis=0&focus=%3Cnone%3E,tab=slope&time=earliest..latest&stackMode=relative&yScale=linear&facet=entity&uniformYAxis=0,813d4f4fa7339214cb910827310a0dec,population-7064be44275c8da297486c7c3b02b4c8_v55_850x600.svg,35,74,1083779224,1832378
population,LineChart,tab=slope&time=earliest..latest&stackMode=relative&yScale=linear&facet=metric&uniformYAxis=1&focus=%3Cnone%3E,tab=slope&time=earliest..latest&stackMode=relative&yScale=linear&facet=metric&uniformYAxis=1,f2c1f3b7612bc554344cc0aaf0eaacd1,population-832c446b172ca5b57b8f29f2ad9a5773_v55_850x600.svg,34,67,870728704,1832378
population,LineChart,tab=slope&time=earliest..latest&stackMode=relative&yScale=linear&facet=metric&uniformYAxis=0&focus=%3Cnone%3E,tab=slope&time=earliest..latest&stackMode=relative&yScale=linear&facet=metric&uniformYAxis=0,1b00e942cabdf1bfb4243bd9f70b663e,population-ce47134240246dee7c7ed0361a427b50_v55_850x600.svg,41,81,932267896,1832378
population-by-age-group,StackedArea,tab=chart&time=earliest..latest&stackMode=absolute&facet=none&uniformYAxis=0&focus=%3Cnone%3E,tab=chart&time=earliest..latest&stackMode=absolute&facet=none&uniformYAxis=0,c45b5631ea78353b541bd7af85d85546,population-by-age-group-75eb85d8825ab16ee5683894399929b3_v29_850x600.svg,76,89,1124872520,2994519
population-by-age-group,StackedArea,tab=chart&time=earliest..latest&stackMode=absolute&facet=none&uniformYAxis=0&focus=%3CfirstSeries%3E,tab=chart&time=earliest..latest&stackMode=absolute&facet=none&uniformYAxis=0&focus=Under-5s,4f9f407fe7abc92dfaf719ab74185797,population-by-age-group-a4c20b311625d947b6adbdad771bdfff_v29_850x600.svg,91,105,375702120,2994519
population-by-age-group,StackedArea,tab=chart&time=earliest..latest&stackMode=absolute&facet=entity&uniformYAxis=1&focus=%3Cnone%3E,tab=chart&time=earliest..latest&stackMode=absolute&facet=entity&uniformYAxis=1,9b63f56281a84232e51a30dc276de8bf,population-by-age-group-bdb5edc1dff767e2744c007b5472f9f8_v29_850x600.svg,74,94,561368256,2994519
population-by-age-group,StackedArea,tab=chart&time=earliest..latest&stackMode=absolute&facet=entity&uniformYAxis=0&focus=%3Cnone%3E,tab=chart&time=earliest..latest&stackMode=absolute&facet=entity&uniformYAxis=0,7338465f531c8388170b1089d6ed3884,population-by-age-group-fac36a053c698faed6910879e4bd08e8_v29_850x600.svg,54,65,1097804344,2994519
population-by-age-group,StackedArea,tab=chart&time=earliest..latest&stackMode=absolute&facet=metric&uniformYAxis=1&focus=%3Cnone%3E,tab=chart&time=earliest..latest&stackMode=absolute&facet=metric&uniformYAxis=1,61894150f183c6d1f848faa7d58d5481,population-by-age-group-f1c8afce9af7f0e15378c72f98904283_v29_850x600.svg,53,73,937052416,2994519
population-by-age-group,StackedArea,tab=chart&time=earliest..latest&stackMode=absolute&facet=metric&uniformYAxis=0&focus=%3Cnone%3E,tab=chart&time=earliest..latest&stackMode=absolute&facet=metric&uniformYAxis=0,f2cbf524e2bab8fa839f9365670a081c,population-by-age-group-f82071396a1f567601b9a6c4e97be8ea_v29_850x600.svg,87,111,942121168,2994519
population-by-age-group,StackedArea,tab=chart&time=earliest..latest&stackMode=relative&facet=none&uniformYAxis=0&focus=%3Cnone%3E,tab=chart&time=earliest..latest&stackMode=relative&facet=none&uniformYAxis=0,4ce95efe9a450ddcaa5c89e0fb60826b,population-by-age-group-b0b0a5515a2b827c1ada39651942abe3_v29_850x600.svg,93,109,1106446528,2994519
population-by-age-group,StackedArea,tab=chart&time=earliest..latest&stackMode=relative&facet=entity&uniformYAxis=1&focus=%3Cnone%3E,tab=chart&time=earliest..latest&stackMode=relative&facet=entity&uniformYAxis=1,a6e1c7ac69b78be1c66b5ca243009207,population-by-age-group-cefeef588ba8676d4c9f9d4025016171_v29_850x600.svg,79,92,619390328,2994519
population-by-age-group,StackedArea,tab=chart&time=earliest..latest&stackMode=relative&facet=entity&uniformYAxis=0&focus=%3Cnone%3E,tab=chart&time=earliest..latest&stackMode=relative&facet=entity&uniformYAxis=0,38a28c1460390ee62fec87f71a2a2dfe,population-by-age-group-ef2e9d3d5b0a6a79bbf4f24a5363c1af_v29_850x600.svg,95,108,387270040,2994519
population-by-age-group,StackedArea,tab=chart&time=earliest..latest&stackMode=relative&facet=metric&uniformYAxis=1&focus=%3Cnone%3E,tab=chart&time=earliest..latest&stackMode=relative&facet=metric&uniformYAxis=1,645bde0cbae6c42c64feaf937b82c18d,population-by-age-group-a1a5970a3bc3027962425fb46fd31c44_v29_850x600.svg,53,85,1063321136,2994519
population-by-age-group,StackedArea,tab=chart&time=earliest..latest&stackMode=relative&facet=metric&uniformYAxis=0&focus=%3Cnone%3E,tab=chart&time=earliest..latest&stackMode=relative&facet=metric&uniformYAxis=0,d8b1bea2bb3467be0ed5d7eef9642fd2,population-by-age-group-11fec5f29f3282aadd146f8733ff5269_v29_850x600.svg,56,76,917890104,2994519
population-density,LineChart,tab=line&time=earliest..latest&stackMode=absolute&yScale=linear&facet=none&uniformYAxis=0&focus=%3Cnone%3E,tab=line&time=earliest..latest&stackMode=absolute&yScale=linear&facet=none&uniformYAxis=0,2b81c7046ae4b3c1b1bd23ecb814758b,population-density-4430c2e2eb335ca7c64158941adb998d_v51_850x600.svg,35,85,924362680,2546423
population-density,LineChart,tab=line&time=earliest..latest&stackMode=absolute&yScale=linear&facet=none&uniformYAxis=0&focus=%3CfirstSeries%3E,tab=line&time=earliest..latest&stackMode=absolute&yScale=linear&facet=none&uniformYAxis=0&focus=World,1e8dfb250571ee1bda6df588b427d558,population-density-fce8d68852eab5891d71536436a53dae_v51_850x600.svg,35,74,1157833856,2546423
population-density,LineChart,tab=line&time=earliest..latest&stackMode=absolute&yScale=linear&facet=entity&uniformYAxis=1&focus=%3Cnone%3E,tab=line&time=earliest..latest&stackMode=absolute&yScale=linear&facet=entity&uniformYAxis=1,7996c4023fba120e5f0ba302f9bc2b26,population-density-c9e137028d8726a2fb901026e4c9a3cb_v51_850x600.svg,30,68,1114747928,2546423
population-density,LineChart,tab=line&time=earliest..latest&stackMode=absolute&yScale=linear&facet=entity&uniformYAxis=0&focus=%3Cnone%3E,tab=line&time=earliest..latest&stackMode=absolute&yScale=linear&facet=entity&uniformYAxis=0,484b839d463a46234a5f3ea9373e0d8b,population-density-a1b3bb0eec44ece440c67493e54f5bed_v51_850x600.svg,36,79,670753208,2546423
population-density,LineChart,tab=line&time=earliest..latest&stackMode=absolute&yScale=linear&facet=metric&uniformYAxis=1&focus=%3Cnone%3E,tab=line&time=earliest..latest&stackMode=absolute&yScale=linear&facet=metric&uniformYAxis=1,463de1000ce45f5f274cc8da1d098af6,population-density-97d77284ca49046e539bb4bde7ea1ab1_v51_850x600.svg,39,82,438621544,2546423
population-density,LineChart,tab=line&time=earliest..latest&stackMode=absolute&yScale=linear&facet=metric&uniformYAxis=0&focus=%3Cnone%3E,tab=line&time=earliest..latest&stackMode=absolute&yScale=linear&facet=metric&uniformYAxis=0,4fb653f14257b3c9f50537f7339a4d10,population-density-4eb808ae74e4379569465d5e629645b3_v51_850x600.svg,31,69,969131112,2546423
population-density,LineChart,tab=line&time=earliest..latest&stackMode=absolute&yScale=log&facet=none&uniformYAxis=0&focus=%3Cnone%3E,tab=line&time=earliest..latest&stackMode=absolute&yScale=log&facet=none&uniformYAxis=0,b438f67a950ff7693a2b195d34a84715,population-density-125775cfe5817e4e28a3556030c51d0c_v51_850x600.svg,33,68,1166188072,2546423
population-density,LineChart,tab=line&time=earliest..latest&stackMode=absolute&yScale=log&facet=entity&uniformYAxis=1&focus=%3Cnone%3E,tab=line&time=earliest..latest&stackMode=absolute&yScale=log&facet=entity&uniformYAxis=1,2d93c4780744b217638c912dd7da11d9,population-density-2d63e33f4ac34395c7f1c42276c82bbe_v51_850x600.svg,39,76,975986480,2546423
population-density,LineChart,tab=line&time=earliest..latest&stackMode=absolute&yScale=log&facet=entity&uniformYAxis=0&focus=%3Cnone%3E,tab=line&time=earliest..latest&stackMode=absolute&yScale=log&facet=entity&uniformYAxis=0,72c9f6b059a8e2dcb2fc10e83df183e3,population-density-a2e83d395d4ba45de21b14d7bd9fbeb7_v51_850x600.svg,41,80,1149026624,2546423
population-density,LineChart,tab=line&time=earliest..latest&stackMode=absolute&yScale=log&facet=metric&uniformYAxis=1&focus=%3Cnone%3E,tab=line&time=earliest..latest&stackMode=absolute&yScale=log&facet=metric&uniformYAxis=1,d156437c3391c0658442be44f063bc2b,population-density-20b9b9a19b12ae50e0d6c1a4fc28e5e8_v51_850x600.svg,39,76,631689888,2546423
population-density,LineChart,tab=line&time=earliest..latest&stackMode=absolute&yScale=log&facet=metric&uniformYAxis=0&focus=%3Cnone%3E,tab=line&time=earliest..latest&stackMode=absolute&yScale=log&facet=metric&uniformYAxis=0,edbde9786213f2062a890795c1190be0,population-density-ca0c610171a0551dbb4a627e23e29f56_v51_850x600.svg,34,69,928527360,2546423
population-density,LineChart,tab=line&time=earliest..latest&stackMode=relative&yScale=linear&facet=none&uniformYAxis=0&focus=%3Cnone%3E,tab=line&time=earliest..latest&stackMode=relative&yScale=linear&facet=none&uniformYAxis=0,c0450c4b3f5786d3602525ba875d659e,population-density-3e69c2ab7cbb5643071a391e67189a67_v51_850x600.svg,40,89,411042512,2546423
population-density,LineChart,tab=line&time=earliest..latest&stackMode=relative&yScale=linear&facet=entity&uniformYAxis=1&focus=%3Cnone%3E,tab=line&time=earliest..latest&stackMode=relative&yScale=linear&facet=entity&uniformYAxis=1,da9d5eed876649157a2a631cac7b5f77,population-density-8745684d3950240275cfac2bb38fdf4b_v51_850x600.svg,43,77,1140638272,2546423
population-density,LineChart,tab=line&time=earliest..latest&stackMode=relative&yScale=linear&facet=entity&uniformYAxis=0&focus=%3Cnone%3E,tab=line&time=earliest..latest&stackMode=relative&yScale=linear&facet=entity&uniformYAxis=0,368d3f55d2842a2a7f71a28b6885edec,population-density-8f9ed69a69d0935eb613989e2a3cde6a_v51_850x600.svg,38,75,1028166896,2546423
population-density,LineChart,tab=line&time=earliest..latest&stackMode=relative&yScale=linear&facet=metric&uniformYAxis=1&focus=%3Cnone%3E,tab=line&time=earliest..latest&stackMode=relative&yScale=linear&facet=metric&uniformYAxis=1,b7c27ca1b44f88e1e02d0f96f2691610,population-density-3733fc4ec16a09d5cecf596a4553b8dc_v51_850x600.svg,39,79,1201237008,2546423
population-density,LineChart,tab=line&time=earliest..latest&stackMode=relative&yScale=linear&facet=metric&uniformYAxis=0&focus=%3Cnone%3E,tab=line&time=earliest..latest&stackMode=relative&yScale=linear&facet=metric&uniformYAxis=0,77359078504b8d4221b05119eecdde67,population-density-613a269764bea61f37fe6cdda4e208dc_v51_850x600.svg,39,76,683656656,2546423
population-density,WorldMap,tab=map&time=earliest..latest&stackMode=absolute&yScale=linear&facet=none&uniformYAxis=0&focus=%3Cnone%3E,tab=map&time=earliest..latest&stackMode=absolute&yScale=linear&facet=none&uniformYAxis=0,ff00ad6b3d2e8045284fbfdbe7f52bda,population-density-d8323fbe5b81c2b6621525fd272679bb_v51_850x600.svg,98,259,1025282856,2546423
population-density,LineChart,tab=slope&time=earliest..latest&stackMode=absolute&yScale=linear&facet=none&uniformYAxis=0&focus=%3Cnone%3E,tab=slope&time=earliest..latest&stackMode=absolute&yScale=linear&facet=none&uniformYAxis=0,2b81c7046ae4b3c1b1bd23ecb814758b,population-density-8869d925bb9ec36312653d7408b3825e_v51_850x600.svg,39,76,462389896,2546423
population-density,LineChart,tab=slope&time=earliest..latest&stackMode=absolute&yScale=linear&facet=entity&uniformYAxis=1&focus=%3Cnone%3E,tab=slope&time=earliest..latest&stackMode=absolute&yScale=linear&facet=entity&uniformYAxis=1,7996c4023fba120e5f0ba302f9bc2b26,population-density-94f8762ac9e6f207f508da976fa7777b_v51_850x600.svg,33,68,1192155176,2546423
population-density,LineChart,tab=slope&time=earliest..latest&stackMode=absolute&yScale=linear&facet=entity&uniformYAxis=0&focus=%3Cnone%3E,tab=slope&time=earliest..latest&stackMode=absolute&yScale=linear&facet=entity&uniformYAxis=0,484b839d463a46234a5f3ea9373e0d8b,population-density-784910cad399974abce10237037577b8_v51_850x600.svg,47,83,1004521664,2546423
population-density,LineChart,tab=slope&time=earliest..latest&stackMode=absolute&yScale=linear&facet=metric&uniformYAxis=1&focus=%3Cnone%3E,tab=slope&time=earliest..latest&stackMode=absolute&yScale=linear&facet=metric&uniformYAxis=1,463de1000ce45f5f274cc8da1d098af6,population-density-ef7d44586247e71c5218855b27d8382c_v51_850x600.svg,46,82,657997344,2546423
population-density,LineChart,tab=slope&time=earliest..latest&stackMode=absolute&yScale=linear&facet=metric&uniformYAxis=0&focus=%3Cnone%3E,tab=slope&time=earliest..latest&stackMode=absolute&yScale=linear&facet=metric&uniformYAxis=0,4fb653f14257b3c9f50537f7339a4d10,population-density-826ab5a3685e5c0f530e312aed74de57_v51_850x600.svg,47,84,1181582256,2546423
population-density,LineChart,tab=slope&time=earliest..latest&stackMode=absolute&yScale=log&facet=none&uniformYAxis=0&focus=%3Cnone%3E,tab=slope&time=earliest..latest&stackMode=absolute&yScale=log&facet=none&uniformYAxis=0,b438f67a950ff7693a2b195d34a84715,population-density-2004f4ed5e6c7123527f290d11fa22e0_v51_850x600.svg,38,74,513937464,2546423
population-density,LineChart,tab=slope&time=earliest..latest&stackMode=absolute&yScale=log&facet=entity&uniformYAxis=1&focus=%3Cnone%3E,tab=slope&time=earliest..latest&stackMode=absolute&yScale=log&facet=entity&uniformYAxis=1,2d93c4780744b217638c912dd7da11d9,population-density-ac638c4f34d948fe349a20d2dfb61ce7_v51_850x600.svg,41,75,1170041416,2546423
population-density,LineChart,tab=slope&time=earliest..latest&stackMode=absolute&yScale=log&facet=entity&uniformYAxis=0&focus=%3Cnone%3E,tab=slope&time=earliest..latest&stackMode=absolute&yScale=log&facet=entity&uniformYAxis=0,72c9f6b059a8e2dcb2fc10e83df183e3,population-density-602cf15b8e4cf555a48aab50e95a8aac_v51_850x600.svg,38,75,1055951272,2546423
population-density,LineChart,tab=slope&time=earliest..latest&stackMode=absolute&yScale=log&facet=metric&uniformYAxis=1&focus=%3Cnone%3E,tab=slope&time=earliest..latest&stackMode=absolute&yScale=log&facet=metric&uniformYAxis=1,d156437c3391c0658442be44f063bc2b,population-density-85de343b2e97abe79303be8b50dc85a9_v51_850x600.svg,40,76,709459192,2546423
population-density,LineChart,tab=slope&time=earliest..latest&stackMode=absolute&yScale=log&facet=metric&uniformYAxis=0&focus=%3Cnone%3E,tab=slope&time=earliest..latest&stackMode=absolute&yScale=log&facet=metric&uniformYAxis=0,edbde9786213f2062a890795c1190be0,population-density-da5389268a3d40a777bafa40504058d6_v51_850x600.svg,39,74,1232921640,2546423
population-density,LineChart,tab=slope&time=earliest..latest&stackMode=relative&yScale=linear&facet=none&uniformYAxis=0&focus=%3Cnone%3E,tab=slope&time=earliest..latest&stackMode=relative&yScale=linear&facet=none&uniformYAxis=0,c0450c4b3f5786d3602525ba875d659e,population-density-aeff4e7484a0699e34ef7db25ee756f4_v51_850x600.svg,37,76,485068952,2546423
population-density,LineChart,tab=slope&time=earliest..latest&stackMode=relative&yScale=linear&facet=entity&uniformYAxis=1&focus=%3Cnone%3E,tab=slope&time=earliest..latest&stackMode=relative&yScale=linear&facet=entity&uniformYAxis=1,da9d5eed876649157a2a631cac7b5f77,population-density-3dffa15ae06e8a525ec0cee77d7eeccb_v51_850x600.svg,39,110,203013544,2546423
population-density,LineChart,tab=slope&time=earliest..latest&stackMode=relative&yScale=linear&facet=entity&uniformYAxis=0&focus=%3Cnone%3E,tab=slope&time=earliest..latest&stackMode=relative&yScale=linear&facet=entity&uniformYAxis=0,368d3f55d2842a2a7f71a28b6885edec,population-density-7064be44275c8da297486c7c3b02b4c8_v51_850x600.svg,50,87,1035086536,2546423
population-density,LineChart,tab=slope&time=earliest..latest&stackMode=relative&yScale=linear&facet=metric&uniformYAxis=1&focus=%3Cnone%3E,tab=slope&time=earliest..latest&stackMode=relative&yScale=linear&facet=metric&uniformYAxis=1,b7c27ca1b44f88e1e02d0f96f2691610,population-density-832c446b172ca5b57b8f29f2ad9a5773_v51_850x600.svg,40,90,677980472,2546423
population-density,LineChart,tab=slope&time=earliest..latest&stackMode=relative&yScale=linear&facet=metric&uniformYAxis=0&focus=%3Cnone%3E,tab=slope&time=earliest..latest&stackMode=relative&yScale=linear&facet=metric&uniformYAxis=0,77359078504b8d4221b05119eecdde67,population-density-ce47134240246dee7c7ed0361a427b50_v51_850x600.svg,53,91,1213994704,2546423
population-marimekko,Marimekko,tab=chart&time=earliest&stackMode=absolute&showNoDataArea=1,tab=chart&time=earliest&stackMode=absolute&showNoDataArea=1,3de237a7cb713723e3c2ec8e238612bf,population-marimekko-241409b3746c788e4acd939b8b33bc31_v56_850x600.svg,37,124,988498320,1841676
population-marimekko,Marimekko,tab=chart&time=earliest&stackMode=absolute&showNoDataArea=0,tab=chart&time=earliest&stackMode=absolute&showNoDataArea=0,d3e75626bf8b0f61454b3d86d603af03,population-marimekko-a4125f55250928f556fd492aa291c876_v56_850x600.svg,49,180,571573704,1841676
population-marimekko,Marimekko,tab=chart&time=earliest&stackMode=relative&showNoDataArea=1,tab=chart&time=earliest&stackMode=relative&showNoDataArea=1,9f4a4d14118470dcf4194bb812f6796e,population-marimekko-bd36a6ff48d328b07e6f43ed3299fde2_v56_850x600.svg,56,154,237407936,1841676
population-marimekko,Marimekko,tab=chart&time=earliest&stackMode=relative&showNoDataArea=0,tab=chart&time=earliest&stackMode=relative&showNoDataArea=0,0789fed36935eaea01c1d0460e59c9e7,population-marimekko-e1acf2328eecf43659fcecf28abc2c0c_v56_850x600.svg,48,175,1122807968,1841676
population-marimekko,Marimekko,tab=chart&time=latest&stackMode=absolute&showNoDataArea=1,tab=chart&time=latest&stackMode=absolute&showNoDataArea=1,435ff7d8f36eec36482dd69414632af7,population-marimekko-6a32c66e3623fda65fb9b44d9994515f_v56_850x600.svg,47,141,799869048,1841676
population-marimekko,Marimekko,tab=chart&time=latest&stackMode=absolute&showNoDataArea=0,tab=chart&time=latest&stackMode=absolute&showNoDataArea=0,7b6d77f0a98a6faa7ce1f648406b03b4,population-marimekko-fcfced7a079bead6b5c18accbd776a61_v56_850x600.svg,93,239,234572216,1841676
population-marimekko,Marimekko,tab=chart&time=latest&stackMode=relative&showNoDataArea=1,tab=chart&time=latest&stackMode=relative&showNoDataArea=1,8d59d4faef5845631fa79bc3b4a6c334,population-marimekko-6ac59886d82f0751d503812ecf6e309a_v56_850x600.svg,40,129,1025508320,1841676
population-marimekko,Marimekko,tab=chart&time=latest&stackMode=relative&showNoDataArea=0,tab=chart&time=latest&stackMode=relative&showNoDataArea=0,132c6188ca6267ff41d0d04b59f9856e,population-marimekko-1756c7e7d468dcb830038097a0a431ae_v56_850x600.svg,53,185,608132600,1841676
population-regions-with-projections,StackedArea,tab=chart&time=earliest..latest&stackMode=absolute&facet=none&uniformYAxis=0&focus=%3Cnone%3E,tab=chart&time=earliest..latest&stackMode=absolute&facet=none&uniformYAxis=0,62e0b17b2555f0228d6f15ede17a9490,population-regions-with-projections-75eb85d8825ab16ee5683894399929b3_v57_850x600.svg,46,84,291189840,2461088
population-regions-with-projections,StackedArea,tab=chart&time=earliest..latest&stackMode=absolute&facet=none&uniformYAxis=0&focus=%3CfirstSeries%3E,tab=chart&time=earliest..latest&stackMode=absolute&facet=none&uniformYAxis=0&focus=Europe,1dad8e8bd6234f096b36975e4bccf14e,population-regions-with-projections-6b440a3fae750378c76be9230d5b46c5_v57_850x600.svg,50,89,750663504,2461088
population-regions-with-projections,StackedArea,tab=chart&time=earliest..latest&stackMode=absolute&facet=entity&uniformYAxis=1&focus=%3Cnone%3E,tab=chart&time=earliest..latest&stackMode=absolute&facet=entity&uniformYAxis=1,1a0f597654beb20906c461f7f44429bc,population-regions-with-projections-bdb5edc1dff767e2744c007b5472f9f8_v57_850x600.svg,95,150,216047840,2461088
population-regions-with-projections,StackedArea,tab=chart&time=earliest..latest&stackMode=absolute&facet=entity&uniformYAxis=0&focus=%3Cnone%3E,tab=chart&time=earliest..latest&stackMode=absolute&facet=entity&uniformYAxis=0,6df101039cfb87b0249679359e467732,population-regions-with-projections-fac36a053c698faed6910879e4bd08e8_v57_850x600.svg,44,90,1090785624,2461088
population-regions-with-projections,StackedArea,tab=chart&time=earliest..latest&stackMode=absolute&facet=metric&uniformYAxis=1&focus=%3Cnone%3E,tab=chart&time=earliest..latest&stackMode=absolute&facet=metric&uniformYAxis=1,6113848f0edec05bce50733f135909c9,population-regions-with-projections-f1c8afce9af7f0e15378c72f98904283_v57_850x600.svg,46,94,268096760,2461088
population-regions-with-projections,StackedArea,tab=chart&time=earliest..latest&stackMode=absolute&facet=metric&uniformYAxis=0&focus=%3Cnone%3E,tab=chart&time=earliest..latest&stackMode=absolute&facet=metric&uniformYAxis=0,155c793967265c260ac18d032199a37c,population-regions-with-projections-f82071396a1f567601b9a6c4e97be8ea_v57_850x600.svg,48,85,804223808,2461088
population-regions-with-projections,StackedArea,tab=chart&time=earliest..latest&stackMode=relative&facet=none&uniformYAxis=0&focus=%3Cnone%3E,tab=chart&time=earliest..latest&stackMode=relative&facet=none&uniformYAxis=0,ae0923a1c1fe9af16e99ee68ab7ee4d3,population-regions-with-projections-b0b0a5515a2b827c1ada39651942abe3_v57_850x600.svg,58,100,289104504,2461088
population-regions-with-projections,StackedArea,tab=chart&time=earliest..latest&stackMode=relative&facet=entity&uniformYAxis=1&focus=%3Cnone%3E,tab=chart&time=earliest..latest&stackMode=relative&facet=entity&uniformYAxis=1,f1ca937b8eb706ee4bdf404521bac237,population-regions-with-projections-cefeef588ba8676d4c9f9d4025016171_v57_850x600.svg,43,101,1071677808,2461088
population-regions-with-projections,StackedArea,tab=chart&time=earliest..latest&stackMode=relative&facet=entity&uniformYAxis=0&focus=%3Cnone%3E,tab=chart&time=earliest..latest&stackMode=relative&facet=entity&uniformYAxis=0,63645209a615875333c334cdd7d43236,population-regions-with-projections-ef2e9d3d5b0a6a79bbf4f24a5363c1af_v57_850x600.svg,52,110,602380480,2461088
population-regions-with-projections,StackedArea,tab=chart&time=earliest..latest&stackMode=relative&facet=metric&uniformYAxis=1&focus=%3Cnone%3E,tab=chart&time=earliest..latest&stackMode=relative&facet=metric&uniformYAxis=1,6aa925159b8d134023d270833035c282,population-regions-with-projections-a1a5970a3bc3027962425fb46fd31c44_v57_850x600.svg,52,94,270724512,2461088
population-regions-with-projections,StackedArea,tab=chart&time=earliest..latest&stackMode=relative&facet=metric&uniformYAxis=0&focus=%3Cnone%3E,tab=chart&time=earliest..latest&stackMode=relative&facet=metric&uniformYAxis=0,7925fc678f9cd4e4a973d87bf5715b23,population-regions-with-projections-11fec5f29f3282aadd146f8733ff5269_v57_850x600.svg,41,77,322253560,2461088
population-using-solid-fuels-for-cooking,SlopeChart,tab=chart&time=earliest..latest&yScale=linear&focus=%3Cnone%3E,tab=chart&time=earliest..latest&yScale=linear,07772d0f86593aeb0941aa6874884006,population-using-solid-fuels-for-cooking-fedfee7f4e8999a57e3ae8334834369b_v6_850x600.svg,3,18,813298200,916
population-using-solid-fuels-for-cooking,SlopeChart,tab=chart&time=earliest..latest&yScale=linear&focus=%3CfirstSeries%3E,tab=chart&time=earliest..latest&yScale=linear&focus=Southeast+Asia,7e67282e4a78a0dea8fe4500bb1292e8,population-using-solid-fuels-for-cooking-b5a7c08cff31d9e2f4339b93f35a73e1_v6_850x600.svg,3,17,298122480,916
population-using-solid-fuels-for-cooking,SlopeChart,tab=chart&time=earliest..latest&yScale=log&focus=%3Cnone%3E,tab=chart&time=earliest..latest&yScale=log,e14dde91834b3fe8c098d26f547cd0b3,population-using-solid-fuels-for-cooking-3e8c6681823c7bb7b99e8e2f95595463_v6_850x600.svg,2,19,744413856,916
population-with-un-projections,LineChart,tab=line&time=earliest..latest&stackMode=absolute&yScale=linear&facet=none&uniformYAxis=0&focus=%3Cnone%3E,tab=line&time=earliest..latest&stackMode=absolute&yScale=linear&facet=none&uniformYAxis=0,afe1b5a6c9dc94b2edb8cc265d773d44,population-with-un-projections-4430c2e2eb335ca7c64158941adb998d_v59_850x600.svg,59,85,308247176,1259390
population-with-un-projections,LineChart,tab=line&time=earliest..latest&stackMode=absolute&yScale=linear&facet=none&uniformYAxis=0&focus=%3CfirstSeries%3E,tab=line&time=earliest..latest&stackMode=absolute&yScale=linear&facet=none&uniformYAxis=0&focus=World,e2a18ae1dbabd21dff8a50aef51698cf,population-with-un-projections-fce8d68852eab5891d71536436a53dae_v59_850x600.svg,56,81,796233768,1259390
population-with-un-projections,LineChart,tab=line&time=earliest..latest&stackMode=absolute&yScale=linear&facet=entity&uniformYAxis=1&focus=%3Cnone%3E,tab=line&time=earliest..latest&stackMode=absolute&yScale=linear&facet=entity&uniformYAxis=1,44efcde50e914ef996c5958d88ee6578,population-with-un-projections-c9e137028d8726a2fb901026e4c9a3cb_v59_850x600.svg,40,63,1123479432,1259390
population-with-un-projections,LineChart,tab=line&time=earliest..latest&stackMode=absolute&yScale=linear&facet=entity&uniformYAxis=0&focus=%3Cnone%3E,tab=line&time=earliest..latest&stackMode=absolute&yScale=linear&facet=entity&uniformYAxis=0,849e823002f8122afaa2592622c6efc2,population-with-un-projections-a1b3bb0eec44ece440c67493e54f5bed_v59_850x600.svg,39,63,372844360,1259390
population-with-un-projections,LineChart,tab=line&time=earliest..latest&stackMode=absolute&yScale=linear&facet=metric&uniformYAxis=1&focus=%3Cnone%3E,tab=line&time=earliest..latest&stackMode=absolute&yScale=linear&facet=metric&uniformYAxis=1,f60522a81b029b93516519e04c7031b2,population-with-un-projections-97d77284ca49046e539bb4bde7ea1ab1_v59_850x600.svg,63,86,271521392,1259390
population-with-un-projections,LineChart,tab=line&time=earliest..latest&stackMode=absolute&yScale=linear&facet=metric&uniformYAxis=0&focus=%3Cnone%3E,tab=line&time=earliest..latest&stackMode=absolute&yScale=linear&facet=metric&uniformYAxis=0,a960d0b330651c8d070c0ebbbb593943,population-with-un-projections-4eb808ae74e4379569465d5e629645b3_v59_850x600.svg,60,84,624505272,1259390
population-with-un-projections,LineChart,tab=line&time=earliest..latest&stackMode=absolute&yScale=log&facet=none&uniformYAxis=0&focus=%3Cnone%3E,tab=line&time=earliest..latest&stackMode=absolute&yScale=log&facet=none&uniformYAxis=0,63b3408d54b4dc140f675cdf954f9520,population-with-un-projections-125775cfe5817e4e28a3556030c51d0c_v59_850x600.svg,45,68,1117972112,1259390
population-with-un-projections,LineChart,tab=line&time=earliest..latest&stackMode=absolute&yScale=log&facet=entity&uniformYAxis=1&focus=%3Cnone%3E,tab=line&time=earliest..latest&stackMode=absolute&yScale=log&facet=entity&uniformYAxis=1,030b125a00d2f5ee902dc0021642dfde,population-with-un-projections-2d63e33f4ac34395c7f1c42276c82bbe_v59_850x600.svg,53,79,848254840,1259390
population-with-un-projections,LineChart,tab=line&time=earliest..latest&stackMode=absolute&yScale=log&facet=entity&uniformYAxis=0&focus=%3Cnone%3E,tab=line&time=earliest..latest&stackMode=absolute&yScale=log&facet=entity&uniformYAxis=0,6890143942f64cf0854dd0d030165cb0,population-with-un-projections-a2e83d395d4ba45de21b14d7bd9fbeb7_v59_850x600.svg,54,88,272364384,1259390
population-with-un-projections,LineChart,tab=line&time=earliest..latest&stackMode=absolute&yScale=log&facet=metric&uniformYAxis=1&focus=%3Cnone%3E,tab=line&time=earliest..latest&stackMode=absolute&yScale=log&facet=metric&uniformYAxis=1,f1cf9d20a7d8f9d8cbbf42afab82d3ff,population-with-un-projections-20b9b9a19b12ae50e0d6c1a4fc28e5e8_v59_850x600.svg,39,63,336029752,1259390
population-with-un-projections,LineChart,tab=line&time=earliest..latest&stackMode=absolute&yScale=log&facet=metric&uniformYAxis=0&focus=%3Cnone%3E,tab=line&time=earliest..latest&stackMode=absolute&yScale=log&facet=metric&uniformYAxis=0,838b6a2bdb6e51c6d37cb12b04d0f250,population-with-un-projections-ca0c610171a0551dbb4a627e23e29f56_v59_850x600.svg,53,79,686749304,1259390
population-with-un-projections,LineChart,tab=line&time=earliest..latest&stackMode=relative&yScale=linear&facet=none&uniformYAxis=0&focus=%3Cnone%3E,tab=line&time=earliest..latest&stackMode=relative&yScale=linear&facet=none&uniformYAxis=0,454abdb7f8865cfeed8124cb764501d8,population-with-un-projections-3e69c2ab7cbb5643071a391e67189a67_v59_850x600.svg,60,87,260323400,1259390
population-with-un-projections,LineChart,tab=line&time=earliest..latest&stackMode=relative&yScale=linear&facet=entity&uniformYAxis=1&focus=%3Cnone%3E,tab=line&time=earliest..latest&stackMode=relative&yScale=linear&facet=entity&uniformYAxis=1,158f12ede653a9029f328d02dba90dc5,population-with-un-projections-8745684d3950240275cfac2bb38fdf4b_v59_850x600.svg,42,64,1170357864,1259390
population-with-un-projections,LineChart,tab=line&time=earliest..latest&stackMode=relative&yScale=linear&facet=entity&uniformYAxis=0&focus=%3Cnone%3E,tab=line&time=earliest..latest&stackMode=relative&yScale=linear&facet=entity&uniformYAxis=0,6a110a34e84c7cba3b8780fec6ad06f7,population-with-un-projections-8f9ed69a69d0935eb613989e2a3cde6a_v59_850x600.svg,41,64,388290520,1259390
population-with-un-projections,LineChart,tab=line&time=earliest..latest&stackMode=relative&yScale=linear&facet=metric&uniformYAxis=1&focus=%3Cnone%3E,tab=line&time=earliest..latest&stackMode=relative&yScale=linear&facet=metric&uniformYAxis=1,604f861e882e5e7c63fa2efc997636f8,population-with-un-projections-3733fc4ec16a09d5cecf596a4553b8dc_v59_850x600.svg,56,81,334899080,1259390
population-with-un-projections,LineChart,tab=line&time=earliest..latest&stackMode=relative&yScale=linear&facet=metric&uniformYAxis=0&focus=%3Cnone%3E,tab=line&time=earliest..latest&stackMode=relative&yScale=linear&facet=metric&uniformYAxis=0,7b018ff719da324758b610d78a82d1d6,population-with-un-projections-613a269764bea61f37fe6cdda4e208dc_v59_850x600.svg,53,78,807971304,1259390
population-with-un-projections,WorldMap,tab=map&time=earliest..latest&stackMode=absolute&yScale=linear&facet=none&uniformYAxis=0&focus=%3Cnone%3E,tab=map&time=earliest..latest&stackMode=absolute&yScale=linear&facet=none&uniformYAxis=0,0b9da355f3f1fd170c499e282242241c,population-with-un-projections-d8323fbe5b81c2b6621525fd272679bb_v59_850x600.svg,101,264,1177035304,1259390
population-with-un-projections,LineChart,tab=slope&time=earliest..latest&stackMode=absolute&yScale=linear&facet=none&uniformYAxis=0&focus=%3Cnone%3E,tab=slope&time=earliest..latest&stackMode=absolute&yScale=linear&facet=none&uniformYAxis=0,afe1b5a6c9dc94b2edb8cc265d773d44,population-with-un-projections-8869d925bb9ec36312653d7408b3825e_v59_850x600.svg,51,75,675040064,1259390
population-with-un-projections,LineChart,tab=slope&time=earliest..latest&stackMode=absolute&yScale=linear&facet=entity&uniformYAxis=1&focus=%3Cnone%3E,tab=slope&time=earliest..latest&stackMode=absolute&yScale=linear&facet=entity&uniformYAxis=1,44efcde50e914ef996c5958d88ee6578,population-with-un-projections-94f8762ac9e6f207f508da976fa7777b_v59_850x600.svg,49,73,321906352,1259390
population-with-un-projections,LineChart,tab=slope&time=earliest..latest&stackMode=absolute&yScale=linear&facet=entity&uniformYAxis=0&focus=%3Cnone%3E,tab=slope&time=earliest..latest&stackMode=absolute&yScale=linear&facet=entity&uniformYAxis=0,849e823002f8122afaa2592622c6efc2,population-with-un-projections-784910cad399974abce10237037577b8_v59_850x600.svg,40,68,353050976,1259390
population-with-un-projections,LineChart,tab=slope&time=earliest..latest&stackMode=absolute&yScale=linear&facet=metric&uniformYAxis=1&focus=%3Cnone%3E,tab=slope&time=earliest..latest&stackMode=absolute&yScale=linear&facet=metric&uniformYAxis=1,f60522a81b029b93516519e04c7031b2,population-with-un-projections-ef7d44586247e71c5218855b27d8382c_v59_850x600.svg,52,76,859586744,1259390
population-with-un-projections,LineChart,tab=slope&time=earliest..latest&stackMode=absolute&yScale=linear&facet=metric&uniformYAxis=0&focus=%3Cnone%3E,tab=slope&time=earliest..latest&stackMode=absolute&yScale=linear&facet=metric&uniformYAxis=0,a960d0b330651c8d070c0ebbbb593943,population-with-un-projections-826ab5a3685e5c0f530e312aed74de57_v59_850x600.svg,54,79,298202600,1259390
population-with-un-projections,LineChart,tab=slope&time=earliest..latest&stackMode=absolute&yScale=log&facet=none&uniformYAxis=0&focus=%3Cnone%3E,tab=slope&time=earliest..latest&stackMode=absolute&yScale=log&facet=none&uniformYAxis=0,63b3408d54b4dc140f675cdf954f9520,population-with-un-projections-2004f4ed5e6c7123527f290d11fa22e0_v59_850x600.svg,52,82,632656936,1259390
population-with-un-projections,LineChart,tab=slope&time=earliest..latest&stackMode=absolute&yScale=log&facet=entity&uniformYAxis=1&focus=%3Cnone%3E,tab=slope&time=earliest..latest&stackMode=absolute&yScale=log&facet=entity&uniformYAxis=1,030b125a00d2f5ee902dc0021642dfde,population-with-un-projections-ac638c4f34d948fe349a20d2dfb61ce7_v59_850x600.svg,52,75,305595104,1259390
population-with-un-projections,LineChart,tab=slope&time=earliest..latest&stackMode=absolute&yScale=log&facet=entity&uniformYAxis=0&focus=%3Cnone%3E,tab=slope&time=earliest..latest&stackMode=absolute&yScale=log&facet=entity&uniformYAxis=0,6890143942f64cf0854dd0d030165cb0,population-with-un-projections-602cf15b8e4cf555a48aab50e95a8aac_v59_850x600.svg,41,64,405073968,1259390
population-with-un-projections,LineChart,tab=slope&time=earliest..latest&stackMode=absolute&yScale=log&facet=metric&uniformYAxis=1&focus=%3Cnone%3E,tab=slope&time=earliest..latest&stackMode=absolute&yScale=log&facet=metric&uniformYAxis=1,f1cf9d20a7d8f9d8cbbf42afab82d3ff,population-with-un-projections-85de343b2e97abe79303be8b50dc85a9_v59_850x600.svg,57,81,799361952,1259390
population-with-un-projections,LineChart,tab=slope&time=earliest..latest&stackMode=absolute&yScale=log&facet=metric&uniformYAxis=0&focus=%3Cnone%3E,tab=slope&time=earliest..latest&stackMode=absolute&yScale=log&facet=metric&uniformYAxis=0,838b6a2bdb6e51c6d37cb12b04d0f250,population-with-un-projections-da5389268a3d40a777bafa40504058d6_v59_850x600.svg,52,77,360490528,1259390
population-with-un-projections,LineChart,tab=slope&time=earliest..latest&stackMode=relative&yScale=linear&facet=none&uniformYAxis=0&focus=%3Cnone%3E,tab=slope&time=earliest..latest&stackMode=relative&yScale=linear&facet=none&uniformYAxis=0,454abdb7f8865cfeed8124cb764501d8,population-with-un-projections-aeff4e7484a0699e34ef7db25ee756f4_v59_850x600.svg,55,77,364196856,1259390
population-with-un-projections,LineChart,tab=slope&time=earliest..latest&stackMode=relative&yScale=linear&facet=entity&uniformYAxis=1&focus=%3Cnone%3E,tab=slope&time=earliest..latest&stackMode=relative&yScale=linear&facet=entity&uniformYAxis=1,158f12ede653a9029f328d02dba90dc5,population-with-un-projections-3dffa15ae06e8a525ec0cee77d7eeccb_v59_850x600.svg,55,89,263608296,1259390
population-with-un-projections,LineChart,tab=slope&time=earliest..latest&stackMode=relative&yScale=linear&facet=entity&uniformYAxis=0&focus=%3Cnone%3E,tab=slope&time=earliest..latest&stackMode=relative&yScale=linear&facet=entity&uniformYAxis=0,6a110a34e84c7cba3b8780fec6ad06f7,population-with-un-projections-7064be44275c8da297486c7c3b02b4c8_v59_850x600.svg,84,111,196233208,1259390
population-with-un-projections,LineChart,tab=slope&time=earliest..latest&stackMode=relative&yScale=linear&facet=metric&uniformYAxis=1&focus=%3Cnone%3E,tab=slope&time=earliest..latest&stackMode=relative&yScale=linear&facet=metric&uniformYAxis=1,604f861e882e5e7c63fa2efc997636f8,population-with-un-projections-832c446b172ca5b57b8f29f2ad9a5773_v59_850x600.svg,54,78,851624512,1259390
population-with-un-projections,LineChart,tab=slope&time=earliest..latest&stackMode=relative&yScale=linear&facet=metric&uniformYAxis=0&focus=%3Cnone%3E,tab=slope&time=earliest..latest&stackMode=relative&yScale=linear&facet=metric&uniformYAxis=0,7b018ff719da324758b610d78a82d1d6,population-with-un-projections-ce47134240246dee7c7ed0361a427b50_v59_850x600.svg,59,84,324670000,1259390
primary-energy-source-bar,StackedDiscreteBar,tab=chart&time=earliest&stackMode=absolute&facet=none&focus=%3Cnone%3E,tab=chart&time=earliest&stackMode=absolute&facet=none,32c65b21d4cdadf9d626f4e69835e4c5,primary-energy-source-bar-a6b0c4e3db34a5e2fc32ca3bac8c4a17_v26_850x600.svg,29,45,407614576,1551125
primary-energy-source-bar,StackedDiscreteBar,tab=chart&time=earliest&stackMode=absolute&facet=none&focus=%3CfirstSeries%3E,tab=chart&time=earliest&stackMode=absolute&facet=none&focus=Coal,ed1886b835a8c1b855714047224fa6e9,primary-energy-source-bar-c657adb3ceab44e8f6c9fe7053911669_v26_850x600.svg,45,63,319544320,1551125
primary-energy-source-bar,StackedDiscreteBar,tab=chart&time=earliest&stackMode=absolute&facet=entity&focus=%3Cnone%3E,tab=chart&time=earliest&stackMode=absolute&facet=entity,43f3e064f89e488294e7203ed9fc8187,primary-energy-source-bar-877a9b6d076238fb08b171b77fe1fe4a_v26_850x600.svg,38,54,1148658560,1551125
primary-energy-source-bar,StackedDiscreteBar,tab=chart&time=earliest&stackMode=absolute&facet=metric&focus=%3Cnone%3E,tab=chart&time=earliest&stackMode=absolute&facet=metric,74f36c0c85603c68bb8a23b08ff80307,primary-energy-source-bar-9f40fe5d548a77f9c83a5583ef868b22_v26_850x600.svg,39,86,824661552,1551125
primary-energy-source-bar,StackedDiscreteBar,tab=chart&time=earliest&stackMode=relative&facet=none&focus=%3Cnone%3E,tab=chart&time=earliest&stackMode=relative&facet=none,2170a7c07d5bfcc6f38289bcd9c3e4dd,primary-energy-source-bar-14c6ad9463aea3c92a5d1278a5f2a46e_v26_850x600.svg,45,65,382689664,1551125
primary-energy-source-bar,StackedDiscreteBar,tab=chart&time=earliest&stackMode=relative&facet=entity&focus=%3Cnone%3E,tab=chart&time=earliest&stackMode=relative&facet=entity,2a67216f99f52bfae91dfaf8b7e9064e,primary-energy-source-bar-78b3b21507554bdf10b4682184459c8d_v26_850x600.svg,50,73,255517800,1551125
primary-energy-source-bar,StackedDiscreteBar,tab=chart&time=earliest&stackMode=relative&facet=metric&focus=%3Cnone%3E,tab=chart&time=earliest&stackMode=relative&facet=metric,434747a7c06a04e731e6fb23dd4cbdd3,primary-energy-source-bar-9e83ff3b0bce978ecdb9211188c79332_v26_850x600.svg,28,64,406581864,1551125
primary-energy-source-bar,StackedDiscreteBar,tab=chart&time=latest&stackMode=absolute&facet=none&focus=%3Cnone%3E,tab=chart&time=latest&stackMode=absolute&facet=none,87742d2b1c0cd8498130e0a570ba5334,primary-energy-source-bar-5f578d8557ce718b2eb5406357c7da32_v26_850x600.svg,27,43,1191775728,1551125
primary-energy-source-bar,StackedDiscreteBar,tab=chart&time=latest&stackMode=absolute&facet=none&focus=%3CfirstSeries%3E,tab=chart&time=latest&stackMode=absolute&facet=none&focus=Coal,14b0893871cfbe640921bd1a38c2b076,primary-energy-source-bar-2ed30605576a40567186c80528d83a3f_v26_850x600.svg,37,55,318406568,1551125
primary-energy-source-bar,StackedDiscreteBar,tab=chart&time=latest&stackMode=absolute&facet=entity&focus=%3Cnone%3E,tab=chart&time=latest&stackMode=absolute&facet=entity,3556a3eb447a1fca4366e46d3235203a,primary-energy-source-bar-b759ed343f48c8a07c19fb5c0bccd793_v26_850x600.svg,45,63,370806248,1551125
primary-energy-source-bar,StackedDiscreteBar,tab=chart&time=latest&stackMode=absolute&facet=metric&focus=%3Cnone%3E,tab=chart&time=latest&stackMode=absolute&facet=metric,5e1c673e81476731e7dea52af824bf86,primary-energy-source-bar-c7d53f92b7b797aad36521ae859fba9d_v26_850x600.svg,27,69,416852280,1551125
primary-energy-source-bar,StackedDiscreteBar,tab=chart&time=latest&stackMode=relative&facet=none&focus=%3Cnone%3E,tab=chart&time=latest&stackMode=relative&facet=none,a08f89789da52e55df803e09bd105233,primary-energy-source-bar-173f88704c2c24ff6b07444f4507ddc0_v26_850x600.svg,45,66,247585176,1551125
primary-energy-source-bar,StackedDiscreteBar,tab=chart&time=latest&stackMode=relative&facet=entity&focus=%3Cnone%3E,tab=chart&time=latest&stackMode=relative&facet=entity,e913089b1baa9078d47dbc546c4c4974,primary-energy-source-bar-dffeae05c46f75bafe6cea2a3618bd03_v26_850x600.svg,47,71,816846352,1551125
primary-energy-source-bar,StackedDiscreteBar,tab=chart&time=latest&stackMode=relative&facet=metric&focus=%3Cnone%3E,tab=chart&time=latest&stackMode=relative&facet=metric,a746851b4bfa78987061f4accc34f0d8,primary-energy-source-bar-9b04153fbeee08cd599fd7a918f303dd_v26_850x600.svg,27,69,1198238232,1551125
share-employment-agriculture-industry-services,StackedArea,tab=chart&time=earliest..latest&stackMode=absolute&facet=none&uniformYAxis=0&focus=%3Cnone%3E,tab=chart&time=earliest..latest&stackMode=absolute&facet=none&uniformYAxis=0,c3cbd4441a7d5b3bdd9820a1e5433dc7,share-employment-agriculture-industry-services-75eb85d8825ab16ee5683894399929b3_v25_850x600.svg,18,36,289009312,697544
share-employment-agriculture-industry-services,StackedArea,tab=chart&time=earliest..latest&stackMode=absolute&facet=none&uniformYAxis=0&focus=%3CfirstSeries%3E,tab=chart&time=earliest..latest&stackMode=absolute&facet=none&uniformYAxis=0&focus=Services,237be0c389a213085601153e4e644404,share-employment-agriculture-industry-services-7b8d306acf2e6cbdd19fa75991b709c3_v25_850x600.svg,15,29,313563888,697544
share-employment-agriculture-industry-services,StackedArea,tab=chart&time=earliest..latest&stackMode=absolute&facet=entity&uniformYAxis=1&focus=%3Cnone%3E,tab=chart&time=earliest..latest&stackMode=absolute&facet=entity&uniformYAxis=1,65317fda40c05ef8c80bd8ca80c2ebee,share-employment-agriculture-industry-services-bdb5edc1dff767e2744c007b5472f9f8_v25_850x600.svg,16,31,345437928,697544
share-employment-agriculture-industry-services,StackedArea,tab=chart&time=earliest..latest&stackMode=absolute&facet=entity&uniformYAxis=0&focus=%3Cnone%3E,tab=chart&time=earliest..latest&stackMode=absolute&facet=entity&uniformYAxis=0,3066fbdc7ddd68426379744b649522be,share-employment-agriculture-industry-services-fac36a053c698faed6910879e4bd08e8_v25_850x600.svg,19,35,220521232,697544
share-employment-agriculture-industry-services,StackedArea,tab=chart&time=earliest..latest&stackMode=absolute&facet=metric&uniformYAxis=1&focus=%3Cnone%3E,tab=chart&time=earliest..latest&stackMode=absolute&facet=metric&uniformYAxis=1,ed2cdf06056e78fe7c1c00a047dce536,share-employment-agriculture-industry-services-f1c8afce9af7f0e15378c72f98904283_v25_850x600.svg,18,32,838708360,697544
share-employment-agriculture-industry-services,StackedArea,tab=chart&time=earliest..latest&stackMode=absolute&facet=metric&uniformYAxis=0&focus=%3Cnone%3E,tab=chart&time=earliest..latest&stackMode=absolute&facet=metric&uniformYAxis=0,bbe2b3fde903bd5b3722fa498158a770,share-employment-agriculture-industry-services-f82071396a1f567601b9a6c4e97be8ea_v25_850x600.svg,11,23,388032192,697544
share-employment-agriculture-industry-services,StackedArea,tab=chart&time=earliest..latest&stackMode=relative&facet=none&uniformYAxis=0&focus=%3Cnone%3E,tab=chart&time=earliest..latest&stackMode=relative&facet=none&uniformYAxis=0,c64a09c3b9da781ece7ea5d655b14321,share-employment-agriculture-industry-services-b0b0a5515a2b827c1ada39651942abe3_v25_850x600.svg,12,25,1172675520,697544
share-employment-agriculture-industry-services,StackedArea,tab=chart&time=earliest..latest&stackMode=relative&facet=entity&uniformYAxis=1&focus=%3Cnone%3E,tab=chart&time=earliest..latest&stackMode=relative&facet=entity&uniformYAxis=1,7fe2d05ebe932aa04357953f63e8d89c,share-employment-agriculture-industry-services-cefeef588ba8676d4c9f9d4025016171_v25_850x600.svg,15,29,338147864,697544
share-employment-agriculture-industry-services,StackedArea,tab=chart&time=earliest..latest&stackMode=relative&facet=entity&uniformYAxis=0&focus=%3Cnone%3E,tab=chart&time=earliest..latest&stackMode=relative&facet=entity&uniformYAxis=0,9979bb887e354df5067c425798a6e872,share-employment-agriculture-industry-services-ef2e9d3d5b0a6a79bbf4f24a5363c1af_v25_850x600.svg,15,30,369941528,697544
share-employment-agriculture-industry-services,StackedArea,tab=chart&time=earliest..latest&stackMode=relative&facet=metric&uniformYAxis=1&focus=%3Cnone%3E,tab=chart&time=earliest..latest&stackMode=relative&facet=metric&uniformYAxis=1,4d7d8c816e393c9f3a903c61b5f98a2d,share-employment-agriculture-industry-services-a1a5970a3bc3027962425fb46fd31c44_v25_850x600.svg,12,25,409952672,697544
share-employment-agriculture-industry-services,StackedArea,tab=chart&time=earliest..latest&stackMode=relative&facet=metric&uniformYAxis=0&focus=%3Cnone%3E,tab=chart&time=earliest..latest&stackMode=relative&facet=metric&uniformYAxis=0,b90c8009d285394cef80abb657c9fbd0,share-employment-agriculture-industry-services-11fec5f29f3282aadd146f8733ff5269_v25_850x600.svg,12,24,1194601072,697544
share-multi-poverty,Marimekko,tab=chart&time=earliest&stackMode=absolute&showNoDataArea=1,tab=chart&time=earliest&stackMode=absolute&showNoDataArea=1,45111ec54b84f1d1885b24663270c906,share-multi-poverty-241409b3746c788e4acd939b8b33bc31_v45_850x600.svg,2,22,852347904,12995
share-multi-poverty,Marimekko,tab=chart&time=earliest&stackMode=absolute&showNoDataArea=0,tab=chart&time=earliest&stackMode=absolute&showNoDataArea=0,c0359f5103bbdcc06a159938924bf519,share-multi-poverty-a4125f55250928f556fd492aa291c876_v45_850x600.svg,2,24,235700696,12995
share-multi-poverty,Marimekko,tab=chart&time=earliest&stackMode=relative&showNoDataArea=1,tab=chart&time=earliest&stackMode=relative&showNoDataArea=1,4f32a161d5baa8c7e783c5decb4f0e5b,share-multi-poverty-bd36a6ff48d328b07e6f43ed3299fde2_v45_850x600.svg,2,22,303857248,12995
share-multi-poverty,Marimekko,tab=chart&time=earliest&stackMode=relative&showNoDataArea=0,tab=chart&time=earliest&stackMode=relative&showNoDataArea=0,f8eb99ef026491a817081af59c3dc5c6,share-multi-poverty-e1acf2328eecf43659fcecf28abc2c0c_v45_850x600.svg,2,22,425064288,12995
share-multi-poverty,Marimekko,tab=chart&time=latest&stackMode=absolute&showNoDataArea=1,tab=chart&time=latest&stackMode=absolute&showNoDataArea=1,f798d3947332483531a0f3fe16539d28,share-multi-poverty-6a32c66e3623fda65fb9b44d9994515f_v45_850x600.svg,1,21,383561744,12995
share-multi-poverty,Marimekko,tab=chart&time=latest&stackMode=absolute&showNoDataArea=0,tab=chart&time=latest&stackMode=absolute&showNoDataArea=0,c65028a71db78a63fa11cbfeef5ee25d,share-multi-poverty-fcfced7a079bead6b5c18accbd776a61_v45_850x600.svg,1,21,867228064,12995
share-multi-poverty,Marimekko,tab=chart&time=latest&stackMode=relative&showNoDataArea=1,tab=chart&time=latest&stackMode=relative&showNoDataArea=1,ac45f6cd17e847b11ef1b1ae303e4fc3,share-multi-poverty-6ac59886d82f0751d503812ecf6e309a_v45_850x600.svg,2,20,1208237064,12995
share-multi-poverty,Marimekko,tab=chart&time=latest&stackMode=relative&showNoDataArea=0,tab=chart&time=latest&stackMode=relative&showNoDataArea=0,7624e9317c769fc6eb994be36cf3d04f,share-multi-poverty-1756c7e7d468dcb830038097a0a431ae_v45_850x600.svg,1,22,250903032,12995
share-of-adults-who-report-saving-money-in-the-past-year,SlopeChart,tab=chart&time=earliest..latest&yScale=linear&focus=%3Cnone%3E,tab=chart&time=earliest..latest&yScale=linear,432a0fd8cb195682d2c4985d5fa5e403,share-of-adults-who-report-saving-money-in-the-past-year-fedfee7f4e8999a57e3ae8334834369b_v10_850x600.svg,3,14,313068952,15986
share-of-adults-who-report-saving-money-in-the-past-year,SlopeChart,tab=chart&time=earliest..latest&yScale=linear&focus=%3CfirstSeries%3E,tab=chart&time=earliest..latest&yScale=linear&focus=World,193e2493c6e877d2e8ada781142a698d,share-of-adults-who-report-saving-money-in-the-past-year-d929147b8216b2251dc494845ec9b320_v10_850x600.svg,3,14,340751752,15986
share-of-adults-who-report-saving-money-in-the-past-year,SlopeChart,tab=chart&time=earliest..latest&yScale=log&focus=%3Cnone%3E,tab=chart&time=earliest..latest&yScale=log,e689f782a6a1f0cce3290d0f75e1e080,share-of-adults-who-report-saving-money-in-the-past-year-3e8c6681823c7bb7b99e8e2f95595463_v10_850x600.svg,3,14,386294536,15986
share-of-plastic-waste-that-is-mismanaged,SlopeChart,tab=chart&time=earliest..latest&yScale=linear&focus=%3Cnone%3E,tab=chart&time=earliest..latest&yScale=linear,a565cc3f4d33c082e25fa322b4f46800,share-of-plastic-waste-that-is-mismanaged-fedfee7f4e8999a57e3ae8334834369b_v17_850x600.svg,2,18,834970272,6874
share-of-plastic-waste-that-is-mismanaged,SlopeChart,tab=chart&time=earliest..latest&yScale=linear&focus=%3CfirstSeries%3E,tab=chart&time=earliest..latest&yScale=linear&focus=Americas+%28excl.+USA%29,371e79f3200c195282c06494291efb06,share-of-plastic-waste-that-is-mismanaged-9bc52671fd627d0064b332619f3385d7_v17_850x600.svg,2,17,324407760,6874
share-of-plastic-waste-that-is-mismanaged,SlopeChart,tab=chart&time=earliest..latest&yScale=log&focus=%3Cnone%3E,tab=chart&time=earliest..latest&yScale=log,f918bba539a1b3e7d7b951468fbd12e8,share-of-plastic-waste-that-is-mismanaged-3e8c6681823c7bb7b99e8e2f95595463_v17_850x600.svg,2,19,1175047248,6874
share-of-students-at-end-of-primary-education-achieving-minimum-reading-proficiency,Marimekko,tab=chart&time=earliest&stackMode=absolute&showNoDataArea=1,tab=chart&time=earliest&stackMode=absolute&showNoDataArea=1,b83042a3e5ef7bd16a04e482f628da68,share-of-students-at-end-of-primary-education-achieving-minimum-reading-proficiency-241409b3746c788e4acd939b8b33bc31_v34_850x600.svg,2,25,224468880,26453
share-of-students-at-end-of-primary-education-achieving-minimum-reading-proficiency,Marimekko,tab=chart&time=earliest&stackMode=absolute&showNoDataArea=0,tab=chart&time=earliest&stackMode=absolute&showNoDataArea=0,7ba95ece27913b6da2a7602a1d804b8f,share-of-students-at-end-of-primary-education-achieving-minimum-reading-proficiency-a4125f55250928f556fd492aa291c876_v34_850x600.svg,2,26,360325480,26453
share-of-students-at-end-of-primary-education-achieving-minimum-reading-proficiency,Marimekko,tab=chart&time=earliest&stackMode=relative&showNoDataArea=1,tab=chart&time=earliest&stackMode=relative&showNoDataArea=1,abec14f9555e42e4f07b050da1620458,share-of-students-at-end-of-primary-education-achieving-minimum-reading-proficiency-bd36a6ff48d328b07e6f43ed3299fde2_v34_850x600.svg,2,22,403232760,26453
share-of-students-at-end-of-primary-education-achieving-minimum-reading-proficiency,Marimekko,tab=chart&time=earliest&stackMode=relative&showNoDataArea=0,tab=chart&time=earliest&stackMode=relative&showNoDataArea=0,b4e583cc0481306936fe7fae9cbb0ce8,share-of-students-at-end-of-primary-education-achieving-minimum-reading-proficiency-e1acf2328eecf43659fcecf28abc2c0c_v34_850x600.svg,2,25,343938584,26453
share-of-students-at-end-of-primary-education-achieving-minimum-reading-proficiency,Marimekko,tab=chart&time=latest&stackMode=absolute&showNoDataArea=1,tab=chart&time=latest&stackMode=absolute&showNoDataArea=1,88aae855481d84d32fa885e3fdd11780,share-of-students-at-end-of-primary-education-achieving-minimum-reading-proficiency-6a32c66e3623fda65fb9b44d9994515f_v34_850x600.svg,2,26,852616096,26453
share-of-students-at-end-of-primary-education-achieving-minimum-reading-proficiency,Marimekko,tab=chart&time=latest&stackMode=absolute&showNoDataArea=0,tab=chart&time=latest&stackMode=absolute&showNoDataArea=0,fe198c6edcb07f4b8d6ac127f89ca344,share-of-students-at-end-of-primary-education-achieving-minimum-reading-proficiency-fcfced7a079bead6b5c18accbd776a61_v34_850x600.svg,2,27,244899816,26453
share-of-students-at-end-of-primary-education-achieving-minimum-reading-proficiency,Marimekko,tab=chart&time=latest&stackMode=relative&showNoDataArea=1,tab=chart&time=latest&stackMode=relative&showNoDataArea=1,a0743b16394f75a7e6109c627656669b,share-of-students-at-end-of-primary-education-achieving-minimum-reading-proficiency-6ac59886d82f0751d503812ecf6e309a_v34_850x600.svg,2,24,420800552,26453
share-of-students-at-end-of-primary-education-achieving-minimum-reading-proficiency,Marimekko,tab=chart&time=latest&stackMode=relative&showNoDataArea=0,tab=chart&time=latest&stackMode=relative&showNoDataArea=0,aff95eb402b492e67ff5e246215747b9,share-of-students-at-end-of-primary-education-achieving-minimum-reading-proficiency-1756c7e7d468dcb830038097a0a431ae_v34_850x600.svg,1,26,380734816,26453
share-plastic-waste-recycled,SlopeChart,tab=chart&time=earliest..latest&yScale=linear&focus=%3Cnone%3E,tab=chart&time=earliest..latest&yScale=linear,5d095ec17da10a102463fff1f2ef7352,share-plastic-waste-recycled-fedfee7f4e8999a57e3ae8334834369b_v13_850x600.svg,2,16,864891296,6871
share-plastic-waste-recycled,SlopeChart,tab=chart&time=earliest..latest&yScale=linear&focus=%3CfirstSeries%3E,tab=chart&time=earliest..latest&yScale=linear&focus=Americas+%28excl.+USA%29,7e3e2809a82d9714d7d837ae34d28bd2,share-plastic-waste-recycled-9bc52671fd627d0064b332619f3385d7_v13_850x600.svg,2,16,316247544,6871
share-plastic-waste-recycled,SlopeChart,tab=chart&time=earliest..latest&yScale=log&focus=%3Cnone%3E,tab=chart&time=earliest..latest&yScale=log,0dba6422021a84d8e4c9da5828b05b50,share-plastic-waste-recycled-3e8c6681823c7bb7b99e8e2f95595463_v13_850x600.svg,2,15,170986776,6871
time-spend-in-domestic-work-female-vs-male,Dumbbell,tab=chart&time=earliest&yScale=linear&focus=%3Cnone%3E,tab=chart&time=earliest&yScale=linear,b5aa4b94c3135cfbbaadb15044988a06,time-spend-in-domestic-work-female-vs-male-5a700939f8e5f77eb5ae6f61b82fc87b_v39_850x600.svg,3,14,397169200,8437
time-spend-in-domestic-work-female-vs-male,Dumbbell,tab=chart&time=earliest&yScale=linear&focus=%3CfirstSeries%3E,tab=chart&time=earliest&yScale=linear&focus=Austria,b9f89f37f45f343e0518dbd37cd3567e,time-spend-in-domestic-work-female-vs-male-380f214fdc915b43f59054110a34fc70_v39_850x600.svg,3,16,253975776,8437
time-spend-in-domestic-work-female-vs-male,Dumbbell,tab=chart&time=earliest&yScale=log&focus=%3Cnone%3E,tab=chart&time=earliest&yScale=log,117878bcc9aab3a4f1447f294538fb8f,time-spend-in-domestic-work-female-vs-male-8a0805dcd4a9ddb383fb3290a7e5d490_v39_850x600.svg,3,15,873735144,8437
time-spend-in-domestic-work-female-vs-male,Dumbbell,tab=chart&time=latest&yScale=linear&focus=%3Cnone%3E,tab=chart&time=latest&yScale=linear,81313a169d1423165cdf10ef8ee9a337,time-spend-in-domestic-work-female-vs-male-004479566da5eadb51940ff1930f02a8_v39_850x600.svg,3,18,181267512,8437
time-spend-in-domestic-work-female-vs-male,Dumbbell,tab=chart&time=latest&yScale=linear&focus=%3CfirstSeries%3E,tab=chart&time=latest&yScale=linear&focus=Costa+Rica,d2eded9f868c74fdbea33fcd788b061b,time-spend-in-domestic-work-female-vs-male-f7eb2c1161151134a0cbb2f55b741358_v39_850x600.svg,3,19,326458352,8437
time-spend-in-domestic-work-female-vs-male,Dumbbell,tab=chart&time=latest&yScale=log&focus=%3Cnone%3E,tab=chart&time=latest&yScale=log,dca3cb7e247dcb50f568ea62fa6dac68,time-spend-in-domestic-work-female-vs-male-9ea1a0e39d85e2a978b1923dc567f665_v39_850x600.svg,3,18,356074792,8437
time-spend-in-domestic-work-female-vs-male,Dumbbell,tab=chart&time=earliest..latest&yScale=linear&focus=%3Cnone%3E,tab=chart&time=earliest..latest&yScale=linear,5bb5a73e45ae2de84268a2a517419d30,time-spend-in-domestic-work-female-vs-male-fedfee7f4e8999a57e3ae8334834369b_v39_850x600.svg,3,16,407213096,8437
time-spend-in-domestic-work-female-vs-male,Dumbbell,tab=chart&time=earliest..latest&yScale=linear&focus=%3CfirstSeries%3E,tab=chart&time=earliest..latest&yScale=linear&focus=Costa+Rica,2dd76799b7e56e50eab4d8acc018d0aa,time-spend-in-domestic-work-female-vs-male-e2c64d386bd14480e4ba86c458c6a2ea_v39_850x600.svg,3,16,191329168,8437
time-spend-in-domestic-work-female-vs-male,Dumbbell,tab=chart&time=earliest..latest&yScale=log&focus=%3Cnone%3E,tab=chart&time=earliest..latest&yScale=log,3d52b0c4649e336759aa2997568d2575,time-spend-in-domestic-work-female-vs-male-3e8c6681823c7bb7b99e8e2f95595463_v39_850x600.svg,3,17,230407264,8437
total-population-living-in-extreme-poverty-by-world-region,StackedArea,tab=chart&time=earliest..latest&stackMode=absolute&facet=none&uniformYAxis=0&focus=%3Cnone%3E,tab=chart&time=earliest..latest&stackMode=absolute&facet=none&uniformYAxis=0,aebf7c3764ac31950fdb4370e67e932d,total-population-living-in-extreme-poverty-by-world-region-75eb85d8825ab16ee5683894399929b3_v61_850x600.svg,5,18,339713920,88625
total-population-living-in-extreme-poverty-by-world-region,StackedArea,tab=chart&time=earliest..latest&stackMode=absolute&facet=none&uniformYAxis=0&focus=%3CfirstSeries%3E,tab=chart&time=earliest..latest&stackMode=absolute&facet=none&uniformYAxis=0&focus=North+America+%28WB%29,f57d1da2c18a0db0bbaebd155dbb3312,total-population-living-in-extreme-poverty-by-world-region-88ef1eb85a942ba2f4b45bb64c98489e_v61_850x600.svg,5,18,847534016,88625
total-population-living-in-extreme-poverty-by-world-region,StackedArea,tab=chart&time=earliest..latest&stackMode=absolute&facet=entity&uniformYAxis=1&focus=%3Cnone%3E,tab=chart&time=earliest..latest&stackMode=absolute&facet=entity&uniformYAxis=1,97429265fa8c9537d884478762eb6254,total-population-living-in-extreme-poverty-by-world-region-bdb5edc1dff767e2744c007b5472f9f8_v61_850x600.svg,5,29,379880312,88625
total-population-living-in-extreme-poverty-by-world-region,StackedArea,tab=chart&time=earliest..latest&stackMode=absolute&facet=entity&uniformYAxis=0&focus=%3Cnone%3E,tab=chart&time=earliest..latest&stackMode=absolute&facet=entity&uniformYAxis=0,b3d2715846059f3940b1c66c41b1c526,total-population-living-in-extreme-poverty-by-world-region-fac36a053c698faed6910879e4bd08e8_v61_850x600.svg,4,28,430927328,88625
total-population-living-in-extreme-poverty-by-world-region,StackedArea,tab=chart&time=earliest..latest&stackMode=absolute&facet=metric&uniformYAxis=1&focus=%3Cnone%3E,tab=chart&time=earliest..latest&stackMode=absolute&facet=metric&uniformYAxis=1,cfa186b7724b078682e67e7772cc6853,total-population-living-in-extreme-poverty-by-world-region-f1c8afce9af7f0e15378c72f98904283_v61_850x600.svg,4,18,204613616,88625
total-population-living-in-extreme-poverty-by-world-region,StackedArea,tab=chart&time=earliest..latest&stackMode=absolute&facet=metric&uniformYAxis=0&focus=%3Cnone%3E,tab=chart&time=earliest..latest&stackMode=absolute&facet=metric&uniformYAxis=0,71d213db7fb5fcbdbb241fc9c87fac6c,total-population-living-in-extreme-poverty-by-world-region-f82071396a1f567601b9a6c4e97be8ea_v61_850x600.svg,5,20,243752216,88625
total-population-living-in-extreme-poverty-by-world-region,StackedArea,tab=chart&time=earliest..latest&stackMode=relative&facet=none&uniformYAxis=0&focus=%3Cnone%3E,tab=chart&time=earliest..latest&stackMode=relative&facet=none&uniformYAxis=0,3c509f5bc83a6bbf93d9aaa53380425e,total-population-living-in-extreme-poverty-by-world-region-b0b0a5515a2b827c1ada39651942abe3_v61_850x600.svg,5,18,860718400,88625
total-population-living-in-extreme-poverty-by-world-region,StackedArea,tab=chart&time=earliest..latest&stackMode=relative&facet=entity&uniformYAxis=1&focus=%3Cnone%3E,tab=chart&time=earliest..latest&stackMode=relative&facet=entity&uniformYAxis=1,e42392b6b73d8d23af7385ebbe307e36,total-population-living-in-extreme-poverty-by-world-region-cefeef588ba8676d4c9f9d4025016171_v61_850x600.svg,5,35,321559544,88625
total-population-living-in-extreme-poverty-by-world-region,StackedArea,tab=chart&time=earliest..latest&stackMode=relative&facet=entity&uniformYAxis=0&focus=%3Cnone%3E,tab=chart&time=earliest..latest&stackMode=relative&facet=entity&uniformYAxis=0,13f641bac0c0c71fbd127410a961c4dd,total-population-living-in-extreme-poverty-by-world-region-ef2e9d3d5b0a6a79bbf4f24a5363c1af_v61_850x600.svg,5,33,364984872,88625
total-population-living-in-extreme-poverty-by-world-region,StackedArea,tab=chart&time=earliest..latest&stackMode=relative&facet=metric&uniformYAxis=1&focus=%3Cnone%3E,tab=chart&time=earliest..latest&stackMode=relative&facet=metric&uniformYAxis=1,cbd7e7c16e68c5f007436f33f0a5924c,total-population-living-in-extreme-poverty-by-world-region-a1a5970a3bc3027962425fb46fd31c44_v61_850x600.svg,5,18,217819288,88625
total-population-living-in-extreme-poverty-by-world-region,StackedArea,tab=chart&time=earliest..latest&stackMode=relative&facet=metric&uniformYAxis=0&focus=%3Cnone%3E,tab=chart&time=earliest..latest&stackMode=relative&facet=metric&uniformYAxis=0,6210a30765b4999a8a979c73d02f93e2,total-population-living-in-extreme-poverty-by-world-region-11fec5f29f3282aadd146f8733ff5269_v61_850x600.svg,4,19,256987520,88625
whale-populations,SlopeChart,tab=chart&time=earliest..latest&yScale=linear&focus=%3Cnone%3E,tab=chart&time=earliest..latest&yScale=linear,48c09654983c586f6dca3705133e3b58,whale-populations-fedfee7f4e8999a57e3ae8334834369b_v11_850x600.svg,2,15,870943272,576
whale-populations,SlopeChart,tab=chart&time=earliest..latest&yScale=linear&focus=%3CfirstSeries%3E,tab=chart&time=earliest..latest&yScale=linear&focus=Blue+whale,b44392f67b6b67d7850507eb9e11ad67,whale-populations-22d07b58b8f1d16bdff787b08febb83a_v11_850x600.svg,2,14,440997032,576
whale-populations,SlopeChart,tab=chart&time=earliest..latest&yScale=log&focus=%3Cnone%3E,tab=chart&time=earliest..latest&yScale=log,9d2ffefd4494d46a1b3d39dbb6f5b0a6,whale-populations-3e8c6681823c7bb7b99e8e2f95595463_v11_850x600.svg,3,17,881011552,576
years-colonized,Marimekko,tab=chart&time=earliest&stackMode=absolute&showNoDataArea=1,tab=chart&time=earliest&stackMode=absolute&showNoDataArea=1,104a8df3a0b26c4cc8058de8fa3c26ba,years-colonized-241409b3746c788e4acd939b8b33bc31_v19_850x600.svg,90,250,396845616,2322393
years-colonized,Marimekko,tab=chart&time=earliest&stackMode=absolute&showNoDataArea=0,tab=chart&time=earliest&stackMode=absolute&showNoDataArea=0,e06c7ea4017b8c70980c3cc8e993626e,years-colonized-a4125f55250928f556fd492aa291c876_v19_850x600.svg,66,277,301884592,2322393
years-colonized,Marimekko,tab=chart&time=earliest&stackMode=relative&showNoDataArea=1,tab=chart&time=earliest&stackMode=relative&showNoDataArea=1,e213443ab9823330dc9960b0344df8de,years-colonized-bd36a6ff48d328b07e6f43ed3299fde2_v19_850x600.svg,94,246,334080272,2322393
years-colonized,Marimekko,tab=chart&time=earliest&stackMode=relative&showNoDataArea=0,tab=chart&time=earliest&stackMode=relative&showNoDataArea=0,5cc87aed4a3543720d295cfc36e2daee,years-colonized-e1acf2328eecf43659fcecf28abc2c0c_v19_850x600.svg,61,267,530015040,2322393
years-colonized,Marimekko,tab=chart&time=latest&stackMode=absolute&showNoDataArea=1,tab=chart&time=latest&stackMode=absolute&showNoDataArea=1,537abd75b5772ee89108523f9132a768,years-colonized-6a32c66e3623fda65fb9b44d9994515f_v19_850x600.svg,88,244,440334880,2322393
years-colonized,Marimekko,tab=chart&time=latest&stackMode=absolute&showNoDataArea=0,tab=chart&time=latest&stackMode=absolute&showNoDataArea=0,88e68657b93dd73fb6ec8b56b6d2e878,years-colonized-fcfced7a079bead6b5c18accbd776a61_v19_850x600.svg,84,304,978544280,2322393
years-colonized,Marimekko,tab=chart&time=latest&stackMode=relative&showNoDataArea=1,tab=chart&time=latest&stackMode=relative&showNoDataArea=1,f152aa193753eeb1e895a3e81195e834,years-colonized-6ac59886d82f0751d503812ecf6e309a_v19_850x600.svg,78,221,413470128,2322393
years-colonized,Marimekko,tab=chart&time=latest&stackMode=relative&showNoDataArea=0,tab=chart&time=latest&stackMode=relative&showNoDataArea=0,9557f13e4170d0700da4d41825250b8b,years-colonized-1756c7e7d468dcb830038097a0a431ae_v19_850x600.svg,78,292,513235336,2322393