{
  "values": [
    8.396421,
    9.812321,
    12.134365,
    11.0023155,
    19.575184,
    49.547153,
    34.36771,
    21.366873,
    22.522491,
    15.146934,
    17.411058,
    9.941295,
    7.2477846,
    2.7134778,
    25.491678,
    31.641382,
    26.543772,
    7.19499,
    47.740067,
    43.191044,
    26.184614,
    12.114276,
    19.951153,
    12.805407,
    27.168146,
    19.051838,
    26.533657,
    15.366249,
    20.092508,
    8.873781,
    31.303564,
    50.216694,
    21.92993,
    34.58113,
    56.098743,
    19.263893,
    11.792821,
    25.087318,
    13.326519,
    46.760735,
    39.16091,
    31.828373,
    45.67105,
    21.583582,
    16.971712,
    28.22067,
    24.664183,
    21.168327,
    23.88905,
    49.74626,
    19.265442,
    24.664425,
    28.208256,
    25.913599,
    18.502247,
    9.8570595,
    11.506056,
    26.092758,
    7.616393,
    31.990816,
    13.242371,
    55.639908,
    15.799915,
    17.31226,
    19.028091,
    36.223072,
    14.158347,
    8.994,
    8.102485,
    33.557354,
    56.50934,
    34.736515,
    9.0005245,
    31.118677,
    60.667377,
    21.04929,
    11.779242,
    58.25895,
    28.924173,
    26.980623,
    42.248962,
    16.0622,
    28.208971,
    19.16524,
    22.773167,
    6.4663973,
    20.85,
    8.805214,
    14.284058,
    21.63062,
    25.64844,
    6.6289506,
    4.61636,
    44.583668,
    22.711874,
    15.279755,
    13.284608,
    10.929355,
    20.000946,
    25.011768,
    27.280973,
    21.957514,
    10.248862,
    24.403812,
    9.367289,
    21.694708,
    15.609123,
    37.353085,
    13.393899,
    19.484858,
    22.299795,
    31.021803,
    24.826124,
    19.050577,
    7.2630644,
    10.888448,
    25.215714,
    23.61903,
    24.117756,
    15.034522,
    15.149798,
    34.85157,
    36.88069
  ],
  "years": [
    2020,
    2020,
    2020,
    2020,
    2020,
    2020,
    2020,
    2020,
    2020,
    2020,
    2020,
    2020,
    2020,
    2020,
    2020,
    2020,
    2020,
    2020,
    2020,
    2020,
    2020,
    2020,
    2020,
    2020,
    2020,
    2020,
    2020,
    2020,
    2020,
    2020,
    2020,
    2020,
    2020,
    2020,
    2020,
    2020,
    2020,
    2020,
    2020,
    2020,
    2020,
    2020,
    2020,
    2020,
    2020,
    2020,
    2020,
    2020,
    2020,
    2020,
    2020,
    2020,
    2020,
    2020,
    2020,
    2020,
    2020,
    2020,
    2020,
    2020,
    2020,
    2020,
    2020,
    2020,
    2020,
    2020,
    2020,
    2020,
    2020,
    2020,
    2020,
    2020,
    2020,
    2020,
    2020,
    2020,
    2020,
    2020,
    2020,
    2020,
    2020,
    2020,
    2020,
    2020,
    2020,
    2020,
    2020,
    2020,
    2020,
    2020,
    2020,
    2020,
    2020,
    2020,
    2020,
    2020,
    2020,
    2020,
    2020,
    2020,
    2020,
    2020,
    2020,
    2020,
    2020,
    2020,
    2020,
    2020,
    2020,
    2020,
    2020,
    2020,
    2020,
    2020,
    2020,
    2020,
    2020,
    2020,
    2020,
    2020,
    2020,
    2020,
    2020
  ],
  "entities": [
    1,
    2,
    3,
    4,
    5,
    6,
    7,
    8,
    9,
    10,
    11,
    12,
    13,
    14,
    16,
    17,
    21,
    23,
    24,
    27,
    28,
    32,
    34,
    35,
    37,
    39,
    40,
    42,
    43,
    44,
    60,
    62,
    63,
    64,
    65,
    66,
    67,
    68,
    70,
    71,
    72,
    75,
    80,
    81,
    83,
    84,
    85,
    88,
    89,
    90,
    92,
    95,
    96,
    97,
    98,
    102,
    103,
    105,
    106,
    107,
    108,
    110,
    111,
    112,
    113,
    115,
    116,
    119,
    122,
    124,
    125,
    126,
    127,
    129,
    130,
    131,
    133,
    134,
    135,
    136,
    137,
    138,
    141,
    142,
    143,
    144,
    147,
    149,
    150,
    152,
    153,
    155,
    156,
    158,
    160,
    161,
    162,
    163,
    165,
    166,
    168,
    170,
    171,
    172,
    198,
    201,
    212,
    213,
    215,
    238,
    259,
    273,
    275,
    276,
    277,
    294,
    295,
    355,
    379,
    457,
    459,
    460,
    461
  ]
}