{
  "values": [
    25.491678,
    31.641382,
    26.543772,
    7.19499,
    47.740067,
    43.191044,
    26.184614,
    11.0023155,
    12.114276,
    19.951153,
    12.805407,
    27.168146,
    19.051838,
    26.533657,
    15.366249,
    20.092508,
    8.873781,
    24.403812,
    10.248862,
    21.957514,
    27.280973,
    25.011768,
    20.000946,
    10.929355,
    13.284608,
    15.279755,
    22.711874,
    21.694708,
    56.098743,
    22.299795,
    4.61636,
    44.583668,
    6.6289506,
    12.134365,
    25.64844,
    21.63062,
    49.547153,
    14.284058,
    8.805214,
    20.85,
    6.4663973,
    16.0622,
    42.248962,
    26.980623,
    28.924173,
    58.25895,
    9.812321,
    11.779242,
    21.366873,
    22.773167,
    2.7134778,
    60.667377,
    21.04929,
    31.118677,
    24.117756,
    34.736515,
    56.50934,
    8.102485,
    33.557354,
    8.994,
    14.158347,
    36.223072,
    15.609123,
    37.353085,
    19.028091,
    15.799915,
    17.31226,
    13.393899,
    55.639908,
    19.16524,
    13.242371,
    31.990816,
    19.575184,
    7.616393,
    26.092758,
    11.506056,
    19.263893,
    9.8570595,
    18.502247,
    25.913599,
    28.208256,
    17.411058,
    24.664425,
    19.265442,
    9.941295,
    49.74626,
    23.88905,
    21.168327,
    24.664183,
    16.971712,
    21.583582,
    9.0005245,
    22.522491,
    28.208971,
    15.146934,
    34.36771,
    9.367289,
    34.58113,
    31.828373,
    46.760735,
    13.326519,
    25.087318,
    11.792821,
    39.16091,
    8.396421,
    7.2477846,
    21.92993,
    50.216694,
    19.484858,
    28.22067,
    31.303564,
    45.67105,
    23.61903,
    31.021803,
    24.826124,
    19.050577,
    10.888448,
    7.2630644,
    25.215714,
    15.034522,
    15.149798,
    34.85157,
    36.88069
  ],
  "years": [
    2020,
    2020,
    2020,
    2020,
    2020,
    2020,
    2020,
    2020,
    2020,
    2020,
    2020,
    2020,
    2020,
    2020,
    2020,
    2020,
    2020,
    2020,
    2020,
    2020,
    2020,
    2020,
    2020,
    2020,
    2020,
    2020,
    2020,
    2020,
    2020,
    2020,
    2020,
    2020,
    2020,
    2020,
    2020,
    2020,
    2020,
    2020,
    2020,
    2020,
    2020,
    2020,
    2020,
    2020,
    2020,
    2020,
    2020,
    2020,
    2020,
    2020,
    2020,
    2020,
    2020,
    2020,
    2020,
    2020,
    2020,
    2020,
    2020,
    2020,
    2020,
    2020,
    2020,
    2020,
    2020,
    2020,
    2020,
    2020,
    2020,
    2020,
    2020,
    2020,
    2020,
    2020,
    2020,
    2020,
    2020,
    2020,
    2020,
    2020,
    2020,
    2020,
    2020,
    2020,
    2020,
    2020,
    2020,
    2020,
    2020,
    2020,
    2020,
    2020,
    2020,
    2020,
    2020,
    2020,
    2020,
    2020,
    2020,
    2020,
    2020,
    2020,
    2020,
    2020,
    2020,
    2020,
    2020,
    2020,
    2020,
    2020,
    2020,
    2020,
    2020,
    2020,
    2020,
    2020,
    2020,
    2020,
    2020,
    2020,
    2020,
    2020,
    2020
  ],
  "entities": [
    16,
    17,
    21,
    23,
    24,
    27,
    28,
    4,
    32,
    34,
    35,
    37,
    39,
    40,
    42,
    43,
    44,
    172,
    171,
    170,
    168,
    166,
    165,
    163,
    162,
    161,
    160,
    201,
    65,
    259,
    156,
    158,
    155,
    3,
    153,
    152,
    6,
    150,
    149,
    147,
    144,
    138,
    137,
    136,
    135,
    134,
    2,
    133,
    8,
    143,
    14,
    130,
    131,
    129,
    379,
    126,
    125,
    122,
    124,
    119,
    116,
    115,
    212,
    213,
    113,
    111,
    112,
    215,
    110,
    142,
    108,
    107,
    5,
    106,
    105,
    103,
    66,
    102,
    98,
    97,
    96,
    11,
    95,
    92,
    12,
    90,
    89,
    88,
    85,
    83,
    81,
    127,
    9,
    141,
    10,
    7,
    198,
    64,
    75,
    71,
    70,
    68,
    67,
    72,
    1,
    13,
    63,
    62,
    238,
    84,
    60,
    80,
    355,
    273,
    275,
    276,
    294,
    277,
    295,
    457,
    459,
    460,
    461
  ]
}