{
  "values": [
    28.002811,
    20.884764,
    53.234257,
    51.28186,
    42.142483,
    45.928947,
    22.883198,
    42.672997,
    23.570368,
    52.80444,
    29.264912,
    61.725372,
    47.124836,
    39.76687,
    22.219103,
    52.543953,
    58.324074,
    60.805218,
    21.913126,
    51.28259,
    39.274155,
    52.19483,
    40.152596,
    41.691544,
    35.30824,
    53.188877,
    51.50571,
    56.73112,
    35.42763,
    48.76258,
    37.842278,
    24.882984,
    40.43572,
    57.2112,
    46.43156,
    32.69218,
    52.195538,
    35.92629,
    50.957996,
    35.913353,
    21.18283,
    37.402275,
    26.50521,
    29.187101,
    41.568317,
    50.357956,
    52.990223,
    23.652403,
    32.297306,
    37.132656,
    31.678333,
    39.43576,
    25.917171,
    49.985973,
    25.93776,
    27.42716,
    21.14193,
    38.76163,
    28.034252,
    17.998308,
    32.197147,
    28.650604,
    43.63387,
    47.314816,
    43.785007,
    29.51631,
    25.305897,
    28.49861,
    37.85448,
    32.44353,
    32.954784,
    26.043339,
    51.989822,
    49.68552,
    50.45718,
    27.819183,
    35.004772,
    52.026684,
    36.995693,
    65.78001,
    23.56175,
    35.588154,
    50.559196,
    32.74364,
    37.334717,
    38.68466,
    38.488594,
    29.346733,
    34.41396,
    26.944227,
    33.93596,
    23.660343,
    54.802452,
    21.16495,
    53.63253,
    39.720978,
    28.140764,
    35.822247,
    30.95429,
    18.311497,
    51.430737,
    29.034174,
    30.808609,
    36.230305,
    37.641083,
    48.58014,
    48.086033,
    50.816402,
    29.187244,
    60.228554,
    39.873585,
    57.336536,
    45.03686,
    32.799664,
    33.484043,
    25.892347,
    43.475174,
    48.02914,
    51.023983,
    58.902065,
    44.07919,
    30.693647,
    29.390387,
    28.4487
  ],
  "years": [
    2020,
    2020,
    2020,
    2020,
    2020,
    2020,
    2020,
    2020,
    2020,
    2020,
    2020,
    2020,
    2020,
    2020,
    2020,
    2020,
    2020,
    2020,
    2020,
    2020,
    2020,
    2020,
    2020,
    2020,
    2020,
    2020,
    2020,
    2020,
    2020,
    2020,
    2020,
    2020,
    2020,
    2020,
    2020,
    2020,
    2020,
    2020,
    2020,
    2020,
    2020,
    2020,
    2020,
    2020,
    2020,
    2020,
    2020,
    2020,
    2020,
    2020,
    2020,
    2020,
    2020,
    2020,
    2020,
    2020,
    2020,
    2020,
    2020,
    2020,
    2020,
    2020,
    2020,
    2020,
    2020,
    2020,
    2020,
    2020,
    2020,
    2020,
    2020,
    2020,
    2020,
    2020,
    2020,
    2020,
    2020,
    2020,
    2020,
    2020,
    2020,
    2020,
    2020,
    2020,
    2020,
    2020,
    2020,
    2020,
    2020,
    2020,
    2020,
    2020,
    2020,
    2020,
    2020,
    2020,
    2020,
    2020,
    2020,
    2020,
    2020,
    2020,
    2020,
    2020,
    2020,
    2020,
    2020,
    2020,
    2020,
    2020,
    2020,
    2020,
    2020,
    2020,
    2020,
    2020,
    2020,
    2020,
    2020,
    2020,
    2020,
    2020,
    2020,
    2020
  ],
  "entities": [
    16,
    17,
    21,
    23,
    24,
    27,
    28,
    4,
    32,
    34,
    35,
    37,
    39,
    40,
    42,
    43,
    44,
    172,
    171,
    170,
    168,
    166,
    165,
    163,
    162,
    161,
    160,
    201,
    65,
    259,
    156,
    158,
    155,
    3,
    153,
    152,
    6,
    150,
    149,
    147,
    144,
    138,
    137,
    136,
    135,
    134,
    2,
    133,
    8,
    143,
    14,
    130,
    131,
    129,
    379,
    126,
    125,
    122,
    124,
    119,
    116,
    115,
    212,
    213,
    113,
    111,
    112,
    215,
    110,
    142,
    108,
    107,
    5,
    106,
    105,
    103,
    66,
    102,
    98,
    97,
    96,
    11,
    95,
    92,
    12,
    90,
    89,
    88,
    85,
    83,
    81,
    127,
    9,
    141,
    10,
    7,
    198,
    76,
    64,
    75,
    71,
    70,
    68,
    67,
    72,
    1,
    13,
    63,
    62,
    238,
    84,
    60,
    80,
    355,
    273,
    275,
    276,
    294,
    277,
    295,
    457,
    459,
    460,
    461
  ]
}