{
  "values": [
    48.58014,
    52.990223,
    57.2112,
    42.672997,
    51.989822,
    52.195538,
    39.720978,
    32.297306,
    54.802452,
    53.63253,
    35.588154,
    37.334717,
    48.086033,
    31.678333,
    28.002811,
    20.884764,
    53.234257,
    51.28186,
    42.142483,
    45.928947,
    22.883198,
    23.570368,
    52.80444,
    29.264912,
    61.725372,
    47.124836,
    39.76687,
    22.219103,
    52.543953,
    58.324074,
    57.336536,
    29.187244,
    50.816402,
    30.95429,
    35.42763,
    35.004772,
    36.230305,
    30.808609,
    29.034174,
    51.430737,
    37.641083,
    18.311497,
    35.822247,
    45.03686,
    33.93596,
    26.944227,
    39.873585,
    34.41396,
    29.346733,
    38.488594,
    38.68466,
    32.74364,
    50.559196,
    23.56175,
    65.78001,
    36.995693,
    52.026684,
    27.819183,
    50.45718,
    49.68552,
    26.043339,
    32.954784,
    37.85448,
    29.51631,
    25.305897,
    43.785007,
    28.650604,
    32.197147,
    17.998308,
    38.76163,
    28.034252,
    21.14193,
    27.42716,
    23.660343,
    49.985973,
    39.43576,
    25.917171,
    23.652403,
    50.357956,
    41.568317,
    29.187101,
    26.50521,
    37.402275,
    21.16495,
    32.44353,
    37.132656,
    21.18283,
    35.913353,
    50.957996,
    35.92629,
    32.69218,
    46.43156,
    40.43572,
    37.842278,
    24.882984,
    51.50571,
    53.188877,
    35.30824,
    41.691544,
    40.152596,
    52.19483,
    39.274155,
    51.28259,
    21.913126,
    60.805218,
    28.140764,
    56.73112,
    43.63387,
    47.314816,
    28.49861,
    60.228554,
    48.76258,
    33.484043,
    25.892347,
    43.475174,
    51.023983,
    48.02914,
    58.902065,
    32.799664,
    25.93776,
    44.07919,
    30.693647,
    29.390387,
    28.4487
  ],
  "years": [
    2020,
    2020,
    2020,
    2020,
    2020,
    2020,
    2020,
    2020,
    2020,
    2020,
    2020,
    2020,
    2020,
    2020,
    2020,
    2020,
    2020,
    2020,
    2020,
    2020,
    2020,
    2020,
    2020,
    2020,
    2020,
    2020,
    2020,
    2020,
    2020,
    2020,
    2020,
    2020,
    2020,
    2020,
    2020,
    2020,
    2020,
    2020,
    2020,
    2020,
    2020,
    2020,
    2020,
    2020,
    2020,
    2020,
    2020,
    2020,
    2020,
    2020,
    2020,
    2020,
    2020,
    2020,
    2020,
    2020,
    2020,
    2020,
    2020,
    2020,
    2020,
    2020,
    2020,
    2020,
    2020,
    2020,
    2020,
    2020,
    2020,
    2020,
    2020,
    2020,
    2020,
    2020,
    2020,
    2020,
    2020,
    2020,
    2020,
    2020,
    2020,
    2020,
    2020,
    2020,
    2020,
    2020,
    2020,
    2020,
    2020,
    2020,
    2020,
    2020,
    2020,
    2020,
    2020,
    2020,
    2020,
    2020,
    2020,
    2020,
    2020,
    2020,
    2020,
    2020,
    2020,
    2020,
    2020,
    2020,
    2020,
    2020,
    2020,
    2020,
    2020,
    2020,
    2020,
    2020,
    2020,
    2020,
    2020,
    2020,
    2020,
    2020,
    2020,
    2020
  ],
  "entities": [
    1,
    2,
    3,
    4,
    5,
    6,
    7,
    8,
    9,
    10,
    11,
    12,
    13,
    14,
    16,
    17,
    21,
    23,
    24,
    27,
    28,
    32,
    34,
    35,
    37,
    39,
    40,
    42,
    43,
    44,
    60,
    62,
    63,
    64,
    65,
    66,
    67,
    68,
    70,
    71,
    72,
    75,
    76,
    80,
    81,
    83,
    84,
    85,
    88,
    89,
    90,
    92,
    95,
    96,
    97,
    98,
    102,
    103,
    105,
    106,
    107,
    108,
    110,
    111,
    112,
    113,
    115,
    116,
    119,
    122,
    124,
    125,
    126,
    127,
    129,
    130,
    131,
    133,
    134,
    135,
    136,
    137,
    138,
    141,
    142,
    143,
    144,
    147,
    149,
    150,
    152,
    153,
    155,
    156,
    158,
    160,
    161,
    162,
    163,
    165,
    166,
    168,
    170,
    171,
    172,
    198,
    201,
    212,
    213,
    215,
    238,
    259,
    273,
    275,
    276,
    277,
    294,
    295,
    355,
    379,
    457,
    459,
    460,
    461
  ]
}