{
  "values": [
    22.69466,
    41.758987,
    0.68189377,
    0.15836081,
    0.13376155,
    0.10564701,
    0.010692068,
    1.4168079,
    1.287419,
    1.1300808,
    0.14402042,
    22.69466,
    41.758987,
    71.519615,
    0,
    0,
    0,
    0,
    0,
    0.000004017521,
    0.0000036485767,
    0.0000029825467,
    22.69466,
    41.758987,
    71.53898,
    4.7295146e-8,
    2.1422478e-8,
    5.7260467e-9,
    0,
    0,
    0,
    0,
    0,
    22.69466,
    41.758987,
    71.53898,
    9.973363e-8,
    6.9239825e-8,
    2.9849573e-8,
    4.680966e-9,
    9.598708e-11,
    0,
    0,
    0,
    22.69466,
    41.758987,
    71.53898,
    1.3785467e-7,
    2.8996826e-7,
    0.0000027974038,
    0.000017821549,
    0.000024576048,
    0.000021945598,
    0.000007890502,
    0.0000016346945,
    0,
    0,
    167.9207,
    510.40762,
    698.4991,
    678.50037,
    405.52692,
    208.44609,
    5.4570312,
    5.63531,
    5.8481765,
    0,
    0,
    167.9207,
    520.6185,
    790.0086,
    1081.2704,
    1347.8455,
    1096.3221,
    826.99396,
    521.00024,
    77.44164,
    0,
    0,
    137.0872,
    175.68924,
    171.45795,
    222.2089,
    181.55115,
    908.20264,
    1470.8772,
    1767.9596,
    1748.9534,
    0,
    0,
    0,
    0,
    0,
    0,
    0,
    183.20352,
    893.4582,
    1433.4286,
    2316.2307,
    0,
    0,
    0,
    0,
    0,
    0,
    0,
    0,
    197.56854,
    634.9263,
    849.40094,
    0,
    0,
    0,
    0,
    0,
    0,
    0,
    0,
    0,
    40.675022,
    322.48813,
    0,
    2.9399514,
    13.263076,
    12.0589075,
    14.203129,
    81.11083,
    453,
    1390.5287,
    2156.1438,
    2182.267,
    1886.4808,
    0,
    2.9399514,
    13.263076,
    12.143532,
    9.468752,
    16.435057,
    76.38563,
    403.86197,
    1502.8734,
    3140.0276,
    4120.2607,
    0,
    2.9399514,
    13.263076,
    14.089882,
    11.228432,
    12.943671,
    34.185337,
    128.6122,
    549.8317,
    2188.8533,
    4624.306,
    0,
    2.9399514,
    13.263076,
    14.089882,
    12.820523,
    13.156561,
    24.39912,
    61.145805,
    144.66348,
    339.41498,
    643.57947,
    0,
    2.9399514,
    13.263076,
    17.686398,
    44.15958,
    92.99006,
    98.12785,
    92.04644,
    96.358635,
    160.5964,
    312.13913,
    0,
    2.9399514,
    14.009673,
    16.078545,
    26.981754,
    48.751656,
    58.274487,
    80.2012,
    130.10173,
    177.99527,
    218.58344
  ],
  "years": [
    2005,
    2010,
    2020,
    2030,
    2040,
    2050,
    2060,
    2070,
    2080,
    2090,
    2100,
    2005,
    2010,
    2020,
    2030,
    2040,
    2050,
    2060,
    2070,
    2080,
    2090,
    2100,
    2005,
    2010,
    2020,
    2030,
    2040,
    2050,
    2060,
    2070,
    2080,
    2090,
    2100,
    2005,
    2010,
    2020,
    2030,
    2040,
    2050,
    2060,
    2070,
    2080,
    2090,
    2100,
    2005,
    2010,
    2020,
    2030,
    2040,
    2050,
    2060,
    2070,
    2080,
    2090,
    2100,
    2005,
    2010,
    2020,
    2030,
    2040,
    2050,
    2060,
    2070,
    2080,
    2090,
    2100,
    2005,
    2010,
    2020,
    2030,
    2040,
    2050,
    2060,
    2070,
    2080,
    2090,
    2100,
    2005,
    2010,
    2020,
    2030,
    2040,
    2050,
    2060,
    2070,
    2080,
    2090,
    2100,
    2005,
    2010,
    2020,
    2030,
    2040,
    2050,
    2060,
    2070,
    2080,
    2090,
    2100,
    2005,
    2010,
    2020,
    2030,
    2040,
    2050,
    2060,
    2070,
    2080,
    2090,
    2100,
    2005,
    2010,
    2020,
    2030,
    2040,
    2050,
    2060,
    2070,
    2080,
    2090,
    2100,
    2005,
    2010,
    2020,
    2030,
    2040,
    2050,
    2060,
    2070,
    2080,
    2090,
    2100,
    2005,
    2010,
    2020,
    2030,
    2040,
    2050,
    2060,
    2070,
    2080,
    2090,
    2100,
    2005,
    2010,
    2020,
    2030,
    2040,
    2050,
    2060,
    2070,
    2080,
    2090,
    2100,
    2005,
    2010,
    2020,
    2030,
    2040,
    2050,
    2060,
    2070,
    2080,
    2090,
    2100,
    2005,
    2010,
    2020,
    2030,
    2040,
    2050,
    2060,
    2070,
    2080,
    2090,
    2100,
    2005,
    2010,
    2020,
    2030,
    2040,
    2050,
    2060,
    2070,
    2080,
    2090,
    2100
  ],
  "entities": [
    265502,
    265502,
    265502,
    265502,
    265502,
    265502,
    265502,
    265502,
    265502,
    265502,
    265502,
    265503,
    265503,
    265503,
    265503,
    265503,
    265503,
    265503,
    265503,
    265503,
    265503,
    265503,
    265504,
    265504,
    265504,
    265504,
    265504,
    265504,
    265504,
    265504,
    265504,
    265504,
    265504,
    265505,
    265505,
    265505,
    265505,
    265505,
    265505,
    265505,
    265505,
    265505,
    265505,
    265505,
    259334,
    259334,
    259334,
    259334,
    259334,
    259334,
    259334,
    259334,
    259334,
    259334,
    259334,
    265506,
    265506,
    265506,
    265506,
    265506,
    265506,
    265506,
    265506,
    265506,
    265506,
    265506,
    265507,
    265507,
    265507,
    265507,
    265507,
    265507,
    265507,
    265507,
    265507,
    265507,
    265507,
    265508,
    265508,
    265508,
    265508,
    265508,
    265508,
    265508,
    265508,
    265508,
    265508,
    265508,
    265509,
    265509,
    265509,
    265509,
    265509,
    265509,
    265509,
    265509,
    265509,
    265509,
    265509,
    265510,
    265510,
    265510,
    265510,
    265510,
    265510,
    265510,
    265510,
    265510,
    265510,
    265510,
    259340,
    259340,
    259340,
    259340,
    259340,
    259340,
    259340,
    259340,
    259340,
    259340,
    259340,
    265518,
    265518,
    265518,
    265518,
    265518,
    265518,
    265518,
    265518,
    265518,
    265518,
    265518,
    265519,
    265519,
    265519,
    265519,
    265519,
    265519,
    265519,
    265519,
    265519,
    265519,
    265519,
    265520,
    265520,
    265520,
    265520,
    265520,
    265520,
    265520,
    265520,
    265520,
    265520,
    265520,
    265521,
    265521,
    265521,
    265521,
    265521,
    265521,
    265521,
    265521,
    265521,
    265521,
    265521,
    265522,
    265522,
    265522,
    265522,
    265522,
    265522,
    265522,
    265522,
    265522,
    265522,
    265522,
    259355,
    259355,
    259355,
    259355,
    259355,
    259355,
    259355,
    259355,
    259355,
    259355,
    259355
  ]
}