{
  "values": [
    0,
    0,
    0,
    0,
    0,
    0,
    0,
    0,
    0,
    0,
    0,
    0,
    0,
    0,
    0,
    0,
    0,
    0,
    0,
    0,
    0,
    0,
    0,
    0,
    0,
    0,
    0,
    0,
    0,
    0,
    0,
    0,
    0,
    0,
    0,
    0,
    0,
    0,
    0,
    0,
    0,
    0,
    0,
    0,
    0,
    0,
    0,
    0,
    0,
    0,
    0,
    0,
    0,
    0,
    0,
    0,
    0,
    159.52531,
    487.43915,
    670.56036,
    654.75305,
    393.3602,
    202.1941,
    5.294366,
    5.467331,
    5.6738515,
    0,
    0,
    159.52531,
    497.1914,
    758.40564,
    1043.4255,
    1307.4106,
    1063.4349,
    802.1836,
    505.37015,
    75.11732,
    0,
    0,
    130.23436,
    167.78365,
    164.59808,
    214.43065,
    176.10547,
    880.95807,
    1426.7484,
    1714.9221,
    1696.4858,
    0,
    0,
    0,
    0,
    0,
    0,
    0,
    177.70844,
    866.65326,
    1390.4258,
    2246.7456,
    0,
    0,
    0,
    0,
    0,
    0,
    0,
    0,
    191.639,
    615.8766,
    823.9205,
    0,
    0,
    0,
    0,
    0,
    0,
    0,
    0,
    0,
    39.45517,
    312.8131,
    0,
    0,
    0,
    0,
    0,
    0,
    0,
    0,
    0,
    0,
    0,
    0,
    0,
    0,
    0,
    0,
    0,
    0,
    0,
    0,
    0,
    0,
    0,
    0,
    0,
    0,
    0,
    0,
    0,
    0,
    0,
    0,
    0,
    0,
    0,
    0,
    0,
    0,
    0,
    0,
    0,
    0,
    0,
    0,
    0,
    0,
    0,
    0,
    0,
    0,
    0,
    0.1507751,
    0.5690229,
    5.0944266,
    6.896849,
    10.809461,
    77.06594,
    430.54926,
    1320.7682,
    2048.688,
    2073.5928,
    1792.4333,
    0.1507751,
    0.5690229,
    5.0944266,
    6.939161,
    7.206307,
    15.626077,
    72.577415,
    383.68292,
    1427.554,
    2983.0537,
    3913.7253,
    0.1507751,
    0.5690229,
    5.0944266,
    8.039272,
    8.547015,
    12.305003,
    32.45836,
    122.197975,
    522.71674,
    2079.0813,
    4392.5684,
    0.1507751,
    0.5690229,
    5.0944266,
    8.039272,
    9.7620325,
    12.517893,
    23.203518,
    58.055744,
    137.43283,
    322.4003,
    611.4312,
    0.1507751,
    0.5690229,
    5.0944266,
    10.112557,
    33.6015,
    88.349075,
    93.21261,
    87.41135,
    91.53819,
    152.58305,
    296.52603,
    0.1507751,
    0.5690229,
    5.3579316,
    9.181695,
    20.571493,
    46.32472,
    55.351906,
    76.17475,
    123.62427,
    169.10374,
    207.64197
  ],
  "years": [
    2005,
    2010,
    2020,
    2030,
    2040,
    2050,
    2060,
    2070,
    2080,
    2090,
    2100,
    2005,
    2010,
    2020,
    2030,
    2040,
    2050,
    2060,
    2070,
    2080,
    2090,
    2100,
    2005,
    2010,
    2020,
    2030,
    2040,
    2050,
    2060,
    2070,
    2080,
    2090,
    2100,
    2005,
    2010,
    2020,
    2030,
    2040,
    2050,
    2060,
    2070,
    2080,
    2090,
    2100,
    2005,
    2010,
    2020,
    2030,
    2040,
    2050,
    2060,
    2070,
    2080,
    2090,
    2100,
    2005,
    2010,
    2020,
    2030,
    2040,
    2050,
    2060,
    2070,
    2080,
    2090,
    2100,
    2005,
    2010,
    2020,
    2030,
    2040,
    2050,
    2060,
    2070,
    2080,
    2090,
    2100,
    2005,
    2010,
    2020,
    2030,
    2040,
    2050,
    2060,
    2070,
    2080,
    2090,
    2100,
    2005,
    2010,
    2020,
    2030,
    2040,
    2050,
    2060,
    2070,
    2080,
    2090,
    2100,
    2005,
    2010,
    2020,
    2030,
    2040,
    2050,
    2060,
    2070,
    2080,
    2090,
    2100,
    2005,
    2010,
    2020,
    2030,
    2040,
    2050,
    2060,
    2070,
    2080,
    2090,
    2100,
    2010,
    2020,
    2030,
    2040,
    2050,
    2060,
    2070,
    2080,
    2090,
    2100,
    2010,
    2020,
    2030,
    2040,
    2050,
    2060,
    2070,
    2080,
    2090,
    2100,
    2010,
    2020,
    2030,
    2040,
    2050,
    2060,
    2070,
    2080,
    2090,
    2100,
    2010,
    2020,
    2030,
    2040,
    2050,
    2060,
    2070,
    2080,
    2090,
    2100,
    2005,
    2010,
    2020,
    2030,
    2040,
    2050,
    2060,
    2070,
    2080,
    2090,
    2100,
    2005,
    2010,
    2020,
    2030,
    2040,
    2050,
    2060,
    2070,
    2080,
    2090,
    2100,
    2005,
    2010,
    2020,
    2030,
    2040,
    2050,
    2060,
    2070,
    2080,
    2090,
    2100,
    2005,
    2010,
    2020,
    2030,
    2040,
    2050,
    2060,
    2070,
    2080,
    2090,
    2100,
    2005,
    2010,
    2020,
    2030,
    2040,
    2050,
    2060,
    2070,
    2080,
    2090,
    2100,
    2005,
    2010,
    2020,
    2030,
    2040,
    2050,
    2060,
    2070,
    2080,
    2090,
    2100,
    2005,
    2010,
    2020,
    2030,
    2040,
    2050,
    2060,
    2070,
    2080,
    2090,
    2100
  ],
  "entities": [
    265502,
    265502,
    265502,
    265502,
    265502,
    265502,
    265502,
    265502,
    265502,
    265502,
    265502,
    265503,
    265503,
    265503,
    265503,
    265503,
    265503,
    265503,
    265503,
    265503,
    265503,
    265503,
    265504,
    265504,
    265504,
    265504,
    265504,
    265504,
    265504,
    265504,
    265504,
    265504,
    265504,
    265505,
    265505,
    265505,
    265505,
    265505,
    265505,
    265505,
    265505,
    265505,
    265505,
    265505,
    259334,
    259334,
    259334,
    259334,
    259334,
    259334,
    259334,
    259334,
    259334,
    259334,
    259334,
    265506,
    265506,
    265506,
    265506,
    265506,
    265506,
    265506,
    265506,
    265506,
    265506,
    265506,
    265507,
    265507,
    265507,
    265507,
    265507,
    265507,
    265507,
    265507,
    265507,
    265507,
    265507,
    265508,
    265508,
    265508,
    265508,
    265508,
    265508,
    265508,
    265508,
    265508,
    265508,
    265508,
    265509,
    265509,
    265509,
    265509,
    265509,
    265509,
    265509,
    265509,
    265509,
    265509,
    265509,
    265510,
    265510,
    265510,
    265510,
    265510,
    265510,
    265510,
    265510,
    265510,
    265510,
    265510,
    259340,
    259340,
    259340,
    259340,
    259340,
    259340,
    259340,
    259340,
    259340,
    259340,
    259340,
    265514,
    265514,
    265514,
    265514,
    265514,
    265514,
    265514,
    265514,
    265514,
    265514,
    265515,
    265515,
    265515,
    265515,
    265515,
    265515,
    265515,
    265515,
    265515,
    265515,
    265516,
    265516,
    265516,
    265516,
    265516,
    265516,
    265516,
    265516,
    265516,
    265516,
    265517,
    265517,
    265517,
    265517,
    265517,
    265517,
    265517,
    265517,
    265517,
    265517,
    259349,
    259349,
    259349,
    259349,
    259349,
    259349,
    259349,
    259349,
    259349,
    259349,
    259349,
    265518,
    265518,
    265518,
    265518,
    265518,
    265518,
    265518,
    265518,
    265518,
    265518,
    265518,
    265519,
    265519,
    265519,
    265519,
    265519,
    265519,
    265519,
    265519,
    265519,
    265519,
    265519,
    265520,
    265520,
    265520,
    265520,
    265520,
    265520,
    265520,
    265520,
    265520,
    265520,
    265520,
    265521,
    265521,
    265521,
    265521,
    265521,
    265521,
    265521,
    265521,
    265521,
    265521,
    265521,
    265522,
    265522,
    265522,
    265522,
    265522,
    265522,
    265522,
    265522,
    265522,
    265522,
    265522,
    259355,
    259355,
    259355,
    259355,
    259355,
    259355,
    259355,
    259355,
    259355,
    259355,
    259355
  ]
}