{
  "values": [
    12.629403,
    24.616772,
    0.43575785,
    0.106001474,
    0.09128952,
    0.07165367,
    0.007044922,
    0.8910943,
    0.7604195,
    0.6137516,
    0.070028946,
    12.629403,
    24.616772,
    45.703945,
    0,
    0,
    0,
    0,
    0,
    0.0000023729658,
    0.000001981557,
    0.0000014502428,
    12.629403,
    24.616772,
    45.71632,
    3.16578e-8,
    1.4620401e-8,
    3.8836143e-9,
    0,
    0,
    0,
    0,
    0,
    12.629403,
    24.616772,
    45.71632,
    6.675839e-8,
    4.725476e-8,
    2.0245071e-8,
    3.0842524e-9,
    6.0370604e-11,
    0,
    0,
    0,
    12.629403,
    24.616772,
    45.71632,
    9.227535e-8,
    1.9789738e-7,
    0.0000018973016,
    0.000011742482,
    0.000015456984,
    0.00001296226,
    0.0000042853644,
    7.94859e-7,
    0,
    0,
    107.952866,
    352.40582,
    505.16153,
    502.54486,
    301.1808,
    152.99734,
    3.913892,
    3.913892,
    3.913892,
    0,
    0,
    107.952866,
    359.45584,
    571.3421,
    800.8645,
    1001.0314,
    804.6895,
    593.1366,
    361.85028,
    51.82782,
    0,
    0,
    88.13062,
    121.30287,
    124.0001,
    164.58347,
    134.83621,
    666.61163,
    1054.9425,
    1227.901,
    1170.487,
    0,
    0,
    0,
    0,
    0,
    0,
    0,
    134.46956,
    640.8061,
    995.55914,
    1550.1373,
    0,
    0,
    0,
    0,
    0,
    0,
    0,
    0,
    141.70012,
    440.97534,
    568.46155,
    0,
    0,
    0,
    0,
    0,
    0,
    0,
    0,
    0,
    28.250023,
    215.82518,
    0,
    1.7222236,
    8.388896,
    7.916673,
    9.416675,
    52.91671,
    284.1669,
    825.0007,
    1192.7787,
    1104.4453,
    852.5007,
    0,
    1.7222236,
    8.388896,
    7.9722285,
    6.277783,
    10.722231,
    47.916706,
    239.6113,
    831.3895,
    1589.168,
    1861.9459,
    0,
    1.7222236,
    8.388896,
    9.250008,
    7.4444504,
    8.444451,
    21.444462,
    76.30562,
    304.1669,
    1107.7787,
    2089.7239,
    0,
    1.7222236,
    8.388896,
    9.250008,
    8.500007,
    8.583341,
    15.305568,
    36.277805,
    80.02784,
    171.77791,
    290.83356,
    0,
    1.7222236,
    8.388896,
    11.61112,
    29.277802,
    60.666714,
    61.555603,
    54.611156,
    53.3056,
    81.27784,
    141.05566,
    0,
    1.7222236,
    8.861118,
    10.555564,
    17.888903,
    31.80558,
    36.555584,
    47.58337,
    71.97228,
    90.083405,
    98.777855
  ],
  "years": [
    2005,
    2010,
    2020,
    2030,
    2040,
    2050,
    2060,
    2070,
    2080,
    2090,
    2100,
    2005,
    2010,
    2020,
    2030,
    2040,
    2050,
    2060,
    2070,
    2080,
    2090,
    2100,
    2005,
    2010,
    2020,
    2030,
    2040,
    2050,
    2060,
    2070,
    2080,
    2090,
    2100,
    2005,
    2010,
    2020,
    2030,
    2040,
    2050,
    2060,
    2070,
    2080,
    2090,
    2100,
    2005,
    2010,
    2020,
    2030,
    2040,
    2050,
    2060,
    2070,
    2080,
    2090,
    2100,
    2005,
    2010,
    2020,
    2030,
    2040,
    2050,
    2060,
    2070,
    2080,
    2090,
    2100,
    2005,
    2010,
    2020,
    2030,
    2040,
    2050,
    2060,
    2070,
    2080,
    2090,
    2100,
    2005,
    2010,
    2020,
    2030,
    2040,
    2050,
    2060,
    2070,
    2080,
    2090,
    2100,
    2005,
    2010,
    2020,
    2030,
    2040,
    2050,
    2060,
    2070,
    2080,
    2090,
    2100,
    2005,
    2010,
    2020,
    2030,
    2040,
    2050,
    2060,
    2070,
    2080,
    2090,
    2100,
    2005,
    2010,
    2020,
    2030,
    2040,
    2050,
    2060,
    2070,
    2080,
    2090,
    2100,
    2005,
    2010,
    2020,
    2030,
    2040,
    2050,
    2060,
    2070,
    2080,
    2090,
    2100,
    2005,
    2010,
    2020,
    2030,
    2040,
    2050,
    2060,
    2070,
    2080,
    2090,
    2100,
    2005,
    2010,
    2020,
    2030,
    2040,
    2050,
    2060,
    2070,
    2080,
    2090,
    2100,
    2005,
    2010,
    2020,
    2030,
    2040,
    2050,
    2060,
    2070,
    2080,
    2090,
    2100,
    2005,
    2010,
    2020,
    2030,
    2040,
    2050,
    2060,
    2070,
    2080,
    2090,
    2100,
    2005,
    2010,
    2020,
    2030,
    2040,
    2050,
    2060,
    2070,
    2080,
    2090,
    2100
  ],
  "entities": [
    265502,
    265502,
    265502,
    265502,
    265502,
    265502,
    265502,
    265502,
    265502,
    265502,
    265502,
    265503,
    265503,
    265503,
    265503,
    265503,
    265503,
    265503,
    265503,
    265503,
    265503,
    265503,
    265504,
    265504,
    265504,
    265504,
    265504,
    265504,
    265504,
    265504,
    265504,
    265504,
    265504,
    265505,
    265505,
    265505,
    265505,
    265505,
    265505,
    265505,
    265505,
    265505,
    265505,
    265505,
    259334,
    259334,
    259334,
    259334,
    259334,
    259334,
    259334,
    259334,
    259334,
    259334,
    259334,
    265506,
    265506,
    265506,
    265506,
    265506,
    265506,
    265506,
    265506,
    265506,
    265506,
    265506,
    265507,
    265507,
    265507,
    265507,
    265507,
    265507,
    265507,
    265507,
    265507,
    265507,
    265507,
    265508,
    265508,
    265508,
    265508,
    265508,
    265508,
    265508,
    265508,
    265508,
    265508,
    265508,
    265509,
    265509,
    265509,
    265509,
    265509,
    265509,
    265509,
    265509,
    265509,
    265509,
    265509,
    265510,
    265510,
    265510,
    265510,
    265510,
    265510,
    265510,
    265510,
    265510,
    265510,
    265510,
    259340,
    259340,
    259340,
    259340,
    259340,
    259340,
    259340,
    259340,
    259340,
    259340,
    259340,
    265518,
    265518,
    265518,
    265518,
    265518,
    265518,
    265518,
    265518,
    265518,
    265518,
    265518,
    265519,
    265519,
    265519,
    265519,
    265519,
    265519,
    265519,
    265519,
    265519,
    265519,
    265519,
    265520,
    265520,
    265520,
    265520,
    265520,
    265520,
    265520,
    265520,
    265520,
    265520,
    265520,
    265521,
    265521,
    265521,
    265521,
    265521,
    265521,
    265521,
    265521,
    265521,
    265521,
    265521,
    265522,
    265522,
    265522,
    265522,
    265522,
    265522,
    265522,
    265522,
    265522,
    265522,
    265522,
    259355,
    259355,
    259355,
    259355,
    259355,
    259355,
    259355,
    259355,
    259355,
    259355,
    259355
  ]
}