{
  "values": [
    0,
    0,
    0.21287793,
    1.9972428,
    3.5895069,
    2.13495,
    0.47475696,
    0.18257762,
    0.10293545,
    0.058304403,
    0.008033728,
    0,
    0,
    1.6970013e-16,
    0.032567587,
    0.67562324,
    0.58949935,
    0.2485484,
    0.0123276925,
    0.0035322867,
    0.00016236708,
    0.000007080283,
    0,
    0,
    4.0709367e-21,
    8.529785e-9,
    3.901844e-7,
    4.0622703e-7,
    0.000031559975,
    0.00001852607,
    0.000019490048,
    0.000012446916,
    0.0000021842006,
    0,
    0,
    1.8285809e-21,
    8.9193907e-7,
    6.985949e-7,
    3.6430748e-7,
    2.602775e-8,
    3.524513e-8,
    0.0000021708004,
    0.0000105479485,
    0.000011717051,
    0,
    0,
    0,
    0,
    0,
    0,
    0,
    0,
    0,
    0,
    0,
    0,
    0,
    0,
    0,
    1.844228,
    6.6706557,
    9.624134,
    8.953755,
    7.914923,
    6.4392476,
    5.058903,
    0,
    0,
    0,
    0,
    0,
    1.3361689,
    3.7423086,
    5.9850616,
    6.5520844,
    5.989248,
    5.569579,
    0,
    0,
    0,
    0,
    0,
    0,
    0,
    0.15954477,
    0.88663435,
    1.1574934,
    1.6285442,
    0,
    0.0878469,
    0.5554705,
    0.6744979,
    0.76346993,
    0.6815782,
    0.60048294,
    0.5069092,
    0.31781527,
    0.124047026,
    0,
    0.08786431,
    0.22443108,
    0.28296846,
    0.43209398,
    0.64372486,
    0.6251996,
    0.58596104,
    0.5129731,
    0.3403623,
    0,
    0.08785929,
    0.14557022,
    0.15751918,
    0.22406705,
    0.43328184,
    0.5372004,
    0.34703463,
    0.36432022,
    0.3518228,
    0,
    0.087838255,
    0.079306215,
    0.06249968,
    0.057489287,
    0.087666795,
    0.091453396,
    0.1132317,
    0.1437958,
    0.17733157,
    0,
    0,
    0,
    0,
    0,
    0,
    0,
    0,
    0,
    0,
    0
  ],
  "years": [
    2005,
    2010,
    2020,
    2030,
    2040,
    2050,
    2060,
    2070,
    2080,
    2090,
    2100,
    2005,
    2010,
    2020,
    2030,
    2040,
    2050,
    2060,
    2070,
    2080,
    2090,
    2100,
    2005,
    2010,
    2020,
    2030,
    2040,
    2050,
    2060,
    2070,
    2080,
    2090,
    2100,
    2005,
    2010,
    2020,
    2030,
    2040,
    2050,
    2060,
    2070,
    2080,
    2090,
    2100,
    2005,
    2010,
    2020,
    2030,
    2040,
    2050,
    2060,
    2070,
    2080,
    2090,
    2100,
    2005,
    2010,
    2020,
    2030,
    2040,
    2050,
    2060,
    2070,
    2080,
    2090,
    2100,
    2005,
    2010,
    2020,
    2030,
    2040,
    2050,
    2060,
    2070,
    2080,
    2090,
    2100,
    2005,
    2010,
    2020,
    2030,
    2040,
    2050,
    2060,
    2070,
    2080,
    2090,
    2100,
    2010,
    2020,
    2030,
    2040,
    2050,
    2060,
    2070,
    2080,
    2090,
    2100,
    2010,
    2020,
    2030,
    2040,
    2050,
    2060,
    2070,
    2080,
    2090,
    2100,
    2010,
    2020,
    2030,
    2040,
    2050,
    2060,
    2070,
    2080,
    2090,
    2100,
    2010,
    2020,
    2030,
    2040,
    2050,
    2060,
    2070,
    2080,
    2090,
    2100,
    2005,
    2010,
    2020,
    2030,
    2040,
    2050,
    2060,
    2070,
    2080,
    2090,
    2100
  ],
  "entities": [
    265502,
    265502,
    265502,
    265502,
    265502,
    265502,
    265502,
    265502,
    265502,
    265502,
    265502,
    265503,
    265503,
    265503,
    265503,
    265503,
    265503,
    265503,
    265503,
    265503,
    265503,
    265503,
    265504,
    265504,
    265504,
    265504,
    265504,
    265504,
    265504,
    265504,
    265504,
    265504,
    265504,
    265505,
    265505,
    265505,
    265505,
    265505,
    265505,
    265505,
    265505,
    265505,
    265505,
    265505,
    259334,
    259334,
    259334,
    259334,
    259334,
    259334,
    259334,
    259334,
    259334,
    259334,
    259334,
    265511,
    265511,
    265511,
    265511,
    265511,
    265511,
    265511,
    265511,
    265511,
    265511,
    265511,
    265512,
    265512,
    265512,
    265512,
    265512,
    265512,
    265512,
    265512,
    265512,
    265512,
    265512,
    265513,
    265513,
    265513,
    265513,
    265513,
    265513,
    265513,
    265513,
    265513,
    265513,
    265513,
    265514,
    265514,
    265514,
    265514,
    265514,
    265514,
    265514,
    265514,
    265514,
    265514,
    265515,
    265515,
    265515,
    265515,
    265515,
    265515,
    265515,
    265515,
    265515,
    265515,
    265516,
    265516,
    265516,
    265516,
    265516,
    265516,
    265516,
    265516,
    265516,
    265516,
    265517,
    265517,
    265517,
    265517,
    265517,
    265517,
    265517,
    265517,
    265517,
    265517,
    259349,
    259349,
    259349,
    259349,
    259349,
    259349,
    259349,
    259349,
    259349,
    259349,
    259349
  ]
}