{
  "values": [
    2.0917444,
    2.0701094,
    1.7712104,
    1.5311661,
    1.2204868,
    0.9135982,
    0.5044827,
    0.28706422,
    0.18686922,
    0.1325346,
    0.094019726,
    2.0917444,
    2.0701094,
    1.7699449,
    1.513364,
    1.2220522,
    0.888916,
    0.4695894,
    0.29344696,
    0.15914926,
    0.11516846,
    0.08163473,
    2.0917444,
    2.0701118,
    1.767685,
    1.4982367,
    1.2083132,
    0.87125206,
    0.48275635,
    0.3123615,
    0.15963523,
    0.0993991,
    0.06520156,
    2.0917444,
    2.0701127,
    1.7696022,
    1.495604,
    1.2004064,
    0.8680802,
    0.4850909,
    0.31217408,
    0.17407301,
    0.10880296,
    0.069016576,
    2.0917444,
    2.0701125,
    1.769499,
    1.4948695,
    1.197919,
    0.86704385,
    0.4842458,
    0.31234193,
    0.1804084,
    0.10787569,
    0.06519465,
    0,
    0,
    0,
    0,
    0,
    0,
    0,
    0,
    0,
    0,
    0,
    0,
    0,
    0,
    0,
    0,
    0,
    0,
    0,
    0,
    0,
    0,
    0,
    0,
    0,
    0,
    0,
    0,
    0,
    0,
    0,
    0,
    0,
    0,
    0,
    0,
    0,
    0,
    0,
    0,
    0,
    0,
    0,
    0,
    0,
    0,
    0,
    0,
    0,
    0,
    0,
    0,
    0,
    0,
    0,
    0,
    0,
    0,
    0,
    0,
    0,
    0,
    0,
    0,
    0,
    0,
    0,
    0,
    0,
    0,
    0,
    0,
    0,
    0,
    0,
    0,
    0,
    0,
    0,
    0,
    0,
    0,
    0,
    0,
    0,
    0,
    0,
    0,
    0,
    0,
    0,
    0,
    0,
    0,
    0,
    0,
    0,
    0,
    0,
    0,
    0,
    0,
    0,
    0,
    0,
    0,
    0,
    0,
    0,
    0,
    0,
    0,
    0,
    0,
    0,
    0,
    0,
    0,
    0,
    0,
    0,
    0,
    0,
    0,
    0,
    0,
    0,
    0,
    0,
    0,
    0,
    0,
    0,
    0,
    0,
    0,
    0,
    0,
    0,
    0,
    0,
    0,
    0,
    0,
    0,
    0,
    0,
    0,
    0,
    0,
    0,
    0,
    0,
    0,
    0,
    0,
    0,
    0,
    0,
    0,
    0,
    0,
    0,
    0,
    0,
    0,
    0,
    0,
    0,
    0,
    0,
    0,
    0,
    0,
    0,
    0,
    0,
    0,
    0,
    0,
    0,
    0,
    0
  ],
  "years": [
    2005,
    2010,
    2020,
    2030,
    2040,
    2050,
    2060,
    2070,
    2080,
    2090,
    2100,
    2005,
    2010,
    2020,
    2030,
    2040,
    2050,
    2060,
    2070,
    2080,
    2090,
    2100,
    2005,
    2010,
    2020,
    2030,
    2040,
    2050,
    2060,
    2070,
    2080,
    2090,
    2100,
    2005,
    2010,
    2020,
    2030,
    2040,
    2050,
    2060,
    2070,
    2080,
    2090,
    2100,
    2005,
    2010,
    2020,
    2030,
    2040,
    2050,
    2060,
    2070,
    2080,
    2090,
    2100,
    2005,
    2010,
    2020,
    2030,
    2040,
    2050,
    2060,
    2070,
    2080,
    2090,
    2100,
    2005,
    2010,
    2020,
    2030,
    2040,
    2050,
    2060,
    2070,
    2080,
    2090,
    2100,
    2005,
    2010,
    2020,
    2030,
    2040,
    2050,
    2060,
    2070,
    2080,
    2090,
    2100,
    2005,
    2010,
    2020,
    2030,
    2040,
    2050,
    2060,
    2070,
    2080,
    2090,
    2100,
    2005,
    2010,
    2020,
    2030,
    2040,
    2050,
    2060,
    2070,
    2080,
    2090,
    2100,
    2005,
    2010,
    2020,
    2030,
    2040,
    2050,
    2060,
    2070,
    2080,
    2090,
    2100,
    2010,
    2020,
    2030,
    2040,
    2050,
    2060,
    2070,
    2080,
    2090,
    2100,
    2010,
    2020,
    2030,
    2040,
    2050,
    2060,
    2070,
    2080,
    2090,
    2100,
    2010,
    2020,
    2030,
    2040,
    2050,
    2060,
    2070,
    2080,
    2090,
    2100,
    2010,
    2020,
    2030,
    2040,
    2050,
    2060,
    2070,
    2080,
    2090,
    2100,
    2005,
    2010,
    2020,
    2030,
    2040,
    2050,
    2060,
    2070,
    2080,
    2090,
    2100,
    2005,
    2010,
    2020,
    2030,
    2040,
    2050,
    2060,
    2070,
    2080,
    2090,
    2100,
    2005,
    2010,
    2020,
    2030,
    2040,
    2050,
    2060,
    2070,
    2080,
    2090,
    2100,
    2005,
    2010,
    2020,
    2030,
    2040,
    2050,
    2060,
    2070,
    2080,
    2090,
    2100,
    2005,
    2010,
    2020,
    2030,
    2040,
    2050,
    2060,
    2070,
    2080,
    2090,
    2100,
    2005,
    2010,
    2020,
    2030,
    2040,
    2050,
    2060,
    2070,
    2080,
    2090,
    2100,
    2005,
    2010,
    2020,
    2030,
    2040,
    2050,
    2060,
    2070,
    2080,
    2090,
    2100
  ],
  "entities": [
    265502,
    265502,
    265502,
    265502,
    265502,
    265502,
    265502,
    265502,
    265502,
    265502,
    265502,
    265503,
    265503,
    265503,
    265503,
    265503,
    265503,
    265503,
    265503,
    265503,
    265503,
    265503,
    265504,
    265504,
    265504,
    265504,
    265504,
    265504,
    265504,
    265504,
    265504,
    265504,
    265504,
    265505,
    265505,
    265505,
    265505,
    265505,
    265505,
    265505,
    265505,
    265505,
    265505,
    265505,
    259334,
    259334,
    259334,
    259334,
    259334,
    259334,
    259334,
    259334,
    259334,
    259334,
    259334,
    265506,
    265506,
    265506,
    265506,
    265506,
    265506,
    265506,
    265506,
    265506,
    265506,
    265506,
    265507,
    265507,
    265507,
    265507,
    265507,
    265507,
    265507,
    265507,
    265507,
    265507,
    265507,
    265508,
    265508,
    265508,
    265508,
    265508,
    265508,
    265508,
    265508,
    265508,
    265508,
    265508,
    265509,
    265509,
    265509,
    265509,
    265509,
    265509,
    265509,
    265509,
    265509,
    265509,
    265509,
    265510,
    265510,
    265510,
    265510,
    265510,
    265510,
    265510,
    265510,
    265510,
    265510,
    265510,
    259340,
    259340,
    259340,
    259340,
    259340,
    259340,
    259340,
    259340,
    259340,
    259340,
    259340,
    265514,
    265514,
    265514,
    265514,
    265514,
    265514,
    265514,
    265514,
    265514,
    265514,
    265515,
    265515,
    265515,
    265515,
    265515,
    265515,
    265515,
    265515,
    265515,
    265515,
    265516,
    265516,
    265516,
    265516,
    265516,
    265516,
    265516,
    265516,
    265516,
    265516,
    265517,
    265517,
    265517,
    265517,
    265517,
    265517,
    265517,
    265517,
    265517,
    265517,
    259349,
    259349,
    259349,
    259349,
    259349,
    259349,
    259349,
    259349,
    259349,
    259349,
    259349,
    265518,
    265518,
    265518,
    265518,
    265518,
    265518,
    265518,
    265518,
    265518,
    265518,
    265518,
    265519,
    265519,
    265519,
    265519,
    265519,
    265519,
    265519,
    265519,
    265519,
    265519,
    265519,
    265520,
    265520,
    265520,
    265520,
    265520,
    265520,
    265520,
    265520,
    265520,
    265520,
    265520,
    265521,
    265521,
    265521,
    265521,
    265521,
    265521,
    265521,
    265521,
    265521,
    265521,
    265521,
    265522,
    265522,
    265522,
    265522,
    265522,
    265522,
    265522,
    265522,
    265522,
    265522,
    265522,
    259355,
    259355,
    259355,
    259355,
    259355,
    259355,
    259355,
    259355,
    259355,
    259355,
    259355
  ]
}