{
  "values": [
    0,
    0,
    1.1284682,
    7.1962676,
    421.11084,
    1045.5804,
    1676.8116,
    2069.2678,
    2301.6677,
    2543.1746,
    2470.7517,
    0,
    0,
    1.5245159,
    55.06577,
    349.94495,
    1105.0382,
    1855.8938,
    2584.898,
    2899.834,
    2535.5278,
    3215.6633,
    0,
    0,
    1.0585002,
    19.995325,
    133.7664,
    479.01465,
    1373.3306,
    2308.8962,
    2808.0984,
    2547.1418,
    2374.1938,
    0,
    0,
    1.0076687,
    15.629576,
    81.11017,
    216.02544,
    506.8815,
    1509.6433,
    2509.937,
    2521.5525,
    2109.3823,
    0,
    0,
    0.9878176,
    14.574823,
    71.797585,
    181.33281,
    331.29123,
    813.2342,
    1722.705,
    2102.8901,
    1771.0245,
    0,
    0,
    0,
    2.9525,
    14.36519,
    39.55859,
    84.24676,
    157.03886,
    275.60916,
    473.81152,
    809.86816,
    0,
    0,
    0,
    0,
    0,
    0,
    6.60339,
    23.96298,
    58.84323,
    115.65931,
    209.40878,
    0,
    0,
    0,
    0,
    0,
    0,
    0,
    0,
    0,
    0,
    0.51836,
    0,
    0,
    0,
    0,
    0,
    0,
    0,
    0,
    0,
    0,
    0,
    0,
    0,
    0,
    0,
    0,
    0,
    0,
    0,
    0,
    0,
    0,
    0,
    0,
    0,
    0,
    0,
    0,
    0,
    0,
    0,
    0,
    0,
    0,
    0.01,
    1.0312,
    24.758,
    271.4,
    1284.9,
    2908.8,
    3958,
    4302,
    4222,
    4270,
    0,
    0.01,
    1.0312,
    3.7952,
    42.68,
    293.39,
    1121.7,
    2405.6,
    3560,
    4056,
    4229,
    0,
    0.01,
    1.0312,
    1.1034,
    5.027,
    47.94,
    282.58,
    1008.7,
    2274,
    3421.5,
    3975,
    0,
    0.01,
    1.0312,
    1.0157,
    1.7833,
    15.627,
    107.55,
    440.6,
    1177,
    2176.5,
    3026.2,
    0,
    0.01,
    1.0312,
    1.0177,
    0.8363,
    1.1597,
    8.7609,
    49.656,
    199.84,
    615.09,
    1331.5,
    0,
    0.01,
    1.0313,
    1.0164,
    0.8426,
    0.7325,
    0.9551,
    4.1897,
    23.097,
    99.296,
    317.92
  ],
  "years": [
    2005,
    2010,
    2020,
    2030,
    2040,
    2050,
    2060,
    2070,
    2080,
    2090,
    2100,
    2005,
    2010,
    2020,
    2030,
    2040,
    2050,
    2060,
    2070,
    2080,
    2090,
    2100,
    2005,
    2010,
    2020,
    2030,
    2040,
    2050,
    2060,
    2070,
    2080,
    2090,
    2100,
    2005,
    2010,
    2020,
    2030,
    2040,
    2050,
    2060,
    2070,
    2080,
    2090,
    2100,
    2005,
    2010,
    2020,
    2030,
    2040,
    2050,
    2060,
    2070,
    2080,
    2090,
    2100,
    2005,
    2010,
    2020,
    2030,
    2040,
    2050,
    2060,
    2070,
    2080,
    2090,
    2100,
    2005,
    2010,
    2020,
    2030,
    2040,
    2050,
    2060,
    2070,
    2080,
    2090,
    2100,
    2005,
    2010,
    2020,
    2030,
    2040,
    2050,
    2060,
    2070,
    2080,
    2090,
    2100,
    2005,
    2010,
    2020,
    2030,
    2040,
    2050,
    2060,
    2070,
    2080,
    2090,
    2100,
    2005,
    2010,
    2020,
    2030,
    2040,
    2050,
    2060,
    2070,
    2080,
    2090,
    2100,
    2005,
    2010,
    2020,
    2030,
    2040,
    2050,
    2060,
    2070,
    2080,
    2090,
    2100,
    2005,
    2010,
    2020,
    2030,
    2040,
    2050,
    2060,
    2070,
    2080,
    2090,
    2100,
    2005,
    2010,
    2020,
    2030,
    2040,
    2050,
    2060,
    2070,
    2080,
    2090,
    2100,
    2005,
    2010,
    2020,
    2030,
    2040,
    2050,
    2060,
    2070,
    2080,
    2090,
    2100,
    2005,
    2010,
    2020,
    2030,
    2040,
    2050,
    2060,
    2070,
    2080,
    2090,
    2100,
    2005,
    2010,
    2020,
    2030,
    2040,
    2050,
    2060,
    2070,
    2080,
    2090,
    2100,
    2005,
    2010,
    2020,
    2030,
    2040,
    2050,
    2060,
    2070,
    2080,
    2090,
    2100
  ],
  "entities": [
    265502,
    265502,
    265502,
    265502,
    265502,
    265502,
    265502,
    265502,
    265502,
    265502,
    265502,
    265503,
    265503,
    265503,
    265503,
    265503,
    265503,
    265503,
    265503,
    265503,
    265503,
    265503,
    265504,
    265504,
    265504,
    265504,
    265504,
    265504,
    265504,
    265504,
    265504,
    265504,
    265504,
    265505,
    265505,
    265505,
    265505,
    265505,
    265505,
    265505,
    265505,
    265505,
    265505,
    265505,
    259334,
    259334,
    259334,
    259334,
    259334,
    259334,
    259334,
    259334,
    259334,
    259334,
    259334,
    265506,
    265506,
    265506,
    265506,
    265506,
    265506,
    265506,
    265506,
    265506,
    265506,
    265506,
    265507,
    265507,
    265507,
    265507,
    265507,
    265507,
    265507,
    265507,
    265507,
    265507,
    265507,
    265508,
    265508,
    265508,
    265508,
    265508,
    265508,
    265508,
    265508,
    265508,
    265508,
    265508,
    265509,
    265509,
    265509,
    265509,
    265509,
    265509,
    265509,
    265509,
    265509,
    265509,
    265509,
    265510,
    265510,
    265510,
    265510,
    265510,
    265510,
    265510,
    265510,
    265510,
    265510,
    265510,
    259340,
    259340,
    259340,
    259340,
    259340,
    259340,
    259340,
    259340,
    259340,
    259340,
    259340,
    265518,
    265518,
    265518,
    265518,
    265518,
    265518,
    265518,
    265518,
    265518,
    265518,
    265518,
    265519,
    265519,
    265519,
    265519,
    265519,
    265519,
    265519,
    265519,
    265519,
    265519,
    265519,
    265520,
    265520,
    265520,
    265520,
    265520,
    265520,
    265520,
    265520,
    265520,
    265520,
    265520,
    265521,
    265521,
    265521,
    265521,
    265521,
    265521,
    265521,
    265521,
    265521,
    265521,
    265521,
    265522,
    265522,
    265522,
    265522,
    265522,
    265522,
    265522,
    265522,
    265522,
    265522,
    265522,
    259355,
    259355,
    259355,
    259355,
    259355,
    259355,
    259355,
    259355,
    259355,
    259355,
    259355
  ]
}