{
  "values": [
    0,
    0,
    0.014045085,
    0.028134435,
    0.012611584,
    0.067294456,
    0.07730628,
    0.06681566,
    0.06293332,
    0.041436534,
    0.0382919,
    0,
    0,
    1.1388193e-18,
    0.000013734429,
    0.007730349,
    0.03775908,
    0.035462804,
    0.032378323,
    0.022659065,
    0.008703541,
    0.007364448,
    0,
    0,
    1.1127578e-21,
    6.288987e-11,
    3.993427e-10,
    1.5995354e-9,
    0.0017669408,
    0.0030013865,
    0.003477224,
    0.0076200557,
    0.0086772535,
    0,
    0,
    8.4599946e-21,
    0.000030138459,
    0.000030471223,
    0.000020308004,
    7.599303e-9,
    1.1922342e-7,
    0.000003781437,
    0.012788944,
    0.0109835025,
    0,
    0,
    0,
    0,
    0,
    0,
    0,
    0,
    0,
    0,
    0,
    0,
    0,
    0,
    0,
    2.4732516,
    5.668282,
    6.508475,
    5.9025316,
    5.2471857,
    4.458579,
    3.7448134,
    0,
    0,
    0,
    0,
    0,
    0.42343232,
    1.8935424,
    3.8810844,
    4.708298,
    4.2380795,
    3.826477,
    0,
    0,
    0,
    0,
    0,
    0,
    0,
    0.06029166,
    0.33657104,
    0.43363956,
    0.6657539,
    0,
    0.0075356485,
    0.030407136,
    0.033304226,
    0.03733324,
    0.02708015,
    0.022513477,
    0.015803436,
    0.004197619,
    0.000004145867,
    0,
    0.007517727,
    0.0115783075,
    0.021656074,
    0.028458595,
    0.021670604,
    0.025879093,
    0.026618037,
    0.013173237,
    0.0050330753,
    0,
    0.0074907513,
    0.006721315,
    0.011815204,
    0.020613326,
    0.017447563,
    0.020925978,
    0.016447758,
    0.011795798,
    0.013920545,
    0,
    0.0074833944,
    0.0032404966,
    0.004326108,
    0.005138704,
    0.003569227,
    0.0039550653,
    0.007002212,
    0.0067482344,
    0.008083856,
    0,
    0,
    0,
    0,
    0,
    0,
    0,
    0,
    0,
    0,
    0
  ],
  "years": [
    2005,
    2010,
    2020,
    2030,
    2040,
    2050,
    2060,
    2070,
    2080,
    2090,
    2100,
    2005,
    2010,
    2020,
    2030,
    2040,
    2050,
    2060,
    2070,
    2080,
    2090,
    2100,
    2005,
    2010,
    2020,
    2030,
    2040,
    2050,
    2060,
    2070,
    2080,
    2090,
    2100,
    2005,
    2010,
    2020,
    2030,
    2040,
    2050,
    2060,
    2070,
    2080,
    2090,
    2100,
    2005,
    2010,
    2020,
    2030,
    2040,
    2050,
    2060,
    2070,
    2080,
    2090,
    2100,
    2005,
    2010,
    2020,
    2030,
    2040,
    2050,
    2060,
    2070,
    2080,
    2090,
    2100,
    2005,
    2010,
    2020,
    2030,
    2040,
    2050,
    2060,
    2070,
    2080,
    2090,
    2100,
    2005,
    2010,
    2020,
    2030,
    2040,
    2050,
    2060,
    2070,
    2080,
    2090,
    2100,
    2010,
    2020,
    2030,
    2040,
    2050,
    2060,
    2070,
    2080,
    2090,
    2100,
    2010,
    2020,
    2030,
    2040,
    2050,
    2060,
    2070,
    2080,
    2090,
    2100,
    2010,
    2020,
    2030,
    2040,
    2050,
    2060,
    2070,
    2080,
    2090,
    2100,
    2010,
    2020,
    2030,
    2040,
    2050,
    2060,
    2070,
    2080,
    2090,
    2100,
    2005,
    2010,
    2020,
    2030,
    2040,
    2050,
    2060,
    2070,
    2080,
    2090,
    2100
  ],
  "entities": [
    265502,
    265502,
    265502,
    265502,
    265502,
    265502,
    265502,
    265502,
    265502,
    265502,
    265502,
    265503,
    265503,
    265503,
    265503,
    265503,
    265503,
    265503,
    265503,
    265503,
    265503,
    265503,
    265504,
    265504,
    265504,
    265504,
    265504,
    265504,
    265504,
    265504,
    265504,
    265504,
    265504,
    265505,
    265505,
    265505,
    265505,
    265505,
    265505,
    265505,
    265505,
    265505,
    265505,
    265505,
    259334,
    259334,
    259334,
    259334,
    259334,
    259334,
    259334,
    259334,
    259334,
    259334,
    259334,
    265511,
    265511,
    265511,
    265511,
    265511,
    265511,
    265511,
    265511,
    265511,
    265511,
    265511,
    265512,
    265512,
    265512,
    265512,
    265512,
    265512,
    265512,
    265512,
    265512,
    265512,
    265512,
    265513,
    265513,
    265513,
    265513,
    265513,
    265513,
    265513,
    265513,
    265513,
    265513,
    265513,
    265514,
    265514,
    265514,
    265514,
    265514,
    265514,
    265514,
    265514,
    265514,
    265514,
    265515,
    265515,
    265515,
    265515,
    265515,
    265515,
    265515,
    265515,
    265515,
    265515,
    265516,
    265516,
    265516,
    265516,
    265516,
    265516,
    265516,
    265516,
    265516,
    265516,
    265517,
    265517,
    265517,
    265517,
    265517,
    265517,
    265517,
    265517,
    265517,
    265517,
    259349,
    259349,
    259349,
    259349,
    259349,
    259349,
    259349,
    259349,
    259349,
    259349,
    259349
  ]
}