{
  "values": [
    0,
    0,
    0.07452701,
    0.10719962,
    0.06561759,
    0.00068782154,
    0.0012351563,
    0.010595344,
    0.012765885,
    0.012295788,
    0.0042974865,
    0,
    0,
    1.8314199e-18,
    0.00012645323,
    0.0005376826,
    7.1493696e-7,
    0.0000017219651,
    0.000002645959,
    0.0000075237035,
    0.000006485791,
    0.0000061195337,
    0,
    0,
    0,
    2.368989e-12,
    1.6439136e-10,
    5.1878564e-9,
    0.0000040835157,
    0.000018967303,
    0.000020377576,
    0.000015174991,
    0.0000028351906,
    0,
    0,
    0,
    7.239842e-13,
    1.9124691e-11,
    2.6659205e-10,
    5.0908913e-9,
    8.672995e-9,
    0.00000151696,
    0.000005302461,
    0.0000072412336,
    0,
    0,
    0,
    0,
    0,
    0,
    0,
    0,
    0,
    0,
    0,
    0,
    0,
    0,
    0,
    1.6851057,
    5.261719,
    7.473216,
    6.6387444,
    5.9805884,
    5.238675,
    4.51179,
    0,
    0,
    0,
    0,
    0,
    1.3705163,
    3.4882965,
    5.3338723,
    5.971321,
    5.7265887,
    5.3726277,
    0,
    0,
    0,
    0,
    0,
    0,
    0,
    0.1977041,
    1.19883,
    1.707973,
    2.4046204,
    0,
    0.114906296,
    0.5127355,
    0.66426,
    0.6519236,
    0.46928996,
    0.32657015,
    0.2568586,
    0.17715108,
    0.057830404,
    0,
    0.11491908,
    0.21592194,
    0.29439673,
    0.41069385,
    0.45559922,
    0.34964117,
    0.2516356,
    0.20012774,
    0.13042152,
    0,
    0.11492202,
    0.1428435,
    0.16534896,
    0.21869558,
    0.3248569,
    0.33833575,
    0.16310517,
    0.17658803,
    0.15624937,
    0,
    0.114224404,
    0.07957167,
    0.06595326,
    0.05502181,
    0.060100656,
    0.056121264,
    0.06182377,
    0.08121313,
    0.09445467,
    0,
    0,
    0,
    0,
    0,
    0,
    0,
    0,
    0,
    0,
    0
  ],
  "years": [
    2005,
    2010,
    2020,
    2030,
    2040,
    2050,
    2060,
    2070,
    2080,
    2090,
    2100,
    2005,
    2010,
    2020,
    2030,
    2040,
    2050,
    2060,
    2070,
    2080,
    2090,
    2100,
    2005,
    2010,
    2020,
    2030,
    2040,
    2050,
    2060,
    2070,
    2080,
    2090,
    2100,
    2005,
    2010,
    2020,
    2030,
    2040,
    2050,
    2060,
    2070,
    2080,
    2090,
    2100,
    2005,
    2010,
    2020,
    2030,
    2040,
    2050,
    2060,
    2070,
    2080,
    2090,
    2100,
    2005,
    2010,
    2020,
    2030,
    2040,
    2050,
    2060,
    2070,
    2080,
    2090,
    2100,
    2005,
    2010,
    2020,
    2030,
    2040,
    2050,
    2060,
    2070,
    2080,
    2090,
    2100,
    2005,
    2010,
    2020,
    2030,
    2040,
    2050,
    2060,
    2070,
    2080,
    2090,
    2100,
    2010,
    2020,
    2030,
    2040,
    2050,
    2060,
    2070,
    2080,
    2090,
    2100,
    2010,
    2020,
    2030,
    2040,
    2050,
    2060,
    2070,
    2080,
    2090,
    2100,
    2010,
    2020,
    2030,
    2040,
    2050,
    2060,
    2070,
    2080,
    2090,
    2100,
    2010,
    2020,
    2030,
    2040,
    2050,
    2060,
    2070,
    2080,
    2090,
    2100,
    2005,
    2010,
    2020,
    2030,
    2040,
    2050,
    2060,
    2070,
    2080,
    2090,
    2100
  ],
  "entities": [
    265502,
    265502,
    265502,
    265502,
    265502,
    265502,
    265502,
    265502,
    265502,
    265502,
    265502,
    265503,
    265503,
    265503,
    265503,
    265503,
    265503,
    265503,
    265503,
    265503,
    265503,
    265503,
    265504,
    265504,
    265504,
    265504,
    265504,
    265504,
    265504,
    265504,
    265504,
    265504,
    265504,
    265505,
    265505,
    265505,
    265505,
    265505,
    265505,
    265505,
    265505,
    265505,
    265505,
    265505,
    259334,
    259334,
    259334,
    259334,
    259334,
    259334,
    259334,
    259334,
    259334,
    259334,
    259334,
    265511,
    265511,
    265511,
    265511,
    265511,
    265511,
    265511,
    265511,
    265511,
    265511,
    265511,
    265512,
    265512,
    265512,
    265512,
    265512,
    265512,
    265512,
    265512,
    265512,
    265512,
    265512,
    265513,
    265513,
    265513,
    265513,
    265513,
    265513,
    265513,
    265513,
    265513,
    265513,
    265513,
    265514,
    265514,
    265514,
    265514,
    265514,
    265514,
    265514,
    265514,
    265514,
    265514,
    265515,
    265515,
    265515,
    265515,
    265515,
    265515,
    265515,
    265515,
    265515,
    265515,
    265516,
    265516,
    265516,
    265516,
    265516,
    265516,
    265516,
    265516,
    265516,
    265516,
    265517,
    265517,
    265517,
    265517,
    265517,
    265517,
    265517,
    265517,
    265517,
    265517,
    259349,
    259349,
    259349,
    259349,
    259349,
    259349,
    259349,
    259349,
    259349,
    259349,
    259349
  ]
}