{
  "values": [
    0,
    0,
    15.787119,
    41.29077,
    37.179382,
    17.677345,
    31.616714,
    94.520386,
    134.8599,
    141.16553,
    102.60166,
    0,
    0,
    8.791535e-16,
    0.8870196,
    2.2604427,
    2.367837,
    0.21020684,
    0.28520244,
    0.77476203,
    0.9450908,
    2.9275374,
    0,
    0,
    4.03292e-21,
    0.0000011728592,
    0.0000984973,
    0.00044372535,
    0.08373424,
    0.30324775,
    0.22297657,
    0.19267404,
    0.21011545,
    0,
    0,
    3.84917e-21,
    5.901977e-7,
    0.000012937233,
    0.00008076034,
    0.0004991504,
    0.0010690342,
    0.031216692,
    0.051253375,
    0.040146977,
    0,
    0,
    0,
    0,
    0,
    0,
    0,
    0,
    0,
    0,
    0,
    0,
    0,
    0,
    0,
    656.94495,
    3104.7246,
    5086.671,
    4817.004,
    4431.809,
    3893.5032,
    3341.086,
    0,
    0,
    0,
    0,
    0,
    404.167,
    1651.7513,
    3567.8083,
    4826.976,
    4745.3926,
    4392.559,
    0,
    0,
    0,
    0,
    0,
    0,
    0,
    56.833378,
    356.2225,
    526.1949,
    865.3063,
    0,
    7.811314,
    109.2192,
    133.67003,
    141.95988,
    112.34881,
    70.57247,
    32.596516,
    15.516969,
    2.5103407,
    0,
    7.813617,
    43.742588,
    69.831505,
    85.43007,
    93.87786,
    83.21239,
    57.933952,
    29.894424,
    16.346819,
    0,
    7.807046,
    27.038637,
    41.616493,
    50.152832,
    69.61445,
    75.82837,
    30.400957,
    27.806225,
    30.584658,
    0,
    7.724844,
    13.521822,
    14.617917,
    12.507149,
    11.583767,
    11.237918,
    14.632387,
    21.053768,
    23.979948,
    0,
    0,
    0,
    0,
    0,
    0,
    0,
    0,
    0,
    0,
    0
  ],
  "years": [
    2005,
    2010,
    2020,
    2030,
    2040,
    2050,
    2060,
    2070,
    2080,
    2090,
    2100,
    2005,
    2010,
    2020,
    2030,
    2040,
    2050,
    2060,
    2070,
    2080,
    2090,
    2100,
    2005,
    2010,
    2020,
    2030,
    2040,
    2050,
    2060,
    2070,
    2080,
    2090,
    2100,
    2005,
    2010,
    2020,
    2030,
    2040,
    2050,
    2060,
    2070,
    2080,
    2090,
    2100,
    2005,
    2010,
    2020,
    2030,
    2040,
    2050,
    2060,
    2070,
    2080,
    2090,
    2100,
    2005,
    2010,
    2020,
    2030,
    2040,
    2050,
    2060,
    2070,
    2080,
    2090,
    2100,
    2005,
    2010,
    2020,
    2030,
    2040,
    2050,
    2060,
    2070,
    2080,
    2090,
    2100,
    2005,
    2010,
    2020,
    2030,
    2040,
    2050,
    2060,
    2070,
    2080,
    2090,
    2100,
    2010,
    2020,
    2030,
    2040,
    2050,
    2060,
    2070,
    2080,
    2090,
    2100,
    2010,
    2020,
    2030,
    2040,
    2050,
    2060,
    2070,
    2080,
    2090,
    2100,
    2010,
    2020,
    2030,
    2040,
    2050,
    2060,
    2070,
    2080,
    2090,
    2100,
    2010,
    2020,
    2030,
    2040,
    2050,
    2060,
    2070,
    2080,
    2090,
    2100,
    2005,
    2010,
    2020,
    2030,
    2040,
    2050,
    2060,
    2070,
    2080,
    2090,
    2100
  ],
  "entities": [
    265502,
    265502,
    265502,
    265502,
    265502,
    265502,
    265502,
    265502,
    265502,
    265502,
    265502,
    265503,
    265503,
    265503,
    265503,
    265503,
    265503,
    265503,
    265503,
    265503,
    265503,
    265503,
    265504,
    265504,
    265504,
    265504,
    265504,
    265504,
    265504,
    265504,
    265504,
    265504,
    265504,
    265505,
    265505,
    265505,
    265505,
    265505,
    265505,
    265505,
    265505,
    265505,
    265505,
    265505,
    259334,
    259334,
    259334,
    259334,
    259334,
    259334,
    259334,
    259334,
    259334,
    259334,
    259334,
    265511,
    265511,
    265511,
    265511,
    265511,
    265511,
    265511,
    265511,
    265511,
    265511,
    265511,
    265512,
    265512,
    265512,
    265512,
    265512,
    265512,
    265512,
    265512,
    265512,
    265512,
    265512,
    265513,
    265513,
    265513,
    265513,
    265513,
    265513,
    265513,
    265513,
    265513,
    265513,
    265513,
    265514,
    265514,
    265514,
    265514,
    265514,
    265514,
    265514,
    265514,
    265514,
    265514,
    265515,
    265515,
    265515,
    265515,
    265515,
    265515,
    265515,
    265515,
    265515,
    265515,
    265516,
    265516,
    265516,
    265516,
    265516,
    265516,
    265516,
    265516,
    265516,
    265516,
    265517,
    265517,
    265517,
    265517,
    265517,
    265517,
    265517,
    265517,
    265517,
    265517,
    259349,
    259349,
    259349,
    259349,
    259349,
    259349,
    259349,
    259349,
    259349,
    259349,
    259349
  ]
}