{
  "values": [
    51.5515,
    131.2483,
    261.121,
    239.03073,
    464.34714,
    1068.7382,
    1102.4175,
    723.47144,
    676.9305,
    989.92816,
    933.99963,
    51.5515,
    131.2483,
    240.59131,
    300.71304,
    406.93054,
    768.51984,
    1058.7761,
    1034.5913,
    825.3024,
    584.4262,
    560.77466,
    51.5515,
    131.2483,
    239.05495,
    285.21762,
    385.4269,
    727.0561,
    892.7762,
    1006.81274,
    1088.6022,
    972.78156,
    707.11914,
    51.5515,
    131.2483,
    239.09055,
    280.786,
    364.26633,
    653.57495,
    814.29443,
    894.1314,
    1011.3246,
    1033.0914,
    981.643,
    51.5515,
    131.2483,
    239.0486,
    279.39304,
    364.66724,
    636.0263,
    777.90326,
    840.24335,
    941.7391,
    961.59,
    905.5627,
    48.27706,
    163.16772,
    341.03775,
    653.85443,
    1294.9558,
    1686.836,
    2524.0874,
    3349.8093,
    4035.8176,
    4458.5405,
    5142.964,
    48.27706,
    163.16698,
    339.17874,
    492.54645,
    703.47687,
    1039.1869,
    1244.7695,
    1595.7906,
    2198.27,
    3746.348,
    5370.7217,
    48.27706,
    163.16698,
    339.54413,
    466.82227,
    611.4724,
    942.944,
    1351.2122,
    1430.3252,
    1593.6891,
    1890.0176,
    2392.6992,
    48.27706,
    163.16698,
    338.09265,
    449.43896,
    557.4594,
    792.7543,
    1276.2075,
    1437.4329,
    1369.3926,
    1360.7091,
    1644.7123,
    48.27706,
    163.16698,
    338.76215,
    427.9503,
    493.49152,
    708.0834,
    1164.3247,
    1528.2942,
    1659.3031,
    1740.0859,
    1765.7572,
    48.27706,
    163.16698,
    315.6003,
    399.29575,
    461.732,
    694.00507,
    989.08386,
    1194.8632,
    1358.2916,
    1551.831,
    1838.891,
    32.0849,
    39.7445,
    100.2917,
    420.9739,
    734.4665,
    778.2889,
    868.2622,
    1091.4135,
    1344.0149,
    1615.3433,
    1858.6871,
    32.0849,
    39.7445,
    100.2917,
    298.3784,
    491.5249,
    589.9756,
    680.0754,
    779.4791,
    905.5992,
    1061.8107,
    1230.5219,
    32.0849,
    39.7445,
    100.2917,
    291.1114,
    443.3657,
    503.7213,
    528.9423,
    594.4828,
    678.5344,
    739.9436,
    800.8339,
    32.0849,
    39.8259,
    50.7743,
    59.8972,
    69.1432,
    75.0707,
    86.1463,
    98.4474,
    108.9498,
    117.8309,
    127.477
  ],
  "years": [
    2005,
    2010,
    2020,
    2030,
    2040,
    2050,
    2060,
    2070,
    2080,
    2090,
    2100,
    2005,
    2010,
    2020,
    2030,
    2040,
    2050,
    2060,
    2070,
    2080,
    2090,
    2100,
    2005,
    2010,
    2020,
    2030,
    2040,
    2050,
    2060,
    2070,
    2080,
    2090,
    2100,
    2005,
    2010,
    2020,
    2030,
    2040,
    2050,
    2060,
    2070,
    2080,
    2090,
    2100,
    2005,
    2010,
    2020,
    2030,
    2040,
    2050,
    2060,
    2070,
    2080,
    2090,
    2100,
    2005,
    2010,
    2020,
    2030,
    2040,
    2050,
    2060,
    2070,
    2080,
    2090,
    2100,
    2005,
    2010,
    2020,
    2030,
    2040,
    2050,
    2060,
    2070,
    2080,
    2090,
    2100,
    2005,
    2010,
    2020,
    2030,
    2040,
    2050,
    2060,
    2070,
    2080,
    2090,
    2100,
    2005,
    2010,
    2020,
    2030,
    2040,
    2050,
    2060,
    2070,
    2080,
    2090,
    2100,
    2005,
    2010,
    2020,
    2030,
    2040,
    2050,
    2060,
    2070,
    2080,
    2090,
    2100,
    2005,
    2010,
    2020,
    2030,
    2040,
    2050,
    2060,
    2070,
    2080,
    2090,
    2100,
    2005,
    2010,
    2020,
    2030,
    2040,
    2050,
    2060,
    2070,
    2080,
    2090,
    2100,
    2005,
    2010,
    2020,
    2030,
    2040,
    2050,
    2060,
    2070,
    2080,
    2090,
    2100,
    2005,
    2010,
    2020,
    2030,
    2040,
    2050,
    2060,
    2070,
    2080,
    2090,
    2100,
    2005,
    2010,
    2020,
    2030,
    2040,
    2050,
    2060,
    2070,
    2080,
    2090,
    2100
  ],
  "entities": [
    265502,
    265502,
    265502,
    265502,
    265502,
    265502,
    265502,
    265502,
    265502,
    265502,
    265502,
    265503,
    265503,
    265503,
    265503,
    265503,
    265503,
    265503,
    265503,
    265503,
    265503,
    265503,
    265504,
    265504,
    265504,
    265504,
    265504,
    265504,
    265504,
    265504,
    265504,
    265504,
    265504,
    265505,
    265505,
    265505,
    265505,
    265505,
    265505,
    265505,
    265505,
    265505,
    265505,
    265505,
    259334,
    259334,
    259334,
    259334,
    259334,
    259334,
    259334,
    259334,
    259334,
    259334,
    259334,
    265506,
    265506,
    265506,
    265506,
    265506,
    265506,
    265506,
    265506,
    265506,
    265506,
    265506,
    265507,
    265507,
    265507,
    265507,
    265507,
    265507,
    265507,
    265507,
    265507,
    265507,
    265507,
    265508,
    265508,
    265508,
    265508,
    265508,
    265508,
    265508,
    265508,
    265508,
    265508,
    265508,
    265509,
    265509,
    265509,
    265509,
    265509,
    265509,
    265509,
    265509,
    265509,
    265509,
    265509,
    265510,
    265510,
    265510,
    265510,
    265510,
    265510,
    265510,
    265510,
    265510,
    265510,
    265510,
    259340,
    259340,
    259340,
    259340,
    259340,
    259340,
    259340,
    259340,
    259340,
    259340,
    259340,
    265511,
    265511,
    265511,
    265511,
    265511,
    265511,
    265511,
    265511,
    265511,
    265511,
    265511,
    265512,
    265512,
    265512,
    265512,
    265512,
    265512,
    265512,
    265512,
    265512,
    265512,
    265512,
    265513,
    265513,
    265513,
    265513,
    265513,
    265513,
    265513,
    265513,
    265513,
    265513,
    265513,
    259344,
    259344,
    259344,
    259344,
    259344,
    259344,
    259344,
    259344,
    259344,
    259344,
    259344
  ]
}