{
  "values": [
    0,
    0,
    7.0238557,
    10.355948,
    4.4132257,
    23.85926,
    27.851519,
    25.517149,
    24.786201,
    16.067797,
    14.915653,
    0,
    0,
    6.187505e-16,
    0.0067806444,
    3.5095158,
    15.876691,
    14.696207,
    13.55363,
    10.009835,
    4.0287943,
    3.380688,
    0,
    0,
    6.1884773e-19,
    3.3379195e-8,
    2.0237988e-7,
    7.733923e-7,
    0.83425456,
    1.3389963,
    1.496254,
    3.3677833,
    4.064324,
    0,
    0,
    4.7108647e-18,
    0.016236402,
    0.016170457,
    0.010510425,
    0.000003884142,
    0.00005861199,
    0.0017583459,
    5.653481,
    4.762916,
    0,
    0,
    0,
    0,
    0,
    0,
    0,
    0,
    0,
    0,
    0,
    0,
    0,
    0,
    0,
    1364.4177,
    3286.197,
    3811.6697,
    3371.086,
    2888.4468,
    2367.5298,
    1922.6127,
    0,
    0,
    0,
    0,
    0,
    260.3891,
    1154.3065,
    2322.363,
    2746.8079,
    2392.3909,
    2069.335,
    0,
    0,
    0,
    0,
    0,
    0,
    0,
    38.6667,
    210.3335,
    265.83356,
    399.667,
    0,
    4.603935,
    18.265474,
    20.77547,
    24.000032,
    17.88689,
    14.668638,
    10.035498,
    2.6282294,
    0.0026065854,
    0,
    4.5929856,
    7.411063,
    13.949527,
    18.222805,
    14.106806,
    16.92456,
    17.143541,
    8.212303,
    3.0579686,
    0,
    4.5765047,
    4.406358,
    7.938252,
    13.599765,
    11.365605,
    13.490849,
    10.458757,
    7.272489,
    8.2529745,
    0,
    4.5720096,
    2.1970434,
    3.0737426,
    3.7049391,
    2.5842724,
    2.79736,
    4.6957235,
    4.226631,
    4.702309,
    0,
    0,
    0,
    0,
    0,
    0,
    0,
    0,
    0,
    0,
    0
  ],
  "years": [
    2005,
    2010,
    2020,
    2030,
    2040,
    2050,
    2060,
    2070,
    2080,
    2090,
    2100,
    2005,
    2010,
    2020,
    2030,
    2040,
    2050,
    2060,
    2070,
    2080,
    2090,
    2100,
    2005,
    2010,
    2020,
    2030,
    2040,
    2050,
    2060,
    2070,
    2080,
    2090,
    2100,
    2005,
    2010,
    2020,
    2030,
    2040,
    2050,
    2060,
    2070,
    2080,
    2090,
    2100,
    2005,
    2010,
    2020,
    2030,
    2040,
    2050,
    2060,
    2070,
    2080,
    2090,
    2100,
    2005,
    2010,
    2020,
    2030,
    2040,
    2050,
    2060,
    2070,
    2080,
    2090,
    2100,
    2005,
    2010,
    2020,
    2030,
    2040,
    2050,
    2060,
    2070,
    2080,
    2090,
    2100,
    2005,
    2010,
    2020,
    2030,
    2040,
    2050,
    2060,
    2070,
    2080,
    2090,
    2100,
    2010,
    2020,
    2030,
    2040,
    2050,
    2060,
    2070,
    2080,
    2090,
    2100,
    2010,
    2020,
    2030,
    2040,
    2050,
    2060,
    2070,
    2080,
    2090,
    2100,
    2010,
    2020,
    2030,
    2040,
    2050,
    2060,
    2070,
    2080,
    2090,
    2100,
    2010,
    2020,
    2030,
    2040,
    2050,
    2060,
    2070,
    2080,
    2090,
    2100,
    2005,
    2010,
    2020,
    2030,
    2040,
    2050,
    2060,
    2070,
    2080,
    2090,
    2100
  ],
  "entities": [
    265502,
    265502,
    265502,
    265502,
    265502,
    265502,
    265502,
    265502,
    265502,
    265502,
    265502,
    265503,
    265503,
    265503,
    265503,
    265503,
    265503,
    265503,
    265503,
    265503,
    265503,
    265503,
    265504,
    265504,
    265504,
    265504,
    265504,
    265504,
    265504,
    265504,
    265504,
    265504,
    265504,
    265505,
    265505,
    265505,
    265505,
    265505,
    265505,
    265505,
    265505,
    265505,
    265505,
    265505,
    259334,
    259334,
    259334,
    259334,
    259334,
    259334,
    259334,
    259334,
    259334,
    259334,
    259334,
    265511,
    265511,
    265511,
    265511,
    265511,
    265511,
    265511,
    265511,
    265511,
    265511,
    265511,
    265512,
    265512,
    265512,
    265512,
    265512,
    265512,
    265512,
    265512,
    265512,
    265512,
    265512,
    265513,
    265513,
    265513,
    265513,
    265513,
    265513,
    265513,
    265513,
    265513,
    265513,
    265513,
    265514,
    265514,
    265514,
    265514,
    265514,
    265514,
    265514,
    265514,
    265514,
    265514,
    265515,
    265515,
    265515,
    265515,
    265515,
    265515,
    265515,
    265515,
    265515,
    265515,
    265516,
    265516,
    265516,
    265516,
    265516,
    265516,
    265516,
    265516,
    265516,
    265516,
    265517,
    265517,
    265517,
    265517,
    265517,
    265517,
    265517,
    265517,
    265517,
    265517,
    259349,
    259349,
    259349,
    259349,
    259349,
    259349,
    259349,
    259349,
    259349,
    259349,
    259349
  ]
}