{
  "values": [
    0,
    0,
    0.09542913,
    0.45513612,
    28.990025,
    189.93382,
    364.9308,
    410.42197,
    413.03998,
    398.72784,
    274.51996,
    0,
    0,
    0.090433694,
    2.9117472,
    34.122734,
    125.87242,
    244.51668,
    360.37057,
    409.21793,
    348.35358,
    364.5839,
    0,
    0,
    0.089529514,
    1.9538721,
    15.043278,
    73.2564,
    193.89488,
    336.42142,
    440.55746,
    388.00934,
    377.17712,
    0,
    0,
    0.08654462,
    1.6853052,
    10.049135,
    35.539253,
    98.878136,
    217.64459,
    389.9532,
    456.1057,
    382.17685,
    0,
    0,
    0.0855013,
    1.6192949,
    9.080862,
    29.189594,
    73.336815,
    161.78271,
    330.1463,
    428.61597,
    396.99536,
    0,
    0,
    0,
    0,
    0,
    0,
    5.72288,
    21.64821,
    54.1922,
    108.0833,
    195.86597,
    0,
    0,
    0,
    0,
    0,
    0,
    0,
    6.60339,
    23.96298,
    58.84323,
    115.65931,
    0,
    0,
    0,
    0,
    0,
    0,
    0,
    0,
    3.99718,
    17.11154,
    45.07678,
    0,
    0,
    0,
    0,
    0,
    0,
    0,
    0,
    0,
    0,
    0,
    0,
    0,
    0,
    0,
    0,
    0,
    0,
    0,
    0,
    0,
    0,
    0,
    0,
    0,
    0,
    0,
    0,
    0,
    0,
    0,
    0,
    0,
    0,
    0,
    0.0359,
    3.643,
    36.92,
    168.9,
    343.7,
    502.8,
    668,
    848.8,
    996.3,
    0,
    0,
    0.0359,
    0.7136,
    7.619,
    45.26,
    164.7,
    345.3,
    532.6,
    667.7,
    750.9,
    0,
    0,
    0.0359,
    0.0556,
    1.124,
    9.741,
    49.42,
    181.9,
    408.4,
    614.9,
    718.8,
    0,
    0,
    0.0359,
    0.0474,
    0.1763,
    2.141,
    11.8,
    48.79,
    170.1,
    376.3,
    567.9,
    0,
    0,
    0.0359,
    0.0487,
    0.0617,
    0.1475,
    1.458,
    8.151,
    36.71,
    149.3,
    355.7,
    0,
    0,
    0.0361,
    0.0492,
    0.0643,
    0.0804,
    0.5449,
    4.634,
    22.66,
    77.62,
    184.3
  ],
  "years": [
    2005,
    2010,
    2020,
    2030,
    2040,
    2050,
    2060,
    2070,
    2080,
    2090,
    2100,
    2005,
    2010,
    2020,
    2030,
    2040,
    2050,
    2060,
    2070,
    2080,
    2090,
    2100,
    2005,
    2010,
    2020,
    2030,
    2040,
    2050,
    2060,
    2070,
    2080,
    2090,
    2100,
    2005,
    2010,
    2020,
    2030,
    2040,
    2050,
    2060,
    2070,
    2080,
    2090,
    2100,
    2005,
    2010,
    2020,
    2030,
    2040,
    2050,
    2060,
    2070,
    2080,
    2090,
    2100,
    2005,
    2010,
    2020,
    2030,
    2040,
    2050,
    2060,
    2070,
    2080,
    2090,
    2100,
    2005,
    2010,
    2020,
    2030,
    2040,
    2050,
    2060,
    2070,
    2080,
    2090,
    2100,
    2005,
    2010,
    2020,
    2030,
    2040,
    2050,
    2060,
    2070,
    2080,
    2090,
    2100,
    2005,
    2010,
    2020,
    2030,
    2040,
    2050,
    2060,
    2070,
    2080,
    2090,
    2100,
    2005,
    2010,
    2020,
    2030,
    2040,
    2050,
    2060,
    2070,
    2080,
    2090,
    2100,
    2005,
    2010,
    2020,
    2030,
    2040,
    2050,
    2060,
    2070,
    2080,
    2090,
    2100,
    2005,
    2010,
    2020,
    2030,
    2040,
    2050,
    2060,
    2070,
    2080,
    2090,
    2100,
    2005,
    2010,
    2020,
    2030,
    2040,
    2050,
    2060,
    2070,
    2080,
    2090,
    2100,
    2005,
    2010,
    2020,
    2030,
    2040,
    2050,
    2060,
    2070,
    2080,
    2090,
    2100,
    2005,
    2010,
    2020,
    2030,
    2040,
    2050,
    2060,
    2070,
    2080,
    2090,
    2100,
    2005,
    2010,
    2020,
    2030,
    2040,
    2050,
    2060,
    2070,
    2080,
    2090,
    2100,
    2005,
    2010,
    2020,
    2030,
    2040,
    2050,
    2060,
    2070,
    2080,
    2090,
    2100
  ],
  "entities": [
    265502,
    265502,
    265502,
    265502,
    265502,
    265502,
    265502,
    265502,
    265502,
    265502,
    265502,
    265503,
    265503,
    265503,
    265503,
    265503,
    265503,
    265503,
    265503,
    265503,
    265503,
    265503,
    265504,
    265504,
    265504,
    265504,
    265504,
    265504,
    265504,
    265504,
    265504,
    265504,
    265504,
    265505,
    265505,
    265505,
    265505,
    265505,
    265505,
    265505,
    265505,
    265505,
    265505,
    265505,
    259334,
    259334,
    259334,
    259334,
    259334,
    259334,
    259334,
    259334,
    259334,
    259334,
    259334,
    265506,
    265506,
    265506,
    265506,
    265506,
    265506,
    265506,
    265506,
    265506,
    265506,
    265506,
    265507,
    265507,
    265507,
    265507,
    265507,
    265507,
    265507,
    265507,
    265507,
    265507,
    265507,
    265508,
    265508,
    265508,
    265508,
    265508,
    265508,
    265508,
    265508,
    265508,
    265508,
    265508,
    265509,
    265509,
    265509,
    265509,
    265509,
    265509,
    265509,
    265509,
    265509,
    265509,
    265509,
    265510,
    265510,
    265510,
    265510,
    265510,
    265510,
    265510,
    265510,
    265510,
    265510,
    265510,
    259340,
    259340,
    259340,
    259340,
    259340,
    259340,
    259340,
    259340,
    259340,
    259340,
    259340,
    265518,
    265518,
    265518,
    265518,
    265518,
    265518,
    265518,
    265518,
    265518,
    265518,
    265518,
    265519,
    265519,
    265519,
    265519,
    265519,
    265519,
    265519,
    265519,
    265519,
    265519,
    265519,
    265520,
    265520,
    265520,
    265520,
    265520,
    265520,
    265520,
    265520,
    265520,
    265520,
    265520,
    265521,
    265521,
    265521,
    265521,
    265521,
    265521,
    265521,
    265521,
    265521,
    265521,
    265521,
    265522,
    265522,
    265522,
    265522,
    265522,
    265522,
    265522,
    265522,
    265522,
    265522,
    265522,
    259355,
    259355,
    259355,
    259355,
    259355,
    259355,
    259355,
    259355,
    259355,
    259355,
    259355
  ]
}