{
  "values": [
    0,
    0,
    6.4862204,
    8.017744,
    5.67321,
    0.06550616,
    0.12488177,
    1.1096404,
    1.3565636,
    1.2577577,
    0.4153017,
    0,
    0,
    1.8866543e-16,
    0.014072234,
    0.063365325,
    0.000088588684,
    0.00022203573,
    0.0003239197,
    0.0008910729,
    0.0007469284,
    0.00066398387,
    0,
    0,
    0,
    2.902391e-10,
    2.2605823e-8,
    7.8244784e-7,
    0.0006358116,
    0.00275038,
    0.0025982382,
    0.0018183598,
    0.0003232197,
    0,
    0,
    0,
    9.050924e-11,
    2.7928355e-9,
    4.416837e-8,
    8.8501184e-7,
    0.0000014533679,
    0.0002267474,
    0.0006831561,
    0.00082336174,
    0,
    0,
    0,
    0,
    0,
    0,
    0,
    0,
    0,
    0,
    0,
    0,
    0,
    0,
    0,
    214.00017,
    737.91724,
    1162.001,
    1123.1953,
    1097.8342,
    1039.223,
    956.0841,
    0,
    0,
    0,
    0,
    0,
    205.97238,
    567.13934,
    949.47296,
    1166.001,
    1217.9731,
    1232.7788,
    0,
    0,
    0,
    0,
    0,
    0,
    0,
    38.305588,
    253.55576,
    396.22253,
    612.1394,
    0,
    13.6816845,
    71.88716,
    105.680595,
    113.37166,
    87.90779,
    63.09953,
    49.07656,
    33.42325,
    10.828109,
    0,
    13.683207,
    31.194311,
    47.961,
    71.83007,
    84.53246,
    67.412346,
    49.319138,
    38.596733,
    24.575144,
    0,
    13.683556,
    21.06278,
    27.625858,
    39.221027,
    60.869343,
    64.762634,
    32.015026,
    35.090786,
    30.947758,
    0,
    13.6004925,
    12.222298,
    11.652428,
    10.617053,
    12.311885,
    11.717975,
    12.80089,
    16.456095,
    18.568266,
    0,
    0,
    0,
    0,
    0,
    0,
    0,
    0,
    0,
    0,
    0
  ],
  "years": [
    2005,
    2010,
    2020,
    2030,
    2040,
    2050,
    2060,
    2070,
    2080,
    2090,
    2100,
    2005,
    2010,
    2020,
    2030,
    2040,
    2050,
    2060,
    2070,
    2080,
    2090,
    2100,
    2005,
    2010,
    2020,
    2030,
    2040,
    2050,
    2060,
    2070,
    2080,
    2090,
    2100,
    2005,
    2010,
    2020,
    2030,
    2040,
    2050,
    2060,
    2070,
    2080,
    2090,
    2100,
    2005,
    2010,
    2020,
    2030,
    2040,
    2050,
    2060,
    2070,
    2080,
    2090,
    2100,
    2005,
    2010,
    2020,
    2030,
    2040,
    2050,
    2060,
    2070,
    2080,
    2090,
    2100,
    2005,
    2010,
    2020,
    2030,
    2040,
    2050,
    2060,
    2070,
    2080,
    2090,
    2100,
    2005,
    2010,
    2020,
    2030,
    2040,
    2050,
    2060,
    2070,
    2080,
    2090,
    2100,
    2010,
    2020,
    2030,
    2040,
    2050,
    2060,
    2070,
    2080,
    2090,
    2100,
    2010,
    2020,
    2030,
    2040,
    2050,
    2060,
    2070,
    2080,
    2090,
    2100,
    2010,
    2020,
    2030,
    2040,
    2050,
    2060,
    2070,
    2080,
    2090,
    2100,
    2010,
    2020,
    2030,
    2040,
    2050,
    2060,
    2070,
    2080,
    2090,
    2100,
    2005,
    2010,
    2020,
    2030,
    2040,
    2050,
    2060,
    2070,
    2080,
    2090,
    2100
  ],
  "entities": [
    265502,
    265502,
    265502,
    265502,
    265502,
    265502,
    265502,
    265502,
    265502,
    265502,
    265502,
    265503,
    265503,
    265503,
    265503,
    265503,
    265503,
    265503,
    265503,
    265503,
    265503,
    265503,
    265504,
    265504,
    265504,
    265504,
    265504,
    265504,
    265504,
    265504,
    265504,
    265504,
    265504,
    265505,
    265505,
    265505,
    265505,
    265505,
    265505,
    265505,
    265505,
    265505,
    265505,
    265505,
    259334,
    259334,
    259334,
    259334,
    259334,
    259334,
    259334,
    259334,
    259334,
    259334,
    259334,
    265511,
    265511,
    265511,
    265511,
    265511,
    265511,
    265511,
    265511,
    265511,
    265511,
    265511,
    265512,
    265512,
    265512,
    265512,
    265512,
    265512,
    265512,
    265512,
    265512,
    265512,
    265512,
    265513,
    265513,
    265513,
    265513,
    265513,
    265513,
    265513,
    265513,
    265513,
    265513,
    265513,
    265514,
    265514,
    265514,
    265514,
    265514,
    265514,
    265514,
    265514,
    265514,
    265514,
    265515,
    265515,
    265515,
    265515,
    265515,
    265515,
    265515,
    265515,
    265515,
    265515,
    265516,
    265516,
    265516,
    265516,
    265516,
    265516,
    265516,
    265516,
    265516,
    265516,
    265517,
    265517,
    265517,
    265517,
    265517,
    265517,
    265517,
    265517,
    265517,
    265517,
    259349,
    259349,
    259349,
    259349,
    259349,
    259349,
    259349,
    259349,
    259349,
    259349,
    259349
  ]
}