{
  "values": [
    0,
    0,
    28.936592,
    223.60916,
    480.6577,
    362.66968,
    103.700165,
    48.422176,
    30.734663,
    19.011984,
    2.7854242,
    0,
    0,
    2.6310104e-14,
    5.6735764,
    136.15767,
    139.89601,
    72.69541,
    4.0681915,
    1.256801,
    0.061092272,
    0.0028724468,
    0,
    0,
    6.505477e-19,
    0.0000016368124,
    0.00009292868,
    0.00011749259,
    0.011212648,
    0.007195478,
    0.00781284,
    0.0051491153,
    0.00094212854,
    0,
    0,
    2.9225302e-19,
    0.0001742957,
    0.00017721765,
    0.00011824454,
    0.000010389397,
    0.000015880012,
    0.0010220925,
    0.004972254,
    0.0054553933,
    0,
    0,
    0,
    0,
    0,
    0,
    0,
    0,
    0,
    0,
    0,
    0,
    0,
    0,
    0,
    490.02817,
    2034.4739,
    3351.586,
    3377.3916,
    3224.4192,
    2838.4746,
    2442.8352,
    0,
    0,
    0,
    0,
    0,
    440.33368,
    1356.4456,
    2454.002,
    2977.1968,
    2993.6414,
    3029.5579,
    0,
    0,
    0,
    0,
    0,
    0,
    0,
    72.05561,
    443.27814,
    663.69495,
    1071.8064,
    0,
    18.026123,
    139.41559,
    199.99132,
    258.1262,
    260.23508,
    253.06221,
    231.8034,
    159.74236,
    70.89984,
    0,
    18.029697,
    58.448368,
    87.35976,
    151.41199,
    252.60904,
    271.26187,
    278.93564,
    264.70367,
    191.81279,
    0,
    18.028666,
    38.632893,
    50.01258,
    81.09541,
    175.15662,
    238.82751,
    173.07988,
    202.65598,
    214.4428,
    0,
    18.02435,
    21.780224,
    20.877928,
    22.32956,
    38.901966,
    45.292248,
    61.882977,
    86.13071,
    115.503624,
    0,
    0,
    0,
    0,
    0,
    0,
    0,
    0,
    0,
    0,
    0
  ],
  "years": [
    2005,
    2010,
    2020,
    2030,
    2040,
    2050,
    2060,
    2070,
    2080,
    2090,
    2100,
    2005,
    2010,
    2020,
    2030,
    2040,
    2050,
    2060,
    2070,
    2080,
    2090,
    2100,
    2005,
    2010,
    2020,
    2030,
    2040,
    2050,
    2060,
    2070,
    2080,
    2090,
    2100,
    2005,
    2010,
    2020,
    2030,
    2040,
    2050,
    2060,
    2070,
    2080,
    2090,
    2100,
    2005,
    2010,
    2020,
    2030,
    2040,
    2050,
    2060,
    2070,
    2080,
    2090,
    2100,
    2005,
    2010,
    2020,
    2030,
    2040,
    2050,
    2060,
    2070,
    2080,
    2090,
    2100,
    2005,
    2010,
    2020,
    2030,
    2040,
    2050,
    2060,
    2070,
    2080,
    2090,
    2100,
    2005,
    2010,
    2020,
    2030,
    2040,
    2050,
    2060,
    2070,
    2080,
    2090,
    2100,
    2010,
    2020,
    2030,
    2040,
    2050,
    2060,
    2070,
    2080,
    2090,
    2100,
    2010,
    2020,
    2030,
    2040,
    2050,
    2060,
    2070,
    2080,
    2090,
    2100,
    2010,
    2020,
    2030,
    2040,
    2050,
    2060,
    2070,
    2080,
    2090,
    2100,
    2010,
    2020,
    2030,
    2040,
    2050,
    2060,
    2070,
    2080,
    2090,
    2100,
    2005,
    2010,
    2020,
    2030,
    2040,
    2050,
    2060,
    2070,
    2080,
    2090,
    2100
  ],
  "entities": [
    265502,
    265502,
    265502,
    265502,
    265502,
    265502,
    265502,
    265502,
    265502,
    265502,
    265502,
    265503,
    265503,
    265503,
    265503,
    265503,
    265503,
    265503,
    265503,
    265503,
    265503,
    265503,
    265504,
    265504,
    265504,
    265504,
    265504,
    265504,
    265504,
    265504,
    265504,
    265504,
    265504,
    265505,
    265505,
    265505,
    265505,
    265505,
    265505,
    265505,
    265505,
    265505,
    265505,
    265505,
    259334,
    259334,
    259334,
    259334,
    259334,
    259334,
    259334,
    259334,
    259334,
    259334,
    259334,
    265511,
    265511,
    265511,
    265511,
    265511,
    265511,
    265511,
    265511,
    265511,
    265511,
    265511,
    265512,
    265512,
    265512,
    265512,
    265512,
    265512,
    265512,
    265512,
    265512,
    265512,
    265512,
    265513,
    265513,
    265513,
    265513,
    265513,
    265513,
    265513,
    265513,
    265513,
    265513,
    265513,
    265514,
    265514,
    265514,
    265514,
    265514,
    265514,
    265514,
    265514,
    265514,
    265514,
    265515,
    265515,
    265515,
    265515,
    265515,
    265515,
    265515,
    265515,
    265515,
    265515,
    265516,
    265516,
    265516,
    265516,
    265516,
    265516,
    265516,
    265516,
    265516,
    265516,
    265517,
    265517,
    265517,
    265517,
    265517,
    265517,
    265517,
    265517,
    265517,
    265517,
    259349,
    259349,
    259349,
    259349,
    259349,
    259349,
    259349,
    259349,
    259349,
    259349,
    259349
  ]
}