{
  "values": [
    0,
    0,
    60.157383,
    286.88968,
    531.01685,
    408.322,
    165.78477,
    169.97482,
    192.29109,
    178.01985,
    121.01279,
    0,
    0,
    2.8001967e-14,
    6.5814495,
    142.04178,
    158.19487,
    87.85973,
    18.243856,
    12.336701,
    5.296621,
    6.4484963,
    0,
    0,
    1.273426e-18,
    0.0000028433633,
    0.0001916596,
    0.0005627893,
    1.0669664,
    2.158196,
    2.2311325,
    3.9986866,
    4.5671115,
    0,
    0,
    5.0069764e-18,
    0.016411291,
    0.016360596,
    0.01070948,
    0.00051431154,
    0.0011449787,
    0.034350306,
    5.7124825,
    4.87359,
    0,
    0,
    0,
    0,
    0,
    0,
    0,
    0,
    0,
    0,
    0,
    0,
    0,
    0,
    0,
    2839.169,
    9538.369,
    13952.483,
    13124.566,
    11999.593,
    10429.036,
    8893.9795,
    0,
    0,
    0,
    0,
    0,
    1400.5011,
    4994.615,
    9734.23,
    12228.01,
    11813.87,
    11125.842,
    0,
    0,
    0,
    0,
    0,
    0,
    0,
    218.44463,
    1342.1122,
    1963.6127,
    3117.808,
    0,
    44.25278,
    340.17377,
    461.392,
    538.48157,
    479.2541,
    401.90854,
    323.83112,
    211.6517,
    84.28006,
    0,
    44.249203,
    141.38289,
    219.76949,
    327.67886,
    445.89554,
    439.4754,
    403.9485,
    341.90643,
    236.07362,
    0,
    44.225468,
    91.491425,
    127.569916,
    184.57959,
    317.69226,
    393.45926,
    246.27435,
    273.33484,
    284.72247,
    0,
    44.00961,
    49.859467,
    50.330795,
    49.23971,
    65.565056,
    71.132576,
    94.14153,
    128.04552,
    162.90434,
    0,
    0,
    0,
    0,
    0,
    0,
    0,
    0,
    0,
    0,
    0
  ],
  "years": [
    2005,
    2010,
    2020,
    2030,
    2040,
    2050,
    2060,
    2070,
    2080,
    2090,
    2100,
    2005,
    2010,
    2020,
    2030,
    2040,
    2050,
    2060,
    2070,
    2080,
    2090,
    2100,
    2005,
    2010,
    2020,
    2030,
    2040,
    2050,
    2060,
    2070,
    2080,
    2090,
    2100,
    2005,
    2010,
    2020,
    2030,
    2040,
    2050,
    2060,
    2070,
    2080,
    2090,
    2100,
    2005,
    2010,
    2020,
    2030,
    2040,
    2050,
    2060,
    2070,
    2080,
    2090,
    2100,
    2005,
    2010,
    2020,
    2030,
    2040,
    2050,
    2060,
    2070,
    2080,
    2090,
    2100,
    2005,
    2010,
    2020,
    2030,
    2040,
    2050,
    2060,
    2070,
    2080,
    2090,
    2100,
    2005,
    2010,
    2020,
    2030,
    2040,
    2050,
    2060,
    2070,
    2080,
    2090,
    2100,
    2010,
    2020,
    2030,
    2040,
    2050,
    2060,
    2070,
    2080,
    2090,
    2100,
    2010,
    2020,
    2030,
    2040,
    2050,
    2060,
    2070,
    2080,
    2090,
    2100,
    2010,
    2020,
    2030,
    2040,
    2050,
    2060,
    2070,
    2080,
    2090,
    2100,
    2010,
    2020,
    2030,
    2040,
    2050,
    2060,
    2070,
    2080,
    2090,
    2100,
    2005,
    2010,
    2020,
    2030,
    2040,
    2050,
    2060,
    2070,
    2080,
    2090,
    2100
  ],
  "entities": [
    265502,
    265502,
    265502,
    265502,
    265502,
    265502,
    265502,
    265502,
    265502,
    265502,
    265502,
    265503,
    265503,
    265503,
    265503,
    265503,
    265503,
    265503,
    265503,
    265503,
    265503,
    265503,
    265504,
    265504,
    265504,
    265504,
    265504,
    265504,
    265504,
    265504,
    265504,
    265504,
    265504,
    265505,
    265505,
    265505,
    265505,
    265505,
    265505,
    265505,
    265505,
    265505,
    265505,
    265505,
    259334,
    259334,
    259334,
    259334,
    259334,
    259334,
    259334,
    259334,
    259334,
    259334,
    259334,
    265511,
    265511,
    265511,
    265511,
    265511,
    265511,
    265511,
    265511,
    265511,
    265511,
    265511,
    265512,
    265512,
    265512,
    265512,
    265512,
    265512,
    265512,
    265512,
    265512,
    265512,
    265512,
    265513,
    265513,
    265513,
    265513,
    265513,
    265513,
    265513,
    265513,
    265513,
    265513,
    265513,
    265514,
    265514,
    265514,
    265514,
    265514,
    265514,
    265514,
    265514,
    265514,
    265514,
    265515,
    265515,
    265515,
    265515,
    265515,
    265515,
    265515,
    265515,
    265515,
    265515,
    265516,
    265516,
    265516,
    265516,
    265516,
    265516,
    265516,
    265516,
    265516,
    265516,
    265517,
    265517,
    265517,
    265517,
    265517,
    265517,
    265517,
    265517,
    265517,
    265517,
    259349,
    259349,
    259349,
    259349,
    259349,
    259349,
    259349,
    259349,
    259349,
    259349,
    259349
  ]
}