{
  "values": [
    0,
    0.1505,
    3.4362233,
    24.75919,
    246.4688,
    403.497,
    384.4837,
    322.73138,
    429.24457,
    477.39832,
    384.39883,
    0,
    0.1505,
    5.129905,
    116.22326,
    282.99472,
    346.6041,
    295.18826,
    399.57843,
    530.1757,
    474.90277,
    382.85593,
    0,
    0.1505,
    4.2145157,
    75.83745,
    266.318,
    407.2933,
    404.93024,
    420.0076,
    583.02826,
    635.98553,
    550.5076,
    0,
    0.1505,
    4.052869,
    65.383865,
    236.93211,
    389.7911,
    423.60248,
    441.8017,
    478.36914,
    550.2543,
    458.08926,
    0,
    0.1505,
    4.0061083,
    62.312958,
    225.9075,
    378.65442,
    408.95782,
    425.37735,
    429.7014,
    358.21686,
    282.71106,
    0,
    0,
    0,
    0,
    3.02296,
    45.91369,
    158.658,
    468.63107,
    922.2164,
    1726.3452,
    2633.6636,
    0,
    0,
    0,
    0,
    0,
    0,
    12.05596,
    83.20683,
    308.29135,
    664.2371,
    1587.468,
    0,
    0,
    0,
    0,
    0,
    0,
    0,
    4.09226,
    49.76892,
    199.21243,
    554.30756,
    0,
    0,
    0,
    0,
    0,
    0,
    0,
    0,
    6.33062,
    57.81299,
    220.07664,
    0,
    0,
    0,
    0,
    0,
    0,
    0,
    0,
    0,
    0,
    35.0624,
    0,
    0,
    1.39661,
    1.39661,
    1.39661,
    1.39661,
    1.39661,
    1.39661,
    0,
    0,
    17.5312
  ],
  "years": [
    2005,
    2010,
    2020,
    2030,
    2040,
    2050,
    2060,
    2070,
    2080,
    2090,
    2100,
    2005,
    2010,
    2020,
    2030,
    2040,
    2050,
    2060,
    2070,
    2080,
    2090,
    2100,
    2005,
    2010,
    2020,
    2030,
    2040,
    2050,
    2060,
    2070,
    2080,
    2090,
    2100,
    2005,
    2010,
    2020,
    2030,
    2040,
    2050,
    2060,
    2070,
    2080,
    2090,
    2100,
    2005,
    2010,
    2020,
    2030,
    2040,
    2050,
    2060,
    2070,
    2080,
    2090,
    2100,
    2005,
    2010,
    2020,
    2030,
    2040,
    2050,
    2060,
    2070,
    2080,
    2090,
    2100,
    2005,
    2010,
    2020,
    2030,
    2040,
    2050,
    2060,
    2070,
    2080,
    2090,
    2100,
    2005,
    2010,
    2020,
    2030,
    2040,
    2050,
    2060,
    2070,
    2080,
    2090,
    2100,
    2005,
    2010,
    2020,
    2030,
    2040,
    2050,
    2060,
    2070,
    2080,
    2090,
    2100,
    2005,
    2010,
    2020,
    2030,
    2040,
    2050,
    2060,
    2070,
    2080,
    2090,
    2100,
    2005,
    2010,
    2020,
    2030,
    2040,
    2050,
    2060,
    2070,
    2080,
    2090,
    2100
  ],
  "entities": [
    265502,
    265502,
    265502,
    265502,
    265502,
    265502,
    265502,
    265502,
    265502,
    265502,
    265502,
    265503,
    265503,
    265503,
    265503,
    265503,
    265503,
    265503,
    265503,
    265503,
    265503,
    265503,
    265504,
    265504,
    265504,
    265504,
    265504,
    265504,
    265504,
    265504,
    265504,
    265504,
    265504,
    265505,
    265505,
    265505,
    265505,
    265505,
    265505,
    265505,
    265505,
    265505,
    265505,
    265505,
    259334,
    259334,
    259334,
    259334,
    259334,
    259334,
    259334,
    259334,
    259334,
    259334,
    259334,
    265506,
    265506,
    265506,
    265506,
    265506,
    265506,
    265506,
    265506,
    265506,
    265506,
    265506,
    265507,
    265507,
    265507,
    265507,
    265507,
    265507,
    265507,
    265507,
    265507,
    265507,
    265507,
    265508,
    265508,
    265508,
    265508,
    265508,
    265508,
    265508,
    265508,
    265508,
    265508,
    265508,
    265509,
    265509,
    265509,
    265509,
    265509,
    265509,
    265509,
    265509,
    265509,
    265509,
    265509,
    265510,
    265510,
    265510,
    265510,
    265510,
    265510,
    265510,
    265510,
    265510,
    265510,
    265510,
    259340,
    259340,
    259340,
    259340,
    259340,
    259340,
    259340,
    259340,
    259340,
    259340,
    259340
  ]
}