{
  "values": [
    0.00025,
    0.0435,
    1.5058837,
    4.0233936,
    91.988716,
    460.15097,
    1048.8396,
    1722.4822,
    2233.2214,
    2490.5298,
    2567.9937,
    0.00025,
    0.0435,
    0.64871126,
    7.3883424,
    79.60661,
    354.70657,
    879.97784,
    1659.0735,
    2265.7695,
    2674.6604,
    3066.7698,
    0.00025,
    0.0435,
    0.53138286,
    3.7348156,
    31.75938,
    210.7193,
    639.31744,
    1489.4113,
    2365.3804,
    2876.346,
    3246.6865,
    0.00025,
    0.0435,
    0.52028704,
    3.186297,
    20.105026,
    95.52691,
    358.40686,
    1037.164,
    1895.8391,
    2663.723,
    3194.9688,
    0.00025,
    0.0435,
    0.5176707,
    3.0652313,
    18.20495,
    78.40093,
    273.75537,
    834.4999,
    1583.0538,
    2294.217,
    2873.0771,
    0,
    0,
    0,
    7.67241,
    39.9801,
    112.41594,
    242.54372,
    454.50748,
    752.96814,
    1129.7386,
    1640.7052,
    0,
    0,
    0,
    0,
    0,
    11.44033,
    43.28216,
    108.35577,
    216.11996,
    398.25934,
    708.1512,
    0,
    0,
    0,
    0,
    0,
    0,
    0,
    4.17613,
    24.18537,
    69.98501,
    153.61823,
    0,
    0,
    0,
    0,
    0,
    0,
    0,
    0,
    0,
    5.21701,
    20.31833,
    0,
    0,
    0,
    0,
    0,
    0,
    0,
    0,
    0,
    0,
    3.6,
    0,
    0,
    0,
    0,
    0,
    0,
    0,
    0,
    0,
    0,
    0,
    0,
    0.02,
    0.1671,
    10.147,
    125.78,
    571.3,
    1314.1,
    2273.6,
    3517.4,
    4968,
    6492,
    0,
    0.02,
    0.1671,
    2.5408,
    30.713,
    193.27,
    672.6,
    1580.2,
    3009.1,
    4715,
    6346,
    0,
    0.02,
    0.1671,
    0.8978,
    11.069,
    87.08,
    389.19,
    1079.7,
    2275.2,
    3854.4,
    5517,
    0,
    0.02,
    0.1671,
    0.3724,
    4.7501,
    42.763,
    228.86,
    744.5,
    1658.5,
    2774.6,
    3805.1,
    0,
    0.02,
    0.1671,
    0.1704,
    0.9464,
    10.8971,
    76.608,
    318.27,
    896,
    1883.4,
    3074.7,
    0,
    0.02,
    0.1671,
    0.1708,
    0.1549,
    0.5274,
    5.3963,
    35.419,
    157.45,
    513.39,
    1216.4
  ],
  "years": [
    2005,
    2010,
    2020,
    2030,
    2040,
    2050,
    2060,
    2070,
    2080,
    2090,
    2100,
    2005,
    2010,
    2020,
    2030,
    2040,
    2050,
    2060,
    2070,
    2080,
    2090,
    2100,
    2005,
    2010,
    2020,
    2030,
    2040,
    2050,
    2060,
    2070,
    2080,
    2090,
    2100,
    2005,
    2010,
    2020,
    2030,
    2040,
    2050,
    2060,
    2070,
    2080,
    2090,
    2100,
    2005,
    2010,
    2020,
    2030,
    2040,
    2050,
    2060,
    2070,
    2080,
    2090,
    2100,
    2005,
    2010,
    2020,
    2030,
    2040,
    2050,
    2060,
    2070,
    2080,
    2090,
    2100,
    2005,
    2010,
    2020,
    2030,
    2040,
    2050,
    2060,
    2070,
    2080,
    2090,
    2100,
    2005,
    2010,
    2020,
    2030,
    2040,
    2050,
    2060,
    2070,
    2080,
    2090,
    2100,
    2005,
    2010,
    2020,
    2030,
    2040,
    2050,
    2060,
    2070,
    2080,
    2090,
    2100,
    2005,
    2010,
    2020,
    2030,
    2040,
    2050,
    2060,
    2070,
    2080,
    2090,
    2100,
    2005,
    2010,
    2020,
    2030,
    2040,
    2050,
    2060,
    2070,
    2080,
    2090,
    2100,
    2005,
    2010,
    2020,
    2030,
    2040,
    2050,
    2060,
    2070,
    2080,
    2090,
    2100,
    2005,
    2010,
    2020,
    2030,
    2040,
    2050,
    2060,
    2070,
    2080,
    2090,
    2100,
    2005,
    2010,
    2020,
    2030,
    2040,
    2050,
    2060,
    2070,
    2080,
    2090,
    2100,
    2005,
    2010,
    2020,
    2030,
    2040,
    2050,
    2060,
    2070,
    2080,
    2090,
    2100,
    2005,
    2010,
    2020,
    2030,
    2040,
    2050,
    2060,
    2070,
    2080,
    2090,
    2100,
    2005,
    2010,
    2020,
    2030,
    2040,
    2050,
    2060,
    2070,
    2080,
    2090,
    2100
  ],
  "entities": [
    265502,
    265502,
    265502,
    265502,
    265502,
    265502,
    265502,
    265502,
    265502,
    265502,
    265502,
    265503,
    265503,
    265503,
    265503,
    265503,
    265503,
    265503,
    265503,
    265503,
    265503,
    265503,
    265504,
    265504,
    265504,
    265504,
    265504,
    265504,
    265504,
    265504,
    265504,
    265504,
    265504,
    265505,
    265505,
    265505,
    265505,
    265505,
    265505,
    265505,
    265505,
    265505,
    265505,
    265505,
    259334,
    259334,
    259334,
    259334,
    259334,
    259334,
    259334,
    259334,
    259334,
    259334,
    259334,
    265506,
    265506,
    265506,
    265506,
    265506,
    265506,
    265506,
    265506,
    265506,
    265506,
    265506,
    265507,
    265507,
    265507,
    265507,
    265507,
    265507,
    265507,
    265507,
    265507,
    265507,
    265507,
    265508,
    265508,
    265508,
    265508,
    265508,
    265508,
    265508,
    265508,
    265508,
    265508,
    265508,
    265509,
    265509,
    265509,
    265509,
    265509,
    265509,
    265509,
    265509,
    265509,
    265509,
    265509,
    265510,
    265510,
    265510,
    265510,
    265510,
    265510,
    265510,
    265510,
    265510,
    265510,
    265510,
    259340,
    259340,
    259340,
    259340,
    259340,
    259340,
    259340,
    259340,
    259340,
    259340,
    259340,
    265518,
    265518,
    265518,
    265518,
    265518,
    265518,
    265518,
    265518,
    265518,
    265518,
    265518,
    265519,
    265519,
    265519,
    265519,
    265519,
    265519,
    265519,
    265519,
    265519,
    265519,
    265519,
    265520,
    265520,
    265520,
    265520,
    265520,
    265520,
    265520,
    265520,
    265520,
    265520,
    265520,
    265521,
    265521,
    265521,
    265521,
    265521,
    265521,
    265521,
    265521,
    265521,
    265521,
    265521,
    265522,
    265522,
    265522,
    265522,
    265522,
    265522,
    265522,
    265522,
    265522,
    265522,
    265522,
    259355,
    259355,
    259355,
    259355,
    259355,
    259355,
    259355,
    259355,
    259355,
    259355,
    259355
  ]
}