{
  "values": [
    0.328,
    1.0285,
    6.1684833,
    12.643238,
    67.259415,
    120.02154,
    167.79074,
    232.03654,
    280.28278,
    298.32263,
    289.5659,
    0.328,
    1.0285,
    6.6997313,
    32.957314,
    73.87785,
    115.49399,
    155.60298,
    206.63867,
    271.42242,
    324.48196,
    406.1406,
    0.328,
    1.0285,
    6.5749865,
    32.45112,
    81.21087,
    140.95284,
    189.71875,
    242.34384,
    299.8756,
    338.39124,
    419.4448,
    0.328,
    1.0285,
    6.5119524,
    31.42247,
    79.04391,
    145.05447,
    205.79321,
    277.57986,
    345.1336,
    419.86664,
    491.86456,
    0.328,
    1.0285,
    6.4961996,
    31.17702,
    78.888985,
    143.99232,
    205.25418,
    271.38474,
    349.01517,
    431.70447,
    485.66562,
    0.51789,
    3.44289,
    3.44289,
    83.18994,
    192.23512,
    482.60254,
    1070.3762,
    2116.1887,
    3950.5981,
    5504.0874,
    7085.206,
    0.83512,
    3.76012,
    4.05732,
    75.42032,
    170.28047,
    328.86935,
    742.46606,
    1442.9182,
    3118.6262,
    5248.507,
    7656.744,
    0.83512,
    3.76012,
    4.30807,
    60.30203,
    152.75166,
    325.8966,
    701.9964,
    1101.2593,
    1749.5308,
    3931.799,
    6811.974,
    0.83512,
    3.76012,
    3.76012,
    54.41855,
    123.2637,
    345.798,
    685.6577,
    1068.7957,
    1551.5098,
    2190.9404,
    4097.525,
    0.83512,
    3.76012,
    3.76012,
    35.98731,
    109.0155,
    296.20908,
    554.62573,
    1033.405,
    1456.9576,
    2152.0342,
    2480.783,
    0.83512,
    3.76012,
    3.98729,
    36.82256,
    108.06511,
    291.87955,
    556.10895,
    1095.4811,
    1325.6198,
    1870.2694,
    2440.5244,
    0.3134,
    0.5768,
    0.9966,
    2.2071,
    66.5326,
    217.334,
    463.7059,
    899.4369,
    1426.7972,
    2162.891,
    2921.4272,
    0.3134,
    0.5768,
    0.9966,
    2.1688,
    32.0318,
    112.2087,
    299.9921,
    495.4601,
    809.2864,
    1309.749,
    1916.2196,
    0.3134,
    0.5768,
    0.9966,
    2.1672,
    24.9439,
    79.7126,
    159.7879,
    280.8714,
    498.8362,
    770.8974,
    1046.688,
    0.3134,
    0.5788,
    1.0032,
    2.1838,
    5.2754,
    9.1593,
    17.7816,
    32.9478,
    66.2042,
    98.419,
    133.3903
  ],
  "years": [
    2005,
    2010,
    2020,
    2030,
    2040,
    2050,
    2060,
    2070,
    2080,
    2090,
    2100,
    2005,
    2010,
    2020,
    2030,
    2040,
    2050,
    2060,
    2070,
    2080,
    2090,
    2100,
    2005,
    2010,
    2020,
    2030,
    2040,
    2050,
    2060,
    2070,
    2080,
    2090,
    2100,
    2005,
    2010,
    2020,
    2030,
    2040,
    2050,
    2060,
    2070,
    2080,
    2090,
    2100,
    2005,
    2010,
    2020,
    2030,
    2040,
    2050,
    2060,
    2070,
    2080,
    2090,
    2100,
    2005,
    2010,
    2020,
    2030,
    2040,
    2050,
    2060,
    2070,
    2080,
    2090,
    2100,
    2005,
    2010,
    2020,
    2030,
    2040,
    2050,
    2060,
    2070,
    2080,
    2090,
    2100,
    2005,
    2010,
    2020,
    2030,
    2040,
    2050,
    2060,
    2070,
    2080,
    2090,
    2100,
    2005,
    2010,
    2020,
    2030,
    2040,
    2050,
    2060,
    2070,
    2080,
    2090,
    2100,
    2005,
    2010,
    2020,
    2030,
    2040,
    2050,
    2060,
    2070,
    2080,
    2090,
    2100,
    2005,
    2010,
    2020,
    2030,
    2040,
    2050,
    2060,
    2070,
    2080,
    2090,
    2100,
    2005,
    2010,
    2020,
    2030,
    2040,
    2050,
    2060,
    2070,
    2080,
    2090,
    2100,
    2005,
    2010,
    2020,
    2030,
    2040,
    2050,
    2060,
    2070,
    2080,
    2090,
    2100,
    2005,
    2010,
    2020,
    2030,
    2040,
    2050,
    2060,
    2070,
    2080,
    2090,
    2100,
    2005,
    2010,
    2020,
    2030,
    2040,
    2050,
    2060,
    2070,
    2080,
    2090,
    2100
  ],
  "entities": [
    265502,
    265502,
    265502,
    265502,
    265502,
    265502,
    265502,
    265502,
    265502,
    265502,
    265502,
    265503,
    265503,
    265503,
    265503,
    265503,
    265503,
    265503,
    265503,
    265503,
    265503,
    265503,
    265504,
    265504,
    265504,
    265504,
    265504,
    265504,
    265504,
    265504,
    265504,
    265504,
    265504,
    265505,
    265505,
    265505,
    265505,
    265505,
    265505,
    265505,
    265505,
    265505,
    265505,
    265505,
    259334,
    259334,
    259334,
    259334,
    259334,
    259334,
    259334,
    259334,
    259334,
    259334,
    259334,
    265506,
    265506,
    265506,
    265506,
    265506,
    265506,
    265506,
    265506,
    265506,
    265506,
    265506,
    265507,
    265507,
    265507,
    265507,
    265507,
    265507,
    265507,
    265507,
    265507,
    265507,
    265507,
    265508,
    265508,
    265508,
    265508,
    265508,
    265508,
    265508,
    265508,
    265508,
    265508,
    265508,
    265509,
    265509,
    265509,
    265509,
    265509,
    265509,
    265509,
    265509,
    265509,
    265509,
    265509,
    265510,
    265510,
    265510,
    265510,
    265510,
    265510,
    265510,
    265510,
    265510,
    265510,
    265510,
    259340,
    259340,
    259340,
    259340,
    259340,
    259340,
    259340,
    259340,
    259340,
    259340,
    259340,
    265511,
    265511,
    265511,
    265511,
    265511,
    265511,
    265511,
    265511,
    265511,
    265511,
    265511,
    265512,
    265512,
    265512,
    265512,
    265512,
    265512,
    265512,
    265512,
    265512,
    265512,
    265512,
    265513,
    265513,
    265513,
    265513,
    265513,
    265513,
    265513,
    265513,
    265513,
    265513,
    265513,
    259344,
    259344,
    259344,
    259344,
    259344,
    259344,
    259344,
    259344,
    259344,
    259344,
    259344
  ]
}