{
  "values": [
    58.03196,
    193.142,
    470.42108,
    476.08432,
    1022.322,
    1986.75,
    2112.915,
    1643.717,
    1608.656,
    1890.414,
    1790.889,
    58.03196,
    193.142,
    445.43668,
    647.16266,
    861.1098,
    1383.281,
    1987.364,
    2109.278,
    1859.289,
    1539.682,
    1746.18,
    58.03196,
    193.142,
    444.60968,
    634.9364,
    886.0544,
    1428.04,
    1732.065,
    2153.686,
    2328.328,
    2101.093,
    2003.075,
    58.03196,
    193.142,
    444.37167,
    624.5008,
    857.6037,
    1360.553,
    1644.444,
    1848.747,
    2200.557,
    2394.093,
    2376.649,
    58.03196,
    193.142,
    444.25232,
    621.1443,
    855.3053,
    1340.192,
    1591.858,
    1777.796,
    2044.96,
    2195.256,
    2267.013,
    55.351,
    254.922,
    653.669,
    2108.952,
    4425.197,
    6072.239,
    7724.418,
    10058.44,
    12830.542,
    15122.168,
    17783.773,
    55.668,
    255.239,
    652.475,
    1542.215,
    2433.376,
    3528.955,
    4913.721,
    6696.389,
    9812.325,
    14154.396,
    18583.07,
    55.668,
    255.239,
    648.413,
    1210.556,
    2127.393,
    3282.19,
    4521.637,
    5616.395,
    6965.821,
    10087.948,
    14373.039,
    55.668,
    255.239,
    586.564,
    1197.518,
    1937.532,
    2900.356,
    4336.712,
    5505.533,
    6338.78,
    7312.789,
    9773.232,
    55.668,
    255.239,
    577.031,
    1070.444,
    1627.025,
    2537.575,
    3798.951,
    5229.015,
    6584.746,
    7574.665,
    7932.377,
    55.668,
    255.239,
    539.355,
    930.896,
    1417.627,
    2120.488,
    3132.977,
    4360.887,
    5090.801,
    6253.277,
    7932.747,
    35.3325,
    43.2872,
    106.4602,
    434.5027,
    1107.7924,
    1674.1465,
    2486.2405,
    3793.876,
    5281.1797,
    7135.9136,
    9049.08,
    35.3325,
    43.2872,
    106.4602,
    311.8137,
    657.2819,
    1054.1779,
    1729.9998,
    2341.542,
    3163.7302,
    4336.894,
    5902.3784,
    35.3325,
    43.2872,
    106.4602,
    304.5432,
    563.8515,
    821.7309,
    1127.6646,
    1516.4011,
    2060.7698,
    2656.9282,
    3387.5278,
    35.3325,
    43.4013,
    57.1599,
    75.2413,
    95.8726,
    114.2928,
    153.5991,
    200.2114,
    269.4603,
    349.4753,
    450.7418
  ],
  "years": [
    2005,
    2010,
    2020,
    2030,
    2040,
    2050,
    2060,
    2070,
    2080,
    2090,
    2100,
    2005,
    2010,
    2020,
    2030,
    2040,
    2050,
    2060,
    2070,
    2080,
    2090,
    2100,
    2005,
    2010,
    2020,
    2030,
    2040,
    2050,
    2060,
    2070,
    2080,
    2090,
    2100,
    2005,
    2010,
    2020,
    2030,
    2040,
    2050,
    2060,
    2070,
    2080,
    2090,
    2100,
    2005,
    2010,
    2020,
    2030,
    2040,
    2050,
    2060,
    2070,
    2080,
    2090,
    2100,
    2005,
    2010,
    2020,
    2030,
    2040,
    2050,
    2060,
    2070,
    2080,
    2090,
    2100,
    2005,
    2010,
    2020,
    2030,
    2040,
    2050,
    2060,
    2070,
    2080,
    2090,
    2100,
    2005,
    2010,
    2020,
    2030,
    2040,
    2050,
    2060,
    2070,
    2080,
    2090,
    2100,
    2005,
    2010,
    2020,
    2030,
    2040,
    2050,
    2060,
    2070,
    2080,
    2090,
    2100,
    2005,
    2010,
    2020,
    2030,
    2040,
    2050,
    2060,
    2070,
    2080,
    2090,
    2100,
    2005,
    2010,
    2020,
    2030,
    2040,
    2050,
    2060,
    2070,
    2080,
    2090,
    2100,
    2005,
    2010,
    2020,
    2030,
    2040,
    2050,
    2060,
    2070,
    2080,
    2090,
    2100,
    2005,
    2010,
    2020,
    2030,
    2040,
    2050,
    2060,
    2070,
    2080,
    2090,
    2100,
    2005,
    2010,
    2020,
    2030,
    2040,
    2050,
    2060,
    2070,
    2080,
    2090,
    2100,
    2005,
    2010,
    2020,
    2030,
    2040,
    2050,
    2060,
    2070,
    2080,
    2090,
    2100
  ],
  "entities": [
    265502,
    265502,
    265502,
    265502,
    265502,
    265502,
    265502,
    265502,
    265502,
    265502,
    265502,
    265503,
    265503,
    265503,
    265503,
    265503,
    265503,
    265503,
    265503,
    265503,
    265503,
    265503,
    265504,
    265504,
    265504,
    265504,
    265504,
    265504,
    265504,
    265504,
    265504,
    265504,
    265504,
    265505,
    265505,
    265505,
    265505,
    265505,
    265505,
    265505,
    265505,
    265505,
    265505,
    265505,
    259334,
    259334,
    259334,
    259334,
    259334,
    259334,
    259334,
    259334,
    259334,
    259334,
    259334,
    265506,
    265506,
    265506,
    265506,
    265506,
    265506,
    265506,
    265506,
    265506,
    265506,
    265506,
    265507,
    265507,
    265507,
    265507,
    265507,
    265507,
    265507,
    265507,
    265507,
    265507,
    265507,
    265508,
    265508,
    265508,
    265508,
    265508,
    265508,
    265508,
    265508,
    265508,
    265508,
    265508,
    265509,
    265509,
    265509,
    265509,
    265509,
    265509,
    265509,
    265509,
    265509,
    265509,
    265509,
    265510,
    265510,
    265510,
    265510,
    265510,
    265510,
    265510,
    265510,
    265510,
    265510,
    265510,
    259340,
    259340,
    259340,
    259340,
    259340,
    259340,
    259340,
    259340,
    259340,
    259340,
    259340,
    265511,
    265511,
    265511,
    265511,
    265511,
    265511,
    265511,
    265511,
    265511,
    265511,
    265511,
    265512,
    265512,
    265512,
    265512,
    265512,
    265512,
    265512,
    265512,
    265512,
    265512,
    265512,
    265513,
    265513,
    265513,
    265513,
    265513,
    265513,
    265513,
    265513,
    265513,
    265513,
    265513,
    259344,
    259344,
    259344,
    259344,
    259344,
    259344,
    259344,
    259344,
    259344,
    259344,
    259344
  ]
}