{
  "values": [
    0.4082014,
    1.2125,
    5.500005,
    6.8139567,
    34.960117,
    280.35504,
    596.1225,
    972.8669,
    1010.80383,
    924.20746,
    890.4051,
    0.4082014,
    1.2125,
    4.1217017,
    7.2579207,
    34.042236,
    225.27516,
    645.1051,
    795.4506,
    789.55365,
    779.2641,
    931.5778,
    0.4082014,
    1.2125,
    4.1101484,
    5.441711,
    17.297585,
    73.67939,
    233.43146,
    614.2253,
    866.9923,
    814.21564,
    828.4439,
    0.4082014,
    1.2125,
    4.1090755,
    5.0671396,
    13.109035,
    42.84978,
    107.08595,
    261.1143,
    499.69916,
    732.3911,
    972.376,
    0.4082014,
    1.2125,
    4.1088495,
    5.010084,
    11.992112,
    37.622116,
    87.13298,
    188.93025,
    329.95587,
    468.18216,
    583.85,
    0.3,
    1.731,
    1.731,
    1.581,
    1.80625,
    1.80625,
    8.70376,
    25.66335,
    36.75576,
    48.5768,
    59.60336,
    0.3,
    1.731,
    1.731,
    1.581,
    0,
    0,
    0,
    1.4454,
    10.40319,
    32.0482,
    43.13094,
    0.3,
    1.731,
    1.731,
    1.581,
    0,
    0,
    0,
    0,
    2.05812,
    12.46434,
    35.28471,
    0.3,
    1.731,
    1.731,
    1.581,
    0,
    0,
    0,
    0,
    0,
    0.69412,
    0.69412,
    0.3,
    1.731,
    1.731,
    1.581,
    0,
    0,
    0,
    0,
    0,
    0,
    0,
    0.3,
    1.731,
    1.731,
    1.581,
    0,
    0,
    0,
    0,
    0,
    0,
    0,
    0,
    0.5,
    3.1917,
    27.534,
    250.381,
    982.803,
    1975.884,
    2936.894,
    3873.697,
    4884.197,
    6100.597,
    0,
    0.5,
    3.1917,
    5.1996,
    35.086,
    205.231,
    714.8074,
    1629.6509,
    2939.213,
    4370.184,
    5601.197,
    0,
    0.5,
    3.1917,
    3.0119,
    7.654,
    64.121,
    352.4711,
    1112.4073,
    2349.1582,
    3749.137,
    5066.739,
    0,
    0.5,
    3.1917,
    3.0119,
    2.9754,
    19.357,
    137.691,
    547.891,
    1340.0042,
    2259.6074,
    2929.9084,
    0,
    0.5,
    3.1917,
    3.0119,
    2.1557,
    0.929,
    16.173,
    101.731,
    384.521,
    1020.6038,
    1985.2074,
    0,
    0.5,
    3.1917,
    3.0119,
    2.1557,
    0.4367,
    0.4391,
    2.6314,
    20.514,
    98.081,
    337.5111
  ],
  "years": [
    2005,
    2010,
    2020,
    2030,
    2040,
    2050,
    2060,
    2070,
    2080,
    2090,
    2100,
    2005,
    2010,
    2020,
    2030,
    2040,
    2050,
    2060,
    2070,
    2080,
    2090,
    2100,
    2005,
    2010,
    2020,
    2030,
    2040,
    2050,
    2060,
    2070,
    2080,
    2090,
    2100,
    2005,
    2010,
    2020,
    2030,
    2040,
    2050,
    2060,
    2070,
    2080,
    2090,
    2100,
    2005,
    2010,
    2020,
    2030,
    2040,
    2050,
    2060,
    2070,
    2080,
    2090,
    2100,
    2005,
    2010,
    2020,
    2030,
    2040,
    2050,
    2060,
    2070,
    2080,
    2090,
    2100,
    2005,
    2010,
    2020,
    2030,
    2040,
    2050,
    2060,
    2070,
    2080,
    2090,
    2100,
    2005,
    2010,
    2020,
    2030,
    2040,
    2050,
    2060,
    2070,
    2080,
    2090,
    2100,
    2005,
    2010,
    2020,
    2030,
    2040,
    2050,
    2060,
    2070,
    2080,
    2090,
    2100,
    2005,
    2010,
    2020,
    2030,
    2040,
    2050,
    2060,
    2070,
    2080,
    2090,
    2100,
    2005,
    2010,
    2020,
    2030,
    2040,
    2050,
    2060,
    2070,
    2080,
    2090,
    2100,
    2005,
    2010,
    2020,
    2030,
    2040,
    2050,
    2060,
    2070,
    2080,
    2090,
    2100,
    2005,
    2010,
    2020,
    2030,
    2040,
    2050,
    2060,
    2070,
    2080,
    2090,
    2100,
    2005,
    2010,
    2020,
    2030,
    2040,
    2050,
    2060,
    2070,
    2080,
    2090,
    2100,
    2005,
    2010,
    2020,
    2030,
    2040,
    2050,
    2060,
    2070,
    2080,
    2090,
    2100,
    2005,
    2010,
    2020,
    2030,
    2040,
    2050,
    2060,
    2070,
    2080,
    2090,
    2100,
    2005,
    2010,
    2020,
    2030,
    2040,
    2050,
    2060,
    2070,
    2080,
    2090,
    2100
  ],
  "entities": [
    265502,
    265502,
    265502,
    265502,
    265502,
    265502,
    265502,
    265502,
    265502,
    265502,
    265502,
    265503,
    265503,
    265503,
    265503,
    265503,
    265503,
    265503,
    265503,
    265503,
    265503,
    265503,
    265504,
    265504,
    265504,
    265504,
    265504,
    265504,
    265504,
    265504,
    265504,
    265504,
    265504,
    265505,
    265505,
    265505,
    265505,
    265505,
    265505,
    265505,
    265505,
    265505,
    265505,
    265505,
    259334,
    259334,
    259334,
    259334,
    259334,
    259334,
    259334,
    259334,
    259334,
    259334,
    259334,
    265506,
    265506,
    265506,
    265506,
    265506,
    265506,
    265506,
    265506,
    265506,
    265506,
    265506,
    265507,
    265507,
    265507,
    265507,
    265507,
    265507,
    265507,
    265507,
    265507,
    265507,
    265507,
    265508,
    265508,
    265508,
    265508,
    265508,
    265508,
    265508,
    265508,
    265508,
    265508,
    265508,
    265509,
    265509,
    265509,
    265509,
    265509,
    265509,
    265509,
    265509,
    265509,
    265509,
    265509,
    265510,
    265510,
    265510,
    265510,
    265510,
    265510,
    265510,
    265510,
    265510,
    265510,
    265510,
    259340,
    259340,
    259340,
    259340,
    259340,
    259340,
    259340,
    259340,
    259340,
    259340,
    259340,
    265518,
    265518,
    265518,
    265518,
    265518,
    265518,
    265518,
    265518,
    265518,
    265518,
    265518,
    265519,
    265519,
    265519,
    265519,
    265519,
    265519,
    265519,
    265519,
    265519,
    265519,
    265519,
    265520,
    265520,
    265520,
    265520,
    265520,
    265520,
    265520,
    265520,
    265520,
    265520,
    265520,
    265521,
    265521,
    265521,
    265521,
    265521,
    265521,
    265521,
    265521,
    265521,
    265521,
    265521,
    265522,
    265522,
    265522,
    265522,
    265522,
    265522,
    265522,
    265522,
    265522,
    265522,
    265522,
    259355,
    259355,
    259355,
    259355,
    259355,
    259355,
    259355,
    259355,
    259355,
    259355,
    259355
  ]
}