{
  "values": [
    0,
    0,
    0.030403921,
    0.08938098,
    0.081964806,
    0.036186278,
    0.061584502,
    0.17626795,
    0.25795126,
    0.2929567,
    0.2255348,
    0,
    0,
    1.4682217e-18,
    0.0013578766,
    0.0034492598,
    0.0036111698,
    0.00031630383,
    0.00044935342,
    0.0013093447,
    0.001684182,
    0.0055118944,
    0,
    0,
    6.5137547e-24,
    1.6085254e-9,
    1.2527175e-7,
    5.505993e-7,
    0.000105875,
    0.0004154437,
    0.00033604197,
    0.00031155217,
    0.00036440944,
    0,
    0,
    6.2155313e-24,
    7.929312e-10,
    1.5271743e-8,
    8.848933e-8,
    5.4585075e-7,
    0.0000012526317,
    0.000040992774,
    0.00007626768,
    0.0000661537,
    0,
    0,
    0,
    0,
    0,
    0,
    0,
    0,
    0,
    0,
    0,
    0,
    0,
    0,
    0,
    1.0930825,
    4.8316007,
    7.341118,
    6.9757257,
    6.394507,
    5.5470424,
    4.6300116,
    0,
    0,
    0,
    0,
    0,
    0.5806916,
    2.2759519,
    4.732765,
    6.173625,
    5.9146066,
    5.416329,
    0,
    0,
    0,
    0,
    0,
    0,
    0,
    0.07059011,
    0.42207175,
    0.5836981,
    0.91123486,
    0,
    0.011363333,
    0.14816512,
    0.16664582,
    0.1697881,
    0.13454252,
    0.086725146,
    0.041444816,
    0.019938415,
    0.0031022953,
    0,
    0.011366683,
    0.05532608,
    0.08276203,
    0.10061729,
    0.11183837,
    0.102236524,
    0.07403452,
    0.04000369,
    0.022343257,
    0,
    0.011357124,
    0.033085287,
    0.0466653,
    0.056090325,
    0.080828056,
    0.09234451,
    0.038635693,
    0.037222087,
    0.043518275,
    0,
    0.011237542,
    0.015563469,
    0.015020884,
    0.012284624,
    0.01131775,
    0.011343747,
    0.01617183,
    0.025944939,
    0.03303125,
    0,
    0,
    0,
    0,
    0,
    0,
    0,
    0,
    0,
    0,
    0
  ],
  "years": [
    2005,
    2010,
    2020,
    2030,
    2040,
    2050,
    2060,
    2070,
    2080,
    2090,
    2100,
    2005,
    2010,
    2020,
    2030,
    2040,
    2050,
    2060,
    2070,
    2080,
    2090,
    2100,
    2005,
    2010,
    2020,
    2030,
    2040,
    2050,
    2060,
    2070,
    2080,
    2090,
    2100,
    2005,
    2010,
    2020,
    2030,
    2040,
    2050,
    2060,
    2070,
    2080,
    2090,
    2100,
    2005,
    2010,
    2020,
    2030,
    2040,
    2050,
    2060,
    2070,
    2080,
    2090,
    2100,
    2005,
    2010,
    2020,
    2030,
    2040,
    2050,
    2060,
    2070,
    2080,
    2090,
    2100,
    2005,
    2010,
    2020,
    2030,
    2040,
    2050,
    2060,
    2070,
    2080,
    2090,
    2100,
    2005,
    2010,
    2020,
    2030,
    2040,
    2050,
    2060,
    2070,
    2080,
    2090,
    2100,
    2010,
    2020,
    2030,
    2040,
    2050,
    2060,
    2070,
    2080,
    2090,
    2100,
    2010,
    2020,
    2030,
    2040,
    2050,
    2060,
    2070,
    2080,
    2090,
    2100,
    2010,
    2020,
    2030,
    2040,
    2050,
    2060,
    2070,
    2080,
    2090,
    2100,
    2010,
    2020,
    2030,
    2040,
    2050,
    2060,
    2070,
    2080,
    2090,
    2100,
    2005,
    2010,
    2020,
    2030,
    2040,
    2050,
    2060,
    2070,
    2080,
    2090,
    2100
  ],
  "entities": [
    265502,
    265502,
    265502,
    265502,
    265502,
    265502,
    265502,
    265502,
    265502,
    265502,
    265502,
    265503,
    265503,
    265503,
    265503,
    265503,
    265503,
    265503,
    265503,
    265503,
    265503,
    265503,
    265504,
    265504,
    265504,
    265504,
    265504,
    265504,
    265504,
    265504,
    265504,
    265504,
    265504,
    265505,
    265505,
    265505,
    265505,
    265505,
    265505,
    265505,
    265505,
    265505,
    265505,
    265505,
    259334,
    259334,
    259334,
    259334,
    259334,
    259334,
    259334,
    259334,
    259334,
    259334,
    259334,
    265511,
    265511,
    265511,
    265511,
    265511,
    265511,
    265511,
    265511,
    265511,
    265511,
    265511,
    265512,
    265512,
    265512,
    265512,
    265512,
    265512,
    265512,
    265512,
    265512,
    265512,
    265512,
    265513,
    265513,
    265513,
    265513,
    265513,
    265513,
    265513,
    265513,
    265513,
    265513,
    265513,
    265514,
    265514,
    265514,
    265514,
    265514,
    265514,
    265514,
    265514,
    265514,
    265514,
    265515,
    265515,
    265515,
    265515,
    265515,
    265515,
    265515,
    265515,
    265515,
    265515,
    265516,
    265516,
    265516,
    265516,
    265516,
    265516,
    265516,
    265516,
    265516,
    265516,
    265517,
    265517,
    265517,
    265517,
    265517,
    265517,
    265517,
    265517,
    265517,
    265517,
    259349,
    259349,
    259349,
    259349,
    259349,
    259349,
    259349,
    259349,
    259349,
    259349,
    259349
  ]
}