{
  "values": [
    0.218,
    2.0909,
    20.600788,
    34.322712,
    109.86336,
    208.71501,
    241.7563,
    218.32622,
    180.30931,
    162.23978,
    152.27696,
    0.218,
    2.0909,
    17.213182,
    47.905834,
    107.52144,
    148.99208,
    167.23776,
    187.53064,
    179.31236,
    150.13252,
    159.76926,
    0.218,
    2.0909,
    17.347134,
    43.830597,
    106.69748,
    179.75557,
    201.20006,
    210.09007,
    226.03099,
    199.22879,
    152.25266,
    0.218,
    2.0909,
    17.310995,
    42.34711,
    100.47928,
    168.95595,
    211.18332,
    217.15773,
    226.11914,
    271.09583,
    258.16714,
    0.218,
    2.0909,
    17.303535,
    41.813896,
    97.82553,
    164.15132,
    205.07855,
    227.63818,
    235.87534,
    233.26949,
    213.86131,
    0.54923,
    0.13902,
    22.3374,
    71.90387,
    154.6623,
    255.544,
    378.51773,
    528.4215,
    711.1527,
    933.9003,
    1205.4274,
    0.54923,
    0.13902,
    22.3374,
    71.90387,
    154.6623,
    255.544,
    378.51773,
    528.4215,
    711.1527,
    933.9003,
    1205.4274,
    0.54923,
    0.13902,
    22.3374,
    71.90387,
    154.6623,
    255.544,
    344.42203,
    452.7635,
    584.8306,
    779.9149,
    1017.7206,
    0.54923,
    0.13902,
    18.77152,
    62.30945,
    137.71915,
    233.20872,
    351.2913,
    437.4644,
    542.5085,
    670.5563,
    884.4137,
    0.54923,
    0.13902,
    8.98412,
    42.27307,
    105.18936,
    195.23697,
    305.00412,
    421.49512,
    514.3354,
    554.894,
    621.6486,
    0.54923,
    0.13902,
    6.85522,
    37.54907,
    97.30197,
    185.62233,
    293.28397,
    424.5225,
    491.0937,
    559.1741,
    635.1819,
    0.1668,
    0.2618,
    0.7555,
    2.5097,
    41.3317,
    93.9113,
    164.8768,
    250.9915,
    360.8331,
    512.9619,
    700.5087,
    0.1668,
    0.2618,
    0.7555,
    2.4688,
    23.4922,
    56.9398,
    111.2507,
    154.5447,
    207.3681,
    290.9261,
    406.5219,
    0.1668,
    0.2618,
    0.7555,
    2.4667,
    19.484,
    44.8459,
    74.0589,
    99.0457,
    132.0119,
    169.6921,
    223.3086,
    0.1668,
    0.2651,
    0.7946,
    2.7658,
    5.1306,
    7.5638,
    11.7155,
    15.0538,
    19.849,
    26.6201,
    38.1127
  ],
  "years": [
    2005,
    2010,
    2020,
    2030,
    2040,
    2050,
    2060,
    2070,
    2080,
    2090,
    2100,
    2005,
    2010,
    2020,
    2030,
    2040,
    2050,
    2060,
    2070,
    2080,
    2090,
    2100,
    2005,
    2010,
    2020,
    2030,
    2040,
    2050,
    2060,
    2070,
    2080,
    2090,
    2100,
    2005,
    2010,
    2020,
    2030,
    2040,
    2050,
    2060,
    2070,
    2080,
    2090,
    2100,
    2005,
    2010,
    2020,
    2030,
    2040,
    2050,
    2060,
    2070,
    2080,
    2090,
    2100,
    2005,
    2010,
    2020,
    2030,
    2040,
    2050,
    2060,
    2070,
    2080,
    2090,
    2100,
    2005,
    2010,
    2020,
    2030,
    2040,
    2050,
    2060,
    2070,
    2080,
    2090,
    2100,
    2005,
    2010,
    2020,
    2030,
    2040,
    2050,
    2060,
    2070,
    2080,
    2090,
    2100,
    2005,
    2010,
    2020,
    2030,
    2040,
    2050,
    2060,
    2070,
    2080,
    2090,
    2100,
    2005,
    2010,
    2020,
    2030,
    2040,
    2050,
    2060,
    2070,
    2080,
    2090,
    2100,
    2005,
    2010,
    2020,
    2030,
    2040,
    2050,
    2060,
    2070,
    2080,
    2090,
    2100,
    2005,
    2010,
    2020,
    2030,
    2040,
    2050,
    2060,
    2070,
    2080,
    2090,
    2100,
    2005,
    2010,
    2020,
    2030,
    2040,
    2050,
    2060,
    2070,
    2080,
    2090,
    2100,
    2005,
    2010,
    2020,
    2030,
    2040,
    2050,
    2060,
    2070,
    2080,
    2090,
    2100,
    2005,
    2010,
    2020,
    2030,
    2040,
    2050,
    2060,
    2070,
    2080,
    2090,
    2100
  ],
  "entities": [
    265502,
    265502,
    265502,
    265502,
    265502,
    265502,
    265502,
    265502,
    265502,
    265502,
    265502,
    265503,
    265503,
    265503,
    265503,
    265503,
    265503,
    265503,
    265503,
    265503,
    265503,
    265503,
    265504,
    265504,
    265504,
    265504,
    265504,
    265504,
    265504,
    265504,
    265504,
    265504,
    265504,
    265505,
    265505,
    265505,
    265505,
    265505,
    265505,
    265505,
    265505,
    265505,
    265505,
    265505,
    259334,
    259334,
    259334,
    259334,
    259334,
    259334,
    259334,
    259334,
    259334,
    259334,
    259334,
    265506,
    265506,
    265506,
    265506,
    265506,
    265506,
    265506,
    265506,
    265506,
    265506,
    265506,
    265507,
    265507,
    265507,
    265507,
    265507,
    265507,
    265507,
    265507,
    265507,
    265507,
    265507,
    265508,
    265508,
    265508,
    265508,
    265508,
    265508,
    265508,
    265508,
    265508,
    265508,
    265508,
    265509,
    265509,
    265509,
    265509,
    265509,
    265509,
    265509,
    265509,
    265509,
    265509,
    265509,
    265510,
    265510,
    265510,
    265510,
    265510,
    265510,
    265510,
    265510,
    265510,
    265510,
    265510,
    259340,
    259340,
    259340,
    259340,
    259340,
    259340,
    259340,
    259340,
    259340,
    259340,
    259340,
    265511,
    265511,
    265511,
    265511,
    265511,
    265511,
    265511,
    265511,
    265511,
    265511,
    265511,
    265512,
    265512,
    265512,
    265512,
    265512,
    265512,
    265512,
    265512,
    265512,
    265512,
    265512,
    265513,
    265513,
    265513,
    265513,
    265513,
    265513,
    265513,
    265513,
    265513,
    265513,
    265513,
    259344,
    259344,
    259344,
    259344,
    259344,
    259344,
    259344,
    259344,
    259344,
    259344,
    259344
  ]
}