{
  "values": [
    5.8479,
    58.6147,
    179.68355,
    185.92981,
    365.7859,
    575.12006,
    592.33136,
    468.84457,
    470.56226,
    439.28024,
    414.31427,
    5.8479,
    58.6147,
    179.49393,
    257.5495,
    262.8745,
    340.08038,
    574.57837,
    623.14185,
    525.6112,
    419.9658,
    562.5642,
    5.8479,
    58.6147,
    180.28696,
    266.77264,
    302.49954,
    366.07642,
    409.29907,
    629.43195,
    661.4621,
    533.4562,
    658.32825,
    5.8479,
    58.6147,
    180.13606,
    263.77948,
    303.3757,
    377.53784,
    373.17038,
    396.7159,
    560.0208,
    630.0558,
    561.55005,
    5.8479,
    58.6147,
    180.09122,
    262.70108,
    303.40555,
    380.689,
    364.73062,
    374.75793,
    452.0033,
    517.86554,
    554.58307,
    6.00636,
    88.17237,
    284.1141,
    1287.6857,
    2752.245,
    3587.7502,
    3653.753,
    3915.0308,
    3915.0308,
    3915.0308,
    3915.0308,
    6.00636,
    88.17312,
    284.16458,
    890.0259,
    1373.8573,
    1845.8488,
    2450.2847,
    2980.2683,
    3566.3325,
    3915.0308,
    3915.0308,
    6.00636,
    88.17312,
    280.0493,
    600.52856,
    1179.7437,
    1701.4382,
    2030.5415,
    2488.726,
    2827.4468,
    3185.8467,
    3790.3271,
    6.00636,
    88.17312,
    223.20462,
    619.03674,
    1087.9987,
    1469.0988,
    1925.8856,
    2412.868,
    2657.451,
    2805.512,
    2808.5945,
    6.00636,
    88.17312,
    222.79327,
    551.9583,
    888.32245,
    1278.6946,
    1677.5219,
    2097.1108,
    2736.5842,
    2831.302,
    2777.9622,
    6.00636,
    88.17312,
    212.91187,
    453.093,
    734.93115,
    912.07733,
    1227.1926,
    1537.853,
    1752.7166,
    2035.1244,
    2698.5586,
    2.7573,
    2.6807,
    4.2973,
    8.1413,
    242.2739,
    497.836,
    847.3329,
    1342.8939,
    1891.9937,
    2549.6199,
    3230.9502,
    2.7573,
    2.6807,
    4.2973,
    8.1386,
    96.53,
    237.5476,
    527.7958,
    761.884,
    1061.2166,
    1452.0875,
    2086.183,
    2.7573,
    2.6807,
    4.2973,
    8.1396,
    64.8999,
    150.4481,
    294.3413,
    445.6687,
    633.7892,
    842.3308,
    1167.7509,
    2.7573,
    2.708,
    4.47,
    9.7446,
    14.1269,
    18.0198,
    31.1364,
    45.357,
    65.1383,
    96.2856,
    140.4718
  ],
  "years": [
    2005,
    2010,
    2020,
    2030,
    2040,
    2050,
    2060,
    2070,
    2080,
    2090,
    2100,
    2005,
    2010,
    2020,
    2030,
    2040,
    2050,
    2060,
    2070,
    2080,
    2090,
    2100,
    2005,
    2010,
    2020,
    2030,
    2040,
    2050,
    2060,
    2070,
    2080,
    2090,
    2100,
    2005,
    2010,
    2020,
    2030,
    2040,
    2050,
    2060,
    2070,
    2080,
    2090,
    2100,
    2005,
    2010,
    2020,
    2030,
    2040,
    2050,
    2060,
    2070,
    2080,
    2090,
    2100,
    2005,
    2010,
    2020,
    2030,
    2040,
    2050,
    2060,
    2070,
    2080,
    2090,
    2100,
    2005,
    2010,
    2020,
    2030,
    2040,
    2050,
    2060,
    2070,
    2080,
    2090,
    2100,
    2005,
    2010,
    2020,
    2030,
    2040,
    2050,
    2060,
    2070,
    2080,
    2090,
    2100,
    2005,
    2010,
    2020,
    2030,
    2040,
    2050,
    2060,
    2070,
    2080,
    2090,
    2100,
    2005,
    2010,
    2020,
    2030,
    2040,
    2050,
    2060,
    2070,
    2080,
    2090,
    2100,
    2005,
    2010,
    2020,
    2030,
    2040,
    2050,
    2060,
    2070,
    2080,
    2090,
    2100,
    2005,
    2010,
    2020,
    2030,
    2040,
    2050,
    2060,
    2070,
    2080,
    2090,
    2100,
    2005,
    2010,
    2020,
    2030,
    2040,
    2050,
    2060,
    2070,
    2080,
    2090,
    2100,
    2005,
    2010,
    2020,
    2030,
    2040,
    2050,
    2060,
    2070,
    2080,
    2090,
    2100,
    2005,
    2010,
    2020,
    2030,
    2040,
    2050,
    2060,
    2070,
    2080,
    2090,
    2100
  ],
  "entities": [
    265502,
    265502,
    265502,
    265502,
    265502,
    265502,
    265502,
    265502,
    265502,
    265502,
    265502,
    265503,
    265503,
    265503,
    265503,
    265503,
    265503,
    265503,
    265503,
    265503,
    265503,
    265503,
    265504,
    265504,
    265504,
    265504,
    265504,
    265504,
    265504,
    265504,
    265504,
    265504,
    265504,
    265505,
    265505,
    265505,
    265505,
    265505,
    265505,
    265505,
    265505,
    265505,
    265505,
    265505,
    259334,
    259334,
    259334,
    259334,
    259334,
    259334,
    259334,
    259334,
    259334,
    259334,
    259334,
    265506,
    265506,
    265506,
    265506,
    265506,
    265506,
    265506,
    265506,
    265506,
    265506,
    265506,
    265507,
    265507,
    265507,
    265507,
    265507,
    265507,
    265507,
    265507,
    265507,
    265507,
    265507,
    265508,
    265508,
    265508,
    265508,
    265508,
    265508,
    265508,
    265508,
    265508,
    265508,
    265508,
    265509,
    265509,
    265509,
    265509,
    265509,
    265509,
    265509,
    265509,
    265509,
    265509,
    265509,
    265510,
    265510,
    265510,
    265510,
    265510,
    265510,
    265510,
    265510,
    265510,
    265510,
    265510,
    259340,
    259340,
    259340,
    259340,
    259340,
    259340,
    259340,
    259340,
    259340,
    259340,
    259340,
    265511,
    265511,
    265511,
    265511,
    265511,
    265511,
    265511,
    265511,
    265511,
    265511,
    265511,
    265512,
    265512,
    265512,
    265512,
    265512,
    265512,
    265512,
    265512,
    265512,
    265512,
    265512,
    265513,
    265513,
    265513,
    265513,
    265513,
    265513,
    265513,
    265513,
    265513,
    265513,
    265513,
    259344,
    259344,
    259344,
    259344,
    259344,
    259344,
    259344,
    259344,
    259344,
    259344,
    259344
  ]
}