{
  "values": [
    0,
    0,
    0.044817567,
    0.26043838,
    0.4783692,
    0.340982,
    0.12903582,
    0.12365447,
    0.13705866,
    0.12926139,
    0.088915974,
    0,
    0,
    1.8510601e-17,
    0.004252594,
    0.09243554,
    0.103132956,
    0.0552885,
    0.011530555,
    0.007814025,
    0.003346154,
    0.0041232314,
    0,
    0,
    8.1779047e-22,
    1.6740912e-9,
    1.07098266e-7,
    3.0586313e-7,
    0.0005697687,
    0.0012033704,
    0.0013170795,
    0.0024107567,
    0.0027676818,
    0,
    0,
    3.2136625e-21,
    0.000009489475,
    0.0000085939155,
    0.0000052536107,
    2.443579e-7,
    5.569844e-7,
    0.000017816357,
    0.0032010267,
    0.0029091318,
    0,
    0,
    0,
    0,
    0,
    0,
    0,
    0,
    0,
    0,
    0,
    0,
    0,
    0,
    0,
    1.6763977,
    5.245027,
    7.2015796,
    6.686528,
    6.027525,
    5.1348877,
    4.2517977,
    0,
    0,
    0,
    0,
    0,
    0.71614677,
    2.4681509,
    4.623291,
    5.600855,
    5.2520595,
    4.844199,
    0,
    0,
    0,
    0,
    0,
    0,
    0,
    0.096239544,
    0.5686202,
    0.7840299,
    1.1750565,
    0,
    0.025501125,
    0.1852704,
    0.23213796,
    0.25733542,
    0.22156796,
    0.18479818,
    0.14955929,
    0.096460775,
    0.036637694,
    0,
    0.025499063,
    0.07250971,
    0.1060504,
    0.15452094,
    0.20563154,
    0.20070276,
    0.18448772,
    0.15763316,
    0.1080875,
    0,
    0.025485387,
    0.04566623,
    0.058890622,
    0.0836641,
    0.14392984,
    0.17899013,
    0.11143774,
    0.12391452,
    0.13030408,
    0,
    0.025360996,
    0.02376509,
    0.021688413,
    0.02015106,
    0.02609669,
    0.028327592,
    0.03875899,
    0.054934345,
    0.07275448,
    0,
    0,
    0,
    0,
    0,
    0,
    0,
    0,
    0,
    0,
    0
  ],
  "years": [
    2005,
    2010,
    2020,
    2030,
    2040,
    2050,
    2060,
    2070,
    2080,
    2090,
    2100,
    2005,
    2010,
    2020,
    2030,
    2040,
    2050,
    2060,
    2070,
    2080,
    2090,
    2100,
    2005,
    2010,
    2020,
    2030,
    2040,
    2050,
    2060,
    2070,
    2080,
    2090,
    2100,
    2005,
    2010,
    2020,
    2030,
    2040,
    2050,
    2060,
    2070,
    2080,
    2090,
    2100,
    2005,
    2010,
    2020,
    2030,
    2040,
    2050,
    2060,
    2070,
    2080,
    2090,
    2100,
    2005,
    2010,
    2020,
    2030,
    2040,
    2050,
    2060,
    2070,
    2080,
    2090,
    2100,
    2005,
    2010,
    2020,
    2030,
    2040,
    2050,
    2060,
    2070,
    2080,
    2090,
    2100,
    2005,
    2010,
    2020,
    2030,
    2040,
    2050,
    2060,
    2070,
    2080,
    2090,
    2100,
    2010,
    2020,
    2030,
    2040,
    2050,
    2060,
    2070,
    2080,
    2090,
    2100,
    2010,
    2020,
    2030,
    2040,
    2050,
    2060,
    2070,
    2080,
    2090,
    2100,
    2010,
    2020,
    2030,
    2040,
    2050,
    2060,
    2070,
    2080,
    2090,
    2100,
    2010,
    2020,
    2030,
    2040,
    2050,
    2060,
    2070,
    2080,
    2090,
    2100,
    2005,
    2010,
    2020,
    2030,
    2040,
    2050,
    2060,
    2070,
    2080,
    2090,
    2100
  ],
  "entities": [
    265502,
    265502,
    265502,
    265502,
    265502,
    265502,
    265502,
    265502,
    265502,
    265502,
    265502,
    265503,
    265503,
    265503,
    265503,
    265503,
    265503,
    265503,
    265503,
    265503,
    265503,
    265503,
    265504,
    265504,
    265504,
    265504,
    265504,
    265504,
    265504,
    265504,
    265504,
    265504,
    265504,
    265505,
    265505,
    265505,
    265505,
    265505,
    265505,
    265505,
    265505,
    265505,
    265505,
    265505,
    259334,
    259334,
    259334,
    259334,
    259334,
    259334,
    259334,
    259334,
    259334,
    259334,
    259334,
    265511,
    265511,
    265511,
    265511,
    265511,
    265511,
    265511,
    265511,
    265511,
    265511,
    265511,
    265512,
    265512,
    265512,
    265512,
    265512,
    265512,
    265512,
    265512,
    265512,
    265512,
    265512,
    265513,
    265513,
    265513,
    265513,
    265513,
    265513,
    265513,
    265513,
    265513,
    265513,
    265513,
    265514,
    265514,
    265514,
    265514,
    265514,
    265514,
    265514,
    265514,
    265514,
    265514,
    265515,
    265515,
    265515,
    265515,
    265515,
    265515,
    265515,
    265515,
    265515,
    265515,
    265516,
    265516,
    265516,
    265516,
    265516,
    265516,
    265516,
    265516,
    265516,
    265516,
    265517,
    265517,
    265517,
    265517,
    265517,
    265517,
    265517,
    265517,
    265517,
    265517,
    259349,
    259349,
    259349,
    259349,
    259349,
    259349,
    259349,
    259349,
    259349,
    259349,
    259349
  ]
}