{
  "values": [
    0.68420005,
    3.1927,
    19.43807,
    51.14825,
    467.2583,
    900.5343,
    877.3956,
    655.32635,
    777.0181,
    930.3728,
    776.3416,
    0.68420005,
    3.1927,
    19.43218,
    187.57379,
    539.5996,
    766.6543,
    728.8048,
    781.84937,
    960.0585,
    907.529,
    818.3722,
    0.68420005,
    3.1927,
    17.94565,
    132.1734,
    510.4467,
    883.56415,
    922.4809,
    905.13214,
    1064.435,
    1088.671,
    953.7917,
    0.68420005,
    3.1927,
    17.72753,
    117.106895,
    457.749,
    834.1014,
    935.0019,
    919.91864,
    1020.423,
    1144.029,
    1026.929,
    0.68420005,
    3.1927,
    17.63592,
    112.659706,
    439.85,
    809.5539,
    910.8605,
    887.9611,
    943.8033,
    886.97015,
    752.12335,
    0,
    0,
    0,
    73.833,
    292.998,
    647.958,
    868.073,
    1183.026,
    1519.714,
    2332.063,
    3479.677,
    0,
    0,
    0,
    14.726,
    82.783,
    153.766,
    160.448,
    194.403,
    474.502,
    996.11,
    2427.28,
    0,
    0,
    0,
    0,
    0,
    0,
    17.357,
    26.941,
    80.617,
    254.855,
    715.742,
    0,
    0,
    0,
    0,
    0,
    0,
    0,
    0,
    6.331,
    57.813,
    220.077,
    0,
    0,
    0,
    0,
    0,
    0,
    0,
    0,
    0,
    0,
    35.062,
    0,
    0,
    1.397,
    1.397,
    1.397,
    1.397,
    1.397,
    1.397,
    0,
    0,
    17.531
  ],
  "years": [
    2005,
    2010,
    2020,
    2030,
    2040,
    2050,
    2060,
    2070,
    2080,
    2090,
    2100,
    2005,
    2010,
    2020,
    2030,
    2040,
    2050,
    2060,
    2070,
    2080,
    2090,
    2100,
    2005,
    2010,
    2020,
    2030,
    2040,
    2050,
    2060,
    2070,
    2080,
    2090,
    2100,
    2005,
    2010,
    2020,
    2030,
    2040,
    2050,
    2060,
    2070,
    2080,
    2090,
    2100,
    2005,
    2010,
    2020,
    2030,
    2040,
    2050,
    2060,
    2070,
    2080,
    2090,
    2100,
    2005,
    2010,
    2020,
    2030,
    2040,
    2050,
    2060,
    2070,
    2080,
    2090,
    2100,
    2005,
    2010,
    2020,
    2030,
    2040,
    2050,
    2060,
    2070,
    2080,
    2090,
    2100,
    2005,
    2010,
    2020,
    2030,
    2040,
    2050,
    2060,
    2070,
    2080,
    2090,
    2100,
    2005,
    2010,
    2020,
    2030,
    2040,
    2050,
    2060,
    2070,
    2080,
    2090,
    2100,
    2005,
    2010,
    2020,
    2030,
    2040,
    2050,
    2060,
    2070,
    2080,
    2090,
    2100,
    2005,
    2010,
    2020,
    2030,
    2040,
    2050,
    2060,
    2070,
    2080,
    2090,
    2100
  ],
  "entities": [
    265502,
    265502,
    265502,
    265502,
    265502,
    265502,
    265502,
    265502,
    265502,
    265502,
    265502,
    265503,
    265503,
    265503,
    265503,
    265503,
    265503,
    265503,
    265503,
    265503,
    265503,
    265503,
    265504,
    265504,
    265504,
    265504,
    265504,
    265504,
    265504,
    265504,
    265504,
    265504,
    265504,
    265505,
    265505,
    265505,
    265505,
    265505,
    265505,
    265505,
    265505,
    265505,
    265505,
    265505,
    259334,
    259334,
    259334,
    259334,
    259334,
    259334,
    259334,
    259334,
    259334,
    259334,
    259334,
    265506,
    265506,
    265506,
    265506,
    265506,
    265506,
    265506,
    265506,
    265506,
    265506,
    265506,
    265507,
    265507,
    265507,
    265507,
    265507,
    265507,
    265507,
    265507,
    265507,
    265507,
    265507,
    265508,
    265508,
    265508,
    265508,
    265508,
    265508,
    265508,
    265508,
    265508,
    265508,
    265508,
    265509,
    265509,
    265509,
    265509,
    265509,
    265509,
    265509,
    265509,
    265509,
    265509,
    265509,
    265510,
    265510,
    265510,
    265510,
    265510,
    265510,
    265510,
    265510,
    265510,
    265510,
    265510,
    259340,
    259340,
    259340,
    259340,
    259340,
    259340,
    259340,
    259340,
    259340,
    259340,
    259340
  ]
}