{
  "values": [
    6.203981684,
    0.819779593,
    4.027276756,
    1.356925335,
    6.179258293,
    0.82228562,
    4.010636524,
    1.346336149,
    6.157028737,
    0.800751113,
    4.001005236,
    1.355272387,
    6.100466,
    0.785915884,
    3.961583797,
    1.352966319,
    6.151164252,
    0.803915414,
    3.975019542,
    1.372229297,
    6.212293318,
    0.833223507,
    3.98130038,
    1.39776943,
    6.191381316,
    0.793623584,
    3.97601302,
    1.421744712,
    6.173578013,
    0.851192834,
    3.918211081,
    1.404174098,
    6.147089231,
    0.843431219,
    3.894768273,
    1.408889739,
    6.184079288,
    0.850958239,
    3.915312399,
    1.417808649,
    6.073559519,
    0.780362474,
    3.881819532,
    1.411377513,
    6.069341242,
    0.774454512,
    3.878343539,
    1.416543191,
    6.121784422,
    0.784021707,
    3.904251249,
    1.433511466,
    6.205651584,
    0.813728679,
    3.941361863,
    1.450561042,
    6.364990036,
    0.859347774,
    4.0188399,
    1.486802362,
    6.478354129,
    0.890541682,
    4.078995759,
    1.508816687,
    6.565358888,
    0.90548926,
    4.128292344,
    1.531577284,
    6.64659915,
    0.915553034,
    4.178997472,
    1.552048644,
    6.701374573,
    0.912017784,
    4.250663207,
    1.538693582,
    6.719716228,
    0.902366938,
    4.268349034,
    1.549000256,
    6.803780285,
    0.923316235,
    4.307282237,
    1.573181813,
    6.877120795,
    0.948465234,
    4.335849448,
    1.592806112,
    6.913827308,
    0.953357662,
    4.366313978,
    1.594155667,
    6.987458817,
    0.970191273,
    4.400381328,
    1.616886216,
    7.029649079,
    0.989856102,
    4.417368425,
    1.622424552,
    7.060449662,
    0.985642478,
    4.43655891,
    1.638248274
  ],
  "years": [
    1990,
    1990,
    1990,
    1990,
    1991,
    1991,
    1991,
    1991,
    1992,
    1992,
    1992,
    1992,
    1993,
    1993,
    1993,
    1993,
    1994,
    1994,
    1994,
    1994,
    1995,
    1995,
    1995,
    1995,
    1996,
    1996,
    1996,
    1996,
    1997,
    1997,
    1997,
    1997,
    1998,
    1998,
    1998,
    1998,
    1999,
    1999,
    1999,
    1999,
    2000,
    2000,
    2000,
    2000,
    2001,
    2001,
    2001,
    2001,
    2002,
    2002,
    2002,
    2002,
    2003,
    2003,
    2003,
    2003,
    2004,
    2004,
    2004,
    2004,
    2005,
    2005,
    2005,
    2005,
    2006,
    2006,
    2006,
    2006,
    2007,
    2007,
    2007,
    2007,
    2008,
    2008,
    2008,
    2008,
    2009,
    2009,
    2009,
    2009,
    2010,
    2010,
    2010,
    2010,
    2011,
    2011,
    2011,
    2011,
    2012,
    2012,
    2012,
    2012,
    2013,
    2013,
    2013,
    2013,
    2014,
    2014,
    2014,
    2014,
    2015,
    2015,
    2015,
    2015
  ],
  "entities": [
    175932,
    175933,
    175934,
    175935,
    175932,
    175933,
    175934,
    175935,
    175932,
    175933,
    175934,
    175935,
    175932,
    175933,
    175934,
    175935,
    175932,
    175933,
    175934,
    175935,
    175932,
    175933,
    175934,
    175935,
    175932,
    175933,
    175934,
    175935,
    175932,
    175933,
    175934,
    175935,
    175932,
    175933,
    175934,
    175935,
    175932,
    175933,
    175934,
    175935,
    175932,
    175933,
    175934,
    175935,
    175932,
    175933,
    175934,
    175935,
    175932,
    175933,
    175934,
    175935,
    175932,
    175933,
    175934,
    175935,
    175932,
    175933,
    175934,
    175935,
    175932,
    175933,
    175934,
    175935,
    175932,
    175933,
    175934,
    175935,
    175932,
    175933,
    175934,
    175935,
    175932,
    175933,
    175934,
    175935,
    175932,
    175933,
    175934,
    175935,
    175932,
    175933,
    175934,
    175935,
    175932,
    175933,
    175934,
    175935,
    175932,
    175933,
    175934,
    175935,
    175932,
    175933,
    175934,
    175935,
    175932,
    175933,
    175934,
    175935,
    175932,
    175933,
    175934,
    175935
  ]
}