{
  "values": [
    1.123832808,
    0.001881817,
    1.069483267,
    0.052467725,
    1.145785076,
    0.001929993,
    1.090021796,
    0.053833287,
    1.164433564,
    0.002087574,
    1.10676599,
    0.05558,
    1.182993159,
    0.002107628,
    1.123763692,
    0.057121839,
    1.200679856,
    0.002356424,
    1.139395808,
    0.058927624,
    1.214929428,
    0.002462395,
    1.152088736,
    0.060378298,
    1.229680673,
    0.002472394,
    1.165344401,
    0.061863878,
    1.240351025,
    0.002618634,
    1.174731259,
    0.063001131,
    1.248397471,
    0.002642581,
    1.181300455,
    0.064454435,
    1.259237714,
    0.002708398,
    1.190746488,
    0.065782828,
    1.271848553,
    0.00300222,
    1.203843825,
    0.065002508,
    1.275386281,
    0.002823986,
    1.206047147,
    0.066515147,
    1.289386903,
    0.002778705,
    1.218716826,
    0.067891373,
    1.309168205,
    0.002865381,
    1.236671704,
    0.06963112,
    1.328209431,
    0.002811097,
    1.254136187,
    0.071262146,
    1.342339864,
    0.002801022,
    1.266343309,
    0.073195534,
    1.369321003,
    0.002846481,
    1.290964493,
    0.075510029,
    1.383947841,
    0.002870724,
    1.303745379,
    0.077331738,
    1.39866276,
    0.003119255,
    1.316626708,
    0.078916798,
    1.414814041,
    0.002866732,
    1.331297229,
    0.08065008,
    1.427337732,
    0.003080234,
    1.341976741,
    0.082280757,
    1.449926476,
    0.003128253,
    1.36297131,
    0.083826913,
    1.469859033,
    0.003368505,
    1.381228359,
    0.085262169,
    1.493096128,
    0.003424859,
    1.403274956,
    0.086396313,
    1.51445044,
    0.003397758,
    1.423382708,
    0.087669973,
    1.537874111,
    0.003435776,
    1.445596609,
    0.088841726
  ],
  "years": [
    1990,
    1990,
    1990,
    1990,
    1991,
    1991,
    1991,
    1991,
    1992,
    1992,
    1992,
    1992,
    1993,
    1993,
    1993,
    1993,
    1994,
    1994,
    1994,
    1994,
    1995,
    1995,
    1995,
    1995,
    1996,
    1996,
    1996,
    1996,
    1997,
    1997,
    1997,
    1997,
    1998,
    1998,
    1998,
    1998,
    1999,
    1999,
    1999,
    1999,
    2000,
    2000,
    2000,
    2000,
    2001,
    2001,
    2001,
    2001,
    2002,
    2002,
    2002,
    2002,
    2003,
    2003,
    2003,
    2003,
    2004,
    2004,
    2004,
    2004,
    2005,
    2005,
    2005,
    2005,
    2006,
    2006,
    2006,
    2006,
    2007,
    2007,
    2007,
    2007,
    2008,
    2008,
    2008,
    2008,
    2009,
    2009,
    2009,
    2009,
    2010,
    2010,
    2010,
    2010,
    2011,
    2011,
    2011,
    2011,
    2012,
    2012,
    2012,
    2012,
    2013,
    2013,
    2013,
    2013,
    2014,
    2014,
    2014,
    2014,
    2015,
    2015,
    2015,
    2015
  ],
  "entities": [
    175932,
    175933,
    175934,
    175935,
    175932,
    175933,
    175934,
    175935,
    175932,
    175933,
    175934,
    175935,
    175932,
    175933,
    175934,
    175935,
    175932,
    175933,
    175934,
    175935,
    175932,
    175933,
    175934,
    175935,
    175932,
    175933,
    175934,
    175935,
    175932,
    175933,
    175934,
    175935,
    175932,
    175933,
    175934,
    175935,
    175932,
    175933,
    175934,
    175935,
    175932,
    175933,
    175934,
    175935,
    175932,
    175933,
    175934,
    175935,
    175932,
    175933,
    175934,
    175935,
    175932,
    175933,
    175934,
    175935,
    175932,
    175933,
    175934,
    175935,
    175932,
    175933,
    175934,
    175935,
    175932,
    175933,
    175934,
    175935,
    175932,
    175933,
    175934,
    175935,
    175932,
    175933,
    175934,
    175935,
    175932,
    175933,
    175934,
    175935,
    175932,
    175933,
    175934,
    175935,
    175932,
    175933,
    175934,
    175935,
    175932,
    175933,
    175934,
    175935,
    175932,
    175933,
    175934,
    175935,
    175932,
    175933,
    175934,
    175935,
    175932,
    175933,
    175934,
    175935
  ]
}