{
  "values": [
    6.855558242,
    6.800775286,
    1.069483267,
    0.000340541,
    6.867995626,
    6.81322418,
    1.090021796,
    0.000340541,
    6.888400818,
    6.833640272,
    1.10676599,
    0.000340583,
    6.899504466,
    6.879418108,
    1.123763692,
    0.000340583,
    6.912560124,
    6.892473766,
    1.139395808,
    0.000340583,
    6.931817889,
    6.911731532,
    1.152088736,
    0.000340583,
    6.432811114,
    6.418273612,
    1.165344401,
    0.000258671,
    7.386350947,
    7.361368893,
    1.174731259,
    0.000391363,
    6.850431693,
    6.829536795,
    1.181300455,
    0.000394152,
    6.509928012,
    6.493767044,
    1.190746488,
    0.000305743,
    6.352759023,
    6.339982039,
    1.203843825,
    0.000227037,
    5.889532296,
    5.876346232,
    1.206047147,
    0.00021266,
    6.83225578,
    6.809055933,
    1.218716826,
    0.000366987,
    6.499047049,
    6.478018385,
    1.236671704,
    0.000392739,
    6.810351328,
    6.786213736,
    1.254136187,
    0.000384755,
    6.558042607,
    6.537128836,
    1.266343309,
    0.000331264,
    6.401711568,
    6.378900703,
    1.290964493,
    0.000356521,
    5.914926183,
    5.895887112,
    1.303745379,
    0.000336169,
    5.886740835,
    5.869189577,
    1.316626708,
    0.000314177,
    6.194687711,
    6.174114718,
    1.331297229,
    0.000323902,
    5.850955539,
    5.83251175,
    1.341976741,
    0.000337627,
    5.206510942,
    5.18796542,
    1.36297131,
    0.000308112,
    5.273395355,
    5.253230642,
    1.381228359,
    0.000372298,
    5.175445193,
    5.15705801,
    1.403274956,
    0.000307788,
    5.379223971,
    5.358269555,
    1.423382708,
    0.000365703,
    5.699252401,
    5.674576445,
    1.445596609,
    0.000411042
  ],
  "years": [
    1990,
    1990,
    1990,
    1990,
    1991,
    1991,
    1991,
    1991,
    1992,
    1992,
    1992,
    1992,
    1993,
    1993,
    1993,
    1993,
    1994,
    1994,
    1994,
    1994,
    1995,
    1995,
    1995,
    1995,
    1996,
    1996,
    1996,
    1996,
    1997,
    1997,
    1997,
    1997,
    1998,
    1998,
    1998,
    1998,
    1999,
    1999,
    1999,
    1999,
    2000,
    2000,
    2000,
    2000,
    2001,
    2001,
    2001,
    2001,
    2002,
    2002,
    2002,
    2002,
    2003,
    2003,
    2003,
    2003,
    2004,
    2004,
    2004,
    2004,
    2005,
    2005,
    2005,
    2005,
    2006,
    2006,
    2006,
    2006,
    2007,
    2007,
    2007,
    2007,
    2008,
    2008,
    2008,
    2008,
    2009,
    2009,
    2009,
    2009,
    2010,
    2010,
    2010,
    2010,
    2011,
    2011,
    2011,
    2011,
    2012,
    2012,
    2012,
    2012,
    2013,
    2013,
    2013,
    2013,
    2014,
    2014,
    2014,
    2014,
    2015,
    2015,
    2015,
    2015
  ],
  "entities": [
    175932,
    175933,
    175934,
    175935,
    175932,
    175933,
    175934,
    175935,
    175932,
    175933,
    175934,
    175935,
    175932,
    175933,
    175934,
    175935,
    175932,
    175933,
    175934,
    175935,
    175932,
    175933,
    175934,
    175935,
    175932,
    175933,
    175934,
    175935,
    175932,
    175933,
    175934,
    175935,
    175932,
    175933,
    175934,
    175935,
    175932,
    175933,
    175934,
    175935,
    175932,
    175933,
    175934,
    175935,
    175932,
    175933,
    175934,
    175935,
    175932,
    175933,
    175934,
    175935,
    175932,
    175933,
    175934,
    175935,
    175932,
    175933,
    175934,
    175935,
    175932,
    175933,
    175934,
    175935,
    175932,
    175933,
    175934,
    175935,
    175932,
    175933,
    175934,
    175935,
    175932,
    175933,
    175934,
    175935,
    175932,
    175933,
    175934,
    175935,
    175932,
    175933,
    175934,
    175935,
    175932,
    175933,
    175934,
    175935,
    175932,
    175933,
    175934,
    175935,
    175932,
    175933,
    175934,
    175935,
    175932,
    175933,
    175934,
    175935,
    175932,
    175933,
    175934,
    175935
  ]
}