{
  "values": [
    0.131,
    9.9e-12,
    60.5,
    2540000,
    0.0000812,
    470,
    204000000,
    405000000,
    100000,
    380000.03,
    1900000,
    150000000,
    341000000,
    202000020,
    36700000,
    385000,
    285000,
    1.24e-7,
    0.024100002,
    3000000,
    576000000,
    280000,
    47000000,
    2.3000002,
    0.063,
    2470.0002,
    26000,
    95000.01,
    8.54,
    546,
    6.0400004,
    0.000093999995,
    0.35000002,
    0.0000014,
    518,
    6900000,
    17600,
    1490000,
    314000000,
    21000000000,
    93200010,
    5440000,
    1560,
    91.6,
    5540000,
    0.090799995,
    0.475,
    1.2e-7,
    479000,
    61.4,
    23200.002,
    550000000,
    0.021,
    355000000,
    0.00281,
    551000,
    5500000.5,
    3.73,
    24000,
    212000000,
    2740000300,
    137,
    1500000,
    1500000,
    48000,
    2200000,
    17500000,
    1.3000001,
    96.9,
    2.28e-7,
    0.000027700002,
    4840000,
    19400.002,
    67000004,
    13000000,
    36000000,
    66300,
    2530000100,
    7339999700,
    6e-7,
    145,
    396000000,
    6.95e-10,
    61.500004,
    3.41,
    1560,
    12100,
    3410,
    4.28e-7,
    7300.0005,
    69,
    60800,
    50000000,
    9.58e-7,
    40500000,
    10400001,
    0.018199999,
    25500000,
    4e-14,
    1340,
    7420,
    24100,
    600,
    9250,
    12800000,
    532,
    46500000,
    38.9,
    43600,
    50900,
    0.0000434,
    1900000
  ],
  "years": [
    22339,
    4198,
    24096,
    25971,
    14944,
    23283,
    26876,
    26695,
    25946,
    24379,
    24497,
    24837,
    25127,
    25869,
    25175,
    25237,
    25485,
    13787,
    20666,
    25472,
    26750,
    26442,
    26302,
    23728,
    19334,
    25570,
    24447,
    26459,
    23164,
    23164,
    23164,
    26471,
    22412,
    15949,
    23901,
    24740,
    25353,
    25611,
    26080,
    27101,
    26702,
    26794,
    24263,
    25598,
    26505,
    23538,
    23729,
    14610,
    25052,
    22548,
    25624,
    27082,
    17850,
    26703,
    18201,
    24837,
    26361,
    23053,
    24142,
    26357,
    26842,
    23640,
    25715,
    25715,
    25889,
    24780,
    26849,
    19796,
    24673,
    11413,
    14035,
    26625,
    25815,
    25913,
    25913,
    26406,
    25172,
    26756,
    27157,
    3683,
    24673,
    26835,
    2922,
    24643,
    22548,
    23984,
    24449,
    23909,
    3833,
    23993,
    23922,
    26766,
    26765,
    17335,
    25862,
    25862,
    15826,
    26966,
    547,
    23714,
    24999,
    26443,
    23203,
    23987,
    26203,
    23691,
    26926,
    23664,
    24751,
    25299,
    14944,
    26227
  ],
  "entities": [
    257012,
    256995,
    257024,
    257107,
    245539,
    240132,
    354863,
    306182,
    257063,
    257027,
    257029,
    257033,
    257039,
    257060,
    240145,
    308276,
    257045,
    257004,
    245543,
    257044,
    273166,
    365391,
    257077,
    240135,
    257009,
    268374,
    365389,
    306166,
    306036,
    306037,
    257017,
    366992,
    257013,
    305991,
    257021,
    257030,
    257042,
    257047,
    354864,
    363052,
    257096,
    306191,
    257026,
    257046,
    257088,
    343966,
    306044,
    355354,
    257037,
    257015,
    366991,
    367304,
    256998,
    257095,
    245542,
    257032,
    306163,
    257016,
    257025,
    257104,
    306195,
    257102,
    257049,
    257050,
    306130,
    257031,
    306196,
    257010,
    257109,
    256996,
    257005,
    306174,
    257052,
    257061,
    257062,
    355353,
    257099,
    273167,
    365387,
    257003,
    257108,
    306194,
    257002,
    257105,
    257014,
    257022,
    257028,
    257097,
    256994,
    307046,
    306046,
    268378,
    343968,
    256997,
    257059,
    257058,
    257007,
    367306,
    256993,
    257106,
    257036,
    257098,
    366988,
    257023,
    257101,
    257019,
    349174,
    257018,
    240142,
    257041,
    257006,
    257073
  ]
}