{
  "values": [
    0.30472,
    4.19887,
    1.0572,
    6.56265,
    3.71924,
    3.75006,
    5.7554,
    4.07859,
    5.49363,
    5.47494,
    5.87392,
    2.22524,
    0.69151,
    3.4916,
    23.15085,
    4.42962,
    8.29734,
    5.02344,
    1.71807,
    4.79822,
    3.70686,
    6.5644,
    6.69822,
    1.4639,
    4.62943,
    4.74436,
    4.65847,
    10.39157,
    7.00462,
    4.72537,
    8.75317,
    3.88266,
    2.77932,
    4.89982,
    2.92692,
    4.20742,
    0.55052,
    7.67548,
    3.87776,
    3.15327,
    5.13585,
    4.34624,
    2.58677,
    6.09488,
    4.34397,
    4.69824,
    1.4491,
    8.27349,
    1.36717,
    5.34286,
    2.06673,
    5.61328,
    5.99198,
    2.67494,
    15.22227,
    6.98948,
    4.27325,
    2.32823,
    5.01372,
    5.14816,
    9.11243,
    1.9409,
    9.51525,
    5.47024,
    6.04878,
    2.63537,
    4.62277,
    6.06789,
    1.16599,
    4.81026,
    5.9557,
    4.32924,
    5.24107,
    6.01387,
    3.63635,
    5.25604,
    1.25722,
    0.62722,
    0.97468,
    4.33878,
    1.78511,
    2.67583,
    2.9764,
    3.80607,
    0.90765,
    7.38222,
    4.98718,
    1.77698,
    0.39374,
    8.65492,
    8.74678,
    18.03885,
    1.5053,
    5.2241,
    4.58356,
    0.39108,
    19.69379,
    5.6325,
    2.41922,
    4.37193,
    1.71824,
    1.53559,
    2.13184,
    2.65285,
    0.40274,
    3.8691,
    5.70773,
    3.32828,
    22.29351,
    13.98439,
    1.06344,
    2.18001,
    3.68338,
    6.56825,
    2.71517,
    3.89103,
    3.74977,
    4.91682,
    0.7815,
    3.77106,
    4.39924,
    2.42068,
    3.07995,
    1.62225,
    0.83448,
    4.46275,
    2.42792,
    5.47226,
    7.48386,
    4.23157,
    7.10861,
    4.71966,
    2.96104,
    8.76505,
    18.05761,
    4.68955,
    7.01416,
    4.01085,
    3.27336,
    7.38821,
    0.67058,
    1.23298,
    8.78218,
    1.10955,
    2.28054,
    7.74656,
    7.93879,
    3.07287,
    0.24226,
    7.30462,
    7.06259,
    3.72557,
    2.14275,
    0.66547,
    5.28938,
    3.27693,
    4.05155,
    0.50219,
    3.8397,
    6.91851,
    7.66483,
    2.73879,
    2.50453,
    4.01385,
    1.79894,
    1.82046,
    6.07717,
    7.47183,
    20.06479,
    2.49174,
    4.00585,
    5.0816,
    3.23385,
    5.75272,
    3.48039,
    4.35022,
    7.61452,
    0.25082,
    4.99668,
    3.65429
  ],
  "years": [
    2019,
    2019,
    2019,
    2019,
    2019,
    2019,
    2019,
    2019,
    2019,
    2019,
    2019,
    2019,
    2019,
    2019,
    2019,
    2019,
    2019,
    2019,
    2019,
    2019,
    2019,
    2019,
    2019,
    2019,
    2019,
    2019,
    2019,
    2019,
    2019,
    2019,
    2019,
    2019,
    2019,
    2019,
    2019,
    2019,
    2019,
    2019,
    2019,
    2019,
    2019,
    2019,
    2019,
    2019,
    2019,
    2019,
    2019,
    2019,
    2019,
    2019,
    2019,
    2019,
    2019,
    2019,
    2019,
    2019,
    2019,
    2019,
    2019,
    2019,
    2019,
    2019,
    2019,
    2019,
    2019,
    2019,
    2019,
    2019,
    2019,
    2019,
    2019,
    2019,
    2019,
    2019,
    2019,
    2019,
    2019,
    2019,
    2019,
    2019,
    2019,
    2019,
    2019,
    2019,
    2019,
    2019,
    2019,
    2019,
    2019,
    2019,
    2019,
    2019,
    2019,
    2019,
    2019,
    2019,
    2019,
    2019,
    2019,
    2019,
    2019,
    2019,
    2019,
    2019,
    2019,
    2019,
    2019,
    2019,
    2019,
    2019,
    2019,
    2019,
    2019,
    2019,
    2019,
    2019,
    2019,
    2019,
    2019,
    2019,
    2019,
    2019,
    2019,
    2019,
    2019,
    2019,
    2019,
    2019,
    2019,
    2019,
    2019,
    2019,
    2019,
    2019,
    2019,
    2019,
    2019,
    2019,
    2019,
    2019,
    2019,
    2019,
    2019,
    2019,
    2019,
    2019,
    2019,
    2019,
    2019,
    2019,
    2019,
    2019,
    2019,
    2019,
    2019,
    2019,
    2019,
    2019,
    2019,
    2019,
    2019,
    2019,
    2019,
    2019,
    2019,
    2019,
    2019,
    2019,
    2019,
    2019,
    2019,
    2019,
    2019,
    2019,
    2019,
    2019,
    2019,
    2019,
    2019,
    2019
  ],
  "entities": [
    15,
    16,
    17,
    19,
    20,
    21,
    22,
    23,
    24,
    25,
    26,
    27,
    28,
    29,
    30,
    4,
    31,
    32,
    33,
    34,
    35,
    36,
    37,
    38,
    39,
    40,
    41,
    42,
    43,
    44,
    45,
    174,
    173,
    172,
    171,
    170,
    169,
    168,
    166,
    143,
    165,
    164,
    163,
    162,
    167,
    161,
    154,
    160,
    225,
    201,
    65,
    259,
    159,
    157,
    156,
    78,
    158,
    202,
    155,
    3,
    153,
    151,
    152,
    6,
    150,
    149,
    206,
    148,
    147,
    94,
    146,
    145,
    139,
    138,
    207,
    137,
    136,
    135,
    134,
    2,
    133,
    8,
    132,
    14,
    130,
    131,
    129,
    204,
    208,
    126,
    125,
    122,
    124,
    123,
    121,
    120,
    119,
    210,
    118,
    117,
    116,
    211,
    115,
    212,
    114,
    213,
    113,
    222,
    111,
    112,
    110,
    109,
    142,
    108,
    107,
    5,
    106,
    105,
    104,
    103,
    128,
    66,
    102,
    217,
    101,
    100,
    99,
    98,
    97,
    96,
    11,
    95,
    226,
    92,
    12,
    91,
    229,
    230,
    239,
    232,
    90,
    89,
    233,
    87,
    86,
    85,
    83,
    195,
    82,
    81,
    127,
    9,
    141,
    79,
    234,
    10,
    7,
    77,
    76,
    64,
    75,
    74,
    235,
    73,
    71,
    70,
    69,
    68,
    67,
    72,
    1,
    13,
    63,
    62,
    221,
    238,
    84,
    61,
    60,
    80
  ]
}