{
  "values": [
    8.731762,
    9.355553,
    33.293846,
    20.637094,
    16.95792,
    12.878869,
    21.543848,
    13.714695,
    7.039002,
    12.274451,
    5.265835,
    23.611448,
    11.088987,
    8.347281,
    4.4709854,
    15.848162,
    11.275698,
    4.8453727,
    20.570263,
    6.9062147,
    21.05363,
    11.221876,
    0.9081961,
    14.774946,
    14.019665,
    13.104352,
    8.300703,
    9.001017,
    9.0423565,
    15.613044,
    20.752563,
    6.529531,
    7.541631,
    13.10581,
    8.322633,
    10.275866,
    3.0627756,
    3.3228931,
    10.758926,
    2.293314,
    0.5882389,
    13.512278,
    15.265272,
    8.528302,
    4.8515854,
    5.8909454,
    5.0609107,
    4.379338,
    25.01031,
    3.0042443,
    0.8926883,
    10.092143,
    3.7658324,
    8.989363,
    12.285954,
    8.115223,
    6.38816,
    3.045648,
    3.9252548,
    9.233046,
    14.741615,
    2.732971,
    1.6380618,
    12.886169,
    5.1428604,
    13.905193,
    17.467445,
    7.960702,
    5.074908,
    4.4825478,
    5.6726685,
    4.9520464,
    7.241706,
    2.7703233,
    9.809272,
    3.3037214,
    11.166874,
    4.376629,
    3.8731158,
    10.749008,
    15.975293,
    6.539341,
    9.624182,
    17.14582,
    2.8044143,
    3.8405266,
    10.401119,
    8.280442,
    9.027481,
    2.5051758,
    17.071777,
    3.348813,
    1.8565953,
    8.84145,
    7.8878226,
    5.3009844,
    3.1533735,
    10.333684,
    4.8209233,
    9.154815,
    5.7377253,
    1.9952949,
    2.632852,
    5.889667,
    2.984743,
    7.046223,
    4.1995707,
    16.350672,
    20.393074,
    14.051355,
    7.28519,
    3.5870504,
    3.4929857,
    4.782896,
    9.573975,
    25.858,
    7.9916806,
    13.489924,
    2.543092,
    4.905059,
    8.979715,
    6.603516,
    9.8596325,
    6.794648,
    5.810229,
    17.507635,
    7.5059705,
    10.703785,
    8.290824,
    11.377432,
    10.05007,
    17.03332,
    5.392729,
    21.267006,
    4.0970163,
    12.373071,
    6.252082,
    17.0214,
    13.437918,
    4.056767,
    11.386116,
    6.2046065,
    5.6526423,
    15.460518,
    7.3646936,
    9.68245,
    9.107942,
    7.535656,
    5.418528,
    4.0802526,
    11.347265,
    9.196603,
    4.2449875,
    6.459917,
    4.446227,
    4.446228,
    4.446228,
    4.446228
  ],
  "years": [
    2018,
    2018,
    2018,
    2018,
    2018,
    2018,
    2018,
    2018,
    2018,
    2018,
    2018,
    2018,
    2018,
    2018,
    2018,
    2018,
    2018,
    2018,
    2018,
    2018,
    2018,
    2018,
    2018,
    2018,
    2018,
    2018,
    2018,
    2018,
    2018,
    2018,
    2018,
    2018,
    2018,
    2018,
    2018,
    2018,
    2018,
    2018,
    2018,
    2018,
    2018,
    2018,
    2018,
    2018,
    2018,
    2018,
    2018,
    2018,
    2018,
    2018,
    2018,
    2018,
    2018,
    2018,
    2018,
    2018,
    2018,
    2018,
    2018,
    2018,
    2018,
    2018,
    2018,
    2018,
    2018,
    2018,
    2018,
    2018,
    2018,
    2018,
    2018,
    2018,
    2018,
    2018,
    2018,
    2018,
    2018,
    2018,
    2018,
    2018,
    2018,
    2018,
    2018,
    2018,
    2018,
    2018,
    2018,
    2018,
    2018,
    2018,
    2018,
    2018,
    2018,
    2018,
    2018,
    2018,
    2018,
    2018,
    2018,
    2018,
    2018,
    2018,
    2018,
    2018,
    2018,
    2018,
    2018,
    2018,
    2018,
    2018,
    2018,
    2018,
    2018,
    2018,
    2018,
    2018,
    2018,
    2018,
    2018,
    2018,
    2018,
    2018,
    2018,
    2018,
    2018,
    2018,
    2018,
    2018,
    2018,
    2018,
    2018,
    2018,
    2018,
    2018,
    2018,
    2018,
    2018,
    2018,
    2018,
    2018,
    2018,
    2018,
    2018,
    2018,
    2018,
    2018,
    2018,
    2018,
    2018,
    2018,
    2018,
    2018,
    2018,
    2018,
    2019,
    2019,
    2019,
    2019
  ],
  "entities": [
    1,
    2,
    3,
    4,
    5,
    6,
    7,
    8,
    9,
    10,
    11,
    12,
    13,
    14,
    15,
    16,
    17,
    21,
    22,
    23,
    24,
    25,
    28,
    30,
    32,
    34,
    35,
    36,
    37,
    39,
    40,
    41,
    42,
    43,
    44,
    60,
    61,
    62,
    63,
    64,
    65,
    66,
    67,
    68,
    69,
    70,
    71,
    72,
    74,
    75,
    76,
    78,
    80,
    81,
    83,
    84,
    85,
    86,
    87,
    88,
    89,
    90,
    91,
    92,
    95,
    96,
    97,
    98,
    100,
    101,
    102,
    103,
    104,
    105,
    106,
    107,
    108,
    109,
    110,
    111,
    112,
    113,
    114,
    115,
    116,
    117,
    118,
    119,
    120,
    121,
    122,
    124,
    125,
    126,
    127,
    129,
    130,
    131,
    133,
    135,
    136,
    137,
    138,
    139,
    140,
    141,
    142,
    143,
    145,
    147,
    148,
    149,
    150,
    151,
    152,
    153,
    155,
    156,
    158,
    160,
    161,
    162,
    163,
    165,
    166,
    168,
    169,
    170,
    171,
    172,
    173,
    198,
    201,
    207,
    208,
    210,
    212,
    213,
    215,
    238,
    259,
    273,
    275,
    276,
    277,
    294,
    295,
    355,
    379,
    390,
    457,
    459,
    460,
    461,
    134,
    275,
    355,
    459
  ]
}