{
  "values": [
    48.2,
    73.8,
    45.7,
    62.737263,
    70.958084,
    69.4,
    75.7,
    55.1,
    60.639362,
    81.1,
    68.562874,
    71.2,
    62.4502,
    60.515873,
    76.5,
    69.4,
    82.2,
    70.89109,
    74.92507,
    54.942856,
    68.4,
    71.5,
    77.8,
    67.2981,
    62.933598,
    48.5,
    74.02597,
    73.426575,
    73.35984,
    76.92308,
    69.98012,
    72.2664,
    64.5,
    87.1,
    70.02997,
    71.5,
    68.9,
    58.3,
    72.2,
    83.08458,
    65.53785,
    67.6,
    69.066666,
    87.206024,
    59.94065,
    65.76846,
    66.9,
    57.642357,
    57.4,
    77.821785,
    64.455444,
    67.757935,
    52.1,
    79.96012,
    67.3,
    45.554447,
    60.4,
    69.74952,
    64.25742,
    61.668324,
    62.14073,
    67.2,
    68.73127,
    77.3,
    62,
    67,
    74.9,
    58.383232,
    80.9,
    70.3,
    84.56175,
    49.9,
    64.4,
    70,
    77.92079,
    69.2,
    67.065865,
    65.1,
    68.5,
    79.06281,
    86.21378,
    76.1,
    85.8,
    66.16766,
    63.5,
    71.2,
    64.035965,
    69.765114,
    56.62768,
    70.8,
    68.562874,
    73.426575,
    54.940712,
    68.61966,
    67.86427,
    66.080154,
    65.63745,
    57.3,
    63.446217,
    58.641357,
    76.5,
    65.8,
    54.4,
    79.3,
    63.117134,
    73.7,
    67.9,
    64.4,
    78.8,
    62.4,
    47.181007,
    66.1,
    73.333336,
    74.5,
    56.4,
    68.7,
    54.71698,
    85.2,
    82.1
  ],
  "years": [
    2021,
    2021,
    2021,
    2021,
    2021,
    2021,
    2021,
    2021,
    2021,
    2021,
    2021,
    2021,
    2021,
    2021,
    2021,
    2021,
    2021,
    2021,
    2021,
    2021,
    2021,
    2021,
    2021,
    2021,
    2021,
    2021,
    2021,
    2021,
    2021,
    2021,
    2021,
    2021,
    2021,
    2021,
    2021,
    2021,
    2021,
    2021,
    2021,
    2021,
    2021,
    2021,
    2021,
    2021,
    2021,
    2021,
    2021,
    2021,
    2021,
    2021,
    2021,
    2021,
    2021,
    2021,
    2021,
    2021,
    2021,
    2021,
    2021,
    2021,
    2021,
    2021,
    2021,
    2021,
    2021,
    2021,
    2021,
    2021,
    2021,
    2021,
    2021,
    2021,
    2021,
    2021,
    2021,
    2021,
    2021,
    2021,
    2021,
    2021,
    2021,
    2021,
    2021,
    2021,
    2021,
    2021,
    2021,
    2021,
    2021,
    2021,
    2021,
    2021,
    2021,
    2021,
    2021,
    2021,
    2021,
    2021,
    2021,
    2021,
    2021,
    2021,
    2021,
    2021,
    2021,
    2021,
    2021,
    2021,
    2021,
    2021,
    2021,
    2021,
    2021,
    2021,
    2021,
    2021,
    2021,
    2021,
    2021
  ],
  "entities": [
    15,
    16,
    17,
    21,
    22,
    23,
    24,
    28,
    4,
    32,
    34,
    35,
    37,
    39,
    40,
    42,
    43,
    44,
    172,
    171,
    170,
    166,
    143,
    165,
    163,
    161,
    160,
    201,
    65,
    259,
    156,
    155,
    3,
    153,
    152,
    6,
    150,
    149,
    147,
    139,
    144,
    138,
    137,
    136,
    135,
    134,
    2,
    133,
    8,
    132,
    14,
    130,
    131,
    129,
    379,
    126,
    125,
    122,
    124,
    119,
    116,
    115,
    212,
    213,
    113,
    111,
    112,
    110,
    109,
    142,
    108,
    107,
    5,
    106,
    105,
    103,
    66,
    102,
    101,
    100,
    98,
    97,
    96,
    11,
    95,
    366024,
    92,
    12,
    90,
    89,
    88,
    87,
    86,
    85,
    83,
    81,
    127,
    9,
    141,
    10,
    7,
    198,
    76,
    64,
    75,
    74,
    71,
    70,
    68,
    67,
    72,
    1,
    13,
    63,
    62,
    238,
    84,
    60,
    80
  ]
}