{
  "values": [
    8.3,
    8.2,
    19,
    2.997003,
    8.582834,
    1.2,
    3.3,
    10.1,
    6.393606,
    1.6,
    4.491018,
    5.2,
    0.69721115,
    2.0833333,
    3.5,
    15.3,
    1.6,
    1.089109,
    4.2957044,
    11.085714,
    1.3,
    3.1,
    1,
    6.4805584,
    6.04559,
    1.4,
    0.7992008,
    2.2977023,
    9.343936,
    5.894106,
    5.367793,
    1.7892644,
    0.4,
    1.3,
    8.8911085,
    1,
    4,
    2.2,
    5.2,
    3.5820897,
    0.2988048,
    5.7,
    7.0666666,
    4.6095953,
    1.8793274,
    1.1976048,
    3.8,
    12.687313,
    0.5,
    3.3663366,
    5.0495048,
    3.9682539,
    17.8,
    0.2991027,
    5.6,
    11.788212,
    15.9,
    3.8535645,
    3.2673268,
    16.285997,
    8.126859,
    5.2,
    2.5974026,
    2.7,
    2.5,
    8.6,
    6.2,
    6.786427,
    2.3,
    7.7,
    0.99601597,
    13.4,
    0.7,
    1.5,
    5.1485147,
    5.6,
    6.4870257,
    0.9,
    7.4,
    1.6949153,
    2.8971028,
    2.4,
    0.3,
    3.6926148,
    2.9,
    5.6,
    9.39061,
    1.6491754,
    1.0721247,
    5.4,
    4.0918164,
    3.2967033,
    7.1146245,
    1.6881827,
    1.996008,
    8.113392,
    5.1792827,
    1.3,
    7.9681277,
    0.4995005,
    1.2,
    6.3,
    16,
    3.2,
    7.5508227,
    5.4,
    6.4,
    4.9,
    1.1,
    5.9,
    7.8140454,
    5,
    0.19900498,
    2.7,
    10.4,
    0.2,
    8.0436945,
    2.6,
    0.5
  ],
  "years": [
    2021,
    2021,
    2021,
    2021,
    2021,
    2021,
    2021,
    2021,
    2021,
    2021,
    2021,
    2021,
    2021,
    2021,
    2021,
    2021,
    2021,
    2021,
    2021,
    2021,
    2021,
    2021,
    2021,
    2021,
    2021,
    2021,
    2021,
    2021,
    2021,
    2021,
    2021,
    2021,
    2021,
    2021,
    2021,
    2021,
    2021,
    2021,
    2021,
    2021,
    2021,
    2021,
    2021,
    2021,
    2021,
    2021,
    2021,
    2021,
    2021,
    2021,
    2021,
    2021,
    2021,
    2021,
    2021,
    2021,
    2021,
    2021,
    2021,
    2021,
    2021,
    2021,
    2021,
    2021,
    2021,
    2021,
    2021,
    2021,
    2021,
    2021,
    2021,
    2021,
    2021,
    2021,
    2021,
    2021,
    2021,
    2021,
    2021,
    2021,
    2021,
    2021,
    2021,
    2021,
    2021,
    2021,
    2021,
    2021,
    2021,
    2021,
    2021,
    2021,
    2021,
    2021,
    2021,
    2021,
    2021,
    2021,
    2021,
    2021,
    2021,
    2021,
    2021,
    2021,
    2021,
    2021,
    2021,
    2021,
    2021,
    2021,
    2021,
    2021,
    2021,
    2021,
    2021,
    2021,
    2021,
    2021,
    2021
  ],
  "entities": [
    15,
    16,
    17,
    21,
    22,
    23,
    24,
    28,
    4,
    32,
    34,
    35,
    37,
    39,
    40,
    42,
    43,
    44,
    172,
    171,
    170,
    166,
    143,
    165,
    163,
    161,
    160,
    201,
    65,
    259,
    156,
    155,
    3,
    153,
    152,
    6,
    150,
    149,
    147,
    139,
    144,
    138,
    137,
    136,
    135,
    134,
    2,
    133,
    8,
    132,
    14,
    130,
    131,
    129,
    379,
    126,
    125,
    122,
    124,
    119,
    116,
    115,
    212,
    213,
    113,
    111,
    112,
    110,
    109,
    142,
    108,
    107,
    5,
    106,
    105,
    103,
    66,
    102,
    101,
    100,
    98,
    97,
    96,
    11,
    95,
    366024,
    92,
    12,
    90,
    89,
    88,
    87,
    86,
    85,
    83,
    81,
    127,
    9,
    141,
    10,
    7,
    198,
    76,
    64,
    75,
    74,
    71,
    70,
    68,
    67,
    72,
    1,
    13,
    63,
    62,
    238,
    84,
    60,
    80
  ]
}