{
  "values": [
    0.08819061,
    0.09350672,
    0.094350345,
    0.041854467,
    0.010026938,
    0.011348869,
    0.010455908,
    0.008982454,
    0.007922516,
    0.002065424,
    0.010057966,
    0.009846545,
    0.008867201,
    0.003440952,
    0.00010412,
    0.002513232,
    0.001463359,
    0.003176606,
    0.008613742,
    0.011708102,
    0.007840543,
    0.01008872,
    0.004398432,
    0.003630274,
    0.002221967,
    0.0000697,
    0.12818435,
    0.090946496,
    0.05753873,
    0.019210286,
    0.003372451,
    0.023649326,
    0.024646206,
    0.031697422,
    0.025109489,
    0.01837502,
    0.016851306,
    0.00341962,
    0.0000046,
    0.00000231,
    4.64e-7,
    0.02717547,
    0.026593337,
    0.022632537,
    0.0030377,
    0.00000731,
    0.03351262,
    0.041339494,
    0.047824,
    0.005760084,
    0.001345649,
    0.0000467,
    0.000887125,
    0.000333042,
    0.000662263,
    0.00043654,
    1.3563777,
    1.1705301,
    1.1471224,
    0.13642219,
    0.013143494,
    0.01297383,
    0.01131443,
    0.002642467,
    0.001129255,
    0.015080903,
    0.012980135,
    0.003403195,
    0.007124591,
    0.006745751,
    0.0000663,
    5.28e-7,
    0.064847976,
    0.057704464,
    0.050928086,
    0.0346788,
    0.006415544,
    0.00836167,
    0.007995023,
    0.00170031,
    0.015783988,
    0.014200544,
    0.013140625,
    0.002187997,
    0.0000847,
    0.0000133,
    0.00000288,
    0.03217938,
    0.00306954,
    0.011696446,
    0.003889045,
    0.001575516,
    0.001039159,
    0.000803571,
    0.010780698,
    0.032758888,
    0.03670775,
    0.03754144,
    0.056748647,
    0.047300614,
    3.06e-7,
    0.000350579,
    0.000761095,
    4.58e-7
  ],
  "years": [
    2016,
    2017,
    2018,
    2019,
    2016,
    2017,
    2018,
    2019,
    2020,
    2021,
    2016,
    2017,
    2018,
    2019,
    2018,
    2021,
    2022,
    2018,
    2019,
    2020,
    2021,
    2022,
    2016,
    2017,
    2018,
    2020,
    2016,
    2017,
    2018,
    2019,
    2016,
    2020,
    2021,
    2022,
    2016,
    2017,
    2018,
    2019,
    2020,
    2021,
    2022,
    2016,
    2017,
    2018,
    2019,
    2021,
    2016,
    2017,
    2018,
    2019,
    2017,
    2018,
    2019,
    2020,
    2021,
    2022,
    2016,
    2017,
    2018,
    2019,
    2019,
    2020,
    2021,
    2022,
    2022,
    2017,
    2018,
    2019,
    2016,
    2017,
    2019,
    2020,
    2016,
    2017,
    2018,
    2019,
    2020,
    2021,
    2022,
    2022,
    2016,
    2017,
    2018,
    2019,
    2020,
    2021,
    2022,
    2016,
    2017,
    2021,
    2022,
    2016,
    2017,
    2018,
    2022,
    2016,
    2017,
    2018,
    2019,
    2020,
    2018,
    2017,
    2018,
    2019
  ],
  "entities": [
    22,
    22,
    22,
    22,
    28,
    28,
    28,
    28,
    28,
    28,
    30,
    30,
    30,
    30,
    40,
    144,
    144,
    170,
    170,
    170,
    170,
    170,
    3,
    3,
    3,
    3,
    152,
    152,
    152,
    152,
    138,
    135,
    135,
    135,
    8,
    8,
    8,
    8,
    8,
    8,
    8,
    122,
    122,
    122,
    122,
    122,
    119,
    119,
    119,
    119,
    115,
    115,
    115,
    115,
    115,
    115,
    215,
    215,
    215,
    215,
    107,
    107,
    107,
    107,
    217,
    11,
    11,
    11,
    92,
    92,
    92,
    92,
    12,
    12,
    12,
    12,
    12,
    12,
    12,
    91,
    9,
    9,
    9,
    9,
    9,
    9,
    9,
    76,
    76,
    76,
    76,
    71,
    71,
    71,
    68,
    67,
    67,
    67,
    67,
    67,
    1,
    64,
    64,
    64
  ]
}