{
  "values": [
    52.900246,
    55.557236,
    57.882885,
    45.559143,
    50.897594,
    53.01157,
    38.762486,
    31.258493,
    56.64592,
    58.188892,
    43.360527,
    39.587437,
    50.999348,
    34.638664,
    27.223469,
    19.621117,
    55.74023,
    57.292385,
    44.272484,
    48.37264,
    21.50377,
    24.16272,
    51.50309,
    30.274963,
    66.02759,
    49.408886,
    39.614746,
    21.921741,
    53.47335,
    63.32295,
    58.619587,
    32.69049,
    55.216595,
    24.947937,
    36.7417,
    33.377647,
    38.547153,
    29.499304,
    28.41555,
    54.584194,
    40.63467,
    19.316637,
    37.06176,
    45.39264,
    33.829544,
    28.108982,
    37.75445,
    37.094532,
    30.86312,
    37.17835,
    28.987442,
    33.04733,
    54.65995,
    21.861404,
    67.46069,
    36.629395,
    59.87053,
    26.93696,
    46.64826,
    49.490406,
    24.879023,
    32.963333,
    39.52102,
    29.565474,
    26.342905,
    45.027946,
    27.776077,
    30.225277,
    21.057005,
    41.691597,
    28.026682,
    21.741394,
    30.683977,
    25.896503,
    50.417786,
    39.354237,
    26.965807,
    25.023684,
    49.40815,
    44.8051,
    26.875534,
    24.285688,
    39.83624,
    21.740845,
    35.11682,
    34.59019,
    26.827843,
    35.06906,
    57.0196,
    35.668785,
    31.248861,
    52.798367,
    49.570145,
    42.409412,
    25.139547,
    51.810017,
    58.018898,
    35.917877,
    44.743523,
    43.68244,
    53.59103,
    35.82805,
    53.364937,
    21.36633,
    62.0248,
    30.92182,
    59.416096,
    44.361748,
    47.52108,
    29.170517,
    55.369904,
    49.867603,
    33.06582,
    25.01338,
    45.444027,
    56.004036,
    50.503376,
    61.4552,
    33.21125,
    25.521631,
    46.58189,
    31.470758,
    28.194563,
    28.215921
  ],
  "years": [
    2020,
    2020,
    2020,
    2020,
    2020,
    2020,
    2020,
    2020,
    2020,
    2020,
    2020,
    2020,
    2020,
    2020,
    2020,
    2020,
    2020,
    2020,
    2020,
    2020,
    2020,
    2020,
    2020,
    2020,
    2020,
    2020,
    2020,
    2020,
    2020,
    2020,
    2020,
    2020,
    2020,
    2020,
    2020,
    2020,
    2020,
    2020,
    2020,
    2020,
    2020,
    2020,
    2020,
    2020,
    2020,
    2020,
    2020,
    2020,
    2020,
    2020,
    2020,
    2020,
    2020,
    2020,
    2020,
    2020,
    2020,
    2020,
    2020,
    2020,
    2020,
    2020,
    2020,
    2020,
    2020,
    2020,
    2020,
    2020,
    2020,
    2020,
    2020,
    2020,
    2020,
    2020,
    2020,
    2020,
    2020,
    2020,
    2020,
    2020,
    2020,
    2020,
    2020,
    2020,
    2020,
    2020,
    2020,
    2020,
    2020,
    2020,
    2020,
    2020,
    2020,
    2020,
    2020,
    2020,
    2020,
    2020,
    2020,
    2020,
    2020,
    2020,
    2020,
    2020,
    2020,
    2020,
    2020,
    2020,
    2020,
    2020,
    2020,
    2020,
    2020,
    2020,
    2020,
    2020,
    2020,
    2020,
    2020,
    2020,
    2020,
    2020,
    2020,
    2020
  ],
  "entities": [
    1,
    2,
    3,
    4,
    5,
    6,
    7,
    8,
    9,
    10,
    11,
    12,
    13,
    14,
    16,
    17,
    21,
    23,
    24,
    27,
    28,
    32,
    34,
    35,
    37,
    39,
    40,
    42,
    43,
    44,
    60,
    62,
    63,
    64,
    65,
    66,
    67,
    68,
    70,
    71,
    72,
    75,
    76,
    80,
    81,
    83,
    84,
    85,
    88,
    89,
    90,
    92,
    95,
    96,
    97,
    98,
    102,
    103,
    105,
    106,
    107,
    108,
    110,
    111,
    112,
    113,
    115,
    116,
    119,
    122,
    124,
    125,
    126,
    127,
    129,
    130,
    131,
    133,
    134,
    135,
    136,
    137,
    138,
    141,
    142,
    143,
    144,
    147,
    149,
    150,
    152,
    153,
    155,
    156,
    158,
    160,
    161,
    162,
    163,
    165,
    166,
    168,
    170,
    171,
    172,
    198,
    201,
    212,
    213,
    215,
    238,
    259,
    273,
    275,
    276,
    277,
    294,
    295,
    355,
    379,
    457,
    459,
    460,
    461
  ]
}