{
  "values": [
    44.121525,
    50.36132,
    56.55137,
    39.687542,
    53.0354,
    51.284756,
    40.802155,
    33.439823,
    52.96536,
    48.909317,
    27.343786,
    34.63704,
    45.044975,
    28.72935,
    28.79551,
    22.120207,
    50.632126,
    44.94316,
    39.861782,
    44.437313,
    24.238043,
    22.910837,
    54.05288,
    28.17193,
    57.77725,
    44.63573,
    39.923477,
    22.522648,
    51.61794,
    53.222187,
    56.150562,
    26.28047,
    46.09575,
    37.58776,
    34.30716,
    36.542896,
    33.565063,
    32.153244,
    29.68922,
    48.355824,
    36.541203,
    17.156158,
    34.646244,
    44.666897,
    34.056484,
    25.845514,
    42.128773,
    31.47514,
    27.764238,
    39.8869,
    45.712708,
    32.4489,
    45.990276,
    25.406168,
    63.967937,
    37.3558,
    43.627884,
    28.626629,
    54.38649,
    49.902866,
    27.339018,
    32.945305,
    36.1738,
    29.4572,
    24.216543,
    42.378834,
    29.573105,
    34.25184,
    14.235024,
    35.06312,
    28.041895,
    20.534145,
    23.978306,
    21.63784,
    49.563995,
    39.505974,
    24.75091,
    22.267426,
    51.243725,
    38.46382,
    31.360445,
    28.331059,
    34.70494,
    20.57439,
    29.814331,
    39.701694,
    14.299225,
    36.80816,
    44.88587,
    36.16109,
    34.25937,
    40.57497,
    30.98552,
    32.334236,
    24.624115,
    51.20552,
    48.276558,
    34.672577,
    38.70458,
    36.157993,
    50.721413,
    42.871227,
    49.103897,
    22.383965,
    59.45154,
    25.190275,
    53.797943,
    42.91281,
    47.081123,
    27.835796,
    65.02194,
    47.39395,
    33.893734,
    26.673529,
    41.344257,
    45.72541,
    45.401093,
    56.405186,
    32.413044,
    26.363358,
    41.52577,
    29.966784,
    30.469349,
    28.686462
  ],
  "years": [
    2020,
    2020,
    2020,
    2020,
    2020,
    2020,
    2020,
    2020,
    2020,
    2020,
    2020,
    2020,
    2020,
    2020,
    2020,
    2020,
    2020,
    2020,
    2020,
    2020,
    2020,
    2020,
    2020,
    2020,
    2020,
    2020,
    2020,
    2020,
    2020,
    2020,
    2020,
    2020,
    2020,
    2020,
    2020,
    2020,
    2020,
    2020,
    2020,
    2020,
    2020,
    2020,
    2020,
    2020,
    2020,
    2020,
    2020,
    2020,
    2020,
    2020,
    2020,
    2020,
    2020,
    2020,
    2020,
    2020,
    2020,
    2020,
    2020,
    2020,
    2020,
    2020,
    2020,
    2020,
    2020,
    2020,
    2020,
    2020,
    2020,
    2020,
    2020,
    2020,
    2020,
    2020,
    2020,
    2020,
    2020,
    2020,
    2020,
    2020,
    2020,
    2020,
    2020,
    2020,
    2020,
    2020,
    2020,
    2020,
    2020,
    2020,
    2020,
    2020,
    2020,
    2020,
    2020,
    2020,
    2020,
    2020,
    2020,
    2020,
    2020,
    2020,
    2020,
    2020,
    2020,
    2020,
    2020,
    2020,
    2020,
    2020,
    2020,
    2020,
    2020,
    2020,
    2020,
    2020,
    2020,
    2020,
    2020,
    2020,
    2020,
    2020,
    2020,
    2020
  ],
  "entities": [
    1,
    2,
    3,
    4,
    5,
    6,
    7,
    8,
    9,
    10,
    11,
    12,
    13,
    14,
    16,
    17,
    21,
    23,
    24,
    27,
    28,
    32,
    34,
    35,
    37,
    39,
    40,
    42,
    43,
    44,
    60,
    62,
    63,
    64,
    65,
    66,
    67,
    68,
    70,
    71,
    72,
    75,
    76,
    80,
    81,
    83,
    84,
    85,
    88,
    89,
    90,
    92,
    95,
    96,
    97,
    98,
    102,
    103,
    105,
    106,
    107,
    108,
    110,
    111,
    112,
    113,
    115,
    116,
    119,
    122,
    124,
    125,
    126,
    127,
    129,
    130,
    131,
    133,
    134,
    135,
    136,
    137,
    138,
    141,
    142,
    143,
    144,
    147,
    149,
    150,
    152,
    153,
    155,
    156,
    158,
    160,
    161,
    162,
    163,
    165,
    166,
    168,
    170,
    171,
    172,
    198,
    201,
    212,
    213,
    215,
    238,
    259,
    273,
    275,
    276,
    277,
    294,
    295,
    355,
    379,
    457,
    459,
    460,
    461
  ]
}