{
  "values": [
    30.269127,
    8.042049,
    5.5143366,
    17.553774,
    8.267366,
    6.3708005,
    49.26925,
    31.640013,
    11.270244,
    24.398169,
    53.502895,
    8.853578,
    24.46886,
    50.650677,
    34.48151,
    26.024406,
    33.448235,
    42.01649,
    31.934525,
    33.00248,
    20.101957,
    51.30945,
    30.390999,
    13.371624,
    59.001286,
    47.317062,
    37.765503,
    15.467589,
    45.02998,
    27.123953,
    33.23438,
    38.446136,
    33.85601,
    17.790426,
    28.992828,
    45.156998,
    26.518433,
    48.90379,
    33.674904,
    25.583342,
    27.36967,
    28.083445,
    15.206528,
    41.01193,
    19.956032,
    27.929466,
    10.618649,
    20.208447,
    28.044264,
    18.131172,
    19.623564,
    40.912346,
    37.402275,
    44.10121,
    54.15069,
    30.13118,
    20.615942,
    13.884815,
    40.43012,
    36.612034,
    34.65228,
    30.162937,
    36.439762,
    13.025623,
    30.013594,
    28.347052,
    9.124729,
    22.687958,
    15.076739,
    10.880206,
    25.287384,
    42.030342,
    29.327282,
    30.731562,
    29.677765,
    36.63797,
    30.364437,
    41.694504,
    31.599062,
    26.536474,
    28.962864,
    60.831467,
    47.29543,
    24.889244,
    43.74939,
    8.536752,
    35.607323,
    36.365948,
    49.14321,
    39.417385,
    39.31787,
    40.952103,
    43.602333,
    27.519547,
    30.19215,
    39.8372,
    55.07387,
    14.317233,
    31.791555,
    32.581615,
    31.168343,
    22.981834,
    30.920456,
    40.595917,
    22.860378,
    38.830627,
    16.948254,
    7.2863946,
    17.474754,
    32.66927,
    12.000717,
    23.09339,
    28.532885,
    30.634066,
    25.934032,
    28.115084,
    31.592644,
    28.025215,
    27.481066,
    32.42478,
    20.828072,
    34.787266,
    22.636457
  ],
  "years": [
    2020,
    2020,
    2020,
    2020,
    2020,
    2020,
    2020,
    2020,
    2020,
    2020,
    2020,
    2020,
    2020,
    2020,
    2020,
    2020,
    2020,
    2020,
    2020,
    2020,
    2020,
    2020,
    2020,
    2020,
    2020,
    2020,
    2020,
    2020,
    2020,
    2020,
    2020,
    2020,
    2020,
    2020,
    2020,
    2020,
    2020,
    2020,
    2020,
    2020,
    2020,
    2020,
    2020,
    2020,
    2020,
    2020,
    2020,
    2020,
    2020,
    2020,
    2020,
    2020,
    2020,
    2020,
    2020,
    2020,
    2020,
    2020,
    2020,
    2020,
    2020,
    2020,
    2020,
    2020,
    2020,
    2020,
    2020,
    2020,
    2020,
    2020,
    2020,
    2020,
    2020,
    2020,
    2020,
    2020,
    2020,
    2020,
    2020,
    2020,
    2020,
    2020,
    2020,
    2020,
    2020,
    2020,
    2020,
    2020,
    2020,
    2020,
    2020,
    2020,
    2020,
    2020,
    2020,
    2020,
    2020,
    2020,
    2020,
    2020,
    2020,
    2020,
    2020,
    2020,
    2020,
    2020,
    2020,
    2020,
    2020,
    2020,
    2020,
    2020,
    2020,
    2020,
    2020,
    2020,
    2020,
    2020,
    2020,
    2020,
    2020,
    2020,
    2020
  ],
  "entities": [
    13,
    65,
    110,
    124,
    90,
    130,
    70,
    136,
    28,
    1,
    3,
    6,
    5,
    4,
    9,
    8,
    11,
    138,
    162,
    92,
    10,
    149,
    161,
    135,
    144,
    14,
    171,
    137,
    238,
    37,
    113,
    103,
    129,
    64,
    133,
    150,
    68,
    32,
    81,
    44,
    23,
    96,
    141,
    84,
    75,
    42,
    125,
    142,
    106,
    158,
    115,
    89,
    60,
    127,
    198,
    152,
    131,
    126,
    111,
    12,
    67,
    40,
    43,
    80,
    166,
    16,
    17,
    21,
    24,
    27,
    34,
    35,
    39,
    172,
    170,
    168,
    165,
    163,
    160,
    201,
    259,
    156,
    155,
    153,
    147,
    134,
    2,
    143,
    122,
    119,
    66,
    116,
    212,
    213,
    112,
    215,
    108,
    107,
    105,
    102,
    98,
    97,
    95,
    88,
    85,
    83,
    7,
    71,
    72,
    63,
    62,
    379,
    355,
    294,
    273,
    275,
    276,
    295,
    277,
    457,
    460,
    459,
    461
  ]
}