{
  "values": [
    30.964119,
    25.580381,
    55.595814,
    44.149574,
    26.296228,
    10.867387,
    17.55381,
    26.867035,
    33.908173,
    22.740652,
    37.076504,
    34.636944,
    38.268513,
    46.918503,
    26.787529,
    13.632193,
    30.119781,
    34.35292,
    9.118176,
    11.031384,
    16.476986,
    50.812363,
    28.137053,
    49.842644,
    27.73543,
    31.62708,
    34.158455,
    23.600714,
    46.925247,
    34.832066,
    37.75887,
    17.055094,
    34.001278,
    18.155714,
    6.2397633,
    40.400856,
    32.84825,
    24.422878,
    36.35759,
    10.804328,
    17.011232,
    22.56671,
    16.25035,
    37.809036,
    23.458582,
    29.264662,
    17.860544,
    32.968185,
    41.21823,
    6.8724785,
    35.735733,
    37.825615,
    28.98032,
    22.574873,
    36.064278,
    43.240982,
    42.00424,
    26.115927,
    34.830353,
    11.138495,
    52.554665,
    6.1554418,
    37.64489,
    27.167551,
    31.069124,
    22.760347,
    37.546543,
    32.662907,
    38.71352,
    18.612715,
    16.665663,
    14.359293,
    44.884167,
    33.18143,
    7.588861,
    22.328264,
    32.46617,
    10.040452,
    15.431086,
    33.546677,
    17.763678,
    42.42004,
    14.492253,
    16.886364,
    40.212452,
    45.868176,
    31.931433,
    48.73287,
    46.86176,
    32.198086,
    27.500248,
    57.762074,
    56.30175,
    18.265055,
    35.479473,
    28.740353,
    29.011911,
    45.18964,
    34.791348,
    32.7102,
    30.98957,
    33.42697,
    28.89823,
    32.82121,
    50.910717,
    21.56232,
    44.678345,
    23.2312,
    42.19339,
    44.599415,
    32.854927,
    27.31385,
    25.107258,
    32.500786,
    34.42822,
    36.117657,
    29.531935,
    27.313831,
    27.54398,
    35.55642,
    29.342997,
    21.890553,
    22.16336
  ],
  "years": [
    2020,
    2020,
    2020,
    2020,
    2020,
    2020,
    2020,
    2020,
    2020,
    2020,
    2020,
    2020,
    2020,
    2020,
    2020,
    2020,
    2020,
    2020,
    2020,
    2020,
    2020,
    2020,
    2020,
    2020,
    2020,
    2020,
    2020,
    2020,
    2020,
    2020,
    2020,
    2020,
    2020,
    2020,
    2020,
    2020,
    2020,
    2020,
    2020,
    2020,
    2020,
    2020,
    2020,
    2020,
    2020,
    2020,
    2020,
    2020,
    2020,
    2020,
    2020,
    2020,
    2020,
    2020,
    2020,
    2020,
    2020,
    2020,
    2020,
    2020,
    2020,
    2020,
    2020,
    2020,
    2020,
    2020,
    2020,
    2020,
    2020,
    2020,
    2020,
    2020,
    2020,
    2020,
    2020,
    2020,
    2020,
    2020,
    2020,
    2020,
    2020,
    2020,
    2020,
    2020,
    2020,
    2020,
    2020,
    2020,
    2020,
    2020,
    2020,
    2020,
    2020,
    2020,
    2020,
    2020,
    2020,
    2020,
    2020,
    2020,
    2020,
    2020,
    2020,
    2020,
    2020,
    2020,
    2020,
    2020,
    2020,
    2020,
    2020,
    2020,
    2020,
    2020,
    2020,
    2020,
    2020,
    2020,
    2020,
    2020,
    2020,
    2020,
    2020
  ],
  "entities": [
    1,
    2,
    3,
    4,
    5,
    6,
    7,
    8,
    9,
    10,
    11,
    12,
    13,
    14,
    16,
    17,
    21,
    23,
    24,
    27,
    28,
    32,
    34,
    35,
    37,
    39,
    40,
    42,
    43,
    44,
    60,
    62,
    63,
    64,
    65,
    66,
    67,
    68,
    70,
    71,
    72,
    75,
    80,
    81,
    83,
    84,
    85,
    88,
    89,
    90,
    92,
    95,
    96,
    97,
    98,
    102,
    103,
    105,
    106,
    107,
    108,
    110,
    111,
    112,
    113,
    115,
    116,
    119,
    122,
    124,
    125,
    126,
    127,
    129,
    130,
    131,
    133,
    134,
    135,
    136,
    137,
    138,
    141,
    142,
    143,
    144,
    147,
    149,
    150,
    152,
    153,
    155,
    156,
    158,
    160,
    161,
    162,
    163,
    165,
    166,
    168,
    170,
    171,
    172,
    198,
    201,
    212,
    213,
    215,
    238,
    259,
    273,
    275,
    276,
    277,
    294,
    295,
    355,
    379,
    457,
    459,
    460,
    461
  ]
}