{
  "values": [
    24.398169,
    35.607323,
    53.502895,
    50.650677,
    24.46886,
    8.853578,
    16.948254,
    26.024406,
    34.48151,
    20.101957,
    33.448235,
    36.612034,
    30.269127,
    47.317062,
    28.347052,
    9.124729,
    22.687958,
    27.36967,
    15.076739,
    10.880206,
    11.270244,
    48.90379,
    25.287384,
    42.030342,
    27.123953,
    29.327282,
    30.162937,
    27.929466,
    36.439762,
    25.583342,
    37.402275,
    12.000717,
    32.66927,
    17.790426,
    8.042049,
    39.31787,
    34.65228,
    26.518433,
    49.26925,
    7.2863946,
    17.474754,
    19.956032,
    13.025623,
    33.674904,
    38.830627,
    41.01193,
    22.860378,
    40.595917,
    40.912346,
    8.267366,
    33.00248,
    30.920456,
    28.083445,
    22.981834,
    31.168343,
    32.581615,
    38.446136,
    31.791555,
    28.044264,
    14.317233,
    55.07387,
    5.5143366,
    40.43012,
    30.19215,
    33.23438,
    19.623564,
    40.952103,
    39.417385,
    49.14321,
    17.553774,
    10.618649,
    13.884815,
    44.10121,
    33.85601,
    6.3708005,
    20.615942,
    28.992828,
    8.536752,
    13.371624,
    31.640013,
    15.467589,
    42.01649,
    15.206528,
    20.208447,
    36.365948,
    59.001286,
    43.74939,
    51.30945,
    45.156998,
    30.13118,
    24.889244,
    47.29543,
    60.831467,
    18.131172,
    31.599062,
    30.390999,
    31.934525,
    41.694504,
    30.364437,
    30.013594,
    36.63797,
    29.677765,
    37.765503,
    30.731562,
    54.15069,
    26.536474,
    43.602333,
    27.519547,
    39.8372,
    45.02998,
    28.962864,
    25.934032,
    28.115084,
    31.592644,
    27.481066,
    30.634066,
    28.025215,
    28.532885,
    23.09339,
    32.42478,
    34.787266,
    20.828072,
    22.636457
  ],
  "years": [
    2020,
    2020,
    2020,
    2020,
    2020,
    2020,
    2020,
    2020,
    2020,
    2020,
    2020,
    2020,
    2020,
    2020,
    2020,
    2020,
    2020,
    2020,
    2020,
    2020,
    2020,
    2020,
    2020,
    2020,
    2020,
    2020,
    2020,
    2020,
    2020,
    2020,
    2020,
    2020,
    2020,
    2020,
    2020,
    2020,
    2020,
    2020,
    2020,
    2020,
    2020,
    2020,
    2020,
    2020,
    2020,
    2020,
    2020,
    2020,
    2020,
    2020,
    2020,
    2020,
    2020,
    2020,
    2020,
    2020,
    2020,
    2020,
    2020,
    2020,
    2020,
    2020,
    2020,
    2020,
    2020,
    2020,
    2020,
    2020,
    2020,
    2020,
    2020,
    2020,
    2020,
    2020,
    2020,
    2020,
    2020,
    2020,
    2020,
    2020,
    2020,
    2020,
    2020,
    2020,
    2020,
    2020,
    2020,
    2020,
    2020,
    2020,
    2020,
    2020,
    2020,
    2020,
    2020,
    2020,
    2020,
    2020,
    2020,
    2020,
    2020,
    2020,
    2020,
    2020,
    2020,
    2020,
    2020,
    2020,
    2020,
    2020,
    2020,
    2020,
    2020,
    2020,
    2020,
    2020,
    2020,
    2020,
    2020,
    2020,
    2020,
    2020,
    2020
  ],
  "entities": [
    1,
    2,
    3,
    4,
    5,
    6,
    7,
    8,
    9,
    10,
    11,
    12,
    13,
    14,
    16,
    17,
    21,
    23,
    24,
    27,
    28,
    32,
    34,
    35,
    37,
    39,
    40,
    42,
    43,
    44,
    60,
    62,
    63,
    64,
    65,
    66,
    67,
    68,
    70,
    71,
    72,
    75,
    80,
    81,
    83,
    84,
    85,
    88,
    89,
    90,
    92,
    95,
    96,
    97,
    98,
    102,
    103,
    105,
    106,
    107,
    108,
    110,
    111,
    112,
    113,
    115,
    116,
    119,
    122,
    124,
    125,
    126,
    127,
    129,
    130,
    131,
    133,
    134,
    135,
    136,
    137,
    138,
    141,
    142,
    143,
    144,
    147,
    149,
    150,
    152,
    153,
    155,
    156,
    158,
    160,
    161,
    162,
    163,
    165,
    166,
    168,
    170,
    171,
    172,
    198,
    201,
    212,
    213,
    215,
    238,
    259,
    273,
    275,
    276,
    277,
    294,
    295,
    355,
    379,
    457,
    459,
    460,
    461
  ]
}