{
  "values": [
    0.01642155,
    0.10320096,
    0.05742352,
    0.07045341,
    0.07606765,
    0.058412123,
    0.15334332,
    0.052095957,
    0.05741645,
    0.059281573,
    0.053688563,
    0.05840387,
    0.06911916,
    0.06267795,
    0.050983492,
    0.055465203,
    0.057786874,
    0.060108542,
    0.052803785,
    0.05088086,
    0.06677391,
    0.051293757,
    0.046546604,
    0.036962647,
    0.04631302,
    0.051175788,
    0.08639718,
    0.17104368,
    0.1886001,
    0.23046207,
    0.19722849,
    0.28188914,
    0.2454267,
    0.34512627,
    0.6245474,
    0.7772066,
    1.335865,
    2.1618052,
    9.380458,
    15.336787,
    19.99837,
    19.149157,
    19.960875,
    17.492643,
    19.811752,
    23.899952,
    27.112844,
    28.075008,
    24.481207,
    31.875353,
    48.150993,
    56.041817,
    72.1767,
    66.98713,
    67.8081,
    52.467693,
    42.02417,
    43.164165,
    47.516563,
    44.063805,
    29.409933,
    21.513733,
    25.668991,
    20.085474,
    87.053345,
    48.307,
    31.235,
    26.268,
    28.393,
    29.442,
    36.83,
    29.82,
    31.7,
    22.75,
    16.7,
    22.83,
    19.15,
    12.41,
    13.8,
    14.32,
    14.06,
    11.77,
    11.71,
    11.49,
    10.93,
    12.52,
    14.04,
    12.37,
    13.93,
    12.88,
    10.5,
    8.85,
    9.26,
    8.36,
    8.69,
    9.41,
    10.64,
    9.71,
    10.2,
    11.18,
    11.96,
    11.18,
    8.72,
    8.45,
    9.23
  ],
  "years": [
    1920,
    1921,
    1922,
    1923,
    1924,
    1925,
    1926,
    1927,
    1928,
    1929,
    1930,
    1931,
    1932,
    1933,
    1934,
    1935,
    1936,
    1937,
    1938,
    1939,
    1940,
    1941,
    1942,
    1943,
    1944,
    1945,
    1946,
    1947,
    1948,
    1949,
    1950,
    1951,
    1952,
    1953,
    1954,
    1955,
    1956,
    1957,
    1958,
    1959,
    1960,
    1961,
    1962,
    1963,
    1964,
    1965,
    1966,
    1967,
    1968,
    1969,
    1970,
    1971,
    1972,
    1973,
    1974,
    1975,
    1976,
    1977,
    1978,
    1979,
    1980,
    1981,
    1982,
    1983,
    1984,
    1985,
    1986,
    1987,
    1988,
    1989,
    1990,
    1991,
    1992,
    1993,
    1994,
    1995,
    1996,
    1997,
    1998,
    1999,
    2000,
    2001,
    2002,
    2003,
    2004,
    2005,
    2006,
    2007,
    2008,
    2009,
    2010,
    2011,
    2012,
    2013,
    2014,
    2015,
    2016,
    2017,
    2018,
    2019,
    2020,
    2021,
    2022,
    2023,
    2024
  ],
  "entities": [
    1,
    1,
    1,
    1,
    1,
    1,
    1,
    1,
    1,
    1,
    1,
    1,
    1,
    1,
    1,
    1,
    1,
    1,
    1,
    1,
    1,
    1,
    1,
    1,
    1,
    1,
    1,
    1,
    1,
    1,
    1,
    1,
    1,
    1,
    1,
    1,
    1,
    1,
    1,
    1,
    1,
    1,
    1,
    1,
    1,
    1,
    1,
    1,
    1,
    1,
    1,
    1,
    1,
    1,
    1,
    1,
    1,
    1,
    1,
    1,
    1,
    1,
    1,
    1,
    1,
    1,
    1,
    1,
    1,
    1,
    1,
    1,
    1,
    1,
    1,
    1,
    1,
    1,
    1,
    1,
    1,
    1,
    1,
    1,
    1,
    1,
    1,
    1,
    1,
    1,
    1,
    1,
    1,
    1,
    1,
    1,
    1,
    1,
    1,
    1,
    1,
    1,
    1,
    1,
    1
  ]
}