{
  "values": [
    81.83334,
    27.49004,
    49.24061,
    54.01668,
    58.47158,
    71.70726,
    28.38038,
    28.56451,
    17.94603,
    78,
    27.41858,
    82.68021,
    83.06001,
    77.42464,
    35.46674,
    43.9,
    37.35859,
    2.905526,
    0.8382987,
    84.45767,
    87.89474,
    51.45313,
    69.39793,
    13.84043,
    82.61231,
    82.87385,
    96.58333,
    12.43124,
    94.87804,
    60.64892,
    35.27534,
    30.2356,
    95.49314,
    66.38684,
    73.23027,
    95.36799,
    17.5,
    18.62026,
    67.80285,
    68.39085,
    95.28895,
    80.92062,
    82.66666,
    84.08333,
    25.62423,
    24.98152,
    96.08333,
    86.9493,
    23.75254,
    35.18809,
    93.28063,
    62.4,
    68.31966,
    77,
    80.91666,
    86.29034,
    97.57526,
    15.75342,
    84.23077,
    79.74105,
    93.54528,
    72.95,
    71.85281,
    17.77601,
    79.91667,
    80.91666,
    83.25,
    28.49632,
    22.98106,
    34.95838,
    29.55426,
    76.25,
    96.26999,
    98.36784,
    45.82655,
    89.22249,
    89.82456,
    90.5,
    68.09454,
    66.59418,
    95.1619,
    92.35546,
    63.24451,
    85.71429,
    77.69868,
    65.16406,
    22.24562,
    26.96449,
    73.73936,
    28.73563,
    55.25953,
    53.12474,
    41.46434,
    22.45089,
    73.5845,
    37.94956,
    18.95582,
    20.16996,
    18.2879,
    38.48972,
    34.76825,
    67.58334,
    36.19042,
    41.3532,
    96.7968,
    67.21992,
    76.47548,
    80.14697,
    71.04391,
    38.52495,
    38.95954,
    24.1242,
    65.03515,
    62.28442,
    34,
    40.5625,
    20.4,
    72.62895,
    71.17647,
    11.58333,
    48.3,
    86.24176,
    94.15638
  ],
  "years": [
    2014,
    2022,
    2014,
    2022,
    2014,
    2022,
    2014,
    2022,
    2014,
    2022,
    2014,
    2022,
    2014,
    2022,
    2022,
    2014,
    2022,
    2014,
    2022,
    2014,
    2022,
    2014,
    2022,
    2022,
    2014,
    2022,
    2022,
    2014,
    2022,
    2014,
    2014,
    2022,
    2014,
    2022,
    2022,
    2014,
    2014,
    2022,
    2014,
    2022,
    2022,
    2022,
    2014,
    2022,
    2014,
    2022,
    2014,
    2022,
    2014,
    2022,
    2022,
    2014,
    2022,
    2014,
    2022,
    2014,
    2022,
    2022,
    2014,
    2022,
    2022,
    2014,
    2022,
    2022,
    2014,
    2022,
    2022,
    2014,
    2022,
    2014,
    2022,
    2022,
    2014,
    2022,
    2022,
    2014,
    2022,
    2014,
    2014,
    2022,
    2014,
    2022,
    2014,
    2022,
    2014,
    2022,
    2014,
    2022,
    2014,
    2022,
    2014,
    2022,
    2022,
    2014,
    2014,
    2014,
    2022,
    2014,
    2014,
    2014,
    2022,
    2022,
    2014,
    2022,
    2014,
    2014,
    2022,
    2014,
    2022,
    2014,
    2022,
    2022,
    2014,
    2022,
    2014,
    2022,
    2014,
    2022,
    2022,
    2022,
    2014,
    2014,
    2022
  ],
  "entities": [
    17,
    18,
    21,
    21,
    22,
    22,
    23,
    23,
    25,
    28,
    30,
    34,
    37,
    37,
    44,
    172,
    172,
    171,
    171,
    170,
    170,
    163,
    163,
    162,
    201,
    201,
    65,
    156,
    158,
    152,
    6,
    6,
    150,
    149,
    148,
    145,
    144,
    144,
    137,
    137,
    136,
    135,
    134,
    134,
    14,
    14,
    130,
    130,
    131,
    131,
    129,
    126,
    126,
    124,
    124,
    120,
    120,
    262,
    116,
    116,
    211,
    113,
    113,
    112,
    110,
    110,
    142,
    5,
    5,
    106,
    106,
    105,
    103,
    103,
    357,
    101,
    101,
    140,
    97,
    97,
    96,
    96,
    11,
    93,
    92,
    92,
    12,
    12,
    91,
    88,
    86,
    86,
    85,
    83,
    81,
    127,
    127,
    9,
    10,
    198,
    198,
    76,
    75,
    75,
    73,
    71,
    71,
    70,
    70,
    67,
    67,
    1,
    13,
    13,
    63,
    63,
    62,
    62,
    238,
    84,
    61,
    80,
    80
  ]
}