{
  "values": [
    15.0369,
    75.45639,
    57.73508,
    60.18519,
    55.65388,
    54.86816,
    14.36364,
    26.09054,
    74.1889,
    71.23675,
    79.0277,
    35.32934,
    29.95816,
    40.39088,
    32.50849,
    50.43536,
    57.6741,
    53.204,
    39.06094,
    53.50233,
    77.55102,
    80.51269,
    33.33334,
    41.17054,
    34.91903,
    10.80262,
    14.56446,
    20.32656,
    36.9102,
    28.75166,
    34.01316,
    32.79314,
    30,
    28.92057,
    49.24623,
    34.55454,
    20.95159,
    38.13115,
    39.33027,
    51.08514,
    39.17323,
    37.70833,
    55.4109,
    74.3818,
    77.00205,
    33.73575,
    38.63447,
    36.88402,
    49.44613,
    57.89474,
    52.68676,
    43.81443,
    20.36882,
    43.90651,
    56.38789,
    48.79276,
    49.75822,
    63.47305,
    41.75,
    50,
    38.31071,
    32.27017,
    64.50954,
    32.83334,
    41.16162,
    37.16904,
    10.11052,
    13.2935,
    31.73653,
    39.16667,
    51.62095,
    46.33333,
    38.9065,
    46.98891,
    39.10307,
    23.63151,
    29.75692,
    48.41666,
    46.5,
    18.97776,
    28.10403,
    41.15913,
    35.55371,
    33.53846,
    50.26656,
    23.2581,
    66.37466,
    31.98433,
    28.17043,
    30.17241,
    25.23901,
    32.23443,
    22.54987,
    22.6431,
    30.83333,
    29.33333,
    43.11558,
    39.69344,
    70.59724,
    32.1663,
    64.39689,
    35.66666,
    44.34338,
    42.54457,
    84.49438,
    78.56441,
    25.54622,
    31.52064,
    17.2,
    25.89532,
    14.41667,
    21.32089,
    33.66667,
    39.83334,
    47.84785,
    48.28661,
    61.91756,
    51.70778,
    27.51716,
    20.40678,
    27.42582,
    31.1255,
    37.53066,
    35.68258,
    66.91078,
    39.01639,
    41.88615,
    48.30262,
    59.73631,
    50.35824,
    47.81145,
    25.64356,
    25.19157,
    61.01071,
    53.83744,
    41.33333,
    43.45638,
    25.94377,
    41.14584,
    46.35645,
    88.38912,
    79.79275,
    68.07279,
    46.12245,
    51.78282,
    54.94685,
    14.25,
    28.71157,
    20.70707,
    35.98383,
    61.61617,
    59.05906,
    10.29046,
    32.41666,
    26.43764,
    35.21657,
    32.8352,
    31.28259,
    46.33333,
    39.85959,
    70.13528,
    81.05386,
    81.37988,
    72.95082,
    74.42585,
    57.35141,
    39.32238,
    42.94804,
    19.55151,
    36.80672,
    25.50607,
    40.33333,
    10.7,
    38.33561,
    37.06667,
    53.91591
  ],
  "years": [
    2014,
    2009,
    2022,
    2009,
    2014,
    2022,
    2014,
    2022,
    2009,
    2014,
    2022,
    2014,
    2022,
    2014,
    2022,
    2009,
    2014,
    2022,
    2009,
    2009,
    2009,
    2022,
    2009,
    2014,
    2022,
    2009,
    2014,
    2022,
    2009,
    2014,
    2022,
    2009,
    2014,
    2022,
    2022,
    2014,
    2022,
    2009,
    2014,
    2022,
    2014,
    2009,
    2022,
    2009,
    2009,
    2009,
    2014,
    2009,
    2014,
    2022,
    2009,
    2014,
    2022,
    2022,
    2014,
    2014,
    2022,
    2009,
    2009,
    2014,
    2009,
    2022,
    2022,
    2014,
    2022,
    2009,
    2014,
    2022,
    2009,
    2014,
    2022,
    2014,
    2022,
    2022,
    2014,
    2014,
    2022,
    2014,
    2022,
    2014,
    2022,
    2022,
    2009,
    2014,
    2022,
    2022,
    2009,
    2009,
    2014,
    2022,
    2009,
    2022,
    2009,
    2014,
    2022,
    2022,
    2009,
    2014,
    2022,
    2009,
    2022,
    2022,
    2014,
    2022,
    2022,
    2009,
    2014,
    2022,
    2014,
    2009,
    2014,
    2022,
    2014,
    2022,
    2009,
    2014,
    2022,
    2014,
    2009,
    2014,
    2022,
    2009,
    2014,
    2022,
    2009,
    2014,
    2009,
    2022,
    2014,
    2022,
    2022,
    2009,
    2014,
    2009,
    2014,
    2009,
    2014,
    2022,
    2009,
    2014,
    2009,
    2014,
    2009,
    2009,
    2014,
    2022,
    2022,
    2009,
    2014,
    2022,
    2009,
    2014,
    2014,
    2022,
    2009,
    2014,
    2022,
    2009,
    2014,
    2022,
    2009,
    2022,
    2009,
    2014,
    2022,
    2009,
    2014,
    2022,
    2014,
    2022,
    2009,
    2022,
    2014,
    2009,
    2014,
    2022
  ],
  "entities": [
    17,
    18,
    18,
    21,
    21,
    21,
    22,
    22,
    23,
    23,
    23,
    25,
    28,
    30,
    34,
    37,
    37,
    37,
    39,
    40,
    44,
    44,
    172,
    172,
    172,
    171,
    171,
    171,
    170,
    170,
    170,
    163,
    163,
    163,
    162,
    201,
    201,
    65,
    65,
    65,
    156,
    158,
    158,
    155,
    3,
    152,
    152,
    6,
    6,
    6,
    150,
    150,
    149,
    148,
    145,
    144,
    144,
    138,
    137,
    137,
    136,
    136,
    135,
    134,
    134,
    8,
    14,
    14,
    130,
    130,
    130,
    131,
    131,
    129,
    208,
    126,
    126,
    124,
    124,
    120,
    120,
    262,
    116,
    116,
    116,
    211,
    115,
    113,
    113,
    113,
    111,
    112,
    110,
    110,
    110,
    142,
    5,
    5,
    5,
    106,
    106,
    105,
    103,
    103,
    357,
    102,
    101,
    101,
    140,
    97,
    97,
    97,
    96,
    96,
    11,
    11,
    93,
    226,
    92,
    92,
    92,
    12,
    12,
    12,
    91,
    91,
    88,
    88,
    86,
    86,
    85,
    83,
    83,
    81,
    81,
    127,
    127,
    127,
    9,
    9,
    10,
    10,
    7,
    198,
    198,
    198,
    76,
    75,
    75,
    75,
    73,
    73,
    71,
    71,
    70,
    70,
    70,
    67,
    67,
    67,
    1,
    1,
    13,
    13,
    13,
    63,
    63,
    63,
    62,
    238,
    84,
    84,
    61,
    60,
    80,
    80
  ]
}