{
  "values": [
    15.65744,
    26.77323,
    29.32933,
    29.36428,
    27.8481,
    30.86913,
    16.90909,
    25.61375,
    50.10707,
    48.84535,
    55.02232,
    10.27944,
    20.63492,
    22.14984,
    10.50339,
    16.70007,
    17.76581,
    22.79704,
    19.08092,
    27.96554,
    50.39407,
    50.8213,
    11.89516,
    23.14629,
    23.42342,
    10.53959,
    11.99063,
    13.40172,
    13.58448,
    11.72185,
    14.34211,
    13.9313,
    11.8,
    13.83838,
    38.66666,
    17.65196,
    7.756464,
    26.92686,
    31.05713,
    19.34946,
    22.14239,
    26.47658,
    47.84378,
    51.97239,
    45,
    13.42685,
    16.22296,
    24.26471,
    29.8237,
    34.32343,
    22.93578,
    16.68814,
    10.10861,
    18.69313,
    34.27399,
    22.7683,
    23.16602,
    32.17478,
    24.55,
    25.77244,
    19.29036,
    9.1875,
    33.97864,
    16.33333,
    24.06015,
    19.0239,
    8.882522,
    10.65266,
    24.38611,
    22.08333,
    29.75894,
    18.73333,
    19.84314,
    25.07911,
    31.5748,
    16.7445,
    16.38796,
    28.5,
    22.58333,
    20.68803,
    24.89522,
    30.5501,
    14.40466,
    7.384615,
    14.92765,
    15.08704,
    36.47925,
    15.65722,
    12.3,
    13.09592,
    13.57553,
    30.64713,
    20.88662,
    13.9866,
    28.08333,
    41.33333,
    19.42029,
    22.463,
    62.65701,
    51.35922,
    10.83333,
    20.40932,
    25.94988,
    50.89686,
    66.14328,
    25.02092,
    34.25276,
    14.6,
    8.926175,
    5.320034,
    7.934239,
    18.59883,
    24.25,
    23,
    24.58506,
    25.60214,
    33.05005,
    12.18679,
    7.61523,
    12.08,
    13.56436,
    20.60946,
    23.03867,
    34.57447,
    41.08781,
    20.64677,
    27.79923,
    31.89655,
    17.81437,
    29.60801,
    9.311348,
    9.474671,
    28.74833,
    38.79921,
    13.42786,
    19.01173,
    17.51004,
    30.15075,
    32.17318,
    68.94094,
    58.74477,
    48.7055,
    19.65742,
    27.80922,
    28.20932,
    10.33333,
    17.44262,
    14.42953,
    27.67677,
    20.90452,
    18.21822,
    16.92946,
    30.67993,
    14.27509,
    21.64366,
    25.14499,
    17.80684,
    27.6,
    27.38557,
    45.13618,
    53.82545,
    43.59606,
    38.73016,
    38.85449,
    35.55556,
    26.73367,
    24.26694,
    14.17961,
    15.04202,
    21.27946,
    30.83333,
    24.3,
    16.05691,
    11.33333,
    25.92593
  ],
  "years": [
    2014,
    2009,
    2022,
    2009,
    2014,
    2022,
    2014,
    2022,
    2009,
    2014,
    2022,
    2014,
    2022,
    2014,
    2022,
    2009,
    2014,
    2022,
    2009,
    2009,
    2009,
    2022,
    2009,
    2014,
    2022,
    2009,
    2014,
    2022,
    2009,
    2014,
    2022,
    2009,
    2014,
    2022,
    2022,
    2014,
    2022,
    2009,
    2014,
    2022,
    2014,
    2009,
    2022,
    2009,
    2009,
    2009,
    2014,
    2009,
    2014,
    2022,
    2009,
    2014,
    2022,
    2022,
    2014,
    2014,
    2022,
    2009,
    2009,
    2014,
    2009,
    2022,
    2022,
    2014,
    2022,
    2009,
    2014,
    2022,
    2009,
    2014,
    2022,
    2014,
    2022,
    2022,
    2014,
    2014,
    2022,
    2014,
    2022,
    2014,
    2022,
    2022,
    2009,
    2014,
    2022,
    2022,
    2009,
    2009,
    2014,
    2022,
    2009,
    2022,
    2009,
    2014,
    2022,
    2022,
    2009,
    2014,
    2022,
    2022,
    2022,
    2014,
    2022,
    2022,
    2009,
    2014,
    2022,
    2014,
    2009,
    2014,
    2022,
    2014,
    2022,
    2009,
    2014,
    2022,
    2014,
    2009,
    2014,
    2022,
    2009,
    2014,
    2022,
    2009,
    2014,
    2009,
    2022,
    2014,
    2022,
    2022,
    2009,
    2014,
    2009,
    2014,
    2009,
    2014,
    2022,
    2009,
    2014,
    2009,
    2014,
    2009,
    2009,
    2014,
    2022,
    2022,
    2009,
    2014,
    2022,
    2009,
    2014,
    2014,
    2022,
    2009,
    2014,
    2022,
    2009,
    2014,
    2022,
    2009,
    2022,
    2009,
    2014,
    2022,
    2009,
    2014,
    2022,
    2014,
    2022,
    2009,
    2022,
    2014,
    2009,
    2014,
    2022
  ],
  "entities": [
    17,
    18,
    18,
    21,
    21,
    21,
    22,
    22,
    23,
    23,
    23,
    25,
    28,
    30,
    34,
    37,
    37,
    37,
    39,
    40,
    44,
    44,
    172,
    172,
    172,
    171,
    171,
    171,
    170,
    170,
    170,
    163,
    163,
    163,
    162,
    201,
    201,
    65,
    65,
    65,
    156,
    158,
    158,
    155,
    3,
    152,
    152,
    6,
    6,
    6,
    150,
    150,
    149,
    148,
    145,
    144,
    144,
    138,
    137,
    137,
    136,
    136,
    135,
    134,
    134,
    8,
    14,
    14,
    130,
    130,
    130,
    131,
    131,
    129,
    208,
    126,
    126,
    124,
    124,
    120,
    120,
    262,
    116,
    116,
    116,
    211,
    115,
    113,
    113,
    113,
    111,
    112,
    110,
    110,
    110,
    142,
    5,
    5,
    5,
    106,
    105,
    103,
    103,
    357,
    102,
    101,
    101,
    140,
    97,
    97,
    97,
    96,
    96,
    11,
    11,
    93,
    226,
    92,
    92,
    92,
    12,
    12,
    12,
    91,
    91,
    88,
    88,
    86,
    86,
    85,
    83,
    83,
    81,
    81,
    127,
    127,
    127,
    9,
    9,
    10,
    10,
    7,
    198,
    198,
    198,
    76,
    75,
    75,
    75,
    73,
    73,
    71,
    71,
    70,
    70,
    70,
    67,
    67,
    67,
    1,
    1,
    13,
    13,
    13,
    63,
    63,
    63,
    62,
    238,
    84,
    84,
    61,
    60,
    80,
    80
  ]
}