{
  "values": [
    97.22922,
    97.70459,
    98.30678,
    97.5976,
    99.22103,
    97.80658,
    99.08173,
    99.01397,
    99.07801,
    99.04176,
    97.83574,
    88.22356,
    99.9166,
    98.43648,
    81.66425,
    93.98396,
    92.65993,
    90.11363,
    97.5025,
    95.34731,
    98.09745,
    94.99751,
    97.59519,
    97.8979,
    92.29229,
    97.83703,
    99.17127,
    99.30624,
    95.7382,
    93.9775,
    89.3421,
    98.09342,
    98,
    98.19277,
    92.32053,
    94.42596,
    84.15346,
    99.70492,
    99.86868,
    99.41666,
    97.58012,
    96.71802,
    99.02439,
    99.3007,
    95.36758,
    99.66644,
    99.58229,
    97.16521,
    96.75037,
    98.55643,
    93.60731,
    87.43557,
    99.58298,
    95.7272,
    85.4359,
    97.69539,
    96.86445,
    98.3034,
    96.8,
    98.308,
    98.70647,
    95.02969,
    98.53236,
    99.66666,
    98.33334,
    99.20634,
    96.93,
    98.35821,
    99.74895,
    98.66667,
    98.17124,
    98.53333,
    97.25706,
    96.20554,
    98.04992,
    99,
    99.08257,
    80.91666,
    97.41667,
    99.01454,
    99.0795,
    95.99218,
    99.0841,
    98.69231,
    98.47678,
    96.53513,
    98.48883,
    91.19537,
    93.1,
    92.01608,
    97.80115,
    95.42124,
    99.41472,
    98.24854,
    93.66666,
    96.83333,
    92.4257,
    93.18182,
    95.78693,
    95.77922,
    98.06763,
    87.58334,
    98.69244,
    88.57375,
    97.52809,
    99.21568,
    96.08006,
    93.48045,
    97.8,
    93.38235,
    91.63907,
    89.49249,
    98,
    98.25,
    97.6,
    97.50779,
    89.85765,
    98.20754,
    96.87855,
    96.86458,
    96.01276,
    98.41506,
    97.33226,
    97.12548,
    96.68215,
    95.0164,
    98.43492,
    98.17132,
    97.9716,
    98.00797,
    97.66472,
    97.48062,
    98.59419,
    97.72423,
    95.38374,
    99.33334,
    98.57978,
    99.35743,
    98.66667,
    98.73418,
    99.5005,
    99,
    98.30372,
    99.2665,
    98.54604,
    98.28291,
    99.08334,
    98.4324,
    98.49246,
    97.66355,
    94.11178,
    92.19219,
    98.17427,
    91.35495,
    99.25706,
    99.12336,
    96.97472,
    96.48594,
    98.73334,
    96.04037,
    98.15891,
    97.50575,
    98.11011,
    96.55953,
    94.78362,
    96.48241,
    94.97992,
    89.95984,
    99.66622,
    92.68907,
    99.19625,
    99.58334,
    98.3,
    93.80471,
    97.39999,
    95.22633
  ],
  "years": [
    2014,
    2009,
    2022,
    2009,
    2014,
    2022,
    2014,
    2022,
    2009,
    2014,
    2022,
    2014,
    2022,
    2014,
    2022,
    2009,
    2014,
    2022,
    2009,
    2009,
    2009,
    2022,
    2009,
    2014,
    2022,
    2009,
    2014,
    2022,
    2009,
    2014,
    2022,
    2009,
    2014,
    2022,
    2022,
    2014,
    2022,
    2009,
    2014,
    2022,
    2014,
    2009,
    2022,
    2009,
    2009,
    2009,
    2014,
    2009,
    2014,
    2022,
    2009,
    2014,
    2022,
    2022,
    2014,
    2014,
    2022,
    2009,
    2009,
    2014,
    2009,
    2022,
    2022,
    2014,
    2022,
    2009,
    2014,
    2022,
    2009,
    2014,
    2022,
    2014,
    2022,
    2022,
    2014,
    2014,
    2022,
    2014,
    2022,
    2014,
    2022,
    2022,
    2009,
    2014,
    2022,
    2022,
    2009,
    2009,
    2014,
    2022,
    2009,
    2022,
    2009,
    2014,
    2022,
    2022,
    2009,
    2014,
    2022,
    2009,
    2022,
    2022,
    2014,
    2022,
    2022,
    2009,
    2014,
    2022,
    2014,
    2009,
    2014,
    2022,
    2014,
    2022,
    2009,
    2014,
    2022,
    2014,
    2009,
    2014,
    2022,
    2009,
    2014,
    2022,
    2009,
    2014,
    2009,
    2022,
    2014,
    2022,
    2022,
    2009,
    2014,
    2009,
    2014,
    2009,
    2014,
    2022,
    2009,
    2014,
    2009,
    2014,
    2009,
    2009,
    2014,
    2022,
    2022,
    2009,
    2014,
    2022,
    2009,
    2014,
    2014,
    2022,
    2009,
    2014,
    2022,
    2009,
    2014,
    2022,
    2009,
    2022,
    2009,
    2014,
    2022,
    2009,
    2014,
    2022,
    2014,
    2022,
    2009,
    2022,
    2014,
    2009,
    2014,
    2022
  ],
  "entities": [
    17,
    18,
    18,
    21,
    21,
    21,
    22,
    22,
    23,
    23,
    23,
    25,
    28,
    30,
    34,
    37,
    37,
    37,
    39,
    40,
    44,
    44,
    172,
    172,
    172,
    171,
    171,
    171,
    170,
    170,
    170,
    163,
    163,
    163,
    162,
    201,
    201,
    65,
    65,
    65,
    156,
    158,
    158,
    155,
    3,
    152,
    152,
    6,
    6,
    6,
    150,
    150,
    149,
    148,
    145,
    144,
    144,
    138,
    137,
    137,
    136,
    136,
    135,
    134,
    134,
    8,
    14,
    14,
    130,
    130,
    130,
    131,
    131,
    129,
    208,
    126,
    126,
    124,
    124,
    120,
    120,
    262,
    116,
    116,
    116,
    211,
    115,
    113,
    113,
    113,
    111,
    112,
    110,
    110,
    110,
    142,
    5,
    5,
    5,
    106,
    106,
    105,
    103,
    103,
    357,
    102,
    101,
    101,
    140,
    97,
    97,
    97,
    96,
    96,
    11,
    11,
    93,
    226,
    92,
    92,
    92,
    12,
    12,
    12,
    91,
    91,
    88,
    88,
    86,
    86,
    85,
    83,
    83,
    81,
    81,
    127,
    127,
    127,
    9,
    9,
    10,
    10,
    7,
    198,
    198,
    198,
    76,
    75,
    75,
    75,
    73,
    73,
    71,
    71,
    70,
    70,
    70,
    67,
    67,
    67,
    1,
    1,
    13,
    13,
    13,
    63,
    63,
    63,
    62,
    238,
    84,
    84,
    61,
    60,
    80,
    80
  ]
}