{
  "values": [
    61.87234,
    91.01796,
    87.73679,
    85.21127,
    81.46342,
    79.94012,
    78,
    79.83607,
    98.0057,
    96.93166,
    97.10468,
    55.48902,
    66.72283,
    82.73616,
    48.18402,
    63.85542,
    57.40242,
    60.43206,
    85.01498,
    60.8522,
    96.15206,
    95.99303,
    64.48692,
    70.25126,
    61.36136,
    79.62683,
    77.48469,
    88.16529,
    63.54642,
    58.57048,
    55.39474,
    80.15267,
    81.3,
    76.06061,
    86.66666,
    41.88176,
    41.83333,
    90.7541,
    95.79777,
    88.57381,
    90.99804,
    63.72219,
    68.29269,
    95.06416,
    94.995,
    87.85047,
    78.53577,
    92.89912,
    89.82885,
    94.03279,
    63.32678,
    58.56959,
    82.25941,
    66.00496,
    44.61538,
    91.77533,
    88.6747,
    85.89871,
    75.65,
    77.80775,
    83.49127,
    49.96875,
    86.22994,
    80.83334,
    78.98248,
    68.16367,
    80.96603,
    84.73055,
    75.42088,
    83.5,
    81.62926,
    79.73334,
    71.17046,
    67.77514,
    83.06963,
    68.06947,
    73.16054,
    69,
    62.58333,
    80.47977,
    85.18829,
    89.62818,
    72.68942,
    76.76923,
    84.99619,
    78.51637,
    78.66756,
    66.34492,
    50.1,
    42.96381,
    75.23901,
    73.74847,
    77.67481,
    76.25418,
    63.5,
    74.75,
    88.64504,
    87.05074,
    94.93488,
    88.03047,
    97.18446,
    53.41667,
    63.16088,
    59.41795,
    98.20225,
    98.43137,
    65.58062,
    79.13741,
    71.7,
    49.89872,
    44.32477,
    32.83261,
    75.50167,
    76.23019,
    85.1,
    86.42487,
    77.04626,
    89.43396,
    54.90308,
    54.2,
    62.20096,
    82.8233,
    82.17862,
    76.79558,
    80.70525,
    73.90164,
    81.96046,
    81.80943,
    90.26369,
    90.18436,
    85.66667,
    79.67087,
    81.63074,
    79.68541,
    65.3356,
    84,
    83.52843,
    81.36546,
    85.3679,
    88.35443,
    98.2018,
    97.0025,
    94.7496,
    91.11654,
    90.54163,
    93.54047,
    60.16667,
    69.91498,
    70.7563,
    80.89812,
    79.67968,
    76.77678,
    74.43983,
    68.5738,
    76.07726,
    79.21102,
    70.97844,
    80.02018,
    85.73334,
    74.86423,
    96.12403,
    96.54378,
    95.14803,
    93.27273,
    91.34988,
    81.4329,
    65.82661,
    73.3871,
    73.99732,
    53.78152,
    73.02013,
    82.83333,
    76.8,
    58.49829,
    65.86667,
    65.34979
  ],
  "years": [
    2014,
    2009,
    2022,
    2009,
    2014,
    2022,
    2014,
    2022,
    2009,
    2014,
    2022,
    2014,
    2022,
    2014,
    2022,
    2009,
    2014,
    2022,
    2009,
    2009,
    2009,
    2022,
    2009,
    2014,
    2022,
    2009,
    2014,
    2022,
    2009,
    2014,
    2022,
    2009,
    2014,
    2022,
    2022,
    2014,
    2022,
    2009,
    2014,
    2022,
    2014,
    2009,
    2022,
    2009,
    2009,
    2009,
    2014,
    2009,
    2014,
    2022,
    2009,
    2014,
    2022,
    2022,
    2014,
    2014,
    2022,
    2009,
    2009,
    2014,
    2009,
    2022,
    2022,
    2014,
    2022,
    2009,
    2014,
    2022,
    2009,
    2014,
    2022,
    2014,
    2022,
    2022,
    2014,
    2014,
    2022,
    2014,
    2022,
    2014,
    2022,
    2022,
    2009,
    2014,
    2022,
    2022,
    2009,
    2009,
    2014,
    2022,
    2009,
    2022,
    2009,
    2014,
    2022,
    2022,
    2009,
    2014,
    2022,
    2009,
    2022,
    2022,
    2014,
    2022,
    2022,
    2009,
    2014,
    2022,
    2014,
    2009,
    2014,
    2022,
    2014,
    2022,
    2009,
    2014,
    2022,
    2014,
    2009,
    2014,
    2022,
    2009,
    2014,
    2022,
    2009,
    2014,
    2009,
    2022,
    2014,
    2022,
    2022,
    2009,
    2014,
    2009,
    2014,
    2009,
    2014,
    2022,
    2009,
    2014,
    2009,
    2014,
    2009,
    2009,
    2014,
    2022,
    2022,
    2009,
    2014,
    2022,
    2009,
    2014,
    2014,
    2022,
    2009,
    2014,
    2022,
    2009,
    2014,
    2022,
    2009,
    2022,
    2009,
    2014,
    2022,
    2009,
    2014,
    2022,
    2014,
    2022,
    2009,
    2022,
    2014,
    2009,
    2014,
    2022
  ],
  "entities": [
    17,
    18,
    18,
    21,
    21,
    21,
    22,
    22,
    23,
    23,
    23,
    25,
    28,
    30,
    34,
    37,
    37,
    37,
    39,
    40,
    44,
    44,
    172,
    172,
    172,
    171,
    171,
    171,
    170,
    170,
    170,
    163,
    163,
    163,
    162,
    201,
    201,
    65,
    65,
    65,
    156,
    158,
    158,
    155,
    3,
    152,
    152,
    6,
    6,
    6,
    150,
    150,
    149,
    148,
    145,
    144,
    144,
    138,
    137,
    137,
    136,
    136,
    135,
    134,
    134,
    8,
    14,
    14,
    130,
    130,
    130,
    131,
    131,
    129,
    208,
    126,
    126,
    124,
    124,
    120,
    120,
    262,
    116,
    116,
    116,
    211,
    115,
    113,
    113,
    113,
    111,
    112,
    110,
    110,
    110,
    142,
    5,
    5,
    5,
    106,
    106,
    105,
    103,
    103,
    357,
    102,
    101,
    101,
    140,
    97,
    97,
    97,
    96,
    96,
    11,
    11,
    93,
    226,
    92,
    92,
    92,
    12,
    12,
    12,
    91,
    91,
    88,
    88,
    86,
    86,
    85,
    83,
    83,
    81,
    81,
    127,
    127,
    127,
    9,
    9,
    10,
    10,
    7,
    198,
    198,
    198,
    76,
    75,
    75,
    75,
    73,
    73,
    71,
    71,
    70,
    70,
    70,
    67,
    67,
    67,
    1,
    1,
    13,
    13,
    13,
    63,
    63,
    63,
    62,
    238,
    84,
    84,
    61,
    60,
    80,
    80
  ]
}