{
  "values": [
    60.03401,
    52.89421,
    63.40977,
    67.36737,
    70.93933,
    77.3,
    75,
    75.06173,
    82.29836,
    81.05849,
    85.10876,
    54.79042,
    91.74312,
    68.07818,
    33.62361,
    55.20694,
    54.01214,
    53.1624,
    73.62637,
    71.20107,
    83.75,
    82.75262,
    55.79053,
    64.99499,
    64.62926,
    84.44109,
    82.40741,
    83.91678,
    56.35464,
    50.33113,
    45.06579,
    61.25954,
    66.8,
    71.34208,
    79.91667,
    48.9592,
    38,
    94.68852,
    89.82272,
    85.66667,
    72.45431,
    77.7027,
    86.66666,
    84.89635,
    81.0241,
    90.2,
    85.76186,
    74.58374,
    75.17107,
    80.13115,
    63.41623,
    50.45103,
    61.55129,
    48.50249,
    33.07692,
    72.31695,
    68.57832,
    80.93346,
    85.35,
    86.68465,
    77.36318,
    58.51828,
    78.7291,
    88.41666,
    81.13522,
    67.96797,
    56.07859,
    60.6876,
    86.09715,
    81.5,
    78.13799,
    76.33333,
    69.46625,
    65.00396,
    77.8043,
    84.23514,
    80.13356,
    62.83333,
    66.91667,
    87.0014,
    83.69565,
    75.78432,
    81.09909,
    77.75212,
    74.25743,
    72.49035,
    86.18858,
    53.59897,
    48.35,
    49.97128,
    54.2065,
    74.54212,
    84.36455,
    76.6472,
    63.25,
    71.5,
    68.36539,
    68.86893,
    83.73669,
    52.40174,
    86.4786,
    39.83334,
    71.80216,
    61.70041,
    90.13453,
    90.09804,
    79.38231,
    77.23169,
    71.5,
    38.20975,
    33.52649,
    30.35714,
    65.69283,
    73.25,
    74.8,
    73.54771,
    68.41637,
    84.22054,
    49.23426,
    42.91444,
    43.0622,
    66.61736,
    72.78557,
    70.8126,
    89.56811,
    86.03278,
    64.90504,
    66.89124,
    76.21704,
    77.51745,
    83.98666,
    59.02913,
    62.10131,
    70.58233,
    72.81223,
    69,
    71.65552,
    76.38554,
    75.27242,
    79.88165,
    90.12346,
    79.16319,
    83.18513,
    81.32137,
    74.97976,
    79.06787,
    75.16666,
    76.48595,
    72.582,
    85.4083,
    60.42084,
    60.06006,
    76.34855,
    70.06633,
    72.61194,
    84.98122,
    81.9577,
    68.21393,
    78.33334,
    75.48487,
    78.4749,
    82.89221,
    81.44499,
    75.57981,
    71.68279,
    75.85859,
    68.24121,
    60.68204,
    86.33624,
    55.96639,
    89.95311,
    91.41667,
    87.1,
    58.16949,
    60.93333,
    68.72428
  ],
  "years": [
    2014,
    2009,
    2022,
    2009,
    2014,
    2022,
    2014,
    2022,
    2009,
    2014,
    2022,
    2014,
    2022,
    2014,
    2022,
    2009,
    2014,
    2022,
    2009,
    2009,
    2009,
    2022,
    2009,
    2014,
    2022,
    2009,
    2014,
    2022,
    2009,
    2014,
    2022,
    2009,
    2014,
    2022,
    2022,
    2014,
    2022,
    2009,
    2014,
    2022,
    2014,
    2009,
    2022,
    2009,
    2009,
    2009,
    2014,
    2009,
    2014,
    2022,
    2009,
    2014,
    2022,
    2022,
    2014,
    2014,
    2022,
    2009,
    2009,
    2014,
    2009,
    2022,
    2022,
    2014,
    2022,
    2009,
    2014,
    2022,
    2009,
    2014,
    2022,
    2014,
    2022,
    2022,
    2014,
    2014,
    2022,
    2014,
    2022,
    2014,
    2022,
    2022,
    2009,
    2014,
    2022,
    2022,
    2009,
    2009,
    2014,
    2022,
    2009,
    2022,
    2009,
    2014,
    2022,
    2022,
    2009,
    2014,
    2022,
    2009,
    2022,
    2022,
    2014,
    2022,
    2022,
    2009,
    2014,
    2022,
    2014,
    2009,
    2014,
    2022,
    2014,
    2022,
    2009,
    2014,
    2022,
    2014,
    2009,
    2014,
    2022,
    2009,
    2014,
    2022,
    2009,
    2014,
    2009,
    2022,
    2014,
    2022,
    2022,
    2009,
    2014,
    2009,
    2014,
    2009,
    2014,
    2022,
    2009,
    2014,
    2009,
    2014,
    2009,
    2009,
    2014,
    2022,
    2022,
    2009,
    2014,
    2022,
    2009,
    2014,
    2014,
    2022,
    2009,
    2014,
    2022,
    2009,
    2014,
    2022,
    2009,
    2022,
    2009,
    2014,
    2022,
    2009,
    2014,
    2022,
    2014,
    2022,
    2009,
    2022,
    2014,
    2009,
    2014,
    2022
  ],
  "entities": [
    17,
    18,
    18,
    21,
    21,
    21,
    22,
    22,
    23,
    23,
    23,
    25,
    28,
    30,
    34,
    37,
    37,
    37,
    39,
    40,
    44,
    44,
    172,
    172,
    172,
    171,
    171,
    171,
    170,
    170,
    170,
    163,
    163,
    163,
    162,
    201,
    201,
    65,
    65,
    65,
    156,
    158,
    158,
    155,
    3,
    152,
    152,
    6,
    6,
    6,
    150,
    150,
    149,
    148,
    145,
    144,
    144,
    138,
    137,
    137,
    136,
    136,
    135,
    134,
    134,
    8,
    14,
    14,
    130,
    130,
    130,
    131,
    131,
    129,
    208,
    126,
    126,
    124,
    124,
    120,
    120,
    262,
    116,
    116,
    116,
    211,
    115,
    113,
    113,
    113,
    111,
    112,
    110,
    110,
    110,
    142,
    5,
    5,
    5,
    106,
    106,
    105,
    103,
    103,
    357,
    102,
    101,
    101,
    140,
    97,
    97,
    97,
    96,
    96,
    11,
    11,
    93,
    226,
    92,
    92,
    92,
    12,
    12,
    12,
    91,
    91,
    88,
    88,
    86,
    86,
    85,
    83,
    83,
    81,
    81,
    127,
    127,
    127,
    9,
    9,
    10,
    10,
    7,
    198,
    198,
    198,
    76,
    75,
    75,
    75,
    73,
    73,
    71,
    71,
    70,
    70,
    70,
    67,
    67,
    67,
    1,
    1,
    13,
    13,
    13,
    63,
    63,
    63,
    62,
    238,
    84,
    84,
    61,
    60,
    80,
    80
  ]
}