{
  "values": [
    0.855767,
    0.82696426,
    0.8781947,
    0.68612635,
    0.82435316,
    0.81728333,
    0.7495927,
    0.86139333,
    0.889998,
    0.87730575,
    0.8490663,
    0.82116777,
    0.6869479,
    0.81199783,
    0.9846469,
    0.9587262,
    0.91061413,
    0.95317394,
    0.89821,
    0.9433557,
    0.6575723,
    0.8184139,
    0.92732835,
    0.98470193,
    0.8808633,
    0.9858198,
    0.92217666,
    0.8853094,
    0.791967,
    0.9480147,
    0.8898786,
    0.9891084,
    0.9536873,
    0.9906347,
    0.75384223,
    0.9933946,
    0.9737309,
    0.9842561,
    0.92926925,
    0.92396396,
    0.98608077,
    0.94468635,
    0.91578656,
    0.99415237,
    0.74146974,
    0.9064851,
    0.9433651,
    0.52875644,
    0.9812402,
    0.9297995,
    0.9702055,
    0.9782761,
    0.8842264,
    0.8193466,
    0.9566316,
    0.86070293,
    0.99382323,
    0.89003235,
    0.9777462,
    0.62476355,
    0.9965388,
    0.9156947,
    0.98952085,
    0.9070518,
    0.9703282,
    0.9575896,
    0.9486265,
    0.9282863,
    0.98070776,
    0.8479168,
    0.9861552,
    0.97212833,
    0.9800963,
    0.84713924,
    0.981746,
    0.7529571,
    0.9680873,
    0.9533952,
    0.9657418,
    0.91539454,
    0.87249047,
    0.95774186,
    0.8566093,
    0.9954048,
    0.97170085,
    0.85297316,
    0.9913005,
    0.84848666,
    0.9694535,
    0.9203018,
    0.93905646,
    0.9286116,
    0.7559286,
    0.9646638,
    0.9811485,
    0.94717056,
    0.7244357,
    0.9507081,
    0.8383073,
    0.9281787,
    0.8680313,
    0.9584741,
    0.96888644,
    0.876281,
    0.9810819,
    0.9681287,
    0.98779804,
    0.97939956,
    0.99578583,
    0.90276027,
    0.9805233,
    0.97319615,
    0.9019599,
    0.9808889,
    0.9929013,
    0.9266792,
    0.91520685,
    0.9622778,
    0.82881117,
    0.8077409,
    0.9934309,
    0.94886965,
    0.8534276,
    0.80935514,
    0.8980663,
    0.9583422,
    0.8956131,
    0.95336455,
    0.9452247,
    0.9521277,
    0.8647428,
    0.9021691,
    0.94454855,
    0.9885957,
    0.9907372,
    0.94805205,
    0.9708521,
    0.54951566,
    0.7434449,
    0.91269034,
    0.9224738,
    0.7114601,
    0.98993963,
    0.887349,
    0.961661,
    0.97003704
  ],
  "years": [
    2021,
    2021,
    2021,
    2021,
    2021,
    2021,
    2021,
    2021,
    2021,
    2021,
    2021,
    2021,
    2021,
    2021,
    2021,
    2021,
    2021,
    2021,
    2021,
    2021,
    2021,
    2021,
    2021,
    2021,
    2021,
    2021,
    2021,
    2021,
    2021,
    2021,
    2021,
    2021,
    2021,
    2021,
    2021,
    2021,
    2021,
    2021,
    2021,
    2021,
    2021,
    2021,
    2021,
    2021,
    2021,
    2021,
    2021,
    2021,
    2021,
    2021,
    2021,
    2021,
    2021,
    2021,
    2021,
    2021,
    2021,
    2021,
    2021,
    2021,
    2021,
    2021,
    2021,
    2021,
    2021,
    2021,
    2021,
    2021,
    2021,
    2021,
    2021,
    2021,
    2021,
    2021,
    2021,
    2021,
    2021,
    2021,
    2021,
    2021,
    2021,
    2021,
    2021,
    2021,
    2021,
    2021,
    2021,
    2021,
    2021,
    2021,
    2021,
    2021,
    2021,
    2021,
    2021,
    2021,
    2021,
    2021,
    2021,
    2021,
    2021,
    2021,
    2021,
    2021,
    2021,
    2021,
    2021,
    2021,
    2021,
    2021,
    2021,
    2021,
    2021,
    2021,
    2021,
    2021,
    2021,
    2021,
    2021,
    2021,
    2021,
    2021,
    2021,
    2021,
    2021,
    2021,
    2021,
    2021,
    2021,
    2021,
    2021,
    2021,
    2021,
    2021,
    2021,
    2021,
    2021,
    2021,
    2021,
    2021,
    2021,
    2021,
    2021,
    2021,
    2021,
    2021
  ],
  "entities": [
    1,
    2,
    3,
    4,
    5,
    6,
    7,
    8,
    9,
    10,
    11,
    12,
    13,
    14,
    15,
    16,
    17,
    19,
    21,
    22,
    23,
    24,
    25,
    28,
    30,
    32,
    34,
    35,
    36,
    37,
    39,
    40,
    42,
    43,
    44,
    45,
    60,
    61,
    62,
    63,
    64,
    65,
    67,
    68,
    69,
    70,
    71,
    72,
    74,
    75,
    76,
    80,
    81,
    83,
    84,
    85,
    87,
    88,
    89,
    90,
    91,
    92,
    94,
    95,
    96,
    97,
    98,
    100,
    101,
    102,
    103,
    104,
    105,
    106,
    107,
    108,
    109,
    110,
    111,
    113,
    114,
    115,
    116,
    117,
    118,
    119,
    121,
    122,
    123,
    124,
    125,
    126,
    127,
    128,
    129,
    130,
    131,
    132,
    133,
    134,
    135,
    136,
    137,
    138,
    139,
    141,
    142,
    143,
    145,
    146,
    147,
    148,
    149,
    150,
    151,
    152,
    153,
    154,
    155,
    156,
    158,
    160,
    161,
    162,
    163,
    164,
    165,
    166,
    168,
    170,
    171,
    172,
    173,
    174,
    195,
    201,
    202,
    208,
    210,
    213,
    215,
    217,
    225,
    234,
    238,
    259
  ]
}