{
  "values": [
    0.097601436,
    0.106670715,
    0.09747654,
    0.100314215,
    0.09124448,
    0.08299609,
    0.09545128,
    0.100014605,
    0.10300875,
    0.10462641,
    0.10344627,
    0.10133995,
    0.09624019,
    0.10380552,
    0.10467282,
    0.08198393,
    0.10838552,
    0.09751719,
    0.0795999,
    0.078483224,
    0.08189035,
    0.086518705,
    0.0697806,
    0.073440194,
    0.07441488,
    0.075700626,
    0.07143514,
    0.097601436,
    0.106670715,
    0.09747654,
    0.100314215,
    0.09124448,
    0.08299609,
    0.09545128,
    0.100014605,
    0.10300875,
    0.10462641,
    0.10344627,
    0.10133995,
    0.09624019,
    0.10380552,
    0.10467282,
    0.08198393,
    0.10838552,
    0.09751719,
    0.0795999,
    0.078483224,
    0.08189035,
    0.086518705,
    0.0697806,
    0.073440194,
    0.07441488,
    0.075700626,
    0.07143514,
    0.0017965676,
    0.0019783871,
    0.0018174638,
    0.0018728375,
    0.0017034793,
    0.0015503356,
    0.0017830188,
    0.0018702749,
    0.0019291983,
    0.0019605013,
    0.0019411597,
    0.0019051199,
    0.0018117963,
    0.0019592128,
    0.001982188,
    0.0015561744,
    0.0020578497,
    0.0018507885,
    0.0015107593,
    0.0014900265,
    0.0015570112,
    0.0016504349,
    0.0013377911,
    0.0014171624,
    0.0014490407,
    0.0014867361,
    0.0014102458,
    0.097601436,
    0.106670715,
    0.09747654,
    0.100314215,
    0.09124448,
    0.08299609,
    0.09545128,
    0.100014605,
    0.10300875,
    0.10462641,
    0.10344627,
    0.10133995,
    0.09624019,
    0.10380552,
    0.10467282,
    0.08198393,
    0.10838552,
    0.09751719,
    0.0795999,
    0.078483224,
    0.08189035,
    0.086518705,
    0.0697806,
    0.073440194,
    0.07441488,
    0.075700626,
    0.07143514,
    0.0001397204,
    0.00015194144,
    0.0001378501,
    0.00014030532,
    0.000125966,
    0.00011309803,
    0.00012839751,
    0.00013283738,
    0.00013523405,
    0.00013583997,
    0.00013300519,
    0.00012922497,
    0.00012175654,
    0.0001304636,
    0.00013076937,
    0.0001016269,
    0.00013308095,
    0.00011858646,
    0.00009581557,
    0.00009349816,
    0.00009665805,
    0.00010130127,
    0.000081164944,
    0.00008504276,
    0.000086104774,
    0.000087512235,
    0.000082209444
  ],
  "years": [
    1991,
    1992,
    1993,
    1994,
    1995,
    1996,
    1997,
    1998,
    1999,
    2000,
    2001,
    2002,
    2003,
    2004,
    2005,
    2006,
    2007,
    2008,
    2009,
    2010,
    2011,
    2012,
    2013,
    2014,
    2015,
    2016,
    2017,
    1991,
    1992,
    1993,
    1994,
    1995,
    1996,
    1997,
    1998,
    1999,
    2000,
    2001,
    2002,
    2003,
    2004,
    2005,
    2006,
    2007,
    2008,
    2009,
    2010,
    2011,
    2012,
    2013,
    2014,
    2015,
    2016,
    2017,
    1991,
    1992,
    1993,
    1994,
    1995,
    1996,
    1997,
    1998,
    1999,
    2000,
    2001,
    2002,
    2003,
    2004,
    2005,
    2006,
    2007,
    2008,
    2009,
    2010,
    2011,
    2012,
    2013,
    2014,
    2015,
    2016,
    2017,
    1991,
    1992,
    1993,
    1994,
    1995,
    1996,
    1997,
    1998,
    1999,
    2000,
    2001,
    2002,
    2003,
    2004,
    2005,
    2006,
    2007,
    2008,
    2009,
    2010,
    2011,
    2012,
    2013,
    2014,
    2015,
    2016,
    2017,
    1991,
    1992,
    1993,
    1994,
    1995,
    1996,
    1997,
    1998,
    1999,
    2000,
    2001,
    2002,
    2003,
    2004,
    2005,
    2006,
    2007,
    2008,
    2009,
    2010,
    2011,
    2012,
    2013,
    2014,
    2015,
    2016,
    2017
  ],
  "entities": [
    24,
    24,
    24,
    24,
    24,
    24,
    24,
    24,
    24,
    24,
    24,
    24,
    24,
    24,
    24,
    24,
    24,
    24,
    24,
    24,
    24,
    24,
    24,
    24,
    24,
    24,
    24,
    276,
    276,
    276,
    276,
    276,
    276,
    276,
    276,
    276,
    276,
    276,
    276,
    276,
    276,
    276,
    276,
    276,
    276,
    276,
    276,
    276,
    276,
    276,
    276,
    276,
    276,
    276,
    115117,
    115117,
    115117,
    115117,
    115117,
    115117,
    115117,
    115117,
    115117,
    115117,
    115117,
    115117,
    115117,
    115117,
    115117,
    115117,
    115117,
    115117,
    115117,
    115117,
    115117,
    115117,
    115117,
    115117,
    115117,
    115117,
    115117,
    457,
    457,
    457,
    457,
    457,
    457,
    457,
    457,
    457,
    457,
    457,
    457,
    457,
    457,
    457,
    457,
    457,
    457,
    457,
    457,
    457,
    457,
    457,
    457,
    457,
    457,
    457,
    355,
    355,
    355,
    355,
    355,
    355,
    355,
    355,
    355,
    355,
    355,
    355,
    355,
    355,
    355,
    355,
    355,
    355,
    355,
    355,
    355,
    355,
    355,
    355,
    355,
    355,
    355
  ]
}