{
  "values": [
    0.5547661346308665,
    0.07447633234277051,
    0.0778809373413456,
    0.03701121733842997,
    0.04456549028975146,
    0.009587298639224655,
    0.010482337683596984,
    0.01268617041392757,
    0.6508430127286228,
    0.05957488935122833,
    0.026332836139949644,
    0.39299273517129035,
    0.9624330467135305,
    0.13971260657017764,
    0.1440864149095542,
    0.00287997954155263,
    0.3307915451473963,
    0.02325104262604499,
    0.07019131724517258,
    0.0086387978431015,
    0.019886958800111,
    0.5277174076581177,
    0.42493420436552165,
    0.017277071803950553,
    0.06303904987981881,
    0.04952065626421568,
    0.02743777956861433,
    0.4214023950953835,
    0.12690929278304505,
    0.2544914764692692,
    0.7001012337798102,
    0.19248474679461566,
    0.9991213147175337,
    0.07721549272830916,
    0.1705095814126278,
    0.06529719576562783,
    0.05064148727993683,
    0.041497207908139176,
    0.0017230558181849022,
    0.04662216430808077,
    0.015890123525034345,
    0.02427815486594529,
    0.07553077418711683,
    0.2421414617336105,
    0.019174501560472127,
    0.08271722915963853,
    0.06827291663791896,
    0.11502970075595688,
    0.05920636335368732,
    0.0958786411672778,
    0.6116477511802277,
    0.09568668750295924,
    0.001835929027531633,
    0.04101920005046567,
    0.06695492789510019,
    0.19802281239921424,
    0.0019667417684164985,
    0.04198024442890071,
    0.6915827630629124,
    0.07738374969421372,
    0.08612017650098444,
    0.7571467099013854,
    0.693300392971579,
    0.5503401493681924,
    0.3379464215516644,
    0.06777273262363641,
    0.45416186897024435,
    1.9494687734142904,
    0.017595643060299655,
    0.03857538530881661,
    0.0348170410974125,
    0.05952681572434707,
    0.10891934597772619,
    0.24150364007562616,
    1.1733871056998395,
    0.0006270592306303926,
    0.03942853258941567,
    0.09597021722248021,
    0.8180682018558105,
    0.017809394303724226,
    0.018762433184840572,
    0.1143241746800758,
    0.06155566865139615,
    0.01582649486333735,
    0.3627823612626408,
    0.011385472340262756,
    0.06788391940764023,
    0.04466838864496327,
    0.02033476741429251
  ],
  "years": [
    2018,
    2018,
    2018,
    2018,
    2018,
    2018,
    2018,
    2018,
    2018,
    2018,
    2018,
    2018,
    2018,
    2018,
    2018,
    2018,
    2018,
    2018,
    2018,
    2018,
    2018,
    2018,
    2018,
    2018,
    2018,
    2018,
    2018,
    2018,
    2018,
    2018,
    2018,
    2018,
    2018,
    2018,
    2018,
    2018,
    2018,
    2018,
    2018,
    2018,
    2018,
    2018,
    2018,
    2018,
    2018,
    2018,
    2018,
    2018,
    2018,
    2018,
    2018,
    2018,
    2018,
    2018,
    2018,
    2018,
    2018,
    2018,
    2018,
    2018,
    2018,
    2018,
    2018,
    2018,
    2018,
    2018,
    2018,
    2018,
    2018,
    2018,
    2018,
    2018,
    2018,
    2018,
    2018,
    2018,
    2018,
    2018,
    2018,
    2018,
    2018,
    2018,
    2018,
    2018,
    2018,
    2018,
    2018,
    2018,
    2018
  ],
  "entities": [
    126,
    152,
    149,
    141,
    138,
    137,
    136,
    135,
    133,
    131,
    130,
    127,
    155,
    122,
    120,
    118,
    116,
    113,
    111,
    110,
    107,
    106,
    102,
    201,
    355,
    259,
    238,
    217,
    213,
    212,
    210,
    208,
    207,
    202,
    100,
    172,
    171,
    170,
    167,
    166,
    165,
    164,
    162,
    161,
    158,
    12,
    28,
    27,
    25,
    24,
    23,
    21,
    19,
    17,
    14,
    13,
    30,
    11,
    10,
    9,
    8,
    7,
    6,
    5,
    4,
    3,
    2,
    72,
    99,
    97,
    96,
    95,
    92,
    90,
    86,
    76,
    75,
    73,
    1,
    71,
    70,
    69,
    67,
    65,
    44,
    42,
    39,
    37,
    34
  ]
}