{
  "values": [
    0.56307846,
    0.5015576,
    0.5474723,
    0.46196076,
    0.5291187,
    0.6234072,
    0.48823866,
    0.49457303,
    0.5501167,
    0.5280126,
    0.5804386,
    0.3287129,
    0.39927962,
    0.5264589,
    0.14939266,
    0.45515102,
    0.25421426,
    0.22241367,
    0.3713363,
    0.43971074,
    0.42576835,
    0.5510498,
    0.31498036,
    0.35420063,
    0.37280998,
    0.29082948,
    0.35778925,
    0.2923479,
    0.2447162,
    0.44952217,
    0.50616854,
    0.19988936,
    0.36286363,
    0.3174168,
    0.43745556,
    0.4036641,
    0.07396595,
    0.265734,
    0.34682947,
    0.3826271,
    0.32586464,
    0.3459406,
    0.35539716,
    0.1401565,
    0.39753437,
    0.30403376,
    0.4324928,
    0.30531532,
    0.4542066,
    0.37747255,
    0.30158946,
    0.22619534,
    0.5966654,
    0.33496636,
    0.53983635,
    0.25680664,
    0.3635816,
    0.24254334,
    0.25390536,
    0.33960977,
    0.47389916,
    0.32599166,
    0.49291724,
    0.38028237,
    0.42963016,
    0.34221578,
    0.49816686,
    0.22887982,
    0.61622995,
    0.25561315,
    0.169484,
    0.39911002,
    0.58082193,
    0.34415647,
    0.22173776,
    0.21423805,
    0.2459317,
    0.42538694,
    0.1514843,
    0.32974532,
    0.05724876,
    0.05948495,
    0.35199705,
    0.3649275,
    0.18410568,
    0.45662874,
    0.21908368,
    0.44366238,
    0.09635849,
    0.25545654,
    0.25570542,
    0.23491925,
    0.47080475,
    0.28462142,
    0.30999246,
    0.2375806,
    0.33735648,
    0.5215578,
    0.2084504,
    0.30455133,
    0.35759887,
    0.2819514,
    0.4735031,
    0.36160085,
    0.55173856,
    0.29894122,
    0.26377156,
    0.33406603,
    0.2444171,
    0.28161842,
    0.33204892,
    0.5676361,
    0.2955205,
    0.2265502,
    0.38072726,
    0.2931631,
    0.13077171,
    0.5018943,
    0.47335124,
    0.29287082,
    0.4530511,
    0.5375579,
    0.48009267,
    0.6200427,
    0.38630816,
    0.5830402,
    0.5155179,
    0.32211825,
    0.38637364,
    0.34876254,
    0.4619593,
    0.2581903,
    0.25340104,
    0.4136948,
    0.33508238,
    0.3161001,
    0.62364376,
    0.3233814,
    0.42579108,
    0.24278294,
    0.32917923,
    0.25287238,
    0.53982943,
    0.30668303
  ],
  "years": [
    2021,
    2021,
    2021,
    2021,
    2021,
    2021,
    2021,
    2021,
    2021,
    2021,
    2021,
    2021,
    2021,
    2021,
    2021,
    2021,
    2021,
    2021,
    2021,
    2021,
    2021,
    2021,
    2021,
    2021,
    2021,
    2021,
    2021,
    2021,
    2021,
    2021,
    2021,
    2021,
    2021,
    2021,
    2021,
    2021,
    2021,
    2021,
    2021,
    2021,
    2021,
    2021,
    2021,
    2021,
    2021,
    2021,
    2021,
    2021,
    2021,
    2021,
    2021,
    2021,
    2021,
    2021,
    2021,
    2021,
    2021,
    2021,
    2021,
    2021,
    2021,
    2021,
    2021,
    2021,
    2021,
    2021,
    2021,
    2021,
    2021,
    2021,
    2021,
    2021,
    2021,
    2021,
    2021,
    2021,
    2021,
    2021,
    2021,
    2021,
    2021,
    2021,
    2021,
    2021,
    2021,
    2021,
    2021,
    2021,
    2021,
    2021,
    2021,
    2021,
    2021,
    2021,
    2021,
    2021,
    2021,
    2021,
    2021,
    2021,
    2021,
    2021,
    2021,
    2021,
    2021,
    2021,
    2021,
    2021,
    2021,
    2021,
    2021,
    2021,
    2021,
    2021,
    2021,
    2021,
    2021,
    2021,
    2021,
    2021,
    2021,
    2021,
    2021,
    2021,
    2021,
    2021,
    2021,
    2021,
    2021,
    2021,
    2021,
    2021,
    2021,
    2021,
    2021,
    2021,
    2021,
    2021,
    2021,
    2021,
    2021,
    2021,
    2021,
    2021
  ],
  "entities": [
    1,
    2,
    3,
    4,
    5,
    6,
    7,
    8,
    9,
    10,
    11,
    12,
    13,
    14,
    15,
    16,
    17,
    19,
    21,
    22,
    23,
    24,
    25,
    28,
    30,
    32,
    34,
    35,
    36,
    37,
    39,
    40,
    42,
    43,
    44,
    60,
    61,
    62,
    63,
    64,
    65,
    67,
    68,
    69,
    70,
    71,
    72,
    74,
    75,
    76,
    80,
    81,
    83,
    84,
    85,
    87,
    88,
    89,
    90,
    91,
    92,
    94,
    95,
    96,
    97,
    98,
    100,
    101,
    102,
    103,
    104,
    105,
    106,
    107,
    108,
    109,
    110,
    111,
    112,
    113,
    114,
    115,
    116,
    117,
    118,
    119,
    121,
    122,
    123,
    124,
    125,
    126,
    127,
    129,
    130,
    131,
    132,
    133,
    134,
    135,
    136,
    137,
    138,
    139,
    141,
    142,
    143,
    145,
    146,
    147,
    148,
    149,
    150,
    151,
    152,
    153,
    154,
    155,
    156,
    158,
    160,
    161,
    162,
    163,
    164,
    165,
    166,
    168,
    170,
    171,
    172,
    174,
    195,
    201,
    202,
    208,
    210,
    213,
    215,
    217,
    225,
    234,
    238,
    259
  ]
}