{
  "values": [
    63.67034,
    2.483916,
    2.6722603,
    26.971981,
    0.5331808,
    1.4118844,
    1.4475461,
    7.7986035,
    5.332385,
    31.942514,
    2.652433,
    8.007208,
    4.2136984,
    0.86257005,
    52.900055,
    25.059004,
    23.02289,
    20.9582,
    31.031876,
    56.238724,
    3.377879,
    2.0089905,
    12.131731,
    4.6564875,
    23.906475,
    1.1562662,
    33.873264,
    0.7284786,
    2.0407007,
    1.611087,
    8.740988,
    6.3371167,
    5.672998,
    31.610907,
    1.7517991,
    4.794028,
    32.57199,
    0.66612643,
    9.21366,
    16.328959,
    43.768997,
    31.651508,
    2.9990838,
    7.122405,
    11.984265,
    5.2679663,
    2.6053994,
    17.24764,
    4.867619,
    3.6210568,
    0.25762847,
    5.4367647,
    7.666726,
    2.257596,
    15.905698,
    5.275622,
    20.172894,
    2.4080071,
    25.967995,
    8.257306,
    1.2963555,
    51.07891,
    49.645695,
    1.4143113,
    3.1087952,
    1.1843654,
    5.9169655,
    34.7169,
    10.264494,
    8.841295,
    18.123306,
    3.6272178,
    59.464928,
    24.281298,
    0.92375594,
    28.450254,
    3.2497404,
    30.40005,
    2.8937488,
    8.576494,
    4.0908675,
    8.714133,
    12.609425,
    6.2674284,
    52.71999,
    0.28387251,
    16.42316,
    0.93002,
    2.1185355,
    22.776016,
    2.8095934,
    11.350811,
    21.829496,
    1.7263383,
    16.273848,
    12.73422,
    6.5460224,
    2.0677912,
    5.0118814,
    1.1361783,
    15.2715435,
    14.314826,
    0.73191935,
    8.626713,
    1.9927808,
    27.946007,
    24.841043,
    9.3162
  ],
  "years": [
    2022,
    2017,
    2018,
    2015,
    2019,
    2015,
    2023,
    2022,
    2015,
    2021,
    2022,
    2023,
    2015,
    2015,
    2021,
    2016,
    2021,
    2018,
    2018,
    2019,
    2014,
    2015,
    2022,
    2014,
    2017,
    2018,
    2021,
    2019,
    2019,
    2018,
    2014,
    2014,
    2021,
    2019,
    2021,
    2019,
    2019,
    2018,
    2022,
    2014,
    2018,
    2018,
    2019,
    2016,
    2019,
    2019,
    2017,
    2018,
    2018,
    2023,
    2015,
    2022,
    2018,
    2023,
    2023,
    2023,
    2019,
    2014,
    2021,
    2019,
    2016,
    2018,
    2019,
    2023,
    2018,
    2018,
    2017,
    2022,
    2015,
    2013,
    2023,
    2022,
    2021,
    2021,
    2018,
    2017,
    2019,
    2016,
    2016,
    2023,
    2022,
    2019,
    2019,
    2019,
    2023,
    2019,
    2019,
    2016,
    2016,
    2014,
    2018,
    2017,
    2022,
    2022,
    2016,
    2017,
    2019,
    2022,
    2023,
    2019,
    2019,
    2016,
    2021,
    2023,
    2020,
    2022,
    2018,
    2019
  ],
  "entities": [
    15,
    16,
    17,
    19,
    21,
    22,
    25,
    28,
    31,
    32,
    33,
    34,
    36,
    37,
    40,
    41,
    42,
    43,
    174,
    173,
    171,
    170,
    169,
    168,
    167,
    166,
    143,
    164,
    160,
    201,
    65,
    259,
    78,
    158,
    202,
    153,
    151,
    152,
    150,
    148,
    147,
    94,
    146,
    145,
    139,
    137,
    136,
    134,
    132,
    130,
    131,
    129,
    204,
    126,
    125,
    123,
    121,
    120,
    118,
    117,
    211,
    115,
    114,
    113,
    112,
    215,
    110,
    109,
    142,
    108,
    218,
    107,
    104,
    103,
    66,
    101,
    140,
    99,
    98,
    97,
    96,
    91,
    239,
    232,
    89,
    88,
    87,
    81,
    141,
    79,
    234,
    76,
    64,
    75,
    225,
    74,
    235,
    73,
    71,
    69,
    237,
    68,
    62,
    221,
    84,
    61,
    60,
    80
  ]
}