{
  "values": [
    34.8404,
    19.066677,
    9.001644,
    56.610943,
    0.55431664,
    2.1326654,
    11.056672,
    0.88600034,
    4.2708206,
    32.259262,
    0.058967434,
    6.317575,
    7.457424,
    15.45429,
    51.906467,
    50.129425,
    12.460427,
    40.877964,
    69.43999,
    51.639454,
    28.939089,
    12.097588,
    8.709524,
    27.356802,
    59.665215,
    0.4505555,
    21.794945,
    3.0831835,
    1.6372344,
    5.0387063,
    4.06113,
    6.564721,
    26.067463,
    55.43545,
    2.511439,
    14.992234,
    12.240082,
    4.4026904,
    21.227947,
    40.219616,
    43.229023,
    43.551067,
    6.1809278,
    44.285404,
    4.4582767,
    7.323742,
    13.919771,
    1.8976123,
    21.999445,
    0.33985102,
    4.109829,
    37.940094,
    21.207148,
    5.570415,
    14.011287,
    25.690811,
    31.578936,
    37.029053,
    63.52809,
    34.844616,
    1.5757004,
    37.36211,
    33.590485,
    2.2955103,
    26.375494,
    1.0242561,
    19.862707,
    50.786373,
    23.658321,
    26.914152,
    4.979675,
    3.3882983,
    57.46556,
    32.394653,
    1.2441847,
    13.18519,
    1.5962559,
    55.726578,
    4.9868503,
    7.4329433,
    4.09409,
    56.61756,
    1.3235618,
    14.943499,
    13.315937,
    1.3508067,
    2.6926916,
    48.65329,
    15.483594,
    11.688929,
    45.08858,
    1.9298856,
    25.927074,
    41.76863,
    0.37171757,
    25.897583,
    37.203396,
    0.90284187,
    0.53921384,
    4.991332,
    0.05505785,
    0.7840998,
    60.942276,
    7.1661515,
    17.33171,
    2.0841799,
    31.200834,
    40.34829,
    46.441257
  ],
  "years": [
    2022,
    2017,
    2018,
    2015,
    2019,
    2015,
    2023,
    2022,
    2015,
    2021,
    2022,
    2023,
    2015,
    2015,
    2021,
    2016,
    2021,
    2018,
    2018,
    2019,
    2014,
    2015,
    2022,
    2014,
    2017,
    2018,
    2021,
    2019,
    2019,
    2018,
    2014,
    2014,
    2021,
    2019,
    2021,
    2019,
    2019,
    2018,
    2022,
    2014,
    2018,
    2018,
    2019,
    2016,
    2019,
    2019,
    2017,
    2018,
    2018,
    2023,
    2015,
    2022,
    2018,
    2023,
    2023,
    2023,
    2019,
    2014,
    2021,
    2019,
    2016,
    2018,
    2019,
    2023,
    2018,
    2018,
    2017,
    2022,
    2015,
    2013,
    2023,
    2022,
    2021,
    2021,
    2018,
    2017,
    2019,
    2016,
    2016,
    2023,
    2022,
    2019,
    2019,
    2019,
    2023,
    2019,
    2019,
    2019,
    2016,
    2016,
    2014,
    2018,
    2017,
    2022,
    2022,
    2016,
    2017,
    2019,
    2022,
    2023,
    2019,
    2019,
    2016,
    2021,
    2023,
    2020,
    2022,
    2018,
    2019
  ],
  "entities": [
    15,
    16,
    17,
    19,
    21,
    22,
    25,
    28,
    31,
    32,
    33,
    34,
    36,
    37,
    40,
    41,
    42,
    43,
    174,
    173,
    171,
    170,
    169,
    168,
    167,
    166,
    143,
    164,
    160,
    201,
    65,
    259,
    78,
    158,
    202,
    153,
    151,
    152,
    150,
    148,
    147,
    94,
    146,
    145,
    139,
    137,
    136,
    134,
    132,
    130,
    131,
    129,
    204,
    126,
    125,
    123,
    121,
    120,
    118,
    117,
    211,
    115,
    114,
    113,
    112,
    215,
    110,
    109,
    142,
    108,
    218,
    107,
    104,
    103,
    66,
    101,
    140,
    99,
    98,
    97,
    96,
    91,
    239,
    232,
    89,
    88,
    233,
    87,
    81,
    141,
    79,
    234,
    76,
    64,
    75,
    225,
    74,
    235,
    73,
    71,
    69,
    237,
    68,
    62,
    221,
    84,
    61,
    60,
    80
  ]
}