{
  "values": [
    36.67414,
    0.46460956,
    0.5797786,
    32.21007,
    0.70364666,
    0.33458224,
    0.35816535,
    21.728598,
    3.357464,
    26.572462,
    12.729663,
    4.9893017,
    22.841688,
    0.66903585,
    4.2816663,
    61.331463,
    6.799942,
    27.384588,
    70.847115,
    46.676598,
    2.544898,
    2.4039977,
    23.53441,
    18.801931,
    54.2602,
    0.35977507,
    14.538737,
    6.483212,
    4.5363917,
    5.815012,
    1.0671059,
    4.5803523,
    12.314171,
    64.68973,
    10.936686,
    6.6077614,
    4.9109616,
    0.9977377,
    13.037768,
    13.977507,
    26.478786,
    16.150314,
    6.4993935,
    44.35001,
    9.96922,
    10.165168,
    5.864536,
    0.35645396,
    2.3295321,
    0.35472387,
    0.13343523,
    21.60687,
    24.84818,
    0.88534373,
    6.887319,
    32.44409,
    47.786823,
    0.17845581,
    54.308437,
    55.71325,
    0.11494174,
    8.836968,
    23.987532,
    2.505535,
    1.5216103,
    0.12401328,
    2.1572297,
    41.038734,
    20.32408,
    20.393364,
    0.7113821,
    21.773335,
    47.11972,
    26.370886,
    0.27008766,
    14.4814625,
    1.1446459,
    65.410576,
    2.1524389,
    7.1828256,
    8.978871,
    52.240326,
    7.277929,
    17.432632,
    7.1699457,
    0.10821057,
    0.120364144,
    42.398407,
    8.991755,
    4.0861473,
    34.862133,
    4.209982,
    1.2993258,
    35.883514,
    1.1343615,
    37.712265,
    21.89228,
    2.2016523,
    0.90285194,
    1.0384061,
    0.019519323,
    0.6110967,
    31.643309,
    0.8414734,
    47.50032,
    1.5585805,
    34.87455,
    31.873383,
    29.080824
  ],
  "years": [
    2022,
    2017,
    2018,
    2015,
    2019,
    2015,
    2023,
    2022,
    2015,
    2021,
    2022,
    2023,
    2015,
    2015,
    2021,
    2016,
    2021,
    2018,
    2018,
    2019,
    2014,
    2015,
    2022,
    2014,
    2017,
    2018,
    2021,
    2019,
    2019,
    2018,
    2014,
    2014,
    2021,
    2019,
    2021,
    2019,
    2019,
    2018,
    2022,
    2014,
    2018,
    2018,
    2019,
    2016,
    2019,
    2019,
    2017,
    2018,
    2018,
    2023,
    2015,
    2022,
    2018,
    2023,
    2023,
    2023,
    2019,
    2014,
    2021,
    2019,
    2016,
    2018,
    2019,
    2023,
    2018,
    2018,
    2017,
    2022,
    2015,
    2013,
    2023,
    2022,
    2021,
    2021,
    2018,
    2017,
    2019,
    2016,
    2016,
    2023,
    2022,
    2019,
    2019,
    2019,
    2023,
    2019,
    2019,
    2019,
    2016,
    2016,
    2014,
    2018,
    2017,
    2022,
    2022,
    2016,
    2017,
    2019,
    2022,
    2023,
    2019,
    2019,
    2016,
    2021,
    2023,
    2020,
    2022,
    2018,
    2019
  ],
  "entities": [
    15,
    16,
    17,
    19,
    21,
    22,
    25,
    28,
    31,
    32,
    33,
    34,
    36,
    37,
    40,
    41,
    42,
    43,
    174,
    173,
    171,
    170,
    169,
    168,
    167,
    166,
    143,
    164,
    160,
    201,
    65,
    259,
    78,
    158,
    202,
    153,
    151,
    152,
    150,
    148,
    147,
    94,
    146,
    145,
    139,
    137,
    136,
    134,
    132,
    130,
    131,
    129,
    204,
    126,
    125,
    123,
    121,
    120,
    118,
    117,
    211,
    115,
    114,
    113,
    112,
    215,
    110,
    109,
    142,
    108,
    218,
    107,
    104,
    103,
    66,
    101,
    140,
    99,
    98,
    97,
    96,
    91,
    239,
    232,
    89,
    88,
    233,
    87,
    81,
    141,
    79,
    234,
    76,
    64,
    75,
    225,
    74,
    235,
    73,
    71,
    69,
    237,
    68,
    62,
    221,
    84,
    61,
    60,
    80
  ]
}