{
  "values": [
    22.55466,
    0.53177196,
    45.23954,
    0.53666055,
    2.7254608,
    0.90870607,
    15.087025,
    91.669815,
    10.7524605,
    9.545784,
    45.75907,
    4.4406505,
    86.461,
    99.487175,
    48.98744,
    78.54582,
    99.15368,
    93.51388,
    33.53023,
    13.013074,
    62.978096,
    61.72237,
    94.9931,
    62.02065,
    3.4195447,
    6.1222415,
    3.817954,
    23.707714,
    93.98452,
    22.275232,
    10.221823,
    96.38076,
    8.335128,
    76.6898,
    66.86948,
    97.60789,
    98.64484,
    3.743017,
    94.96844,
    53.010303,
    43.915768,
    22.361261,
    0.35335645,
    11.99927,
    0.19962005,
    1.4866337,
    73.995255,
    47.499825,
    21.260124,
    91.9104,
    46.024147,
    98.00804,
    0.1024118,
    98.57413,
    98.759056,
    0.6696941,
    98.697426,
    57.68709,
    10.937664,
    50.277752,
    39.34825,
    3.758554,
    93.66232,
    77.740654,
    61.99431,
    0.5081301,
    59.39958,
    96.54836,
    71.712975,
    23.973799,
    51.589813,
    1.1104467,
    90.67958,
    36.691605,
    20.832357,
    41.393566,
    96.262955,
    51.046844,
    50.700535,
    65.2321,
    18.704626,
    99.19089,
    20.125528,
    66.852516,
    56.906284,
    5.482357,
    19.478973,
    93.55165,
    13.931656,
    86.47589,
    92.28648,
    15.519551,
    0.15239032,
    0.17670894,
    6.408519,
    98.210266,
    4.3567057,
    78.61674,
    11.906511,
    55.79432,
    91.73794,
    70.03401
  ],
  "years": [
    2017,
    2018,
    2015,
    2019,
    2015,
    2023,
    2015,
    2021,
    2022,
    2023,
    2015,
    2015,
    2021,
    2016,
    2021,
    2018,
    2018,
    2019,
    2014,
    2015,
    2022,
    2014,
    2017,
    2021,
    2019,
    2019,
    2018,
    2014,
    2019,
    2021,
    2019,
    2019,
    2018,
    2022,
    2014,
    2018,
    2018,
    2019,
    2016,
    2019,
    2019,
    2017,
    2018,
    2018,
    2023,
    2015,
    2022,
    2018,
    2023,
    2023,
    2023,
    2019,
    2014,
    2021,
    2019,
    2016,
    2018,
    2019,
    2023,
    2018,
    2018,
    2017,
    2022,
    2015,
    2013,
    2023,
    2022,
    2021,
    2021,
    2018,
    2017,
    2019,
    2016,
    2016,
    2023,
    2022,
    2019,
    2019,
    2019,
    2023,
    2019,
    2019,
    2016,
    2016,
    2014,
    2018,
    2017,
    2022,
    2022,
    2016,
    2017,
    2019,
    2022,
    2023,
    2019,
    2016,
    2021,
    2023,
    2020,
    2022,
    2018,
    2019
  ],
  "entities": [
    16,
    17,
    19,
    21,
    22,
    25,
    31,
    32,
    33,
    34,
    36,
    37,
    40,
    41,
    42,
    43,
    174,
    173,
    171,
    170,
    169,
    168,
    167,
    143,
    164,
    160,
    201,
    259,
    158,
    202,
    153,
    151,
    152,
    150,
    148,
    147,
    94,
    146,
    145,
    139,
    137,
    136,
    134,
    132,
    130,
    131,
    129,
    204,
    126,
    125,
    123,
    121,
    120,
    118,
    117,
    211,
    115,
    114,
    113,
    112,
    215,
    110,
    109,
    142,
    108,
    218,
    107,
    104,
    103,
    66,
    101,
    140,
    99,
    98,
    97,
    96,
    91,
    239,
    232,
    89,
    88,
    87,
    81,
    141,
    79,
    234,
    76,
    64,
    75,
    225,
    74,
    235,
    73,
    71,
    237,
    68,
    62,
    221,
    84,
    61,
    60,
    80
  ]
}