{
  "values": [
    8.480208,
    0.2220305,
    1.1385963,
    7.7068033,
    3.0228503,
    0.25410435,
    1.9058795,
    3.408424,
    7.454597,
    7.5735545,
    1.3153924,
    1.4887464,
    2.4402063,
    6.5767393,
    7.9792013,
    0.8903502,
    9.880822,
    12.109147,
    14.972441,
    0.06388522,
    0.7073603,
    3.315021,
    4.3301244,
    7.773812,
    2.4161503,
    6.4319434,
    0.8881097,
    1.1622618,
    0.61551726,
    1.6772327,
    1.0217437,
    2.6096833,
    4.176511,
    1.1395979,
    3.3052344,
    11.97604,
    3.428679,
    3.2737856,
    2.7749045,
    12.678603,
    7.2252197,
    1.3135443,
    4.5459104,
    1.3822808,
    2.061602,
    1.4602882,
    3.1251793,
    1.4613836,
    6.2570443,
    2.4357178,
    5.9518676,
    1.4756899,
    2.7252622,
    2.554914,
    6.398841,
    0.59648067,
    5.8206563,
    3.9200315,
    1.5839709,
    12.484205,
    5.908525,
    0.5158313,
    1.2924025,
    1.7938213,
    1.1067686,
    4.715089,
    2.2859774,
    4.258926,
    1.7190573,
    1.0070395,
    19.070345,
    10.212741,
    0.68772054,
    7.6908,
    1.400292,
    3.637692,
    0.9472325,
    0.6638167,
    1.1667686,
    3.558631,
    2.543308,
    1.382534,
    6.705244,
    0.8700289,
    2.9745326,
    10.36493,
    2.2220628,
    0.44992024,
    6.3786516,
    1.0551592,
    3.7520895,
    3.5026796,
    0.8279316,
    4.093102,
    5.9167185,
    1.4896638,
    0.39932463,
    0.41143176,
    3.158415,
    3.2229548,
    5.8556933,
    0.1524961,
    1.7295365,
    0.5300337,
    5.1721096,
    4.9202313,
    4.1776958
  ],
  "years": [
    2022,
    2017,
    2018,
    2015,
    2019,
    2015,
    2019,
    2015,
    2021,
    2022,
    2016,
    2015,
    2015,
    2021,
    2016,
    2021,
    2018,
    2018,
    2019,
    2014,
    2015,
    2022,
    2014,
    2017,
    2018,
    2021,
    2019,
    2019,
    2018,
    2014,
    2014,
    2021,
    2019,
    2021,
    2019,
    2019,
    2018,
    2022,
    2014,
    2018,
    2018,
    2019,
    2016,
    2019,
    2019,
    2017,
    2018,
    2017,
    2015,
    2022,
    2018,
    2018,
    2017,
    2018,
    2019,
    2014,
    2021,
    2019,
    2016,
    2018,
    2019,
    2012,
    2018,
    2018,
    2017,
    2022,
    2015,
    2013,
    2022,
    2011,
    2012,
    2021,
    2018,
    2017,
    2019,
    2016,
    2016,
    2022,
    2022,
    2019,
    2019,
    2019,
    2019,
    2019,
    2019,
    2019,
    2016,
    2016,
    2014,
    2018,
    2017,
    2022,
    2022,
    2016,
    2017,
    2019,
    2022,
    2023,
    2019,
    2019,
    2016,
    2012,
    2021,
    2020,
    2022,
    2018,
    2019
  ],
  "entities": [
    15,
    16,
    17,
    19,
    21,
    22,
    28,
    31,
    32,
    33,
    34,
    36,
    37,
    40,
    41,
    42,
    43,
    174,
    173,
    171,
    170,
    169,
    168,
    167,
    166,
    143,
    164,
    160,
    201,
    65,
    259,
    78,
    158,
    202,
    153,
    151,
    152,
    150,
    148,
    147,
    94,
    146,
    145,
    139,
    137,
    136,
    134,
    130,
    131,
    129,
    204,
    126,
    125,
    123,
    121,
    120,
    118,
    117,
    211,
    115,
    114,
    111,
    112,
    215,
    110,
    109,
    142,
    108,
    107,
    105,
    104,
    103,
    66,
    101,
    140,
    99,
    98,
    97,
    96,
    91,
    239,
    232,
    89,
    88,
    233,
    87,
    81,
    141,
    79,
    234,
    76,
    64,
    75,
    225,
    74,
    235,
    73,
    71,
    69,
    237,
    68,
    67,
    62,
    84,
    61,
    60,
    80
  ]
}