{
  "values": [
    0.21966232,
    0.41514167,
    0.27706268,
    0.3094129,
    0.13998382,
    0.28411222,
    0.18334012,
    0.000311275,
    0.002318711,
    0.001053829,
    0.000538558,
    0.00000219,
    0.06554554,
    0.07247695,
    0.06991271,
    0.06286464,
    0.05510361,
    0.04190085,
    0.044268765,
    0.02275602,
    0.017288458,
    0.016976573,
    0.036685813,
    0.033094607,
    0.007113747,
    0.025491025,
    0.70427555,
    0.007019712,
    0.0648189,
    0.037886474,
    0.035361398,
    0.000451423,
    0.010791564,
    0.005702157,
    0.006044511,
    0.017554037,
    0.002723011,
    0.000128096,
    0.000125118,
    0.0000608,
    0.050179612,
    0.81915927,
    0.71482885,
    0.54644185,
    0.22447844,
    0.7452702,
    0.16902842,
    0.13646826,
    0.000198401,
    0.0000539,
    0.0000472,
    0.0000156,
    0.00000103,
    0.003694811,
    1.4256021,
    0.16109645,
    0.17720559,
    0.11695502,
    0.0000334,
    0.00000487,
    0.000108249,
    0.024260502,
    0.012883419,
    0.05755362,
    0.03024106,
    0.034342177,
    0.015449325,
    0.23985317,
    0.14256513,
    0.16986337,
    0.14320219,
    0.07584386,
    0.13346024,
    0.027335439,
    0.5085849,
    0.027554072,
    0.01847164,
    0.017539347,
    0.014165185,
    2.33e-7,
    0.00000127,
    0.00000443,
    0.006578834,
    0.007305434,
    0.008075902,
    0.006432464,
    0.003920325,
    0.003424656,
    0.002761719,
    0.13467118,
    0.13568403,
    0.13492803,
    0.134011,
    0.111191735,
    0.10490743,
    0.103210054,
    0.000823805,
    0.0000327,
    0.0000106,
    0.11030159,
    0.15029606,
    0.1015803,
    0.15486562,
    0.24613678,
    0.115702786,
    0.05856874,
    0.001234378,
    0.009262325,
    0.001197907,
    0.008993209,
    0.008123756,
    0.006568199,
    0.009183664,
    0.002421555,
    0.007434058,
    0.0741714,
    0.041663524,
    0.24033356,
    0.2256658,
    0.23209806,
    0.12767975,
    0.001405624,
    0.22608526,
    0.21241902,
    0.000263446,
    0.000253434,
    0.000221517,
    0.000152659,
    0.0001121,
    0.0000972,
    0.23161523,
    0.17405275,
    0.14052258,
    0.13883904,
    0.17392324,
    0.14931414
  ],
  "years": [
    2016,
    2017,
    2018,
    2019,
    2020,
    2021,
    2022,
    2016,
    2017,
    2018,
    2021,
    2022,
    2016,
    2017,
    2018,
    2019,
    2020,
    2021,
    2022,
    2016,
    2017,
    2018,
    2019,
    2020,
    2021,
    2022,
    2022,
    2017,
    2018,
    2021,
    2022,
    2022,
    2020,
    2021,
    2022,
    2020,
    2022,
    2016,
    2017,
    2018,
    2021,
    2016,
    2017,
    2018,
    2019,
    2020,
    2021,
    2022,
    2016,
    2017,
    2018,
    2019,
    2020,
    2020,
    2019,
    2020,
    2021,
    2022,
    2019,
    2021,
    2017,
    2017,
    2018,
    2019,
    2020,
    2021,
    2022,
    2016,
    2017,
    2018,
    2019,
    2020,
    2021,
    2022,
    2022,
    2019,
    2020,
    2021,
    2022,
    2020,
    2021,
    2022,
    2016,
    2017,
    2018,
    2019,
    2020,
    2021,
    2022,
    2016,
    2017,
    2018,
    2019,
    2020,
    2021,
    2022,
    2022,
    2017,
    2018,
    2016,
    2017,
    2018,
    2019,
    2020,
    2021,
    2022,
    2016,
    2017,
    2018,
    2019,
    2016,
    2017,
    2018,
    2019,
    2020,
    2021,
    2022,
    2016,
    2017,
    2018,
    2019,
    2020,
    2021,
    2022,
    2017,
    2018,
    2019,
    2020,
    2021,
    2022,
    2017,
    2018,
    2019,
    2020,
    2021,
    2022
  ],
  "entities": [
    22,
    22,
    22,
    22,
    22,
    22,
    22,
    28,
    28,
    28,
    28,
    28,
    30,
    30,
    30,
    30,
    30,
    30,
    30,
    32,
    32,
    32,
    32,
    32,
    32,
    32,
    33,
    40,
    40,
    170,
    170,
    143,
    65,
    65,
    65,
    158,
    158,
    3,
    3,
    3,
    153,
    152,
    152,
    152,
    152,
    152,
    152,
    152,
    2,
    2,
    2,
    2,
    2,
    129,
    125,
    125,
    125,
    125,
    122,
    122,
    211,
    115,
    115,
    115,
    115,
    115,
    115,
    107,
    107,
    107,
    107,
    107,
    107,
    107,
    99,
    97,
    97,
    97,
    97,
    95,
    95,
    95,
    92,
    92,
    92,
    92,
    92,
    92,
    92,
    12,
    12,
    12,
    12,
    12,
    12,
    12,
    91,
    7,
    7,
    76,
    76,
    76,
    76,
    76,
    76,
    76,
    225,
    225,
    225,
    225,
    71,
    71,
    71,
    71,
    71,
    68,
    68,
    67,
    67,
    67,
    67,
    67,
    67,
    67,
    1,
    1,
    1,
    1,
    1,
    1,
    64,
    64,
    64,
    64,
    64,
    64
  ]
}