{
  "values": [
    0.000295118,
    0.006238414,
    0.001253917,
    0.000415599,
    0.000204712,
    0.000201725,
    0.00019943,
    0.000835797,
    0.000324324,
    0.0000436,
    0.000367614,
    0.000298591,
    0.000292914,
    0.000711495,
    0.003704529,
    0.008035623,
    0.002242554,
    0.001011546,
    0.001332412,
    0.002105171,
    0.001520968,
    0.00593845,
    0.000362631,
    0.023505734,
    0.021846125,
    0.010077955,
    0.018315388,
    0.01065057,
    0.016316563,
    0.018362429,
    0.008824586,
    0.00824426,
    0.001058385,
    0.0000561,
    0.0000834,
    0.0000706,
    0.000378294,
    0.014484009,
    0.015706027,
    0.001615092,
    0.000270056,
    0.00222611,
    0.00071006,
    0.000656934,
    0.000381995,
    0.000133087,
    0.000331656,
    0.00036057,
    0.000720887,
    0.002153645,
    0.000323931,
    0.000140149,
    0.000330264,
    0.0000477,
    0.00021663,
    0.001827538,
    0.00653849,
    0.001327789,
    0.121821955,
    0.004292332,
    0.000400835,
    0.003128141,
    0.001806735,
    0.002276698,
    0.00091558,
    0.001081543,
    0.000214927,
    0.0000303,
    0.00081633,
    0.00223315,
    0.000988139,
    0.005576207,
    0.003701382,
    0.002083308,
    0.00185642,
    0.001983724,
    0.001385079,
    0.012532276,
    0.014004317,
    0.006847439,
    0.004072625,
    0.004528975,
    0.005726077,
    0.007558705,
    0.000039,
    0.001580656,
    0.011338949,
    0.008741201,
    0.006929788,
    0.008672532,
    0.00493355,
    0.006673478,
    0.009764242,
    0.006159572,
    0.004864764,
    0.001376927,
    0.002864819,
    0.003163119,
    0.003528969,
    0.003352747,
    0.0000534,
    0.000266908,
    0.00000584,
    0.00001272,
    0.00000616,
    0.00000937,
    0.002090907,
    0.001869302,
    0.00179647,
    0.001430829,
    0.00097476,
    0.000956283
  ],
  "years": [
    2021,
    2017,
    2018,
    2018,
    2019,
    2020,
    2021,
    2022,
    2016,
    2017,
    2018,
    2019,
    2021,
    2022,
    2016,
    2017,
    2018,
    2019,
    2020,
    2021,
    2021,
    2022,
    2018,
    2016,
    2017,
    2018,
    2019,
    2020,
    2021,
    2022,
    2016,
    2017,
    2018,
    2019,
    2020,
    2021,
    2022,
    2017,
    2018,
    2020,
    2021,
    2022,
    2016,
    2017,
    2018,
    2019,
    2020,
    2021,
    2022,
    2021,
    2016,
    2017,
    2018,
    2019,
    2020,
    2021,
    2022,
    2016,
    2017,
    2018,
    2019,
    2020,
    2021,
    2022,
    2016,
    2017,
    2018,
    2019,
    2020,
    2021,
    2022,
    2016,
    2017,
    2018,
    2019,
    2020,
    2021,
    2016,
    2017,
    2018,
    2019,
    2020,
    2021,
    2022,
    2021,
    2022,
    2016,
    2017,
    2018,
    2019,
    2020,
    2021,
    2022,
    2016,
    2017,
    2018,
    2019,
    2020,
    2021,
    2022,
    2016,
    2017,
    2018,
    2019,
    2020,
    2021,
    2017,
    2018,
    2019,
    2020,
    2021,
    2022
  ],
  "entities": [
    32,
    40,
    40,
    170,
    170,
    170,
    170,
    170,
    165,
    165,
    165,
    165,
    165,
    165,
    163,
    163,
    163,
    163,
    163,
    163,
    161,
    161,
    156,
    3,
    3,
    3,
    3,
    3,
    3,
    3,
    6,
    6,
    6,
    6,
    6,
    6,
    6,
    207,
    207,
    135,
    135,
    135,
    2,
    2,
    2,
    2,
    2,
    2,
    2,
    129,
    122,
    122,
    122,
    122,
    122,
    122,
    122,
    212,
    212,
    212,
    212,
    212,
    212,
    212,
    102,
    102,
    102,
    102,
    102,
    102,
    102,
    11,
    11,
    11,
    11,
    11,
    11,
    95,
    95,
    95,
    95,
    95,
    95,
    95,
    127,
    90,
    83,
    83,
    83,
    83,
    83,
    83,
    83,
    9,
    9,
    9,
    9,
    9,
    9,
    9,
    10,
    10,
    10,
    10,
    10,
    10,
    1,
    1,
    1,
    1,
    1,
    1
  ]
}