{
  "values": [
    0.025172966,
    0.02435064,
    0.019791823,
    0.023023726,
    0.020451885,
    0.019004103,
    0.01669649,
    0.000856057,
    0.000916646,
    0.00072734,
    0.001275446,
    0.000591583,
    0.001395135,
    0.005107588,
    0.00107135,
    0.00231997,
    0.0000217,
    0.002166559,
    0.001652132,
    0.008476225,
    0.006545824,
    0.005964506,
    0.004823614,
    0.003912165,
    0.00330401,
    0.00283493,
    0.0000115,
    0.00000637,
    0.000138798,
    0.000242598,
    0.000138145,
    0.000206454,
    0.002087327,
    0.001541927,
    0.001187199,
    0.001113118,
    0.000130463,
    0.06692844,
    0.055171758,
    0.048912216,
    0.04429538,
    0.034011412,
    0.0338021,
    0.029904475,
    0.022429865,
    0.005425678,
    0.004486745,
    0.003466905,
    0.003077414,
    0.002104865,
    0.001601512,
    0.002950054,
    0.0000185,
    0.008087486,
    0.001294339,
    0.00027625,
    0.001841366,
    0.001729752,
    0.002061415,
    0.00175566,
    0.003681691,
    0.00374822,
    0.006107096,
    0.004441824,
    0.001443757,
    0.001733699,
    0.003390712,
    0.002838963,
    0.002541096,
    0.00234054,
    0.002057503,
    0.000633186,
    0.000234755,
    0.0000887,
    0.0000127,
    0.000249449,
    0.0000144,
    7.15e-7,
    0.021999793,
    0.01856458,
    0.014489162,
    0.011154379,
    0.010459974,
    0.009705683,
    0.008332564,
    0.00073919,
    0.000415591,
    0.00044967,
    0.000193104,
    0.00000931,
    0.00000775,
    1.26e-7,
    0.00000287,
    0.0000975,
    0.00398186,
    0.003250494,
    0.003179062,
    0.002751998,
    0.002033189,
    0.001923875,
    0.001646582,
    0.010282706,
    0.008423131,
    0.007194648,
    0.006081804,
    0.004175173,
    0.002913936,
    0.00602073,
    0.005942452,
    0.005106558,
    0.004564725,
    0.003846381,
    0.003666036,
    0.003672101,
    0.19319901,
    0.15721385,
    0.18395017,
    0.1106716,
    0.13076253,
    0.092847325,
    0.11084777,
    0.005160113,
    0.004179699,
    0.003779349,
    0.002852218,
    0.002436415,
    0.002593163
  ],
  "years": [
    2016,
    2017,
    2018,
    2019,
    2020,
    2021,
    2022,
    2016,
    2017,
    2018,
    2019,
    2020,
    2021,
    2022,
    2017,
    2018,
    2022,
    2021,
    2022,
    2016,
    2017,
    2018,
    2019,
    2020,
    2021,
    2022,
    2021,
    2022,
    2016,
    2017,
    2018,
    2019,
    2016,
    2017,
    2018,
    2019,
    2020,
    2016,
    2017,
    2018,
    2019,
    2020,
    2021,
    2022,
    2021,
    2016,
    2017,
    2018,
    2019,
    2020,
    2021,
    2022,
    2016,
    2022,
    2017,
    2018,
    2019,
    2020,
    2021,
    2022,
    2016,
    2017,
    2018,
    2019,
    2020,
    2021,
    2022,
    2016,
    2017,
    2018,
    2019,
    2020,
    2021,
    2022,
    2021,
    2022,
    2017,
    2021,
    2016,
    2017,
    2018,
    2019,
    2020,
    2021,
    2022,
    2021,
    2016,
    2017,
    2018,
    2019,
    2020,
    2021,
    2022,
    2017,
    2016,
    2017,
    2018,
    2019,
    2020,
    2021,
    2022,
    2016,
    2017,
    2018,
    2019,
    2020,
    2021,
    2016,
    2017,
    2018,
    2019,
    2020,
    2021,
    2022,
    2016,
    2017,
    2018,
    2019,
    2020,
    2021,
    2022,
    2017,
    2018,
    2019,
    2020,
    2021,
    2022
  ],
  "entities": [
    24,
    24,
    24,
    24,
    24,
    24,
    24,
    32,
    32,
    32,
    32,
    32,
    32,
    32,
    40,
    40,
    44,
    144,
    144,
    161,
    161,
    161,
    161,
    161,
    161,
    161,
    65,
    65,
    156,
    156,
    156,
    156,
    155,
    155,
    155,
    155,
    155,
    3,
    3,
    3,
    3,
    3,
    3,
    3,
    153,
    2,
    2,
    2,
    2,
    2,
    2,
    2,
    122,
    116,
    115,
    115,
    115,
    115,
    115,
    115,
    212,
    212,
    212,
    212,
    212,
    212,
    212,
    102,
    102,
    102,
    102,
    102,
    102,
    102,
    217,
    217,
    11,
    11,
    95,
    95,
    95,
    95,
    95,
    95,
    95,
    127,
    12,
    12,
    12,
    12,
    12,
    12,
    12,
    83,
    9,
    9,
    9,
    9,
    9,
    9,
    9,
    10,
    10,
    10,
    10,
    10,
    10,
    7,
    7,
    7,
    7,
    7,
    7,
    7,
    71,
    71,
    71,
    71,
    71,
    71,
    71,
    1,
    1,
    1,
    1,
    1,
    1
  ]
}