{
  "values": [
    0.14530078,
    0.19021094,
    0.18430859,
    0.14850391,
    0.15048438,
    0.21983594,
    0.30208594,
    0.31870702,
    0.25762892,
    0.1750625,
    0.11942578,
    0.09133594,
    0.07267188,
    0.05651172,
    0.0446875,
    0.04563281,
    0.07465234,
    0.12603906,
    0.1595039,
    0.15315235,
    0.13908593,
    0.14720704,
    0.1657461,
    0.19015625,
    0.23616016,
    0.2778633,
    0.26028517,
    0.1885703,
    0.12172266,
    0.08494922,
    0.05926563,
    0.03466016,
    0.01991406,
    0.01928125,
    0.02917188,
    0.05101953,
    0.09249609,
    0.14575781,
    0.17589843,
    0.1558711,
    0.10266797,
    0.05706641,
    0.04205469,
    0.05142969,
    0.06458203,
    0.07013672,
    0.07492188,
    0.08416406,
    0.08990234,
    0.09353906,
    0.11907031,
    0.17908984,
    0.23702735,
    0.23679689,
    0.17366016,
    0.10095313,
    0.06574219,
    0.07008203,
    0.08742188,
    0.09212109,
    0.07935938,
    0.06241016,
    0.05191406,
    0.05583984,
    0.09783984,
    0.19933203,
    0.32911718,
    0.40346876,
    0.3663828,
    0.25353906,
    0.15003125,
    0.10345313,
    0.10106641,
    0.10491406,
    0.08845313,
    0.05591016,
    0.03142188,
    0.02669531,
    0.03066797,
    0.03094141,
    0.02995313,
    0.03429297,
    0.03916406,
    0.03460156,
    0.0211875,
    0.00849609,
    0.00216016,
    0.00086328,
    0.00203906,
    0.00411719,
    0.00539063,
    0.00475781,
    0.00296875,
    0.00151172,
    0.00101172,
    0.00142578,
    0.00348047,
    0.00909766,
    0.01821484,
    0.02653906,
    0.03297266,
    0.04520703,
    0.06453516,
    0.0735625,
    0.05844922,
    0.03103906,
    0.01123828,
    0.00336719,
    0.00112109,
    0.0003125
  ],
  "years": [
    1911,
    1912,
    1913,
    1914,
    1915,
    1916,
    1917,
    1918,
    1919,
    1920,
    1921,
    1922,
    1923,
    1924,
    1925,
    1926,
    1927,
    1928,
    1929,
    1930,
    1931,
    1932,
    1933,
    1934,
    1935,
    1936,
    1937,
    1938,
    1939,
    1940,
    1941,
    1942,
    1943,
    1944,
    1945,
    1946,
    1947,
    1948,
    1949,
    1950,
    1951,
    1952,
    1953,
    1954,
    1955,
    1956,
    1957,
    1958,
    1959,
    1960,
    1961,
    1962,
    1963,
    1964,
    1965,
    1966,
    1967,
    1968,
    1969,
    1970,
    1971,
    1972,
    1973,
    1974,
    1975,
    1976,
    1977,
    1978,
    1979,
    1980,
    1981,
    1982,
    1983,
    1984,
    1985,
    1986,
    1987,
    1988,
    1989,
    1990,
    1991,
    1992,
    1993,
    1994,
    1995,
    1996,
    1997,
    1998,
    1999,
    2000,
    2001,
    2002,
    2003,
    2004,
    2005,
    2006,
    2007,
    2008,
    2009,
    2010,
    2011,
    2012,
    2013,
    2014,
    2015,
    2016,
    2017,
    2018,
    2019,
    2020
  ],
  "entities": [
    13,
    13,
    13,
    13,
    13,
    13,
    13,
    13,
    13,
    13,
    13,
    13,
    13,
    13,
    13,
    13,
    13,
    13,
    13,
    13,
    13,
    13,
    13,
    13,
    13,
    13,
    13,
    13,
    13,
    13,
    13,
    13,
    13,
    13,
    13,
    13,
    13,
    13,
    13,
    13,
    13,
    13,
    13,
    13,
    13,
    13,
    13,
    13,
    13,
    13,
    13,
    13,
    13,
    13,
    13,
    13,
    13,
    13,
    13,
    13,
    13,
    13,
    13,
    13,
    13,
    13,
    13,
    13,
    13,
    13,
    13,
    13,
    13,
    13,
    13,
    13,
    13,
    13,
    13,
    13,
    13,
    13,
    13,
    13,
    13,
    13,
    13,
    13,
    13,
    13,
    13,
    13,
    13,
    13,
    13,
    13,
    13,
    13,
    13,
    13,
    13,
    13,
    13,
    13,
    13,
    13,
    13,
    13,
    13,
    13
  ]
}