{
  "values": [
    14.5300781,
    19.0210938,
    18.4308594,
    14.8503906,
    15.0484375,
    21.9835938,
    30.2085938,
    31.8707031,
    25.7628906,
    17.50625,
    11.9425781,
    9.1335938,
    7.2671875,
    5.6511719,
    4.46875,
    4.5632813,
    7.4652344,
    12.6039063,
    15.9503906,
    15.3152344,
    13.9085938,
    14.7207031,
    16.5746094,
    19.015625,
    23.6160156,
    27.7863281,
    26.0285156,
    18.8570313,
    12.1722656,
    8.4949219,
    5.9265625,
    3.4660156,
    1.9914063,
    1.928125,
    2.9171875,
    5.1019531,
    9.2496094,
    14.5757813,
    17.5898438,
    15.5871094,
    10.2667969,
    5.7066406,
    4.2054688,
    5.1429688,
    6.4582031,
    7.0136719,
    7.4921875,
    8.4164063,
    8.9902344,
    9.3539063,
    11.9070313,
    17.9089844,
    23.7027344,
    23.6796875,
    17.3660156,
    10.0953125,
    6.5742188,
    7.0082031,
    8.7421875,
    9.2121094,
    7.9359375,
    6.2410156,
    5.1914063,
    5.5839844,
    9.7839844,
    19.9332031,
    32.9117188,
    40.346875,
    36.6382813,
    25.3539063,
    15.003125,
    10.3453125,
    10.1066406,
    10.4914063,
    8.8453125,
    5.5910156,
    3.1421875,
    2.6695313,
    3.0667969,
    3.0941406,
    2.9953125,
    3.4292969,
    3.9164063,
    3.4601563,
    2.11875,
    0.8496094,
    0.2160156,
    0.0863281,
    0.2039063,
    0.4117188,
    0.5390625,
    0.4757813,
    0.296875,
    0.1511719,
    0.1011719,
    0.1425781,
    0.3480469,
    0.9097656,
    1.8214844,
    2.6539063,
    3.2972656,
    4.5207031,
    6.4535156,
    7.35625,
    5.8449219,
    3.1039063,
    1.1238281,
    0.3367188,
    0.1121094,
    0.03125
  ],
  "years": [
    1911,
    1912,
    1913,
    1914,
    1915,
    1916,
    1917,
    1918,
    1919,
    1920,
    1921,
    1922,
    1923,
    1924,
    1925,
    1926,
    1927,
    1928,
    1929,
    1930,
    1931,
    1932,
    1933,
    1934,
    1935,
    1936,
    1937,
    1938,
    1939,
    1940,
    1941,
    1942,
    1943,
    1944,
    1945,
    1946,
    1947,
    1948,
    1949,
    1950,
    1951,
    1952,
    1953,
    1954,
    1955,
    1956,
    1957,
    1958,
    1959,
    1960,
    1961,
    1962,
    1963,
    1964,
    1965,
    1966,
    1967,
    1968,
    1969,
    1970,
    1971,
    1972,
    1973,
    1974,
    1975,
    1976,
    1977,
    1978,
    1979,
    1980,
    1981,
    1982,
    1983,
    1984,
    1985,
    1986,
    1987,
    1988,
    1989,
    1990,
    1991,
    1992,
    1993,
    1994,
    1995,
    1996,
    1997,
    1998,
    1999,
    2000,
    2001,
    2002,
    2003,
    2004,
    2005,
    2006,
    2007,
    2008,
    2009,
    2010,
    2011,
    2012,
    2013,
    2014,
    2015,
    2016,
    2017,
    2018,
    2019,
    2020
  ],
  "entities": [
    13,
    13,
    13,
    13,
    13,
    13,
    13,
    13,
    13,
    13,
    13,
    13,
    13,
    13,
    13,
    13,
    13,
    13,
    13,
    13,
    13,
    13,
    13,
    13,
    13,
    13,
    13,
    13,
    13,
    13,
    13,
    13,
    13,
    13,
    13,
    13,
    13,
    13,
    13,
    13,
    13,
    13,
    13,
    13,
    13,
    13,
    13,
    13,
    13,
    13,
    13,
    13,
    13,
    13,
    13,
    13,
    13,
    13,
    13,
    13,
    13,
    13,
    13,
    13,
    13,
    13,
    13,
    13,
    13,
    13,
    13,
    13,
    13,
    13,
    13,
    13,
    13,
    13,
    13,
    13,
    13,
    13,
    13,
    13,
    13,
    13,
    13,
    13,
    13,
    13,
    13,
    13,
    13,
    13,
    13,
    13,
    13,
    13,
    13,
    13,
    13,
    13,
    13,
    13,
    13,
    13,
    13,
    13,
    13,
    13
  ]
}