{
  "values": [
    34.66667,
    26.29482,
    26.11519,
    32.44478,
    31.51888,
    56.69176,
    51.27536,
    40.44029,
    34.5582,
    59.67739,
    73.5,
    51.07153,
    47.21819,
    49.47486,
    49.99255,
    52.83228,
    35.3,
    44.78339,
    75.28246,
    90.30165,
    50.92593,
    28.28947,
    56.09155,
    19.9258,
    63.56769,
    48.16972,
    54.33334,
    54.66373,
    50,
    65.04572,
    90.97561,
    34.85857,
    24.88724,
    30.2356,
    80.1617,
    21.43443,
    32.38405,
    35.62628,
    74.7,
    81.63644,
    80.40707,
    86.98252,
    83.11993,
    57.03803,
    53.41667,
    23.83333,
    57.96152,
    65.70584,
    40.75,
    36.57523,
    54.44587,
    55.32915,
    77.47036,
    56.2548,
    66.2,
    76.87043,
    47.5,
    28.08333,
    59.54928,
    26.80067,
    86.47581,
    81.30769,
    75.32369,
    70.83734,
    45.6,
    35.05497,
    43.41486,
    52.83333,
    36.83334,
    83.41666,
    25.81493,
    31.73308,
    58.62069,
    46.82927,
    34,
    72.38858,
    72.05684,
    50.51612,
    62.39421,
    72.23058,
    30.4,
    39.04164,
    31.99047,
    75.87604,
    81.21925,
    41.25861,
    47.73736,
    57.46282,
    36.57559,
    23.31725,
    38.51324,
    42.0748,
    67.05959,
    28.01147,
    76.45415,
    78.51889,
    58.93879,
    37.23106,
    52.65432,
    72.44871,
    71.24498,
    16.21499,
    52.68527,
    76.17363,
    83.13828,
    64.41666,
    81.98475,
    73.87595,
    49.04905,
    30.53942,
    24.55395,
    38.95389,
    41.28364,
    32.55609,
    30.54313,
    54.46469,
    39.84463,
    44.0316,
    50.8,
    59.62164,
    75.06667,
    68.1891,
    42.68908,
    89.75,
    26.8,
    70.78365,
    50.20576
  ],
  "years": [
    2014,
    2022,
    2010,
    2014,
    2022,
    2014,
    2022,
    2014,
    2022,
    2014,
    2022,
    2014,
    2022,
    2014,
    2022,
    2022,
    2014,
    2022,
    2014,
    2022,
    2014,
    2022,
    2014,
    2022,
    2022,
    2014,
    2022,
    2014,
    2022,
    2014,
    2022,
    2014,
    2014,
    2022,
    2014,
    2022,
    2022,
    2014,
    2014,
    2022,
    2014,
    2022,
    2022,
    2022,
    2014,
    2022,
    2014,
    2022,
    2014,
    2022,
    2014,
    2022,
    2022,
    2014,
    2014,
    2022,
    2014,
    2022,
    2014,
    2022,
    2022,
    2014,
    2022,
    2022,
    2014,
    2022,
    2022,
    2014,
    2022,
    2022,
    2014,
    2022,
    2014,
    2022,
    2022,
    2014,
    2022,
    2022,
    2014,
    2022,
    2014,
    2014,
    2022,
    2014,
    2022,
    2014,
    2022,
    2014,
    2014,
    2022,
    2014,
    2022,
    2014,
    2022,
    2014,
    2022,
    2022,
    2014,
    2014,
    2014,
    2022,
    2014,
    2014,
    2014,
    2022,
    2022,
    2014,
    2022,
    2014,
    2014,
    2022,
    2014,
    2022,
    2014,
    2022,
    2022,
    2014,
    2022,
    2014,
    2022,
    2014,
    2022,
    2022,
    2022,
    2014,
    2014,
    2022
  ],
  "entities": [
    17,
    18,
    21,
    21,
    21,
    22,
    22,
    23,
    23,
    25,
    28,
    30,
    34,
    37,
    37,
    44,
    172,
    172,
    171,
    171,
    170,
    170,
    163,
    163,
    162,
    201,
    201,
    65,
    65,
    156,
    158,
    152,
    6,
    6,
    150,
    149,
    148,
    145,
    144,
    144,
    137,
    137,
    136,
    135,
    134,
    134,
    14,
    14,
    130,
    130,
    131,
    131,
    129,
    208,
    126,
    126,
    124,
    124,
    120,
    120,
    262,
    116,
    116,
    211,
    113,
    113,
    112,
    110,
    110,
    142,
    5,
    5,
    106,
    106,
    105,
    103,
    103,
    357,
    101,
    101,
    140,
    97,
    97,
    96,
    96,
    11,
    93,
    226,
    92,
    92,
    12,
    12,
    91,
    88,
    86,
    86,
    85,
    83,
    81,
    127,
    127,
    9,
    10,
    198,
    198,
    76,
    75,
    75,
    73,
    71,
    71,
    70,
    70,
    67,
    67,
    1,
    13,
    13,
    63,
    63,
    62,
    62,
    238,
    84,
    61,
    80,
    80
  ]
}