{
  "values": [
    77.122856,
    99,
    99.87142,
    94.336845,
    92.07692,
    95.55827,
    90.18,
    95.29852,
    92.815384,
    86.25208,
    93.27524,
    93.05,
    94.53265,
    95.98032,
    87.11333,
    92.468254,
    77.86667,
    58.905712,
    56.8,
    54.93,
    40.566666,
    10.7,
    57.547825,
    83.48948,
    95.74286,
    83.1,
    21.2,
    51.806664,
    83.611115,
    42.414284,
    33.5,
    27.2,
    71.100006,
    70.4,
    69.84865,
    85.25,
    37.7,
    72.9,
    9.4,
    41.019997,
    18.942858,
    55.7,
    37.6,
    21.8125,
    81.666664,
    18.025,
    23.08889,
    58.3,
    50.75,
    46.63333,
    27.199999,
    41.00769,
    13.888889,
    74.1,
    13.2,
    92.5,
    48.666668,
    92.41429,
    53.233334,
    37.27778,
    30.4,
    30,
    74.64666,
    43.300003,
    92.957146,
    31.5,
    23.8,
    11.9,
    18.599998,
    32.166668,
    18.496296,
    90.2,
    19.525,
    17.2,
    49.32857,
    94.12222,
    32.483334,
    35.44,
    48.86,
    47.3,
    39.17647,
    67,
    39.6,
    41.533337,
    56.79,
    88.479996,
    89.700005,
    23.85,
    53.309093,
    69.6,
    28.0625,
    29.785715,
    7.3,
    34.71111,
    32.9,
    8.1,
    38.003704,
    32.93333,
    38.800003,
    92.27857,
    21.34,
    23.2875,
    45.457146,
    42.271427,
    50.466663,
    17.566668,
    45.266666,
    90.38333,
    52.5,
    94.2375,
    96.86667,
    31.785715,
    15.685715,
    93.71,
    90.36875,
    90.2,
    55.61111,
    88.740005,
    36.325,
    11,
    43.449997,
    55.192593,
    86.46,
    7.1,
    33.784615,
    24.466667,
    19.4,
    91.4,
    39,
    97.4,
    98.8,
    97.3,
    74,
    27.925,
    91.68,
    42.465385,
    18.8,
    28.4,
    7.8,
    56.355564,
    89.957146
  ],
  "years": [
    2016,
    2017,
    2017,
    2018,
    2018,
    2020,
    2020,
    2020,
    2020,
    2020,
    2020,
    2020,
    2020,
    2020,
    2020,
    2020,
    2020,
    2020,
    2020,
    2020,
    2020,
    2020,
    2020,
    2020,
    2020,
    2020,
    2020,
    2020,
    2020,
    2020,
    2020,
    2020,
    2020,
    2020,
    2020,
    2020,
    2020,
    2020,
    2020,
    2020,
    2020,
    2020,
    2020,
    2020,
    2020,
    2020,
    2020,
    2020,
    2020,
    2020,
    2020,
    2020,
    2020,
    2020,
    2020,
    2020,
    2020,
    2020,
    2020,
    2020,
    2020,
    2020,
    2020,
    2020,
    2020,
    2020,
    2020,
    2020,
    2020,
    2020,
    2020,
    2020,
    2020,
    2020,
    2020,
    2020,
    2020,
    2020,
    2020,
    2020,
    2020,
    2020,
    2020,
    2020,
    2020,
    2020,
    2020,
    2020,
    2020,
    2020,
    2020,
    2020,
    2020,
    2020,
    2020,
    2020,
    2020,
    2020,
    2020,
    2020,
    2020,
    2020,
    2020,
    2020,
    2020,
    2020,
    2020,
    2020,
    2020,
    2020,
    2020,
    2020,
    2020,
    2020,
    2020,
    2020,
    2020,
    2020,
    2020,
    2020,
    2020,
    2020,
    2020,
    2020,
    2020,
    2020,
    2020,
    2020,
    2020,
    2020,
    2020,
    2020,
    2020,
    2020,
    2020,
    2020,
    2020,
    2020,
    2020,
    2021,
    2022
  ],
  "entities": [
    44,
    86,
    133,
    4,
    7,
    1,
    2,
    3,
    4,
    5,
    6,
    7,
    8,
    9,
    10,
    11,
    12,
    13,
    14,
    15,
    17,
    19,
    21,
    23,
    24,
    25,
    27,
    28,
    30,
    32,
    33,
    34,
    35,
    36,
    37,
    39,
    40,
    44,
    60,
    61,
    62,
    63,
    64,
    65,
    67,
    68,
    69,
    70,
    72,
    74,
    75,
    76,
    79,
    80,
    81,
    83,
    84,
    85,
    88,
    89,
    90,
    91,
    92,
    94,
    95,
    96,
    97,
    98,
    99,
    100,
    101,
    102,
    103,
    104,
    105,
    106,
    107,
    109,
    110,
    112,
    113,
    115,
    116,
    117,
    118,
    119,
    122,
    124,
    126,
    127,
    128,
    129,
    130,
    131,
    132,
    134,
    135,
    136,
    137,
    138,
    139,
    140,
    141,
    142,
    143,
    145,
    148,
    149,
    150,
    155,
    156,
    158,
    160,
    161,
    162,
    163,
    164,
    165,
    166,
    167,
    170,
    171,
    172,
    195,
    201,
    202,
    203,
    207,
    208,
    210,
    211,
    212,
    214,
    217,
    226,
    238,
    239,
    259,
    266,
    71,
    172
  ]
}