{
  "values": [
    55.575356,
    3.9936278,
    13.690484,
    65.38853,
    3.3003166,
    23.695393,
    35.65633,
    4.157338,
    13.315696,
    79.9984,
    7.08177,
    55.31436,
    5.7183747,
    50.878113,
    36.815144,
    62.226624,
    54.51254,
    20.953676,
    57.21866,
    89.6522,
    88.01778,
    5.9309154,
    15.3234005,
    37.9162,
    76.37731,
    86.54503,
    4.0167937,
    63.961014,
    13.0480795,
    11.97835,
    12.228299,
    9.888304,
    23.491016,
    40.737415,
    89.36204,
    12.378331,
    46.682827,
    49.398636,
    8.631118,
    76.45074,
    21.396704,
    73.54492,
    85.555534,
    9.771467,
    66.8842,
    17.702822,
    30.134142,
    19.016888,
    8.234379,
    12.094954,
    2.1045156,
    2.0697298,
    59.242664,
    54.820923,
    1.8272611,
    28.932909,
    48.62845,
    74.95096,
    10.804649,
    87.654274,
    53.998714,
    1.6598788,
    66.936226,
    52.08471,
    11.053289,
    31.006245,
    68.34934,
    4.4235206,
    7.3679476,
    67.49673,
    51.100338,
    66.844086,
    27.72744,
    10.0405245,
    89.51404,
    62.39771,
    4.6886387,
    29.985243,
    2.3014796,
    75.710045,
    19.502424,
    25.885134,
    17.496832,
    38.8759,
    10.033298,
    3.799916,
    55.068188,
    40.16618,
    1.701771,
    0.27891576,
    80.83555,
    19.275324,
    8.70519,
    66.415146,
    11.05727,
    3.0292242,
    45.217426,
    1.7763075,
    46.217945,
    80.912346,
    8.212371,
    5.447239,
    5.391151,
    1.35513,
    17.088419,
    77.9622,
    2.3301287,
    8.135617,
    9.944792,
    40.99904,
    67.19143,
    63.341778
  ],
  "years": [
    2022,
    2017,
    2018,
    2015,
    2019,
    2015,
    2019,
    2012,
    2015,
    2021,
    2022,
    2016,
    2011,
    2015,
    2015,
    2021,
    2016,
    2021,
    2018,
    2018,
    2019,
    2014,
    2015,
    2022,
    2014,
    2017,
    2018,
    2021,
    2019,
    2019,
    2018,
    2014,
    2014,
    2021,
    2019,
    2021,
    2019,
    2019,
    2018,
    2022,
    2014,
    2018,
    2018,
    2019,
    2016,
    2019,
    2019,
    2017,
    2018,
    2018,
    2017,
    2015,
    2022,
    2018,
    2018,
    2017,
    2018,
    2019,
    2014,
    2021,
    2019,
    2016,
    2018,
    2019,
    2022,
    2012,
    2018,
    2018,
    2017,
    2022,
    2015,
    2013,
    2022,
    2011,
    2012,
    2021,
    2018,
    2017,
    2019,
    2016,
    2016,
    2022,
    2022,
    2019,
    2012,
    2019,
    2019,
    2019,
    2019,
    2019,
    2019,
    2016,
    2016,
    2014,
    2018,
    2017,
    2022,
    2022,
    2016,
    2017,
    2019,
    2022,
    2023,
    2019,
    2019,
    2016,
    2012,
    2021,
    2020,
    2022,
    2018,
    2019
  ],
  "entities": [
    15,
    16,
    17,
    19,
    21,
    22,
    28,
    29,
    31,
    32,
    33,
    34,
    35,
    36,
    37,
    40,
    41,
    42,
    43,
    174,
    173,
    171,
    170,
    169,
    168,
    167,
    166,
    143,
    164,
    160,
    201,
    65,
    259,
    78,
    158,
    202,
    153,
    151,
    152,
    150,
    148,
    147,
    94,
    146,
    145,
    139,
    137,
    136,
    134,
    132,
    130,
    131,
    129,
    204,
    126,
    125,
    123,
    121,
    120,
    118,
    117,
    211,
    115,
    114,
    113,
    111,
    112,
    215,
    110,
    109,
    142,
    108,
    107,
    105,
    104,
    103,
    66,
    101,
    140,
    99,
    98,
    97,
    96,
    91,
    229,
    239,
    232,
    89,
    88,
    233,
    87,
    81,
    141,
    79,
    234,
    76,
    64,
    75,
    225,
    74,
    235,
    73,
    71,
    69,
    237,
    68,
    67,
    62,
    84,
    61,
    60,
    80
  ]
}