{
  "values": [
    5.788696,
    5.5896735,
    5.0722165,
    6.044581,
    7.23587,
    6.5506654,
    5.754577,
    9.405209,
    6.3663297,
    8.614807,
    6.676621,
    7.11077,
    6.362547,
    7.7305813,
    5.3874702,
    14.417719,
    9.248843,
    13.880359,
    10.831269,
    11.364154,
    8.094857,
    19.191402,
    11.36634,
    19.956217,
    15.207219,
    19.815226,
    30.03964,
    24.253561,
    24.255907,
    24.761738,
    22.996952,
    25.554327,
    26.023232,
    20.120098,
    23.699545,
    20.416153,
    20.780937,
    36.420235,
    30.169886,
    36.377598,
    36.791466,
    16.76891,
    13.372311,
    16.34852,
    16.52303,
    22.811165,
    14.94087,
    22.241924,
    22.568417,
    31.332268,
    13.609527,
    30.71412,
    31.199968,
    31.954857,
    9.374386,
    32.14525,
    32.02866,
    35.892727,
    12.692318,
    36.156372,
    35.8824,
    27.671402,
    14.795335,
    28.03155,
    27.73037,
    22.003147,
    8.889641,
    22.259644,
    21.854782,
    15.448935,
    9.599705,
    15.856124,
    15.36962,
    19.48754,
    10.109982,
    19.713156,
    19.319613,
    26.894014,
    10.630999,
    27.204098,
    26.736366,
    15.214883,
    8.580218,
    15.227805,
    14.965981,
    10.688031,
    6.7758794,
    10.828521,
    10.476316,
    53.44633,
    13.088934,
    52.71504,
    53.11279,
    126.55869,
    21.755375,
    83.75966,
    105.62374,
    43.893345,
    8.626681,
    41.965164,
    43.308968
  ],
  "years": [
    1989,
    1990,
    1991,
    1992,
    1993,
    1994,
    1995,
    1996,
    1996,
    1997,
    1997,
    1998,
    1998,
    1999,
    1999,
    2000,
    2000,
    2001,
    2001,
    2002,
    2002,
    2003,
    2003,
    2004,
    2004,
    2005,
    2005,
    2005,
    2005,
    2006,
    2006,
    2006,
    2006,
    2007,
    2007,
    2007,
    2007,
    2008,
    2008,
    2008,
    2008,
    2009,
    2009,
    2009,
    2009,
    2010,
    2010,
    2010,
    2010,
    2011,
    2011,
    2011,
    2011,
    2012,
    2012,
    2012,
    2012,
    2013,
    2013,
    2013,
    2013,
    2014,
    2014,
    2014,
    2014,
    2015,
    2015,
    2015,
    2015,
    2016,
    2016,
    2016,
    2016,
    2017,
    2017,
    2017,
    2017,
    2018,
    2018,
    2018,
    2018,
    2019,
    2019,
    2019,
    2019,
    2020,
    2020,
    2020,
    2020,
    2021,
    2021,
    2021,
    2021,
    2022,
    2022,
    2022,
    2022,
    2023,
    2023,
    2023,
    2023
  ],
  "entities": [
    367036,
    367036,
    367036,
    367036,
    367036,
    367036,
    367036,
    367036,
    369914,
    367036,
    369914,
    367036,
    369914,
    367036,
    369914,
    367036,
    369914,
    367036,
    369914,
    367036,
    369914,
    367036,
    369914,
    367036,
    369914,
    94020,
    367036,
    369914,
    369915,
    94020,
    367036,
    369914,
    369915,
    94020,
    367036,
    369914,
    369915,
    94020,
    367036,
    369914,
    369915,
    94020,
    367036,
    369914,
    369915,
    94020,
    367036,
    369914,
    369915,
    94020,
    367036,
    369914,
    369915,
    94020,
    367036,
    369914,
    369915,
    94020,
    367036,
    369914,
    369915,
    94020,
    367036,
    369914,
    369915,
    94020,
    367036,
    369914,
    369915,
    94020,
    367036,
    369914,
    369915,
    94020,
    367036,
    369914,
    369915,
    94020,
    367036,
    369914,
    369915,
    94020,
    367036,
    369914,
    369915,
    94020,
    367036,
    369914,
    369915,
    94020,
    367036,
    369914,
    369915,
    94020,
    367036,
    369914,
    369915,
    94020,
    367036,
    369914,
    369915
  ]
}