{
  "values": [
    20.0568,
    0.07173,
    0.65842,
    20.86962,
    13.20192,
    43.95555,
    5.97773,
    9.69445,
    8.47882,
    13.52546,
    8.03176,
    0.05568,
    0.08021,
    4.54995,
    9.98664,
    1.21337,
    1.14905,
    12.36354,
    2.1991,
    17.82119,
    1.73817,
    20.86328,
    24.176,
    10.54202,
    11.86717,
    0.2312,
    1.47091,
    0.05743,
    1.00077,
    21.7054,
    3.83963,
    3.45205,
    0.13027,
    13.50444,
    1.39164,
    0.50801,
    1.12824,
    3.16466,
    1.19748,
    7.20317,
    0.03865,
    0.38666,
    0.0559,
    0.20062,
    2.6117,
    14.13355,
    1.59952,
    6.9305,
    0.0822,
    1.63661,
    1.6495,
    0.05393,
    0.72097,
    1.39203,
    0.36829,
    0.09507,
    1.52104,
    11.95303,
    4.19131,
    0.20031,
    1.32141,
    0.06019,
    5.66495,
    0.51811,
    2.94805,
    4.03099,
    48.03998,
    0.01397,
    28.54027,
    0.35594,
    0.37105,
    0.04641,
    0.839,
    4.03107,
    0.20732,
    0.02862,
    1.04807,
    0.05777,
    18.45203,
    0.04445,
    1.68786,
    5.79322,
    0.18418,
    1.12454,
    9.87036,
    0.30988,
    0.29235,
    11.0794,
    0.38356,
    0.12982,
    0.07469,
    0.91085,
    0.02481,
    0.49223,
    5.80328,
    0.05801,
    0.10113,
    6.70627,
    0.25904,
    16.18799,
    2.27955,
    9.05646,
    11.09537,
    3.93107,
    0.08007,
    1.83501,
    6.96967,
    0.00714,
    5.73099,
    0.45836,
    0.22418,
    1.87226,
    31.32587,
    8.27791,
    0.37792,
    0.08058,
    2.71237,
    0.56431,
    0.51137,
    2.13352,
    1.26535,
    2.8205,
    1.54832,
    0.02525,
    0.88713,
    20.9069,
    5.46705,
    0.0098,
    14.67922,
    14.42788,
    0.07581,
    0.04145,
    8.64282,
    0.69056,
    0.34334,
    2.01612,
    0.51656,
    23.58643,
    0.0761,
    0.68063,
    0.12863,
    0.022,
    2.39004,
    2.38198,
    0,
    5.52608
  ],
  "years": [
    2013,
    2013,
    2014,
    2015,
    2015,
    2015,
    2015,
    2015,
    2015,
    2015,
    2015,
    2015,
    2015,
    2015,
    2015,
    2015,
    2015,
    2015,
    2015,
    2015,
    2015,
    2016,
    2016,
    2016,
    2016,
    2016,
    2016,
    2016,
    2016,
    2016,
    2016,
    2016,
    2016,
    2016,
    2016,
    2016,
    2016,
    2016,
    2016,
    2016,
    2016,
    2016,
    2016,
    2016,
    2016,
    2016,
    2016,
    2016,
    2016,
    2016,
    2016,
    2016,
    2016,
    2016,
    2016,
    2016,
    2016,
    2016,
    2016,
    2016,
    2016,
    2016,
    2016,
    2016,
    2016,
    2016,
    2016,
    2016,
    2016,
    2016,
    2016,
    2016,
    2016,
    2016,
    2016,
    2016,
    2016,
    2016,
    2016,
    2016,
    2016,
    2016,
    2016,
    2016,
    2016,
    2016,
    2016,
    2016,
    2016,
    2016,
    2016,
    2016,
    2016,
    2016,
    2016,
    2016,
    2016,
    2016,
    2016,
    2016,
    2016,
    2016,
    2016,
    2016,
    2016,
    2016,
    2016,
    2016,
    2016,
    2016,
    2016,
    2016,
    2016,
    2016,
    2016,
    2016,
    2016,
    2016,
    2016,
    2016,
    2016,
    2016,
    2016,
    2016,
    2016,
    2017,
    2017,
    2017,
    2017,
    2017,
    2017,
    2017,
    2017,
    2017,
    2017,
    2017,
    2017,
    2017,
    2017,
    2017,
    2017,
    2017,
    2017,
    2017,
    2017,
    2017
  ],
  "entities": [
    4,
    114,
    139,
    5,
    6,
    7,
    8,
    9,
    12,
    23,
    35,
    64,
    79,
    111,
    122,
    124,
    132,
    162,
    171,
    210,
    217,
    10,
    11,
    13,
    14,
    15,
    16,
    19,
    20,
    21,
    22,
    25,
    28,
    30,
    31,
    33,
    34,
    37,
    38,
    39,
    40,
    42,
    60,
    61,
    62,
    63,
    65,
    67,
    68,
    70,
    72,
    74,
    75,
    76,
    77,
    80,
    81,
    83,
    86,
    89,
    90,
    91,
    92,
    96,
    97,
    100,
    102,
    104,
    106,
    107,
    108,
    109,
    110,
    112,
    113,
    115,
    116,
    118,
    119,
    121,
    126,
    127,
    129,
    130,
    133,
    136,
    137,
    138,
    142,
    143,
    145,
    146,
    147,
    148,
    149,
    150,
    151,
    152,
    153,
    156,
    160,
    164,
    165,
    166,
    168,
    170,
    172,
    173,
    199,
    201,
    202,
    206,
    214,
    215,
    221,
    225,
    226,
    229,
    232,
    233,
    234,
    235,
    239,
    258,
    259,
    3,
    27,
    41,
    44,
    66,
    78,
    87,
    88,
    105,
    134,
    135,
    141,
    155,
    158,
    159,
    169,
    174,
    211,
    213,
    223,
    227
  ]
}