{
  "values": [
    20.0568,
    0.07173,
    0.65842,
    13.52546,
    8.03176,
    2.1991,
    12.36354,
    13.20192,
    5.97773,
    1.14905,
    9.98664,
    1.21337,
    17.82119,
    20.86962,
    1.73817,
    4.54995,
    8.47882,
    9.69445,
    0.08021,
    43.95555,
    0.05568,
    0.2312,
    1.47091,
    0.05743,
    1.00077,
    21.7054,
    3.83963,
    3.45205,
    0.13027,
    13.50444,
    1.39164,
    0.50801,
    1.12824,
    3.16466,
    1.19748,
    7.20317,
    0.03865,
    0.38666,
    0.00714,
    6.96967,
    1.83501,
    0.08007,
    5.73099,
    3.93107,
    0.12982,
    11.09537,
    9.05646,
    2.27955,
    0.45836,
    1.59952,
    0.88713,
    16.18799,
    0.22418,
    0.25904,
    0.10113,
    6.70627,
    0.05801,
    5.80328,
    1.87226,
    0.49223,
    0.02481,
    0.91085,
    0.07469,
    11.0794,
    0.29235,
    0.30988,
    9.87036,
    11.86717,
    1.12454,
    0.18418,
    1.68786,
    0.04445,
    18.45203,
    0.05777,
    1.04807,
    0.02862,
    0.20732,
    31.32587,
    4.03107,
    8.27791,
    0.839,
    0.04641,
    0.38356,
    0.37105,
    0.35594,
    28.54027,
    0.01397,
    48.03998,
    4.03099,
    2.94805,
    0.51811,
    24.176,
    2.71237,
    5.79322,
    5.66495,
    0.06019,
    0.56431,
    1.54832,
    0.51137,
    1.32141,
    0.20031,
    2.13352,
    4.19131,
    11.95303,
    1.52104,
    0.02525,
    1.26535,
    20.86328,
    0.36829,
    1.39203,
    0.72097,
    0.08058,
    0.05393,
    2.8205,
    1.63661,
    0.0822,
    6.9305,
    1.6495,
    10.54202,
    14.13355,
    2.6117,
    0.37792,
    0.20062,
    0.0559,
    0.09507,
    5.46705,
    0.0098,
    14.67922,
    0.022,
    0.12863,
    0.68063,
    0.07581,
    0.0761,
    23.58643,
    20.9069,
    2.01612,
    0.34334,
    2.39004,
    0,
    2.38198,
    0.69056,
    14.42788,
    5.52608,
    8.64282,
    0.04145,
    0.51656
  ],
  "years": [
    2013,
    2013,
    2014,
    2015,
    2015,
    2015,
    2015,
    2015,
    2015,
    2015,
    2015,
    2015,
    2015,
    2015,
    2015,
    2015,
    2015,
    2015,
    2015,
    2015,
    2015,
    2016,
    2016,
    2016,
    2016,
    2016,
    2016,
    2016,
    2016,
    2016,
    2016,
    2016,
    2016,
    2016,
    2016,
    2016,
    2016,
    2016,
    2016,
    2016,
    2016,
    2016,
    2016,
    2016,
    2016,
    2016,
    2016,
    2016,
    2016,
    2016,
    2016,
    2016,
    2016,
    2016,
    2016,
    2016,
    2016,
    2016,
    2016,
    2016,
    2016,
    2016,
    2016,
    2016,
    2016,
    2016,
    2016,
    2016,
    2016,
    2016,
    2016,
    2016,
    2016,
    2016,
    2016,
    2016,
    2016,
    2016,
    2016,
    2016,
    2016,
    2016,
    2016,
    2016,
    2016,
    2016,
    2016,
    2016,
    2016,
    2016,
    2016,
    2016,
    2016,
    2016,
    2016,
    2016,
    2016,
    2016,
    2016,
    2016,
    2016,
    2016,
    2016,
    2016,
    2016,
    2016,
    2016,
    2016,
    2016,
    2016,
    2016,
    2016,
    2016,
    2016,
    2016,
    2016,
    2016,
    2016,
    2016,
    2016,
    2016,
    2016,
    2016,
    2016,
    2016,
    2017,
    2017,
    2017,
    2017,
    2017,
    2017,
    2017,
    2017,
    2017,
    2017,
    2017,
    2017,
    2017,
    2017,
    2017,
    2017,
    2017,
    2017,
    2017,
    2017,
    2017
  ],
  "entities": [
    4,
    114,
    139,
    23,
    35,
    171,
    162,
    6,
    8,
    132,
    122,
    124,
    210,
    5,
    217,
    111,
    12,
    9,
    79,
    7,
    64,
    15,
    16,
    19,
    20,
    21,
    22,
    25,
    28,
    30,
    31,
    33,
    34,
    37,
    38,
    39,
    40,
    42,
    173,
    172,
    170,
    168,
    199,
    166,
    143,
    165,
    164,
    160,
    201,
    65,
    259,
    156,
    202,
    153,
    151,
    152,
    150,
    149,
    206,
    148,
    147,
    146,
    145,
    138,
    137,
    136,
    133,
    14,
    130,
    129,
    126,
    121,
    119,
    118,
    116,
    115,
    113,
    214,
    112,
    215,
    110,
    109,
    142,
    108,
    107,
    106,
    104,
    102,
    100,
    97,
    96,
    11,
    226,
    127,
    92,
    91,
    229,
    239,
    232,
    90,
    89,
    233,
    86,
    83,
    81,
    258,
    234,
    10,
    77,
    76,
    75,
    225,
    74,
    235,
    70,
    68,
    67,
    72,
    13,
    63,
    62,
    221,
    61,
    60,
    80,
    27,
    41,
    44,
    174,
    169,
    159,
    78,
    158,
    155,
    3,
    135,
    134,
    211,
    223,
    213,
    105,
    66,
    227,
    88,
    87,
    141
  ]
}