{
  "values": [
    2.2092414,
    2.0661194,
    2.0682838,
    1.7647785,
    1.691049,
    1.6276166,
    1.6713402,
    2.0351193,
    1.9147773,
    1.8925319,
    1.9053806,
    1.6265641,
    1.6456987,
    1.4992849,
    1.4086559,
    1.5043454,
    1.1254858,
    0.90172595,
    0.8538857,
    0.8664986,
    0.94177574,
    0.66729987,
    0.7030297,
    0.70968366,
    0.6578138,
    0.66944057,
    0.67726547,
    0.68030757,
    0.78998685,
    0.75999725,
    0.7688686,
    0.7476794,
    0.8328261,
    0.7146464,
    0.75455344,
    0.70223033,
    0.580088,
    0.5046407,
    0.28384173,
    0.31295627,
    0.4024971,
    0.39098948,
    0.53691834,
    0.62218934,
    0.50071436,
    0.56735575,
    0.52053845,
    0.5390364,
    0.60333866,
    0.6004368,
    0.63665956,
    0.60304266,
    0.6453121,
    0.607236,
    0.5962367,
    0.555936,
    0.50434566,
    0.4827292,
    0.4446312,
    0.2542298,
    0.271316,
    0.37207186,
    0.32798973,
    0.7022175,
    0.7481478,
    0.71421176,
    0.7149301,
    0.7938451,
    0.6735473,
    0.6647831,
    0.64188653,
    0.68966985,
    0.7096937,
    0.753867,
    0.6323011,
    0.61426634,
    0.6803551,
    0.57971317,
    0.55265236,
    0.5160444,
    0.2826573,
    0.34717843,
    0.32993236,
    0.310997,
    1.0433447,
    1.0486318,
    1.0135201,
    0.93733764,
    0.9264842,
    0.88981766,
    0.91486084,
    1.031222,
    1.0115973,
    1.0001165,
    1.0187634,
    0.9266738,
    0.894603,
    0.8731646,
    0.797747,
    0.77875966,
    0.6465908,
    0.42664114,
    0.4428341,
    0.48474663,
    0.48615584
  ],
  "years": [
    2003,
    2004,
    2005,
    2006,
    2007,
    2008,
    2009,
    2010,
    2011,
    2012,
    2013,
    2014,
    2015,
    2016,
    2017,
    2018,
    2019,
    2020,
    2021,
    2022,
    2023,
    2003,
    2004,
    2005,
    2006,
    2007,
    2008,
    2009,
    2010,
    2011,
    2012,
    2013,
    2014,
    2015,
    2016,
    2017,
    2018,
    2019,
    2020,
    2021,
    2022,
    2023,
    2003,
    2004,
    2005,
    2006,
    2007,
    2008,
    2009,
    2010,
    2011,
    2012,
    2013,
    2014,
    2015,
    2016,
    2017,
    2018,
    2019,
    2020,
    2021,
    2022,
    2023,
    2003,
    2004,
    2005,
    2006,
    2007,
    2008,
    2009,
    2010,
    2011,
    2012,
    2013,
    2014,
    2015,
    2016,
    2017,
    2018,
    2019,
    2020,
    2021,
    2022,
    2023,
    2003,
    2004,
    2005,
    2006,
    2007,
    2008,
    2009,
    2010,
    2011,
    2012,
    2013,
    2014,
    2015,
    2016,
    2017,
    2018,
    2019,
    2020,
    2021,
    2022,
    2023
  ],
  "entities": [
    366965,
    366965,
    366965,
    366965,
    366965,
    366965,
    366965,
    366965,
    366965,
    366965,
    366965,
    366965,
    366965,
    366965,
    366965,
    366965,
    366965,
    366965,
    366965,
    366965,
    366965,
    367044,
    367044,
    367044,
    367044,
    367044,
    367044,
    367044,
    367044,
    367044,
    367044,
    367044,
    367044,
    367044,
    367044,
    367044,
    367044,
    367044,
    367044,
    367044,
    367044,
    367044,
    371421,
    371421,
    371421,
    371421,
    371421,
    371421,
    371421,
    371421,
    371421,
    371421,
    371421,
    371421,
    371421,
    371421,
    371421,
    371421,
    371421,
    371421,
    371421,
    371421,
    371421,
    371420,
    371420,
    371420,
    371420,
    371420,
    371420,
    371420,
    371420,
    371420,
    371420,
    371420,
    371420,
    371420,
    371420,
    371420,
    371420,
    371420,
    371420,
    371420,
    371420,
    371420,
    240200,
    240200,
    240200,
    240200,
    240200,
    240200,
    240200,
    240200,
    240200,
    240200,
    240200,
    240200,
    240200,
    240200,
    240200,
    240200,
    240200,
    240200,
    240200,
    240200,
    240200
  ]
}