{
  "values": [
    189.43188,
    248.12802,
    75.8681,
    20.724253,
    563.6324,
    20.924747,
    313.9648,
    4.4572144,
    8.105879,
    709.37054,
    547.3605,
    652.5784,
    628.8295,
    706.59344,
    716.27246,
    862.5869,
    419.73212,
    112.17113,
    665.248,
    223.67683,
    582.0105,
    32.072926,
    635.47974,
    84.071304,
    332.07983,
    18.52012,
    9.320084,
    478.89786,
    165.44827,
    153.77249,
    158.14716,
    59.352226,
    696.0754,
    533.6637,
    413.32083,
    118.36598,
    392.66684,
    582.58093,
    646.86395,
    684.1703,
    714.09937,
    869.43164,
    615.0097,
    370.52237,
    641.7276,
    194.31734,
    400.41788,
    492.7889,
    753.23737,
    849.36084,
    134.829,
    17.907303,
    40.15791,
    153.04134,
    281.6671,
    292.321,
    461.9028,
    565.66595,
    236.65942,
    32.32453,
    126.727615,
    693.05475,
    40.1981,
    82.76558,
    41.108166,
    258.2962,
    174.8337,
    375.50357,
    8.159274,
    526.9295,
    49.62675,
    124.86009,
    86.845245,
    30.362173,
    712.3576,
    539.0084,
    480.24435,
    167.36188,
    320.2883,
    224.48868,
    15.1132,
    354.68695,
    33.97513,
    86.67731,
    181.58163,
    299.55338,
    11.269377,
    319.81778,
    83.367836,
    758.1416,
    60.03481,
    21.097605,
    775.49945,
    25.564663,
    108.25513,
    276.1917,
    276.7472,
    868.6186,
    295.17456,
    267.7773,
    500.62476,
    61.90132,
    150.1464,
    238.68521,
    192.6447,
    394.5558,
    485.20517,
    410.049,
    180.02928,
    310.14294,
    34.842545,
    21.513323,
    199.7813,
    880.63605,
    70.4078,
    37.202843,
    297.0601,
    949.4822,
    657.40015,
    23.171831,
    6.6381955,
    365.26215,
    546.71173,
    56.221436,
    482.55432,
    47.048515,
    209.88847,
    271.5763,
    74.364944,
    514.1035,
    120.50367,
    236.79091,
    862.70905,
    499.988,
    209.7443,
    788.42145,
    392.9968,
    338.35806,
    312.2183,
    52.002934,
    119.34724,
    511.84744,
    203.13461,
    1607.5116,
    210.09505,
    260.02188,
    123.99943,
    6.4308677,
    162.57243,
    441.48935,
    115.30696,
    9.667009,
    80.91715,
    148.1063,
    413.687,
    357.26477,
    122.96259,
    280.0269,
    30.809391,
    782.00854,
    164.50388
  ],
  "years": [
    2007,
    2012,
    2012,
    2013,
    2013,
    2013,
    2014,
    2014,
    2014,
    2014,
    2015,
    2015,
    2015,
    2015,
    2015,
    2015,
    2015,
    2015,
    2015,
    2015,
    2015,
    2015,
    2015,
    2015,
    2015,
    2015,
    2015,
    2015,
    2015,
    2015,
    2015,
    2015,
    2015,
    2015,
    2015,
    2015,
    2015,
    2016,
    2016,
    2016,
    2016,
    2016,
    2016,
    2016,
    2016,
    2016,
    2016,
    2016,
    2016,
    2016,
    2016,
    2016,
    2016,
    2016,
    2016,
    2016,
    2016,
    2016,
    2016,
    2016,
    2016,
    2016,
    2016,
    2016,
    2016,
    2016,
    2016,
    2016,
    2016,
    2016,
    2016,
    2016,
    2016,
    2016,
    2016,
    2016,
    2016,
    2016,
    2016,
    2016,
    2016,
    2016,
    2016,
    2016,
    2016,
    2016,
    2016,
    2016,
    2016,
    2016,
    2016,
    2016,
    2016,
    2016,
    2016,
    2016,
    2016,
    2016,
    2016,
    2016,
    2016,
    2016,
    2016,
    2016,
    2016,
    2016,
    2016,
    2016,
    2016,
    2016,
    2016,
    2016,
    2016,
    2016,
    2016,
    2016,
    2016,
    2016,
    2016,
    2016,
    2016,
    2016,
    2016,
    2016,
    2016,
    2016,
    2016,
    2016,
    2016,
    2016,
    2016,
    2016,
    2016,
    2016,
    2016,
    2016,
    2016,
    2016,
    2016,
    2016,
    2016,
    2016,
    2016,
    2016,
    2016,
    2016,
    2016,
    2016,
    2016,
    2017,
    2017,
    2017,
    2017,
    2017,
    2017,
    2017,
    2017,
    2017,
    2017,
    2017,
    2017
  ],
  "entities": [
    31,
    121,
    235,
    15,
    120,
    146,
    67,
    82,
    174,
    199,
    2,
    3,
    5,
    9,
    11,
    13,
    29,
    40,
    44,
    66,
    73,
    89,
    95,
    107,
    113,
    115,
    118,
    119,
    126,
    134,
    137,
    140,
    162,
    163,
    166,
    201,
    234,
    1,
    4,
    6,
    7,
    8,
    10,
    12,
    14,
    16,
    20,
    21,
    23,
    24,
    25,
    28,
    32,
    34,
    35,
    36,
    37,
    39,
    42,
    43,
    45,
    63,
    64,
    65,
    68,
    70,
    71,
    72,
    74,
    75,
    76,
    77,
    78,
    79,
    83,
    84,
    85,
    86,
    88,
    90,
    91,
    92,
    94,
    96,
    97,
    98,
    99,
    100,
    101,
    102,
    103,
    104,
    106,
    109,
    110,
    111,
    112,
    116,
    124,
    125,
    127,
    129,
    130,
    131,
    132,
    133,
    136,
    138,
    139,
    141,
    143,
    147,
    148,
    149,
    150,
    151,
    152,
    155,
    156,
    157,
    158,
    160,
    161,
    164,
    165,
    169,
    171,
    172,
    173,
    200,
    202,
    206,
    207,
    208,
    211,
    212,
    213,
    215,
    217,
    222,
    225,
    226,
    229,
    231,
    233,
    238,
    239,
    258,
    259,
    30,
    33,
    41,
    80,
    108,
    122,
    135,
    142,
    170,
    204,
    210,
    232
  ]
}