{
  "values": [
    188.75302,
    250.4935,
    75.83917,
    20.777798,
    593.71124,
    20.997452,
    319.69714,
    4.467349,
    7.8093433,
    697.9599,
    551.6698,
    663.8952,
    631.2767,
    710.43353,
    710.9434,
    866.6226,
    421.0935,
    112.52749,
    669.5322,
    210.13727,
    569.65784,
    32.60273,
    635.7759,
    84.720795,
    334.62927,
    19.011026,
    9.536028,
    469.52725,
    167.87871,
    152.96906,
    158.76378,
    59.84126,
    696.1163,
    548.1451,
    406.80286,
    118.87994,
    396.8666,
    584.69415,
    647.77094,
    687.7325,
    714.2699,
    874.6303,
    613.1535,
    372.23193,
    642.5669,
    195.45071,
    397.79187,
    495.40784,
    757.4169,
    849.49976,
    133.37181,
    18.02244,
    41.719112,
    151.91357,
    281.02075,
    277.7031,
    453.77167,
    556.41156,
    240.11612,
    31.973557,
    116.32363,
    686.05304,
    39.771164,
    84.30881,
    41.162106,
    260.31326,
    172.48491,
    377.0319,
    8.369009,
    528.81616,
    50.424706,
    126.37166,
    87.376335,
    31.813868,
    702.59564,
    544.0647,
    479.89572,
    163.43565,
    304.5927,
    206.36052,
    15.098355,
    354.31482,
    33.925957,
    88.214935,
    180.02856,
    298.71704,
    11.348578,
    320.03598,
    85.95019,
    758.05273,
    62.19121,
    20.859634,
    783.2543,
    25.232935,
    107.99669,
    277.277,
    277.77542,
    875.87256,
    298.21344,
    268.45477,
    500.50623,
    62.21799,
    150.77486,
    242.44855,
    193.14098,
    397.02158,
    490.35138,
    409.85782,
    179.10794,
    317.16745,
    37.397835,
    21.76944,
    199.50851,
    882.7467,
    69.93713,
    36.666046,
    298.7103,
    949.52576,
    657.3612,
    21.515245,
    6.7280297,
    366.08932,
    548.7563,
    55.84274,
    472.5793,
    46.76518,
    210.21231,
    274.32968,
    77.02541,
    510.65652,
    120.60812,
    227.2678,
    862.4392,
    494.5394,
    204.68979,
    767.4448,
    392.35834,
    333.5402,
    311.70715,
    51.60369,
    119.71242,
    512.6772,
    202.23999,
    1623.036,
    229.56396,
    260.22702,
    122.76281,
    6.293717,
    161.27956,
    431.8444,
    115.034454,
    9.971322,
    81.25387,
    157.02039,
    411.09213,
    359.47028,
    122.037445,
    278.74936,
    30.786356,
    782.29047,
    163.66258
  ],
  "years": [
    2007,
    2012,
    2012,
    2013,
    2013,
    2013,
    2014,
    2014,
    2014,
    2014,
    2015,
    2015,
    2015,
    2015,
    2015,
    2015,
    2015,
    2015,
    2015,
    2015,
    2015,
    2015,
    2015,
    2015,
    2015,
    2015,
    2015,
    2015,
    2015,
    2015,
    2015,
    2015,
    2015,
    2015,
    2015,
    2015,
    2015,
    2016,
    2016,
    2016,
    2016,
    2016,
    2016,
    2016,
    2016,
    2016,
    2016,
    2016,
    2016,
    2016,
    2016,
    2016,
    2016,
    2016,
    2016,
    2016,
    2016,
    2016,
    2016,
    2016,
    2016,
    2016,
    2016,
    2016,
    2016,
    2016,
    2016,
    2016,
    2016,
    2016,
    2016,
    2016,
    2016,
    2016,
    2016,
    2016,
    2016,
    2016,
    2016,
    2016,
    2016,
    2016,
    2016,
    2016,
    2016,
    2016,
    2016,
    2016,
    2016,
    2016,
    2016,
    2016,
    2016,
    2016,
    2016,
    2016,
    2016,
    2016,
    2016,
    2016,
    2016,
    2016,
    2016,
    2016,
    2016,
    2016,
    2016,
    2016,
    2016,
    2016,
    2016,
    2016,
    2016,
    2016,
    2016,
    2016,
    2016,
    2016,
    2016,
    2016,
    2016,
    2016,
    2016,
    2016,
    2016,
    2016,
    2016,
    2016,
    2016,
    2016,
    2016,
    2016,
    2016,
    2016,
    2016,
    2016,
    2016,
    2016,
    2016,
    2016,
    2016,
    2016,
    2016,
    2016,
    2016,
    2016,
    2016,
    2016,
    2016,
    2017,
    2017,
    2017,
    2017,
    2017,
    2017,
    2017,
    2017,
    2017,
    2017,
    2017,
    2017
  ],
  "entities": [
    31,
    121,
    235,
    15,
    120,
    146,
    67,
    82,
    174,
    199,
    2,
    3,
    5,
    9,
    11,
    13,
    29,
    40,
    44,
    66,
    73,
    89,
    95,
    107,
    113,
    115,
    118,
    119,
    126,
    134,
    137,
    140,
    162,
    163,
    166,
    201,
    234,
    1,
    4,
    6,
    7,
    8,
    10,
    12,
    14,
    16,
    20,
    21,
    23,
    24,
    25,
    28,
    32,
    34,
    35,
    36,
    37,
    39,
    42,
    43,
    45,
    63,
    64,
    65,
    68,
    70,
    71,
    72,
    74,
    75,
    76,
    77,
    78,
    79,
    83,
    84,
    85,
    86,
    88,
    90,
    91,
    92,
    94,
    96,
    97,
    98,
    99,
    100,
    101,
    102,
    103,
    104,
    106,
    109,
    110,
    111,
    112,
    116,
    124,
    125,
    127,
    129,
    130,
    131,
    132,
    133,
    136,
    138,
    139,
    141,
    143,
    147,
    148,
    149,
    150,
    151,
    152,
    155,
    156,
    157,
    158,
    160,
    161,
    164,
    165,
    169,
    171,
    172,
    173,
    200,
    202,
    206,
    207,
    208,
    211,
    212,
    213,
    215,
    217,
    222,
    225,
    226,
    229,
    231,
    233,
    238,
    239,
    258,
    259,
    30,
    33,
    41,
    80,
    108,
    122,
    135,
    142,
    170,
    204,
    210,
    232
  ]
}