{
  "values": [
    20.724253,
    194.31734,
    400.41788,
    492.7889,
    753.23737,
    849.36084,
    134.829,
    17.907303,
    419.73212,
    441.48935,
    646.86395,
    189.43188,
    40.15791,
    115.30696,
    153.04134,
    281.6671,
    292.321,
    461.9028,
    565.66595,
    112.17113,
    9.667009,
    236.65942,
    32.32453,
    665.248,
    126.727615,
    8.105879,
    74.364944,
    271.5763,
    209.88847,
    280.0269,
    47.048515,
    709.37054,
    413.32083,
    34.842545,
    482.55432,
    56.221436,
    533.6637,
    696.0754,
    546.71173,
    514.1035,
    365.26215,
    119.34724,
    118.36598,
    82.76558,
    162.57243,
    23.171831,
    657.40015,
    86.845245,
    6.6381955,
    120.50367,
    949.4822,
    652.5784,
    37.202843,
    297.0601,
    684.1703,
    70.4078,
    880.63605,
    236.79091,
    199.7813,
    21.513323,
    33.97513,
    20.924747,
    180.02928,
    410.049,
    862.70905,
    158.14716,
    485.20517,
    357.26477,
    153.77249,
    547.3605,
    394.5558,
    869.43164,
    192.6447,
    641.7276,
    150.1464,
    238.68521,
    61.90132,
    30.809391,
    499.988,
    165.44827,
    267.7773,
    413.687,
    295.17456,
    248.12802,
    563.6324,
    478.89786,
    782.00854,
    9.320084,
    868.6186,
    209.7443,
    18.52012,
    788.42145,
    392.9968,
    332.07983,
    52.002934,
    276.1917,
    276.7472,
    338.35806,
    108.25513,
    25.564663,
    122.96259,
    148.1063,
    84.071304,
    628.8295,
    775.49945,
    21.097605,
    60.03481,
    223.67683,
    758.1416,
    312.2183,
    83.367836,
    59.352226,
    319.81778,
    11.269377,
    299.55338,
    181.58163,
    86.67731,
    716.27246,
    635.47974,
    511.84744,
    354.68695,
    370.52237,
    15.1132,
    203.13461,
    123.99943,
    1607.5116,
    164.50388,
    224.48868,
    32.072926,
    320.2883,
    210.09505,
    167.36188,
    480.24435,
    712.3576,
    4.4572144,
    500.62476,
    6.4308677,
    706.59344,
    310.14294,
    30.362173,
    392.66684,
    615.0097,
    714.09937,
    124.86009,
    49.62675,
    40.1981,
    526.9295,
    8.159274,
    75.8681,
    582.0105,
    174.8337,
    258.2962,
    41.108166,
    313.9648,
    375.50357,
    582.58093,
    862.5869,
    693.05475,
    260.02188,
    539.0084,
    80.91715
  ],
  "years": [
    2013,
    2016,
    2016,
    2016,
    2016,
    2016,
    2016,
    2016,
    2015,
    2017,
    2016,
    2007,
    2016,
    2017,
    2016,
    2016,
    2016,
    2016,
    2016,
    2015,
    2017,
    2016,
    2016,
    2015,
    2016,
    2014,
    2016,
    2016,
    2016,
    2017,
    2016,
    2014,
    2015,
    2016,
    2016,
    2016,
    2015,
    2015,
    2016,
    2016,
    2016,
    2016,
    2015,
    2016,
    2016,
    2016,
    2016,
    2016,
    2016,
    2016,
    2016,
    2015,
    2016,
    2016,
    2016,
    2016,
    2016,
    2016,
    2016,
    2016,
    2016,
    2013,
    2016,
    2016,
    2016,
    2015,
    2016,
    2017,
    2015,
    2015,
    2016,
    2016,
    2016,
    2016,
    2016,
    2016,
    2016,
    2017,
    2016,
    2015,
    2016,
    2017,
    2016,
    2012,
    2013,
    2015,
    2017,
    2015,
    2016,
    2016,
    2015,
    2016,
    2016,
    2015,
    2016,
    2016,
    2016,
    2016,
    2016,
    2016,
    2017,
    2017,
    2015,
    2015,
    2016,
    2016,
    2016,
    2015,
    2016,
    2016,
    2016,
    2015,
    2016,
    2016,
    2016,
    2016,
    2016,
    2015,
    2015,
    2016,
    2016,
    2016,
    2016,
    2016,
    2016,
    2016,
    2017,
    2016,
    2015,
    2016,
    2016,
    2016,
    2016,
    2016,
    2014,
    2016,
    2016,
    2015,
    2016,
    2016,
    2015,
    2016,
    2016,
    2016,
    2016,
    2016,
    2016,
    2016,
    2012,
    2015,
    2016,
    2016,
    2016,
    2014,
    2016,
    2016,
    2015,
    2016,
    2016,
    2016,
    2017
  ],
  "entities": [
    15,
    16,
    20,
    21,
    23,
    24,
    25,
    28,
    29,
    30,
    4,
    31,
    32,
    33,
    34,
    35,
    36,
    37,
    39,
    40,
    41,
    42,
    43,
    44,
    45,
    174,
    173,
    172,
    171,
    170,
    169,
    199,
    166,
    143,
    165,
    164,
    163,
    162,
    161,
    200,
    160,
    225,
    201,
    65,
    259,
    157,
    156,
    78,
    158,
    202,
    155,
    3,
    151,
    152,
    6,
    150,
    149,
    206,
    148,
    147,
    94,
    146,
    139,
    138,
    207,
    137,
    136,
    135,
    134,
    2,
    133,
    8,
    132,
    14,
    130,
    131,
    129,
    204,
    208,
    126,
    125,
    122,
    124,
    121,
    120,
    119,
    210,
    118,
    116,
    211,
    115,
    212,
    213,
    113,
    222,
    111,
    112,
    215,
    110,
    109,
    142,
    108,
    107,
    5,
    106,
    104,
    103,
    66,
    102,
    217,
    101,
    140,
    100,
    99,
    98,
    97,
    96,
    11,
    95,
    226,
    92,
    12,
    91,
    229,
    239,
    231,
    232,
    90,
    89,
    88,
    233,
    86,
    85,
    83,
    82,
    127,
    258,
    9,
    141,
    79,
    234,
    10,
    7,
    77,
    76,
    64,
    75,
    74,
    235,
    73,
    71,
    70,
    68,
    67,
    72,
    1,
    13,
    63,
    238,
    84,
    80
  ]
}