{
  "values": [
    34.70065,
    0.7098571,
    0.6422082,
    29.813654,
    0.43232334,
    0,
    0.11501137,
    10.670179,
    0.85119754,
    37.613907,
    5.369536,
    0.97863156,
    8.452209,
    1.9758208,
    25.508814,
    29.810781,
    9.20033,
    16.03241,
    56.033794,
    57.36407,
    2.0588224,
    0.8465602,
    9.89537,
    8.598706,
    35.63874,
    0.41987276,
    24.463675,
    0.14199235,
    1.2882074,
    0.7249182,
    3.4115405,
    2.8551006,
    4.788879,
    39.22137,
    0.9388653,
    5.4913516,
    30.114878,
    0.087529674,
    12.565458,
    11.866224,
    27.434519,
    34.43457,
    1.7328198,
    15.747884,
    3.0385823,
    5.5155067,
    1.9592224,
    6.866398,
    1.9079982,
    0.76376694,
    0.18723445,
    8.188027,
    11.996459,
    0.43707502,
    4.9170346,
    6.793913,
    35.215897,
    2.0140367,
    33.66502,
    21.212675,
    0.5162209,
    30.392784,
    28.159927,
    4.716421,
    3.0552447,
    1.1815451,
    1.4215081,
    27.133856,
    11.907001,
    17.535622,
    15.553074,
    29.33399,
    11.002402,
    0.3741535,
    17.968626,
    0.47809687,
    19.32162,
    0.9672823,
    1.8242979,
    2.4918683,
    19.64818,
    3.7729878,
    11.381536,
    19.638142,
    0,
    33.28406,
    2.6930623,
    1.0254014,
    26.340866,
    0.94691956,
    3.621962,
    17.531906,
    0.34764376,
    19.300966,
    12.836161,
    0,
    0.57003397,
    0.53096795,
    0.20068465,
    1.964883,
    27.599005,
    1.1156547,
    12.478694,
    0.79732764,
    13.006765,
    21.022789,
    4.6492295
  ],
  "years": [
    2022,
    2017,
    2018,
    2015,
    2019,
    2015,
    2023,
    2022,
    2015,
    2021,
    2022,
    2023,
    2015,
    2015,
    2021,
    2016,
    2021,
    2018,
    2018,
    2019,
    2014,
    2015,
    2022,
    2014,
    2017,
    2018,
    2021,
    2019,
    2019,
    2018,
    2014,
    2014,
    2021,
    2019,
    2021,
    2019,
    2019,
    2018,
    2022,
    2014,
    2018,
    2018,
    2019,
    2016,
    2019,
    2019,
    2017,
    2018,
    2018,
    2023,
    2015,
    2022,
    2018,
    2023,
    2023,
    2023,
    2019,
    2014,
    2021,
    2019,
    2016,
    2018,
    2019,
    2023,
    2018,
    2018,
    2017,
    2022,
    2015,
    2013,
    2022,
    2021,
    2021,
    2018,
    2017,
    2019,
    2016,
    2016,
    2023,
    2022,
    2019,
    2019,
    2019,
    2023,
    2019,
    2019,
    2016,
    2016,
    2014,
    2018,
    2017,
    2022,
    2022,
    2016,
    2017,
    2019,
    2022,
    2023,
    2019,
    2019,
    2016,
    2021,
    2023,
    2020,
    2022,
    2018,
    2019
  ],
  "entities": [
    15,
    16,
    17,
    19,
    21,
    22,
    25,
    28,
    31,
    32,
    33,
    34,
    36,
    37,
    40,
    41,
    42,
    43,
    174,
    173,
    171,
    170,
    169,
    168,
    167,
    166,
    143,
    164,
    160,
    201,
    65,
    259,
    78,
    158,
    202,
    153,
    151,
    152,
    150,
    148,
    147,
    94,
    146,
    145,
    139,
    137,
    136,
    134,
    132,
    130,
    131,
    129,
    204,
    126,
    125,
    123,
    121,
    120,
    118,
    117,
    211,
    115,
    114,
    113,
    112,
    215,
    110,
    109,
    142,
    108,
    107,
    104,
    103,
    66,
    101,
    140,
    99,
    98,
    97,
    96,
    91,
    239,
    232,
    89,
    88,
    87,
    81,
    141,
    79,
    234,
    76,
    64,
    75,
    225,
    74,
    235,
    73,
    71,
    69,
    237,
    68,
    62,
    221,
    84,
    61,
    60,
    80
  ]
}