{
  "values": [
    47.35965,
    44.771229,
    52.035099,
    57.096573,
    41.457355,
    44.592979,
    43.394638,
    49.58073,
    58.077293,
    35.96933,
    35.401993,
    58.570362,
    55.356335,
    30.791712,
    47.753891,
    44.760967,
    54.069881,
    38.076752,
    51.933609,
    45.346809,
    56.048435,
    48.82732,
    26.367861,
    42.697247,
    50.38166,
    26.065964,
    41.341179,
    42.143951,
    36.302628,
    32.550323,
    45.195141,
    32.572704,
    48.906551,
    52.941723,
    51.623917,
    48.680901,
    31.864294,
    35.793324,
    45.859882,
    29.042362,
    44.229076,
    55.50679,
    35.663216,
    27.08444,
    49.083839,
    36.036598,
    47.14328,
    55.771179,
    40.546158,
    50.615417,
    40.86298,
    48.892708,
    56.42429,
    36.722076,
    44.837841,
    43.738914,
    48.394787,
    43.504536,
    43.19746,
    30.679569,
    34.752525,
    44.81554,
    42.150318,
    33.566589,
    33.227013,
    33.018063,
    27.900848,
    36.459496,
    34.929543,
    31.428608,
    31.548655,
    28.749149,
    27.678499,
    32.581635,
    33.08989,
    26.210133,
    43.960674,
    46.566174,
    36.413448,
    61.015034,
    36.69709,
    58.037209,
    36.074764,
    56.069618,
    40.066582,
    27.355919,
    44.181568,
    33.288269,
    66.235527,
    44.624607,
    51.101238,
    56.430374,
    45.818237,
    58.25132,
    42.54813,
    51.846153,
    57.185249,
    41.533077,
    63.556183
  ],
  "years": [
    2015,
    2015,
    2015,
    2015,
    2015,
    2015,
    2015,
    2015,
    2015,
    2015,
    2015,
    2015,
    2015,
    2015,
    2015,
    2015,
    2015,
    2015,
    2015,
    2015,
    2015,
    2015,
    2015,
    2015,
    2015,
    2015,
    2015,
    2015,
    2015,
    2015,
    2015,
    2015,
    2015,
    2015,
    2015,
    2015,
    2015,
    2015,
    2015,
    2015,
    2015,
    2015,
    2015,
    2015,
    2015,
    2015,
    2015,
    2015,
    2015,
    2015,
    2015,
    2015,
    2015,
    2015,
    2015,
    2015,
    2015,
    2015,
    2015,
    2015,
    2015,
    2015,
    2015,
    2015,
    2015,
    2015,
    2015,
    2015,
    2015,
    2015,
    2015,
    2015,
    2015,
    2015,
    2015,
    2015,
    2015,
    2015,
    2015,
    2015,
    2015,
    2015,
    2015,
    2015,
    2015,
    2015,
    2015,
    2015,
    2015,
    2015,
    2015,
    2015,
    2015,
    2015,
    2015,
    2015,
    2015,
    2015,
    2015
  ],
  "entities": [
    113,
    137,
    136,
    135,
    133,
    131,
    126,
    125,
    123,
    122,
    119,
    118,
    114,
    138,
    112,
    111,
    108,
    107,
    106,
    105,
    104,
    103,
    102,
    101,
    100,
    162,
    379,
    259,
    215,
    210,
    201,
    198,
    172,
    171,
    170,
    166,
    165,
    163,
    98,
    161,
    160,
    158,
    156,
    155,
    152,
    149,
    148,
    147,
    141,
    139,
    13,
    42,
    40,
    39,
    37,
    35,
    34,
    30,
    28,
    24,
    23,
    22,
    21,
    44,
    12,
    11,
    10,
    9,
    8,
    7,
    6,
    5,
    4,
    3,
    2,
    83,
    97,
    96,
    95,
    94,
    92,
    89,
    88,
    87,
    86,
    85,
    84,
    1,
    81,
    76,
    75,
    71,
    70,
    68,
    67,
    65,
    64,
    63,
    60
  ]
}