{
  "values": [
    49.300957,
    44.294956,
    37.684837,
    59.570908,
    35.237583,
    25.695101,
    25.6311,
    48.892319,
    64.886963,
    22.360924,
    22.246431,
    62.079704,
    68.503716,
    28.468386,
    49.646141,
    34.318134,
    62.297298,
    38.760246,
    38.177101,
    56.443661,
    57.033909,
    60.069866,
    41.244888,
    44.012642,
    55.832569,
    20.682375,
    31.663626,
    44.840794,
    31.663626,
    26.568762,
    52.895153,
    29.915297,
    55.436741,
    51.119804,
    51.310547,
    44.068604,
    22.772324,
    31.126234,
    40.788696,
    25.080915,
    49.008801,
    50.726265,
    35.624001,
    22.84918,
    27.627506,
    38.385574,
    55.250847,
    83.543983,
    43.732063,
    57.199596,
    38.247868,
    50.036777,
    84.485718,
    24.173197,
    58.900295,
    31.663626,
    42.046932,
    22.625023,
    42.218388,
    21.983555,
    33.095154,
    27.627504,
    45.287067,
    31.108677,
    43.398293,
    30.552839,
    25.240738,
    32.19582,
    31.20495,
    36.818451,
    29.660877,
    31.851297,
    24.800341,
    32.890041,
    35.446815,
    24.941061,
    51.447857,
    49.365967,
    33.005035,
    61.752762,
    23.307804,
    70.404518,
    31.663626,
    67.308304,
    51.125652,
    19.997828,
    49.354843,
    36.026714,
    66.926636,
    27.627506,
    54.609859,
    58.47097,
    45.890194,
    59.852375,
    24.598358,
    52.930672,
    56.936245,
    42.382252,
    75.78299
  ],
  "years": [
    2015,
    2015,
    2015,
    2015,
    2015,
    2015,
    2015,
    2015,
    2015,
    2015,
    2015,
    2015,
    2015,
    2015,
    2015,
    2015,
    2015,
    2015,
    2015,
    2015,
    2015,
    2015,
    2015,
    2015,
    2015,
    2015,
    2015,
    2015,
    2015,
    2015,
    2015,
    2015,
    2015,
    2015,
    2015,
    2015,
    2015,
    2015,
    2015,
    2015,
    2015,
    2015,
    2015,
    2015,
    2015,
    2015,
    2015,
    2015,
    2015,
    2015,
    2015,
    2015,
    2015,
    2015,
    2015,
    2015,
    2015,
    2015,
    2015,
    2015,
    2015,
    2015,
    2015,
    2015,
    2015,
    2015,
    2015,
    2015,
    2015,
    2015,
    2015,
    2015,
    2015,
    2015,
    2015,
    2015,
    2015,
    2015,
    2015,
    2015,
    2015,
    2015,
    2015,
    2015,
    2015,
    2015,
    2015,
    2015,
    2015,
    2015,
    2015,
    2015,
    2015,
    2015,
    2015,
    2015,
    2015,
    2015,
    2015
  ],
  "entities": [
    113,
    137,
    136,
    135,
    133,
    131,
    126,
    125,
    123,
    122,
    119,
    118,
    114,
    138,
    112,
    111,
    108,
    107,
    106,
    105,
    104,
    103,
    102,
    101,
    100,
    162,
    379,
    259,
    215,
    210,
    201,
    198,
    172,
    171,
    170,
    166,
    165,
    163,
    98,
    161,
    160,
    158,
    156,
    155,
    152,
    149,
    148,
    147,
    141,
    139,
    13,
    42,
    40,
    39,
    37,
    35,
    34,
    30,
    28,
    24,
    23,
    22,
    21,
    44,
    12,
    11,
    10,
    9,
    8,
    7,
    6,
    5,
    4,
    3,
    2,
    83,
    97,
    96,
    95,
    94,
    92,
    89,
    88,
    87,
    86,
    85,
    84,
    1,
    81,
    76,
    75,
    71,
    70,
    68,
    67,
    65,
    64,
    63,
    60
  ]
}