{
  "values": [
    80.09102,
    72.08198,
    73.616425,
    60.212986,
    68.85982,
    67.017586,
    74.642845,
    84.52044,
    65.628235,
    72.84443,
    71.624275,
    87.444565,
    82.921455,
    76.020325,
    87.31633,
    85.10426,
    84.898705,
    70.5068,
    78.785194,
    83.580925,
    90.40839,
    77.88381,
    76.89948,
    79.12761,
    71.51011,
    63.353428,
    82.82279,
    87.47985,
    71.42405,
    78.055336,
    81.09143,
    87.82827,
    80.421844,
    67.62067,
    81.37971,
    87.50481,
    83.09552,
    84.21834,
    83.661896,
    94.9963,
    84.744804,
    87.42293,
    81.801636,
    95.364044,
    73.42707,
    75.589424,
    72.80364,
    82.08106,
    73.58441,
    85.21131,
    58.99228,
    85.06311,
    70.82149,
    65.83268,
    84.50433,
    72.52477,
    68.07142,
    81.40154,
    86.43171,
    93.6826,
    75.73848,
    86.524994,
    71.9629,
    87.92614,
    79.08222,
    81.56846,
    89.42567,
    85.093575,
    84.13164,
    85.64458,
    79.193275,
    87.80805,
    78.24367,
    89.972916,
    87.61079,
    83.997345,
    74.37608,
    85.083595,
    82.5198,
    79.842705,
    76.73829,
    82.88917,
    81.8161,
    73.28339,
    84.93578,
    82.908806,
    82.68385,
    86.92501,
    79.32224,
    83.74065,
    85.740456,
    75.18707,
    76.89931,
    84.922966,
    78.639946,
    84.32788,
    75.75294,
    67.43499,
    79.77137,
    80.10275,
    71.34779,
    76.02753,
    78.01984,
    80.36922,
    79.290146,
    77.5206,
    77.74236,
    77.21828,
    82.779366,
    79.206436,
    81.32298,
    72.22729,
    77.10451
  ],
  "years": [
    2020,
    2020,
    2020,
    2020,
    2020,
    2020,
    2020,
    2020,
    2020,
    2020,
    2020,
    2020,
    2020,
    2020,
    2020,
    2020,
    2020,
    2020,
    2020,
    2020,
    2020,
    2020,
    2020,
    2020,
    2020,
    2020,
    2020,
    2020,
    2020,
    2020,
    2020,
    2020,
    2020,
    2020,
    2020,
    2020,
    2020,
    2020,
    2020,
    2020,
    2020,
    2020,
    2020,
    2020,
    2020,
    2020,
    2020,
    2020,
    2020,
    2020,
    2020,
    2020,
    2020,
    2020,
    2020,
    2020,
    2020,
    2020,
    2020,
    2020,
    2020,
    2020,
    2020,
    2020,
    2020,
    2020,
    2020,
    2020,
    2020,
    2020,
    2020,
    2020,
    2020,
    2020,
    2020,
    2020,
    2020,
    2020,
    2020,
    2020,
    2020,
    2020,
    2020,
    2020,
    2020,
    2020,
    2020,
    2020,
    2020,
    2020,
    2020,
    2020,
    2020,
    2020,
    2020,
    2020,
    2020,
    2020,
    2020,
    2020,
    2020,
    2020,
    2020,
    2020,
    2020,
    2020,
    2020,
    2020,
    2020,
    2020,
    2020,
    2020,
    2020
  ],
  "entities": [
    13,
    65,
    110,
    124,
    90,
    130,
    70,
    136,
    28,
    1,
    3,
    6,
    5,
    4,
    9,
    8,
    11,
    138,
    162,
    92,
    10,
    149,
    161,
    135,
    144,
    171,
    137,
    238,
    37,
    113,
    103,
    129,
    64,
    150,
    68,
    32,
    81,
    44,
    23,
    96,
    141,
    84,
    75,
    125,
    142,
    106,
    158,
    115,
    89,
    60,
    127,
    152,
    131,
    126,
    111,
    12,
    67,
    40,
    43,
    80,
    166,
    16,
    21,
    24,
    27,
    34,
    35,
    39,
    172,
    170,
    168,
    165,
    163,
    160,
    201,
    259,
    156,
    155,
    153,
    147,
    134,
    2,
    143,
    122,
    66,
    116,
    212,
    213,
    112,
    107,
    105,
    102,
    98,
    97,
    95,
    85,
    7,
    71,
    72,
    63,
    62,
    379,
    355,
    294,
    273,
    275,
    276,
    295,
    277,
    457,
    460,
    459,
    461
  ]
}