{
  "values": [
    48.59955,
    39.056705,
    39.172626,
    55.266598,
    33.986023,
    36.213947,
    42.23127,
    34.234077,
    39.75522,
    55.042057,
    41.67038,
    37.93146,
    42.18448,
    42.546467,
    54.444054,
    42.276478,
    53.23501,
    57.371414,
    61.421032,
    41.35558,
    40.561817,
    48.509808,
    46.02013,
    51.332783,
    37.121643,
    38.060352,
    51.20119,
    38.763607,
    37.95601,
    37.570576,
    41.29625,
    53.33445,
    38.096855,
    44.672077,
    47.477207,
    36.592346,
    45.14262,
    46.229008,
    56.36844,
    52.905006,
    39.288498,
    48.36274,
    42.717747,
    41.976074,
    38.714344,
    37.860725,
    38.946712,
    35.3875,
    35.55654,
    45.568058,
    40.47824,
    36.281227,
    46.95372,
    43.030434,
    49.556286,
    37.134823,
    56.40658,
    46.327087,
    34.37994,
    55.03447,
    55.95346,
    40.52968,
    37.44999,
    38.750458,
    39.642662,
    41.977955,
    59.994377,
    45.89385,
    45.188347,
    42.5025,
    45.257587,
    66.09566,
    52.904293,
    38.242237,
    51.718334,
    34.97258,
    46.494312,
    41.8788,
    38.91451,
    41.838196,
    47.314747,
    37.487614,
    39.119812,
    40.91726,
    51.711525,
    38.101536,
    34.229683,
    49.457886,
    39.781227,
    38.29435,
    53.4015,
    39.360523,
    38.962334,
    49.796852,
    36.703247,
    45.906166,
    47.754665,
    38.144566,
    37.9842,
    36.487343,
    34.047836,
    38.2353,
    49.157936,
    34.410454,
    35.29128,
    40.275715,
    50.5848,
    48.3623,
    42.613033,
    42.298466
  ],
  "years": [
    2015,
    2017,
    2018,
    2015,
    2019,
    2015,
    2019,
    2012,
    2015,
    2017,
    2016,
    2011,
    2015,
    2015,
    2016,
    2021,
    2018,
    2018,
    2019,
    2014,
    2015,
    2012,
    2014,
    2017,
    2018,
    2019,
    2016,
    2019,
    2018,
    2014,
    2014,
    2019,
    2021,
    2012,
    2019,
    2018,
    2017,
    2014,
    2018,
    2018,
    2019,
    2016,
    2019,
    2019,
    2017,
    2018,
    2018,
    2017,
    2015,
    2014,
    2018,
    2018,
    2017,
    2018,
    2019,
    2014,
    2021,
    2019,
    2016,
    2018,
    2019,
    2021,
    2012,
    2018,
    2018,
    2017,
    2019,
    2015,
    2013,
    2019,
    2011,
    2012,
    2021,
    2018,
    2017,
    2019,
    2016,
    2016,
    2021,
    2017,
    2019,
    2012,
    2019,
    2019,
    2019,
    2019,
    2019,
    2019,
    2016,
    2016,
    2014,
    2018,
    2017,
    2015,
    2019,
    2016,
    2017,
    2019,
    2011,
    2018,
    2019,
    2019,
    2016,
    2012,
    2021,
    2020,
    2013,
    2018,
    2019,
    2014
  ],
  "entities": [
    15,
    16,
    17,
    19,
    21,
    22,
    28,
    29,
    31,
    32,
    34,
    35,
    36,
    37,
    41,
    42,
    43,
    174,
    173,
    171,
    170,
    169,
    168,
    167,
    166,
    164,
    143,
    160,
    201,
    65,
    259,
    158,
    202,
    153,
    151,
    152,
    150,
    148,
    147,
    94,
    146,
    145,
    139,
    137,
    136,
    134,
    132,
    130,
    131,
    129,
    204,
    126,
    125,
    123,
    121,
    120,
    118,
    117,
    211,
    115,
    114,
    113,
    111,
    112,
    215,
    110,
    109,
    142,
    108,
    107,
    105,
    104,
    103,
    66,
    101,
    140,
    99,
    98,
    97,
    96,
    91,
    229,
    239,
    232,
    89,
    88,
    233,
    87,
    81,
    141,
    79,
    234,
    76,
    64,
    75,
    225,
    74,
    235,
    73,
    71,
    69,
    237,
    68,
    67,
    62,
    84,
    61,
    60,
    80,
    78
  ]
}