{
  "values": [
    3.8315704,
    3.856597,
    3.5916286,
    3.4000034,
    3.669142,
    3.6595197,
    3.7027035,
    4.132777,
    4.0332427,
    4.0224776,
    4.1029882,
    4.046974,
    4.298969,
    4.431304,
    4.3739066,
    4.70032,
    4.89351,
    5.925999,
    6.0647006,
    5.6373396,
    6.0064645,
    3.764411,
    3.8209922,
    3.762096,
    3.777308,
    3.6798015,
    3.6771126,
    3.771528,
    4.683399,
    4.7302394,
    4.5495815,
    4.43752,
    4.5632777,
    4.410767,
    4.648273,
    4.6026173,
    4.9020452,
    4.9311304,
    5.4172125,
    5.787283,
    5.735654,
    5.6364074,
    4.9915137,
    5.0976124,
    4.974117,
    5.0474005,
    5.035454,
    5.21541,
    5.13594,
    6.327368,
    6.2649193,
    6.082101,
    6.064119,
    5.9829497,
    6.227694,
    6.1885242,
    6.262345,
    6.268433,
    6.4170847,
    7.244192,
    7.1820254,
    6.8016853,
    7.018267,
    6.9706836,
    6.9840217,
    6.8483815,
    6.8893,
    6.906547,
    7.0293307,
    7.235259,
    7.4713407,
    7.363825,
    7.447498,
    7.4483175,
    7.5397143,
    7.5900645,
    7.5436454,
    7.555466,
    7.4391994,
    7.6917925,
    8.252295,
    7.984558,
    7.850157,
    8.025875,
    4.7475243,
    4.809851,
    4.672639,
    4.664037,
    4.722491,
    4.8109984,
    4.8898077,
    5.609146,
    5.5656447,
    5.510834,
    5.511168,
    5.542947,
    5.657299,
    5.735887,
    5.7437587,
    5.875123,
    6.042813,
    6.7727385,
    6.809237,
    6.568607,
    6.731239
  ],
  "years": [
    2003,
    2004,
    2005,
    2006,
    2007,
    2008,
    2009,
    2010,
    2011,
    2012,
    2013,
    2014,
    2015,
    2016,
    2017,
    2018,
    2019,
    2020,
    2021,
    2022,
    2023,
    2003,
    2004,
    2005,
    2006,
    2007,
    2008,
    2009,
    2010,
    2011,
    2012,
    2013,
    2014,
    2015,
    2016,
    2017,
    2018,
    2019,
    2020,
    2021,
    2022,
    2023,
    2003,
    2004,
    2005,
    2006,
    2007,
    2008,
    2009,
    2010,
    2011,
    2012,
    2013,
    2014,
    2015,
    2016,
    2017,
    2018,
    2019,
    2020,
    2021,
    2022,
    2023,
    2003,
    2004,
    2005,
    2006,
    2007,
    2008,
    2009,
    2010,
    2011,
    2012,
    2013,
    2014,
    2015,
    2016,
    2017,
    2018,
    2019,
    2020,
    2021,
    2022,
    2023,
    2003,
    2004,
    2005,
    2006,
    2007,
    2008,
    2009,
    2010,
    2011,
    2012,
    2013,
    2014,
    2015,
    2016,
    2017,
    2018,
    2019,
    2020,
    2021,
    2022,
    2023
  ],
  "entities": [
    366965,
    366965,
    366965,
    366965,
    366965,
    366965,
    366965,
    366965,
    366965,
    366965,
    366965,
    366965,
    366965,
    366965,
    366965,
    366965,
    366965,
    366965,
    366965,
    366965,
    366965,
    367044,
    367044,
    367044,
    367044,
    367044,
    367044,
    367044,
    367044,
    367044,
    367044,
    367044,
    367044,
    367044,
    367044,
    367044,
    367044,
    367044,
    367044,
    367044,
    367044,
    367044,
    371421,
    371421,
    371421,
    371421,
    371421,
    371421,
    371421,
    371421,
    371421,
    371421,
    371421,
    371421,
    371421,
    371421,
    371421,
    371421,
    371421,
    371421,
    371421,
    371421,
    371421,
    371420,
    371420,
    371420,
    371420,
    371420,
    371420,
    371420,
    371420,
    371420,
    371420,
    371420,
    371420,
    371420,
    371420,
    371420,
    371420,
    371420,
    371420,
    371420,
    371420,
    371420,
    240200,
    240200,
    240200,
    240200,
    240200,
    240200,
    240200,
    240200,
    240200,
    240200,
    240200,
    240200,
    240200,
    240200,
    240200,
    240200,
    240200,
    240200,
    240200,
    240200,
    240200
  ]
}