{
  "values": [
    0.3142803,
    0.3579408,
    0.30850178,
    0.26114306,
    0.2789878,
    0.24031757,
    0.16296193,
    2.285987,
    2.5030494,
    2.3267787,
    2.3511143,
    2.5208182,
    2.4005053,
    2.6331491,
    2.2172687,
    2.3757699,
    2.4555964,
    1.8537562,
    1.9781387,
    1.9082913,
    2.0846386,
    0.2521508,
    0.26595056,
    0.28226316,
    0.23131178,
    0.23743689,
    0.25018224,
    0.22574882,
    2.9653897,
    3.1130276,
    3.2270498,
    3.1818233,
    3.2697072,
    3.0712726,
    3.0900178,
    3.111452,
    3.201509,
    3.1288686,
    2.192195,
    2.241497,
    2.094914,
    2.4632096,
    0.2329909,
    0.22935425,
    0.23614275,
    0.22345383,
    0.2159281,
    0.23035184,
    0.18196167,
    2.740538,
    2.8654015,
    2.9124336,
    2.6096249,
    2.9710298,
    2.7882385,
    2.7738702,
    2.8167698,
    2.7904484,
    2.6915853,
    2.03773,
    1.8869299,
    2.055395,
    2.1774652,
    0.08921428,
    0.08023837,
    0.06312494,
    0.07961198,
    0.10263354,
    0.09812373,
    0.0999126,
    0.7205548,
    0.79765695,
    0.7657981,
    0.8027574,
    0.8480901,
    0.83401453,
    0.76068854,
    0.75248796,
    0.67838967,
    0.76700157,
    0.60702115,
    0.6404416,
    0.6872028,
    0.6633557,
    0.23001665,
    0.24221602,
    0.23160285,
    0.2052126,
    0.21390156,
    0.20904891,
    0.16962841,
    2.2158895,
    2.3479059,
    2.3207886,
    2.2368152,
    2.393445,
    2.25487,
    2.2860107,
    2.1829927,
    2.2064943,
    2.2005756,
    1.6216297,
    1.6327276,
    1.6324522,
    1.7822329
  ],
  "years": [
    2003,
    2004,
    2005,
    2006,
    2007,
    2008,
    2009,
    2010,
    2011,
    2012,
    2013,
    2014,
    2015,
    2016,
    2017,
    2018,
    2019,
    2020,
    2021,
    2022,
    2023,
    2003,
    2004,
    2005,
    2006,
    2007,
    2008,
    2009,
    2010,
    2011,
    2012,
    2013,
    2014,
    2015,
    2016,
    2017,
    2018,
    2019,
    2020,
    2021,
    2022,
    2023,
    2003,
    2004,
    2005,
    2006,
    2007,
    2008,
    2009,
    2010,
    2011,
    2012,
    2013,
    2014,
    2015,
    2016,
    2017,
    2018,
    2019,
    2020,
    2021,
    2022,
    2023,
    2003,
    2004,
    2005,
    2006,
    2007,
    2008,
    2009,
    2010,
    2011,
    2012,
    2013,
    2014,
    2015,
    2016,
    2017,
    2018,
    2019,
    2020,
    2021,
    2022,
    2023,
    2003,
    2004,
    2005,
    2006,
    2007,
    2008,
    2009,
    2010,
    2011,
    2012,
    2013,
    2014,
    2015,
    2016,
    2017,
    2018,
    2019,
    2020,
    2021,
    2022,
    2023
  ],
  "entities": [
    366965,
    366965,
    366965,
    366965,
    366965,
    366965,
    366965,
    366965,
    366965,
    366965,
    366965,
    366965,
    366965,
    366965,
    366965,
    366965,
    366965,
    366965,
    366965,
    366965,
    366965,
    367044,
    367044,
    367044,
    367044,
    367044,
    367044,
    367044,
    367044,
    367044,
    367044,
    367044,
    367044,
    367044,
    367044,
    367044,
    367044,
    367044,
    367044,
    367044,
    367044,
    367044,
    371421,
    371421,
    371421,
    371421,
    371421,
    371421,
    371421,
    371421,
    371421,
    371421,
    371421,
    371421,
    371421,
    371421,
    371421,
    371421,
    371421,
    371421,
    371421,
    371421,
    371421,
    371420,
    371420,
    371420,
    371420,
    371420,
    371420,
    371420,
    371420,
    371420,
    371420,
    371420,
    371420,
    371420,
    371420,
    371420,
    371420,
    371420,
    371420,
    371420,
    371420,
    371420,
    240200,
    240200,
    240200,
    240200,
    240200,
    240200,
    240200,
    240200,
    240200,
    240200,
    240200,
    240200,
    240200,
    240200,
    240200,
    240200,
    240200,
    240200,
    240200,
    240200,
    240200
  ]
}