{
  "values": [
    2.3310769,
    2.2842567,
    2.3587716,
    2.428823,
    2.3596137,
    2.3715806,
    2.5244098,
    2.6572564,
    2.5672982,
    2.7103865,
    2.68341,
    2.627995,
    2.4276795,
    2.3231993,
    2.586274,
    2.5463398,
    2.513345,
    2.319745,
    2.2846107,
    2.4112794,
    2.0495121,
    0.97910625,
    0.95924485,
    0.98159903,
    0.967176,
    0.965174,
    1.0239393,
    1.0348033,
    1.0649697,
    1.0291469,
    0.98668057,
    1.0664175,
    0.997225,
    1.0541881,
    0.89958215,
    0.9556761,
    0.955381,
    0.9260674,
    0.9655123,
    0.86697876,
    0.79605067,
    0.77457243,
    1.0772295,
    0.9768833,
    0.9582332,
    1.0416858,
    0.9887059,
    0.9961606,
    1.1485248,
    1.1396253,
    0.99334604,
    1.0328478,
    1.0951476,
    0.9576096,
    1.1866549,
    0.97943395,
    0.9116553,
    0.96733975,
    0.84206647,
    0.83857507,
    1.0115063,
    0.9065166,
    0.8440757,
    1.0800449,
    1.079479,
    1.0738039,
    1.10493,
    1.1355739,
    1.0383465,
    1.0407426,
    1.1401435,
    1.019736,
    1.1365485,
    1.046534,
    1.0227926,
    0.97159,
    0.96645975,
    0.99155676,
    1.0232741,
    0.9920086,
    0.68134993,
    0.8113771,
    0.8540426,
    0.84958315,
    1.3762363,
    1.3353918,
    1.356365,
    1.4000218,
    1.3754655,
    1.3737909,
    1.4544171,
    1.5172881,
    1.4174998,
    1.4774836,
    1.4821416,
    1.408106,
    1.4137561,
    1.295493,
    1.3627557,
    1.3720163,
    1.3156135,
    1.1837363,
    1.2228488,
    1.2217076,
    1.1187809
  ],
  "years": [
    2003,
    2004,
    2005,
    2006,
    2007,
    2008,
    2009,
    2010,
    2011,
    2012,
    2013,
    2014,
    2015,
    2016,
    2017,
    2018,
    2019,
    2020,
    2021,
    2022,
    2023,
    2003,
    2004,
    2005,
    2006,
    2007,
    2008,
    2009,
    2010,
    2011,
    2012,
    2013,
    2014,
    2015,
    2016,
    2017,
    2018,
    2019,
    2020,
    2021,
    2022,
    2023,
    2003,
    2004,
    2005,
    2006,
    2007,
    2008,
    2009,
    2010,
    2011,
    2012,
    2013,
    2014,
    2015,
    2016,
    2017,
    2018,
    2019,
    2020,
    2021,
    2022,
    2023,
    2003,
    2004,
    2005,
    2006,
    2007,
    2008,
    2009,
    2010,
    2011,
    2012,
    2013,
    2014,
    2015,
    2016,
    2017,
    2018,
    2019,
    2020,
    2021,
    2022,
    2023,
    2003,
    2004,
    2005,
    2006,
    2007,
    2008,
    2009,
    2010,
    2011,
    2012,
    2013,
    2014,
    2015,
    2016,
    2017,
    2018,
    2019,
    2020,
    2021,
    2022,
    2023
  ],
  "entities": [
    366965,
    366965,
    366965,
    366965,
    366965,
    366965,
    366965,
    366965,
    366965,
    366965,
    366965,
    366965,
    366965,
    366965,
    366965,
    366965,
    366965,
    366965,
    366965,
    366965,
    366965,
    367044,
    367044,
    367044,
    367044,
    367044,
    367044,
    367044,
    367044,
    367044,
    367044,
    367044,
    367044,
    367044,
    367044,
    367044,
    367044,
    367044,
    367044,
    367044,
    367044,
    367044,
    371421,
    371421,
    371421,
    371421,
    371421,
    371421,
    371421,
    371421,
    371421,
    371421,
    371421,
    371421,
    371421,
    371421,
    371421,
    371421,
    371421,
    371421,
    371421,
    371421,
    371421,
    371420,
    371420,
    371420,
    371420,
    371420,
    371420,
    371420,
    371420,
    371420,
    371420,
    371420,
    371420,
    371420,
    371420,
    371420,
    371420,
    371420,
    371420,
    371420,
    371420,
    371420,
    240200,
    240200,
    240200,
    240200,
    240200,
    240200,
    240200,
    240200,
    240200,
    240200,
    240200,
    240200,
    240200,
    240200,
    240200,
    240200,
    240200,
    240200,
    240200,
    240200,
    240200
  ]
}