{
  "values": [
    117.30515,
    111.848854,
    114.60614,
    146.22163,
    174.54546,
    155.41766,
    151.24088,
    157.44681,
    144.66165,
    165.26054,
    168.933,
    155.9719,
    130.5436,
    89.99178,
    66.08011,
    69.36035,
    80.779724,
    84.6304,
    85.92162,
    91.8698,
    91.25692,
    95,
    97.5,
    96.965515,
    96.521736,
    100.150375,
    108.25794,
    116.650246,
    116.31851,
    104.074455,
    95.58022,
    95.58022,
    104.54087,
    124.98455,
    112.050476,
    95.27897,
    77.89474,
    70.62907,
    70.62907,
    82.95964,
    90.61224,
    87.25623,
    80.54422,
    82.31651,
    86.95444,
    83.63636,
    80,
    80.995026,
    84.67662,
    92.0398,
    100,
    93.59968,
    97.60192,
    97.09803,
    94.32213,
    93.75777,
    103.15108,
    106.60809,
    91.25561,
    97.1359,
    113.18468,
    111.637856,
    104.83468,
    110.07053,
    119.3903,
    124.62801,
    163.76514,
    199.37363,
    154.55106,
    148.5958,
    89.79272,
    55.84873,
    63.009964,
    63.57174,
    68.48762,
    75.7471,
    69.38549,
    65.782715,
    67.53602,
    68.36767,
    55.59647,
    44.99624,
    39.73868,
    41.885063,
    57.5998,
    80.07398,
    80.3508,
    85.523895,
    68.9283,
    71.972084,
    73.28472,
    94.047714,
    104.24731,
    70.98978,
    69.779724,
    68.229065,
    62.851746,
    113.77456,
    129.27934,
    96.39608,
    86.58064,
    126.97224,
    74.23322,
    65.13873,
    66.41368,
    69.32154,
    78.80231,
    77.11653,
    71.10544,
    71.497314,
    68.4631,
    68.98468,
    64.57214,
    65.6301,
    69.730705,
    78.02801,
    65.59745,
    60.453575,
    43.838833,
    44.63011,
    60.500248,
    58.20599,
    46.910217,
    76.749535,
    122.55643,
    72.8686,
    64.5158,
    79.02028,
    83.17602,
    81.4135,
    64.024796,
    56.71028,
    41.677387,
    45.4918,
    63.38685,
    42.038826,
    21.18893,
    27.250494,
    33.392487,
    25.535805,
    20.032463,
    22.491016,
    25.343906,
    23.62235,
    32.219204,
    37.250664,
    30.576649,
    30.730633,
    37.202774,
    23.648193,
    16.280401,
    14.667051,
    20.638882,
    23.410831,
    23.88358,
    20.84687,
    22.783234,
    35.59253,
    43.771843,
    31.216331,
    38.663662,
    47.939655,
    41.066086,
    33.775337,
    31.966757,
    25.29205,
    27.69956,
    27.681965,
    22.982786,
    21.264477,
    26.319973
  ],
  "years": [
    1850,
    1851,
    1852,
    1853,
    1854,
    1855,
    1856,
    1857,
    1858,
    1859,
    1860,
    1861,
    1862,
    1863,
    1864,
    1865,
    1866,
    1867,
    1868,
    1869,
    1870,
    1871,
    1872,
    1873,
    1874,
    1875,
    1876,
    1877,
    1878,
    1879,
    1880,
    1881,
    1882,
    1883,
    1884,
    1885,
    1886,
    1887,
    1888,
    1889,
    1890,
    1891,
    1892,
    1893,
    1894,
    1895,
    1896,
    1897,
    1898,
    1899,
    1900,
    1901,
    1902,
    1903,
    1904,
    1905,
    1906,
    1907,
    1908,
    1909,
    1910,
    1911,
    1912,
    1913,
    1914,
    1915,
    1916,
    1917,
    1918,
    1919,
    1920,
    1921,
    1922,
    1923,
    1924,
    1925,
    1926,
    1927,
    1928,
    1929,
    1930,
    1931,
    1932,
    1933,
    1934,
    1935,
    1936,
    1937,
    1938,
    1939,
    1940,
    1941,
    1942,
    1943,
    1944,
    1945,
    1946,
    1947,
    1948,
    1949,
    1950,
    1951,
    1952,
    1953,
    1954,
    1955,
    1956,
    1957,
    1958,
    1959,
    1960,
    1961,
    1962,
    1963,
    1964,
    1965,
    1966,
    1967,
    1968,
    1969,
    1970,
    1971,
    1972,
    1973,
    1974,
    1975,
    1976,
    1977,
    1978,
    1979,
    1980,
    1981,
    1982,
    1983,
    1984,
    1985,
    1986,
    1987,
    1988,
    1989,
    1990,
    1991,
    1992,
    1993,
    1994,
    1995,
    1996,
    1997,
    1998,
    1999,
    2000,
    2001,
    2002,
    2003,
    2004,
    2005,
    2006,
    2007,
    2008,
    2009,
    2010,
    2011,
    2012,
    2013,
    2014,
    2015,
    2016,
    2017,
    2018,
    2019,
    2020
  ],
  "entities": [
    355,
    355,
    355,
    355,
    355,
    355,
    355,
    355,
    355,
    355,
    355,
    355,
    355,
    355,
    355,
    355,
    355,
    355,
    355,
    355,
    355,
    355,
    355,
    355,
    355,
    355,
    355,
    355,
    355,
    355,
    355,
    355,
    355,
    355,
    355,
    355,
    355,
    355,
    355,
    355,
    355,
    355,
    355,
    355,
    355,
    355,
    355,
    355,
    355,
    355,
    355,
    355,
    355,
    355,
    355,
    355,
    355,
    355,
    355,
    355,
    355,
    355,
    355,
    355,
    355,
    355,
    355,
    355,
    355,
    355,
    355,
    355,
    355,
    355,
    355,
    355,
    355,
    355,
    355,
    355,
    355,
    355,
    355,
    355,
    355,
    355,
    355,
    355,
    355,
    355,
    355,
    355,
    355,
    355,
    355,
    355,
    355,
    355,
    355,
    355,
    355,
    355,
    355,
    355,
    355,
    355,
    355,
    355,
    355,
    355,
    355,
    355,
    355,
    355,
    355,
    355,
    355,
    355,
    355,
    355,
    355,
    355,
    355,
    355,
    355,
    355,
    355,
    355,
    355,
    355,
    355,
    355,
    355,
    355,
    355,
    355,
    355,
    355,
    355,
    355,
    355,
    355,
    355,
    355,
    355,
    355,
    355,
    355,
    355,
    355,
    355,
    355,
    355,
    355,
    355,
    355,
    355,
    355,
    355,
    355,
    355,
    355,
    355,
    355,
    355,
    355,
    355,
    355,
    355,
    355,
    355
  ]
}