{
  "values": [
    36.8946,
    30.406666,
    36.529198,
    72.416664,
    61.84,
    56.473614,
    84.565,
    148.05833,
    78.80666,
    105.43083,
    125.736664,
    105.504166,
    90.89667,
    77.8875,
    63.516685,
    71.12264,
    99.575554,
    111.693085,
    88.98251,
    71.331665,
    145.1625,
    31.78401,
    33.194866,
    31.744373,
    42.76046,
    51.341537,
    53.52624,
    61.227825,
    104.97216,
    87.8617,
    110.07921,
    127.2684,
    111.88971,
    95.41863,
    84.116425,
    67.53188,
    71.34886,
    94.72347,
    99.446754,
    85.8911,
    83.09521,
    153.54634,
    41.329166,
    42.013332,
    41.57,
    60.96,
    89.33,
    93.4625,
    88.2425,
    179.02667,
    167.8225,
    158.94583,
    229.12334,
    191.46417,
    140.44667,
    114.41333,
    93.845,
    89.39833,
    150.0025,
    158.4925,
    148.51833,
    108.41,
    134.85985,
    37.961666,
    36.899166,
    34.74,
    51.34,
    62.91,
    63.03583,
    69.86083,
    122.81,
    110.10667,
    105.185,
    136.20833,
    133.61333,
    111.1575,
    97.65417,
    79.47,
    72.96667,
    99.1625,
    117.39083,
    108.58083,
    80.5,
    130.36726,
    37.689877,
    31.474741,
    39.612595,
    74.215836,
    64.623085,
    65.2175,
    95.58604,
    157.8775,
    83.58667,
    108.46532,
    126.13084,
    100.29833,
    90.065,
    76.13,
    60.095882,
    71.65796,
    96.02469,
    112.733315,
    85.47812,
    69.005,
    155.41083,
    39.03423,
    31.649616,
    43.597885,
    72.13434,
    60.53923,
    64.10808,
    88.785194,
    147.67366,
    70.38885,
    92.49962,
    121.48,
    92.49962,
    81.68904,
    75.38077,
    56.794037,
    60.085648,
    84.510414,
    91.82706,
    60.85525,
    50.16427,
    121.69981,
    50.15465,
    33.197983,
    38.522705,
    64.90174,
    70.12235,
    57.816715,
    49.73318,
    117.41764,
    60.73461,
    67.87412,
    84.75498,
    67.281364,
    69.71723,
    67.084145,
    51.56644,
    51.44773,
    63.82529,
    72.84401,
    57.163982,
    42.76637,
    68.53814
  ],
  "years": [
    2001,
    2002,
    2003,
    2004,
    2005,
    2006,
    2007,
    2008,
    2009,
    2010,
    2011,
    2012,
    2013,
    2014,
    2015,
    2016,
    2017,
    2018,
    2019,
    2020,
    2021,
    2001,
    2002,
    2003,
    2004,
    2005,
    2006,
    2007,
    2008,
    2009,
    2010,
    2011,
    2012,
    2013,
    2014,
    2015,
    2016,
    2017,
    2018,
    2019,
    2020,
    2021,
    2001,
    2002,
    2003,
    2004,
    2005,
    2006,
    2007,
    2008,
    2009,
    2010,
    2011,
    2012,
    2013,
    2014,
    2015,
    2016,
    2017,
    2018,
    2019,
    2020,
    2021,
    2001,
    2002,
    2003,
    2004,
    2005,
    2006,
    2007,
    2008,
    2009,
    2010,
    2011,
    2012,
    2013,
    2014,
    2015,
    2016,
    2017,
    2018,
    2019,
    2020,
    2021,
    2001,
    2002,
    2003,
    2004,
    2005,
    2006,
    2007,
    2008,
    2009,
    2010,
    2011,
    2012,
    2013,
    2014,
    2015,
    2016,
    2017,
    2018,
    2019,
    2020,
    2021,
    2001,
    2002,
    2003,
    2004,
    2005,
    2006,
    2007,
    2008,
    2009,
    2010,
    2011,
    2012,
    2013,
    2014,
    2015,
    2016,
    2017,
    2018,
    2019,
    2020,
    2021,
    2001,
    2002,
    2003,
    2004,
    2005,
    2006,
    2007,
    2008,
    2009,
    2010,
    2011,
    2012,
    2013,
    2014,
    2015,
    2016,
    2017,
    2018,
    2019,
    2020,
    2021
  ],
  "entities": [
    307409,
    307409,
    307409,
    307409,
    307409,
    307409,
    307409,
    307409,
    307409,
    307409,
    307409,
    307409,
    307409,
    307409,
    307409,
    307409,
    307409,
    307409,
    307409,
    307409,
    307409,
    307413,
    307413,
    307413,
    307413,
    307413,
    307413,
    307413,
    307413,
    307413,
    307413,
    307413,
    307413,
    307413,
    307413,
    307413,
    307413,
    307413,
    307413,
    307413,
    307413,
    307413,
    307418,
    307418,
    307418,
    307418,
    307418,
    307418,
    307418,
    307418,
    307418,
    307418,
    307418,
    307418,
    307418,
    307418,
    307418,
    307418,
    307418,
    307418,
    307418,
    307418,
    307418,
    307419,
    307419,
    307419,
    307419,
    307419,
    307419,
    307419,
    307419,
    307419,
    307419,
    307419,
    307419,
    307419,
    307419,
    307419,
    307419,
    307419,
    307419,
    307419,
    307419,
    307419,
    307420,
    307420,
    307420,
    307420,
    307420,
    307420,
    307420,
    307420,
    307420,
    307420,
    307420,
    307420,
    307420,
    307420,
    307420,
    307420,
    307420,
    307420,
    307420,
    307420,
    307420,
    307433,
    307433,
    307433,
    307433,
    307433,
    307433,
    307433,
    307433,
    307433,
    307433,
    307433,
    307433,
    307433,
    307433,
    307433,
    307433,
    307433,
    307433,
    307433,
    307433,
    307433,
    307454,
    307454,
    307454,
    307454,
    307454,
    307454,
    307454,
    307454,
    307454,
    307454,
    307454,
    307454,
    307454,
    307454,
    307454,
    307454,
    307454,
    307454,
    307454,
    307454,
    307454
  ]
}