{
  "values": [
    31.3,
    39.94,
    42.08,
    31.591919,
    43.48,
    29.010532,
    42.8,
    28.534538,
    38.53,
    29.853958,
    33.68,
    31.716177,
    37.18,
    27.00635,
    44.5,
    29.862309,
    41.25,
    29.76,
    38.92,
    31.003105,
    32,
    31.294296,
    28.79,
    29.90448,
    35.99,
    27.521093,
    50.15465,
    37.689877,
    39.03423,
    31.78401,
    33.197983,
    31.474741,
    31.649616,
    33.194866,
    38.522705,
    39.612595,
    43.597885,
    31.744373,
    64.90174,
    74.215836,
    72.13434,
    42.76046,
    70.12235,
    64.623085,
    60.53923,
    51.341537,
    57.816715,
    65.2175,
    64.10808,
    53.52624,
    49.73318,
    95.58604,
    88.785194,
    61.227825,
    117.41764,
    157.8775,
    147.67366,
    104.97216,
    60.73461,
    83.58667,
    70.38885,
    87.8617,
    67.87412,
    108.46532,
    59.213078,
    92.49962,
    110.07921,
    84.75498,
    126.13084,
    79.72807,
    121.48,
    127.2684,
    67.281364,
    100.29833,
    65.020386,
    92.49962,
    111.88971,
    69.71723,
    90.065,
    54.179615,
    81.68904,
    95.41863,
    67.084145,
    76.13,
    62.80423,
    50.25077,
    75.38077,
    84.116425,
    51.56644,
    60.095882,
    47.479446,
    47.305,
    56.794037,
    67.53188,
    51.44773,
    71.65796,
    53.04348,
    52.6225,
    60.085648,
    71.34886,
    63.82529,
    96.02469,
    71.59246,
    68.74923,
    84.510414,
    94.72347,
    72.84401,
    112.733315,
    71.1253,
    78.02908,
    72.75635,
    91.82706,
    99.446754,
    57.163982,
    73.56879,
    54.2382,
    55.67075,
    50.528187,
    51.257885,
    60.166733,
    35.19684,
    42.76637,
    61.031094,
    44.74524,
    48.296654,
    45.217678,
    45.158627,
    50.129013,
    30.63819,
    68.53814,
    114.58506,
    83.255356,
    96.48557,
    95.224915,
    100.39288,
    122.602165,
    124.70167,
    157.567,
    214.56625,
    174.491,
    212.9924,
    127.649,
    248.36725,
    291.28174,
    177.7775,
    73.58715,
    130.24846,
    103.590965,
    99.66096,
    84.611946,
    99.8675,
    129.5375,
    120.65279
  ],
  "years": [
    1987,
    1988,
    1989,
    1990,
    1990,
    1991,
    1991,
    1992,
    1992,
    1993,
    1993,
    1994,
    1994,
    1995,
    1995,
    1996,
    1996,
    1997,
    1997,
    1998,
    1998,
    1999,
    1999,
    2000,
    2000,
    2000,
    2001,
    2001,
    2001,
    2001,
    2002,
    2002,
    2002,
    2002,
    2003,
    2003,
    2003,
    2003,
    2004,
    2004,
    2004,
    2004,
    2005,
    2005,
    2005,
    2005,
    2006,
    2006,
    2006,
    2006,
    2007,
    2007,
    2007,
    2007,
    2008,
    2008,
    2008,
    2008,
    2009,
    2009,
    2009,
    2009,
    2010,
    2010,
    2010,
    2010,
    2010,
    2011,
    2011,
    2011,
    2011,
    2011,
    2012,
    2012,
    2012,
    2012,
    2012,
    2013,
    2013,
    2013,
    2013,
    2013,
    2014,
    2014,
    2014,
    2014,
    2014,
    2014,
    2015,
    2015,
    2015,
    2015,
    2015,
    2015,
    2016,
    2016,
    2016,
    2016,
    2016,
    2016,
    2017,
    2017,
    2017,
    2017,
    2017,
    2017,
    2018,
    2018,
    2018,
    2018,
    2018,
    2018,
    2018,
    2019,
    2019,
    2019,
    2019,
    2019,
    2019,
    2019,
    2019,
    2020,
    2020,
    2020,
    2020,
    2020,
    2020,
    2020,
    2020,
    2021,
    2021,
    2021,
    2021,
    2021,
    2021,
    2021,
    2021,
    2022,
    2022,
    2022,
    2022,
    2022,
    2022,
    2022,
    2022,
    2023,
    2023,
    2023,
    2023,
    2023,
    2023,
    2023,
    2023
  ],
  "entities": [
    37483,
    37483,
    37483,
    13,
    37483,
    13,
    37483,
    13,
    37483,
    13,
    37483,
    13,
    37483,
    13,
    37483,
    13,
    37483,
    13,
    37483,
    13,
    37483,
    13,
    37483,
    13,
    37483,
    369913,
    13,
    14,
    37483,
    369913,
    13,
    14,
    37483,
    369913,
    13,
    14,
    37483,
    369913,
    13,
    14,
    37483,
    369913,
    13,
    14,
    37483,
    369913,
    13,
    14,
    37483,
    369913,
    13,
    14,
    37483,
    369913,
    13,
    14,
    37483,
    369913,
    13,
    14,
    37483,
    369913,
    13,
    14,
    170,
    37483,
    369913,
    13,
    14,
    170,
    37483,
    369913,
    13,
    14,
    170,
    37483,
    369913,
    13,
    14,
    170,
    37483,
    369913,
    13,
    14,
    81,
    170,
    37483,
    369913,
    13,
    14,
    81,
    170,
    37483,
    369913,
    13,
    14,
    81,
    170,
    37483,
    369913,
    13,
    14,
    81,
    170,
    37483,
    369913,
    13,
    14,
    23,
    81,
    170,
    37483,
    369913,
    13,
    14,
    23,
    81,
    136,
    170,
    37483,
    369913,
    13,
    14,
    23,
    81,
    136,
    170,
    37483,
    369913,
    13,
    14,
    23,
    81,
    136,
    170,
    37483,
    369913,
    13,
    14,
    23,
    81,
    136,
    170,
    37483,
    369913,
    13,
    14,
    23,
    81,
    136,
    170,
    37483,
    369913
  ]
}