{
  "values": [
    71.1253,
    54.2382,
    44.74524,
    83.255356,
    174.491,
    103.590965,
    59.213078,
    79.72807,
    65.020386,
    54.179615,
    50.25077,
    47.305,
    52.6225,
    68.74923,
    72.75635,
    51.257885,
    45.158627,
    100.39288,
    248.36725,
    99.8675,
    50.528187,
    45.217678,
    95.224915,
    127.649,
    84.611946,
    37.689877,
    31.474741,
    39.612595,
    74.215836,
    64.623085,
    65.2175,
    95.58604,
    157.8775,
    83.58667,
    108.46532,
    126.13084,
    100.29833,
    90.065,
    76.13,
    60.095882,
    71.65796,
    96.02469,
    112.733315,
    73.56879,
    61.031094,
    114.58506,
    214.56625,
    130.24846,
    31.3,
    39.94,
    42.08,
    43.48,
    42.8,
    38.53,
    33.68,
    37.18,
    44.5,
    41.25,
    38.92,
    32,
    28.79,
    35.99,
    39.03423,
    31.649616,
    43.597885,
    72.13434,
    60.53923,
    64.10808,
    88.785194,
    147.67366,
    70.38885,
    92.49962,
    121.48,
    92.49962,
    81.68904,
    75.38077,
    56.794037,
    60.085648,
    84.510414,
    91.82706,
    60.166733,
    50.129013,
    122.602165,
    291.28174,
    129.5375,
    62.80423,
    47.479446,
    53.04348,
    71.59246,
    78.02908,
    55.67075,
    48.296654,
    96.48557,
    212.9924,
    99.66096,
    27.521093,
    31.78401,
    33.194866,
    31.744373,
    42.76046,
    51.341537,
    53.52624,
    61.227825,
    104.97216,
    87.8617,
    110.07921,
    127.2684,
    111.88971,
    95.41863,
    84.116425,
    67.53188,
    71.34886,
    94.72347,
    99.446754,
    35.19684,
    30.63819,
    124.70167,
    177.7775,
    120.65279,
    31.591919,
    29.010532,
    28.534538,
    29.853958,
    31.716177,
    27.00635,
    29.862309,
    29.76,
    31.003105,
    31.294296,
    29.90448,
    50.15465,
    33.197983,
    38.522705,
    64.90174,
    70.12235,
    57.816715,
    49.73318,
    117.41764,
    60.73461,
    67.87412,
    84.75498,
    67.281364,
    69.71723,
    67.084145,
    51.56644,
    51.44773,
    63.82529,
    72.84401,
    57.163982,
    42.76637,
    68.53814,
    157.567,
    73.58715
  ],
  "years": [
    2018,
    2019,
    2020,
    2021,
    2022,
    2023,
    2010,
    2011,
    2012,
    2013,
    2014,
    2015,
    2016,
    2017,
    2018,
    2019,
    2020,
    2021,
    2022,
    2023,
    2019,
    2020,
    2021,
    2022,
    2023,
    2001,
    2002,
    2003,
    2004,
    2005,
    2006,
    2007,
    2008,
    2009,
    2010,
    2011,
    2012,
    2013,
    2014,
    2015,
    2016,
    2017,
    2018,
    2019,
    2020,
    2021,
    2022,
    2023,
    1987,
    1988,
    1989,
    1990,
    1991,
    1992,
    1993,
    1994,
    1995,
    1996,
    1997,
    1998,
    1999,
    2000,
    2001,
    2002,
    2003,
    2004,
    2005,
    2006,
    2007,
    2008,
    2009,
    2010,
    2011,
    2012,
    2013,
    2014,
    2015,
    2016,
    2017,
    2018,
    2019,
    2020,
    2021,
    2022,
    2023,
    2014,
    2015,
    2016,
    2017,
    2018,
    2019,
    2020,
    2021,
    2022,
    2023,
    2000,
    2001,
    2002,
    2003,
    2004,
    2005,
    2006,
    2007,
    2008,
    2009,
    2010,
    2011,
    2012,
    2013,
    2014,
    2015,
    2016,
    2017,
    2018,
    2019,
    2020,
    2021,
    2022,
    2023,
    1990,
    1991,
    1992,
    1993,
    1994,
    1995,
    1996,
    1997,
    1998,
    1999,
    2000,
    2001,
    2002,
    2003,
    2004,
    2005,
    2006,
    2007,
    2008,
    2009,
    2010,
    2011,
    2012,
    2013,
    2014,
    2015,
    2016,
    2017,
    2018,
    2019,
    2020,
    2021,
    2022,
    2023
  ],
  "entities": [
    23,
    23,
    23,
    23,
    23,
    23,
    170,
    170,
    170,
    170,
    170,
    170,
    170,
    170,
    170,
    170,
    170,
    170,
    170,
    170,
    136,
    136,
    136,
    136,
    136,
    14,
    14,
    14,
    14,
    14,
    14,
    14,
    14,
    14,
    14,
    14,
    14,
    14,
    14,
    14,
    14,
    14,
    14,
    14,
    14,
    14,
    14,
    14,
    37483,
    37483,
    37483,
    37483,
    37483,
    37483,
    37483,
    37483,
    37483,
    37483,
    37483,
    37483,
    37483,
    37483,
    37483,
    37483,
    37483,
    37483,
    37483,
    37483,
    37483,
    37483,
    37483,
    37483,
    37483,
    37483,
    37483,
    37483,
    37483,
    37483,
    37483,
    37483,
    37483,
    37483,
    37483,
    37483,
    37483,
    81,
    81,
    81,
    81,
    81,
    81,
    81,
    81,
    81,
    81,
    369913,
    369913,
    369913,
    369913,
    369913,
    369913,
    369913,
    369913,
    369913,
    369913,
    369913,
    369913,
    369913,
    369913,
    369913,
    369913,
    369913,
    369913,
    369913,
    369913,
    369913,
    369913,
    369913,
    369913,
    13,
    13,
    13,
    13,
    13,
    13,
    13,
    13,
    13,
    13,
    13,
    13,
    13,
    13,
    13,
    13,
    13,
    13,
    13,
    13,
    13,
    13,
    13,
    13,
    13,
    13,
    13,
    13,
    13,
    13,
    13,
    13,
    13,
    13
  ]
}