viewId,chartType,queryStr,resolvedQueryStr,md5,svgFilename,durationReceiveData,durationTotal,heapUsed,totalDataFileSize
5-year-survival-rate-of-cancers-among-female-patients-in-england,DiscreteBar,,,1ad92e243b8157f1b127eae5b6ce8570,5-year-survival-rate-of-cancers-among-female-patients-in-england_v15_850x600.svg,5,45,233079192,8346
above-ground-biomass-in-forest-per-hectare,WorldMap,,,f332b2ec7edc16e3a7b8d21715b4d6e5,above-ground-biomass-in-forest-per-hectare_v19_850x600.svg,7,96,267768000,52668
above-or-below-extreme-poverty-line-world-bank,StackedArea,,,8b95878b7522b3553b96b6d06205a861,above-or-below-extreme-poverty-line-world-bank_v41_850x600.svg,13,104,217097408,181731
abs-change-energy-consumption,WorldMap,,,bc950a84d17c148e663503ed1ec81fb2,abs-change-energy-consumption_v27_850x600.svg,10,165,212672096,450094
absolute-change-co2,WorldMap,,,4e7c6d654a2bf5c7fdbb0cbcaddcce4d,absolute-change-co2_v29_850x600.svg,10,171,246160856,838887
absolute-gains-in-mean-female-height,WorldMap,,,8854e9d9c0d0a2d23f030b0630314a37,absolute-gains-in-mean-female-height_v13_850x600.svg,9,118,265437040,6921
absolute-number-of-deaths-from-ambient-particulate-air-pollution,LineChart,,,3d83cb81ebade117375107c57e459f2f,absolute-number-of-deaths-from-ambient-particulate-air-pollution_v5_850x600.svg,2,25,260593776,29854
absolute-number-of-deaths-from-household-air-pollution,WorldMap,,,0ddd38750bf22a3700cf90df5cc8795e,absolute-number-of-deaths-from-household-air-pollution_v24_850x600.svg,4,109,242312016,259527
absolute-number-of-deaths-from-outdoor-air-pollution,WorldMap,,,91c0d7ebe12c66662d6d3a1b727c236e,absolute-number-of-deaths-from-outdoor-air-pollution_v21_850x600.svg,3,93,277809560,259076
academic-freedom-index,WorldMap,,,eeda0cf1fe31c537705939fe8a8b4d6e,academic-freedom-index_v15_850x600.svg,27,89,286776264,578060
acceptability-of-uk-farming-practices,StackedDiscreteBar,,,bf3db2c4da311f93e90337ab2ec84bb4,acceptability-of-uk-farming-practices_v14_850x600.svg,2,22,230937520,998
access-drinking-water-stacked,StackedDiscreteBar,,,03527fb490cb606f30c79361faf522d0,access-drinking-water-stacked_v19_850x600.svg,46,99,259094864,859851
access-to-basic-services,LineChart,,,e59e404a4ef46600c3fe85716fc2b6e2,access-to-basic-services_v21_850x600.svg,30,59,232444448,692861
access-to-clean-fuels-and-technologies-for-cooking,WorldMap,,,889b01e2807e56f326f40e1583dada26,access-to-clean-fuels-and-technologies-for-cooking_v26_850x600.svg,4,35,303271480,144171
access-to-clean-fuels-and-technologies-for-cooking-vs-per-capita-energy-consumption,ScatterPlot,,,3aa108d899d72b81e16d247d2fb16b46,access-to-clean-fuels-and-technologies-for-cooking-vs-per-capita-energy-consumption_v39_850x600.svg,129,353,358616536,2357659
access-to-clean-fuels-for-cooking-vs-gdp-per-capita,ScatterPlot,,,99b61d806d92e57a7a1abb61bc50466f,access-to-clean-fuels-for-cooking-vs-gdp-per-capita_v37_850x600.svg,148,494,337266240,2227116
access-to-electricity-urban-vs-rural,ScatterPlot,,,87a69c9ea95effc1a0a3abceec0caae5,access-to-electricity-urban-vs-rural_v28_850x600.svg,24,157,325086544,393514
access-to-electricity-vs-gdp-per-capita,ScatterPlot,,,27319c130cd6338e89f2304b307ef169,access-to-electricity-vs-gdp-per-capita_v45_850x600.svg,24,146,326010104,448654
access-to-justice-men-row,WorldMap,,,7eba67e53a9a0418cd002613bec6bdce,access-to-justice-men-row_v65_850x600.svg,8,74,299724864,1660502
access-to-justice-women-row,WorldMap,,,349889036e91d2e43839ad2fd488c579,access-to-justice-women-row_v70_850x600.svg,11,75,244439072,1659826
access-to-sexual-health-care-and-education,WorldMap,,,eb0e28791e6124dc1ab0d5b6a5331b18,access-to-sexual-health-care-and-education_v22_850x600.svg,5,34,254516880,3496
accessibility-of-statins-in-the-public-health-sector,WorldMap,,,6d180ed514cf91512c80c47cbb2e2ba9,accessibility-of-statins-in-the-public-health-sector_v12_850x600.svg,2,47,261149872,26526
account-at-financial-institution,WorldMap,,,59f1f1291fc9cb97d68fff5e23e5aad2,account-at-financial-institution_v27_850x600.svg,2,31,247292560,24984
ace-north-atlantic-hurricanes,StackedBar,,,d73293611673b96173a3a229e962df61,ace-north-atlantic-hurricanes_v8_850x600.svg,2,79,348067528,5100
acres-burned-per-wildfire-usa,StackedBar,,,7ab7b9e72c58367ccaebd6ef558cf063,acres-burned-per-wildfire-usa_v5_850x600.svg,2,22,272181480,1055
acres-burned-usa,StackedBar,,,41ca97a5e561f3f0a8fbb5b75e1f4f65,acres-burned-usa_v6_850x600.svg,4,51,238771208,1238
active-mobile-money-accounts,StackedArea,,,44e6c0ec9b4d987a2b40c72c154c9619,active-mobile-money-accounts_v15_850x600.svg,2,21,242233448,3048
adequacy-of-social-insurance-programs,WorldMap,,,684e57fda13214c53bb17c776577d63d,adequacy-of-social-insurance-programs_v17_850x600.svg,3,34,275276544,16487
adequacy-of-social-safety-net-programs,WorldMap,,,6662d25fa0a381ed8dede7f7413666b0,adequacy-of-social-safety-net-programs_v15_850x600.svg,3,36,207976264,15942
adequacy-of-unemployment-benefits,DiscreteBar,,,26b86a2bdd31a517f69f7a118c72f185,adequacy-of-unemployment-benefits_v14_850x600.svg,7,23,261794168,3780
adjusted-net-saving-current-us-dollars,LineChart,,,8dc5611be814096a73d178c6012d5312,adjusted-net-saving-current-us-dollars_v13_850x600.svg,6,60,408652304,145924
adjusted-net-savings-per-person,LineChart,,,e7acf23a53e4c7afb9c4ee8f99db5466,adjusted-net-savings-per-person_v13_850x600.svg,4,28,288672416,128704
adolescent-fertility,WorldMap,,,6438c36688f4a5391e0256672ba3e4df,adolescent-fertility_v23_850x600.svg,4,45,290314144,107948
adolescent-fertility-15-19,WorldMap,,,a93dfc977cc3b20c9cd1fd2a060f3da4,adolescent-fertility-15-19_v28_850x600.svg,2,44,263826496,120998
adoption-of-mobile-money-accounts-vs-adoption-of-mobile-phones,ScatterPlot,,,cdb6f2b0a4d3bff979ef7cccad343663,adoption-of-mobile-money-accounts-vs-adoption-of-mobile-phones_v18_850x600.svg,3,32,282809976,23225
adoption-of-new-icd-guidelines-who-mortality-database,StackedBar,,,12f0d792de972ef984886488d4be72d2,adoption-of-new-icd-guidelines-who-mortality-database_v20_850x600.svg,1,36,207312896,4078
adult-obesity-vs-protein,ScatterPlot,,,abdd46ab39adcf052ba9d46a3bfc79ed,adult-obesity-vs-protein_v17_850x600.svg,50,132,432229544,748049
adult-population-covered-in-primary-data-on-the-prevalence-of-major-depression,DiscreteBar,,,3909f94e6ba01b54a3ef6b9e1506ad20,adult-population-covered-in-primary-data-on-the-prevalence-of-major-depression_v9_850x600.svg,2,41,319445808,698
adult-population-covered-in-primary-data-on-the-prevalence-of-mental-illnesses,DiscreteBar,,,d7be75bd7709d05e193a534a45df391c,adult-population-covered-in-primary-data-on-the-prevalence-of-mental-illnesses_v11_850x600.svg,5,26,267229112,4137
adults-living-alone,LineChart,,,5b0e41de77cf7f1e0a23805447f2af53,adults-living-alone_v7_850x600.svg,4,32,289526072,1715
adults-smoking-2007-2018,ScatterPlot,,,e2e6b299758c15a628fd39f7e25836e8,adults-smoking-2007-2018_v22_850x600.svg,7,49,242759832,80558
advertising-expenditure-and-market-share-of-breakfast-cereals-in-chicago,ScatterPlot,,,ec2506b923efa2cd7ec823bef26ae84b,advertising-expenditure-and-market-share-of-breakfast-cereals-in-chicago_v16_850x600.svg,1,17,271682376,2377
affected-by-disasters-vs-gdp,ScatterPlot,,,5911379a0847477e6ca869b49916c4da,affected-by-disasters-vs-gdp_v13_850x600.svg,25,158,321760944,493631
affiliation-researchers-building-artificial-intelligence-systems-all,StackedBar,,,aed4df551a8d0d2f9140b6fb30c8c8d9,affiliation-researchers-building-artificial-intelligence-systems-all_v164_850x600.svg,1,63,328480512,7151
affordability-cigarettes,WorldMap,,,84bba72d2223a86dc4ec9c087780ef39,affordability-cigarettes_v12_850x600.svg,2,24,304701512,31318
african-elephant-carcass-ratio,DiscreteBar,,,165092fa5854800457dd5fed3f5fa4fb,african-elephant-carcass-ratio_v5_850x600.svg,1,14,292591360,373
african-elephants,LineChart,,,9a7b233b8ea3dfdf53ef431a4e5400ad,african-elephants_v8_850x600.svg,3,19,322828856,2671
after-the-golden-age-unemployment-and-inflation-in-advanced-economies,LineChart,,,779a8f9743058c933425c05055117d5d,after-the-golden-age-unemployment-and-inflation-in-advanced-economies_v8_850x600.svg,2,19,280560848,4081
age-at-marriage-women,LineChart,,,5b7a0bca471ecf4fe4e039342104e073,age-at-marriage-women_v32_850x600.svg,3,41,361951368,19576
age-dependency-breakdown,StackedArea,,,4b35dfac72aab72fd105c583afdac07f,age-dependency-breakdown_v18_850x600.svg,38,57,319756416,1289186
age-dependency-ratio-of-working-age-population,WorldMap,,,a0306447ed300e276d35bfb22f15df3c,age-dependency-ratio-of-working-age-population_v18_850x600.svg,4,34,308074512,642824
age-dependency-ratio-old,WorldMap,,,6adb1cba36d79c628ac3cd609171ddd4,age-dependency-ratio-old_v22_850x600.svg,4,44,273672016,645919
age-dependency-ratio-projected-to-2100,LineChart,,,c19a880a5ad69d63af2af25725f65b41,age-dependency-ratio-projected-to-2100_v15_850x600.svg,47,98,380349904,1311674
age-dependency-ratio-young-of-working-age-population,WorldMap,,,2e9bec209af3ad9e84d26bf6e427ebe9,age-dependency-ratio-young-of-working-age-population_v20_850x600.svg,3,52,351731016,643267
age-group-with-the-largest-population,WorldMap,,,ef6ebfcf684cd65bf1d089d43739eff3,age-group-with-the-largest-population_v14_850x600.svg,4,29,331856136,589567
age-of-consent-same-sex-different-sex-partners,WorldMap,,,10fe6eea59a645051d242e0e65edce05,age-of-consent-same-sex-different-sex-partners_v19_850x600.svg,4,29,456910488,260964
age-of-consent-same-sex-partners-equaldex,WorldMap,,,38457f4852f9abc10245c7ac15ffaa14,age-of-consent-same-sex-partners-equaldex_v22_850x600.svg,2,18,289889336,219612
age-of-democracy-polity,WorldMap,,,93a3b24f086f4e8cfc8f74ed815428a4,age-of-democracy-polity_v56_850x600.svg,4,79,301349296,651384
age-of-electoral-democracy,WorldMap,,,469f0f0f8ff8408ffbc868e0ade4eacc,age-of-electoral-democracy_v53_850x600.svg,5,68,411012128,1270651
age-of-electoral-democracy-lexical,WorldMap,,,6bfd4b4bf05c157496fe54e07b1a9052,age-of-electoral-democracy-lexical_v56_850x600.svg,5,50,363549696,1687711
age-of-full-democracy,WorldMap,,,7ce2e3c4a2330c1fccab0aec2e3369bd,age-of-full-democracy_v60_850x600.svg,6,119,494298824,1734696
age-of-liberal-democracy-row,WorldMap,,,e660d000d0b46690af1af0862e8fc293,age-of-liberal-democracy-row_v50_850x600.svg,5,44,271250240,1324156
age-of-mothers-at-childbirth-by-year,LineChart,,,3a7ffa19d6333e4ff1c63e60a256ccf9,age-of-mothers-at-childbirth-by-year_v16_850x600.svg,124,186,362637496,2531639
age-standardized-death-rate-by-cause,StackedArea,,,d6f123a364486db81fd366ccae306a74,age-standardized-death-rate-by-cause_v24_850x600.svg,57,91,346254800,975503
age-standardized-deaths-from-all-causes,WorldMap,,,fb4f78ffbd587c5ffdedad8fb728e2a4,age-standardized-deaths-from-all-causes_v29_850x600.svg,3,37,333587096,325786
age-when-first-had-anxiety-depression,StackedDiscreteBar,,,044587b6ba3a3e156503c69ce86e3c6c,age-when-first-had-anxiety-depression_v22_850x600.svg,2,17,314414624,1751
agri-environmental-policies-gdp,ScatterPlot,,,04507a0802f07cfc227854cf5f5ddaf1,agri-environmental-policies-gdp_v12_850x600.svg,11,98,421890736,256352
agri-environmental-policies-intensity,WorldMap,,,dfd96e4a1f3db6e4f6136b1caa514101,agri-environmental-policies-intensity_v2_850x600.svg,3,27,511682496,6087
agricultural-area-per-capita,LineChart,,,43d4be9843a26f59eb8a3985afffc8b5,agricultural-area-per-capita_v11_850x600.svg,5,64,291355448,477546
agricultural-export-subsidies,LineChart,,,f37c76983d17b97b1856b35d565f1f48,agricultural-export-subsidies_v16_850x600.svg,2,13,354806000,30590
agricultural-general-services-support,WorldMap,,,6b0e96fe0701b412e2f3b3be8dbd8a0d,agricultural-general-services-support_v3_850x600.svg,1,131,327055000,3132
agricultural-land,WorldMap,,,fbb28afc5a5bde33cc385e52ba08bf3d,agricultural-land_v11_850x600.svg,3,37,376041016,527513
agricultural-land-area-by-farm-size,StackedDiscreteBar,,,a4a270d9cfde8e2d58d2815e8244053b,agricultural-land-area-by-farm-size_v8_850x600.svg,4,34,491206304,20936
agricultural-land-irrigation,WorldMap,,,66f06db6ce67ed86230e6aecfc8238c2,agricultural-land-irrigation_v19_850x600.svg,2,26,392374608,40936
agricultural-output-dollars,LineChart,,,fee3a139dace409f9cd5492493de9c99,agricultural-output-dollars_v6_850x600.svg,10,27,391956168,362692
agricultural-producer-support,WorldMap,,,026f82bbd2e7c43a1b460b8cdbad88f1,agricultural-producer-support_v3_850x600.svg,1,65,334003224,3385
agricultural-water-as-a-share-of-total-water-withdrawals,WorldMap,,,42cdec0cf128b67d4cba52b30f6d4905,agricultural-water-as-a-share-of-total-water-withdrawals_v17_850x600.svg,5,71,423474424,194787
agricultural-water-withdrawals,WorldMap,,,37dc663001626f3c4dbf7747cfeb3df5,agricultural-water-withdrawals_v6_850x600.svg,3,61,342843144,17923
agricultural-water-withdrawals-vs-gdp-per-capita,ScatterPlot,,,6d94e27df0cd9bf296df1893b20be7ac,agricultural-water-withdrawals-vs-gdp-per-capita_v29_850x600.svg,21,97,391697968,445354
agriculture-more-less-land,WorldMap,,,a9106b8aa12ac2e07de222a4371e1366,agriculture-more-less-land_v14_850x600.svg,3,90,523533640,453051
agriculture-orientation-index,WorldMap,,,ff3db7ba57de155377dd5cff6e9cf0e9,agriculture-orientation-index_v19_850x600.svg,2,30,351236216,135043
agriculture-share-gdp,WorldMap,,,6ddfd4b343c393e40d6a843839b61706,agriculture-share-gdp_v13_850x600.svg,7,91,454353016,324141
agriculture-value-added-per-worker-vs-gdp-per-capita,ScatterPlot,,,19d6fdcb0a5e37b402678160bc0ead58,agriculture-value-added-per-worker-vs-gdp-per-capita_v30_850x600.svg,155,697,478597808,2283474
agriculture-value-added-per-worker-wdi,WorldMap,,,f5da61e4d03eec5f0da8495a90f750df,agriculture-value-added-per-worker-wdi_v16_850x600.svg,2,43,367012984,200529
agriculture-vs-non-agriculture-share-in-informal-employment,ScatterPlot,,,e6abe1951598cf5fd833ffb7412037c1,agriculture-vs-non-agriculture-share-in-informal-employment_v17_850x600.svg,4,76,357017960,76247
ai-frontiermath-over-time,ScatterPlot,,,774b49b9d8da76dd48591fc550d71876,ai-frontiermath-over-time_v16_850x600.svg,3,69,553125592,3546
air-conditioners-projections,StackedArea,,,cd88ee3dab1978949063941c11c7dc77,air-conditioners-projections_v4_850x600.svg,2,23,420945072,20835
air-passenger-kilometers,WorldMap,,,837f953b15ebc8852b054555ced3ba8b,air-passenger-kilometers_v7_850x600.svg,2,94,424338688,36566
air-passengers-carried,WorldMap,,,c58603dfaa49f7e740591da98e10439b,air-passengers-carried_v23_850x600.svg,12,169,361561136,279171
air-passengers-per-fatality,LineChart,,,b58f4a70f799e1414220a13eb7f9b1e9,air-passengers-per-fatality_v12_850x600.svg,5,30,395177024,1833
air-pollutant-emissions,LineChart,,,33bdf99f485642321e2a7487b177efb7,air-pollutant-emissions_v4_850x600.svg,2,18,335522800,6634
air-pollution-deaths-by-age,StackedArea,,,10f04b8fb7e01453a9c26bd306bdf754,air-pollution-deaths-by-age_v17_850x600.svg,40,61,434176048,1300731
air-pollution-deaths-country,WorldMap,,,eee93eac1c7ee06da2b1fb2672ec8e3d,air-pollution-deaths-country_v17_850x600.svg,4,57,355646600,258837
air-pollution-london-vs-delhi,LineChart,,,b76a70cf7b652b6968025335994453f2,air-pollution-london-vs-delhi_v9_850x600.svg,3,112,478358768,11595
air-pollution-vs-gdp-per-capita,ScatterPlot,,,e574bf27099e261abd41f1eb9e97d019,air-pollution-vs-gdp-per-capita_v22_850x600.svg,73,247,502644024,1852033
air-transport-freight-ton-km,WorldMap,,,56c42e38dbe48911718548bb47cdac9a,air-transport-freight-ton-km_v20_850x600.svg,17,139,191901912,245991
air-trips-per-capita,WorldMap,,,1f430a6196b3f3e495cff74a70c31df2,air-trips-per-capita_v6_850x600.svg,2,90,372988208,11472
airline-capacity-and-traffic,LineChart,,,89e5095c5a1a97351262664f72dd9fe7,airline-capacity-and-traffic_v13_850x600.svg,5,31,390108808,6482
airline-passenger-load-factor,StackedArea,,,2ca92fd150bfac4d2e0e12ac0e2a48f1,airline-passenger-load-factor_v10_850x600.svg,2,33,354488704,4563
airliner-hijackings-and-fatalities-from-them,StackedBar,,,ec289925b302c54e18a41697178c27c5,airliner-hijackings-and-fatalities-from-them_v22_850x600.svg,3,195,441697760,4328
alcohol-attributable-fraction-of-mortality,WorldMap,,,33bd438d968268cf0444964a7fdccfda,alcohol-attributable-fraction-of-mortality_v14_850x600.svg,4,23,384713416,6025
alcohol-by-type-1890,StackedArea,,,6f89f62da10567fa676ed841ed971dc9,alcohol-by-type-1890_v6_850x600.svg,2,21,372238912,5239
alcohol-consumption-by-15-19-year-old-males-vs-females,ScatterPlot,,,b4fa508b4d44a10d4afea5cdd9ae68db,alcohol-consumption-by-15-19-year-old-males-vs-females_v23_850x600.svg,70,283,518537872,1852191
alcohol-consumption-by-tourists,DiscreteBar,,,9dc761b1f90b5e4577913d48fe9064b3,alcohol-consumption-by-tourists_v14_850x600.svg,2,24,389581400,823
alcohol-consumption-in-15-19-year-olds,WorldMap,,,438d339d8bcb5fae6fe890b64bab164b,alcohol-consumption-in-15-19-year-olds_v14_850x600.svg,11,37,207573464,5274
alcohol-consumption-per-capita-men-women,ScatterPlot,,,20b398528363636330f17f597ce01879,alcohol-consumption-per-capita-men-women_v11_850x600.svg,212,475,451304728,2529273
alcohol-consumption-per-person-us,StackedArea,,,398e78cc3173732b0aad07765b05705b,alcohol-consumption-per-person-us_v9_850x600.svg,14,59,406895304,8016
alcohol-consumption-vs-gdp-per-capita,ScatterPlot,,,1cfae885a63437e4155b370fe3c83e00,alcohol-consumption-vs-gdp-per-capita_v34_850x600.svg,105,313,283837680,371334
alcohol-disorders-dalys-age-standardized-rate,WorldMap,,,747f723bfd4e693f8b6868f8c81f6ad1,alcohol-disorders-dalys-age-standardized-rate_v21_850x600.svg,2,167,382850416,252496
alcohol-drug-use-disorders-share-total-disease,WorldMap,,,e91b5209ed266142a4413e9ed4c5d309,alcohol-drug-use-disorders-share-total-disease_v28_850x600.svg,6,66,464670384,263421
alcohol-expenditure,StackedArea,,,34b66a0218891dbac7d39000907b1218,alcohol-expenditure_v7_850x600.svg,10,58,503615120,16623
alcohol-expenditure-as-share-of-total,WorldMap,,,9b671b361031cd7845bb6f51c956065f,alcohol-expenditure-as-share-of-total_v15_850x600.svg,2,32,393735472,13697
alcohol-or-drug-use-disorders-male-vs-female,ScatterPlot,,,f50ec9d54d63f409c1c5c90bdc157779,alcohol-or-drug-use-disorders-male-vs-female_v29_850x600.svg,108,335,576324664,2363888
alcohol-related-crimes-of-all-crimes,DiscreteBar,,,d90b4ecab18f707d37160b4621fbe83f,alcohol-related-crimes-of-all-crimes_v17_850x600.svg,3,22,537704736,6460
almond-yields,WorldMap,,,90e07a14848af134ad763938c70c4e87,almond-yields_v11_850x600.svg,6,43,482433192,137592
alzheimers-parkinsons-prevalence,DiscreteBar,,,db90a4f497d74a14b45f69ee8479e6f9,alzheimers-parkinsons-prevalence_v11_850x600.svg,10,28,513009960,538199
americans-worry-work-being-automated,StackedBar,,,7976cdcf2ec14e325357824da6c649b8,americans-worry-work-being-automated_v32_850x600.svg,2,19,421960312,12454
amount-of-foreign-aid-spend-in-recipient-countries,LineChart,,,d5215998a1d7705872a0675594338e1a,amount-of-foreign-aid-spend-in-recipient-countries_v13_850x600.svg,4,46,515032672,53395
anemia-pregnant-women-vs-children,ScatterPlot,,,5b0f7dbd1181ced08c39c7337b8c0142,anemia-pregnant-women-vs-children_v27_850x600.svg,7,57,528794048,267863
anemia-risk-groups,DiscreteBar,,,4d49674908314734df8ea73460e1a056,anemia-risk-groups_v7_850x600.svg,11,36,414029384,400035
animal-lives-lost-direct,DiscreteBar,,,de19c5e9b2e78d49ebe5945ff33fa84f,animal-lives-lost-direct_v9_850x600.svg,2,13,468442528,481
animal-lives-lost-total,DiscreteBar,,,78e89dddcca2e48267a3594aafe8cd50,animal-lives-lost-total_v6_850x600.svg,2,9,532567328,485
animal-protein-consumption,StackedDiscreteBar,,,eae90150172955c183c7abf14afa3a67,animal-protein-consumption_v16_850x600.svg,65,130,419138416,3482263
animal-protein-vs-gdp,ScatterPlot,,,43cd368c2894d6911a09ec5e00efff53,animal-protein-vs-gdp_v38_850x600.svg,19,87,486186944,687243
animals-slaughtered-for-meat,LineChart,,,5cc6988c5cc9c62e247a728e0a676d8c,animals-slaughtered-for-meat_v21_850x600.svg,56,99,533361320,2630603
annual-afforestation,WorldMap,,,3aa51a770593bb6d10a9cb59e37eaac8,annual-afforestation_v9_850x600.svg,3,34,265106208,18303
annual-area-burnt-by-wildfires,StackedBar,,,1e34ec95ca2c57549bc3e699351954f3,annual-area-burnt-by-wildfires_v22_850x600.svg,3,36,518845280,112466
annual-area-burnt-by-wildfires-gwis,LineChart,,,273173f77bca8f89523eed3270adfb2a,annual-area-burnt-by-wildfires-gwis_v14_850x600.svg,3,31,578036560,165016
annual-area-burnt-per-wildfire,WorldMap,,,932abc8354e97cfa48988180a9da1e40,annual-area-burnt-per-wildfire_v29_850x600.svg,3,31,281995968,91113
annual-area-burnt-per-wildfire-vs-number-of-fires,ScatterPlot,,,e2172060430be6f4922ce19457de155e,annual-area-burnt-per-wildfire-vs-number-of-fires_v17_850x600.svg,5,42,521767304,206224
annual-broad-money-growth,WorldMap,,,6ba87e05db65a9999d18ef9075b05fba,annual-broad-money-growth_v10_850x600.svg,5,32,437632656,106315
annual-burned-area-by-landcover,StackedArea,,,70de0b25c17a408504498d8ef0f461e2,annual-burned-area-by-landcover_v17_850x600.svg,12,58,556770144,794380
annual-carbon-dioxide-emissions,StackedBar,,,dee82dcf9d979294a781309ecd5d594f,annual-carbon-dioxide-emissions_v24_850x600.svg,2,44,537054808,194544
annual-change-coal,WorldMap,,,c7886f052eaad6ac21d37ac81f757901,annual-change-coal_v32_850x600.svg,5,27,302157120,213820
annual-change-forest-area,WorldMap,,,c7f2dabf961d6f00949af484db9b3045,annual-change-forest-area_v15_850x600.svg,2,36,460052184,272062
annual-change-fossil-fuels,WorldMap,,,97b57b91dd001099fbcf7031f13a58d1,annual-change-fossil-fuels_v22_850x600.svg,2,25,324558512,214940
annual-change-gas,WorldMap,,,085144b6cff77c103d5755c2cdc1dd4c,annual-change-gas_v21_850x600.svg,3,23,575089904,210247
annual-change-hydro,WorldMap,,,593ece19926f827c1e1dd4d21a68cd0c,annual-change-hydro_v24_850x600.svg,6,37,594946288,212491
annual-change-in-average-female-height,LineChart,,,ca92b260fc0fdd71eb6b2fca0f61b023,annual-change-in-average-female-height_v9_850x600.svg,7,29,515801824,657833
annual-change-in-average-male-height,LineChart,,,f4f8aa1ddb3d44e4ca0430f056c1924c,annual-change-in-average-male-height_v9_850x600.svg,4,34,550331680,656742
annual-change-in-solar-and-wind-energy-generation,LineChart,,,c2a9195fc9d6aebb781b0a54563ba426,annual-change-in-solar-and-wind-energy-generation_v10_850x600.svg,3,21,601112168,252760
annual-change-low-carbon-energy,WorldMap,,,47645d05b22952fa150a1f5cb7cab028,annual-change-low-carbon-energy_v26_850x600.svg,3,30,478885232,213454
annual-change-nuclear,WorldMap,,,a904b7f852193387881b5989d809cccf,annual-change-nuclear_v25_850x600.svg,2,25,537484344,222461
annual-change-oil,LineChart,,,efeba43921bf548d66624d72e907c8db,annual-change-oil_v22_850x600.svg,5,30,555429032,215283
annual-change-primary-energy-source,DiscreteBar,,,4a300aba240261cb26dd7517bdbab633,annual-change-primary-energy-source_v22_850x600.svg,42,71,317944368,1653954
annual-change-renewables,WorldMap,,,18a635f8b4ba769f44e9ae961a68598f,annual-change-renewables_v23_850x600.svg,3,23,621965832,213616
annual-change-solar,WorldMap,,,e714d0b2baf4d3d6db0efa9df6ec46ef,annual-change-solar_v25_850x600.svg,2,55,614350088,189263
annual-change-wind,WorldMap,,,5ec13660c5ae4e2fc92a138703e16edc,annual-change-wind_v26_850x600.svg,5,36,496496528,190828
annual-co-emissions-by-region,StackedArea,,,53ed6279a95b994e245ba6353e3cc079,annual-co-emissions-by-region_v54_850x600.svg,9,75,554560472,940158
annual-co-emissions-from-aviation,WorldMap,,,0938fbf0ec7f7c02d7253d70b9b47805,annual-co-emissions-from-aviation_v12_850x600.svg,2,24,572726776,52943
annual-co2-cement,WorldMap,,,6a24708a7396ff26970868ca0a6e01f5,annual-co2-cement_v29_850x600.svg,6,38,595418840,826441
annual-co2-coal,WorldMap,,,8aa1df8f37d13b97349cc4023ddaac6a,annual-co2-coal_v31_850x600.svg,5,48,349079792,682637
annual-co2-emissions-per-country,LineChart,,,1d03a6cecee91ae575c3836093e7d31a,annual-co2-emissions-per-country_v56_850x600.svg,5,35,654659448,940158
annual-co2-flaring,WorldMap,,,5465649fa46b30b7150c662adcfeb983,annual-co2-flaring_v27_850x600.svg,3,30,551625104,453237
annual-co2-gas,WorldMap,,,38145147146a62a2596471d352eb5419,annual-co2-gas_v26_850x600.svg,10,61,468551440,526339
annual-co2-including-land-use,WorldMap,,,b6456f8a426aa3088e640b5c141b5285,annual-co2-including-land-use_v19_850x600.svg,9,66,619951784,786108
annual-co2-oil,WorldMap,,,fc378fa216fa497c338331be0a5d7535,annual-co2-oil_v32_850x600.svg,6,78,676686512,785430
annual-co2-other-industry,WorldMap,,,30d60fda1023a81e1b153d35d6d52dee,annual-co2-other-industry_v38_850x600.svg,4,45,571615352,100865
annual-condoms-distributed-and-sold-per-1000-people,WorldMap,,,2cd4d15043558dce9e915ddf5b8e4ed8,annual-condoms-distributed-and-sold-per-1000-people_v9_850x600.svg,3,26,366144656,15501
annual-death-rate-by-age-group,DiscreteBar,,,aef1af6ca1112caf03a3fb10326d03fe,annual-death-rate-by-age-group_v15_850x600.svg,62,92,577676672,2488296
annual-death-rates-in-different-age-groups,LineChart,,,36af9d3e304b031a9e0e1fe8b1229df3,annual-death-rates-in-different-age-groups_v17_850x600.svg,117,173,493448352,4058711
annual-death-rates-in-different-age-groups-by-sex,DiscreteBar,,,83d967f335baf6df305815c46396af16,annual-death-rates-in-different-age-groups-by-sex_v27_850x600.svg,238,274,659336224,9381200
annual-death-rates-in-different-age-groups-females,LineChart,,,c8a7d0e464c8654914506980fb3863a1,annual-death-rates-in-different-age-groups-females_v24_850x600.svg,73,124,660160368,4024623
annual-death-rates-in-different-age-groups-males,LineChart,,,ae2162d307fa54260ab51182ea0aed24,annual-death-rates-in-different-age-groups-males_v25_850x600.svg,83,146,709668144,4032072
annual-deaths-by-age,DiscreteBar,,,20eee393a6b951e831824232c4e4f2d5,annual-deaths-by-age_v33_850x600.svg,330,367,425260872,11153747
annual-deaths-by-age-england-and-wales,StackedArea,,,32802701d564f50c3ad606b10596f4e8,annual-deaths-by-age-england-and-wales_v10_850x600.svg,2,15,604900544,6301
annual-deaths-from-outdoor-air-pollution-by-region,StackedArea,,,0de013c8535bd1f53a154654993c4159,annual-deaths-from-outdoor-air-pollution-by-region_v20_850x600.svg,2,24,581817040,259076
annual-deforestation,WorldMap,,,32946e114d1a114b40769e610bd75d5c,annual-deforestation_v10_850x600.svg,1,16,598250848,20132
annual-fish-catch-taxa,LineChart,,,76a713313438f2e519152bc952e330b8,annual-fish-catch-taxa_v6_850x600.svg,2,19,650013464,25036
annual-forest-expansion,WorldMap,,,30d0533dc8487527a698ac0d2d3ee967,annual-forest-expansion_v8_850x600.svg,2,26,514387184,18896
annual-freshwater-withdrawals,WorldMap,,,8fcbd2c309ceed8f89313ce06f782bf7,annual-freshwater-withdrawals_v17_850x600.svg,3,28,623349872,199887
annual-gdp-growth,WorldMap,,,8a9e64ef151435077b598b284cafa518,annual-gdp-growth_v18_850x600.svg,2,23,667069568,153742
annual-growth-income-consumption-poorest-vs-total-population,ScatterPlot,,,7ccefcca24b66169945f41195296c87c,annual-growth-income-consumption-poorest-vs-total-population_v18_850x600.svg,66,238,768760288,1848662
annual-growth-of-exports-of-goods-and-services,WorldMap,,,3d65e171ee4b3542ff7d72519216eeb7,annual-growth-of-exports-of-goods-and-services_v11_850x600.svg,2,24,528585576,120539
annual-growth-of-general-government-final-consumption-expenditure,WorldMap,,,95e40e5ead385a8352129871cbc97ef6,annual-growth-of-general-government-final-consumption-expenditure_v13_850x600.svg,2,30,685983616,114902
annual-growth-of-imports-of-goods-and-services,WorldMap,,,1433a418e21dc380d50e998b6f7c92b9,annual-growth-of-imports-of-goods-and-services_v10_850x600.svg,3,31,597567120,120899
annual-growth-of-the-gross-capital-formation,WorldMap,,,22e3a302c29c26238eb3eedd3e285d92,annual-growth-of-the-gross-capital-formation_v10_850x600.svg,3,50,639599912,110684
annual-growth-rate-of-urban-population-share,WorldMap,,,b1213959100ba66090dee4d672972d85,annual-growth-rate-of-urban-population-share_v13_850x600.svg,37,182,544641424,850106
annual-healthcare-expenditure-per-capita,WorldMap,,,178ed4b50196b08f2e73bfa06ba76417,annual-healthcare-expenditure-per-capita_v33_850x600.svg,2,32,618552832,162385
annual-hours-of-free-time-per-worker-and-income,ScatterPlot,,,546bfbbe83f7a6382cc39fd46f948c36,annual-hours-of-free-time-per-worker-and-income_v23_850x600.svg,2,17,680836536,11376
annual-hours-of-free-time-per-worker-and-income-finn,ScatterPlot,,,ec7f0cebc16682b77934817030afad58,annual-hours-of-free-time-per-worker-and-income-finn_v10_850x600.svg,2,23,222072856,11376
annual-hours-of-work-and-income-18702016,ScatterPlot,,,cfef50f3fcf7cff86b714190d85b550f,annual-hours-of-work-and-income-18702016_v22_850x600.svg,2,16,706544832,5320
annual-industrial-robots-installed,LineChart,,,65817c5deddcd9c062265ece1b1db0a8,annual-industrial-robots-installed_v25_850x600.svg,1,13,646522184,2512
annual-mortality-rate-from-seasonal-influenza-ages-65,WorldMap,,,e2330b3115e16406981dba0f3d89a1f4,annual-mortality-rate-from-seasonal-influenza-ages-65_v42_850x600.svg,1,16,446792920,5944
annual-number-of-births-by-world-region,StackedArea,,,959c4fdb2f987996e711dd1d7d61df31,annual-number-of-births-by-world-region_v21_850x600.svg,9,31,686996456,575365
annual-number-of-deaths-by-cause,DiscreteBar,,,6a36030710bbdb769143ef7ebcac84d6,annual-number-of-deaths-by-cause_v64_850x600.svg,217,240,721982680,10224323
annual-number-of-deaths-by-world-region,StackedArea,,,62bfb4a36036b2a5a40a0caea783ef65,annual-number-of-deaths-by-world-region_v27_850x600.svg,11,44,197050536,561297
annual-number-of-dhs-surveys-by-type,StackedBar,,,362c97607a014b19f61ad8709730fa30,annual-number-of-dhs-surveys-by-type_v14_850x600.svg,2,22,445757368,6440
annual-number-of-fires,WorldMap,,,cdf8d0d7328c34df4a822c3c68809a95,annual-number-of-fires_v19_850x600.svg,1,27,702785584,105813
annual-number-of-people-receiving-antiretroviral-therapy-through-pepfar,LineChart,,,441e3ffdd1b3397a31104ed6e1d11d85,annual-number-of-people-receiving-antiretroviral-therapy-through-pepfar_v13_850x600.svg,4,20,562121712,701
annual-patent-applications,WorldMap,,,d4ffc284c5aadcd5e7ee97624b6647f2,annual-patent-applications_v10_850x600.svg,4,30,790266720,118721
annual-patents-invention-united-states-1790,LineChart,,,a628f57edc560c10e454f28aeadb1ec8,annual-patents-invention-united-states-1790_v15_850x600.svg,2,26,237669080,6623
annual-per-capita-consumption-books,LineChart,,,b39e9fc82279bf5b17bab8072bd199c3,annual-per-capita-consumption-books_v9_850x600.svg,1,25,539223576,2921
annual-percentage-change-coal,DiscreteBar,,,c3e1a8f181b4e70b277884128b9d4262,annual-percentage-change-coal_v26_850x600.svg,7,20,466905464,199616
annual-percentage-change-fossil-fuels,WorldMap,,,e94d2f67af659b8c9a280f03c91676fc,annual-percentage-change-fossil-fuels_v23_850x600.svg,4,24,717556472,214350
annual-percentage-change-gas,WorldMap,,,d3e038ec6dfa1a297d83f80c3a996bd9,annual-percentage-change-gas_v26_850x600.svg,4,37,490975520,192084
annual-percentage-change-hydro,DiscreteBar,,,939a3e5ea941eed7c5ce3d0d60f4bed4,annual-percentage-change-hydro_v27_850x600.svg,4,15,808412872,194446
annual-percentage-change-in-solar-and-wind-energy-generation,DiscreteBar,,,bb4a6901e3ec3e96e48d2636f78dfdad,annual-percentage-change-in-solar-and-wind-energy-generation_v9_850x600.svg,1,16,207218288,101108
annual-percentage-change-low-carbon,WorldMap,,,922b68b0cf88b147dd9b7dbb5a3cc546,annual-percentage-change-low-carbon_v26_850x600.svg,5,25,558801360,201079
annual-percentage-change-nuclear,WorldMap,,,55dfa7e3173b5688763a331faf0d7045,annual-percentage-change-nuclear_v24_850x600.svg,3,27,731105792,88119
annual-percentage-change-oil,DiscreteBar,,,e77d8069e33e29d36fb4d53d793cdfa9,annual-percentage-change-oil_v21_850x600.svg,2,22,780045728,214665
annual-percentage-change-renewables,WorldMap,,,81c4ddb4042e41dba646a18e1404b835,annual-percentage-change-renewables_v24_850x600.svg,5,28,230269704,200885
annual-percentage-change-solar,WorldMap,,,29c7d935f361aebe0fa51456c1b27c7f,annual-percentage-change-solar_v27_850x600.svg,3,34,511844280,84015
annual-percentage-change-wind,WorldMap,,,661ac35362e7481e37dab2f9a1b2ac57,annual-percentage-change-wind_v24_850x600.svg,2,23,797766320,93658
annual-pm25-emissions-from-wildfires,StackedBar,,,68a3543fb4cca2cdd9b0baab247ddfa8,annual-pm25-emissions-from-wildfires_v21_850x600.svg,2,52,734643680,190488
annual-population-growth,LineChart,,,ef6689c44266dd25bf5f5e37c0877668,annual-population-growth_v38_850x600.svg,56,88,553530240,1151004
annual-primary-energy-fossil-vs-low-carbon,DiscreteBar,,,7be1796ae50184c88c6c4d274da65555,annual-primary-energy-fossil-vs-low-carbon_v23_850x600.svg,14,24,711836312,864471
annual-professional-service-robots-installed-by-area,SlopeChart,,,809cd313bbcfa51899b83143f05cef05,annual-professional-service-robots-installed-by-area_v21_850x600.svg,2,20,259921208,709
annual-rate-of-change-in-urban-populations,WorldMap,,,0f5350b13d9b3a97a77d56790639beab,annual-rate-of-change-in-urban-populations_v18_850x600.svg,6,60,499062328,220298
annual-reported-passenger-kilometers,StackedArea,,,aa932dcd50edad6637b2f9cfd3f5fbad,annual-reported-passenger-kilometers_v22_850x600.svg,6,21,817574512,145658
annual-research-and-development-funding-for-technologies-infectious-diseases,LineChart,,,24e4827e6a23feb3155766b461babe2f,annual-research-and-development-funding-for-technologies-infectious-diseases_v10_850x600.svg,4,68,267395416,7214
annual-research-development-funding-for-neglected-tropical-diseases,DiscreteBar,,,dc9e856445a384484c70423c893e57fc,annual-research-development-funding-for-neglected-tropical-diseases_v16_850x600.svg,3,24,746120864,11615
annual-scholarly-publications-on-artificial-intelligence,WorldMap,,,c9a765be1daca67ad32853ac31851425,annual-scholarly-publications-on-artificial-intelligence_v29_850x600.svg,1,17,832902824,44125
annual-share-of-co2-emissions,LineChart,,,015a223e0f67cf29ed09f59e25905ac8,annual-share-of-co2-emissions_v49_850x600.svg,5,45,718625136,957658
annual-space-visits,StackedBar,,,730a2f1bf41b4e2886b7161395a3fb52,annual-space-visits_v41_850x600.svg,3,25,731184240,61436
annual-temperature-anomalies,WorldMap,,,55d4fae0933f95d4133d8b2c399dfb3d,annual-temperature-anomalies_v23_850x600.svg,7,76,579828536,649591
annual-working-hours-per-person-employed,LineChart,,,9a51d5ef8fc6c27b731dbf66389d8d7f,annual-working-hours-per-person-employed_v4_850x600.svg,2,26,738023080,51119
annual-working-hours-per-worker,LineChart,,,de487140de8c656eabc160c799f194cd,annual-working-hours-per-worker_v100_850x600.svg,21,104,216070832,166740
annual-working-hours-per-worker-vs-gdp-per-capita-long-run,ScatterPlot,,,657ec070c74e8b42ae38e4b08e3b8343,annual-working-hours-per-worker-vs-gdp-per-capita-long-run_v24_850x600.svg,161,1006,681204296,2652042
annual-working-hours-vs-gdp-per-capita-pwt,ScatterPlot,,,8ea48c65911a758ea13533f36b0a83b6,annual-working-hours-vs-gdp-per-capita-pwt_v69_850x600.svg,99,281,301107888,2358007
annualized-average-growth-rate-in-per-capita-real-survey-mean-consumption-or-income-bottom-40-of-population,WorldMap,,,ce475ccb0c1417466d052bd9903c7f2a,annualized-average-growth-rate-in-per-capita-real-survey-mean-consumption-or-income-bottom-40-of-population_v37_850x600.svg,2,27,251704528,3547
anorexia-bulimia-nervosa-estimated-cases,DiscreteBar,,,7b5215ec03bd3cfd0f8d188064ceafa1,anorexia-bulimia-nervosa-estimated-cases_v29_850x600.svg,9,32,760549936,517825
antarctic-ozone-hole-area,LineChart,,,dfbd16bf443ec1178107036e830fe695,antarctic-ozone-hole-area_v17_850x600.svg,1,20,606095552,3139
antarctica-sea-ice-extent,LineChart,,,2fb6b56cb4158d8f31535e25370457ce,antarctica-sea-ice-extent_v19_850x600.svg,3,31,242330192,3002
anthromes,StackedArea,,,cbdfbce39212b94e6e3413fed74a3031,anthromes_v9_850x600.svg,3,92,755662456,91961
antibiotic-consumption-rate,WorldMap,,,5e0ffcebcb2948efad2a2866ce88836c,antibiotic-consumption-rate_v10_850x600.svg,3,38,622987360,13751
antibiotic-usage-by-surveillance-category-stacked,StackedDiscreteBar,,,04745be459f353adc7df1349ed080bc2,antibiotic-usage-by-surveillance-category-stacked_v15_850x600.svg,4,28,283469944,55481
antibiotic-usage-in-children,WorldMap,,,fcc3f83073b2178d4965310927e2d628,antibiotic-usage-in-children_v12_850x600.svg,3,41,258211984,71862
antibiotic-usage-in-livestock,WorldMap,,,1f1387b45bc33c3ada4372073ba5b931,antibiotic-usage-in-livestock_v12_850x600.svg,2,56,768827632,6421
antibiotic-use-in-livestock-in-europe,WorldMap,,,ff0cac110b107cb92e79078e2ec059ec,antibiotic-use-in-livestock-in-europe_v11_850x600.svg,3,157,596011600,12269
antibiotic-use-intensity-in-livestock-by-region,DiscreteBar,,,06ef2eefe4d34db619639a08cf94ea71,antibiotic-use-intensity-in-livestock-by-region_v5_850x600.svg,10,66,256688112,2724
antibiotic-use-livestock-marimekko,Marimekko,,,1f4faa11830b6d157d455f3f8e7961f2,antibiotic-use-livestock-marimekko_v10_850x600.svg,8,87,270498632,15719
antibiotic-use-livestock-per-kg,LineChart,,,8e471e3ee80cc3014eab522dd9bf8928,antibiotic-use-livestock-per-kg_v7_850x600.svg,2,20,790342344,1364
antibiotic-use-livestock-tonnes,WorldMap,,,f5bd7305be32d00bcb05d090352ef279,antibiotic-use-livestock-tonnes_v7_850x600.svg,2,17,308999528,6458
antidepressants-per-capita,WorldMap,,,f1b635faa22abd7e19a1edbbb0ae39fb,antidepressants-per-capita_v5_850x600.svg,4,27,274660016,9388
antidepressants-per-capita-vs-gdp,ScatterPlot,,,ae8b7764d459eb9c795b1f2c1f27b535,antidepressants-per-capita-vs-gdp_v16_850x600.svg,10,61,772695392,259955
antiretroviral-therapy-coverage-among-people-living-with-hiv,WorldMap,,,05865724d147717548684ad8f531df6a,antiretroviral-therapy-coverage-among-people-living-with-hiv_v24_850x600.svg,2,33,274682000,96816
anxiety-disorders-prevalence,WorldMap,,,87c7493724d5d0e9f3ada27473b2d007,anxiety-disorders-prevalence_v37_850x600.svg,7,45,294887112,258597
anxiety-disorders-prevalence-by-age,DiscreteBar,,,7e497100e72cdee1a74bcde3cad98792,anxiety-disorders-prevalence-by-age_v39_850x600.svg,73,112,598313904,3359931
anxiety-disorders-prevalence-males-vs-females,ScatterPlot,,,2b3e5c82bc4ecd0cf475ee5ae9d3198d,anxiety-disorders-prevalence-males-vs-females_v44_850x600.svg,103,269,354931736,2359406
anxiety-disorders-prevalence-vs-gdp,ScatterPlot,,,81af48c69777837a51455707cdc60f78,anxiety-disorders-prevalence-vs-gdp_v51_850x600.svg,101,302,361301768,2334710
anxiety-disorders-treatment-gap,StackedDiscreteBar,,,369f2b0806a4931cf880f6010f2776e9,anxiety-disorders-treatment-gap_v30_850x600.svg,1,12,794149072,2374
apple-production,WorldMap,,,ad0f7846bd49344679bb337ff11abd05,apple-production_v10_850x600.svg,2,21,314483912,240065
aquaculture-farmed-fish-production,LineChart,,,1bca6800ca39bc3e7ddccda66cab495a,aquaculture-farmed-fish-production_v22_850x600.svg,5,52,813909680,386255
arable-land-pin,LineChart,,,5265552b4f41279f4c3aba7d297633bc,arable-land-pin_v13_850x600.svg,3,32,291620936,420631
arable-land-use-per-person,LineChart,,,febd4a304130990f006fd10fce569596,arable-land-use-per-person_v18_850x600.svg,4,38,626486640,438634
arctic-sea-ice,LineChart,,,dafb9b90edb3e6c6c6dfefb1ad628722,arctic-sea-ice_v19_850x600.svg,2,22,318458176,3292
arctic-sea-ice-coverage-19352014,LineChart,,,55f09c6db0bf48f473ad3d0ca52a78ba,arctic-sea-ice-coverage-19352014_v8_850x600.svg,1,15,792754864,2297
area-burned-wildfires-by-type,StackedBar,,,4cfcfe902fa990a8ed5bb5f53191c925,area-burned-wildfires-by-type_v10_850x600.svg,18,60,332638168,641682
area-land-needed-to-global-oil,DiscreteBar,,,f7f58c4f85fb7870151b925f11850a7c,area-land-needed-to-global-oil_v16_850x600.svg,24,40,836161472,1087085
area-meadows-and-pastures,WorldMap,,,49f3db8cb6c291d6ec40037926cec381,area-meadows-and-pastures_v10_850x600.svg,4,49,662823840,433909
area-of-permanent-meadows-and-pastures,LineChart,,,70115efe98aaea647ff03478e4e6dbce,area-of-permanent-meadows-and-pastures_v4_850x600.svg,3,24,840478848,488617
area-per-tonne-oil,LineChart,,,6b0386e7cd90aa921eae56b86cd052fb,area-per-tonne-oil_v19_850x600.svg,51,83,346175336,1071075
armed-forces-personnel,WorldMap,,,0f6f9966e4effc4e06099167e93aea50,armed-forces-personnel_v41_850x600.svg,7,40,825365096,182052
armed-forces-personnel-of-total-labor-force,WorldMap,,,a02badfd9dd162286d177ad8178aee68,armed-forces-personnel-of-total-labor-force_v33_850x600.svg,10,50,643385688,192431
armed-forces-personnel-percent,WorldMap,,,96259e734e2a43e7d6550bbb7ced6bf8,armed-forces-personnel-percent_v40_850x600.svg,14,52,339616096,198194
art-coverage-for-pregnant-women,WorldMap,,,7cf3575495433aabc81765c0a04cfb12,art-coverage-for-pregnant-women_v22_850x600.svg,2,19,371520880,56533
artificial-intelligence-number-training-datapoints,ScatterPlot,,,666d80e128815cb9c53f30c73a60b421,artificial-intelligence-number-training-datapoints_v195_850x600.svg,3,1601,556090192,69180
asthma-prevalence,WorldMap,,,291513c6c0cbdec86dbdd2e553d1aab9,asthma-prevalence_v20_850x600.svg,5,42,660883744,250970
asylum-seekers-refugees-country-of-asylum,ScatterPlot,,,a7ae240cb447b19ef0c62ba79c08d591,asylum-seekers-refugees-country-of-asylum_v7_850x600.svg,12,69,388352368,388915
attendance-major-artificial-intelligence-conferences,LineChart,,,32b5eb3278181e8db36674a9508efcb7,attendance-major-artificial-intelligence-conferences_v32_850x600.svg,1,16,348214440,5553
attitudes-bans-factory-farming,StackedDiscreteBar,,,87fb383d533a65efa831d2cb918953fb,attitudes-bans-factory-farming_v5_850x600.svg,2,21,373436640,6311
augmented-hdi-vs-gdp-per-capita,ScatterPlot,,,2a3cb7f25d66e8dce5b0a2a7f2446aff,augmented-hdi-vs-gdp-per-capita_v38_850x600.svg,94,700,581237600,2622382
augmented-human-development-index,WorldMap,,,6334702e2e756b79a9627425d12f6760,augmented-human-development-index_v25_850x600.svg,9,34,354108464,137080
augmented-human-development-index-comparison,ScatterPlot,,,67f3db28b8bfe4a1798ef97c5d346a70,augmented-human-development-index-comparison_v21_850x600.svg,66,227,798534384,2097815
augmented-human-development-index-excluding-gdp,WorldMap,,,91fac3ff485d5ad8050416387004f0fa,augmented-human-development-index-excluding-gdp_v26_850x600.svg,8,37,690456776,137655
automated-teller-machines-atms-per-100000-adults,WorldMap,,,c0e9799af776e58ed13c2c58a3b3e4fc,automated-teller-machines-atms-per-100000-adults_v21_850x600.svg,2,32,374571064,125719
autopsy-rate,WorldMap,,,a965101f1835dbdc9943f9c34d657ffa,autopsy-rate_v29_850x600.svg,2,17,405231440,36680
autumn-temperature-anomalies,StackedBar,,,305cd34eeb8500a88cc623e33fcb0530,autumn-temperature-anomalies_v19_850x600.svg,40,240,716795448,1917718
availability-of-computed-tomography-ct-imaging,WorldMap,,,3881b597373e7283d844f195c396cc7f,availability-of-computed-tomography-ct-imaging_v15_850x600.svg,2,17,386862328,9207
availability-of-positron-emission-tomography-pet-imaging,WorldMap,,,9b85b7945bdc30bc0208c804e7963db2,availability-of-positron-emission-tomography-pet-imaging_v13_850x600.svg,3,19,417805416,7402
availability-of-unemployment-estimates-by-source-ilo,WorldMap,,,f9fc6fe0aeba367844477fbea1ebc5f3,availability-of-unemployment-estimates-by-source-ilo_v42_850x600.svg,5,34,408450312,429547
average-age-of-mothers-birth-cohort,LineChart,,,95e82c606eb90fbfc5a40c159b4addd1,average-age-of-mothers-birth-cohort_v19_850x600.svg,5,31,428055792,122581
average-ammonium-concentration-in-freshwater,LineChart,,,bf4fb2c58bb55c73bc42b70f9a0f891a,average-ammonium-concentration-in-freshwater_v7_850x600.svg,3,17,382572032,78852
average-annual-surface-temperature,WorldMap,,,3776297a7cf3a0ccd5a3a3e050b0faa1,average-annual-surface-temperature_v15_850x600.svg,5,36,456899072,622423
average-battery-cell-price,LineChart,,,3f025d5dfb0021be069004e338455dac,average-battery-cell-price_v13_850x600.svg,2,21,406273760,1616
average-cost-of-tuberculosis-treatment-by-type,DiscreteBar,,,2f67e1166df25145ce8744b070259734,average-cost-of-tuberculosis-treatment-by-type_v18_850x600.svg,4,43,263858848,70759
average-cost-of-tuberculosis-treatment-multi-drug-resistant,WorldMap,,,17126ccfe779d16f9446ad55ed1bbff8,average-cost-of-tuberculosis-treatment-multi-drug-resistant_v13_850x600.svg,3,30,423764616,21381
average-daily-time-spent-by-women-on-domestic-work-paid-and-unpaid,WorldMap,,,7e11f531c00442ad6fe18d27c8bd903f,average-daily-time-spent-by-women-on-domestic-work-paid-and-unpaid_v11_850x600.svg,2,20,481858040,13597
average-effective-retirement-men,LineChart,,,d319bba4d0185e91a4d21ff75eeb014d,average-effective-retirement-men_v12_850x600.svg,1,18,707310568,60633
average-effective-retirement-women,LineChart,,,40d68c924795397a716f14a9a9ca8965,average-effective-retirement-women_v11_850x600.svg,2,34,219689696,60549
average-exposure-pm25-pollution,WorldMap,,,e0d9ed46bcda14f9c94f3bc71c9e26eb,average-exposure-pm25-pollution_v7_850x600.svg,4,58,447322224,241672
average-farm-size,WorldMap,,,a24f81169d034d524a98ddc450d34ebb,average-farm-size_v4_850x600.svg,2,26,504945504,12008
average-farm-size-vs-gdp,ScatterPlot,,,0327283a9a5540fedaec074a11840247,average-farm-size-vs-gdp_v21_850x600.svg,14,85,283896240,262575
average-harmonized-learning-outcome-scores,WorldMap,,,22c09cbc0cb747400335659dfcc981fd,average-harmonized-learning-outcome-scores_v46_850x600.svg,4,23,229436536,19165
average-height-by-year-of-birth,LineChart,,,f907d64e7b9da8baa897594e930e3cee,average-height-by-year-of-birth_v14_850x600.svg,22,50,569740640,1401687
average-height-of-men,WorldMap,,,a05ae843e73074f7da898f8ba5ff5014,average-height-of-men_v10_850x600.svg,6,48,418816008,700900
average-height-of-men-by-year-of-birth,LineChart,,,5bda0d03e8b082372a6b25c976f6f9e7,average-height-of-men-by-year-of-birth_v5_850x600.svg,1,17,538874232,44659
average-height-of-men-for-selected-countries,LineChart,,,78e011f9690e70ac3e0061aafa8ea04e,average-height-of-men-for-selected-countries_v14_850x600.svg,2,21,201826576,44637
average-height-of-women,WorldMap,,,4400e6b9999f8e935e69293efb0e4a1b,average-height-of-women_v9_850x600.svg,7,48,319131904,700787
average-hourly-earnings,WorldMap,,,6a5de413eb608ed6f698b909641a7130,average-hourly-earnings_v18_850x600.svg,3,23,434822360,30983
average-learning-outcomes-by-total-education-expenditure-per-capita,ScatterPlot,,,0895ed772c2fc931be71f7c9ec450edf,average-learning-outcomes-by-total-education-expenditure-per-capita_v27_850x600.svg,7,51,586713064,136633
average-length-of-stay,WorldMap,,,e7a9c6d576459d104a84d966974d759e,average-length-of-stay_v18_850x600.svg,5,31,231305432,92336
average-monthly-surface-temperature,WorldMap,,,803b97dfd49ec6094734ba52795637ee,average-monthly-surface-temperature_v16_850x600.svg,53,390,611829248,7579941
average-nitrate-concentration-in-freshwater,LineChart,,,7c056113896356b0f064100c94f97977,average-nitrate-concentration-in-freshwater_v6_850x600.svg,3,19,464992408,80026
average-non-hdl-cholesterol-levels,WorldMap,,,22ab40bdae4357fff09af15030e1150e,average-non-hdl-cholesterol-levels_v23_850x600.svg,2,25,253793608,212332
average-oecd-education-expenditure-by-source-of-funding-gdp,StackedArea,,,749a07bccccd139d88f34d70ea95fe14,average-oecd-education-expenditure-by-source-of-funding-gdp_v8_850x600.svg,1,18,291202776,534
average-per-capita-fruit-intake-vs-minimum-recommended-guidelines,WorldMap,,,5a6541cf30984b0fba97bcd3c50cd54f,average-per-capita-fruit-intake-vs-minimum-recommended-guidelines_v33_850x600.svg,7,47,449477192,437214
average-per-capita-vegetable-intake-vs-minimum-recommended-guidelines,WorldMap,,,c91aea4cee0c47b277b04bde3d344eb8,average-per-capita-vegetable-intake-vs-minimum-recommended-guidelines_v32_850x600.svg,15,62,325007456,438032
average-performance-of-15-year-old-girls-and-boys-on-the-science-scale,ScatterPlot,,,3e1e2c7f35ed5a2fae0d96b5267fe65c,average-performance-of-15-year-old-girls-and-boys-on-the-science-scale_v10_850x600.svg,135,308,625374552,2497716
average-performance-of-15-year-olds-in-mathematics-reading-and-science,LineChart,,,8638795ab3b826daa3bef915d85e4557,average-performance-of-15-year-olds-in-mathematics-reading-and-science_v22_850x600.svg,4,38,227682768,45074
average-phosphorus-concentration-in-freshwater,LineChart,,,e856dfbbbaf85cc5a98ac8fd56568a02,average-phosphorus-concentration-in-freshwater_v6_850x600.svg,4,16,478245752,66236
average-precipitation-per-year,WorldMap,,,07f8128f97ed0cf2f4cd0576c137ab34,average-precipitation-per-year_v21_850x600.svg,5,37,464632440,556695
average-schooling-vs-expected-schooling,ScatterPlot,,,4c7edb230c75f5f463ae2cfba40d3aca,average-schooling-vs-expected-schooling_v29_850x600.svg,76,252,386554648,2290017
average-study-length-by-phase,LineChart,,,a9ef0c3026f4f5e3316709edfbb60338,average-study-length-by-phase_v33_850x600.svg,1,19,262731128,7990
average-tariff-rates-per-cent-19882016,LineChart,,,a2cb102948173872476c5b7c1f3058c2,average-tariff-rates-per-cent-19882016_v11_850x600.svg,2,35,237041032,697
average-usual-weekly-hours-worked-women-15-years-and-older,LineChart,,,3dd3aa8a81cb949d9977ba433d8ee858,average-usual-weekly-hours-worked-women-15-years-and-older_v3_850x600.svg,2,27,498376504,32077
average-working-hours-of-children,DiscreteBar,,,195e7416ab167ae779d40c54137c2238,average-working-hours-of-children_v16_850x600.svg,1,22,265429936,3922
average-years-of-schooling-males-vs-females,ScatterPlot,,,029a5046635a15beeca7d254d9107a66,average-years-of-schooling-males-vs-females_v18_850x600.svg,140,353,576910496,2897443
average-years-of-schooling-vs-gdp-per-capita,ScatterPlot,,,fb18a778e3e2ec879b081d63a344a3da,average-years-of-schooling-vs-gdp-per-capita_v29_850x600.svg,131,356,344130120,2299412
avertable-deaths-from-rotavirus-with-full-vaccine-coverage,WorldMap,,,7e2bc99767d417523671db0dc05a9e41,avertable-deaths-from-rotavirus-with-full-vaccine-coverage_v21_850x600.svg,2,25,622926112,5872
aviation-accidents-by-flight-phase,StackedArea,,,26b31b978f54b2f9e4751e488e826c54,aviation-accidents-by-flight-phase_v3_850x600.svg,4,17,648113568,10438
aviation-demand-efficiency,LineChart,,,aca6a1213a4c2cdc135448e2eeb35210,aviation-demand-efficiency_v4_850x600.svg,3,69,636980152,6012
aviation-fatalities-by-flight-phase,StackedArea,,,6cc32f54622d4e60da894e7af128821f,aviation-fatalities-by-flight-phase_v3_850x600.svg,5,19,645647536,10817
aviation-fatalities-per-million-passengers,LineChart,,,3e08ef1b645069d6b0acc13c96fb4629,aviation-fatalities-per-million-passengers_v14_850x600.svg,3,22,665807536,1839
aviation-share-co2,LineChart,,,c690f8fc1d04ad8140241bc3a1ae384c,aviation-share-co2_v4_850x600.svg,2,20,663843728,2428
avocado-production,WorldMap,,,088bff0ff22478e2ff509c65cbf5ee2c,avocado-production_v10_850x600.svg,3,24,637636512,200885
banana-production,WorldMap,,,50de6efff79b8e0eaf145213ee8d1867,banana-production_v21_850x600.svg,7,44,694820768,323747
banana-production-by-region,StackedArea,,,fa4ccd6afee3fac0ab9fbad2c9d33410,banana-production-by-region_v10_850x600.svg,6,29,414017272,323747
banana-yields,LineChart,,,00a3fc8c9044873116bf2ffd778470cf,banana-yields_v15_850x600.svg,8,31,407973968,331212
bank-capital-to-total-assets-ratio,WorldMap,,,70fdc20a2cd4943c1e52347fac76a583,bank-capital-to-total-assets-ratio_v10_850x600.svg,4,33,650820960,56351
banning-of-chick-culling,WorldMap,,,d6b88ac78c7ef8b2419c05b39dd81143,banning-of-chick-culling_v7_850x600.svg,2,26,710881944,1300
barley-production,WorldMap,,,724a3641014d31ac85ec9e1492bf046a,barley-production_v9_850x600.svg,2,20,594971920,262712
barley-yields,WorldMap,,,fc76a8f21e8a82c2c5c1b5ef073ab93d,barley-yields_v11_850x600.svg,3,41,434042528,269901
basic-state-functions-score-bti,WorldMap,,,b7d83d0b4e68004efbf531b30150e3ff,basic-state-functions-score-bti_v79_850x600.svg,6,26,671490088,47509
bathing-sites-with-excellent-water-quality,LineChart,,,4158c10ab4cd6f0c699fa6836b25fc96,bathing-sites-with-excellent-water-quality_v12_850x600.svg,3,17,737682944,45601
battery-price-vs-cumulative-production,ScatterPlot,,,2e0298447ff91fa0f83e8d5038c424cf,battery-price-vs-cumulative-production_v10_850x600.svg,1,23,586368800,2320
bcg-immunization-coverage-for-tb-among-1-year-olds,WorldMap,,,d4f80fd7ce1be17dcdfa812776cb71af,bcg-immunization-coverage-for-tb-among-1-year-olds_v29_850x600.svg,2,24,768764384,199284
beach-litter,WorldMap,,,d6ab8885ca1ac2458fde1be474c39729,beach-litter_v18_850x600.svg,2,26,448593232,24522
bean-production,WorldMap,,,444d107b9c752710f38b4df1777f2e3f,bean-production_v10_850x600.svg,4,28,362477016,296035
bean-yields,LineChart,,,689eebea297df189f8f3a611ab0d2465,bean-yields_v13_850x600.svg,8,50,663446104,314102
beef-and-buffalo-meat-production-tonnes,WorldMap,,,125a654ce38489a512c80720ed9fd4a8,beef-and-buffalo-meat-production-tonnes_v14_850x600.svg,3,42,621834280,450111
beer-as-share-alcohol-consumption,WorldMap,,,ba2f828d867ceb18a8409878fc7195aa,beer-as-share-alcohol-consumption_v12_850x600.svg,3,29,466829088,121621
beer-consumption-per-person,WorldMap,,,63f786454e0dd147fcfd3ae897ab2d5c,beer-consumption-per-person_v16_850x600.svg,3,48,752699968,314687
beliefs-about-what-it-takes-to-gete-ahead-in-life,DiscreteBar,,,4f249a8090318e89598bb8108a7c2158,beliefs-about-what-it-takes-to-gete-ahead-in-life_v14_850x600.svg,3,24,579798104,406
bev-share-new-ev,LineChart,,,2e30c6a34fe6f99137b503e13c64e785,bev-share-new-ev_v12_850x600.svg,2,19,338351792,25502
biofuel-production,WorldMap,,,96ea8c3c5f46f40468f1d571da02983c,biofuel-production_v18_850x600.svg,2,20,678174752,52285
biofuels-production-by-region,StackedArea,,,f4d622e5f79e467e3c018c07cdc9279a,biofuels-production-by-region_v16_850x600.svg,1,16,604572288,52285
biological-weapons,WorldMap,,,52bfb4dd3a7f76df069493f9edb012ad,biological-weapons_v26_850x600.svg,3,27,589734336,5094
biological-weapons-convention,WorldMap,,,42503398327eef17a692b502984a4ab9,biological-weapons-convention_v14_850x600.svg,2,19,616669920,6965
biomass-fish-stocks-region,LineChart,,,68d059074e643cde46fe82b084fccef6,biomass-fish-stocks-region_v12_850x600.svg,4,54,379936408,28933
biomass-fish-stocks-taxa,LineChart,,,22552a5bc734ab728859208d8b0b908c,biomass-fish-stocks-taxa_v13_850x600.svg,1,26,440250152,24440
biomass-vs-abundance-taxa,ScatterPlot,,,cb547d64c635d42e771d009772402bda,biomass-vs-abundance-taxa_v8_850x600.svg,3,18,715044096,1351
bipolar-disorder-prevalence,WorldMap,,,ea61382b57553e76d1b29c92caef9793,bipolar-disorder-prevalence_v32_850x600.svg,2,27,834474456,265672
bipolar-disorder-prevalence-by-age,DiscreteBar,,,15d611636d390e097e5cdbf9ce79d128,bipolar-disorder-prevalence-by-age_v30_850x600.svg,92,120,713164368,3968050
bipolar-disorder-prevalence-males-vs-females,ScatterPlot,,,c408b7c3045135598d2471923119da93,bipolar-disorder-prevalence-males-vs-females_v34_850x600.svg,146,349,654661808,2372793
bird-populations-eu,LineChart,,,976a393380381a3aa6ddb4e0940e9c03,bird-populations-eu_v5_850x600.svg,2,18,468402224,3237
birth-rate-colored-by-peak-birth-month,LineChart,,,2f7dca16aeaa0078421f569dec00fa00,birth-rate-colored-by-peak-birth-month_v26_850x600.svg,5,35,643001776,245203
birth-rate-total,LineChart,,,8c1e46771157cae8fd9b7837f456d8df,birth-rate-total_v23_850x600.svg,11,56,359484168,230754
birth-rate-vs-death-rate,ScatterPlot,,,c4e221227240651a9e40917cf737b453,birth-rate-vs-death-rate_v30_850x600.svg,102,184,272496424,1757736
births-and-deaths,LineChart,,,72e1c87ebd5d71ec8955ef8bc77b7912,births-and-deaths_v18_850x600.svg,6,24,459898416,221193
births-and-deaths-projected-to-2100,LineChart,,,7f97eb81306acfaf8291b638deb48a5e,births-and-deaths-projected-to-2100_v36_850x600.svg,60,86,647175280,2324389
births-attended-by-health-staff-sdgs,WorldMap,,,01d42d0e753fd65395c16784c5bed971,births-attended-by-health-staff-sdgs_v28_850x600.svg,3,28,484843848,85788
births-by-age-of-mother,LineChart,,,eb5f33d074c4b79ddd1cfaa3974bcbaf,births-by-age-of-mother_v10_850x600.svg,106,130,776143072,4987909
births-per-month-annual,DiscreteBar,,,f3044a6d6334dc51277ac1ce95e74695,births-per-month-annual_v14_850x600.svg,28,41,401567880,1564698
births-registered,WorldMap,,,c6276b45215e54097dfc6cda5254bddd,births-registered_v31_850x600.svg,4,30,512965168,26454
biweekly-change-covid-deaths,WorldMap,,,895874743ad8b90692694c8095f6499c,biweekly-change-covid-deaths_v3008_850x600.svg,39,715,553730560,6726854
biweekly-confirmed-covid-19-cases,WorldMap,,,96e27ea4f12a03b0cb011f7d8df728a1,biweekly-confirmed-covid-19-cases_v3002_850x600.svg,116,1058,457297720,15565199
biweekly-covid-cases-per-million-people,WorldMap,,,06a45c1383e475c00e6366fdd60ab2ee,biweekly-covid-cases-per-million-people_v2959_850x600.svg,105,1230,754222432,17532809
biweekly-covid-deaths,WorldMap,,,8afb68135ecaacf052d5cccd4493421e,biweekly-covid-deaths_v3008_850x600.svg,98,1001,433168400,15015947
biweekly-covid-deaths-per-million-people,WorldMap,,,172936aef04796ec458f17abfa634ee7,biweekly-covid-deaths-per-million-people_v2963_850x600.svg,100,1146,544862200,16659019
biweekly-growth-covid-cases,WorldMap,,,b61727aa38b1ee96afc01ef0a32a5c14,biweekly-growth-covid-cases_v3010_850x600.svg,69,930,823687688,10354734
black-rhinos,WorldMap,,,8c48fea65ba51b19c64826d453a455c2,black-rhinos_v17_850x600.svg,2,58,527731504,6001
bladder-cancer-death-rate,WorldMap,,,d40dfd593ce8199da7ad3d21d32c5205,bladder-cancer-death-rate_v13_850x600.svg,3,28,546929960,113886
bleaching-events-enso,StackedBar,,,22e28d13b40fb7853e58eb4fa0fed137,bleaching-events-enso_v7_850x600.svg,3,23,580557352,3299
borrowing-to-start-or-expand-business-men-vs-women,ScatterPlot,,,33298e16e42d54bc8244065cfea36146,borrowing-to-start-or-expand-business-men-vs-women_v25_850x600.svg,4,32,585751136,30897
bottom-trawling,WorldMap,,,6395cf21152b70fec21b952f3f3e90e3,bottom-trawling_v6_850x600.svg,3,21,475318520,212578
brain-and-nervous-system-cancer-death-rate,WorldMap,,,3b4c9487938e966f055071327420a3dc,brain-and-nervous-system-cancer-death-rate_v21_850x600.svg,4,27,606717016,100383
breakdown-habitable-land,StackedArea,,,8660a017b273cf77a3e8499324ca30c9,breakdown-habitable-land_v7_850x600.svg,40,59,476365192,1178102
breakdown-of-child-mortality-by-cause,LineChart,,,d69288f7ab24b06c8f6b55f3f47123c3,breakdown-of-child-mortality-by-cause_v20_850x600.svg,24,42,425102888,1005256
breast-cancer-death-rate-in-women,LineChart,,,4e220e1ebad0060d51fe3ca4796107ed,breast-cancer-death-rate-in-women_v30_850x600.svg,2,27,623297536,162025
breast-cancer-screening-coverage-in-europe,DiscreteBar,,,f30bffa0e7510d04b993333161a7636f,breast-cancer-screening-coverage-in-europe_v6_850x600.svg,2,13,843787280,12352
bribery-incidence-for-firms,WorldMap,,,06c9873d2aabfc7d4bfc96316e38ab59,bribery-incidence-for-firms_v30_850x600.svg,5,30,865145856,21001
bribery-prevalence-un,WorldMap,,,e69cf6a6d7934ab9af5ac2e95145c973,bribery-prevalence-un_v35_850x600.svg,2,26,449288336,16917
britain-road-deaths-user,LineChart,,,9e243f937bacd39aea4c1fdbf7726ec2,britain-road-deaths-user_v2_850x600.svg,2,28,508226264,10497
british-vapers-by-smoking-history,StackedArea,,,a07ef16963a7bc1d4485e533c92d76a5,british-vapers-by-smoking-history_v8_850x600.svg,4,13,591584272,1263
broad-causes-of-death,StackedArea,,,122e1857f0d87e58416bab4e561911d8,broad-causes-of-death_v7_850x600.svg,20,56,600413832,1004258
broad-money-to-total-reserves-ratio,WorldMap,,,2a168480e7c082bb8529e3170873e330,broad-money-to-total-reserves-ratio_v12_850x600.svg,2,25,530102192,96064
broadband-penetration-by-country,LineChart,,,2c6606e914a98846d8a55572fb61ea6e,broadband-penetration-by-country_v37_850x600.svg,2,18,435647096,154644
budget-to-manage-invasive-alien-species,WorldMap,,,28cba80e7571120f2844df60899617f3,budget-to-manage-invasive-alien-species_v21_850x600.svg,2,21,880970032,7741
bullfighting-ban,WorldMap,,,9bdda8a5d315d208fe7ae4ae9cd55776,bullfighting-ban_v4_850x600.svg,1,14,552289624,1031
burden-disease-from-each-mental-illness,DiscreteBar,,,7149970d07fd7c8f156e90d0114554e6,burden-disease-from-each-mental-illness_v57_850x600.svg,21,32,789696312,1259780
burden-of-disease,WorldMap,,,8ed03ab1593accdc3a4c24977a70d8d8,burden-of-disease_v18_850x600.svg,5,28,456765520,258891
burden-of-disease-by-cause,DiscreteBar,,,31054dc047212f9d072ef5d6ac8712be,burden-of-disease-by-cause_v35_850x600.svg,106,134,544267464,6446974
burden-of-disease-from-injuries-by-age,StackedArea,,,36241d1a6acdf0470c9a7c06538e5ceb,burden-of-disease-from-injuries-by-age_v18_850x600.svg,26,43,544678600,1292423
burden-of-disease-rates-from-communicable-neonatal-maternal-nutritional-diseases,WorldMap,,,340dc23b3d8bff43fe094b03182ab48b,burden-of-disease-rates-from-communicable-neonatal-maternal-nutritional-diseases_v22_850x600.svg,3,30,622895144,252119
burden-of-disease-rates-from-injuries,WorldMap,,,d77d88da831fc1a700b73a53fb81277c,burden-of-disease-rates-from-injuries_v20_850x600.svg,3,31,856723352,251782
burden-of-disease-rates-from-ncds,WorldMap,,,5825835f96ac95355ab2d05600999104,burden-of-disease-rates-from-ncds_v18_850x600.svg,2,25,764961456,253157
burden-of-disease-who,WorldMap,,,08f361f8bb20285a2f6a19c65b4827e5,burden-of-disease-who_v17_850x600.svg,2,29,474244816,143518
but-so-is-the-quality-of-their-local-environment,ScatterPlot,,,8e2d914c509619529cef6545fe4fed4f,but-so-is-the-quality-of-their-local-environment_v18_850x600.svg,2,33,598886184,19706
but-so-is-the-quality-of-their-local-environment-finn,ScatterPlot,,,e9e82e34ff21a6d5865ccc47de276d94,but-so-is-the-quality-of-their-local-environment-finn_v9_850x600.svg,2,37,619167312,19706
calorie-supply-by-food-group,StackedDiscreteBar,,,4e0dd808ebe7a03f8ef805d552fd51ad,calorie-supply-by-food-group_v12_850x600.svg,46,68,872683984,2610935
calories-wasted-food-group,DiscreteBar,,,08b78bc78b82522343fc8f5e4475fb90,calories-wasted-food-group_v4_850x600.svg,1,9,783092864,260
cancer-crude-death-rate-by-type,DiscreteBar,,,a00b4ba5a83cb2109531e5d4382d1c03,cancer-crude-death-rate-by-type_v32_850x600.svg,58,78,794878608,3355641
cancer-death-rate-by-age-group,DiscreteBar,,,ead47c19c77d5d716128837b0c7efa44,cancer-death-rate-by-age-group_v11_850x600.svg,74,92,511523176,3016357
cancer-death-rate-crude-vs-age-standardized-who-mdb,LineChart,,,715a1e82938322a2dd94fbc26ee6a796,cancer-death-rate-crude-vs-age-standardized-who-mdb_v24_850x600.svg,6,21,535125344,324636
cancer-death-rate-in-children-under-5-years-old-by-type,LineChart,,,d16261706cda8b6ba5f24dadd2d53352,cancer-death-rate-in-children-under-5-years-old-by-type_v38_850x600.svg,31,52,895158400,2062507
cancer-death-rate-who-mdb,LineChart,,,742db940363718f8fff16ba701a5781a,cancer-death-rate-who-mdb_v21_850x600.svg,4,33,603238184,162438
cancer-death-rates,WorldMap,,,81b8b160ae474f85e970dbafaa34c7df,cancer-death-rates_v40_850x600.svg,4,29,826579408,327013
cancer-death-rates-by-age,DiscreteBar,,,2f1dceb12d95025aecd54aa76ffe2cd0,cancer-death-rates-by-age_v27_850x600.svg,33,44,662660448,1674538
cancer-death-rates-by-type,LineChart,,,6653a89266db66bc5623f5c2b733e74e,cancer-death-rates-by-type_v28_850x600.svg,61,105,590501624,3260397
cancer-death-rates-by-type-who-db,LineChart,,,478fc9f5df8307a5393c086418a90cf1,cancer-death-rates-by-type-who-db_v10_850x600.svg,54,78,512343232,2567819
cancer-death-rates-in-children-under-10-years-old,LineChart,,,11a551401cbffbb7b0579a25a8ab93a1,cancer-death-rates-in-children-under-10-years-old_v22_850x600.svg,15,59,657946752,575571
cancer-deaths-by-age,StackedArea,,,a0fd596dacddc9a512d5f03d01872b13,cancer-deaths-by-age_v29_850x600.svg,29,53,588398768,1678651
cancer-deaths-by-type-grouped,StackedArea,,,97e2c4703346a451fe8356c641d14174,cancer-deaths-by-type-grouped_v21_850x600.svg,104,133,828766104,5032491
cancer-deaths-in-children-under-5-years-old-by-type,StackedArea,,,ffdc41a2a1d177eb3ba0b51367cbd263,cancer-deaths-in-children-under-5-years-old-by-type_v44_850x600.svg,47,113,899435120,2062507
cancer-deaths-rate-and-age-standardized-rate-index,LineChart,,,32bd93201e3dc42517e43e35ba34c420,cancer-deaths-rate-and-age-standardized-rate-index_v32_850x600.svg,15,35,588070504,996919
cancer-incidence,WorldMap,,,2edbcb229fdb29e5065359e3db5f663b,cancer-incidence_v15_850x600.svg,3,28,684654000,253027
cancer-incidence-rate-by-age-group,LineChart,,,1f46b20775692ccfa5b1e377ed0ff569,cancer-incidence-rate-by-age-group_v12_850x600.svg,27,71,520922960,1547768
cancer-screening-rates-in-europe,DiscreteBar,,,a0d6781c118d6825eab1c364c7a37a63,cancer-screening-rates-in-europe_v19_850x600.svg,2,20,574466928,27072
cantril-ladder-age-groups,DiscreteBar,,,2747fd31b1bb2f316e4a3d74995f3478,cantril-ladder-age-groups_v17_850x600.svg,3,31,632309224,17034
capital-intensity,LineChart,,,958db088c26fb0858b4d487017763cd3,capital-intensity_v5_850x600.svg,1,21,667756424,75290
capital-intensity-vs-labor-productivity,ScatterPlot,,,5d6d27b429211a6ce6a3287b70283b94,capital-intensity-vs-labor-productivity_v16_850x600.svg,59,186,654014272,2009980
capture-and-aquaculture-production,StackedArea,,,b7a78270cf56265fac090e48f8a33361,capture-and-aquaculture-production_v24_850x600.svg,23,79,919194816,799836
capture-fisheries-vs-aquaculture,LineChart,,,9698b574ab6335b45456f6daaa5bedca,capture-fisheries-vs-aquaculture_v21_850x600.svg,17,36,836980640,799836
capture-fishery-production,LineChart,,,87d3f236e62f61ac4a41d9dff99a0c00,capture-fishery-production_v25_850x600.svg,6,35,693338144,413581
car-sales,StackedBar,,,364680a73f97b8fb727cfd97a05b9e6f,car-sales_v17_850x600.svg,2,16,603335152,48550
carbon-dioxide-emissions-are-higher-in-richer-countries,ScatterPlot,,,555e36e79bc38ca334e7905a9db1b4d5,carbon-dioxide-emissions-are-higher-in-richer-countries_v15_850x600.svg,2,44,530004296,20297
carbon-dioxide-emissions-are-higher-in-richer-countries-finn,ScatterPlot,,,b43a96ce307ffb7fd7b62b148bcd0f41,carbon-dioxide-emissions-are-higher-in-richer-countries-finn_v8_850x600.svg,2,30,653212816,20297
carbon-dioxide-emissions-factor,DiscreteBar,,,d6bb90a90d9bdc73d311b19c9a3b776e,carbon-dioxide-emissions-factor_v11_850x600.svg,1,11,862892912,1840
carbon-emission-intensity-vs-gdp-per-capita,ScatterPlot,,,53163d8bedaf80229d89ae2e6aea5d60,carbon-emission-intensity-vs-gdp-per-capita_v30_850x600.svg,8,72,990886256,493559
carbon-emissions-trading-system,WorldMap,,,30118e3fd7167d69bd289efefecc2996,carbon-emissions-trading-system_v29_850x600.svg,3,21,885906208,246280
carbon-footprint-travel-mode,DiscreteBar,,,e278262e26398a3fcc5e821e081c7e74,carbon-footprint-travel-mode_v27_850x600.svg,3,21,668689736,615
carbon-intensity-electricity,WorldMap,,,109a28e89f540df12776d48282b127d5,carbon-intensity-electricity_v54_850x600.svg,5,40,706464992,202250
carbon-intensity-vs-gdp,ScatterPlot,,,ea20c9394f442f4ee020d885f23e3844,carbon-intensity-vs-gdp_v47_850x600.svg,13,82,187188456,612514
carbon-new-passenger-vehicles,LineChart,,,840a0958cefa83451038986f1e6de026,carbon-new-passenger-vehicles_v9_850x600.svg,3,28,658188384,10112
carbon-opportunity-costs-per-kilogram-of-food,DiscreteBar,,,5e0a28209483d110d315846cea87e768,carbon-opportunity-costs-per-kilogram-of-food_v7_850x600.svg,1,14,554381944,1542
carbon-price-vs-share-emissions,Marimekko,,,61356310803d53f5c8a1afcfb8cffd0b,carbon-price-vs-share-emissions_v13_850x600.svg,8,100,634588776,408830
carbon-tax-instruments,WorldMap,,,ddcf3c09719424271c0b27daedf4a566,carbon-tax-instruments_v23_850x600.svg,3,28,725796192,296042
carbon-tax-trading-coverage,WorldMap,,,18825eafb2330049b74432ecd60acc9d,carbon-tax-trading-coverage_v28_850x600.svg,21,74,537926784,589262
cardiac-procedures-per-million-people,DiscreteBar,,,87398e82ac345cb6f209ddbc86585fe2,cardiac-procedures-per-million-people_v23_850x600.svg,5,28,674519312,24411
cardiac-surgeons-per-million-people,DiscreteBar,,,87550c51cb14a2e0b4385731120deb23,cardiac-surgeons-per-million-people_v22_850x600.svg,3,14,958538016,5740
cardiovascular-death-rate-vs-gdp-per-capita,ScatterPlot,,,c2cda482d348caada94b0ca46fe48ff4,cardiovascular-death-rate-vs-gdp-per-capita_v58_850x600.svg,62,250,788308544,2232083
cardiovascular-disease-death-crude-rate-who-mdb,LineChart,,,f0f2c894613318368a388b9df23b37b4,cardiovascular-disease-death-crude-rate-who-mdb_v26_850x600.svg,2,30,658599056,161925
cardiovascular-disease-death-rate-age-group-who-mdb,DiscreteBar,,,35fc840ef4c44b993a63feda2a18a844,cardiovascular-disease-death-rate-age-group-who-mdb_v27_850x600.svg,50,67,978013320,3018223
cardiovascular-disease-death-rate-crude-versus-age-standardized,LineChart,,,95a80c52ee4e7dfee04c7e83c33dc274,cardiovascular-disease-death-rate-crude-versus-age-standardized_v27_850x600.svg,7,30,582381752,324116
cardiovascular-disease-death-rate-males-vs-females,ScatterPlot,,,98bdf451014a94eca170f5b0ab0dcfee,cardiovascular-disease-death-rate-males-vs-females_v28_850x600.svg,118,286,664389136,2794619
cardiovascular-disease-death-rate-over-time-males-vs-females,LineChart,,,9f7ee1722dcebfd716a26a6c9bf09299,cardiovascular-disease-death-rate-over-time-males-vs-females_v33_850x600.svg,6,24,700828416,324233
cardiovascular-disease-death-rate-who-mdb,LineChart,,,a9741db8a69515f5eecd739114a51f75,cardiovascular-disease-death-rate-who-mdb_v23_850x600.svg,2,29,664637384,162191
cardiovascular-disease-death-rates,WorldMap,,,e96a216a8166d106b6b36ae2b71681bb,cardiovascular-disease-death-rates_v31_850x600.svg,5,34,1003130624,326523
cardiovascular-disease-death-rates-by-age,LineChart,,,97c32b62e005c438bfb4ea60359f4d39,cardiovascular-disease-death-rates-by-age_v32_850x600.svg,42,70,204010856,1678238
cardiovascular-disease-deaths-by-age,StackedArea,,,c7ef9b2e3109e0a41a79975289c483dc,cardiovascular-disease-deaths-by-age_v38_850x600.svg,32,50,663262016,1679300
cardiovascular-diseases-deaths-by-risk-factor,DiscreteBar,,,f18ea14a886948443e1a2251c4ab1d45,cardiovascular-diseases-deaths-by-risk-factor_v40_850x600.svg,72,99,717038352,3111949
caribbean-acropora,LineChart,,,7ba60e6fe1e23a3949c4cfff81cf9969,caribbean-acropora_v8_850x600.svg,1,13,972509648,878
cases-of-extensively-drug-resistant-tuberculosis,WorldMap,,,d78f76c5834fecd59b87cfd06c259610,cases-of-extensively-drug-resistant-tuberculosis_v34_850x600.svg,4,29,691442096,262291
cases-of-killed-human-rights-defenders-journalists-trade-unionists,StackedDiscreteBar,,,75f780c9e6d15825a7e816778a48b937,cases-of-killed-human-rights-defenders-journalists-trade-unionists_v36_850x600.svg,3,19,996688768,5410
cases-of-multidrug-resistant-tuberculosis,WorldMap,,,8fcb6e3828bf0bd333e61c25c9386720,cases-of-multidrug-resistant-tuberculosis_v29_850x600.svg,3,29,1019153096,260049
cases-of-paralytic-polio-from-vaccine-derived-viruses,WorldMap,,,ba8ddca9a8b57053748522742075afe7,cases-of-paralytic-polio-from-vaccine-derived-viruses_v31_850x600.svg,2,22,754896256,105308
cases-of-paralytic-polio-from-vaccine-derived-viruses-by-strain,LineChart,,,140ed4c3f932a0bbcf0b4a221077ea4a,cases-of-paralytic-polio-from-vaccine-derived-viruses-by-strain_v25_850x600.svg,1,14,226590472,4940
cases-of-paralytic-polio-from-wild-polioviruses,LineChart,,,8fa2e68d86ef39dd3bfef94bc16c9360,cases-of-paralytic-polio-from-wild-polioviruses_v22_850x600.svg,2,28,669362480,102255
cases-of-paralytic-polio-from-wild-vs-vaccine-derived-viruses,LineChart,,,3e07f1c4d66c11c7fb9fd464999967cf,cases-of-paralytic-polio-from-wild-vs-vaccine-derived-viruses_v38_850x600.svg,13,33,220882032,411861
cashew-nut-production,WorldMap,,,f34bc191ed8b7dd7d3d8d7fc11e85573,cashew-nut-production_v10_850x600.svg,2,19,1035092920,112218
cashew-nut-yields,LineChart,,,3e9b0d029523a1710666a7da46ec24dc,cashew-nut-yields_v13_850x600.svg,2,21,704282792,109901
cassava-production,WorldMap,,,14ffe8ce17d5e27b2bc1e9d84ac8864a,cassava-production_v9_850x600.svg,2,28,780598280,261135
cassava-yields,WorldMap,,,f99afc7c97ca2b5130e7c93777717844,cassava-yields_v11_850x600.svg,3,28,234365184,271433
catch-fishing-power-uk,LineChart,,,f4005c755643175698d124da9ba41052,catch-fishing-power-uk_v7_850x600.svg,5,21,689374704,9637
catching-up-and-stagnating-manufacturing-wages-relative-to-the-us-19502016,LineChart,,,3342b2b2f807072f180aa0bcbb140e81,catching-up-and-stagnating-manufacturing-wages-relative-to-the-us-19502016_v14_850x600.svg,2,31,243562200,10733
catching-up-and-stagnating-manufacturing-wages-relative-to-the-us-with-finland,LineChart,,,25a2396185163859e95fe191faf00f3b,catching-up-and-stagnating-manufacturing-wages-relative-to-the-us-with-finland_v5_850x600.svg,1,23,1052094688,10733
catching-up-to-the-us-during-the-golden-age-and-beyond-19502018,LineChart,,,3738097bf55a31cd8acb532233b84379,catching-up-to-the-us-during-the-golden-age-and-beyond-19502018_v10_850x600.svg,2,22,757594808,15636
categorical-inequality-average-years-of-schooling-girls-relative-to-boys,LineChart,,,77a9ce37c8b8fe2da7cecb714d6fe0cb,categorical-inequality-average-years-of-schooling-girls-relative-to-boys_v11_850x600.svg,1,16,718915440,1899
cattle-livestock-count-heads,WorldMap,,,35e465dae3d2335bc0937a369d62fa65,cattle-livestock-count-heads_v15_850x600.svg,5,52,645714448,460042
cattle-meat-yields-hectograms-100-grams-per-animal,WorldMap,,,b6e6cbe0ea1b1677596e5be63f2e81b5,cattle-meat-yields-hectograms-100-grams-per-animal_v18_850x600.svg,6,53,263144904,387331
cause-of-death-registration-population,Marimekko,,,94c935914dfeb0a0798e6aafedac27ce,cause-of-death-registration-population_v67_850x600.svg,19,61,802588448,1845519
causes-of-death-in-15-49-year-olds,DiscreteBar,,,4038cdfd5292afc17c2a71723dc86053,causes-of-death-in-15-49-year-olds_v43_850x600.svg,217,268,753559936,8278583
causes-of-death-in-5-14-year-olds,DiscreteBar,,,4e0304236bd4463fe3f1ab7887c213b9,causes-of-death-in-5-14-year-olds_v30_850x600.svg,125,180,1071530992,6976380
causes-of-death-in-50-69-year-olds,DiscreteBar,,,1efba61d8dbd0dcf72ccaad9720dbe94,causes-of-death-in-50-69-year-olds_v34_850x600.svg,226,269,306921920,8273593
causes-of-death-in-70-year-olds,DiscreteBar,,,f17469170bf8cb215e11229bf71acdd5,causes-of-death-in-70-year-olds_v38_850x600.svg,260,300,315649672,8282492
causes-of-death-in-children-under-5,DiscreteBar,,,02d0da81d49a1d730c2114743e2954ad,causes-of-death-in-children-under-5_v48_850x600.svg,457,496,734368264,9325851
censorship-of-lgbt-issues,WorldMap,,,725a97102977e897bf28ee582c11c2fc,censorship-of-lgbt-issues_v12_850x600.svg,5,43,202309928,175642
census-based-on-population-register-recently-completed,WorldMap,,,29a3271d4b6d352b1d0fa2a5d89ec48a,census-based-on-population-register-recently-completed_v14_850x600.svg,4,41,1087909984,451991
cereal-allocation-by-country,StackedDiscreteBar,,,52b5c4c638347f0dd798aad7f471cbbb,cereal-allocation-by-country_v17_850x600.svg,152,192,769007088,1569014
cereal-crop-yield-vs-fertilizer-application,ScatterPlot,,,51f86280e40157591440185e58724745,cereal-crop-yield-vs-fertilizer-application_v15_850x600.svg,40,192,369519776,826247
cereal-distribution-to-uses,StackedArea,,,a63c29eb122448523ca96fc5415ed157,cereal-distribution-to-uses_v20_850x600.svg,132,205,1104403616,1198933
cereal-land-spared,StackedArea,,,074042a9446a8080432bbc1eb9d772e2,cereal-land-spared_v13_850x600.svg,3,113,221505496,36126
cereal-production,WorldMap,,,e7a563f4dcc1121a094fe75e4ea1a307,cereal-production_v10_850x600.svg,7,41,344739776,434002
cereal-yield,WorldMap,,,b77d69b8b1b346091a61ae3b430ab730,cereal-yield_v20_850x600.svg,7,44,259630928,443132
cereal-yield-vs-extreme-poverty,LineChart,,,5ae8166602e919658aa3d79fd0c04c13,cereal-yield-vs-extreme-poverty_v54_850x600.svg,11,39,765900608,460140
cereal-yield-vs-extreme-poverty-scatter,ScatterPlot,,,d9639bef43be7fa23c0382ea694eee29,cereal-yield-vs-extreme-poverty-scatter_v38_850x600.svg,81,194,414769464,2301816
cereal-yield-vs-gdp-per-capita,ScatterPlot,,,4207923525d14dcd311eb74bf25704a6,cereal-yield-vs-gdp-per-capita_v38_850x600.svg,96,289,1177155944,2423489
cereal-yields-uk,LineChart,,,1212fcca855d892956820e956ca1e579,cereal-yields-uk_v8_850x600.svg,28,61,751330080,803802
cereals-human-food-vs-gdp,ScatterPlot,,,8ffdc59ce8fc7bbb946822e0ca692fad,cereals-human-food-vs-gdp_v25_850x600.svg,32,120,281610776,688370
cereals-imports-vs-exports,ScatterPlot,,,342894792505b2cf1c1cc5c8e1332104,cereals-imports-vs-exports_v12_850x600.svg,23,102,785260648,816806
cervical-cancer-death-rate-in-women,WorldMap,,,98290d47bebe648292a71d34c1c3515e,cervical-cancer-death-rate-in-women_v27_850x600.svg,3,32,777314728,161692
cervical-cancer-screening-coverage-in-europe,DiscreteBar,,,88650e6d7da5ae07fc239f01f9b5aeda,cervical-cancer-screening-coverage-in-europe_v5_850x600.svg,1,15,365633704,10196
change-air-pollutant-emissions,LineChart,,,de14bfb7dab453a56d158d2b54108c99,change-air-pollutant-emissions_v5_850x600.svg,387,434,476883832,14850803
change-co2-annual-pct,WorldMap,,,ba47ca403e9aac014fd5bdafae5c6ab4,change-co2-annual-pct_v30_850x600.svg,8,62,747902088,874370
change-energy-consumption,LineChart,,,4ef9f8d3c0a0cf9e6693d76fd8213e53,change-energy-consumption_v22_850x600.svg,4,24,308671920,439240
change-energy-gdp-per-capita,LineChart,,,02792b29c986ba41e9f6ee58edc69b6a,change-energy-gdp-per-capita_v23_850x600.svg,7,26,412439976,315246
change-forest-area-share-total,WorldMap,,,98a40fdf106f4040e6b077dbfe3ed5f2,change-forest-area-share-total_v7_850x600.svg,3,28,808282680,278653
change-forest-vs-gdp,ScatterPlot,,,8f3478ea02005b40c0d81950201f9b33,change-forest-vs-gdp_v19_850x600.svg,19,77,315334496,529220
change-heat-death-rate,LineChart,,,f676e3d2da6092a0ffb5633eebc3a9ec,change-heat-death-rate_v8_850x600.svg,2,18,386498136,22358
change-heat-deaths-gdp,ScatterPlot,,,5b89da72cbaad5c5877274c072c22dfb,change-heat-deaths-gdp_v16_850x600.svg,7,77,790522768,272925
change-in-food-supply-population-and-agricultural-land-use,LineChart,,,fa00150d6588c13f18bf8e941b941425,change-in-food-supply-population-and-agricultural-land-use_v17_850x600.svg,25,80,842972104,1363546
change-in-male-height,WorldMap,,,e46b28b27bf1656368e7ade3c3de4563,change-in-male-height_v7_850x600.svg,1,18,401658560,6954
change-in-production-yield-and-land-palm,LineChart,,,6ac6b86e951b54a555d4a88bab979b80,change-in-production-yield-and-land-palm_v10_850x600.svg,9,40,1172204904,427638
change-in-total-mangrove-area,WorldMap,,,fd5b99bf7dc18484de7834c5c0f48ec6,change-in-total-mangrove-area_v15_850x600.svg,1,17,413668784,37471
change-marine-mammals,StackedDiscreteBar,,,8c85c3b421d7f6dcb9db38d0a84b2620,change-marine-mammals_v10_850x600.svg,2,13,821589016,908
change-of-cereal-yield-vs-land-used,LineChart,,,365f7714b542abf5d2cd38bc05bc0291,change-of-cereal-yield-vs-land-used_v9_850x600.svg,19,44,414523264,868989
change-visitors-grocery-stores,WorldMap,,,3b9d97bb0bf29b2ef81c567058b41c3b,change-visitors-grocery-stores_v715_850x600.svg,21,181,1259974760,3684361
change-visitors-parks-covid,WorldMap,,,0b4660a1f4098463e41c4774c176846e,change-visitors-parks-covid_v715_850x600.svg,26,183,397403808,3722269
change-visitors-retail-recreation,WorldMap,,,e9b22044824141a2f50e4f701702057b,change-visitors-retail-recreation_v714_850x600.svg,24,176,896185112,3720430
changes-in-unemployment-and-wellbeing-during-the-financial-crisis-evidence-from-the-us-states,ScatterPlot,,,17d05795de6c77fc077cf7464c2eeab6,changes-in-unemployment-and-wellbeing-during-the-financial-crisis-evidence-from-the-us-states_v20_850x600.svg,2,19,794176600,12438
changes-residential-duration-covid,WorldMap,,,d638788e6ccaca8328d2abe045fa5183,changes-residential-duration-covid_v715_850x600.svg,21,156,458805552,3607175
changes-uk-butterfly,LineChart,,,0ac46ccf0e95a0f08de220cb213b3310,changes-uk-butterfly_v5_850x600.svg,3,19,822254104,13426
changes-visitors-covid,LineChart,,,5bacb9099404c4f6171cff6748892fa6,changes-visitors-covid_v716_850x600.svg,724,824,1000983976,22293245
chemical-weapons,WorldMap,,,d7b913c33760e4019d6446e8ce48f4ab,chemical-weapons_v36_850x600.svg,2,27,498119048,5094
chemical-weapons-convention,WorldMap,,,f110e5db75e96eaa3e3a5954ed6a490a,chemical-weapons-convention_v20_850x600.svg,1,23,1269472312,6914
chicken-meat-production,WorldMap,,,8482e8993703e3e6d17d694dd6722d73,chicken-meat-production_v14_850x600.svg,3,34,487939912,448702
chicken-meat-yields-per-animal,WorldMap,,,72337aa67edd6b992938519ae85c10ed,chicken-meat-yields-per-animal_v11_850x600.svg,6,33,525461160,435207
child-adolescent-obesity,WorldMap,,,8f22e84ec3e7a0d8ea0fdebef9eb5ae1,child-adolescent-obesity_v12_850x600.svg,4,30,1238283864,308989
child-and-maternal-malnutrition-death-rate,WorldMap,,,343b8fae329db74181a69619a6cfca60,child-and-maternal-malnutrition-death-rate_v4_850x600.svg,2,29,914603808,252149
child-death-change,LineChart,,,9cef9e97972feac757a01a5aa106a6e3,child-death-change_v17_850x600.svg,29,51,401557144,1341454
child-death-rates-by-cause,DiscreteBar,,,9c1c3acad3fee28aabc8ce4dca3600ee,child-death-rates-by-cause_v20_850x600.svg,128,159,536223952,7322670
child-deaths-by-world-region-un-data,StackedBar,,,d251c202ca2233056a9c14ab131db164,child-deaths-by-world-region-un-data_v13_850x600.svg,12,50,1261223456,543802
child-deaths-from-invasive-non-typhoidal-salmonella,WorldMap,,,6baa0e39758ffc1d3d882f523c947433,child-deaths-from-invasive-non-typhoidal-salmonella_v25_850x600.svg,4,35,505936688,348439
child-deaths-from-malaria,WorldMap,,,a6684aa1f87626617d91e0f17399d739,child-deaths-from-malaria_v22_850x600.svg,3,29,892726872,302248
child-deaths-from-malaria-number,WorldMap,,,22a53786103b526cf1d5710cdd0bf2cc,child-deaths-from-malaria-number_v26_850x600.svg,4,28,424632888,300901
child-deaths-from-rotavirus,WorldMap,,,2ffedae188e2e2f27c9a0528ee7c2aa7,child-deaths-from-rotavirus_v14_850x600.svg,1,17,905168712,5917
child-deaths-from-streptococcus-by-disease,StackedArea,,,bbb2749e4a3cde361f6a9c8ca268b46c,child-deaths-from-streptococcus-by-disease_v14_850x600.svg,11,23,530237272,249093
child-deaths-igme-data,StackedArea,,,6334889d84ac04d5437ee94ec4d9ceff,child-deaths-igme-data_v34_850x600.svg,3,22,452757304,341723
child-deaths-life-stage,StackedArea,,,0209c36d89368fa24d57c764f34861a5,child-deaths-life-stage_v31_850x600.svg,26,50,1298294608,964745
child-deaths-malnutrition-by-risk,DiscreteBar,,,a6aab744b5c858ac4b5d65f075e6276b,child-deaths-malnutrition-by-risk_v9_850x600.svg,36,54,531202104,2094766
child-homicide-rate,WorldMap,,,ef60af55822ae2095d58efe641a9a768,child-homicide-rate_v10_850x600.svg,8,47,457659256,170215
child-homicide-rate-per-100000,WorldMap,,,37d13b6b66a3ee8e4db3232717cbd05a,child-homicide-rate-per-100000_v21_850x600.svg,2,22,919514960,12914
child-maternal-malnutrition-gdp,ScatterPlot,,,2413dc5b4ea3d283b6bb9e69709e4053,child-maternal-malnutrition-gdp_v11_850x600.svg,9,77,1297863496,502716
child-mortality,LineChart,,,a3c9049dd97d294af7c7d20d71f34f65,child-mortality_v43_850x600.svg,4,28,522684152,490544
child-mortality-around-the-world,WorldMap,,,048ad69d32318484cd2232aa6f66ab75,child-mortality-around-the-world_v40_850x600.svg,12,48,565301256,578626
child-mortality-by-income-level-of-country,LineChart,,,f0c1324e0ab500a2646d6c7431a94994,child-mortality-by-income-level-of-country_v21_850x600.svg,4,26,916931832,466304
child-mortality-by-sex,ScatterPlot,,,ddc0fd3e4c131aa4e454b30d2b84c124,child-mortality-by-sex_v37_850x600.svg,82,245,534290656,2756266
child-mortality-by-the-type-of-congenital-birth-defect,LineChart,,,4b27a631c9a12c33e15bcfe5db6711e2,child-mortality-by-the-type-of-congenital-birth-defect_v14_850x600.svg,47,75,567390904,3040009
child-mortality-complete-gapminder,WorldMap,,,9241182a81c50cb2ff97fef564348520,child-mortality-complete-gapminder_v31_850x600.svg,14,116,972195056,1413394
child-mortality-from-ari-vs-treatment,ScatterPlot,,,80430ad0870b10e497062e1c5ec33246,child-mortality-from-ari-vs-treatment_v31_850x600.svg,8,63,589155920,356334
child-mortality-gdp-per-capita,ScatterPlot,,,00133ec28f08d33d1ffacbce6275c81b,child-mortality-gdp-per-capita_v46_850x600.svg,82,318,649079288,2985144
child-mortality-igme,WorldMap,,,6e83af51dd11ed859a61deca10319f34,child-mortality-igme_v50_850x600.svg,3,31,1323983512,466304
child-mortality-line-chart-by-sex,LineChart,,,c1683c0be98c89b5c34caf59edd861b4,child-mortality-line-chart-by-sex_v22_850x600.svg,19,34,954943960,914590
child-mortality-rate-ihme,WorldMap,,,7b4ab63712793544b678ad0dac72f27c,child-mortality-rate-ihme_v21_850x600.svg,4,56,590488928,412704
child-mortality-rate-including-un-projections-through-2100,LineChart,,,f8c2b2e673c0505a76fd696fdddf96ef,child-mortality-rate-including-un-projections-through-2100_v31_850x600.svg,42,75,1332049632,1174556
child-mortality-rate-marimekko,Marimekko,,,722ebf39745b4c430a73d48a240d597f,child-mortality-rate-marimekko_v26_850x600.svg,92,212,1016571336,2307980
child-mortality-rate-vs-mean-male-height-cm,ScatterPlot,,,749315c3c360e3838f794eb67f095ca4,child-mortality-rate-vs-mean-male-height-cm_v23_850x600.svg,27,92,1397302848,1176502
child-mortality-respiratory-infections-vs-clean-fuels,ScatterPlot,,,4cdbf19b5f26511e05be78e504590bad,child-mortality-respiratory-infections-vs-clean-fuels_v25_850x600.svg,18,75,652684832,488652
child-mortality-under-five-death-rate-by-wealth-group,LineChart,,,779bc7e145e21f9d8bb8eb73548367a2,child-mortality-under-five-death-rate-by-wealth-group_v19_850x600.svg,12,30,569105192,384137
child-mortality-vs-co2-emissions-per-capita,ScatterPlot,,,f48175386d6eb61ee6ed4d458a53fe2c,child-mortality-vs-co2-emissions-per-capita_v37_850x600.svg,35,175,619774392,1374680
child-mortality-vs-electoral-democracy,ScatterPlot,,,f956d09f36e27f6ebf65f1e06416b929,child-mortality-vs-electoral-democracy_v57_850x600.svg,52,233,1064556456,1500669
child-mortality-vs-health-expenditure,ScatterPlot,,,d95e73168905568f9b5f69118fa3f2f9,child-mortality-vs-health-expenditure_v40_850x600.svg,68,257,241246608,2470365
child-mortality-vs-level-of-prosperity-regression,ScatterPlot,,,1998c035ba52d8aa2c6438a9bfda6547,child-mortality-vs-level-of-prosperity-regression_v44_850x600.svg,87,293,717559664,2551297
child-mortality-vs-population-growth,ScatterPlot,,,a9f25a86b7bf8c5c60ef0bb1d0c27c4c,child-mortality-vs-population-growth_v36_850x600.svg,121,358,751672328,2994056
child-mortality-vs-share-of-children-immunized-against-diphtheria-pertussis-and-tetanus,ScatterPlot,,,f2ecea99d32020d2004347c838029cea,child-mortality-vs-share-of-children-immunized-against-diphtheria-pertussis-and-tetanus_v36_850x600.svg,155,395,1120452944,2555019
childhood-deaths-from-the-five-most-lethal-infectious-diseases-worldwide,LineChart,,,2e493cbcfbf840cfdb94b5fcc7502560,childhood-deaths-from-the-five-most-lethal-infectious-diseases-worldwide_v26_850x600.svg,37,58,642827488,1984042
children-aged-5-17-engaged-in-labor,WorldMap,,,99b03f8c796f6c26447e52e583a27ff4,children-aged-5-17-engaged-in-labor_v22_850x600.svg,2,27,1076652280,2952
children-aged-5-17-years-engaged-in-labor,ScatterPlot,,,a1433acfe713c15a804094e6b336fae4,children-aged-5-17-years-engaged-in-labor_v28_850x600.svg,4,32,667376648,15152
children-born-per-woman,LineChart,,,b92b5487f95c7ce87de744f3f55c80db,children-born-per-woman_v52_850x600.svg,7,40,1106341248,575554
children-died-before-five-per-woman,LineChart,,,e8b1d7176526949651e0bf1f90621dcd,children-died-before-five-per-woman_v19_850x600.svg,4,33,748680456,571959
children-in-employment-ages-7-14-vs-weekly-hours-worked-by-children-ages-7-14,ScatterPlot,,,46ece09fbe905f2429d4ae181eb260dd,children-in-employment-ages-7-14-vs-weekly-hours-worked-by-children-ages-7-14_v28_850x600.svg,93,262,698251416,1853822
children-lead-5micrograms,DiscreteBar,,,a61d34fabe873b607754273361990845,children-lead-5micrograms_v9_850x600.svg,2,17,1128286704,1159
children-living-with-hiv,WorldMap,,,59c8d2c8ea006591302d0d598aa24b49,children-living-with-hiv_v21_850x600.svg,3,29,766892480,88887
children-per-woman-fertility-rate-vs-level-of-prosperity,ScatterPlot,,,8c9ed7d9dc8c118bf99c954c544a4eb9,children-per-woman-fertility-rate-vs-level-of-prosperity_v41_850x600.svg,40,158,1148875736,939609
children-per-woman-un,WorldMap,,,5e285dc091018f8c365bb34684b7520d,children-per-woman-un_v40_850x600.svg,6,49,273762200,568734
children-per-woman-vs-human-development-index,ScatterPlot,,,ab00ccafcbe17f2c7b3517d5ca4179d1,children-per-woman-vs-human-development-index_v34_850x600.svg,99,254,816463920,2607324
children-per-woman-vs-population-growth,ScatterPlot,,,cad939f9a99eda55ddbb94e7c9d1874b,children-per-woman-vs-population-growth_v33_850x600.svg,83,262,1199859880,2984164
children-sleeping-under-treated-bednet,WorldMap,,,c06156b507fbaffc63eccc39a42d4b9f,children-sleeping-under-treated-bednet_v22_850x600.svg,3,35,234991776,8167
children-treated-ari,WorldMap,,,7ad0e8e9c5e7e19a763fbb08f198b76d,children-treated-ari_v15_850x600.svg,1,19,297385712,11853
children-under-age-5,LineChart,,,2f9d0d52e4d9197c885576d29c299c0f,children-under-age-5_v11_850x600.svg,41,77,293255992,1217053
children-who-are-overweight-sdgs,WorldMap,,,450ba8ccff96cd9a2e39fadea0529808,children-who-are-overweight-sdgs_v15_850x600.svg,6,31,253651512,150108
children-who-experience-violent-discipline-boys-vs-girls,ScatterPlot,,,f4e8bf70d32ee05a094f9a9ab74c94d9,children-who-experience-violent-discipline-boys-vs-girls_v18_850x600.svg,101,243,1229244368,1844924
children-who-experience-violent-discipline-vs-gdp-per-capita,ScatterPlot,,,cca0d3ded69d26ea3367a5365b88350c,children-who-experience-violent-discipline-vs-gdp-per-capita_v33_850x600.svg,98,255,259911712,2084942
children-who-receive-ors,WorldMap,,,feb6be0ee5d45038f54f7d3125453034,children-who-receive-ors_v33_850x600.svg,2,27,312911728,27050
children-woman-death-vs-survival,StackedArea,,,e1ace11df9a682ef764a1d153bb7ceb6,children-woman-death-vs-survival_v16_850x600.svg,48,66,248129944,1124953
chile-covid-19-mortality-rate-by-vaccination-status,LineChart,,,911d0a7a6ad7038297e21a21fbe29eae,chile-covid-19-mortality-rate-by-vaccination-status_v93_850x600.svg,2,25,822883944,100220
china-imports-as-share-of-gdp,WorldMap,,,795f0f3aee7b20a6bbe78592f82a5cbb,china-imports-as-share-of-gdp_v18_850x600.svg,3,32,293627376,399957
chinas-rank-in-imports-of-goods,WorldMap,,,792eaec638edef9d221bcbdda7f67176,chinas-rank-in-imports-of-goods_v35_850x600.svg,6,71,282816944,270653
chinese-plastic-imports,StackedBar,,,8906d77470dfac791ebd003da2f86568,chinese-plastic-imports_v6_850x600.svg,1,15,840640472,569
chlorophyll-a-deviation-from-the-global-average,WorldMap,,,95cdbc17ab81353e47582c76f555ce5b,chlorophyll-a-deviation-from-the-global-average_v19_850x600.svg,1,19,308181768,108061
chocolate-consumption-per-person,WorldMap,,,156794256a2cf2ae356367139cb6b3a4,chocolate-consumption-per-person_v10_850x600.svg,3,39,873082304,433103
cholera-case-fatality-rate,LineChart,,,fa7eaa58511a43456e81a3549c11fa5a,cholera-case-fatality-rate_v17_850x600.svg,2,24,1226196600,79351
chronic-respiratory-diseases-death-rate-who-mdb,WorldMap,,,f661a2e214b9d73d3fd3d2b479530ebd,chronic-respiratory-diseases-death-rate-who-mdb_v5_850x600.svg,4,42,1204738248,162071
citizen-satisfaction-with-democracy,WorldMap,,,ebb3badcf669bc0fd565b146cfaa4e93,citizen-satisfaction-with-democracy_v18_850x600.svg,2,23,325371832,104155
citizen-support-for-democracy,WorldMap,,,402fae680efd179d1f25d3ef77bac549,citizen-support-for-democracy_v15_850x600.svg,2,23,846449928,106783
civil-liberties-rating-fh,WorldMap,,,bd681fef4a0ff3e5ba7a2763bfcb48e9,civil-liberties-rating-fh_v29_850x600.svg,8,47,1201440792,272412
civil-liberties-score-fh,WorldMap,,,6147ea475dc9748a96a4065a491a7fa0,civil-liberties-score-fh_v40_850x600.svg,5,45,310454440,136843
civil-rights-score-bti,WorldMap,,,e35b0b7fd885c1dca3dd7cd6cd277b62,civil-rights-score-bti_v95_850x600.svg,2,20,345977408,46074
civil-society-participation-index,WorldMap,,,106ea42adb70a3a59b400f3e18ff3cea,civil-society-participation-index_v52_850x600.svg,43,171,1255287680,1049276
civilian-and-combatant-deaths-in-armed-conflicts,StackedBar,,,5e670dfbaa778eafdf44a10523d58099,civilian-and-combatant-deaths-in-armed-conflicts_v54_850x600.svg,15,53,898085648,610635
civilian-and-combatant-deaths-in-armed-conflicts-based-on-where-they-occurred,StackedBar,,,3479dd7df7ce43229e337bc4aabed490,civilian-and-combatant-deaths-in-armed-conflicts-based-on-where-they-occurred_v71_850x600.svg,29,143,289802672,610635
clientelism-index,WorldMap,,,c2004a1e1fa9a5c1960548c14364bab4,clientelism-index_v18_850x600.svg,22,123,1279951728,823793
co-emissions-by-sector,LineChart,,,cca0d77397f3fd473c32bd1a013c1d5b,co-emissions-by-sector_v16_850x600.svg,37,61,372645304,1731957
co-emissions-embedded-in-global-trade,WorldMap,,,1beaab0051990b3f937f6c2cafdc5a38,co-emissions-embedded-in-global-trade_v31_850x600.svg,6,37,333651968,153805
co-emissions-per-capita,LineChart,,,eaf20ebc3ee56a297aa4c8c00d933dcb,co-emissions-per-capita_v62_850x600.svg,6,44,888129888,899078
co-emissions-per-capita-vs-fossil-fuel-consumption-per-capita,ScatterPlot,,,2250671a05e484c6def9b0b87e40ee2a,co-emissions-per-capita-vs-fossil-fuel-consumption-per-capita_v53_850x600.svg,97,241,405189824,2913151
co2-by-source,StackedArea,,,0516fa7d474fde948e387f7f6d4d29bf,co2-by-source_v41_850x600.svg,78,120,908767880,3374949
co2-consumption-share,WorldMap,,,23eeb65954f9aab1385f97aed9503b04,co2-consumption-share_v9_850x600.svg,2,34,307850840,162666
co2-deforestation-for-food,WorldMap,,,db6b056f63aa06354f53d06e62131c54,co2-deforestation-for-food_v5_850x600.svg,1,16,1291956016,1520
co2-emissions-and-gdp,LineChart,,,f2395b674bc8e7da386e84f836d8f96c,co2-emissions-and-gdp_v34_850x600.svg,43,111,1273275952,1370872
co2-emissions-and-gdp-long-term,LineChart,,,a9e588340ab1bd032019e4e28c9bab29,co2-emissions-and-gdp-long-term_v53_850x600.svg,48,92,285729672,1552002
co2-emissions-and-gdp-per-capita,LineChart,,,2aaf3d10c3745ae87dbaa7e86c8e3733,co2-emissions-and-gdp-per-capita_v69_850x600.svg,30,89,332407856,1295975
co2-emissions-by-fuel-line,LineChart,,,66f15cb255a43db5a9ca112c925f2f43,co2-emissions-by-fuel-line_v29_850x600.svg,122,149,1286821080,3374949
co2-emissions-domestic-aviation,WorldMap,,,602a67e184c0a8295ed677543780a2b6,co2-emissions-domestic-aviation_v8_850x600.svg,2,19,921140576,53130
co2-emissions-fossil-land,StackedArea,,,58c645d4f022ca949a66a2f044d330a3,co2-emissions-fossil-land_v30_850x600.svg,49,114,1325611584,2166228
co2-emissions-transport,WorldMap,,,1b74926933e5096ac3d1c1474e645ca1,co2-emissions-transport_v10_850x600.svg,6,29,941301088,217323
co2-emissions-vs-gdp,ScatterPlot,,,de4943cc0208642588e71c05431d0b27,co2-emissions-vs-gdp_v67_850x600.svg,160,646,498470384,3393678
co2-fossil-plus-land-use,LineChart,,,ebd9e22a4877ce33d7105c247bc880e5,co2-fossil-plus-land-use_v20_850x600.svg,68,104,347894872,2952336
co2-gdp-growth,LineChart,,,3c3ba65dbec523f5633375c81e5ce1b8,co2-gdp-growth_v42_850x600.svg,28,59,933528776,1283315
co2-gdp-pop-growth,LineChart,,,99363b398f72be4419b0a557cd278ad1,co2-gdp-pop-growth_v44_850x600.svg,42,71,1303967808,1788066
co2-heating-cooling,LineChart,,,b11d71a457b2038c0d87549413eb1caa,co2-heating-cooling_v4_850x600.svg,1,13,425185696,1136
co2-income-level,StackedArea,,,bfd8c54c20c0f38f9538af9526d2eaf4,co2-income-level_v20_850x600.svg,8,32,455002624,940158
co2-intensity,WorldMap,,,03fd837b4a5def91ebe2d0966f8a4915,co2-intensity_v37_850x600.svg,6,66,1313368768,603654
co2-international-aviation,WorldMap,,,fcd9d7e4bccb6f70ddcf4e8bf0df6bd4,co2-international-aviation_v8_850x600.svg,2,21,207781136,77542
co2-land-use,WorldMap,,,7ec6d99ed8163761ed727979408ede4b,co2-land-use_v20_850x600.svg,13,66,382916208,1226070
co2-land-use-global-share,WorldMap,,,51eb51deec7095fe3891d506dbaf96f1,co2-land-use-global-share_v16_850x600.svg,7,65,1341987720,1297154
co2-land-use-per-capita,WorldMap,,,aa59d638a912b1fe6448e2466f743a3b,co2-land-use-per-capita_v14_850x600.svg,6,52,439661592,1231240
co2-long-term-concentration,LineChart,,,c05978efeeea89cd53390bf5865453e4,co2-long-term-concentration_v20_850x600.svg,3,26,240955960,64968
co2-mitigation-15c,LineChart,,,ac03bd9fcea4694bd7b6372487dde93e,co2-mitigation-15c_v12_850x600.svg,5,27,1346007224,93867
co2-mitigation-2c,LineChart,,,f8ec1d9168ad503a5434e6eb81052f40,co2-mitigation-2c_v11_850x600.svg,4,30,417251568,107044
co2-per-capita-marimekko,Marimekko,,,5c104457ac774de555cbc0550c480e78,co2-per-capita-marimekko_v38_850x600.svg,74,300,310801288,2740754
co2-per-capita-vs-renewable-electricity,ScatterPlot,,,06c6070fdef8daf7e661a4a64583f824,co2-per-capita-vs-renewable-electricity_v53_850x600.svg,28,195,1382256280,1162715
co2-per-unit-energy,WorldMap,,,b9a5631b825cea76fe011fbc95168958,co2-per-unit-energy_v40_850x600.svg,3,38,1370723520,361947
coal-by-end-user-uk,StackedArea,,,2e83962047723bda8cd9be7eac99aa24,coal-by-end-user-uk_v5_850x600.svg,2,17,468500696,17671
coal-consumption-by-country-terawatt-hours-twh,WorldMap,,,5d314e278ba51571c58d879b6f83db01,coal-consumption-by-country-terawatt-hours-twh_v22_850x600.svg,4,22,391983704,212983
coal-consumption-by-region,StackedArea,,,18525c5cd43b9918349f9771d873dc4c,coal-consumption-by-region_v23_850x600.svg,3,20,448442408,212983
coal-consumption-per-capita,WorldMap,,,9a1c4282412908dce6bb82ec574bc193,coal-consumption-per-capita_v21_850x600.svg,2,20,1337441312,167154
coal-electricity-per-capita,WorldMap,,,8ba3fb07d6df85e96f12efe527c9ff56,coal-electricity-per-capita_v32_850x600.svg,2,31,474490616,190257
coal-energy-share,WorldMap,,,f4a9b2fba2b62e45c503558667d557d7,coal-energy-share_v31_850x600.svg,2,20,411184360,213456
coal-output-per-worker-in-the-united-kingdom,LineChart,,,e7ee7c2cec5d6b188f7fa61a82ff31d6,coal-output-per-worker-in-the-united-kingdom_v5_850x600.svg,1,13,1365388504,3491
coal-output-uk-tonnes,LineChart,,,fec35ce59ec67242c13bc2ef2a296014,coal-output-uk-tonnes_v6_850x600.svg,2,16,464323624,5179
coal-phase-out-timeline,WorldMap,,,871e9f4c7da98fb164b197a7ae307c64,coal-phase-out-timeline_v15_850x600.svg,1,27,427679288,4316
coal-prices,LineChart,,,7d828902acefcedd4c0feccea0245124,coal-prices_v17_850x600.svg,1,22,1348855848,5419
coal-prod-per-capita,DiscreteBar,,,90a719da5ff8b8bcd3c792de4ddf05fb,coal-prod-per-capita_v25_850x600.svg,4,17,483370016,447916
coal-production-by-country,LineChart,,,bb2ae9795a9053c9217fadbe9921abbd,coal-production-by-country_v21_850x600.svg,4,22,1378803656,519977
coal-production-by-region,StackedArea,,,366d9a43a2d2bcd2e8066fa1d3fdf997,coal-production-by-region_v19_850x600.svg,3,17,509400576,87078
coal-production-country,LineChart,,,9863ff595e8e97a8ddb27cc109f109ba,coal-production-country_v22_850x600.svg,2,25,416392256,87078
coal-production-per-capita-over-the-long-term,LineChart,,,64514c7e6abd6062e4c22e0b53c27812,coal-production-per-capita-over-the-long-term_v5_850x600.svg,3,26,496103232,447916
coal-proved-reserves,WorldMap,,,deec9b743c90dd79936f6a7937e75740,coal-proved-reserves_v23_850x600.svg,2,15,1393598008,1773
coal-reserves-by-type,DiscreteBar,,,79d1d21070346e92c736ac354d8bbc6f,coal-reserves-by-type_v14_850x600.svg,1,11,1395261552,3491
coal-uk-opencast-deep-mine,StackedArea,,,57e60c2587253c60296fa1d02b0b37f8,coal-uk-opencast-deep-mine_v7_850x600.svg,2,13,514524032,6257
coal-vs-gdp-per-capita,ScatterPlot,,,ea0e73401ac11758aa6c544e221e60c8,coal-vs-gdp-per-capita_v30_850x600.svg,21,334,586403864,829376
coastal-eutrophication,DiscreteBar,,,34d4253efa4bedab5382c059a6a07481,coastal-eutrophication_v9_850x600.svg,2,16,1420439192,73098
cobalt-production,WorldMap,,,ea88d3018691d4aa966f9391d2b41e53,cobalt-production_v14_850x600.svg,2,14,1405595648,20388
cocoa-bean-production,WorldMap,,,b7fcfccb9079c51b9deb149fa5135a69,cocoa-bean-production_v11_850x600.svg,2,19,492757752,170937
cocoa-bean-yields,WorldMap,,,f071912f32dfbddf99ab00aef1d65d45,cocoa-bean-yields_v13_850x600.svg,2,27,1396850320,185531
cocoa-beans-production-by-region,StackedArea,,,6774ff10565d870898a50490a87b3316,cocoa-beans-production-by-region_v12_850x600.svg,3,16,1376047504,170937
coefficient-of-variation-cv-in-per-capita-caloric-intake,WorldMap,,,594a9dc964c149af605fdfc60ce0d823,coefficient-of-variation-cv-in-per-capita-caloric-intake_v8_850x600.svg,2,22,327899016,110157
coefficient-of-variation-in-caloric-consumption-vs-gdp-per-capita,ScatterPlot,,,6bceece8ac8964c6da5f26abc443dea7,coefficient-of-variation-in-caloric-consumption-vs-gdp-per-capita_v35_850x600.svg,94,251,589899384,2193102
coffee-bean-production,WorldMap,,,21978ae45ef3736401a703ed1791a1b3,coffee-bean-production_v15_850x600.svg,2,23,509895688,224802
coffee-production-by-region,StackedArea,,,3b750abda3a774043e34b1c490f8c064,coffee-production-by-region_v13_850x600.svg,3,21,1422612136,224802
coffee-yields,WorldMap,,,94518fee7ad9d0f0e9cd22122be727d6,coffee-yields_v13_850x600.svg,4,29,1398349056,235497
cohort-fertility-rate,LineChart,,,4c27d7f20d3ba29d47520630f1d1cffb,cohort-fertility-rate_v16_850x600.svg,3,25,1409308128,38303
cohort-fertility-rate-by-age,LineChart,,,f29a95810f202b21ea02077c42cef1e9,cohort-fertility-rate-by-age_v21_850x600.svg,13,60,325979696,547570
collective-wage-bargaining-coverage-and-unemployment-across-the-oecd,ScatterPlot,,,1d929707990763a572ea85481daade9a,collective-wage-bargaining-coverage-and-unemployment-across-the-oecd_v15_850x600.svg,2,19,510815760,11049
colon-and-rectum-cancer-death-rate,WorldMap,,,54a3e760ddd9f117127d994f1fbc09f5,colon-and-rectum-cancer-death-rate_v16_850x600.svg,2,28,1422273096,161964
colon-and-rectum-cancer-screening-coverage-in-europe,DiscreteBar,,,866a28322a615f7857e2fa3dca8b5c16,colon-and-rectum-cancer-screening-coverage-in-europe_v4_850x600.svg,1,11,1434161456,4524
comfort-speaking-vs-knowing-friends-family-with-anxiety-depression,ScatterPlot,,,a6e1803ba248d44ae7875bad78a08788,comfort-speaking-vs-knowing-friends-family-with-anxiety-depression_v25_850x600.svg,70,223,610592072,2478698
commodity-deforestation-by-region,DiscreteBar,,,74c5a1d2b577816b9706e74b3963e996,commodity-deforestation-by-region_v4_850x600.svg,3,21,1450140704,333
commodity-driven-deforestation,WorldMap,,,8a9dde9c09b0b4295d29215647465d70,commodity-driven-deforestation_v7_850x600.svg,2,24,1440970808,151458
commodity-price-index-cereal-crops-and-petroleum,LineChart,,,962722c0f00574cedd13f63dc9f08592,commodity-price-index-cereal-crops-and-petroleum_v10_850x600.svg,1,15,348078928,17096
common-good-justifications-score,WorldMap,,,76ec2c38defb10b7a18d0a5576539465,common-good-justifications-score_v59_850x600.svg,8,48,1431805032,706140
community-health-workers,WorldMap,,,854018c09d7efe5f8ab4fd9a7b0b4121,community-health-workers_v17_850x600.svg,1,16,361808160,6068
companies-publishing-sustainability-reports-minimum-requirements,WorldMap,,,8cdec5e7da0deb562817fb4dd990fbcb,companies-publishing-sustainability-reports-minimum-requirements_v13_850x600.svg,1,20,1454172408,22080
compare-sources-working-hours,LineChart,,,12a18dba500bd80a033e7ec97137b44c,compare-sources-working-hours_v99_850x600.svg,7,31,353940072,220988
comparing-the-share-of-men-and-women-who-are-smoking,ScatterPlot,,,b55a5890aebe8c902857df1df5324c85,comparing-the-share-of-men-and-women-who-are-smoking_v34_850x600.svg,6,91,251920200,80171
comparison-of-fertility-rates,LineChart,,,f53dff308fb50624736a8f39878b326e,comparison-of-fertility-rates_v21_850x600.svg,53,78,1477473408,1938471
comparison-of-world-population-projections,LineChart,,,28cdd01034b46a3b7abdd5acedc6e3c0,comparison-of-world-population-projections_v32_850x600.svg,77,104,361097848,3195700
competitive-elections-lexical,WorldMap,,,5a7ee363ccbb0ef1fd723a668df40a31,competitive-elections-lexical_v66_850x600.svg,7,42,576065960,1828824
competitiveness-of-executive-recruitment-score,WorldMap,,,bfdebee9b9ed228318be2f2fd74c0f73,competitiveness-of-executive-recruitment-score_v55_850x600.svg,5,61,623060440,981402
competitiveness-of-political-participation-score,WorldMap,,,d280d86d56fbbe2180751f39c7f13e1a,competitiveness-of-political-participation-score_v58_850x600.svg,4,60,1457285296,981402
completeness-of-homelessness-data,WorldMap,,,91d05ef9da1700495a0226a9e61dcb40,completeness-of-homelessness-data_v47_850x600.svg,2,18,628881480,3353
composition-of-tax-revenues-regional,LineChart,,,06153edbf6d3d913623cc1094d0ef95d,composition-of-tax-revenues-regional_v6_850x600.svg,1,11,597620360,3458
comprehensive-nuclear-test-ban-treaty,WorldMap,,,a63efeb46df3ecb7403603f5bb911af4,comprehensive-nuclear-test-ban-treaty_v9_850x600.svg,2,26,378448040,202751
computation-used-to-train-notable-artificial-intelligence-systems,ScatterPlot,,,1e89ca58c6e75162d00d0526486b427f,computation-used-to-train-notable-artificial-intelligence-systems_v166_850x600.svg,2,62,270125656,21051
computer-chess-ability,LineChart,,,6bddbce21a1fd256efdadd3f3b60c4ab,computer-chess-ability_v46_850x600.svg,2,18,588336272,1305
condom-use-at-last-high-risk-sex,WorldMap,,,edf506281f4ce6e106189994b182cd81,condom-use-at-last-high-risk-sex_v12_850x600.svg,1,18,635884656,2636
condom-use-between-men,WorldMap,,,8aa928ef27ac33a6a54814d3971a9feb,condom-use-between-men_v12_850x600.svg,1,16,592878272,12510
condom-use-during-last-high-risk-sex,DiscreteBar,,,fd10e415832a974828bae76028320aab,condom-use-during-last-high-risk-sex_v13_850x600.svg,2,12,607759912,23734
confidence-in-the-effectiveness-of-vaccines-vs-perception-of-importance,ScatterPlot,,,c0fa1e6ab74880adde1472cbf59333d7,confidence-in-the-effectiveness-of-vaccines-vs-perception-of-importance_v18_850x600.svg,2,28,1499096760,29922
confidence-in-un-wvs,WorldMap,,,be175436f7eac1c81093f910dc6e3020,confidence-in-un-wvs_v14_850x600.svg,3,19,393063920,11336
congenital-birth-defect-mortality-rates-in-children-under-5,WorldMap,,,191e432f712db5d7f1f163ee292f6370,congenital-birth-defect-mortality-rates-in-children-under-5_v18_850x600.svg,2,25,636905976,333914
constitutional-protections-lgbt,WorldMap,,,db10a9ad5ffe31abd7ee003fff20a34b,constitutional-protections-lgbt_v89_850x600.svg,2,32,651158728,274109
constraints-on-the-executive-score,WorldMap,,,f4ae492ecd04c4ffe5c5d6bed9096d40,constraints-on-the-executive-score_v58_850x600.svg,4,45,625072016,490701
consumer-price-index,LineChart,,,5e47853bc6bbd448094bcafa0dff3d38,consumer-price-index_v7_850x600.svg,3,32,397857280,307380
consumption-based-carbon-intensity,WorldMap,,,205b3be793261dec2224a956c5217f0c,consumption-based-carbon-intensity_v30_850x600.svg,3,27,676157832,152764
consumption-based-energy-per-capita,WorldMap,,,a46b82dc48f16f8d2993a9c5633ffbfd,consumption-based-energy-per-capita_v8_850x600.svg,2,15,656271960,37025
consumption-co2-emissions,WorldMap,,,c24b023763cd100ee32877897e327f77,consumption-co2-emissions_v38_850x600.svg,4,29,1519276584,169660
consumption-co2-emissions-vs-population,ScatterPlot,,,62305b79de517a5b5ae6da7f3284f574,consumption-co2-emissions-vs-population_v36_850x600.svg,80,241,486404640,2925789
consumption-co2-per-capita,WorldMap,,,a24240a64e814e63910823198e124a80,consumption-co2-per-capita_v43_850x600.svg,2,27,642072512,155628
consumption-co2-per-capita-equity,WorldMap,,,8087ccb3700d810b4d97be07dd0a48ae,consumption-co2-per-capita-equity_v32_850x600.svg,2,26,624859088,155628
consumption-co2-per-capita-vs-gdppc,ScatterPlot,,,cafe07360919fc5d7fa7eeafffc2da73,consumption-co2-per-capita-vs-gdppc_v59_850x600.svg,70,214,1577659336,2238573
consumption-deforestation-per-person,WorldMap,,,c6a242fbf19cbc4cc42a3ba05c406d98,consumption-deforestation-per-person_v3_850x600.svg,4,30,701438696,118127
consumption-energy-intensity,WorldMap,,,b91adbeb838bdbccc55594a07acd0629,consumption-energy-intensity_v7_850x600.svg,1,17,658144816,36898
consumption-of-ozone-depleting-substances,WorldMap,,,a90a1e2dc2ed7934c445736a4575eb92,consumption-of-ozone-depleting-substances_v14_850x600.svg,2,29,647211984,165947
consumption-per-smoker-per-day,WorldMap,,,b47e51a2f4af1a4ddaffa59901ed5bd9,consumption-per-smoker-per-day_v26_850x600.svg,5,47,289162208,174739
consumption-subsidies-for-fossil-fuels,StackedBar,,,3e48f975adecec19a1f62d1db59b371c,consumption-subsidies-for-fossil-fuels_v10_850x600.svg,1,13,677826672,22691
consumption-vs-production-co2-per-capita,ScatterPlot,,,7e2253408299dced916edd9149945c0c,consumption-vs-production-co2-per-capita_v43_850x600.svg,121,370,814492624,3817829
continents-according-to-our-world-in-data,WorldMap,,,7dd58045c2e84f912808749dfcc2169b,continents-according-to-our-world-in-data_v13_850x600.svg,1,13,661898824,9298
contraceptive-prevalence-any-methods-of-women-ages-15-49,WorldMap,,,9a0518d98663e331174d4777e8a1ee27,contraceptive-prevalence-any-methods-of-women-ages-15-49_v18_850x600.svg,1,24,654465888,37768
contraceptive-prevalence-any-methods-vs-modern-methods,ScatterPlot,,,315e744d43ef125bc60ae8be568ec770,contraceptive-prevalence-any-methods-vs-modern-methods_v39_850x600.svg,11,106,293133408,83211
contribution-temp-rise-degrees,LineChart,,,ee0c9b019552c302fe687842ceee0349,contribution-temp-rise-degrees_v9_850x600.svg,9,55,658946576,1509004
contribution-to-temp-rise-by-gas,StackedArea,,,64720df5ca493d5a102c7d4a8daefade,contribution-to-temp-rise-by-gas_v9_850x600.svg,105,133,657471736,4359484
contributions-global-temp-change,LineChart,,,b9cfe994fb34b0342f9e9e70a071ab22,contributions-global-temp-change_v11_850x600.svg,13,52,704050304,1431296
conversion-therapies-banned,WorldMap,,,a574f823315778fbd881ff3688f04d98,conversion-therapies-banned_v55_850x600.svg,2,31,1595308784,251487
conversion-therapy-equaldex,WorldMap,,,133e76fddc471cff18b2756da31f7ba6,conversion-therapy-equaldex_v16_850x600.svg,1,18,500487504,17504
coral-bleaching-events,StackedBar,,,b441ebb52878393c8e53a11825e8864a,coral-bleaching-events_v7_850x600.svg,1,15,679344408,10358
corn-production-land-us,LineChart,,,2d5eb0319239fe1025b81f00cd13e1e9,corn-production-land-us_v3_850x600.svg,2,21,1588998808,10188
corporate-investment-in-artificial-intelligence-by-type,StackedBar,,,304b989f949325dcf78534cb91a20eaf,corporate-investment-in-artificial-intelligence-by-type_v50_850x600.svg,2,18,319386360,2568
correlation-between-child-mortality-and-mean-years-of-schooling-for-those-aged-15-and-older,ScatterPlot,,,9c36dce6f3e1d57ab2600cd9af8b2e35,correlation-between-child-mortality-and-mean-years-of-schooling-for-those-aged-15-and-older_v41_850x600.svg,18,78,694913224,599718
cost-calorie-sufficient-diet,WorldMap,,,6aeba86028c424f0b9f008411e5a4f52,cost-calorie-sufficient-diet_v31_850x600.svg,2,21,514322192,5337
cost-calorie-sufficient-diet-share-food-expenditure,WorldMap,,,cec4fabd48221613b9a28b8980746da4,cost-calorie-sufficient-diet-share-food-expenditure_v16_850x600.svg,1,18,335042576,4915
cost-drugs-extensive-resistant-tb,SlopeChart,,,0681f37ae339e83f92b65dd875e8c48f,cost-drugs-extensive-resistant-tb_v6_850x600.svg,1,43,694931248,14568
cost-foods-healthy-diet,StackedDiscreteBar,,,20b63b929589951b272a4a9a435aa0cb,cost-foods-healthy-diet_v8_850x600.svg,2,20,1585010568,31350
cost-healthy-diet,WorldMap,,,7ee048f5871c027e750b759df25dda0e,cost-healthy-diet_v34_850x600.svg,2,19,476175176,42546
cost-healthy-diet-share-food-expenditure,WorldMap,,,e86df3f47357902ffcab019492ec38b9,cost-healthy-diet-share-food-expenditure_v19_850x600.svg,4,25,348672512,4988
cost-nutritionally-adequate-diet,WorldMap,,,61c0ec535da28c5aa753e9283bc81e35,cost-nutritionally-adequate-diet_v29_850x600.svg,1,24,1599104384,5344
cost-nutritious-diet-share-food-expenditure,WorldMap,,,3424b53ab215c85f196bec85b1e0486a,cost-nutritious-diet-share-food-expenditure_v18_850x600.svg,1,19,721171680,5036
cost-of-generating-electricity-new-capacity-from-different-sources-in-the-us-20082018,LineChart,,,6a81c7490d58601cc64e4570a731392e,cost-of-generating-electricity-new-capacity-from-different-sources-in-the-us-20082018_v8_850x600.svg,1,16,500954296,2033
cost-of-generating-electricity-new-capacity-using-photovoltaic-cells-in-the-us-19762009,LineChart,,,88f98c06912e3d21440db48f22bc1ec2,cost-of-generating-electricity-new-capacity-using-photovoltaic-cells-in-the-us-19762009_v10_850x600.svg,1,13,717147976,1477
cost-of-sequencing-a-full-human-genome,LineChart,,,b6158fe1cbeb7c7d15881ac2e5f7a003,cost-of-sequencing-a-full-human-genome_v24_850x600.svg,2,16,316851024,769
cost-per-gigabase-dna-sequencing,LineChart,,,6a57a3fac8bbb45e4c8ce114438215f1,cost-per-gigabase-dna-sequencing_v16_850x600.svg,2,13,1616444352,740
cost-space-launches-low-earth-orbit,ScatterPlot,,,a472dd3b32b83da0990b3caf55b2f565,cost-space-launches-low-earth-orbit_v22_850x600.svg,2,24,515653032,4274
costs-of-66-different-technologies-over-time,LineChart,,,e4e9cc88255795287b4b307e8f27d761,costs-of-66-different-technologies-over-time_v14_850x600.svg,2,19,713270832,43050
costs-of-polio-vaccines-in-low-income-countries,StackedDiscreteBar,,,1cf6161923cbdb84954c3066b84439d7,costs-of-polio-vaccines-in-low-income-countries_v6_850x600.svg,1,18,700178856,1008
cotton-yield,WorldMap,,,dc5213dc48c722d86102edc1e45da23f,cotton-yield_v12_850x600.svg,8,48,341369512,268933
countries-by-income-classification,StackedArea,,,30f6cfb597d3ddadb483ab752bf7a5de,countries-by-income-classification_v17_850x600.svg,2,15,1637894064,29084
countries-by-legal-status-of-same-sex-marriage,StackedArea,,,066879515da9510152ca16837d9d7138,countries-by-legal-status-of-same-sex-marriage_v29_850x600.svg,4,25,788098992,51006
countries-by-share-of-women-in-parliament,StackedArea,,,571d2bdbf4bc8a2bf95c11a76275ea7d,countries-by-share-of-women-in-parliament_v37_850x600.svg,4,23,1623098632,161841
countries-data-antibiotic-livestock,LineChart,,,43674a26240f05344d5101bf8b2a27e4,countries-data-antibiotic-livestock_v10_850x600.svg,2,13,730782608,277
countries-democracies-autocracies-bti,StackedArea,,,86aeed7c77b5c13e17724fe23f571120,countries-democracies-autocracies-bti_v55_850x600.svg,2,15,719921560,10398
countries-democracies-autocracies-lexical,StackedArea,,,a4fc485185d791d0733f6a57cb84f116,countries-democracies-autocracies-lexical_v54_850x600.svg,8,29,509426936,347368
countries-democracies-autocracies-row,StackedArea,,,70aab6666627771837959a2e8808a30c,countries-democracies-autocracies-row_v47_850x600.svg,7,27,819916824,174202
countries-democracies-nondemocracies-eiu,StackedArea,,,e9bc7bd87fe0a34e2acb6bec3d0c47ef,countries-democracies-nondemocracies-eiu_v54_850x600.svg,2,12,1641995384,12786
countries-democracies-nondemocracies-fh,StackedArea,,,6acdbe289db6da9e60c4005aeefe19fe,countries-democracies-nondemocracies-fh_v56_850x600.svg,2,14,736379560,7991
countries-democracies-nondemocracies-polity,StackedArea,,,9eb613f08a4733d2a10c7d31de0e2dbd,countries-democracies-nondemocracies-polity_v52_850x600.svg,3,15,757430056,115519
countries-democracies-nondemocracies-simplified-lexical,StackedArea,,,026f14b6d0452940269a1b19daa94cd5,countries-democracies-nondemocracies-simplified-lexical_v21_850x600.svg,5,17,365615664,88143
countries-enrolled-in-glass-surveillance-of-antimicrobial-consumption-and-resistance,WorldMap,,,23d12f95b71f7b4c8e8f782874718fff,countries-enrolled-in-glass-surveillance-of-antimicrobial-consumption-and-resistance_v12_850x600.svg,1,18,1657987496,6466
countries-in-which-same-sex-sexual-acts-are-legal,StackedArea,,,93ce6af4af8798e82f15d89d8ca3eb00,countries-in-which-same-sex-sexual-acts-are-legal_v11_850x600.svg,5,21,713333328,233891
countries-joint-adoptions-same-sex-partners,StackedArea,,,393a9fc2a269def3a5e36cf42319a92e,countries-joint-adoptions-same-sex-partners_v35_850x600.svg,2,12,527978360,30648
countries-long-standing-democracies-polity,StackedArea,,,b8a936570ef791d52b0ff2a433e0a6fd,countries-long-standing-democracies-polity_v54_850x600.svg,6,27,753930408,268042
countries-long-standing-electoral-democracies,StackedArea,,,656853e0ce2ea3df0789228b35cd5b54,countries-long-standing-electoral-democracies_v43_850x600.svg,7,48,811441224,303790
countries-long-standing-electoral-democracies-lexical,StackedArea,,,63fe705672feaf1cb598a9bb3cac7420,countries-long-standing-electoral-democracies-lexical_v53_850x600.svg,8,26,360452672,260910
countries-long-standing-liberal-democracies-row,StackedArea,,,5097df817cc019291b1a7d578ab8535b,countries-long-standing-liberal-democracies-row_v47_850x600.svg,7,30,537554528,346921
countries-protecting-core-lgbt-rights,LineChart,,,e7ea7f2bbd540027318b3cd27a114998,countries-protecting-core-lgbt-rights_v32_850x600.svg,4,26,729101952,166176
countries-reporting-progress-in-multi-stakeholder-development-effectiveness-monitoring-frameworks-in-support-of-the-sdgs,StackedDiscreteBar,,,3333b8fe71c97928fd56eb4886d320cd,countries-reporting-progress-in-multi-stakeholder-development-effectiveness-monitoring-frameworks-in-support-of-the-sdgs_v18_850x600.svg,1,16,1631745480,6371
countries-that-adopt-guarantees-for-public-access-to-information,DiscreteBar,,,226600901beef43b63bacadc0e6d14dd,countries-that-adopt-guarantees-for-public-access-to-information_v25_850x600.svg,2,10,768812400,3895
countries-that-are-democratizing-and-autocratizing,StackedArea,,,a02f784ae8574cb80bbd473defd1ddec,countries-that-are-democratizing-and-autocratizing_v85_850x600.svg,5,25,382768264,69937
countries-that-are-democratizing-and-autocratizing-within-regimes,StackedArea,,,3ac6d940a7a0997d2d19e7d03626f10a,countries-that-are-democratizing-and-autocratizing-within-regimes_v90_850x600.svg,4,19,756238064,138924
countries-that-are-long-standing-full-democracies,StackedArea,,,f8df0dd2e3c9642b30c858b105a39594,countries-that-are-long-standing-full-democracies_v60_850x600.svg,7,32,846162320,217717
countries-that-are-parties-to-the-nagoya-protocol,WorldMap,,,efe242f2a73efe103d1b58e069316836,countries-that-are-parties-to-the-nagoya-protocol_v28_850x600.svg,2,24,192306256,24459
countries-that-have-universal-voting-rights,StackedArea,,,3d39b26e8f5eb5e59948e7ea59406383,countries-that-have-universal-voting-rights_v34_850x600.svg,3,15,512809880,131223
countries-that-have-universal-voting-rights-in-practice,StackedArea,,,dea1ff7a68f5825d7311e18e388bc259,countries-that-have-universal-voting-rights-in-practice_v34_850x600.svg,5,17,362312432,131336
countries-third-gender-recognized,StackedArea,,,96f5d1f891a5216ee6408f7efc2a3654,countries-third-gender-recognized_v38_850x600.svg,3,13,775391336,30629
countries-to-access-and-benefit-sharing-clearing-house,WorldMap,,,df6ce7995e1630dba4a272aefebd8e15,countries-to-access-and-benefit-sharing-clearing-house_v24_850x600.svg,2,25,863110768,26102
countries-to-montreal-protocol-and-vienna-convention,WorldMap,,,ee88556a21cc77e38a5a2733bc71b8b3,countries-to-montreal-protocol-and-vienna-convention_v9_850x600.svg,3,23,744081568,217846
countries-to-the-international-treaty-on-plant-genetic-resources,WorldMap,,,22892680161986432a2439a4944ea2c3,countries-to-the-international-treaty-on-plant-genetic-resources_v24_850x600.svg,2,22,794517808,88121
countries-using-ecosystem-based-approaches-to-manage-marine-areas,WorldMap,,,09812a1e62aaa75f5e59e6d2badd120e,countries-using-ecosystem-based-approaches-to-manage-marine-areas_v9_850x600.svg,2,19,522017880,1812
countries-using-the-system-of-environmental-economic-accounting,WorldMap,,,8f1efe7311a7e23550cfcd77f7c8497d,countries-using-the-system-of-environmental-economic-accounting_v7_850x600.svg,1,22,375214632,2918
countries-where-interstate-or-intrastate-wars-took-place,WorldMap,,,ee374c26ff646eb6e338e07313856584,countries-where-interstate-or-intrastate-wars-took-place_v37_850x600.svg,7,47,886228976,752772
countries-with-a-signed-bilateral-investment-treaty,LineChart,,,c7aa03668595a2cbe87a54bd3af2ad05,countries-with-a-signed-bilateral-investment-treaty_v11_850x600.svg,3,17,773515456,3755
countries-with-an-elected-parliament-and-government,StackedArea,,,e0f85a902c9843348cf037f69c065be0,countries-with-an-elected-parliament-and-government_v30_850x600.svg,3,17,771585824,88064
countries-with-an-inforce-bilateral-investment-treaty,LineChart,,,97d5ea3eb6be8c427e76133661f88f31,countries-with-an-inforce-bilateral-investment-treaty_v16_850x600.svg,3,15,223261976,3740
countries-with-independent-national-human-rights-institution,WorldMap,,,7177e12d2c75678d294eadb8857e811e,countries-with-independent-national-human-rights-institution_v36_850x600.svg,2,19,533612056,64095
countries-with-legislative-regulatory-provisions-for-managing-disaster-risk,WorldMap,,,da084cbf849f4185c27fa5bdf1551695,countries-with-legislative-regulatory-provisions-for-managing-disaster-risk_v26_850x600.svg,2,40,388370920,21464
countries-with-national-adaptation-plans-for-climate-change,DiscreteBar,,,f9773fd1ac889139738fe40cc1f2485b,countries-with-national-adaptation-plans-for-climate-change_v11_850x600.svg,4,20,738531136,115
countries-with-national-cervical-cancer-screening-program,WorldMap,,,54429ca2d810d9718f4f79ce8a889746,countries-with-national-cervical-cancer-screening-program_v6_850x600.svg,2,18,233298664,23041
countries-with-requirements-for-face-coverings,StackedArea,,,aa70fe852c47c4bb6af5826b9ee3bc3c,countries-with-requirements-for-face-coverings_v10_850x600.svg,33,76,781156856,1526148
countries-with-restrictions-on-international-travels,StackedArea,,,07b4998ea2925c9024f75b488f6c76d4,countries-with-restrictions-on-international-travels_v6_850x600.svg,32,83,542814480,1526095
countries-with-restrictions-on-public-gatherings,StackedArea,,,6afad61bb37a1e43e4eddc8a77168351,countries-with-restrictions-on-public-gatherings_v10_850x600.svg,27,68,752676104,1524962
countries-with-stats-plan-funded-by-source,WorldMap,,,0dd966598d1356559bdb46cb78d08cc5,countries-with-stats-plan-funded-by-source_v20_850x600.svg,2,19,398402224,25516
country-has-a-civil-register,WorldMap,,,95b09a29f3845f2ae891fc452673868d,country-has-a-civil-register_v12_850x600.svg,3,46,914197416,406079
country-has-a-statistical-agency,WorldMap,,,226a19a6702c1efbd8a602f28360d5af,country-has-a-statistical-agency_v19_850x600.svg,3,44,259340312,350530
country-level-monthly-temperature-anomalies,StackedBar,,,295c4d48aff4cb3e89fe0ca0dc38e7da,country-level-monthly-temperature-anomalies_v20_850x600.svg,155,795,432401456,7712496
country-position-nuclear-weapons,WorldMap,,,8240b6e96fd3807e498d9509121a366b,country-position-nuclear-weapons_v46_850x600.svg,4,30,798929712,1093518
country-reporting-data-on-covid-vaccinations,WorldMap,,,b4c4cf9643a7c0fc0c54a731c886eee5,country-reporting-data-on-covid-vaccinations_v11_850x600.svg,12,59,777605600,1243479
country-scp-plan,WorldMap,,,64b870f87384fd86e2b2336adda81f4f,country-scp-plan_v22_850x600.svg,1,20,224567984,3600
countrys-top-destination-for-exports-of-goods,WorldMap,,,43bb8ebeccf93ee8e606c5284eda24c3,countrys-top-destination-for-exports-of-goods_v26_850x600.svg,5,39,942301960,413439
countrys-top-source-of-imported-goods,WorldMap,,,4fe242e46799470eec68f88e26ceab31,countrys-top-source-of-imported-goods_v22_850x600.svg,3,25,567086000,411240
coverage-by-protected-areas-of-important-sites-for-mountain-biodiversity,WorldMap,,,528d04abce6921dd5417403645ce9c9b,coverage-by-protected-areas-of-important-sites-for-mountain-biodiversity_v27_850x600.svg,3,26,823623528,145084
coverage-of-the-human-papillomavirus-vaccine,WorldMap,,,27ad552b2c77406d95209c4ff6cf0778,coverage-of-the-human-papillomavirus-vaccine_v25_850x600.svg,2,25,239516896,29232
coverage-of-wetlands,WorldMap,,,8be20c0dc1d445375a4e8b4899d2c2a8,coverage-of-wetlands_v12_850x600.svg,1,20,580326016,7175
covid-19-cumulative-confirmed-cases-vs-confirmed-deaths,ScatterPlot,,,d2aa9289dae85da449d6bf5c6130f982,covid-19-cumulative-confirmed-cases-vs-confirmed-deaths_v3127_850x600.svg,3275,5278,838187504,33815006
covid-19-daily-tests-vs-daily-new-confirmed-cases,ScatterPlot,,,f00c9d2d2207912b0cfa521fd383017c,covid-19-daily-tests-vs-daily-new-confirmed-cases_v3461_850x600.svg,3006,4690,748720272,20064700
covid-19-daily-tests-vs-daily-new-confirmed-cases-per-million,ScatterPlot,,,e961d1126b314a405ac417dfe1cd26d0,covid-19-daily-tests-vs-daily-new-confirmed-cases-per-million_v3469_850x600.svg,2929,4698,1296437560,20500236
covid-19-positive-rate-bar,WorldMap,,,ba0f2d26054478f39276c6d185af19aa,covid-19-positive-rate-bar_v465_850x600.svg,17,247,646698848,3040970
covid-19-testing-policy,WorldMap,,,3e6514a84fd046d440050329d741d61b,covid-19-testing-policy_v2831_850x600.svg,36,305,320261624,4967827
covid-19-tests-cases-scatter-with-comparisons,ScatterPlot,,,7236664ea36d8bee68b69b8441322bfa,covid-19-tests-cases-scatter-with-comparisons_v3550_850x600.svg,2696,4454,1314932912,21508370
covid-19-total-confirmed-cases-vs-total-tests-conducted,ScatterPlot,,,97c9d23cfe89f242eea5fa2306c8ba36,covid-19-total-confirmed-cases-vs-total-tests-conducted_v3538_850x600.svg,3070,4622,1074771240,19841234
covid-booster-vaccinated-by-age,LineChart,,,ae63dafec8830f534f87becbfa40ac00,covid-booster-vaccinated-by-age_v915_850x600.svg,90,175,451561544,1636267
covid-contact-tracing,WorldMap,,,e6cb2c3a130ae53e79bd6fe0e51c7c78,covid-contact-tracing_v2832_850x600.svg,58,502,538148504,4967827
covid-containment-and-health-index,WorldMap,,,93a9ff5cb6fff679f6b1881f65c1f387,covid-containment-and-health-index_v2324_850x600.svg,46,467,662785544,5713035
covid-daily-vs-total-cases-per-million,ScatterPlot,,,1edbb9e302bb37ea78fba7861825950e,covid-daily-vs-total-cases-per-million_v3026_850x600.svg,3146,8783,1357598968,36665248
covid-fully-vaccinated-by-age,LineChart,,,1bdf100fce24aaf9810bf85981a90f2b,covid-fully-vaccinated-by-age_v936_850x600.svg,93,129,761664040,1855644
covid-icu-patients-per-million,LineChart,,,7520f2e19f37a91414ef8d1966e978db,covid-icu-patients-per-million_v1496_850x600.svg,15,107,1325815440,1120586
covid-people-vaccinated-marimekko,Marimekko,,,96a218d706209e1379927e03b1ac66c1,covid-people-vaccinated-marimekko_v1017_850x600.svg,378,1469,1157930176,5314589
covid-vaccination-doses-per-capita,LineChart,,,c099cfb0d69302e5550e5d6d84eeb02c,covid-vaccination-doses-per-capita_v1703_850x600.svg,15,103,1377169552,2715041
covid-vaccination-policy,WorldMap,,,e49b0023ee85e69acd4aab88d902b952,covid-vaccination-policy_v905_850x600.svg,33,343,295523488,4967827
covid-vaccinations-vs-covid-death-rate,ScatterPlot,,,78b867361bfcd35c32c2074eb4434ca9,covid-vaccinations-vs-covid-death-rate_v4142_850x600.svg,2408,6100,933826128,19409216
covid-vaccine-age,WorldMap,,,eb01501eb9913b30729d71b185c28137,covid-vaccine-age_v533_850x600.svg,32,374,1424865232,4967827
covid-vaccine-booster-doses-per-capita,LineChart,,,1dd4fc257a7d83ba695106c2eb02513e,covid-vaccine-booster-doses-per-capita_v1710_850x600.svg,16,82,860682008,1889566
covid-vaccine-by-age,LineChart,,,cb3e4356c0982fce734a09e624952af7,covid-vaccine-by-age_v904_850x600.svg,80,118,307667296,1903703
covid-vaccine-doses-by-manufacturer,StackedArea,,,25acabc0801c7a56c87c34f31e1e1006,covid-vaccine-doses-by-manufacturer_v1129_850x600.svg,908,1025,393289624,21706550
covid-vaccine-share-boosters,LineChart,,,65f34043f745c228c87f022b58e2e367,covid-vaccine-share-boosters_v1664_850x600.svg,2,19,833451264,40205
covid-vaccine-willingness-and-people-vaccinated-by-month,StackedBar,,,32ceaaf42ef21659b5e295141d3967b2,covid-vaccine-willingness-and-people-vaccinated-by-month_v82_850x600.svg,2,18,861512904,18990
covid-variants-area,StackedArea,,,4673d337b12d940d87e916c5336ba96b,covid-variants-area_v816_850x600.svg,50,85,886657336,2102196
covid-variants-bar,StackedDiscreteBar,,,aae0d5cc550ac35c252607d8e1d8f9fd,covid-variants-bar_v833_850x600.svg,42,89,309814392,2102196
covid-world-unvaccinated-people,WorldMap,,,cc71b317f8eff6a1844ce46a3da21332,covid-world-unvaccinated-people_v776_850x600.svg,13,239,922741336,2555329
criminal-penalties-or-civil-remedies-sexual-harassment-in-employment,WorldMap,,,68f692a4a727029f8bc086f033c7e640,criminal-penalties-or-civil-remedies-sexual-harassment-in-employment_v47_850x600.svg,3,32,334071136,260445
crop-allocation-farm-size,StackedDiscreteBar,,,ea697207df79d932ed62e6713228412f,crop-allocation-farm-size_v6_850x600.svg,2,17,333283568,2939
cropland-area,WorldMap,,,da89077946fe45a3b762be3ee8f80369,cropland-area_v4_850x600.svg,3,30,358453392,514264
cropland-pasture-per-person,LineChart,,,9d6b4af8257c3fc79059f7b4737fe251,cropland-pasture-per-person_v3_850x600.svg,9,23,947651512,270715
cropland-per-person-over-the-long-term,LineChart,,,c514d98ea03992ea105814516b31a5a8,cropland-per-person-over-the-long-term_v6_850x600.svg,10,43,352378192,893219
cropland-use-over-the-long-term,StackedArea,,,d586ddea3123abcec232b459ad7cb502,cropland-use-over-the-long-term_v9_850x600.svg,10,37,928577800,855812
cross-country-literacy-rates,LineChart,,,0009286df7b983772c9e124f93356810,cross-country-literacy-rates_v43_850x600.svg,2,18,387153152,65533
cross-country-variation-in-altruism,WorldMap,,,191307e8879f3703bd60931c4348a8f1,cross-country-variation-in-altruism_v17_850x600.svg,1,15,944968680,2708
cross-country-variation-in-negative-reciprocity,WorldMap,,,02a7b51de4895c8cee9be77f27a58685,cross-country-variation-in-negative-reciprocity_v16_850x600.svg,2,18,407644376,2696
cross-country-variation-in-patience,WorldMap,,,1f28afd43e485556386505518e3c16c0,cross-country-variation-in-patience_v23_850x600.svg,2,19,959355240,2701
cross-country-variation-in-positive-reciprocity,WorldMap,,,3183c37a51b640abb5162290c63cdca8,cross-country-variation-in-positive-reciprocity_v17_850x600.svg,2,16,375024632,2690
cross-country-variation-in-risk-taking,WorldMap,,,d6aded175d14060f369a4c29ccc8a4ef,cross-country-variation-in-risk-taking_v11_850x600.svg,1,19,972138000,2701
crude-birth-rate,WorldMap,,,295605b40352793f39e7aaf4679cf2ab,crude-birth-rate_v26_850x600.svg,4,38,399647856,571738
crude-death-rate,WorldMap,,,114ac7290daacf272568203e322565d8,crude-death-rate_v12_850x600.svg,5,33,997052896,562372
crude-death-rate-hmd,LineChart,,,9b1fd2b6566431de4a7025d6fc7389c9,crude-death-rate-hmd_v13_850x600.svg,2,20,425684560,144216
crude-death-rate-the-share-of-the-population-that-dies-each-year-gbd,WorldMap,,,3700ce43572ffb3f6de97d1fd715e59a,crude-death-rate-the-share-of-the-population-that-dies-each-year-gbd_v9_850x600.svg,3,29,974883656,333980
crude-death-rate-the-share-of-the-population-that-dies-each-year-who,WorldMap,,,817b6e98541d44873ad0a8d05a8649da,crude-death-rate-the-share-of-the-population-that-dies-each-year-who_v7_850x600.svg,2,22,445518000,135973
crude-oil-prices,LineChart,,,ccfee5169b0404d596c7c91750941a8d,crude-oil-prices_v17_850x600.svg,2,19,1191909752,5547
crude-oil-spot-prices,LineChart,,,a87cdb2cb7ec130ae3f8290e00a3823a,crude-oil-spot-prices_v18_850x600.svg,1,18,435067128,7210
cumulative-area-burnt-by-wildfires-by-week,LineChart,,,37e5fcbf6243a80936a3aec5b54bc86e,cumulative-area-burnt-by-wildfires-by-week_v25_850x600.svg,123,160,1032213656,5148432
cumulative-area-burnt-by-wildfires-last-year,LineChart,,,3a97cdf1e3ba06fd3a51fbbede5cd251,cumulative-area-burnt-by-wildfires-last-year_v40_850x600.svg,46,73,1180036848,1648170
cumulative-co-emissions,LineChart,,,518748ac8a7da3b364a8c8954fae8131,cumulative-co-emissions_v41_850x600.svg,6,34,418353872,907196
cumulative-co-emissions-from-other-industry,WorldMap,,,419c5404802b0c6e1ba2f3e3d4390129,cumulative-co-emissions-from-other-industry_v18_850x600.svg,2,18,433323864,103780
cumulative-co-emissions-released-by-wildfires-by-week,LineChart,,,69bd6d628c865447ade53e5c594923b0,cumulative-co-emissions-released-by-wildfires-by-week_v22_850x600.svg,240,278,1295446928,9122758
cumulative-co-emissions-released-by-wildfires-last-year,LineChart,,,5c458f41f0542ca09008e1c7d0169a68,cumulative-co-emissions-released-by-wildfires-last-year_v35_850x600.svg,44,73,418314168,1776750
cumulative-co2-cement,WorldMap,,,67a623e2a88396ac9599de0d954684e6,cumulative-co2-cement_v26_850x600.svg,6,44,455522448,842613
cumulative-co2-coal,WorldMap,,,4c1c4fb8ee9fdd600df11707f197702c,cumulative-co2-coal_v28_850x600.svg,4,33,1058258496,715231
cumulative-co2-emissions-region,StackedArea,,,364eb6a6f380897274604b37871ab44e,cumulative-co2-emissions-region_v41_850x600.svg,7,43,459352920,907196
cumulative-co2-flaring,WorldMap,,,1f07290d5ef88292c8d4649a97492565,cumulative-co2-flaring_v28_850x600.svg,4,31,398855272,461041
cumulative-co2-fuel,StackedArea,,,f00b4456d18ab5e07614ca20f72ecfa8,cumulative-co2-fuel_v30_850x600.svg,110,137,1068388512,3472822
cumulative-co2-gas,WorldMap,,,a90ce9dce76a68b37301156465ab8039,cumulative-co2-gas_v26_850x600.svg,5,32,484646584,538141
cumulative-co2-including-land,WorldMap,,,00fb4af9fa84f31c4eb96032a71017ec,cumulative-co2-including-land_v17_850x600.svg,4,55,423399920,813815
cumulative-co2-land-use,WorldMap,,,e977f869a2c785dfb7942f4abeb2cc09,cumulative-co2-land-use_v16_850x600.svg,7,63,513985416,1255468
cumulative-co2-oil,WorldMap,,,046a0e720080f5db84b933625105851d,cumulative-co2-oil_v26_850x600.svg,6,40,1090200832,812016
cumulative-cohort-fertility-rate-by-age,LineChart,,,d52527dba5d896264097dd841d3a3db1,cumulative-cohort-fertility-rate-by-age_v14_850x600.svg,12,31,1288376248,427984
cumulative-covid-cases-region,StackedArea,,,1abedeb83b2272295d1c5ab12f317a14,cumulative-covid-cases-region_v3093_850x600.svg,128,468,546616496,17441890
cumulative-covid-deaths-region,StackedArea,,,e94451d791ecd131e9e107e2e27bfb26,cumulative-covid-deaths-region_v3095_850x600.svg,118,431,1497206080,16363818
cumulative-covid-vaccinations,LineChart,,,128b67751b344ecfc7e364c4e024da8f,cumulative-covid-vaccinations_v1669_850x600.svg,15,94,538200824,2626647
cumulative-covid-vaccinations-income-group,LineChart,,,4911c306411eb3a6a935db846bea0f24,cumulative-covid-vaccinations-income-group_v1653_850x600.svg,18,100,1111346936,2715041
cumulative-covid-vaccine-booster-doses,WorldMap,,,4821c502f90b40fa81b6605e425a3ead,cumulative-covid-vaccine-booster-doses_v1678_850x600.svg,18,190,580151696,1797140
cumulative-death-rates-in-armed-conflicts,DiscreteBar,,,a62b206b73331786623291e065bc604c,cumulative-death-rates-in-armed-conflicts_v42_850x600.svg,1,9,1127618120,6396
cumulative-deaths-and-cases-covid-19,LineChart,,,77d5f2c6fbece5814509483d4af7a01c,cumulative-deaths-and-cases-covid-19_v3126_850x600.svg,1422,1904,697366744,33805708
cumulative-deaths-in-armed-conflicts,DiscreteBar,,,1224d99b1d8dec985aa6ca5fa45cb141,cumulative-deaths-in-armed-conflicts_v37_850x600.svg,2,10,596313912,5694
cumulative-deaths-in-armed-conflicts-by-country-region-and-type,StackedDiscreteBar,,,055880fd24cfacba2197fc20577a2d4a,cumulative-deaths-in-armed-conflicts-by-country-region-and-type_v33_850x600.svg,2,14,582251760,22122
cumulative-deaths-in-armed-conflicts-by-type,DiscreteBar,,,5db24f345d465f6241f6e1a0296955a5,cumulative-deaths-in-armed-conflicts-by-type_v32_850x600.svg,2,12,600773152,27816
cumulative-excess-deaths-covid,LineChart,,,086f9aa499f328e0afb521b7c827c3a3,cumulative-excess-deaths-covid_v271_850x600.svg,3,26,632111040,430688
cumulative-excess-deaths-per-million-covid,WorldMap,,,a668f6aa60f2800839fcec8f0a2e2f79,cumulative-excess-deaths-per-million-covid_v284_850x600.svg,3,52,628498152,447333
cumulative-excess-mortality-p-scores-projected-baseline,WorldMap,,,a39fbbedfcce7da18e180680e61dd034,cumulative-excess-mortality-p-scores-projected-baseline_v281_850x600.svg,4,48,1529030960,448824
cumulative-exoplanets-by-method,StackedArea,,,1bd82a327a357da956b28fbe37a6ef7b,cumulative-exoplanets-by-method_v35_850x600.svg,1,14,565985888,4154
cumulative-global-plastics,StackedArea,,,5513d7f7a92c3434012ed11e37a80654,cumulative-global-plastics_v7_850x600.svg,1,12,581241744,2420
cumulative-gravitational-wave-observations,LineChart,,,f7392a5e5b007d13586604eecb07880e,cumulative-gravitational-wave-observations_v15_850x600.svg,2,13,596468808,220
cumulative-installed-wind-energy-capacity-gigawatts,LineChart,,,0cc58429923e73c3e2706fe0324a51f1,cumulative-installed-wind-energy-capacity-gigawatts_v17_850x600.svg,1,24,585492152,100377
cumulative-lives-saved-by-measles-vaccination-since-1974,StackedArea,,,d81e6bffbd700068a44dd4edeee431b5,cumulative-lives-saved-by-measles-vaccination-since-1974_v6_850x600.svg,1,14,650915784,12467
cumulative-lives-saved-vaccination,StackedBar,,,db8284a7c351eabb2a9a0b9d09a2d922,cumulative-lives-saved-vaccination_v7_850x600.svg,2,166,1538645760,11602
cumulative-number-of-dhs-surveys-conducted,WorldMap,,,35b001edd3b4c33acae4cc5848e063d3,cumulative-number-of-dhs-surveys-conducted_v9_850x600.svg,2,19,663588824,5199
cumulative-number-of-large-scale-ai-systems-by-country,LineChart,,,58f31d21322edf8dfd99f0a51db6944c,cumulative-number-of-large-scale-ai-systems-by-country_v17_850x600.svg,2,16,567704808,4561
cumulative-number-of-objects-launched-into-outer-space,LineChart,,,3d5b358a26baf05893a36bad1ce5026f,cumulative-number-of-objects-launched-into-outer-space_v39_850x600.svg,1,19,594421720,33946
cumulative-people-space,LineChart,,,c384c0c4e3553e8a2366d943a9fc4602,cumulative-people-space_v17_850x600.svg,4,27,658115224,61675
cumulative-plastic-exports,DiscreteBar,,,c9283aedccc3a895c7eaf5cb2dcc3c67,cumulative-plastic-exports_v4_850x600.svg,2,17,614164192,364
cumulative-space-visits,LineChart,,,50b60606bc2efaa4d88205507d7a1f68,cumulative-space-visits_v41_850x600.svg,1,19,613670664,61783
current-account-balance-as-a-proportion-of-gdp,WorldMap,,,009f5f12ad2dfa1fc19e38a3372bcbdc,current-account-balance-as-a-proportion-of-gdp_v15_850x600.svg,2,32,674884664,123096
current-covid-hospitalizations-per-million,LineChart,,,dc989a0b7ce0f9b9e8bab2574cd32e5f,current-covid-hospitalizations-per-million_v1508_850x600.svg,10,99,623052888,1207292
current-covid-patients-hospital,LineChart,,,f605687d752e7990e0d6964e6f766e1e,current-covid-patients-hospital_v1502_850x600.svg,8,95,1596824552,1093486
current-covid-patients-icu,LineChart,,,b9165f552487fc4bfe65d8a33d4bed30,current-covid-patients-icu_v1494_850x600.svg,9,106,682810800,1015706
cvd-deaths-vs-rates,LineChart,,,7c99ecca0e561e436ca2abb98d07c6bf,cvd-deaths-vs-rates_v2_850x600.svg,24,40,611885624,997180
daily-caloric-supply-derived-from-carbohydrates-protein-and-fat,StackedArea,,,2ed1944b87395d1d88ff8c1a155175fa,daily-caloric-supply-derived-from-carbohydrates-protein-and-fat_v12_850x600.svg,31,45,1586799600,1768008
daily-cases-covid-region,StackedArea,,,a161491ed9b7c457b606026d3e61dbea,daily-cases-covid-region_v3104_850x600.svg,123,485,849233064,17169394
daily-covid-19-tests-smoothed-7-day,LineChart,,,fb25e760e083183c5f036b55aa23bfac,daily-covid-19-tests-smoothed-7-day_v399_850x600.svg,22,103,635081312,2886008
daily-covid-19-vaccination-doses,WorldMap,,,4361317b9e8fd15bde37858a8dd42117,daily-covid-19-vaccination-doses_v1596_850x600.svg,34,407,1712094880,6517619
daily-covid-cases-deaths-7-day-ra,LineChart,,,9915e0d6d6e67665239c410420eaca79,daily-covid-cases-deaths-7-day-ra_v3119_850x600.svg,1441,1668,717040768,33508431
daily-covid-deaths-region,StackedArea,,,65f3a6addc7ad9cb2557f3e3a335fb84,daily-covid-deaths-region_v3095_850x600.svg,169,526,1907773888,16339037
daily-covid-vaccination-doses-per-capita,LineChart,,,f2e25030ebcc86eccdb19ab6351d733c,daily-covid-vaccination-doses-per-capita_v1623_850x600.svg,92,246,890837912,6583218
daily-hours-spent-with-digital-media-per-adult-user,StackedBar,,,5c1c7543decd571f3626250b428798d9,daily-hours-spent-with-digital-media-per-adult-user_v21_850x600.svg,4,23,860409512,1060
daily-income-of-the-poorest-and-richest-decile,ScatterPlot,,,e3e149a3ff40421ac7201f8be809cf0f,daily-income-of-the-poorest-and-richest-decile_v69_850x600.svg,57,258,927600280,2075470
daily-income-or-consumption-of-the-poorest-10-marimekko,Marimekko,,,b492cd81a81ef971b955ee9383b54f26,daily-income-or-consumption-of-the-poorest-10-marimekko_v33_850x600.svg,3,64,1946815072,126411
daily-income-or-consumption-of-the-richest-10-marimekko,Marimekko,,,460acb55111f7dc0ea696f6c6b0925db,daily-income-or-consumption-of-the-richest-10-marimekko_v36_850x600.svg,4,69,741250064,125979
daily-mean-income,WorldMap,,,165abd35ad95d7a4a20df7025da80215,daily-mean-income_v65_850x600.svg,51,151,986529744,1958376
daily-mean-income-2011-ppp,WorldMap,,,2817c03d4cde8239f62983f49f9e2381,daily-mean-income-2011-ppp_v48_850x600.svg,2,25,1970900568,88685
daily-meat-consumption-per-person,WorldMap,,,935ce0243a198743a6e6bb3e51aae8bf,daily-meat-consumption-per-person_v17_850x600.svg,4,39,773653768,446920
daily-median-income,WorldMap,,,e4a94015feef2ea5550c3d0ff6815a42,daily-median-income_v64_850x600.svg,3,23,1994228848,116681
daily-new-confirmed-covid-19-deaths-in-sweden-oct-2020,LineChart,,,2137fef2429ba843dedb82b5e1413961,daily-new-confirmed-covid-19-deaths-in-sweden-oct-2020_v16_850x600.svg,1,12,746232632,681
daily-new-estimated-covid-19-infections-icl-model,LineChart,,,37ddbccd96681c5dcdcbb1701db8ead1,daily-new-estimated-covid-19-infections-icl-model_v3118_850x600.svg,1600,2688,460424312,31846581
daily-new-estimated-covid-19-infections-ihme-model,LineChart,,,a71637f842bdedaae10dc3ae6ec0e620,daily-new-estimated-covid-19-infections-ihme-model_v3125_850x600.svg,1454,1716,737710784,33110843
daily-new-estimated-covid-19-infections-lshtm-model,LineChart,,,d770e76eb5aaf4b2557ea8850e990b82,daily-new-estimated-covid-19-infections-lshtm-model_v2950_850x600.svg,963,1203,597485536,19041762
daily-new-estimated-covid-19-infections-yyg-model,LineChart,,,ef1f78f8a706926a271b37cc4dab8900,daily-new-estimated-covid-19-infections-yyg-model_v2956_850x600.svg,1124,1355,611467656,18485997
daily-new-estimated-infections-of-covid-19,LineChart,,,d33ca0b19cd22e6afe7ecf4f749d5168,daily-new-estimated-infections-of-covid-19_v3358_850x600.svg,1580,1839,714426136,28469555
daily-number-of-animals-slaughtered-for-meat,StackedBar,,,f937fff457e7e69d49164b2c462d6770,daily-number-of-animals-slaughtered-for-meat_v29_850x600.svg,74,260,733273384,2427101
daily-per-capita-caloric-supply,LineChart,,,646a932d5c21f3d6ae014f2094594844,daily-per-capita-caloric-supply_v21_850x600.svg,4,24,641729816,445221
daily-per-capita-fat-supply,WorldMap,,,bd19b7481fd342edf8bb6aaeddfa81a7,daily-per-capita-fat-supply_v10_850x600.svg,3,45,611698480,437506
daily-per-capita-fat-supply-vs-gdp-per-capita,ScatterPlot,,,763706e008c205421bda510fc6ccdad4,daily-per-capita-fat-supply-vs-gdp-per-capita_v41_850x600.svg,105,286,1007048432,2520451
daily-per-capita-protein-supply,WorldMap,,,629073fcbbc98ebdb53d88039a9903a6,daily-per-capita-protein-supply_v10_850x600.svg,3,37,643884456,435994
daily-per-capita-protein-supply-vs-gdp-per-capita,ScatterPlot,,,ecb3d1e6d7cac9a3ac1cf06d837fe04e,daily-per-capita-protein-supply-vs-gdp-per-capita_v33_850x600.svg,100,331,797654152,2518939
daily-per-capita-supply-of-calories-vs-gdp-per-capita,ScatterPlot,,,3e7117e56883115f18b49211c07c0f11,daily-per-capita-supply-of-calories-vs-gdp-per-capita_v44_850x600.svg,91,360,1461655752,2528166
daily-protein-supply-from-animal-and-plant-based-foods,LineChart,,,eaada06024e3308004dae5e804dabb0b,daily-protein-supply-from-animal-and-plant-based-foods_v21_850x600.svg,20,44,640066688,873506
daily-protein-supply-of-animal-origin-vs-plant-origin,ScatterPlot,,,57e10dddc5a9ce1c30e0822be2a6850f,daily-protein-supply-of-animal-origin-vs-plant-origin_v20_850x600.svg,90,266,745441928,2715182
daily-tests-and-daily-new-confirmed-covid-cases,LineChart,,,fe2a0e286fba9efd49e68e5d61a0e91c,daily-tests-and-daily-new-confirmed-covid-cases_v3065_850x600.svg,903,1218,1439391704,20055402
daily-tests-per-thousand-people-smoothed-7-day,WorldMap,,,23895f9d948010b55525db83ffbe6264,daily-tests-per-thousand-people-smoothed-7-day_v424_850x600.svg,27,246,890481056,2949600
daly-rates-from-all-causes-by-age,LineChart,,,68fea69bd3085701aa2da2138cd6b180,daly-rates-from-all-causes-by-age_v20_850x600.svg,31,67,766306696,1805721
dalys-from-alcohol-use-disorders-by-age,LineChart,,,8d674f96e45aa57170b9f6c394e500f2,dalys-from-alcohol-use-disorders-by-age_v17_850x600.svg,28,48,1475611792,1547986
dalys-particulate-matter,WorldMap,,,cb1644bf4ed2294a87f47ed31d5fb028,dalys-particulate-matter_v17_850x600.svg,2,30,739185000,252253
dalys-rate-from-all-causes,WorldMap,,,fa3adc3f96d3dd6d4e91527d66aacda4,dalys-rate-from-all-causes_v24_850x600.svg,2,26,760862816,251847
dalys-to-ncds-vs-gdp,ScatterPlot,,,edc152a88bbc11b3e8a5b9a76a6e3b92,dalys-to-ncds-vs-gdp_v45_850x600.svg,90,264,1564179696,2336102
damage-costs-from-natural-disasters,StackedBar,,,d02d3df3415200a667cbc8a7146ec4da,damage-costs-from-natural-disasters_v23_850x600.svg,6,25,434256032,39678
data-centers-share-electricity-demand,LineChart,,,d0766e6c94da0324a267c7dfc1c3d914,data-centers-share-electricity-demand_v8_850x600.svg,2,13,782201736,1511
data-deprivation-poverty-surveys-per-decade,WorldMap,,,2cf9d16a0920d80b9f15773ff721b514,data-deprivation-poverty-surveys-per-decade_v31_850x600.svg,5,33,463201376,297780
date-of-the-peak-cherry-tree-blossom-in-kyoto,LineChart,,,4f726db383aa8f0a98158c43688f408f,date-of-the-peak-cherry-tree-blossom-in-kyoto_v31_850x600.svg,4,55,915667456,54803
days-of-vacation-and-holidays,LineChart,,,bd134e44204547e22750287389ef7974,days-of-vacation-and-holidays_v45_850x600.svg,2,12,753295648,2524
dealing-with-anxiety-depression-approaches,DiscreteBar,,,aca31971f9ea48fab130b2ef0bf07be5,dealing-with-anxiety-depression-approaches_v19_850x600.svg,2,14,773576096,30142
dealing-with-anxiety-depression-comparison,DiscreteBar,,,db7432b4fc53596d4724e38c8da56bb8,dealing-with-anxiety-depression-comparison_v22_850x600.svg,6,53,781524240,30142
dealt-with-anxiety-depression-friends-family,WorldMap,,,ee9e44401822ea6eb9762adc0b83327b,dealt-with-anxiety-depression-friends-family_v21_850x600.svg,3,17,478362768,3744
dealt-with-anxiety-depression-religious-spiritual,WorldMap,,,e6603328d939f50f9a36318b40ad6aeb,dealt-with-anxiety-depression-religious-spiritual_v23_850x600.svg,2,21,931046080,3759
dealt-with-anxiety-depression-took-prescribed-medication,WorldMap,,,596d7e493d0cde3744bb7e8787bde945,dealt-with-anxiety-depression-took-prescribed-medication_v20_850x600.svg,3,22,434384448,3772
death-rate-ambient-air-pollution,WorldMap,,,98742429fc15292f51db8031d5bc13db,death-rate-ambient-air-pollution_v15_850x600.svg,3,19,799929760,5331
death-rate-amphetamine,WorldMap,,,2d2e9c9fb3f3a570fe6bf2055a9e6bb7,death-rate-amphetamine_v32_850x600.svg,4,28,901723472,350214
death-rate-amphetamine-who,WorldMap,,,4e2db1f576b53ab3ba2a7892658c79e6,death-rate-amphetamine-who_v14_850x600.svg,2,24,447551288,122885
death-rate-by-age-group-in-england-and-wales,LineChart,,,d29fa8f46965752c2b5f8460241d8ec5,death-rate-by-age-group-in-england-and-wales_v2_850x600.svg,2,21,791086888,6618
death-rate-by-cause-who-mdb,LineChart,,,78357c163226bd51d7d3b586db51c97c,death-rate-by-cause-who-mdb_v29_850x600.svg,25,45,792950976,1447826
death-rate-by-source-from-air-pollution,StackedArea,,,8d32c6d399eda2f2802fdf664630e491,death-rate-by-source-from-air-pollution_v26_850x600.svg,14,27,937797328,762328
death-rate-by-source-from-indoor-air-pollution,WorldMap,,,f1ead75b9cc368489f6958146bfe7621,death-rate-by-source-from-indoor-air-pollution_v25_850x600.svg,3,30,470471920,254696
death-rate-from-air-pollution-per-100000,WorldMap,,,f3543a9d6e8ee0305022082d87da5403,death-rate-from-air-pollution-per-100000_v23_850x600.svg,3,27,1590768816,252475
death-rate-from-alzheimers-other-dementias-gbd,WorldMap,,,efc715671a563873152ad94673ea4214,death-rate-from-alzheimers-other-dementias-gbd_v8_850x600.svg,5,27,959096072,334536
death-rate-from-alzheimers-other-dementias-ghe,WorldMap,,,67577fcbd9c2b5e2a4f46a24a3dbd83e,death-rate-from-alzheimers-other-dementias-ghe_v7_850x600.svg,2,21,810249920,128038
death-rate-from-ambient-particulate-air-pollution,WorldMap,,,1ae0917884d80abdc0326d72d3d2d77d,death-rate-from-ambient-particulate-air-pollution_v7_850x600.svg,3,25,488610936,258961
death-rate-from-cancer,WorldMap,,,7efabe71efcfe5918321319c9b4a39d2,death-rate-from-cancer_v9_850x600.svg,2,24,1609658912,132552
death-rate-from-cancer-by-sex,LineChart,,,e837837a21cdc1a35bdf233508e65a88,death-rate-from-cancer-by-sex_v23_850x600.svg,7,24,687263656,324332
death-rate-from-cancer-for-15-to-49-year-olds,LineChart,,,b48bf6c2a294fb05035159f6271a7035,death-rate-from-cancer-for-15-to-49-year-olds_v12_850x600.svg,3,20,934068760,335694
death-rate-from-cancer-gbd,WorldMap,,,216f42b0868c27112e909bcf4af105e0,death-rate-from-cancer-gbd_v15_850x600.svg,3,25,831137728,335017
death-rate-from-cancers-vs-average-income,ScatterPlot,,,822017297d9a3da5c604ac8d5aed61fa,death-rate-from-cancers-vs-average-income_v48_850x600.svg,88,269,540561840,2409882
death-rate-from-cancers-vs-income-inequality,ScatterPlot,,,cd28feebead02d97be4fb6aa526350cd,death-rate-from-cancers-vs-income-inequality_v68_850x600.svg,79,224,1021210352,2271182
death-rate-from-cardiomyopathy-myocarditis-endocarditis-who-ghe-age-standardized,WorldMap,,,7d55c45b71d977a8233ba11b2302e98b,death-rate-from-cardiomyopathy-myocarditis-endocarditis-who-ghe-age-standardized_v29_850x600.svg,2,28,711006264,146649
death-rate-from-cardiovascular-disease-age-standardized-ghe,WorldMap,,,a29b9c48ebc55f6c415a13a3f998710c,death-rate-from-cardiovascular-disease-age-standardized-ghe_v35_850x600.svg,3,23,1581987016,147090
death-rate-from-cardiovascular-disease-for-15--to-49-year-olds,LineChart,,,2f18929b84b471d76d3ab5ee3f0c65c5,death-rate-from-cardiovascular-disease-for-15--to-49-year-olds_v17_850x600.svg,3,24,832691688,335080
death-rate-from-cardiovascular-disease-ghe,WorldMap,,,5ba5bd7fab7d0ea2a1dde4facea9fd41,death-rate-from-cardiovascular-disease-ghe_v19_850x600.svg,2,21,1596901184,134569
death-rate-from-cardiovascular-diseases,WorldMap,,,3b93cd3d08c8b6e039d263cb73ffc50e,death-rate-from-cardiovascular-diseases_v23_850x600.svg,5,31,688822168,335844
death-rate-from-cardiovascular-diseases-age-group-who-mdb,LineChart,,,1cdacaa74e9aea49a6ecd87b043c7352,death-rate-from-cardiovascular-diseases-age-group-who-mdb_v36_850x600.svg,21,62,857253104,1436414
death-rate-from-cardiovascular-diseases-by-risk-factor-age-standardized,DiscreteBar,,,cd20b878cfd5bd0ee6d0692a22a10b7d,death-rate-from-cardiovascular-diseases-by-risk-factor-age-standardized_v39_850x600.svg,48,64,1673351224,3031993
death-rate-from-communicable-vs-non-communicable-diseases,ScatterPlot,,,59f66c52125e01fc9768f2352f83a8ab,death-rate-from-communicable-vs-non-communicable-diseases_v24_850x600.svg,94,307,836781920,3120481
death-rate-from-diabetes,WorldMap,,,01f60863e1f2bbdc2915ef03f5223e13,death-rate-from-diabetes_v10_850x600.svg,3,30,885743656,326295
death-rate-from-diabetes-gbd,WorldMap,,,a58411523e7eb74d9892687bdc71c152,death-rate-from-diabetes-gbd_v10_850x600.svg,3,40,196160736,335757
death-rate-from-diabetes-ghe,WorldMap,,,92b8f3e689ca44ec7d7394da962e3dd3,death-rate-from-diabetes-ghe_v6_850x600.svg,2,27,852139640,130156
death-rate-from-diabetes-who-mdb,WorldMap,,,94c8eb6a246778e3be6c152ece508b86,death-rate-from-diabetes-who-mdb_v6_850x600.svg,2,31,1044227648,149016
death-rate-from-diarrheal-diseases,WorldMap,,,a4b0b934e2fbe42f870550cf781a1ec2,death-rate-from-diarrheal-diseases_v12_850x600.svg,4,27,872770168,336878
death-rate-from-diarrheal-diseases-who,WorldMap,,,bae48bce6d9e0bdc57ca1cdb8e602890,death-rate-from-diarrheal-diseases-who_v5_850x600.svg,1,22,216623344,128262
death-rate-from-digestive-diseases,WorldMap,,,324d39197b347059fa67af237b20288f,death-rate-from-digestive-diseases_v12_850x600.svg,2,29,1397399968,325515
death-rate-from-digestive-diseases-gbd,WorldMap,,,a83c5e9c36bac97154bb00f9b2eea3f4,death-rate-from-digestive-diseases-gbd_v7_850x600.svg,3,25,562937576,335370
death-rate-from-digestive-diseases-who-mdb,WorldMap,,,d063ecfdf949c2cb4328540c303c0de3,death-rate-from-digestive-diseases-who-mdb_v6_850x600.svg,1,32,1018938584,162232
death-rate-from-drowning,WorldMap,,,13f67344bc0ca6f8957cf42a559293ea,death-rate-from-drowning_v6_850x600.svg,5,26,894056864,335458
death-rate-from-drowning-ghe,WorldMap,,,8b6347e02b5908c0f6cf9a2cfd0ca57f,death-rate-from-drowning-ghe_v5_850x600.svg,2,26,233451432,126870
death-rate-from-drug-use-disorders-for-15--to-49-year-olds,LineChart,,,02eedb396a39583c81d589451c7b377f,death-rate-from-drug-use-disorders-for-15--to-49-year-olds_v8_850x600.svg,5,29,562636432,343170
death-rate-from-falls,WorldMap,,,46919790495a622d94ca471891610046,death-rate-from-falls_v8_850x600.svg,6,24,1411022920,126987
death-rate-from-falls-gbd,WorldMap,,,9b536d15b26d8abd5367b01b3fa2379c,death-rate-from-falls-gbd_v9_850x600.svg,5,30,1038440232,325466
death-rate-from-falls-gbd-rate,WorldMap,,,9a295b9cccee966efd17633ff1035d1a,death-rate-from-falls-gbd-rate_v8_850x600.svg,5,27,915283584,334250
death-rate-from-famines-by-decade,StackedBar,,,4c02cfc547854e2edd2e49685071ffc7,death-rate-from-famines-by-decade_v19_850x600.svg,1,45,244288320,2923
death-rate-from-famines-by-year,StackedBar,,,3ae9e66f1e5bef82f75ff7f95432b670,death-rate-from-famines-by-year_v18_850x600.svg,1,571,576603072,26358
death-rate-from-fires-and-burns-ihme,WorldMap,,,c5e0a7349c8e1e729cb9e450d9e5dbf8,death-rate-from-fires-and-burns-ihme_v8_850x600.svg,4,26,1433146240,337658
death-rate-from-fires-and-burns-who,WorldMap,,,841829149b4d10079e125f074281170f,death-rate-from-fires-and-burns-who_v5_850x600.svg,2,22,1055697016,126489
death-rate-from-hivaids,WorldMap,,,258584e5964958189191d99ce3db99e7,death-rate-from-hivaids_v9_850x600.svg,4,30,938278664,339552
death-rate-from-hivaids-who,WorldMap,,,9965f0917482902803ccb556abef178d,death-rate-from-hivaids-who_v5_850x600.svg,2,26,264753152,127706
death-rate-from-hypertensive-heart-disease-who-ghe-age-standardized,WorldMap,,,c30fca03aeeced49fbba1d22df85c0e2,death-rate-from-hypertensive-heart-disease-who-ghe-age-standardized_v29_850x600.svg,2,22,1072926704,146877
death-rate-from-indoor-air-pollution-in-1990-vs-2023,ScatterPlot,,,9b309c41602374db9bf2507ba131f90a,death-rate-from-indoor-air-pollution-in-1990-vs-2023_v21_850x600.svg,15,61,1440982808,518690
death-rate-from-indoor-air-pollution-vs-per-capita-energy-consumption,ScatterPlot,,,566578674dfb2942bb428e7f695dce49,death-rate-from-indoor-air-pollution-vs-per-capita-energy-consumption_v42_850x600.svg,89,296,239819184,2468184
death-rate-from-ischaemic-heart-disease-who-ghe-age-standardized,WorldMap,,,b460b5935c9a4bc91d11ceb32c99903c,death-rate-from-ischaemic-heart-disease-who-ghe-age-standardized_v35_850x600.svg,3,29,816254448,146731
death-rate-from-liver-disease,WorldMap,,,a88a4e9a63948f5aea7936792732cd25,death-rate-from-liver-disease_v9_850x600.svg,2,29,236978216,326632
death-rate-from-liver-disease-gbd,WorldMap,,,a4c8f65259f3760e74322146c3381879,death-rate-from-liver-disease-gbd_v9_850x600.svg,2,28,1095837368,336038
death-rate-from-malaria,WorldMap,,,b3d8960f587533e136e5326bc4e8faea,death-rate-from-malaria_v10_850x600.svg,2,19,833114912,89364
death-rate-from-malaria-ghe,WorldMap,,,8c74ce7bcbfec9d1991c12f026db1970,death-rate-from-malaria-ghe_v8_850x600.svg,2,21,251472168,119967
death-rate-from-malaria-ihme,WorldMap,,,3a3b32003b559138a174797f980d7e86,death-rate-from-malaria-ihme_v11_850x600.svg,4,33,1066993264,303677
death-rate-from-malnutrition,WorldMap,,,d638b4cc144fe6050417da42e68bc16a,death-rate-from-malnutrition_v8_850x600.svg,4,26,857301088,339378
death-rate-from-malnutrition-ghe,WorldMap,,,0b2a0f74700fc26278e7b5b3ca16667a,death-rate-from-malnutrition-ghe_v8_850x600.svg,6,45,1457167632,126923
death-rate-from-maternal-disorders,WorldMap,,,e0eaa3d585b23200af528953aa4d3015,death-rate-from-maternal-disorders_v14_850x600.svg,2,24,1090773744,162381
death-rate-from-maternal-disorders-ihme,WorldMap,,,fd78226c6a10699fa4b4fee94c058440,death-rate-from-maternal-disorders-ihme_v13_850x600.svg,4,34,278141672,331570
death-rate-from-meningitis,WorldMap,,,da252fb24a3f5ed2c7c21449cfec217d,death-rate-from-meningitis_v7_850x600.svg,3,32,884629744,329035
death-rate-from-meningitis-gbd,WorldMap,,,d2fd606e4841e496921147dc103f6a22,death-rate-from-meningitis-gbd_v7_850x600.svg,5,39,1477922568,338104
death-rate-from-meningitis-who,WorldMap,,,ffc28913478baba58b80d78cd184dfc7,death-rate-from-meningitis-who_v5_850x600.svg,2,20,1107808976,127318
death-rate-from-mental-health-and-substance-use-disorders-who,WorldMap,,,2ad02984eba5b46faadfac7c8351a675,death-rate-from-mental-health-and-substance-use-disorders-who_v10_850x600.svg,2,33,298600848,126877
death-rate-from-natural-disasters,WorldMap,,,4ce92d9c9d359100bc2abced37b89dec,death-rate-from-natural-disasters_v8_850x600.svg,2,31,861239568,120706
death-rate-from-natural-disasters-gbd,WorldMap,,,900fb85521eccce003cef8351da7bd4e,death-rate-from-natural-disasters-gbd_v8_850x600.svg,4,36,1501095520,293769
death-rate-from-obesity,WorldMap,,,acfcbd1ed87a1efac13916bc21a67802,death-rate-from-obesity_v25_850x600.svg,3,34,1129020048,251652
death-rate-from-obesity-gbd,WorldMap,,,77aafdd18af9830b5b98eb67bad3d7e1,death-rate-from-obesity-gbd_v11_850x600.svg,2,24,322386544,258656
death-rate-from-opioid-use,WorldMap,,,a32e7dc1ffbccee4d0f0d8fa713bf3a7,death-rate-from-opioid-use_v43_850x600.svg,5,35,885023736,337113
death-rate-from-opioid-use-who,WorldMap,,,fb935fe49ed993a2bbe69e47cf0df948,death-rate-from-opioid-use-who_v17_850x600.svg,3,25,255751856,126344
death-rate-from-outdoor-air-pollution-in-1990-vs-2023,ScatterPlot,,,4da4b5ad23799a0a014d935fc47f12a9,death-rate-from-outdoor-air-pollution-in-1990-vs-2023_v31_850x600.svg,150,337,1585249952,2345434
death-rate-from-ozone-pollution,WorldMap,,,e56d8d027fe711501045438dcfc57ddb,death-rate-from-ozone-pollution_v12_850x600.svg,3,34,1150895784,255753
death-rate-from-ozone-pollution-gbd,WorldMap,,,3f142db6d7dd3367b263f6eb59da40c0,death-rate-from-ozone-pollution-gbd_v9_850x600.svg,3,27,286185168,263951
death-rate-from-parkinsons-disease,LineChart,,,2edb40d65e5c02151eb9c3bd81827ee6,death-rate-from-parkinsons-disease_v10_850x600.svg,3,24,257236816,325253
death-rate-from-parkinsons-disease-gbd,WorldMap,,,0936e1bb969164d19687067ce6416130,death-rate-from-parkinsons-disease-gbd_v7_850x600.svg,3,34,909640368,336285
death-rate-from-parkinsons-disease-ghe,WorldMap,,,5c4785388c057e239f3c4fa260d62dec,death-rate-from-parkinsons-disease-ghe_v6_850x600.svg,4,26,301483768,126613
death-rate-from-pm25-vs-pm25-concentration,ScatterPlot,,,04c2b4dcb6bf4547cfacd11acff8ed72,death-rate-from-pm25-vs-pm25-concentration_v47_850x600.svg,87,242,1193014776,2217232
death-rate-from-pneumonia-gbd,WorldMap,,,8fe76035d1745f2f4f1d7261f5d9494f,death-rate-from-pneumonia-gbd_v7_850x600.svg,5,30,598647368,335288
death-rate-from-pneumonia-ghe,WorldMap,,,085c07bbf1a1fe2578a4f89fd18e248a,death-rate-from-pneumonia-ghe_v4_850x600.svg,2,33,273716904,130909
death-rate-from-poisoning,WorldMap,,,7efb2df5063e1a0419edb44f6f36f540,death-rate-from-poisoning_v9_850x600.svg,3,28,937140512,332033
death-rate-from-poisoning-gbd,WorldMap,,,584df5ecf0287f23bfd041c98149613b,death-rate-from-poisoning-gbd_v12_850x600.svg,3,35,323842512,341125
death-rate-from-poisoning-ghe,WorldMap,,,d5d54e3b27f4429eb7c84f39b8781a6f,death-rate-from-poisoning-ghe_v7_850x600.svg,2,22,612286416,126493
death-rate-from-poisonings,WorldMap,,,29e07a2eec4a99b993128f39d7fa9ab3,death-rate-from-poisonings_v20_850x600.svg,1,37,285841688,38498
death-rate-from-respiratory-infections,LineChart,,,2e3261bf0846bc28dd21b7b01e4b3946,death-rate-from-respiratory-infections_v9_850x600.svg,3,43,940241664,326503
death-rate-from-respiratory-infections-gbd,LineChart,,,1da45648172b419092c42f77dc157f37,death-rate-from-respiratory-infections-gbd_v15_850x600.svg,3,30,326831416,335490
death-rate-from-rheumatic-heart-disease-who-ghe-age-standardized,WorldMap,,,58588a45212cc25f1e5f868607ba5bc0,death-rate-from-rheumatic-heart-disease-who-ghe-age-standardized_v27_850x600.svg,3,28,567443664,148050
death-rate-from-road-accidents,WorldMap,,,e2b9f7c68d9c1645a8010fdfbbee70fe,death-rate-from-road-accidents_v8_850x600.svg,3,26,304860720,335701
death-rate-from-road-accidents-for-15--to-49-year-olds,LineChart,,,85410e1fb1fb7a28adbf6ea840c9ede3,death-rate-from-road-accidents-for-15--to-49-year-olds_v14_850x600.svg,5,36,955483288,335666
death-rate-from-road-accidents-ghe,WorldMap,,,4eb96bc2ceddff1b8832ca9c57d43868,death-rate-from-road-accidents-ghe_v6_850x600.svg,2,29,346053736,129565
death-rate-from-rotavirus-children-under-5,WorldMap,,,a390d8666bf805baed566aecff869405,death-rate-from-rotavirus-children-under-5_v17_850x600.svg,1,20,578668152,6151
death-rate-from-secondhand-smoke,WorldMap,,,5d9b949d9bf66f76a2d4f5b33b50a11b,death-rate-from-secondhand-smoke_v11_850x600.svg,4,33,326233736,252269
death-rate-from-secondhand-smoke-gbd,WorldMap,,,b80dfea24a81487211e06eb0b6fcfc8f,death-rate-from-secondhand-smoke-gbd_v9_850x600.svg,3,30,930749624,259050
death-rate-from-smoking,WorldMap,,,4ae67789308f15f9d6400cc5f8857226,death-rate-from-smoking_v9_850x600.svg,2,31,365194016,258979
death-rate-from-snakebite-envenoming,WorldMap,,,6284393a78af42badc6ef5437ae2ad87,death-rate-from-snakebite-envenoming_v7_850x600.svg,1,17,590105264,4656
death-rate-from-strokes,WorldMap,,,a0d38e172f77b9261894a552560efce2,death-rate-from-strokes_v11_850x600.svg,3,26,301637744,334662
death-rate-from-strokes-who,WorldMap,,,658a4d45697cac854b7a4d19825d7686,death-rate-from-strokes-who_v20_850x600.svg,1,21,1600997240,147012
death-rate-from-suicides,WorldMap,,,a19fe58f6207db40877a85a215891e65,death-rate-from-suicides_v18_850x600.svg,5,35,954848248,334981
death-rate-from-suicides-ghe,WorldMap,,,b97ce3e1eeda19401fed7b6fb62bce18,death-rate-from-suicides-ghe_v22_850x600.svg,4,31,604420576,128013
death-rate-from-suicides-gho,WorldMap,,,85db61282ac78234dbcbdea7c7c0281f,death-rate-from-suicides-gho_v47_850x600.svg,2,26,384914368,146654
death-rate-from-tuberculosis-gbd,WorldMap,,,c4cca48e71c3e1fc3e195cb8ae0505e3,death-rate-from-tuberculosis-gbd_v8_850x600.svg,5,28,1215292976,335901
death-rate-from-tuberculosis-ghe,WorldMap,,,8cb9dbe9d53b38f7d6a80cdea3677e66,death-rate-from-tuberculosis-ghe_v9_850x600.svg,2,23,317638536,128316
death-rate-from-unsafe-sanitation,WorldMap,,,5274f8df530c068eae6d1589267f9e0c,death-rate-from-unsafe-sanitation_v24_850x600.svg,2,28,1620749480,256947
death-rate-from-unsafe-sanitation-gbd,WorldMap,,,4f0fed2f1206ae57af6a02308b45846c,death-rate-from-unsafe-sanitation-gbd_v17_850x600.svg,3,25,621663928,263933
death-rate-from-unsafe-water-sources-vs-share-in-extreme-poverty,ScatterPlot,,,f726f5949de574c73b3601a9ec89ebf4,death-rate-from-unsafe-water-sources-vs-share-in-extreme-poverty_v49_850x600.svg,81,289,1043217456,2223994
death-rate-from-venomous-animal,WorldMap,,,2704cfc3ea765d7b647c528bec0b95d8,death-rate-from-venomous-animal_v18_850x600.svg,4,28,356950304,338213
death-rate-household-air-pollution,WorldMap,,,c9450e1631668447e1881c046ba03dc1,death-rate-household-air-pollution_v13_850x600.svg,2,17,1228487184,5232
death-rate-household-and-ambient-air-pollution,WorldMap,,,328df726d28eb1db38368154d2f1276f,death-rate-household-and-ambient-air-pollution_v17_850x600.svg,3,22,329776936,5399
death-rate-in-armed-conflicts,WorldMap,,,369060e0066e21fd79fc6b1e1ab6bbaf,death-rate-in-armed-conflicts_v34_850x600.svg,3,24,590698544,209704
death-rate-in-armed-conflicts-by-type,StackedBar,,,858a182ea4b21245b33bd073ad9351f1,death-rate-in-armed-conflicts-by-type_v32_850x600.svg,21,42,1638138352,1007741
death-rate-in-armed-conflicts-by-type-and-country,StackedBar,,,bbbb5075ff479e9c7caf92b284239504,death-rate-in-armed-conflicts-by-type-and-country_v35_850x600.svg,25,169,432417336,806848
death-rate-in-state-based-conflicts,StackedBar,,,9da7bfb538856bcdbe133f7cb20b8478,death-rate-in-state-based-conflicts_v31_850x600.svg,2,26,1222691648,44686
death-rate-in-wars-correlates-of-war,StackedBar,,,ed6970095159e9e30aeadb92d8d8f3fa,death-rate-in-wars-correlates-of-war_v28_850x600.svg,2,126,354895096,25285
death-rate-in-wars-project-mars,StackedBar,,,74f66ee79fa0806b3f6aa294d728a2a8,death-rate-in-wars-project-mars_v23_850x600.svg,6,108,629076080,70174
death-rate-invasive-non-typhoidal-salmonella-across-age-groups,LineChart,,,b80375ce9ed296f9b64e04f4b65d0177,death-rate-invasive-non-typhoidal-salmonella-across-age-groups_v20_850x600.svg,31,66,1652951416,1767758
death-rate-invasive-non-typhoidal-salmonella-children-under-5,WorldMap,,,fd8c4a5483a3a665d8dd893a3327ab72,death-rate-invasive-non-typhoidal-salmonella-children-under-5_v16_850x600.svg,3,28,1247156256,352355
death-rate-lead-exposure,WorldMap,,,dceefe8c78f948820967529c97f5a580,death-rate-lead-exposure_v13_850x600.svg,4,36,1272989256,251954
death-rate-road-traffic-injuries,WorldMap,,,7136232bede7a31f26a0325040072c08,death-rate-road-traffic-injuries_v16_850x600.svg,1,17,1668274856,26859
death-rate-smoking,WorldMap,,,d8f31ca9554b70bce85e255eb1834a66,death-rate-smoking_v26_850x600.svg,4,28,594098984,251829
death-rate-tuberculosis-england-wales,LineChart,,,745cd41c8c7f299c7891177464075675,death-rate-tuberculosis-england-wales_v8_850x600.svg,2,21,347401496,10474
death-rate-typhoid-paratyphoid-fever-age-groups,LineChart,,,2c6d7a0a90a49c2f3b4092cdf5c2f4a0,death-rate-typhoid-paratyphoid-fever-age-groups_v21_850x600.svg,35,54,1255258672,1773385
death-rate-typhoid-paratyphoid-fever-children-under-5,WorldMap,,,bc32479644b10d05255da9abce3f6d42,death-rate-typhoid-paratyphoid-fever-children-under-5_v24_850x600.svg,3,38,1637254432,352446
death-rate-upper-respiratory-age,DiscreteBar,,,f8fd59b76b0d1080b1bc1d6eb47dfe91,death-rate-upper-respiratory-age_v14_850x600.svg,35,45,397664904,1751608
death-rate-vs-share-obesity,ScatterPlot,,,bcf5495cb1f80b6d938313082feeddfd,death-rate-vs-share-obesity_v25_850x600.svg,18,84,644944864,570003
death-rates-alcohol-drug-overdoses-by-age-who,DiscreteBar,,,39ceb61fa677668f88c55d9a9fdbddcb,death-rates-alcohol-drug-overdoses-by-age-who_v19_850x600.svg,13,46,419105816,558798
death-rates-amphetamine-overdoses-by-age,LineChart,,,57639f8807ba3826b1221b2d42f64c44,death-rates-amphetamine-overdoses-by-age_v18_850x600.svg,19,39,1045749104,783936
death-rates-cocaine,WorldMap,,,fddf1d22db295c33a0aecc89de4010df,death-rates-cocaine_v36_850x600.svg,3,27,1278958608,345626
death-rates-cocaine-overdoses-by-age,LineChart,,,e194a24dd1ee69b01de6116724a8755d,death-rates-cocaine-overdoses-by-age_v18_850x600.svg,17,36,1686702544,794128
death-rates-cocaine-who,WorldMap,,,3cb8986d781921bb2af457d90d943b28,death-rates-cocaine-who_v14_850x600.svg,1,20,357387992,124796
death-rates-disaster-gdp,ScatterPlot,,,63afefcc7b8e915a3bfd776e09444fbe,death-rates-disaster-gdp_v15_850x600.svg,15,123,452447432,497509
death-rates-due-to-low-physical-activity,WorldMap,,,992e49fdfc2b1370ac2270ee9df48410,death-rates-due-to-low-physical-activity_v9_850x600.svg,4,26,1069829928,251713
death-rates-due-to-low-physical-activity-gbd,WorldMap,,,a38b89759328dcc235c3c0cb2c9713ff,death-rates-due-to-low-physical-activity-gbd_v9_850x600.svg,3,29,1654709928,259073
death-rates-from-air-pollution,LineChart,,,274f1d058d2154fad1e23cf8c273d5c3,death-rates-from-air-pollution_v16_850x600.svg,18,37,1275642864,1014803
death-rates-from-alcohol-use-disorders,WorldMap,,,d500da0a380412563d1d9d9d635eb034,death-rates-from-alcohol-use-disorders_v26_850x600.svg,2,25,376727184,329885
death-rates-from-alcohol-use-disorders-gbd,WorldMap,,,3dd8fe33ecbbb06a7de75f38de3398ec,death-rates-from-alcohol-use-disorders-gbd_v12_850x600.svg,4,29,1094776160,339652
death-rates-from-alcohol-use-disorders-ghe,WorldMap,,,835c362564aff0c42d9ad06807fe063f,death-rates-from-alcohol-use-disorders-ghe_v6_850x600.svg,3,23,1668235560,126548
death-rates-from-conflict-and-terrorism-gbd,WorldMap,,,8fa4ff5143f0653d920e95b1b33d5acb,death-rates-from-conflict-and-terrorism-gbd_v18_850x600.svg,10,42,1316237704,307012
death-rates-from-disasters,StackedBar,,,97f02c031101cacfb63172983d1d45ec,death-rates-from-disasters_v28_850x600.svg,3,19,403697280,303170
death-rates-from-drug-use,WorldMap,,,43011ddd41fd0c5ce73c5fae5ad53dd9,death-rates-from-drug-use_v21_850x600.svg,3,29,665126224,252224
death-rates-from-drug-use-disorders,WorldMap,,,5043cf4d192652adaa708c2f55c24293,death-rates-from-drug-use-disorders_v42_850x600.svg,6,31,384428624,335058
death-rates-from-drug-use-disorders-gbd,WorldMap,,,6f61af55ea0b4ba1ff53422d6315c045,death-rates-from-drug-use-disorders-gbd_v18_850x600.svg,4,29,1075998544,344639
death-rates-from-drug-use-disorders-who,WorldMap,,,b8696052573105208d8456c7c628d600,death-rates-from-drug-use-disorders-who_v20_850x600.svg,4,25,1684457096,126352
death-rates-from-drug-use-gbd,WorldMap,,,45ad493f884ffca02a0e8984dc36017c,death-rates-from-drug-use-gbd_v13_850x600.svg,2,29,627205784,259373
death-rates-from-energy-production-per-twh,DiscreteBar,,,dd82e3bd694cc749217db71f69529e1c,death-rates-from-energy-production-per-twh_v11_850x600.svg,1,10,1289996608,341
death-rates-from-high-blood-pressure,WorldMap,,,d886a8d9aa50c75fa14b9596cf6f9810,death-rates-from-high-blood-pressure_v18_850x600.svg,3,27,476151768,252881
death-rates-from-high-blood-pressure-gbd,WorldMap,,,1f39ded9a4e2f102c96033e2e9250de0,death-rates-from-high-blood-pressure-gbd_v15_850x600.svg,2,26,1309653552,258931
death-rates-from-high-blood-sugar,WorldMap,,,55de8b4d6e5b5b9011db1c838132b0cf,death-rates-from-high-blood-sugar_v9_850x600.svg,2,32,1100523648,251346
death-rates-from-high-blood-sugar-gbd,WorldMap,,,e992ddc3600672c123b5f26fbdcd1f0b,death-rates-from-high-blood-sugar-gbd_v8_850x600.svg,4,38,1701514456,258518
death-rates-from-indoor-air-pollution-gbd,WorldMap,,,ff5ae30e3aa286ff3d4d39a3f043f62b,death-rates-from-indoor-air-pollution-gbd_v8_850x600.svg,2,36,406532800,260859
death-rates-from-indoor-air-pollution-vs-gdp-per-capita,ScatterPlot,,,6fcb1eeaf69a1e923cf7bcc5bf98d1cc,death-rates-from-indoor-air-pollution-vs-gdp-per-capita_v43_850x600.svg,13,66,685009104,503042
death-rates-from-indoor-air-pollution-vs-share-of-population-in-absolute-poverty,ScatterPlot,,,0a8b96f2e608f7027f036e86911cc584,death-rates-from-indoor-air-pollution-vs-share-of-population-in-absolute-poverty_v70_850x600.svg,79,236,555793744,2215968
death-rates-from-mental-and-substance-disorders-by-age-who,DiscreteBar,,,89ef28802ceeb460717908370abde787,death-rates-from-mental-and-substance-disorders-by-age-who_v25_850x600.svg,15,29,1343335288,802426
death-rates-from-no-access-to-handwashing-facilities,WorldMap,,,bc2323f60619ededb048192edd9a8586,death-rates-from-no-access-to-handwashing-facilities_v20_850x600.svg,3,25,426116952,254853
death-rates-from-pneumonia-and-other-lower-respiratory-infections-vs-gdp-per-capita,ScatterPlot,,,e81e04c42ef17a7553e25941ccbf761d,death-rates-from-pneumonia-and-other-lower-respiratory-infections-vs-gdp-per-capita_v48_850x600.svg,92,269,1214873904,2418128
death-rates-from-unsafe-sanitation-vs-gdp-per-capita,ScatterPlot,,,536c13fc17ffc8e662ff7ffd7c49d51d,death-rates-from-unsafe-sanitation-vs-gdp-per-capita_v36_850x600.svg,14,76,1711015328,507514
death-rates-from-unsafe-sex,WorldMap,,,874a0f1e70eb1a8d6e85967ef2840f62,death-rates-from-unsafe-sex_v12_850x600.svg,4,27,1315284704,252324
death-rates-from-unsafe-sex-gbd,WorldMap,,,bc5b927eaa3deaf9707f0a0687ed90b4,death-rates-from-unsafe-sex-gbd_v9_850x600.svg,3,27,444249152,259134
death-rates-from-unsafe-water-sources-gbd,WorldMap,,,dfed39e86623685cc36715f1120c2893,death-rates-from-unsafe-water-sources-gbd_v16_850x600.svg,4,30,1332498560,262722
death-rates-no-handwashing,WorldMap,,,4ac5c7009ee4af8683d74e660df550d7,death-rates-no-handwashing_v24_850x600.svg,5,43,703940624,261913
death-rates-opioid-overdoses-by-age,LineChart,,,9b03dbf36660c96e2558ef5ffc05bc54,death-rates-opioid-overdoses-by-age_v14_850x600.svg,18,35,435921520,797809
death-rates-road-incidents,WorldMap,,,30558a8a5d24238b47692cce0422ce37,death-rates-road-incidents_v30_850x600.svg,3,27,1355226632,326672
death-rates-smoking-age,LineChart,,,567ed9c815fb1d5255a9ae4a2dfaca70,death-rates-smoking-age_v17_850x600.svg,15,29,1754378000,776848
death-rates-substance-disorders,WorldMap,,,791e7da350f187d6b2523ff4e88be2ea,death-rates-substance-disorders_v37_850x600.svg,6,40,459046608,328170
death-rates-substance-disorders-who,WorldMap,,,69ff38c436bddbd16b50b689619968b6,death-rates-substance-disorders-who_v42_850x600.svg,2,27,660532480,147962
death-rates-through-the-20th-century,LineChart,,,b2ffdf3ddae63224a5008f65ac0477f4,death-rates-through-the-20th-century_v18_850x600.svg,4,21,1339570552,21012
death-rates-unsafe-water,WorldMap,,,fd978bed03d76f872dd2101c79dfeb54,death-rates-unsafe-water_v23_850x600.svg,2,29,1729156432,255868
death-rates-unsafe-water-vs-gdp,ScatterPlot,,,2c200f5629c895ed19f59168a98bdb6e,death-rates-unsafe-water-vs-gdp_v27_850x600.svg,10,69,566226104,506435
deaths-age-group-stacked-bar,StackedDiscreteBar,,,0d74f9cd2f8d3a5ec5ae9ef8d7904e51,deaths-age-group-stacked-bar_v34_850x600.svg,26,47,1351837080,1674898
deaths-alcohol-drugs-by-sex-who,StackedArea,,,a7a9b261c106f86d49902cc19ba05173,deaths-alcohol-drugs-by-sex-who_v19_850x600.svg,10,21,428567712,269228
deaths-amphetamine-overdoses-by-sex,StackedArea,,,e0d89fabf15c0bc952def9160a18be26,deaths-amphetamine-overdoses-by-sex_v9_850x600.svg,7,22,682594952,249417
deaths-and-disappearances-during-migration,LineChart,,,0ec0065749d1bdca6fd2ffa14ce17787,deaths-and-disappearances-during-migration_v24_850x600.svg,3,13,1745292848,22877
deaths-and-missing-persons-due-to-natural-disasters,WorldMap,,,0553fd93af0835f22b3f440d1eb80798,deaths-and-missing-persons-due-to-natural-disasters_v18_850x600.svg,3,22,444095992,55289
deaths-and-new-cases-of-hiv,LineChart,,,56f9c23e1f528a73f65bdc111a12c6c2,deaths-and-new-cases-of-hiv_v36_850x600.svg,15,30,669588392,853848
deaths-attributed-to-household-air-pollution-vs-deaths-attributed-to-ambient-air-pollution,ScatterPlot,,,c965cc5615c0db38dc95ba5bd22a3058,deaths-attributed-to-household-air-pollution-vs-deaths-attributed-to-ambient-air-pollution_v24_850x600.svg,68,230,261941144,1852239
deaths-averted-due-to-rotavirus-vaccine,WorldMap,,,26d3f8d20eecac8020e84c229c0d65be,deaths-averted-due-to-rotavirus-vaccine_v9_850x600.svg,2,32,1370611480,5830
deaths-by-age-group,StackedArea,,,0fabb1fbd4246e4b56fddde6a7197c32,deaths-by-age-group_v18_850x600.svg,153,177,489524184,5890126
deaths-by-age-group-stacked,StackedBar,,,4bc056d42c3ce63be6dc368cc2ee7229,deaths-by-age-group-stacked_v24_850x600.svg,31,50,694155832,1674898
deaths-by-risk-factor-over-70,DiscreteBar,,,bd06712c9bda4636bf9ce4b9a08aa1d3,deaths-by-risk-factor-over-70_v30_850x600.svg,96,118,1391982464,4671307
deaths-by-risk-under5s,DiscreteBar,,,796cd3bfc964f996cb0abb14027cf7d1,deaths-by-risk-under5s_v30_850x600.svg,55,70,1248814776,3139040
deaths-caused-by-vaccine-preventable-diseases-over-time,StackedArea,,,a9ed92f71cfd652f5d145a041c3cf22f,deaths-caused-by-vaccine-preventable-diseases-over-time_v33_850x600.svg,53,71,587188704,2647645
deaths-cocaine-overdoses-by-sex,StackedArea,,,443a7ba1875df008adcc1c54cc3bdc12,deaths-cocaine-overdoses-by-sex_v8_850x600.svg,10,24,716899560,250611
deaths-conflict-terrorism-per-100000,WorldMap,,,867f6fec982270087289fd5811001c9e,deaths-conflict-terrorism-per-100000_v37_850x600.svg,11,58,703206400,316020
deaths-drug-overdoses,LineChart,,,212521818cc7bc08153f20b499338955,deaths-drug-overdoses_v20_850x600.svg,23,55,1258054792,1369341
deaths-drug-overdoses-who,LineChart,,,a6753ba252fbe8604cff72179079658e,deaths-drug-overdoses-who_v6_850x600.svg,14,29,577245072,508470
deaths-drug-use-disorders-by-sex,StackedArea,,,f7070e5939612c57e6b66a73344d6a2b,deaths-drug-use-disorders-by-sex_v10_850x600.svg,6,18,600482248,256721
deaths-due-to-alcohol-use,WorldMap,,,d9aace2671e2ca82654aaa6cba10634d,deaths-due-to-alcohol-use_v8_850x600.svg,4,30,1413266896,259096
deaths-due-to-drug-use,WorldMap,,,f4b27293d479bc21729312eea9d85875,deaths-due-to-drug-use_v15_850x600.svg,2,26,509257008,259311
deaths-due-to-high-blood-pressure,WorldMap,,,98c41c6dfa0108ae090b7c875c25cfb9,deaths-due-to-high-blood-pressure_v18_850x600.svg,3,26,721301728,258738
deaths-due-to-high-blood-sugar,WorldMap,,,e270e53392bb90e6473a93e1e413527b,deaths-due-to-high-blood-sugar_v9_850x600.svg,4,40,1242592568,258969
deaths-due-to-illicit-drug-use-by-age,StackedArea,,,791db99d22e7cb533ab5942bdfd814e7,deaths-due-to-illicit-drug-use-by-age_v24_850x600.svg,24,36,590556288,1272192
deaths-due-to-lack-of-access-to-hand-washing-facilities,WorldMap,,,628abdfc8ff4b52cec44e3016eb20ba1,deaths-due-to-lack-of-access-to-hand-washing-facilities_v16_850x600.svg,3,32,1432965696,259573
deaths-due-to-low-physical-activity,WorldMap,,,23f065c5ae2606759a617f777302e5cb,deaths-due-to-low-physical-activity_v9_850x600.svg,7,27,528639704,259139
deaths-due-to-measles-by-region,StackedArea,,,e499d7d1dfa30dd9804d8fd5a4f0d32c,deaths-due-to-measles-by-region_v20_850x600.svg,4,24,616940096,331501
deaths-due-to-measles-gbd,LineChart,,,a58088a0a3fa3a32a63af812973e0997,deaths-due-to-measles-gbd_v16_850x600.svg,5,19,694529360,331501
deaths-due-to-obesity,WorldMap,,,d08c8430b43d972952bcd157e610be95,deaths-due-to-obesity_v10_850x600.svg,4,27,1266242568,258910
deaths-due-to-unsafe-sanitation,WorldMap,,,e2637c1f4407d4158aa085e4e2d9de15,deaths-due-to-unsafe-sanitation_v19_850x600.svg,3,27,644245920,260342
deaths-due-to-unsafe-sex,WorldMap,,,f2b5be09eb88435871dfd4146b2d3a2f,deaths-due-to-unsafe-sex_v9_850x600.svg,2,23,714353632,259129
deaths-due-to-unsafe-water-sources,WorldMap,,,c79b2c7bb663f67adde759b990583bda,deaths-due-to-unsafe-water-sources_v19_850x600.svg,3,30,547555344,259803
deaths-from-abortion-and-miscarriage-per-100000-people,WorldMap,,,d45b3f16f4eaec57eaa37a2b720376c2,deaths-from-abortion-and-miscarriage-per-100000-people_v8_850x600.svg,3,34,1464293184,340560
deaths-from-acute-hepatitis-by-age,StackedArea,,,47a33bc7c04b520430429c0978b3e982,deaths-from-acute-hepatitis-by-age_v16_850x600.svg,47,70,264058176,1703329
deaths-from-acute-hepatitis-by-cause,StackedArea,,,1470cf6e409406fd9f6633b82c9ea9b9,deaths-from-acute-hepatitis-by-cause_v19_850x600.svg,51,70,636555288,1367297
deaths-from-aids-ihme,WorldMap,,,3749ec2c089838e2224c72770091f52d,deaths-from-aids-ihme_v18_850x600.svg,3,32,1290408328,335775
deaths-from-aids-un,LineChart,,,a84b3ba0e4d04cab85565426661f5f1e,deaths-from-aids-un_v14_850x600.svg,7,18,734940656,178644
deaths-from-air-pollution,StackedArea,,,382fc223ee60ac3f86f1a2128036e0c8,deaths-from-air-pollution_v17_850x600.svg,20,32,533212256,779332
deaths-from-air-pollution-line,LineChart,,,aff444319d6606c17e94d52aae365bcd,deaths-from-air-pollution-line_v7_850x600.svg,23,49,206509560,1038169
deaths-from-alcohol-use-disorders,WorldMap,,,ff166f3c3e64f477c67e5eb8fa09164b,deaths-from-alcohol-use-disorders_v23_850x600.svg,7,34,292433320,336016
deaths-from-alcohol-use-disorders-ghe,WorldMap,,,df5163115253ac8c514bc2152b12aad3,deaths-from-alcohol-use-disorders-ghe_v8_850x600.svg,4,21,753222584,131846
deaths-from-alzheimers,WorldMap,,,dd2650dd92a85eed2838c6210ec10dd5,deaths-from-alzheimers_v11_850x600.svg,4,30,661667784,335263
deaths-from-alzheimers-other-dementias,WorldMap,,,744da1663934840da813f9dadbf1a720,deaths-from-alzheimers-other-dementias_v8_850x600.svg,2,23,1310519904,135358
deaths-from-cancer-gbd,WorldMap,,,37439592ab8ff09c96522c491b38b744,deaths-from-cancer-gbd_v9_850x600.svg,3,31,553726712,334889
deaths-from-cancer-who,WorldMap,,,bf4f9b960fc0ee21e1b4758974a6a779,deaths-from-cancer-who_v7_850x600.svg,5,31,261874056,139924
deaths-from-cardiovascular-disease,WorldMap,,,f3f8c637b06b6d73bbdbec46b701eb64,deaths-from-cardiovascular-disease_v27_850x600.svg,4,29,716651056,334813
deaths-from-cardiovascular-disease-ghe,WorldMap,,,bc63119378824431d2f1f4ea01bba877,deaths-from-cardiovascular-disease-ghe_v28_850x600.svg,3,22,1330594984,141381
deaths-from-cardiovascular-disease-type,DiscreteBar,,,628fdf4a9bf173e84a45100e75525e98,deaths-from-cardiovascular-disease-type_v36_850x600.svg,20,38,645612600,954983
deaths-from-cardiovascular-diseases-by-region,StackedArea,,,2270f8bca5a32380a42d531eaefd6a4d,deaths-from-cardiovascular-diseases-by-region_v27_850x600.svg,3,19,226444216,141381
deaths-from-conflict-and-terrorism,WorldMap,,,210285a2fef2ceb261703bc41d16c514,deaths-from-conflict-and-terrorism_v33_850x600.svg,8,44,552530600,307910
deaths-from-cysticercosis,WorldMap,,,c8cdc8eb419201545080f332449c5c5c,deaths-from-cysticercosis_v19_850x600.svg,4,26,202532840,327641
deaths-from-diabetes,WorldMap,,,e585f41bd9618a5af0084c3384b86b6f,deaths-from-diabetes_v10_850x600.svg,4,29,669062640,335075
deaths-from-diabetes-by-age,StackedArea,,,7789e4285bcc7a2c643791e83d309fa6,deaths-from-diabetes-by-age_v18_850x600.svg,34,46,316373120,1688830
deaths-from-diabetes-by-type,StackedArea,,,3f622f5c6f639c390e0aab5ead9d114f,deaths-from-diabetes-by-type_v16_850x600.svg,20,35,748151264,671349
deaths-from-diabetes-ghe,WorldMap,,,4ee3f84949d0a39c67bafa116f9cf56d,deaths-from-diabetes-ghe_v6_850x600.svg,3,23,1296968440,137226
deaths-from-diarrheal-diseases,WorldMap,,,0bb578a02c6a133906736b8092d1137e,deaths-from-diarrheal-diseases_v11_850x600.svg,3,24,571147552,335542
deaths-from-diarrheal-diseases-by-age,StackedArea,,,67187f31ef56bc3ce8dd98972c5e2667,deaths-from-diarrheal-diseases-by-age_v25_850x600.svg,25,38,737186312,1688051
deaths-from-diarrheal-diseases-who,WorldMap,,,bd0f6a5ebb2bf2e44ba78876b6764c4e,deaths-from-diarrheal-diseases-who_v10_850x600.svg,2,28,280815016,134585
deaths-from-digestive-diseases,WorldMap,,,1cfa41b79e0e3663a96d57be70ef2f0b,deaths-from-digestive-diseases_v7_850x600.svg,5,34,220880056,335051
deaths-from-drowning,WorldMap,,,577a77d6c5b1b8828f93f18882660887,deaths-from-drowning_v7_850x600.svg,5,26,693090248,335520
deaths-from-drowning-ghe,WorldMap,,,c713bf9d5abe9f968e04442668c00e3f,deaths-from-drowning-ghe_v4_850x600.svg,3,26,1315890056,133844
deaths-from-drug-use-disorders,WorldMap,,,070319ed75def1b1866424133d1b06f7,deaths-from-drug-use-disorders_v30_850x600.svg,3,26,593392912,337856
deaths-from-drug-use-disorders-by-age,StackedArea,,,7eeacb7d27cdc606c1d57653c8d828e8,deaths-from-drug-use-disorders-by-age_v32_850x600.svg,32,45,740413456,1539614
deaths-from-drug-use-disorders-by-age-who,StackedArea,,,82199b1d342d701b658d259974e21c92,deaths-from-drug-use-disorders-by-age-who_v35_850x600.svg,13,24,313372000,618198
deaths-from-drug-use-disorders-ghe,WorldMap,,,eec13ef491c9d5088f52087472a6c579,deaths-from-drug-use-disorders-ghe_v12_850x600.svg,2,25,665345832,130011
deaths-from-encephalitis-by-age,StackedArea,,,5a049170c8e80ef575674916aed552ae,deaths-from-encephalitis-by-age_v16_850x600.svg,33,50,1320099656,1705853
deaths-from-falls,WorldMap,,,1e5dcd3678296b681ab90a8ec146dd15,deaths-from-falls_v9_850x600.svg,5,26,237339312,134625
deaths-from-falls-gbd,WorldMap,,,36f9280c73fb043f906203ee984dbd54,deaths-from-falls-gbd_v6_850x600.svg,3,24,614633816,335476
deaths-from-famines-by-country-and-decade,StackedBar,,,ce2284e1e1abc63aaad1ae64d542a984,deaths-from-famines-by-country-and-decade_v22_850x600.svg,2,14,287603112,2004
deaths-from-famines-by-country-and-year,StackedBar,,,c6ba6f5ea087f8e210628af0be2771e8,deaths-from-famines-by-country-and-year_v26_850x600.svg,2,64,750166720,17941
deaths-from-famines-by-decade,StackedBar,,,94942a7abc333f36d7e4f86e35c285d0,deaths-from-famines-by-decade_v24_850x600.svg,2,14,696152968,2844
deaths-from-famines-by-main-trigger-and-decade,StackedBar,,,7177f023e81f7608224a46e8d9460547,deaths-from-famines-by-main-trigger-and-decade_v25_850x600.svg,2,38,333936192,10775
deaths-from-famines-by-main-trigger-and-year,StackedBar,,,f80fd6494e84a5258c3134bdc8127750,deaths-from-famines-by-main-trigger-and-year_v15_850x600.svg,5,69,1380433400,98974
deaths-from-famines-by-previous-population-growth,ScatterPlot,,,46812e54e9e683701f2fe85a59dd1417,deaths-from-famines-by-previous-population-growth_v19_850x600.svg,3,31,253262448,8139
deaths-from-famines-by-region-and-year,StackedBar,,,1604a4f35929072d9f2add39c1cb5b70,deaths-from-famines-by-region-and-year_v18_850x600.svg,1,80,627180424,26015
deaths-from-fires-and-burns,WorldMap,,,3b27fba1d2240e1f9e160e67817654f3,deaths-from-fires-and-burns_v7_850x600.svg,6,38,718366336,336203
deaths-from-fires-and-burns-who,WorldMap,,,11a174064a625e1be0571d5ad66262b7,deaths-from-fires-and-burns-who_v7_850x600.svg,2,21,305010568,132469
deaths-from-hiv-by-age,StackedArea,,,853394f596ad59b5eb0e3a6a7bbbab10,deaths-from-hiv-by-age_v26_850x600.svg,35,50,249961336,1699265
deaths-from-household-and-outdoor-air-pollution,LineChart,,,db473bd897fa33812c52c561dab31daa,deaths-from-household-and-outdoor-air-pollution_v14_850x600.svg,15,29,708017480,779332
deaths-from-indoor-air-pollution-by-age,StackedArea,,,0f8a57308ce6aa9fbfac05d2ca717665,deaths-from-indoor-air-pollution-by-age_v14_850x600.svg,24,36,736267296,1313578
deaths-from-infections-of-currently-noneradicable-diseases,LineChart,,,3146ff85295b399e49c26ae8bf05c704,deaths-from-infections-of-currently-noneradicable-diseases_v23_850x600.svg,16,35,357782216,972613
deaths-from-infectious-diseases,WorldMap,,,e99f05d147c68566200de429c3857d2c,deaths-from-infectious-diseases_v7_850x600.svg,7,35,1352542696,334763
deaths-from-liver-disease,WorldMap,,,4de670b806bea0a52e85817be8524056,deaths-from-liver-disease_v7_850x600.svg,3,30,758528824,335440
deaths-from-lower-respiratory-infections-ghe,WorldMap,,,935b8c5cb2313b8595b719bbf9a74097,deaths-from-lower-respiratory-infections-ghe_v6_850x600.svg,2,19,725782192,138168
deaths-from-malnutrition,WorldMap,,,faa65010ee04a19e31665f439ff17706,deaths-from-malnutrition_v7_850x600.svg,6,32,274202896,336206
deaths-from-malnutrition-ghe,WorldMap,,,89053fd5dc31f08c0ddbe4c69dfd446f,deaths-from-malnutrition-ghe_v6_850x600.svg,2,22,640575552,132474
deaths-from-measles-by-age,StackedArea,,,d191ae2a9c076eee7bf79424614907f3,deaths-from-measles-by-age_v16_850x600.svg,29,42,344159544,1346273
deaths-from-meningitis,WorldMap,,,2c6453a56bda194edbdc9b8b5cd35d42,deaths-from-meningitis_v6_850x600.svg,3,27,1374852472,335928
deaths-from-meningitis-by-age,StackedArea,,,0756fc0f9b1945be708b0738fb5a871d,deaths-from-meningitis-by-age_v17_850x600.svg,26,38,776587696,1687727
deaths-from-meningitis-ghe,WorldMap,,,92587f6817688111baaa0bf1d5a7316d,deaths-from-meningitis-ghe_v5_850x600.svg,2,20,774528064,132781
deaths-from-mental-health-and-substance-use-disorders-who,WorldMap,,,de1ab44430b8b2b076c5a886efc30eab,deaths-from-mental-health-and-substance-use-disorders-who_v8_850x600.svg,3,25,609481120,132946
deaths-from-natural-disasters,WorldMap,,,92c266e47cca9e2f5bd4d83faad0e835,deaths-from-natural-disasters_v8_850x600.svg,2,21,291036416,121859
deaths-from-obesity-by-age,StackedArea,,,c556eb37e6a7c24011e163116d05508c,deaths-from-obesity-by-age_v21_850x600.svg,21,42,343309352,1317796
deaths-from-one-sided-violence,WorldMap,,,d2bdf02a988cc0e37b149f21730bf0ac,deaths-from-one-sided-violence_v39_850x600.svg,3,29,184645128,202980
deaths-from-ozone-pollution,WorldMap,,,032ae64927f9973ed4df9e847664f079,deaths-from-ozone-pollution_v9_850x600.svg,4,29,791448152,260729
deaths-from-parkinsons-disease,WorldMap,,,3edc2dd13ef6c5418e7ed00d38c30350,deaths-from-parkinsons-disease_v7_850x600.svg,2,32,1399987504,335453
deaths-from-parkinsons-disease-ghe,WorldMap,,,a0896d14c2d249e9addb6b4978375400,deaths-from-parkinsons-disease-ghe_v6_850x600.svg,2,20,362031600,133151
deaths-from-pneumonia,WorldMap,,,5118858401e55ed8758b54cb0394e8b6,deaths-from-pneumonia_v5_850x600.svg,3,29,630257528,334885
deaths-from-pneumonia-in-people-aged-70-and-older-by-risk-factor,LineChart,,,2790c24afc66ed9f3302dfe0cdc110fd,deaths-from-pneumonia-in-people-aged-70-and-older-by-risk-factor_v18_850x600.svg,28,56,288251872,1039519
deaths-from-poisoning,WorldMap,,,60686d2b092a987be8e06234b787d62e,deaths-from-poisoning_v6_850x600.svg,5,26,759377104,336896
deaths-from-poisonings-ghe,WorldMap,,,22cb36884033799b3ba764a66bcb0bfc,deaths-from-poisonings-ghe_v7_850x600.svg,2,19,378026640,131077
deaths-from-preterm-birth-complications,WorldMap,,,d7625935c67de0e530167a50099e9495,deaths-from-preterm-birth-complications_v34_850x600.svg,3,26,1384601248,335512
deaths-from-preterm-birth-complications-vs-gdp,ScatterPlot,,,a04beb05e75e59627650433b216bd97e,deaths-from-preterm-birth-complications-vs-gdp_v50_850x600.svg,81,295,691289592,2418457
deaths-from-rabies-by-age,StackedArea,,,d0bdf236859b8d0de6820789496e900c,deaths-from-rabies-by-age_v18_850x600.svg,32,45,239969024,1781242
deaths-from-respiratory-disease,WorldMap,,,58cf3c6f582a62a2ae158c0a45a0ca4b,deaths-from-respiratory-disease_v6_850x600.svg,3,37,312820720,335232
deaths-from-respiratory-infections,WorldMap,,,b297db09c4717fdcbec56aa23c5c1488,deaths-from-respiratory-infections_v9_850x600.svg,3,30,778770280,335189
deaths-from-road-injuries,WorldMap,,,d2f0b09f7f529dec355386722e874dd6,deaths-from-road-injuries_v6_850x600.svg,2,27,393890288,127765
deaths-from-secondhand-smoke,WorldMap,,,7d129b9e6609af50e6f413aa87ac2fd1,deaths-from-secondhand-smoke_v12_850x600.svg,5,30,208840656,258820
deaths-from-smallpox-in-london,LineChart,,,b5c348089b9fc14cd2f2fab5277cdc91,deaths-from-smallpox-in-london_v18_850x600.svg,3,25,1428550592,7721
deaths-from-smallpox-per-1000-population,LineChart,,,6e0b018f82ff3bea01925c251912b273,deaths-from-smallpox-per-1000-population_v21_850x600.svg,2,26,327562760,11366
deaths-from-snakebite-envenoming,WorldMap,,,768f5cf77db70690c2e0ce69394cd728,deaths-from-snakebite-envenoming_v3_850x600.svg,2,21,1448568584,4364
deaths-from-strokes,WorldMap,,,81d8944405301e4b4eb7019e88efdcd7,deaths-from-strokes_v16_850x600.svg,3,24,799889600,334891
deaths-from-strokes-ghe,WorldMap,,,f6918e4a5d6c788dca0c15809b68dfa2,deaths-from-strokes-ghe_v12_850x600.svg,3,20,408001192,139319
deaths-from-substance-disorders,WorldMap,,,dd32c38d007472069b11370c48875666,deaths-from-substance-disorders_v24_850x600.svg,3,32,229913376,335795
deaths-from-substance-disorders-who,WorldMap,,,59223ded7641bc4acaa537d99d0d9ddb,deaths-from-substance-disorders-who_v27_850x600.svg,2,19,293886208,136197
deaths-from-substance-use-disorders,StackedArea,,,6639f0df8def8c778d276cdb51051be7,deaths-from-substance-use-disorders_v32_850x600.svg,21,32,781300768,673872
deaths-from-substance-use-disorders-who,StackedArea,,,c1f5307b5db1f6ac6f47c3c4d0e3b4e2,deaths-from-substance-use-disorders-who_v35_850x600.svg,12,31,183604760,261857
deaths-from-suicide-and-non-suicide-terrorist-attacks,StackedArea,,,64632ca7f7b2cb16d447e5d1ce80b352,deaths-from-suicide-and-non-suicide-terrorist-attacks_v23_850x600.svg,13,32,380172632,532652
deaths-from-syphilis-by-age,StackedArea,,,d0810c0fdfabc3d6272fecbaebf3147a,deaths-from-syphilis-by-age_v16_850x600.svg,32,44,227158128,1726171
deaths-from-terrorism-by-target,DiscreteBar,,,9c0723698279241d2c23b9d5543aa9f5,deaths-from-terrorism-by-target_v10_850x600.svg,159,190,365371184,5777997
deaths-from-terrorist-attacks-by-method,DiscreteBar,,,d5fe92b451472c9f4e195d8b830a343e,deaths-from-terrorist-attacks-by-method_v21_850x600.svg,62,74,389525272,2386323
deaths-from-terrorist-attacks-by-method-of-attack-stacked-bar,StackedBar,,,d55e27a6e84064a333d3a91ff54081c2,deaths-from-terrorist-attacks-by-method-of-attack-stacked-bar_v19_850x600.svg,60,100,793272976,2386323
deaths-from-venomous-animal-contact,WorldMap,,,0ff5fade8734d891007731d0333335ce,deaths-from-venomous-animal-contact_v6_850x600.svg,3,32,202546168,339062
deaths-from-volcanic-eruptions,StackedBar,,,51a8c4cc1ca146e97859b7b80b618fff,deaths-from-volcanic-eruptions_v7_850x600.svg,2,425,261239888,34749
deaths-from-yellow-fever-by-age,StackedArea,,,d66cbad6015fd043abe8e96609f6ac94,deaths-from-yellow-fever-by-age_v15_850x600.svg,26,37,384216632,1396384
deaths-illicit-drugs,DiscreteBar,,,73702901fd936004f40b9d495343f829,deaths-illicit-drugs_v31_850x600.svg,24,40,235953296,597167
deaths-in-armed-conflicts,LineChart,,,3586e41fe15cb98766b63aa6e2e14aff,deaths-in-armed-conflicts_v45_850x600.svg,13,26,429425152,614908
deaths-in-armed-conflicts-by-country,WorldMap,,,88bd7b258da906a0eed121b76c9a0dec,deaths-in-armed-conflicts-by-country_v83_850x600.svg,2,23,809667856,210438
deaths-in-armed-conflicts-by-region,StackedBar,,,1bef7707597520ea77e8436e3484a86e,deaths-in-armed-conflicts-by-region_v71_850x600.svg,3,22,737850376,210438
deaths-in-armed-conflicts-by-type,StackedBar,,,1e459fc33d33ec1607f275a2dbd90fe2,deaths-in-armed-conflicts-by-type_v40_850x600.svg,29,46,246159880,1011575
deaths-in-armed-conflicts-by-type-and-country,StackedBar,,,cda20eead3458278d0cd906892115628,deaths-in-armed-conflicts-by-type-and-country_v37_850x600.svg,20,111,427323384,810682
deaths-in-interstate-conflicts,WorldMap,,,00be3b34476d9ba0da47ce2d2b9151f9,deaths-in-interstate-conflicts_v40_850x600.svg,3,22,385897264,201219
deaths-in-interstate-conflicts-by-region-gibler-miller,StackedBar,,,95b170900b75a07527533e43b08bd89d,deaths-in-interstate-conflicts-by-region-gibler-miller_v20_850x600.svg,2,102,727346368,33368
deaths-in-interstate-conflicts-gibler-miller,LineChart,,,fe4bf62d9871d38b9a6b63fb4cc99203,deaths-in-interstate-conflicts-gibler-miller_v18_850x600.svg,4,22,811265440,66913
deaths-in-intrastate-conflicts,WorldMap,,,afdb58926f39f38310185485da1b8742,deaths-in-intrastate-conflicts_v38_850x600.svg,5,37,216509456,203963
deaths-in-non-state-conflicts,WorldMap,,,c469b5063854fd4ceaab14a7aedf6598,deaths-in-non-state-conflicts_v38_850x600.svg,3,24,359262648,202520
deaths-in-state-based-conflicts,LineChart,,,1c64695756ad668b6b79c961e2255d34,deaths-in-state-based-conflicts_v43_850x600.svg,3,19,797979312,43242
deaths-in-state-based-conflicts-by-region,StackedBar,,,255b507d6736089951a0f1c1711faddf,deaths-in-state-based-conflicts-by-region_v39_850x600.svg,3,32,371877952,14417
deaths-in-state-based-conflicts-by-type,StackedBar,,,69ad210f9f654ab44eb383f84fbc36b8,deaths-in-state-based-conflicts-by-type_v26_850x600.svg,3,29,803132936,54302
deaths-in-wars,LineChart,,,987d0af7f12d3bac2cdb1b1ff31eae0a,deaths-in-wars_v14_850x600.svg,4,24,225691536,73266
deaths-in-wars-by-region-project-mars,StackedBar,,,ddeb6a048c560447cc7db1caceb43768,deaths-in-wars-by-region-project-mars_v25_850x600.svg,1,153,841778232,36567
deaths-in-wars-by-war-1800-2011-bar-chart,DiscreteBar,,,4e9bc1b85906772bb86a435f99b4c2f1,deaths-in-wars-by-war-1800-2011-bar-chart_v37_850x600.svg,3,12,390565808,8185
deaths-in-wars-correlates-of-war,StackedBar,,,0e3e9daa40a46ca354b6213cfb59269c,deaths-in-wars-correlates-of-war_v23_850x600.svg,2,91,452628176,22530
deaths-in-wars-project-mars,StackedBar,,,800430e08743d2c0f91219d915f9a0d5,deaths-in-wars-project-mars_v19_850x600.svg,3,141,738466528,71402
deaths-lead-exposure,WorldMap,,,296b50c0f0c94c3d9885571b814cf892,deaths-lead-exposure_v13_850x600.svg,2,26,245765480,259010
deaths-opioid-overdoses-by-sex,StackedArea,,,5c186608c47ca44ad441287e3bdf031c,deaths-opioid-overdoses-by-sex_v14_850x600.svg,5,16,412885992,255506
deaths-registered-with-an-ill-defined-cause-of-death,WorldMap,,,e5149b55ef264c7d865fc6c778458072,deaths-registered-with-an-ill-defined-cause-of-death_v30_850x600.svg,2,30,392035072,165126
deaths-risk-factor-15-49years,DiscreteBar,,,ebaca6214fd3e5b403c4f4f4be40aaa2,deaths-risk-factor-15-49years_v30_850x600.svg,102,120,282703384,4943858
deaths-risk-factor-5-14years,DiscreteBar,,,dca742fe2cff4745b23f2ed264ea4fdd,deaths-risk-factor-5-14years_v26_850x600.svg,50,71,264026688,2930839
deaths-risk-factor-50-69years,DiscreteBar,,,43e6d1d66bbd7fe71d3fb407944d92a7,deaths-risk-factor-50-69years_v28_850x600.svg,94,125,427290696,4674279
deaths-substance-disorders,DiscreteBar,,,73b124ecacb5c72ba1f8816f343b3ac9,deaths-substance-disorders_v26_850x600.svg,45,59,452065904,2043213
deaths-substance-disorders-age,StackedArea,,,907bc213c682b33ce371e3ec0abdd682,deaths-substance-disorders-age_v26_850x600.svg,38,56,272401648,1536318
deaths-substance-disorders-who,DiscreteBar,,,6b5a7911487ba30bb114d4d2554d85a0,deaths-substance-disorders-who_v14_850x600.svg,15,26,771626496,770327
deaths-temperature-gasparrini,StackedDiscreteBar,,,e8afc73cf217e111521b9c23182fac3b,deaths-temperature-gasparrini_v2_850x600.svg,4,20,273303096,1805
debt-as-a-percentage-of-gdp-in-the-us,StackedArea,,,660c052a06a33f3f7d78c09b1dccadd5,debt-as-a-percentage-of-gdp-in-the-us_v7_850x600.svg,2,14,738910728,10124
debt-relief-covid,WorldMap,,,0b1a495f0410eff8f137848d90ffd54f,debt-relief-covid_v2798_850x600.svg,42,323,892450640,4967827
debt-service-of-exports-of-goods-services,WorldMap,,,17bad21a9ea53ad4340b9bd3423002e9,debt-service-of-exports-of-goods-services_v11_850x600.svg,2,17,467480544,79646
decadal-average-surface-temperature,WorldMap,,,a8307b54188ad8be368928f9c1735e0f,decadal-average-surface-temperature_v11_850x600.svg,2,30,290818264,57293
decadal-temperature-anomaly,WorldMap,,,36506993cd439a9b2622a89c3affaa13,decadal-temperature-anomaly_v17_850x600.svg,2,18,754989008,59995
decade-in-which-smallpox-ceased-to-be-endemic-by-country,WorldMap,,,7be7d34cfb9476b8b293da8f7a31650e,decade-in-which-smallpox-ceased-to-be-endemic-by-country_v23_850x600.svg,2,25,288317256,3797
declining-share-of-the-top-1-in-some-european-economies-and-japan,LineChart,,,37f162590d71a1bb796475bec553513b,declining-share-of-the-top-1-in-some-european-economies-and-japan_v13_850x600.svg,2,16,404114232,21854
declining-share-of-the-top-1-in-some-european-economies-and-japan-with-finland,LineChart,,,9a25b873e8d6f2d77274c938768cfe89,declining-share-of-the-top-1-in-some-european-economies-and-japan-with-finland_v6_850x600.svg,2,19,495761840,21854
decomposition-rates-marine-debris,DiscreteBar,,,a721e3d47be4482a8a43f92d84a4f817,decomposition-rates-marine-debris_v5_850x600.svg,3,13,424299448,443
deforestation-agriculture-plantations,WorldMap,,,116a2f4222874d1c88e4069c88ef83a6,deforestation-agriculture-plantations_v3_850x600.svg,3,25,310180520,123177
deforestation-by-commodity,DiscreteBar,,,665c077fc2715bfb28f0caac84d69a63,deforestation-by-commodity_v6_850x600.svg,1,12,773248968,394
deforestation-co2-trade-by-product,DiscreteBar,,,b7ed5ffff95288c18fde992647970440,deforestation-co2-trade-by-product_v4_850x600.svg,3,16,310532936,15142
deforestation-drivers-indonesia,StackedBar,,,a8d6d86787044e786328a3fae57045bd,deforestation-drivers-indonesia_v7_850x600.svg,1,12,412967976,3762
deforestation-embedded-trade,WorldMap,,,8353a2350bf3c507e718fc6ec98170e5,deforestation-embedded-trade_v3_850x600.svg,2,25,462986248,111595
deforestation-share-forest-area,WorldMap,,,9b81767422aa28d37566d7ab4c8f9076,deforestation-share-forest-area_v7_850x600.svg,1,20,787459736,21955
degree-to-which-the-legal-framework-guarantees-womens-equal-rights-to-land-ownership-andor-control,WorldMap,,,45e37a7a24f9ea92bfcb6e8dd1347cee,degree-to-which-the-legal-framework-guarantees-womens-equal-rights-to-land-ownership-andor-control_v21_850x600.svg,4,34,324971216,2281
deliberative-democracy-index-vdem,WorldMap,,,5b3e53c212155bfe8592284e5de3a361,deliberative-democracy-index-vdem_v50_850x600.svg,18,68,473596616,703652
deliberative-political-institutions-index,WorldMap,,,1bf8ab54455749b85947e2636bbe88bb,deliberative-political-institutions-index_v54_850x600.svg,21,84,314299336,704864
dementia-death-rates,WorldMap,,,0dd238e382fdba3ce2f34e998bafc528,dementia-death-rates_v28_850x600.svg,4,26,483734984,327714
dementia-related-deaths-by-age,StackedArea,,,bafb58005bc60a8051b67cd122eb80d2,dementia-related-deaths-by-age_v21_850x600.svg,19,34,773161264,1013615
democracies-autocracies-amb-row,StackedArea,,,18cbf62f128f828a1accbf1d42c2e748,democracies-autocracies-amb-row_v57_850x600.svg,12,41,336472280,433386
democracy-index-by-source,LineChart,,,0bdd0bc4c9f3f16d491c8087cdf9b2f9,democracy-index-by-source_v89_850x600.svg,104,129,822546072,2832608
democracy-index-eiu,WorldMap,,,3f3e54bb7f1c94407d1a2d1e96b706ec,democracy-index-eiu_v111_850x600.svg,4,26,509139072,98103
democracy-index-polity,WorldMap,,,654d783fbbf9321b43870b6a39145c5f,democracy-index-polity_v46_850x600.svg,5,51,459080088,621585
democracy-lexical,WorldMap,,,c2ed63ac6b69ed0d2a94a75d332fe815,democracy-lexical_v86_850x600.svg,10,64,360348384,1828824
democratic-electoral-institutions-fh,WorldMap,,,ef9a08471e9fd3dfe9cd8e38af2afd4a,democratic-electoral-institutions-fh_v31_850x600.svg,2,21,329127696,114364
democratic-electoral-institutions-row,WorldMap,,,3dcc30e4a43525003c27aa83bad6897d,democratic-electoral-institutions-row_v72_850x600.svg,6,42,530817624,1611302
democratic-features-bti,WorldMap,,,9b2f8164b5743aacfd618e6b38ccc061,democratic-features-bti_v96_850x600.svg,2,20,478786520,51768
demographic-and-health-surveys-that-were-ongoing-before-termination,WorldMap,,,b59eb7ef455b0182edd0e542c94c86f8,demographic-and-health-surveys-that-were-ongoing-before-termination_v6_850x600.svg,1,14,369395024,1195
demographic-transition-england-wales,LineChart,,,0383a243df6231edafce409538d39290,demographic-transition-england-wales_v19_850x600.svg,2,25,338620680,12862
demographic-transition-sweden,LineChart,,,6fd3de24d1f0b6359e962a226c482792,demographic-transition-sweden_v22_850x600.svg,9,21,923631760,457733
dengue-fever-deaths,WorldMap,,,7f0832a8450e84e5ff5d92be32855cc1,dengue-fever-deaths_v11_850x600.svg,2,21,843042936,121487
dengue-incidence,WorldMap,,,1d18a6493412ca8486fce6f5ad85cd4e,dengue-incidence_v25_850x600.svg,3,25,547894408,237971
dentistry-personnel-per-1000,WorldMap,,,c7904d8daef6a8af0899cb41e6a5d36c,dentistry-personnel-per-1000_v17_850x600.svg,4,23,495690864,70857
depression-vs-self-reported-life-satisfaction,ScatterPlot,,,3dcf76f9fe0aaaa334b105d495ac73a6,depression-vs-self-reported-life-satisfaction_v42_850x600.svg,80,228,1001928512,2161788
depressive-disorders-prevalence-by-age,DiscreteBar,,,9e073b5b35fadce37bb4a1cc6346cf00,depressive-disorders-prevalence-by-age_v41_850x600.svg,71,88,353187744,3877326
depressive-disorders-prevalence-ihme,WorldMap,,,bf20cfed75a9b725e0e4c33a3dc3b83b,depressive-disorders-prevalence-ihme_v41_850x600.svg,2,28,365680280,252597
depressive-disorders-prevalence-ihme-vs-who,ScatterPlot,,,1a18da07e7be4d07cc41585d3cbf1908,depressive-disorders-prevalence-ihme-vs-who_v53_850x600.svg,76,219,913070072,2100075
depressive-disorders-prevalence-males-vs-females,ScatterPlot,,,711c961da4564a379523b9428e0adc40,depressive-disorders-prevalence-males-vs-females_v36_850x600.svg,77,233,586681680,2346599
depressive-disorders-prevalence-vs-gdp-per-capita,ScatterPlot,,,f11fe0529aed475a439ed9c14a0e38cf,depressive-disorders-prevalence-vs-gdp-per-capita_v44_850x600.svg,10,65,506537000,503164
depressive-symptoms-across-us-population,StackedDiscreteBar,,,4fea41b86d8603614a5a4d8eea4cd109,depressive-symptoms-across-us-population_v28_850x600.svg,2,14,346264120,1354
dhs-is-the-only-source-of-maternal-mortality-data,WorldMap,,,a159f7316f4d7881a02157936106232b,dhs-is-the-only-source-of-maternal-mortality-data_v7_850x600.svg,2,20,368336008,5828
diabetes-prevalence,WorldMap,,,00e456a1a46055cafb0093959b6535b2,diabetes-prevalence_v23_850x600.svg,2,21,365354568,12857
diabetes-prevalence-vs-gdp-per-capita,ScatterPlot,,,6f63b2ae38f389167dcd041dc25278db,diabetes-prevalence-vs-gdp-per-capita_v33_850x600.svg,8,60,436498288,263424
diabetes-prevalence-who-gho,WorldMap,,,f66ea4a05971cb87aa76a2dc3f169da6,diabetes-prevalence-who-gho_v23_850x600.svg,2,24,384637240,191159
diarrheal-death-rates-children-vs-gdp-per-capita,ScatterPlot,,,5b3056cd7ef3e681b073ecb36bac3c3f,diarrheal-death-rates-children-vs-gdp-per-capita_v60_850x600.svg,11,67,578273968,586851
diarrheal-disease-death-rates,WorldMap,,,bd4b7f994e2e20ab0c199f6e69707415,diarrheal-disease-death-rates_v33_850x600.svg,3,34,409760920,328200
diarrheal-disease-death-rates-in-children-under-5,StackedArea,,,9a1267b4b32237929a3337f350ef5113,diarrheal-disease-death-rates-in-children-under-5_v30_850x600.svg,5,27,979806240,336284
diarrheal-diseases-vs-handwashing-facilities,ScatterPlot,,,11f382feac3fe9392f84656edd3e2bc5,diarrheal-diseases-vs-handwashing-facilities_v38_850x600.svg,11,66,433342936,410556
dietary-choices,StackedArea,,,07a90454625f740856cdb7e01e371402,dietary-choices_v8_850x600.svg,2,22,879866560,4039
dietary-choices-of-british-adults,StackedDiscreteBar,,,6b05a875e8c70c6e8605e1f34131cd23,dietary-choices-of-british-adults_v42_850x600.svg,2,21,969857184,12483
dietary-choices-uk,DiscreteBar,,,56aec3b0be947696f4f44d02bc5fa010,dietary-choices-uk_v23_850x600.svg,2,18,404901624,12483
dietary-composition-by-country,StackedArea,,,98e046ae459705fd85e55fe8a81f9381,dietary-composition-by-country_v15_850x600.svg,245,280,669451792,10486729
dietary-compositions-by-commodity-group,StackedArea,,,cf030953dab0a03cb71055e1d00dabb8,dietary-compositions-by-commodity-group_v9_850x600.svg,84,116,916355512,4338571
dietary-land-use-vs-beef-consumption,ScatterPlot,,,4368167e2d13a0ef14a30713c5c70703,dietary-land-use-vs-beef-consumption_v29_850x600.svg,91,268,1036718032,2282531
dietary-land-use-vs-gdp-per-capita,ScatterPlot,,,84a744cf62a811dec4a18b5117b74eac,dietary-land-use-vs-gdp-per-capita_v30_850x600.svg,75,253,482736128,2087883
difference-in-female-and-male-life-expectancy-at-age-45,LineChart,,,2d1caf764c379a0cf57e86ce840ffa00,difference-in-female-and-male-life-expectancy-at-age-45_v13_850x600.svg,10,36,559293648,689728
difference-in-female-and-male-life-expectancy-at-birth,WorldMap,,,ceceaf7ea088117af37665b3756efa4e,difference-in-female-and-male-life-expectancy-at-birth_v23_850x600.svg,4,36,417047856,690224
difference-in-life-expectancy-between-females-and-males-vs-child-mortality,ScatterPlot,,,47708acd583827d6575bb2d382d99eb7,difference-in-life-expectancy-between-females-and-males-vs-child-mortality_v42_850x600.svg,38,198,608414720,1167874
difference-in-life-expectancy-between-females-and-males-vs-gdp-per-capita,ScatterPlot,,,510bb875cab8ac16edc35d05817dce95,difference-in-life-expectancy-between-females-and-males-vs-gdp-per-capita_v28_850x600.svg,134,409,280358592,3401879
difference-in-male-and-female-life-expectancy,LineChart,,,9953eeda7b33183629e0467177152890,difference-in-male-and-female-life-expectancy_v24_850x600.svg,96,120,440832088,4845782
difference-in-the-value-of-goods-exported-to-and-imported-by-the-us,DiscreteBar,,,a6223c2ecb317e45351e8513f43a0cc6,difference-in-the-value-of-goods-exported-to-and-imported-by-the-us_v9_850x600.svg,3,29,705512616,6643
different-ways-of-pushing-down-the-wage-setting-curve-the-netherlands-and-the-uk,LineChart,,,549f5e6d3e4352c632bfb8ee343f9b83,different-ways-of-pushing-down-the-wage-setting-curve-the-netherlands-and-the-uk_v7_850x600.svg,1,17,466800448,17459
diphtheria-cases-in-the-united-states,LineChart,,,07fcf02627c048338d8261ae4b69e7f0,diphtheria-cases-in-the-united-states_v5_850x600.svg,1,13,491481048,2297
diphtheria-deaths,LineChart,,,081082b31649157a712c3d8ef795bb27,diphtheria-deaths_v6_850x600.svg,1,17,679467216,4515
diphtheria-tetanus-pertussis-vaccine-vs-pneumococcal-vaccine-coverage,ScatterPlot,,,fe9a663102937f41d45d53fde0d59b58,diphtheria-tetanus-pertussis-vaccine-vs-pneumococcal-vaccine-coverage_v24_850x600.svg,12,75,480757696,317516
direct-democracy-index,WorldMap,,,c7c85b54daf440ea9cb0a2cb78c099c3,direct-democracy-index_v54_850x600.svg,15,63,489343200,590115
direct-disaster-economic-loss,WorldMap,,,da588485dbb6823fe5f9eab0aa1586d3,direct-disaster-economic-loss_v11_850x600.svg,2,22,622251584,52728
direct-disaster-loss-as-a-share-of-gdp,WorldMap,,,8f8cdc43dcf6504a8bb6cb26bcb6302b,direct-disaster-loss-as-a-share-of-gdp_v25_850x600.svg,2,18,696989792,43971
direct-economic-loss-attributed-to-disasters,WorldMap,,,5f5fe345272a41325b4a1696ebf82c74,direct-economic-loss-attributed-to-disasters_v13_850x600.svg,4,24,1051586016,52728
disaster-risk-reduction-progress,WorldMap,,,a3fab5f5410f0dcb08c69ea75a0832ed,disaster-risk-reduction-progress_v14_850x600.svg,1,15,707444872,2354
discomfort-speaking-anxiety-depression,WorldMap,,,fd70a766bd4294fa4ec879af25f35449,discomfort-speaking-anxiety-depression_v12_850x600.svg,1,18,633316680,4129
discomfort-speaking-anxiety-depression-by-gender,ScatterPlot,,,7c009890d80e9d9be769e150227a02d6,discomfort-speaking-anxiety-depression-by-gender_v27_850x600.svg,145,337,1134004456,2478656
discrimination-access-to-credit-gender,WorldMap,,,6141c1ec01e6336a4f98ec9b088f02bc,discrimination-access-to-credit-gender_v70_850x600.svg,2,35,511078056,260445
discrimination-lgbt-equaldex,WorldMap,,,0a9d10b77f793bb2910742e17884b839,discrimination-lgbt-equaldex_v23_850x600.svg,1,19,717550024,118334
disease-burden-by-age,StackedArea,,,6250d2e2a094dff3763cb0f737c3d921,disease-burden-by-age_v21_850x600.svg,33,47,676786880,1289374
disease-burden-by-region,StackedArea,,,4176a8fd925e05929f46b61c211da573,disease-burden-by-region_v22_850x600.svg,2,17,505673448,257235
disease-burden-by-risk-factor,DiscreteBar,,,b41839b55fa9f6a4a3e39863e6aa3778,disease-burden-by-risk-factor_v18_850x600.svg,160,190,759544760,5687080
disease-burden-from-communicable-diseases,StackedArea,,,43cb9b2ed32b877917c801d6023b4db0,disease-burden-from-communicable-diseases_v22_850x600.svg,53,106,514697776,2067986
disease-burden-from-communicable-diseases-by-age,StackedArea,,,ee3f4eec9b83ae75deb488b2f34a275b,disease-burden-from-communicable-diseases-by-age_v20_850x600.svg,30,50,663262600,1291567
disease-burden-from-injuries,StackedArea,,,ec9931acb153d0ac7b173607e048a526,disease-burden-from-injuries_v18_850x600.svg,87,119,519755296,2572983
disease-burden-from-ncds,StackedArea,,,421e2079a0976287af9d0d1cea3d47c5,disease-burden-from-ncds_v19_850x600.svg,62,84,662333760,3100037
disease-burden-from-ncds-by-age,StackedArea,,,abb70d421e99b5cf8309cdf570ba281d,disease-burden-from-ncds-by-age_v17_850x600.svg,25,41,327413808,1290910
disease-burden-lead,LineChart,,,58632beb540085d0e8a64488071e2700,disease-burden-lead_v30_850x600.svg,2,27,529378752,258241
disease-burden-rates-by-cancer-types,DiscreteBar,,,db8d6576ebccf052df0efc593fa733c7,disease-burden-rates-by-cancer-types_v26_850x600.svg,123,148,577342176,6808210
disease-burden-rates-from-cancers,WorldMap,,,99915d11d6d3d7a4e7a8db577d5dca80,disease-burden-rates-from-cancers_v28_850x600.svg,3,31,294958856,252529
disease-burden-to-communicable-diseases-vs-gdp,ScatterPlot,,,3330dce5675da1004cfa79d2d4d73935,disease-burden-to-communicable-diseases-vs-gdp_v46_850x600.svg,95,278,835769056,2335064
disease-burden-vs-health-expenditure-per-capita,ScatterPlot,,,ac8e2f94d37fddf350414e26c539c2a0,disease-burden-vs-health-expenditure-per-capita_v40_850x600.svg,81,231,753173144,2255908
displaced-plastic-chinese-import-ban,LineChart,,,84283bb9b5030f9bcc0487d69daa6321,displaced-plastic-chinese-import-ban_v3_850x600.svg,1,16,546307968,567
distribution-democracy-index-polity,Marimekko,,,60313c5809737802e79036c4138d8339,distribution-democracy-index-polity_v25_850x600.svg,19,139,597043056,568347
distribution-of-bilateral-and-unilateral-trade-partnerships,StackedArea,,,a6c620faabc9a933519a3a7e544ff92a,distribution-of-bilateral-and-unilateral-trade-partnerships_v20_850x600.svg,1,13,314352592,5830
distribution-of-population-across-income-thresholds-stacked-bar-30-only,StackedDiscreteBar,,,cb8104f0eebdead7ee09a9a6dd312da6,distribution-of-population-across-income-thresholds-stacked-bar-30-only_v52_850x600.svg,4,25,1118328760,182912
distribution-of-population-between-different-poverty-lines-more-thresholds,StackedArea,,,de6741c471b15516c409595de794ef1a,distribution-of-population-between-different-poverty-lines-more-thresholds_v50_850x600.svg,14,29,301614440,798611
distribution-of-population-between-different-poverty-lines-round-povlines,StackedArea,,,bd2b27789309c4531b8c24586921cd45,distribution-of-population-between-different-poverty-lines-round-povlines_v63_850x600.svg,15,31,1161758144,799224
distribution-of-population-between-different-poverty-thresholds-historical,StackedArea,,,826b05e44c378013b93ba0186da4c582,distribution-of-population-between-different-poverty-thresholds-historical_v19_850x600.svg,3,16,562699696,88642
distribution-of-population-between-different-poverty-thresholds-stacked-bar,StackedDiscreteBar,,,4b1a50febc48dd1ee401830f5b5695a2,distribution-of-population-between-different-poverty-thresholds-stacked-bar_v56_850x600.svg,7,25,349458880,361089
distribution-of-population-poverty-thresholds,StackedArea,,,64cb4b4cad028c34caa209f9d1a2c357,distribution-of-population-poverty-thresholds_v60_850x600.svg,10,24,1146076528,447587
distribution-of-population-poverty-thresholds-2011-ppp,StackedArea,,,d82fc9369fd7ba2efd8a78ba9afbf31a,distribution-of-population-poverty-thresholds-2011-ppp_v55_850x600.svg,11,26,556586328,427877
divergence-of-gdp-per-capita-among-latecomers-to-the-capitalist-revolution-18002016,LineChart,,,92e70dcff51a4a59ea0972d5548c50ba,divergence-of-gdp-per-capita-among-latecomers-to-the-capitalist-revolution-18002016_v23_850x600.svg,5,24,330597256,587464
divorces-per-1000-people,LineChart,,,94377bbeed2bd2904b713f5a378e401c,divorces-per-1000-people_v21_850x600.svg,3,33,1145999760,58480
do-honest-elections-make-a-difference-to-your-life,StackedDiscreteBar,,,d80b3350a4cad76f76ded73f6b9400ca,do-honest-elections-make-a-difference-to-your-life_v37_850x600.svg,2,28,574189184,19966
domestic-forest-change-vs-imported-deforestation,ScatterPlot,,,b5e3e8b86d91286e557d50d6d0c19ff2,domestic-forest-change-vs-imported-deforestation_v10_850x600.svg,8,42,329708512,337668
domestic-guests-in-tourism-accommodation-hotels-and-similar-establishments-vs-foreign-guests-in-tourism-accommodation-hotels-and-similar-establishments,ScatterPlot,,,7e0c3b7c897507a4717829f1f05ad10f,domestic-guests-in-tourism-accommodation-hotels-and-similar-establishments-vs-foreign-guests-in-tourism-accommodation-hotels-and-similar-establishments_v26_850x600.svg,6,57,598509728,167391
domestic-material-consumption-per-capita,WorldMap,,,3343310c10c3f5030541db7730bfb4c7,domestic-material-consumption-per-capita_v25_850x600.svg,2,20,1161632360,170975
domestic-material-consumption-per-unit-of-gdp,WorldMap,,,38f9ea8b48e169acf824a726a7e0bbe5,domestic-material-consumption-per-unit-of-gdp_v19_850x600.svg,3,27,596627296,153749
domestic-policy-free-from-interference-of-other-states-score,WorldMap,,,6871a467966419da9ae273bbd2e10c58,domestic-policy-free-from-interference-of-other-states-score_v36_850x600.svg,7,53,221403720,1064678
donated-official-development-assistance-grants-for-poverty-reduction,WorldMap,,,bd999d0a08aa6d73f12a81916e55d4ea,donated-official-development-assistance-grants-for-poverty-reduction_v17_850x600.svg,1,14,1171572344,19953
drink-drive-collisions-uk,LineChart,,,d628887286bc4ac2e577e319f4702249,drink-drive-collisions-uk_v4_850x600.svg,2,16,356697520,3878
drinkers-had-a-heavy-session-in-past-30-days,WorldMap,,,853bf05ef5b9aaacff739ae99c6e8857,drinkers-had-a-heavy-session-in-past-30-days_v15_850x600.svg,2,56,616516368,130055
drinking-water-service-coverage,StackedArea,,,6c2add9821210c6c4cd1fbae6ab94d73,drinking-water-service-coverage_v10_850x600.svg,20,41,874632648,853016
drinking-water-services-coverage-rural,StackedArea,,,77a3a0ab0cd7bfcb1eb4f2584697a5d5,drinking-water-services-coverage-rural_v8_850x600.svg,11,23,1143279512,616388
drinking-water-services-coverage-urban,StackedArea,,,9faa3d7d8ac8408b6b49033ccba641fb,drinking-water-services-coverage-urban_v9_850x600.svg,11,24,339929616,681497
drivers-deforestation-commodity,StackedArea,,,8e692b4d693fb70c790d50c6dc2258b6,drivers-deforestation-commodity_v6_850x600.svg,18,53,612254104,566894
drivers-forest-loss-brazil-amazon,StackedArea,,,1f3152bea9bc84b5adfd137ebf543b41,drivers-forest-loss-brazil-amazon_v6_850x600.svg,2,15,1169318976,4709
drivers-of-recovery-in-european-bird-populations,DiscreteBar,,,178d19aa45203c71519690fdadcce9ac,drivers-of-recovery-in-european-bird-populations_v5_850x600.svg,2,15,637880464,441
drought-severity-index-us,LineChart,,,a837b68cd20ee0ca00aaf8c33dd30e7b,drought-severity-index-us_v10_850x600.svg,2,19,386357536,8385
drowning-death-rates,WorldMap,,,36742a83c12a86525c43b21179779f0b,drowning-death-rates_v22_850x600.svg,3,31,239372152,326748
drowning-death-rates-under-5,WorldMap,,,1a8a8fc2b9727f2739c17ee841aadfd2,drowning-death-rates-under-5_v22_850x600.svg,6,29,166328144,335982
drowning-deaths-by-age-group,StackedArea,,,6fa75cd392905ebc53743a0ec4c6bed0,drowning-deaths-by-age-group_v20_850x600.svg,26,42,1157631864,1682872
drug-disorder-dalys-rate,WorldMap,,,5f3e13af410ea80942de41c0ade0638d,drug-disorder-dalys-rate_v28_850x600.svg,3,29,617439120,251645
drug-overdose-death-rates,LineChart,,,2fdb9a744579efdd28c98e3ac64fa916,drug-overdose-death-rates_v17_850x600.svg,2,36,600465656,3245
drug-resistant-confirmed-cases-of-tuberculosis,DiscreteBar,,,43dd33a22c553a1645c12671f9fae20e,drug-resistant-confirmed-cases-of-tuberculosis_v10_850x600.svg,2,11,356114776,42649
dtp3-children-unvaccinated,WorldMap,,,383931f9e7ddab23059a8982251b54ed,dtp3-children-unvaccinated_v16_850x600.svg,2,25,379060248,266292
duration-of-compulsory-education,WorldMap,,,767c9e5e3efccdd3c3be72c310f2e3ae,duration-of-compulsory-education_v13_850x600.svg,20,48,261045936,140346
duration-of-pre-primary-education,WorldMap,,,08e57479699c6a62f1cbb7996ab5e04d,duration-of-pre-primary-education_v24_850x600.svg,3,34,1187999000,307342
earthquake-deaths,StackedBar,,,f17622dcf2e33ea25db83b8d283c67fc,earthquake-deaths_v11_850x600.svg,2,590,637805592,123188
eat-lancet-diet-animal-products,StackedDiscreteBar,,,7339b5998b820791e4196ec647c9d34f,eat-lancet-diet-animal-products_v5_850x600.svg,4,21,656158616,114238
eat-lancet-diet-comparison,StackedDiscreteBar,,,25f31e89b3c8624fa5bb02cdf86f9eb4,eat-lancet-diet-comparison_v4_850x600.svg,5,28,383010128,296907
eating-disorders-prevalence,WorldMap,,,9352c0869a072bd1e4ac70af3390fad2,eating-disorders-prevalence_v33_850x600.svg,4,43,192803408,267898
eating-disorders-prevalence-by-age,DiscreteBar,,,dd8b4fefc38af85cf8eaebea888d5e16,eating-disorders-prevalence-by-age_v27_850x600.svg,61,84,276204808,2666378
eating-disorders-prevalence-males-vs-females,ScatterPlot,,,2b66cb59ff6d09ec5d58cdcc058a1c5b,eating-disorders-prevalence-males-vs-females_v34_850x600.svg,81,226,1212272472,2378012
eci-ranking-vs-gdp-per-capita,ScatterPlot,,,46529bc3949ec1e4c53889bacb0a93ff,eci-ranking-vs-gdp-per-capita_v49_850x600.svg,81,233,720171192,2232290
econimpact2c,WorldMap,,,521259c435fba01c15dba085dd33b99c,econimpact2c_v57_850x600.svg,2,18,399813872,23744
economic-complexity-rankings,WorldMap,,,41998e9a1fa1f2f25b02c5986b4f24d5,economic-complexity-rankings_v14_850x600.svg,4,27,217494904,149345
economic-damage-from-natural-disasters,StackedBar,,,f2e4d2a8256eaba6a4b26c7ac329ac23,economic-damage-from-natural-disasters_v18_850x600.svg,2,18,388377912,39678
economic-decline-in-the-second-quarter-of-2020,DiscreteBar,,,c3dd17bc310039d269ecb2dd25ed453d,economic-decline-in-the-second-quarter-of-2020_v18_850x600.svg,3,24,268530688,1388
economic-inequality-gini-index,WorldMap,,,83e82e905442810ff1a8aeba92d66362,economic-inequality-gini-index_v94_850x600.svg,3,40,424599808,111791
effective-fertility-rate-children-per-woman-who-are-expected-to-survive-until-childbearing-age,WorldMap,,,71f52561c92b6c1b9a78e95d4861c6ce,effective-fertility-rate-children-per-woman-who-are-expected-to-survive-until-childbearing-age_v16_850x600.svg,6,48,302229688,681332
effective-fertility-rates-malani-and-jacob,LineChart,,,99d701621bc58d19547dbfca0d5bad8a,effective-fertility-rates-malani-and-jacob_v11_850x600.svg,66,107,217286584,3114523
effective-power-to-govern-score-bti,WorldMap,,,f66b9be127686f7dd08c36f4f9bf0302,effective-power-to-govern-score-bti_v83_850x600.svg,3,22,446179072,46185
efficiency-lighting-uk-sources,LineChart,,,c1790f5403cf275a90b9ae329b283f13,efficiency-lighting-uk-sources_v5_850x600.svg,2,14,273932928,603
efficiency-of-lighting-in-the-united-kingdom-lumen-hours-per-kilowatt-hour,LineChart,,,86791d2192b0c24ef49d90d099db4924,efficiency-of-lighting-in-the-united-kingdom-lumen-hours-per-kilowatt-hour_v11_850x600.svg,1,10,408929000,255
egalitarian-democracy-index-vdem,WorldMap,,,a527f5e028db14132b5121f8f20cc98c,egalitarian-democracy-index-vdem_v55_850x600.svg,22,76,333352640,703281
egalitarian-political-institutions-index,WorldMap,,,32818ecfebbf8af24a039644576d13e7,egalitarian-political-institutions-index_v57_850x600.svg,19,75,466934464,704862
egg-production-system,StackedArea,,,7ecf698a59c596840eea6f4d7fe19228,egg-production-system_v11_850x600.svg,1,11,1232230304,3809
egg-production-thousand-tonnes,WorldMap,,,8c35de3a5030cf80c531fd461863a8fb,egg-production-thousand-tonnes_v14_850x600.svg,5,39,714170856,445006
egg-yield-per-bird,WorldMap,,,70b88d7b15ec869252344fce58485567,egg-yield-per-bird_v15_850x600.svg,5,34,1265141768,440495
eggs-cage-free,LineChart,,,860fd455e27f4c42bb29e6caa7d1a0c3,eggs-cage-free_v7_850x600.svg,1,13,245593008,13724
elec-fossil-nuclear-renewables,StackedArea,,,83b9ab4ced2c070ffb8e861b2fad33ea,elec-fossil-nuclear-renewables_v49_850x600.svg,17,72,243257144,609707
elec-mix-bar,StackedDiscreteBar,,,7e80330e5c255bc65d3c2d5d268771db,elec-mix-bar_v43_850x600.svg,11,35,1262204352,609707
elected-parliament-and-government,WorldMap,,,f94049cb2f978f2efb4e30bc37f3f388,elected-parliament-and-government_v38_850x600.svg,8,49,736118504,1828824
elected-political-leaders-index,WorldMap,,,fd381a2ef6cb2cb28646202be23f8496,elected-political-leaders-index_v46_850x600.svg,33,123,351200736,933723
elections-for-the-governments-chief-executive,WorldMap,,,84b32e47d2ccd3a6e09494ef7f3c5c3b,elections-for-the-governments-chief-executive_v61_850x600.svg,6,41,486103960,1828824
elections-legislature-lexical,WorldMap,,,df71006624e090fcc3ba4564ff1fc967,elections-legislature-lexical_v61_850x600.svg,9,56,275442848,1828824
elections-recently-led-to-a-change-in-government,WorldMap,,,cfda0ba65b46b82ddd32118b224fc102,elections-recently-led-to-a-change-in-government_v25_850x600.svg,8,46,1283010128,1828824
electoral-democracy-index,WorldMap,,,6ce1889b3c12f7dae2e8eb7163bdf07c,electoral-democracy-index_v61_850x600.svg,44,162,254947080,1034365
electoral-democracy-row,WorldMap,,,ce9a8ce0e7f8f189c0c055416258cb10,electoral-democracy-row_v54_850x600.svg,6,40,505891056,1608262
electric-car-sales,WorldMap,,,02055e1dde2f75232006feb48a784838,electric-car-sales_v13_850x600.svg,3,25,648876544,23550
electric-car-sales-share,LineChart,,,3ee4eecde8f1c4cd217b4e5d4526d99f,electric-car-sales-share_v16_850x600.svg,3,25,266243704,22804
electric-car-stocks,LineChart,,,4f87c0c2553554c0c84a0a277e10819a,electric-car-stocks_v9_850x600.svg,1,15,1246800568,19695
electricity-air-conditioning,LineChart,,,fa6a1eb9e2546655c47eaf944c2cb99e,electricity-air-conditioning_v7_850x600.svg,3,10,367540696,722
electricity-as-a-share-of-primary-energy,WorldMap,,,333b5700bb2e19e52b5daaefb2c86e1e,electricity-as-a-share-of-primary-energy_v25_850x600.svg,2,16,518967032,138251
electricity-coal,WorldMap,,,0f0274cdac1fa50f8147ed35b86df9a8,electricity-coal_v34_850x600.svg,3,29,1269294784,203339
electricity-demand,WorldMap,,,d425d97202a9c801f50c8bbe405e313f,electricity-demand_v21_850x600.svg,2,25,671045456,188357
electricity-fossil-fuels,WorldMap,,,c7d6b605a46b50139a98f808ccd31f08,electricity-fossil-fuels_v34_850x600.svg,3,30,391951264,215179
electricity-fossil-renewables-nuclear-line,LineChart,,,31de90b1bc2e62069d39b35445edaf45,electricity-fossil-renewables-nuclear-line_v32_850x600.svg,22,41,257742952,703674
electricity-gas,WorldMap,,,47882a4cc244cb85815afe2cc812f458,electricity-gas_v35_850x600.svg,2,25,485178264,202252
electricity-generation,WorldMap,,,a03de800db91907da20bb5c065bd14a7,electricity-generation_v39_850x600.svg,3,27,1291337872,239391
electricity-generation-from-solar-and-wind-compared-to-coal,LineChart,,,17380cb49dc0189bee36bb4124a8f09c,electricity-generation-from-solar-and-wind-compared-to-coal_v19_850x600.svg,12,52,669644360,469460
electricity-imports-share-demand,DiscreteBar,,,c5b7ede2e1133a210e7e847c2320c3ec,electricity-imports-share-demand_v29_850x600.svg,3,14,360352904,184407
electricity-mix-uk,StackedArea,,,b5ff7be8256b13435bbbe8c1a068fa6a,electricity-mix-uk_v29_850x600.svg,5,23,290122064,26648
electricity-oil,WorldMap,,,fbd007f1286e075a7855e8ff37504ec0,electricity-oil_v33_850x600.svg,5,31,383888232,209209
electricity-prod-source-stacked,StackedArea,,,1b61b6d9ff39de932ff7493dec609b66,electricity-prod-source-stacked_v54_850x600.svg,45,68,262356640,1732902
electricity-production-by-source,LineChart,,,9005bb0aff71928bcf77b10f5c9c0084,electricity-production-by-source_v42_850x600.svg,43,73,535221008,2031763
electricity-renewables,WorldMap,,,efeb748f9a3746a96710d5b7545faae1,electricity-renewables_v33_850x600.svg,4,36,279144304,289733
electricity-source-scale-up,LineChart,,,ce32043af43e1c861f0f07773474ae3f,electricity-source-scale-up_v15_850x600.svg,2,17,1278185592,18829
electricity-source-wb-stacked,StackedArea,,,9003dd2a745eca45421c2d4678b5c81e,electricity-source-wb-stacked_v11_850x600.svg,15,43,681585568,810378
electronic-waste-recycling-rate,DiscreteBar,,,5421566d1456ca17a74181c2f0b394f9,electronic-waste-recycling-rate_v15_850x600.svg,3,13,400998216,18247
elite-consultations-score,WorldMap,,,eaa723875ec289464c2fda5dc3cdea1e,elite-consultations-score_v66_850x600.svg,9,62,1308485168,1072242
emission-factors-food-transport,DiscreteBar,,,328d7e590342f22a7ed15388ebc17a48,emission-factors-food-transport_v10_850x600.svg,1,14,697825856,180
emissions-from-food,WorldMap,,,3626532d783b7421d6d4aad773dbad71,emissions-from-food_v7_850x600.svg,4,29,419010680,193511
emissions-of-air-pollutants,LineChart,,,82bf0ad1769262e0837b3b5e59f6e2ad,emissions-of-air-pollutants_v10_850x600.svg,3,22,251098976,13076
emissions-of-air-pollutants-oecd,LineChart,,,32b575177040d1110553fc6f7953e3de,emissions-of-air-pollutants-oecd_v4_850x600.svg,8,30,314158656,101041
emissions-of-particulate-matter,LineChart,,,e73f7ccace8bf26521bcd3b9893b42c5,emissions-of-particulate-matter_v5_850x600.svg,3,16,682913304,4183
emissions-weighted-carbon-price,WorldMap,,,706e79ba16189319ed29181154ac0a74,emissions-weighted-carbon-price_v28_850x600.svg,2,25,510042856,194810
employed-fisheries-aquaculture,StackedDiscreteBar,,,479acb21a6a79b210b8b721ccf30f9ca,employed-fisheries-aquaculture_v7_850x600.svg,4,20,284788376,3637
employed-fisheries-aquaculture-time,LineChart,,,575bf38031e79abfeffa321d0d15ca81,employed-fisheries-aquaculture-time_v5_850x600.svg,2,17,271059488,3637
employment-by-economic-sector,StackedArea,,,2ac6a9e89e0225b0b76efd17ce13939d,employment-by-economic-sector_v10_850x600.svg,3,13,705151160,66829
employment-discrimination-bans-lgbt,WorldMap,,,d394ab2026f3b008ec0bab325a2cbb38,employment-discrimination-bans-lgbt_v66_850x600.svg,5,22,392636144,284738
employment-discrimination-lgbt-equaldex,WorldMap,,,4714fdd33aab999958298133aeaffddf,employment-discrimination-lgbt-equaldex_v27_850x600.svg,4,29,723372584,105640
employment-in-agri-vs-urban-pop,ScatterPlot,,,82297cf62df71364628b78df2d8f03c8,employment-in-agri-vs-urban-pop_v40_850x600.svg,25,99,1307318864,920081
employment-in-agriculture-vs-share-of-population-living-in-rural-areas,ScatterPlot,,,d1a304cdebe7dd6507e099b647cde026,employment-in-agriculture-vs-share-of-population-living-in-rural-areas_v44_850x600.svg,11,70,346082888,349846
employment-in-the-coal-industry-in-the-united-kingdom,LineChart,,,5abbf34acec94777c3b88f9aeb6af04f,employment-in-the-coal-industry-in-the-united-kingdom_v7_850x600.svg,2,15,298724552,2970
employment-to-population-ratio,WorldMap,,,f87fe17e01d714b8eb98af2aaa1323e0,employment-to-population-ratio_v17_850x600.svg,3,26,533031832,214630
employment-to-population-ratio-men-vs-women,ScatterPlot,,,c095284a8b55a64555cbe8807e304ba6,employment-to-population-ratio-men-vs-women_v27_850x600.svg,70,212,468416864,2270898
endemic-amphibian-species-by-country,WorldMap,,,fb94b8c3b9cae891441decc1f02c5e58,endemic-amphibian-species-by-country_v12_850x600.svg,2,17,270382984,6496
endemic-bird-species-by-country,WorldMap,,,40d09b508c683eb5b530fa1d5f071e9b,endemic-bird-species-by-country_v14_850x600.svg,1,23,688034328,6489
endemic-freshwater-crab-species,WorldMap,,,9a2ddb4890f4507d8a5e782be76d559f,endemic-freshwater-crab-species_v8_850x600.svg,2,19,281682328,6459
endemic-mammal-species-by-country,WorldMap,,,9d4f94a4ead0f06cf2334f700df5f929,endemic-mammal-species-by-country_v14_850x600.svg,1,19,545697504,6478
endemic-reef-forming-coral-species,WorldMap,,,b33801b6df439256dca0c07edffe6fc4,endemic-reef-forming-coral-species_v13_850x600.svg,2,32,699070616,6438
endemic-shark-and-ray-species,WorldMap,,,34f3dfc6584e729e316a9306cd8f383b,endemic-shark-and-ray-species_v8_850x600.svg,2,17,295014080,5499
energy-consumption-by-source-and-country,StackedArea,,,55f9aa108b26b9c298d691c72ca52b93,energy-consumption-by-source-and-country_v46_850x600.svg,41,58,552312528,1885655
energy-efficiency-of-meat-and-dairy-production,DiscreteBar,,,bedd7548dd207e58009dbd846d70f674,energy-efficiency-of-meat-and-dairy-production_v4_850x600.svg,2,12,1323053744,234
energy-embedded-traded-goods,WorldMap,,,a4aedd2fb7b4ad2770664c574cf287e7,energy-embedded-traded-goods_v6_850x600.svg,3,21,359035352,36965
energy-imports-and-exports-energy-use,DiscreteBar,,,76dafcefa05ef64aa4574e17e31f54ff,energy-imports-and-exports-energy-use_v13_850x600.svg,3,14,173661992,162557
energy-intensity,WorldMap,,,30bfba453879d90c129f84b06919c326,energy-intensity_v27_850x600.svg,3,26,320075360,264077
energy-intensity-by-sector,LineChart,,,d59a64779b4aba529c3b1512daf4246b,energy-intensity-by-sector_v10_850x600.svg,11,25,1311543592,650303
energy-intensity-of-economies,WorldMap,,,df4070f8add3e8fa21c8a6b161f402e1,energy-intensity-of-economies_v25_850x600.svg,2,26,574187112,138224
energy-intensity-transport,DiscreteBar,,,4b9fd694a19fdc650a81fa41914b7292,energy-intensity-transport_v6_850x600.svg,3,16,191863176,10528
energy-intensity-vs-gdp,ScatterPlot,,,46e37a2f5205bc92d94feab4df8f06d9,energy-intensity-vs-gdp_v35_850x600.svg,23,468,473299376,926299
energy-mineral-prices,LineChart,,,e486c6eb4c0468b1a39dee9eb42016be,energy-mineral-prices_v7_850x600.svg,2,34,1314884120,28808
energy-use-gdp-decoupling,LineChart,,,2a0ffeb3688c83542b8863e0966fb994,energy-use-gdp-decoupling_v18_850x600.svg,8,23,304572064,334358
energy-use-per-capita-vs-co2-emissions-per-capita,ScatterPlot,,,2655255a494d22ddcfb0bf9c3c871148,energy-use-per-capita-vs-co2-emissions-per-capita_v32_850x600.svg,111,288,292889680,2429903
energy-use-per-capita-vs-gdp-per-capita,ScatterPlot,,,b34c6cca558a1a520efb043f605346f4,energy-use-per-capita-vs-gdp-per-capita_v40_850x600.svg,82,229,642472944,2270802
energy-use-per-person-vs-gdp-per-capita,ScatterPlot,,,a2ed5fc5d58653fee10676d68f6d70f5,energy-use-per-person-vs-gdp-per-capita_v44_850x600.svg,13,78,339326072,622379
enforcement-of-bans-on-tobacco-advertising,WorldMap,,,fdb3442380616f834b7f4a622eeaa618,enforcement-of-bans-on-tobacco-advertising_v15_850x600.svg,2,27,481474256,44850
engaged-society-score,WorldMap,,,ce823bbe9781e787fd12d02a71e5079e,engaged-society-score_v70_850x600.svg,9,51,1352906624,1071755
england-covid-19-mortality-rate-by-vaccination-status,LineChart,,,fce2e2d635fbe13d430a28a74f50e1be,england-covid-19-mortality-rate-by-vaccination-status_v30_850x600.svg,1,19,501973648,3339
englands-economy-over-the-long-run-gdp-per-capita-vs-population,ScatterPlot,,,3db23ba5d00cce9583ef7f2bb65232c2,englands-economy-over-the-long-run-gdp-per-capita-vs-population_v9_850x600.svg,3,33,497921016,50506
englands-economy-over-the-long-run-gdp-vs-population,ScatterPlot,,,2f4d53c49d7ebbae2f508ab360b9d284,englands-economy-over-the-long-run-gdp-vs-population_v12_850x600.svg,2,24,1379851360,53348
environmental-footprint-milks,DiscreteBar,,,cbb7f7aef8c211fb2a1fb762d36e2854,environmental-footprint-milks_v9_850x600.svg,2,24,487492400,915
equal-access-to-power-index,WorldMap,,,7d71e7c9e321ef916f28d0c374c99fdf,equal-access-to-power-index_v67_850x600.svg,35,123,1410756800,1062424
equal-authority-over-assets-during-marriage,WorldMap,,,06450f9ff8f62792cccf3393534dc466,equal-authority-over-assets-during-marriage_v69_850x600.svg,3,29,362958672,260445
equal-resource-distribution-index,WorldMap,,,7731d34f32b4eed67c1348463b061b1c,equal-resource-distribution-index_v74_850x600.svg,27,84,547577944,704757
equal-rights-protection-index,WorldMap,,,7ff9e7493692a775da75d168137f23a3,equal-rights-protection-index_v65_850x600.svg,27,114,666586896,1062451
equality-of-civil-liberties-across-social-groups-score,WorldMap,,,089ac3a959bd370297c58dbd5b12f499,equality-of-civil-liberties-across-social-groups-score_v31_850x600.svg,7,56,398958568,1070249
equality-of-political-power-across-social-groups-score,WorldMap,,,8994d01b99f082c7475e86f9fcbf2475,equality-of-political-power-across-social-groups-score_v31_850x600.svg,6,51,1386388064,1072413
escaping-the-malthusian-trap,ScatterPlot,,,b94d22c4b9ab582818d1ccae5ca26546,escaping-the-malthusian-trap_v16_850x600.svg,1,21,291524160,4278
estimated-destroyable-area-by-nuclear-weapons-deliverable-in-first-strike,LineChart,,,c6c62ab8498acd3e9ee8ae873a32495e,estimated-destroyable-area-by-nuclear-weapons-deliverable-in-first-strike_v37_850x600.svg,2,30,548093560,10903
estimated-lifetime-hours-of-work-and-leisure,LineChart,,,ce34a3769b81d6782f17bd8caef61ffd,estimated-lifetime-hours-of-work-and-leisure_v10_850x600.svg,2,12,418236392,448
estimated-lifetime-hours-of-work-and-leisure-alt,DiscreteBar,,,04d89c106cf8366047b3a4280526a460,estimated-lifetime-hours-of-work-and-leisure-alt_v11_850x600.svg,3,17,312907528,763
estimated-megatons-of-nuclear-weapons-deliverable-in-first-strike,LineChart,,,9c49b9964b23a1878681fda661a61067,estimated-megatons-of-nuclear-weapons-deliverable-in-first-strike_v38_850x600.svg,2,25,423655504,10909
estimated-nuclear-warheads-deliverable-in-first-strike,LineChart,,,3bbf8776bdccb0076bbe6b11c729129e,estimated-nuclear-warheads-deliverable-in-first-strike_v24_850x600.svg,2,23,1389288904,9124
estimated-prevalence-vs-burden-mental-illnesses,DiscreteBar,,,4959d95c9f80c687af02ed8fc3859021,estimated-prevalence-vs-burden-mental-illnesses_v27_850x600.svg,2,14,689081368,12325
estimated-share-people-generative-ai,WorldMap,,,20f791377134a3323472dc5333220f2b,estimated-share-people-generative-ai_v20_850x600.svg,5,27,566793408,21028
european-overseas-colonies-and-their-colonizers,WorldMap,,,c362c7b48de056dffefda34f2544d20f,european-overseas-colonies-and-their-colonizers_v27_850x600.svg,24,103,312909368,3832045
european-overseas-colonies-and-their-last-colonizer,WorldMap,,,137ba286afe3f39db3b4f80b7e69f93a,european-overseas-colonies-and-their-last-colonizer_v16_850x600.svg,25,44,716277448,3806137
european-overseas-colonies-by-colonizer,StackedArea,,,3e6bc8989c37107e02b382ed1ee59f48,european-overseas-colonies-by-colonizer_v18_850x600.svg,2,36,1407960696,123945
eutrophying-emissions-kcal,DiscreteBar,,,b79083c90b72e5f88d317045a280b366,eutrophying-emissions-kcal_v17_850x600.svg,2,13,501887800,1403
eutrophying-emissions-per-kg-poore,DiscreteBar,,,5a353eb51db6790bdfa682db33428385,eutrophying-emissions-per-kg-poore_v18_850x600.svg,2,15,404671216,1259
eutrophying-emissions-protein,DiscreteBar,,,d364f159047985b4914654efe9f825e0,eutrophying-emissions-protein_v19_850x600.svg,2,15,536837552,1147
evolution-of-happiness-inequality-within-countries-during-periods-of-uninterrupted-economic-growth,LineChart,,,507a0e01c51ec5bf2b2b260285c3480f,evolution-of-happiness-inequality-within-countries-during-periods-of-uninterrupted-economic-growth_v7_850x600.svg,1,17,483364240,1722
excess-deaths-cumulative-economist,LineChart,,,75a46504e5be16aace5b9574d4a7bf12,excess-deaths-cumulative-economist_v144_850x600.svg,117,203,427875760,5440113
excess-deaths-cumulative-economist-single-entity,LineChart,,,57d7804923ac7d3e8c9fb1db7f943236,excess-deaths-cumulative-economist-single-entity_v1740_850x600.svg,1676,2762,472658224,21803931
excess-deaths-cumulative-economist-who,LineChart,,,b895d583b5041db83213123ad1a8534a,excess-deaths-cumulative-economist-who_v1773_850x600.svg,1446,1671,587559368,22281427
excess-deaths-cumulative-per-100k-economist,WorldMap,,,f91674a042ca8c147d7a32a391a37106,excess-deaths-cumulative-per-100k-economist_v153_850x600.svg,123,205,741929520,5443455
excess-deaths-cumulative-who,LineChart,,,e1fe790e2071c6d6d975afbf3fa5c655,excess-deaths-cumulative-who_v1728_850x600.svg,963,1144,300420312,16841314
excess-deaths-daily-economist,LineChart,,,acdf2a0c210dcc4ab76f728f7793a4d5,excess-deaths-daily-economist_v90_850x600.svg,116,152,342544208,5538275
excess-deaths-daily-economist-single-entity,LineChart,,,a09e59ffe413e9773c2ffbe73abb5809,excess-deaths-daily-economist-single-entity_v1748_850x600.svg,1084,1421,376117624,21877312
excess-deaths-daily-per-100k-economist,WorldMap,,,bf14bf47c9047157022c145ea7373b39,excess-deaths-daily-per-100k-economist_v165_850x600.svg,126,222,386308112,5680438
excess-mortality-p-scores-average-baseline,LineChart,,,b7181866728273c9907d80c124479c89,excess-mortality-p-scores-average-baseline_v316_850x600.svg,4,21,770585920,468035
excess-mortality-p-scores-average-baseline-by-age,LineChart,,,6e68f097f4b4d16ae2d64dbe93666c93,excess-mortality-p-scores-average-baseline-by-age_v313_850x600.svg,30,85,763300080,1612834
excess-mortality-p-scores-projected-baseline,LineChart,,,9332fecb65a462507d851d7b076d0cd7,excess-mortality-p-scores-projected-baseline_v328_850x600.svg,3,33,783714808,450086
excess-mortality-p-scores-projected-baseline-by-age,LineChart,,,7c921a806f2617630d64e1fd49c4cb8a,excess-mortality-p-scores-projected-baseline-by-age_v319_850x600.svg,52,126,438728200,1597586
excess-mortality-raw-death-count,LineChart,,,060e0dc45f3a71a5d1df3eac71f7e692,excess-mortality-raw-death-count_v280_850x600.svg,38,57,801447264,1301764
excess-mortality-raw-death-count-single-series,LineChart,,,34d9c6184d0e1fbbb7b0d755cf27f7b0,excess-mortality-raw-death-count-single-series_v288_850x600.svg,16,44,839871880,816128
excess-nitrogen,WorldMap,,,f0e8deb3261d3b7e859f7f461c2ba3cc,excess-nitrogen_v5_850x600.svg,1,22,456950008,6449
excess-nitrogen-per-hectare,WorldMap,,,813500fa3ee2966a7185c08ea807c10b,excess-nitrogen-per-hectare_v5_850x600.svg,1,16,801798304,6155
excess-phosphorous,WorldMap,,,b61e893c1ab02be7ef1d961ca96fca2d,excess-phosphorous_v5_850x600.svg,2,17,810658216,6430
excess-phosphorous-per-hectare,WorldMap,,,c184112a3a93aae3f624197bd602af36,excess-phosphorous-per-hectare_v5_850x600.svg,1,22,421657232,6072
excess-skin-cancer-cases-due-to-ozone-depletion,LineChart,,,0c8d90fedd17541b1bf9a336a5ff5ff3,excess-skin-cancer-cases-due-to-ozone-depletion_v8_850x600.svg,1,14,830722408,1021
exclusive-breastfeeding-rate,WorldMap,,,d02e0496b14db10ab7f9543e8b6ec8c6,exclusive-breastfeeding-rate_v20_850x600.svg,2,24,440674512,22226
executive-corruption-index,WorldMap,,,a0a507b49602a345503f0aca39408525,executive-corruption-index_v20_850x600.svg,23,120,851272352,869605
expected-years-of-living-with-disability-or-disease-burden,WorldMap,,,46dc5993426cbc40636ffb31a0e292da,expected-years-of-living-with-disability-or-disease-burden_v10_850x600.svg,5,30,464599408,250270
expected-years-of-schooling-males-vs-females,ScatterPlot,,,1bbc4aa3e007d8228ac6eaae73197be5,expected-years-of-schooling-males-vs-females_v20_850x600.svg,110,307,553415808,2910642
expected-years-of-schooling-vs-share-in-extreme-poverty,ScatterPlot,,,5e76b0c4e6d43e2394e49084997a1c59,expected-years-of-schooling-vs-share-in-extreme-poverty_v59_850x600.svg,75,233,921122512,2193146
expenditure-on-cultural-and-natural-heritage-per-capita,WorldMap,,,d4ec44673cda6049850005aa952eab5c,expenditure-on-cultural-and-natural-heritage-per-capita_v13_850x600.svg,3,20,309341872,3055
exponential-growth-of-computation-in-the-training-of-notable-ai-systems,ScatterPlot,,,77e73cb8c106580e59b8e04eaac4f731,exponential-growth-of-computation-in-the-training-of-notable-ai-systems_v35_850x600.svg,3,66,340097432,19774
exponential-growth-of-datapoints-used-to-train-notable-ai-systems,ScatterPlot,,,c6f41d6e5dd2485df3b903ef8461147e,exponential-growth-of-datapoints-used-to-train-notable-ai-systems_v213_850x600.svg,2,68,989521488,25194
exponential-growth-of-parameters-in-notable-ai-systems,ScatterPlot,,,8ab6518e0e22b5650522ad3b1cf8c430,exponential-growth-of-parameters-in-notable-ai-systems_v194_850x600.svg,3,127,627249288,26915
export-of-environmentally-sound-technologies,WorldMap,,,09d6c3f0e7f6572b757737c370d001af,export-of-environmentally-sound-technologies_v9_850x600.svg,4,23,354100688,65562
exported-deforestation,WorldMap,,,3732624095a54d88cc28db059473c8ba,exported-deforestation_v7_850x600.svg,2,24,367871040,106070
exposure-to-outdoor-air-pollution-in-urban-areas,WorldMap,,,ce4374ac1f6120e6451876056c2bd9b8,exposure-to-outdoor-air-pollution-in-urban-areas_v5_850x600.svg,2,37,374054776,68882
extensively-drug-resistant-tuberculosis,LineChart,,,66aad8e2525b392c90db3a3c05b0f2e1,extensively-drug-resistant-tuberculosis_v29_850x600.svg,21,48,564449128,525730
extent-of-extensive-agriculture,WorldMap,,,61c3fe9f1b552482a7a2413b344eedbd,extent-of-extensive-agriculture_v3_850x600.svg,4,25,379863264,52316
extent-of-foraging,WorldMap,,,43e6f395f51f16013d44f61a64dcea40,extent-of-foraging_v2_850x600.svg,2,24,1000149808,54185
extent-of-intensive-agriculture,WorldMap,,,a77f2dccf4a1e6473f94ab961bf22de4,extent-of-intensive-agriculture_v5_850x600.svg,3,24,578742672,52135
extent-of-pastoralism,WorldMap,,,994c8be03720286d30d304b4458e73d1,extent-of-pastoralism_v3_850x600.svg,3,20,340729712,52535
external-balance-on-goods-and-services-as-a-percent-of-gdp,WorldMap,,,1b174238a535df594ad6fcb0cdc58df2,external-balance-on-goods-and-services-as-a-percent-of-gdp_v10_850x600.svg,2,33,400430560,332557
external-debt-as-a-share-of-gni,WorldMap,,,d2926daa12bf0424a5a2d85a9a1db0aa,external-debt-as-a-share-of-gni_v11_850x600.svg,2,18,1009996568,81394
extinct-species-since-1500,StackedDiscreteBar,,,f22e343cfb9b0a8dc68548bca5ff400d,extinct-species-since-1500_v8_850x600.svg,3,24,605322552,1960
extreme-one-day-precipitation-usa,LineChart,,,aa8a91d17ee628dd4c6cd81e0ed62f65,extreme-one-day-precipitation-usa_v7_850x600.svg,2,23,382385120,7067
extreme-poverty-headcount-ratio-vs-life-expectancy-at-birth,ScatterPlot,,,7d5c62fb99099d4449db8e54f7a97541,extreme-poverty-headcount-ratio-vs-life-expectancy-at-birth_v76_850x600.svg,75,271,747575104,2533971
extreme-poverty-vs-child-mortality,ScatterPlot,,,f389e438ae17fb269eb0663883e6e649,extreme-poverty-vs-child-mortality_v64_850x600.svg,102,228,1073539128,2427576
extreme-poverty-vs-prevalence-of-underweight-children,ScatterPlot,,,589959721f98c5c5ee44c48608bb84d1,extreme-poverty-vs-prevalence-of-underweight-children_v61_850x600.svg,88,272,642631968,2002159
extremely-important-fund-research-anxiety-depression-vs-gdp-per-capita,ScatterPlot,,,4cf140ee7bdfbee519feb93c3cae3266,extremely-important-fund-research-anxiety-depression-vs-gdp-per-capita_v47_850x600.svg,92,270,437184952,2087017
face-covering-policies-covid,WorldMap,,,b1be7c2d25e4174e797adcff5c3ed4ae,face-covering-policies-covid_v1309_850x600.svg,38,330,436125720,4967827
facilitate-orderly-safe-migration,WorldMap,,,45be107881b66c3e09f11adf0296b906,facilitate-orderly-safe-migration_v19_850x600.svg,1,30,241653232,5096
famines-and-the-deaths-in-them,ScatterPlot,,,4f8ae9af36bf8011d7daf5fd1cfbd4ff,famines-and-the-deaths-in-them_v27_850x600.svg,3,28,651670720,5622
famines-by-level-of-gdp-per-capita-at-the-time,ScatterPlot,,,f65db17527450496599b9f1dfd0ecf22,famines-by-level-of-gdp-per-capita-at-the-time_v30_850x600.svg,2,49,277000320,8284
fao-projections-of-arable-land-to-2050,LineChart,,,ad438ca87c8571d8fe3bdd29cb6b6091,fao-projections-of-arable-land-to-2050_v6_850x600.svg,15,33,478448480,514645
farm-size-change,WorldMap,,,d62affebf3725e42117cd5c829f710c8,farm-size-change_v4_850x600.svg,2,18,444787200,3779
farmed-crustaceans,DiscreteBar,,,52aeec9c8027acb3fea3d78f4379a84b,farmed-crustaceans_v17_850x600.svg,3,27,680416200,29183
farmed-fish-killed,LineChart,,,8a7e8ae62e3bb7499182ea2cb7f6bfa4,farmed-fish-killed_v16_850x600.svg,7,25,273715248,62678
fatal-airliner-accidents-hijacking-incidents,StackedBar,,,0e332a985a825d6b3735f553f0468d8c,fatal-airliner-accidents-hijacking-incidents_v21_850x600.svg,3,28,460927816,4308
fatal-airliner-accidents-per-million-flights,LineChart,,,ad1bb08c64181d8c1c4fc323a199b797,fatal-airliner-accidents-per-million-flights_v12_850x600.svg,2,13,465491696,1818
fatal-occupational-injuries-among-employees,WorldMap,,,02fd837aa70569542017e8ad162c23df,fatal-occupational-injuries-among-employees_v24_850x600.svg,3,27,650703832,37594
fatality-rates-due-to-lightning-in-the-us,LineChart,,,8d84f335ec3a1dd47aef7fe7a653ed1a,fatality-rates-due-to-lightning-in-the-us_v4_850x600.svg,1,11,492720944,3435
fatality-rates-in-the-us-due-to-weather-events,LineChart,,,9716e5fbb8f301e34055e8508d6cb0ba,fatality-rates-in-the-us-due-to-weather-events_v5_850x600.svg,2,36,286021680,15686
feed-required-to-produce-one-kilogram-of-meat-or-dairy-product,DiscreteBar,,,4ca889b207e5bc98532445955f24bfa6,feed-required-to-produce-one-kilogram-of-meat-or-dairy-product_v4_850x600.svg,2,18,237015304,266
female-and-male-life-expectancy-at-birth-in-years,LineChart,,,207b66aee15457a5dbf6c9725c158b75,female-and-male-life-expectancy-at-birth-in-years_v23_850x600.svg,37,54,459923528,1145556
female-employment-to-population-ratio,WorldMap,,,5061e49356f69cf884629587e8cca911,female-employment-to-population-ratio_v17_850x600.svg,18,47,471021768,125093
female-employment-to-population-ratio-latest-vs-1980,ScatterPlot,,,089db8086dbfe75e389d6f9c445ef6cd,female-employment-to-population-ratio-latest-vs-1980_v34_850x600.svg,139,324,725997880,2111400
female-employment-vs-public-spending-on-family-benefits-oecd,ScatterPlot,,,4317327e471a93eb3707f92e7e84541c,female-employment-vs-public-spending-on-family-benefits-oecd_v34_850x600.svg,77,229,311834224,2099513
female-genital-mutilation-prevalence,WorldMap,,,7dde9f24241c0029fcba4fef85bc4b93,female-genital-mutilation-prevalence_v25_850x600.svg,2,18,303437320,2619
female-homicide-rate,WorldMap,,,e1dc1b3fc9fee328bdaf6a4bf3b3e270,female-homicide-rate_v19_850x600.svg,7,34,490758400,122841
female-homicide-victims,WorldMap,,,4a5c196bddeb552d76d314e1ede117ed,female-homicide-victims_v18_850x600.svg,11,36,503665872,108740
female-labor-force-by-age,StackedArea,,,b779145fd6adad6153d697e324dc4eb1,female-labor-force-by-age_v31_850x600.svg,37,55,287214560,964641
female-labor-force-participation-long-run,LineChart,,,2f81c7746c46e1a0f1f5f0cb4fbdae54,female-labor-force-participation-long-run_v19_850x600.svg,2,25,481273200,6856
female-labor-force-participation-rate-by-age,LineChart,,,8d55d2d0549058a272d2b513e7c4e571,female-labor-force-participation-rate-by-age_v19_850x600.svg,31,47,508432136,956051
female-labor-force-participation-rates,WorldMap,,,146911db6f0e39000a363a780fe15aa5,female-labor-force-participation-rates_v29_850x600.svg,3,33,508519632,220766
female-labor-force-participation-rates-by-family-benefits-public-spending,ScatterPlot,,,61df167994a7a2c15c5d3b03a679893b,female-labor-force-participation-rates-by-family-benefits-public-spending_v34_850x600.svg,99,231,376077800,2105620
female-labor-force-participation-rates-by-national-per-capita-income,ScatterPlot,,,df327a661ded1e92ee4bc15a15075587,female-labor-force-participation-rates-by-national-per-capita-income_v39_850x600.svg,12,78,523708960,471348
female-labor-force-participation-rates-latest-vs-1980,Dumbbell,,,0bdc5c387ad4025a50e3437c98bce4b2,female-labor-force-participation-rates-latest-vs-1980_v41_850x600.svg,4,36,516328392,155104
female-labor-force-participation-rates-slopes,LineChart,,,a25c8efe67f7b1d8d1372be3868351ad,female-labor-force-participation-rates-slopes_v32_850x600.svg,7,29,454105280,150510
female-population-by-age-group,DiscreteBar,,,c6e556d3efab485e4bd13e12cffbe97d,female-population-by-age-group_v4_850x600.svg,294,328,432942464,12062779
female-share-of-low-pay-earners,DiscreteBar,,,bef579e33c276bf1c5dfa94c75121ea6,female-share-of-low-pay-earners_v15_850x600.svg,3,16,538788872,32913
female-to-male-life-expectancy-ratio,LineChart,,,57fc5850ac422f7d8d351d035f0450c8,female-to-male-life-expectancy-ratio_v9_850x600.svg,50,89,477350664,2096283
female-to-male-ratio-of-time-devoted-to-unpaid-care-work,DiscreteBar,,,ca6bbfa1f0785e157b9ed8b871ddec32,female-to-male-ratio-of-time-devoted-to-unpaid-care-work_v6_850x600.svg,2,20,753033136,2004
fertility-and-female-labor-force-participation,ScatterPlot,,,332b3464f8073eb4cd3394a539696ed6,fertility-and-female-labor-force-participation_v47_850x600.svg,126,297,628667624,2565514
fertility-and-wanted-fertility,LineChart,,,3510e867cb6bccd0d6bc2d2462687ec3,fertility-and-wanted-fertility_v30_850x600.svg,17,77,745718160,450639
fertility-rate-by-age-group,DiscreteBar,,,dfac06d2eade3eef3a6b674b64767334,fertility-rate-by-age-group_v8_850x600.svg,171,189,555285304,5217593
fertility-rate-vs-mean-years-of-schooling,ScatterPlot,,,c3af06083c43e288f083131b64b8666a,fertility-rate-vs-mean-years-of-schooling_v31_850x600.svg,165,367,482648968,3133626
fertility-rate-vs-share-of-women-between-25-and-29-years-old-with-no-education,ScatterPlot,,,1a3b442ccb4e94216904c77062bab496,fertility-rate-vs-share-of-women-between-25-and-29-years-old-with-no-education_v42_850x600.svg,103,303,527177392,2532114
fertility-rate-vs-share-that-are-religious,ScatterPlot,,,db46c543c6630914d0ec7797c7d3b77d,fertility-rate-vs-share-that-are-religious_v4_850x600.svg,21,87,795127496,598514
fertility-rate-vs-the-share-living-in-extreme-poverty,ScatterPlot,,,bb13f2c4827d3609f9d88a313846b51f,fertility-rate-vs-the-share-living-in-extreme-poverty_v76_850x600.svg,95,303,654861712,2530006
fertility-rate-with-projections,LineChart,,,4372faebceb70c4b5bc2ba538b2f0718,fertility-rate-with-projections_v42_850x600.svg,37,87,435446816,1161154
fertility-vs-child-mortality,ScatterPlot,,,472def0cdc70e56e9d558e3697beedbb,fertility-vs-child-mortality_v31_850x600.svg,107,310,851379752,2989036
fertility-vs-contraception,ScatterPlot,,,34b7a71e7e414a0a8b7ecb00352d6897,fertility-vs-contraception_v33_850x600.svg,17,97,439439904,489030
fertility-vs-unmet-contraception,ScatterPlot,,,0e4f3efd9a356c83edb4ac113023b000,fertility-vs-unmet-contraception_v25_850x600.svg,11,77,630899304,470808
fertilizer-application-rates-over-the-long-run,LineChart,,,cc60ebe38e13e921476b4aa5b44a5a88,fertilizer-application-rates-over-the-long-run_v3_850x600.svg,1,26,566825464,87732
fertilizer-consumption-per-hectare-vs-gdp-per-capita,ScatterPlot,,,2ba632f723807a9bfa982d54a5efe78c,fertilizer-consumption-per-hectare-vs-gdp-per-capita_v25_850x600.svg,21,98,517885424,624384
fertilizer-per-capita,StackedArea,,,b2ca37992e973f8a1653fa81d4fae5bc,fertilizer-per-capita_v4_850x600.svg,31,51,621738536,1084258
fertilizer-per-hectare,StackedDiscreteBar,,,1a37068612201f1828346cfc71f50bc5,fertilizer-per-hectare_v11_850x600.svg,36,60,487447072,1089002
fertilizer-production-by-nutrient-type-npk,StackedArea,,,3bfc12c05412a3e8caff0b631a13749b,fertilizer-production-by-nutrient-type-npk_v13_850x600.svg,16,29,550067696,631265
fertilizer-total-use,LineChart,,,ba5e0e19c7a66daff3240fbd7d134b6e,fertilizer-total-use_v10_850x600.svg,3,25,639713424,413601
fertilizer-use-in-kg-per-hectare-of-arable-land,WorldMap,,,2803ae6a478feb65b6f9da7fce090881,fertilizer-use-in-kg-per-hectare-of-arable-land_v17_850x600.svg,5,40,653106352,357255
fertilizer-use-nutrient,LineChart,,,347962a1988d41ad0a49416bd3bbf83a,fertilizer-use-nutrient_v6_850x600.svg,20,37,554499536,1104186
fertilizer-use-per-hectare-of-cropland,WorldMap,,,77d56ce78daad5af8ed95ec4eb603385,fertilizer-use-per-hectare-of-cropland_v8_850x600.svg,3,31,467361272,387148
financial-contributions-toward-polio-eradication,StackedBar,,,cead5ab57ea239f819f72b0ea25ba3ea,financial-contributions-toward-polio-eradication_v4_850x600.svg,4,31,633297480,5956
fire-death-rates,WorldMap,,,6050492e571aecfefbc8092c468975e9,fire-death-rates_v29_850x600.svg,7,36,578543544,328586
fire-deaths-by-age,StackedArea,,,cb15ed1475a532c9905f91862cdb59e2,fire-deaths-by-age_v20_850x600.svg,46,63,642053704,1689531
firm-size-in-the-us-number-of-employees,LineChart,,,f3d2d7c1ccbee1071910e5fb3f92b3d0,firm-size-in-the-us-number-of-employees_v15_850x600.svg,3,37,646318168,13613
fish-and-seafood-consumption-per-capita,WorldMap,,,f4bb0fcc4fe6b01192af2ae2110a81df,fish-and-seafood-consumption-per-capita_v16_850x600.svg,5,55,496006416,436598
fish-catch-by-fishing-sector,StackedDiscreteBar,,,5243053e3073adea9084e02287c65053,fish-catch-by-fishing-sector_v5_850x600.svg,33,54,861552936,1446223
fish-catch-gear-type,StackedArea,,,30bd2481a1739a54d2c9e7d701df5e94,fish-catch-gear-type_v9_850x600.svg,55,80,533652120,1829095
fish-catch-region,LineChart,,,991ed44f5b6d64b816c929cbeb916fa4,fish-catch-region_v6_850x600.svg,1,20,565235424,30748
fish-catch-uk,LineChart,,,8268772988a027ae42799e3f71c3d448,fish-catch-uk_v5_850x600.svg,2,24,635752056,7668
fish-consumption-vs-gdp-per-capita,ScatterPlot,,,10dc471da966ff8c1ef37c431a35863e,fish-consumption-vs-gdp-per-capita_v34_850x600.svg,81,265,679754392,2519543
fish-discard-rates-gear,DiscreteBar,,,49e6859eea974b35a16d8e9bb44428cf,fish-discard-rates-gear_v5_850x600.svg,2,15,666987448,850
fish-discards,LineChart,,,8769ce358feb435f4e9e57f016262368,fish-discards_v5_850x600.svg,5,22,661444592,328811
fish-discards-gear,DiscreteBar,,,b3ae22ca859863aacf662bfe8a75524b,fish-discards-gear_v6_850x600.svg,2,14,877252128,295
fish-landings-and-discards,StackedArea,,,56d8b4c5109ba576ba4be756ca55be54,fish-landings-and-discards_v6_850x600.svg,14,63,507796856,786025
fish-seafood-production,WorldMap,,,a922b858cd76c2d9114790d5b3a06969,fish-seafood-production_v9_850x600.svg,6,33,513435480,405253
fish-species-threatened,WorldMap,,,457d81accebec79051454e9d9f40326f,fish-species-threatened_v18_850x600.svg,3,19,682837152,12211
fish-stocks-by-region,LineChart,,,4e02b61e89697f32883228fa599fb102,fish-stocks-by-region_v10_850x600.svg,6,34,853645200,58104
fish-stocks-taxa,LineChart,,,ce77c7ff38af9dff2d97d7672ce6accc,fish-stocks-taxa_v12_850x600.svg,3,24,646631344,48533
fish-stocks-within-sustainable-levels,StackedArea,,,5991bdbff9470f82653da9a3b784c388,fish-stocks-within-sustainable-levels_v34_850x600.svg,3,22,662375904,19839
fishing-pressure-by-region,LineChart,,,cce8e09191d4c4b7a32bc366dc00fe26,fishing-pressure-by-region_v8_850x600.svg,5,34,506087616,29171
fishing-pressure-by-taxa,LineChart,,,aa173c1c3a579948188f24208fad1f8a,fishing-pressure-by-taxa_v10_850x600.svg,4,38,686923776,24093
five-year-net-cancer-survival-rates-by-sex,LineChart,,,923490aae976b9ea09ba3801474a5783,five-year-net-cancer-survival-rates-by-sex_v5_850x600.svg,2,19,847979392,47274
five-year-survival-rate-of-cancers-among-men-in-england,DiscreteBar,,,0df58f776421c371afc6e7e92ad1721e,five-year-survival-rate-of-cancers-among-men-in-england_v22_850x600.svg,3,15,533679776,3753
five-year-survival-rates-by-cancer-type,LineChart,,,bbab5d39abb6d84be31a6adebc8fb696,five-year-survival-rates-by-cancer-type_v7_850x600.svg,2,44,712579968,23676
fixed-telephone-subscriptions-per-100-people,WorldMap,,,6c0bb7f33c7362e27b106d7df5419dd8,fixed-telephone-subscriptions-per-100-people_v21_850x600.svg,4,34,566494640,409867
flu-vaccines-older-people-recommendation,WorldMap,,,0eac6409812f699e232630e4a17eebad,flu-vaccines-older-people-recommendation_v12_850x600.svg,1,23,703789088,26660
fluctuations-in-output-and-the-size-of-government-in-the-us,LineChart,,,33412973638fa9be587d9c01c6d113fd,fluctuations-in-output-and-the-size-of-government-in-the-us_v11_850x600.svg,2,17,507576520,8207
food-aid-received,WorldMap,,,f8c7767ae1581446f37d68e7e0d816ec,food-aid-received_v4_850x600.svg,3,18,860242232,44918
food-emissions-life-cycle,StackedArea,,,5d76beb40b8a1bc1c1cf4a5452d9dd65,food-emissions-life-cycle_v13_850x600.svg,3,18,532690376,31883
food-emissions-production-supply-chain,StackedDiscreteBar,,,80d44c52e9935185030f712ee3829f15,food-emissions-production-supply-chain_v11_850x600.svg,1,18,701448752,3232
food-emissions-supply-chain,StackedDiscreteBar,,,6e383654b37858f9bc2f663043afa773,food-emissions-supply-chain_v22_850x600.svg,3,31,561249624,12748
food-expenditure-per-person,StackedArea,,,3bd01c2fb1a108c7b43deb6dff5f25a2,food-expenditure-per-person_v15_850x600.svg,2,14,676592216,4469
food-expenditure-per-person-per-year,WorldMap,,,dce0f5f7e2896e88fa4533bda43a0fa8,food-expenditure-per-person-per-year_v16_850x600.svg,1,20,872415328,23449
food-expenditure-share-family-disposable-income,StackedArea,,,e1edb2d65a51b52fc4b0db26aa1dbd34,food-expenditure-share-family-disposable-income_v11_850x600.svg,2,17,550984488,6107
food-expenditure-share-gdp,ScatterPlot,,,3d84b9c34c85824563f8fbaa4b9f3b48,food-expenditure-share-gdp_v30_850x600.svg,3,42,713902224,56962
food-expenditure-vs-gdp,ScatterPlot,,,79c49276607102e8bd7a79073a54aedd,food-expenditure-vs-gdp_v28_850x600.svg,2,28,695405384,56298
food-exports-ukraine-russia,StackedDiscreteBar,,,96765df5be9a742c494209608164981e,food-exports-ukraine-russia_v11_850x600.svg,1,12,518261016,381
food-loss-postharvest-by-region,DiscreteBar,,,0b5a62346120139c1862a118e11e7267,food-loss-postharvest-by-region_v11_850x600.svg,1,18,895926472,10260
food-miles-by-transport,DiscreteBar,,,dfeb61278f54efc0919b4550d2248069,food-miles-by-transport_v5_850x600.svg,3,33,531860616,178
food-price-anomalies,WorldMap,,,1d65fb221e669f2c16b45efa85b0962c,food-price-anomalies_v13_850x600.svg,3,21,908428760,80908
food-production-ukraine-russia,StackedDiscreteBar,,,01680bf5e17d37ae196f777c08de629c,food-production-ukraine-russia_v12_850x600.svg,3,18,580019640,368
food-share-total-emissions,WorldMap,,,354a6ed0ea98491017e75854066d623b,food-share-total-emissions_v9_850x600.svg,2,21,553586080,191706
food-supply-vs-life-expectancy,ScatterPlot,,,a2a7533bf83e21842d49018b0c8e5b2e,food-supply-vs-life-expectancy_v35_850x600.svg,89,297,655294520,2859596
food-transport-emissions,DiscreteBar,,,876274b725a1339bd0b25dec806665bb,food-transport-emissions_v6_850x600.svg,2,12,709623024,356
food-waste-per-capita,StackedDiscreteBar,,,4883fc685ac53f688b2f6d3b8a919e56,food-waste-per-capita_v14_850x600.svg,2,12,686055136,48081
ford-employees-across-the-world-in-2014,DiscreteBar,,,64fe2624df1ef7d4ec00e48906456e84,ford-employees-across-the-world-in-2014_v9_850x600.svg,1,14,652328488,676
foreign-aid-and-investments-given,LineChart,,,41c6146684d2c286fcabe8265f25c12e,foreign-aid-and-investments-given_v39_850x600.svg,3,26,905203064,69941
foreign-aid-and-investments-received,WorldMap,,,55c8f7fc46361f6a1ad9fdcbd6952d90,foreign-aid-and-investments-received_v35_850x600.svg,4,29,570948704,99942
foreign-aid-given-as-a-share-of-national-income,LineChart,,,9c1c059109d88fd0f262423f6004fb5a,foreign-aid-given-as-a-share-of-national-income_v47_850x600.svg,1,33,736724632,72426
foreign-aid-given-as-grants-and-concessional-loans,StackedBar,,,26bd40aa7cf8e133622ffd7119e28121,foreign-aid-given-as-grants-and-concessional-loans_v47_850x600.svg,5,34,727127784,142192
foreign-aid-given-by-sector,StackedArea,,,424994f065b985fb5ce7a820a67637de,foreign-aid-given-by-sector_v27_850x600.svg,18,33,696031128,655627
foreign-aid-given-by-sector-per-capita,DiscreteBar,,,4d217fe60657bcddcb7c6c42b4c3bc84,foreign-aid-given-by-sector-per-capita_v32_850x600.svg,10,25,877857832,352972
foreign-aid-given-for-emergencies-and-longer-term-development,StackedArea,,,fb790d8986916cf6bcfdff3f5770b25f,foreign-aid-given-for-emergencies-and-longer-term-development_v42_850x600.svg,6,26,541522392,165839
foreign-aid-given-for-emergencies-and-longer-term-development-per-capita,StackedArea,,,b7fa2dbfe701aae88e80f5bfedb802ea,foreign-aid-given-for-emergencies-and-longer-term-development-per-capita_v42_850x600.svg,3,17,667394456,91974
foreign-aid-given-for-social-infrastructure-and-services,StackedArea,,,5dc50c50b7f67bdf4ca9b236377ea658,foreign-aid-given-for-social-infrastructure-and-services_v37_850x600.svg,15,28,711737224,491817
foreign-aid-given-for-social-infrastructure-and-services-per-capita,DiscreteBar,,,0447e1cc2e8c2033cc1357e9e422fb57,foreign-aid-given-for-social-infrastructure-and-services-per-capita_v39_850x600.svg,6,26,716654432,262208
foreign-aid-given-grant-equivalents,LineChart,,,d569a4fe0bb9a463b57229c1cf6bf020,foreign-aid-given-grant-equivalents_v48_850x600.svg,2,17,906144752,14948
foreign-aid-given-net,LineChart,,,4bad3ca9f5f5d2815a516e6ce71e7753,foreign-aid-given-net_v50_850x600.svg,2,33,692899792,163801
foreign-aid-given-net-flows-vs-grant-equivalents-line,LineChart,,,6a1ad550147791336eee6e88e173e8f3,foreign-aid-given-net-flows-vs-grant-equivalents-line_v29_850x600.svg,5,34,581892872,100812
foreign-aid-given-per-capita,LineChart,,,ddc7e031fa3ed6a5ab2948492e12a7b4,foreign-aid-given-per-capita_v45_850x600.svg,4,32,871825280,63501
foreign-aid-given-per-capita-vs-gdp-per-capita,ScatterPlot,,,a78306a6cc4c29565075e5b177869e02,foreign-aid-given-per-capita-vs-gdp-per-capita_v72_850x600.svg,121,312,804330216,2775156
foreign-aid-given-to-donor-countries,StackedBar,,,184aeaca2e421ec0ff8fab5761989009,foreign-aid-given-to-donor-countries_v19_850x600.svg,8,19,748552416,136443
foreign-aid-given-to-donor-countries-share,StackedDiscreteBar,,,1272780e212f96e207471860086c73b6,foreign-aid-given-to-donor-countries-share_v15_850x600.svg,5,26,749845872,141230
foreign-aid-given-to-least-developed-countries-as-a-share-of-donors-national-income,LineChart,,,8a9f3879ef5bdd7d6175cc650e31c03e,foreign-aid-given-to-least-developed-countries-as-a-share-of-donors-national-income_v35_850x600.svg,3,21,571272656,26514
foreign-aid-received-as-a-share-of-national-income-net,WorldMap,,,c621bb280c1b31ba01adca5db4b12c53,foreign-aid-received-as-a-share-of-national-income-net_v49_850x600.svg,11,61,693184704,319922
foreign-aid-received-as-grants-and-concessional-loans,StackedBar,,,5aabf062bc8f703414fadc51c7d9db5f,foreign-aid-received-as-grants-and-concessional-loans_v33_850x600.svg,22,47,877822600,864652
foreign-aid-received-by-income-group,StackedArea,,,eacb6efd2935fb1d9f96dd90735af2da,foreign-aid-received-by-income-group_v72_850x600.svg,4,34,562406032,477926
foreign-aid-received-net,WorldMap,,,b77dcf3e527f8edf001948e480b866fe,foreign-aid-received-net_v61_850x600.svg,17,69,762781656,487224
foreign-aid-received-per-capita,WorldMap,,,1ef78d6e7a58e4fc06214a323e5c1b99,foreign-aid-received-per-capita_v52_850x600.svg,15,51,615947496,334077
foreign-aid-received-per-capita-vs-gdp-per-capita,ScatterPlot,,,b5866927bf724d3e6a4f48c533d1f971,foreign-aid-received-per-capita-vs-gdp-per-capita_v69_850x600.svg,134,334,970282552,3036434
foreign-direct-investment-net-inflows-as-share-of-gdp,WorldMap,,,96e7ccdd7bf82cb3c44b0c4f112c7682,foreign-direct-investment-net-inflows-as-share-of-gdp_v21_850x600.svg,5,44,722502936,335202
foreign-direct-investment-net-outflows-as-share-of-gdp,WorldMap,,,eb0bee376abd702d4428e509858c7023,foreign-direct-investment-net-outflows-as-share-of-gdp_v23_850x600.svg,3,33,679929928,263082
foreign-guests-in-hotels-and-similar-establishments,WorldMap,,,4cb00b3c419695796fcfb88b7bbcd007,foreign-guests-in-hotels-and-similar-establishments_v8_850x600.svg,4,27,790763656,105412
foreign-policy-free-from-interference-of-other-states-score,WorldMap,,,a3bfa505579891c073f4760b8d940165,foreign-policy-free-from-interference-of-other-states-score_v33_850x600.svg,9,65,596759080,1065132
forest-area-as-share-of-land-area,WorldMap,,,7d6463b183e0ec7a90c1ab716b03bcbf,forest-area-as-share-of-land-area_v25_850x600.svg,5,37,756059648,266602
forest-area-km,WorldMap,,,35830e2107fb8609e99d1ca12e963829,forest-area-km_v13_850x600.svg,5,40,818893896,276514
forest-area-net-change-rate,WorldMap,,,3386a5fef2118e88083e843b0b73b62c,forest-area-net-change-rate_v24_850x600.svg,1,17,693181592,13975
forest-area-primary-planted,StackedArea,,,c8eb4115013ed57b0a14367a7ff6ae60,forest-area-primary-planted_v17_850x600.svg,14,71,745698808,552105
forest-transition-phase,WorldMap,,,cd1aa8057758fb81087cd25df1f30ba7,forest-transition-phase_v7_850x600.svg,3,21,767979496,7345
forms-of-homelessness-included-in-available-statistics,WorldMap,,,708b0fb8cf59a701fac25d4831301b56,forms-of-homelessness-included-in-available-statistics_v33_850x600.svg,5,25,608928648,6368
fossil-electricity-per-capita,WorldMap,,,06b4361e5e3a6853ba9f14bbb03d9de1,fossil-electricity-per-capita_v32_850x600.svg,2,34,716580440,215214
fossil-fuel-cons-per-capita,LineChart,,,f641283ce06444be90dde1b9aadc9b59,fossil-fuel-cons-per-capita_v25_850x600.svg,13,31,808347584,503946
fossil-fuel-consumption-by-fuel-type,StackedArea,,,b6cad41f76c5ca27b5a61881400f881b,fossil-fuel-consumption-by-fuel-type_v22_850x600.svg,14,34,796499288,639133
fossil-fuel-consumption-by-type,LineChart,,,4c50cc2f0c9f4971bd0c6d8aa8735944,fossil-fuel-consumption-by-type_v21_850x600.svg,15,35,743894984,639133
fossil-fuel-consumption-per-capita,StackedArea,,,1f5add48834694ad5e5b7aa60d819b70,fossil-fuel-consumption-per-capita_v27_850x600.svg,11,23,790515552,503946
fossil-fuel-price-index,LineChart,,,3552fa8719ebf6061bd299052fbf9905,fossil-fuel-price-index_v12_850x600.svg,3,18,778350752,16579
fossil-fuel-primary-energy,WorldMap,,,a2e6645178c08e040466ec31ecb628e5,fossil-fuel-primary-energy_v20_850x600.svg,2,28,624781320,216385
fossil-fuel-production,LineChart,,,75c66166dc08a648efb25dfcb3cdf15f,fossil-fuel-production_v15_850x600.svg,12,36,714483376,378565
fossil-fuel-production-over-the-long-term,StackedArea,,,c9c5ea917af9e5a7c2f9f4268ff97751,fossil-fuel-production-over-the-long-term_v5_850x600.svg,40,64,742977688,1575379
fossil-fuel-production-per-capita,StackedArea,,,d07ddd73c8b14907a67d4dffac92ca9f,fossil-fuel-production-per-capita_v5_850x600.svg,39,58,844991448,1341579
fossil-fuel-subsidies,WorldMap,,,bc6506a0940ab2a8717c226e9618d2f9,fossil-fuel-subsidies_v16_850x600.svg,4,29,795541496,58122
fossil-fuel-subsidies-gdp,WorldMap,,,8b97acd26045811b45e62aa9623708d1,fossil-fuel-subsidies-gdp_v23_850x600.svg,2,29,640665240,63781
fossil-fuel-subsidies-per-capita,WorldMap,,,75342d87f34948dd04c5782598b13439,fossil-fuel-subsidies-per-capita_v31_850x600.svg,4,38,733696784,65530
fossil-fuels-per-capita,DiscreteBar,,,a7927b4b913bb2a05e5ddc08478ec9a8,fossil-fuels-per-capita_v30_850x600.svg,4,13,804624240,170349
fossil-fuels-share-energy,WorldMap,,,405cb346fa03e8a9d3717227ef4a3268,fossil-fuels-share-energy_v32_850x600.svg,2,24,816764064,210811
fraction-of-countries-with-available-data-on-deaths-from-suicides-by-income-group,LineChart,,,17b27d872fe709e77b0199f5e166278a,fraction-of-countries-with-available-data-on-deaths-from-suicides-by-income-group_v17_850x600.svg,1,23,794861960,25663
free-and-fair-elections-index,WorldMap,,,19b7ae9bedb087bfb33de9c1513d22bf,free-and-fair-elections-index_v37_850x600.svg,40,135,1047676680,1006330
free-and-fair-elections-row,WorldMap,,,7ad78728b75f2c3dedc5f42dd6f3902a,free-and-fair-elections-row_v72_850x600.svg,7,36,826185464,902086
free-countries-fh,StackedArea,,,014f0b9900df3331688875b1e89b0281,free-countries-fh_v59_850x600.svg,2,12,659871240,29637
free-fair-elections-bti,WorldMap,,,463bda8be5e1aec8fdf0016897bcb2c7,free-fair-elections-bti_v81_850x600.svg,3,24,755876104,46154
freedom-of-association-index,WorldMap,,,90c5c84954252afa34f4989f03cbc1c4,freedom-of-association-index_v39_850x600.svg,39,132,834295616,1047861
freedom-of-association-score-bti,WorldMap,,,1a262a92c264ab5434347464c1f7df5f,freedom-of-association-score-bti_v90_850x600.svg,4,35,634957400,46197
freedom-of-expression-index,WorldMap,,,0cda6388c852c09b76dfa8ca6a84bc8a,freedom-of-expression-index_v45_850x600.svg,36,141,838299104,1052165
freedom-of-expression-score-bti,WorldMap,,,a27f85851c4f73d00a4e52b7841babed,freedom-of-expression-score-bti_v91_850x600.svg,5,22,847890376,46096
freedom-score-fh,WorldMap,,,887805cffb37a694c505c5ef9ed21358,freedom-score-fh_v8_850x600.svg,5,39,726948376,142548
frequency-north-atlantic-hurricanes,LineChart,,,53bbe22924bb71e016b8f16f896aafda,frequency-north-atlantic-hurricanes_v12_850x600.svg,4,35,677427728,19508
freshwater-use-by-aggregated-region,StackedArea,,,26851d284f705b7b2e36dbfa4b1f90dd,freshwater-use-by-aggregated-region_v3_850x600.svg,3,18,868817552,17067
freshwater-use-seafood,DiscreteBar,,,79df46a1ba305cbac8c0e1c3e8d7de8c,freshwater-use-seafood_v8_850x600.svg,3,13,1018097616,523
freshwater-withdrawals-as-a-share-of-internal-resources,WorldMap,,,7a034c0d7665ebf30c0218685d313b55,freshwater-withdrawals-as-a-share-of-internal-resources_v17_850x600.svg,2,25,745112664,126176
freshwater-withdrawals-per-1000kcal,DiscreteBar,,,8ce680337a20e86a5582bfc646043be8,freshwater-withdrawals-per-1000kcal_v17_850x600.svg,3,19,840265232,1291
friends-family-anxious-depressed,WorldMap,,,e0d5d95e4bec90ec258d35728407596a,friends-family-anxious-depressed_v13_850x600.svg,2,18,691955112,4167
fruit-consumption-by-fruit-type,StackedArea,,,19aa5821f8d63ecf78a119e67b8832ce,fruit-consumption-by-fruit-type_v11_850x600.svg,90,108,1036312000,4399450
fruit-consumption-per-capita,WorldMap,,,93848b0763d0235f590d95bea58b607b,fruit-consumption-per-capita_v11_850x600.svg,4,34,878516160,437214
fruit-consumption-vs-gdp-per-capita,ScatterPlot,,,705420bdf0b4a2970d9309b0330f109e,fruit-consumption-vs-gdp-per-capita_v25_850x600.svg,21,96,839294456,687781
fuel-efficiency-new-vehicles,WorldMap,,,d4dadb18cbf7882a1405dcb03839ce2a,fuel-efficiency-new-vehicles_v7_850x600.svg,1,62,744486136,9951
full-democracy-lexical,WorldMap,,,086851440424da7a0e300ec1093a6b42,full-democracy-lexical_v74_850x600.svg,10,48,859335512,1828824
full-list-cumulative-total-tests-per-thousand,LineChart,,,a8d87a67ca35ae09f2fae1b81a669b68,full-list-cumulative-total-tests-per-thousand_v519_850x600.svg,19,131,676675992,2384460
full-list-total-tests-for-covid-19,LineChart,,,afa14dbe431ebe9de58d5182d9ef7858,full-list-total-tests-for-covid-19_v579_850x600.svg,18,127,875017808,2390046
funding-for-trachoma,LineChart,,,89760a012b3bb8e1f7b94f36087e2fb3,funding-for-trachoma_v14_850x600.svg,1,18,1055206720,567
fur-farming-ban,WorldMap,,,f9904734578e8f3863d70493ae512e43,fur-farming-ban_v8_850x600.svg,2,42,872252944,13491
fur-trading-ban,WorldMap,,,e10849673f4eaac5075565b2e21bdce0,fur-trading-ban_v6_850x600.svg,1,20,754669736,1700
future-life-expectancy-projections,WorldMap,,,38082ff6b9ea566924f53938e1bdcaec,future-life-expectancy-projections_v36_850x600.svg,5,48,1044266592,595834
gamma-camera-or-nuclear-medicine-availability,WorldMap,,,312d65b76ea292ceb378f8311654708e,gamma-camera-or-nuclear-medicine-availability_v12_850x600.svg,2,21,766863976,7680
gap-in-gdp-per-hour-worked-with-respect-to-the-united-states,LineChart,,,9f9023cfb181cfa3e9b47d212d8625a3,gap-in-gdp-per-hour-worked-with-respect-to-the-united-states_v4_850x600.svg,1,27,885985520,50960
gap-to-reaching-the-target-of-art,WorldMap,,,78540ce7b7bf0328da048536d831eadc,gap-to-reaching-the-target-of-art_v10_850x600.svg,3,25,694596512,167204
gas-consumption-by-country,WorldMap,,,3e2203a5b3d6fd389441a3d5fcb704d6,gas-consumption-by-country_v26_850x600.svg,2,27,855550552,209694
gas-electricity-per-capita,WorldMap,,,b5d15c4691b1669460c9259784452899,gas-electricity-per-capita_v35_850x600.svg,4,47,789643208,192185
gas-prod-per-capita,WorldMap,,,84d7162f1394c6e341a83d40f7beeb9e,gas-prod-per-capita_v21_850x600.svg,10,47,900146720,433544
gas-production-by-country,LineChart,,,8871cae5334bb272c6751002ae887062,gas-production-by-country_v19_850x600.svg,4,26,1070945152,511170
gas-share-energy,WorldMap,,,965d54d9c240c1862c73d0bee9e02b76,gas-share-energy_v25_850x600.svg,5,26,905418984,211347
gavi-supported-countries,WorldMap,,,3317c2e71767bfc77415a7e037c0fad1,gavi-supported-countries_v12_850x600.svg,3,24,703114128,9422
gdp-maddison-project-database,WorldMap,,,e4772ba4b9755f163ebbb57420441909,gdp-maddison-project-database_v11_850x600.svg,6,59,900586792,572694
gdp-penn-world-table,WorldMap,,,80f5241ca5e9c0e9580bcca6167bdac1,gdp-penn-world-table_v38_850x600.svg,2,37,1100442824,388507
gdp-per-capita-growth,WorldMap,,,70fbef901fef14e88ad1559dae590618,gdp-per-capita-growth_v35_850x600.svg,3,29,818255584,413289
gdp-per-capita-in-international-and-market-dollars,LineChart,,,5d2ccb53fc26479ae0aa96f0549fa6b1,gdp-per-capita-in-international-and-market-dollars_v26_850x600.svg,14,43,897018720,653881
gdp-per-capita-in-the-uk-since-1270,LineChart,,,d4bb795ef9ddbb160c22cd6a17e4cace,gdp-per-capita-in-the-uk-since-1270_v11_850x600.svg,1,16,725293144,22315
gdp-per-capita-maddison-project-database,WorldMap,,,54e96087dd69d78b8c8d631c20bc16a6,gdp-per-capita-maddison-project-database_v53_850x600.svg,8,103,916971376,652924
gdp-per-capita-penn-world-table,WorldMap,,,d53498888524479d8388680e9e19f54b,gdp-per-capita-penn-world-table_v47_850x600.svg,4,44,710847200,361577
gdp-per-capita-prados-de-la-escosura,WorldMap,,,1ed428588f34db209370ef6623b2a629,gdp-per-capita-prados-de-la-escosura_v11_850x600.svg,7,39,1070642792,126010
gdp-per-capita-vs-electoral-democracy-index,ScatterPlot,,,fc91d3f3c204479ea4c8fdf8e1208085,gdp-per-capita-vs-electoral-democracy-index_v60_850x600.svg,61,715,326153048,1687289
gdp-per-capita-world-bank-data-vs-penn-world-table,ScatterPlot,,,5a7f14e6bbd822112e8a65fa581d7bb9,gdp-per-capita-world-bank-data-vs-penn-world-table_v46_850x600.svg,112,409,947361568,2444522
gdp-per-capita-world-bank-vs-maddison-project,ScatterPlot,,,49a36b6930df0d348ae134ee3b1002b6,gdp-per-capita-world-bank-vs-maddison-project_v30_850x600.svg,94,862,1090141944,2735869
gdp-per-capita-worldbank,WorldMap,,,f828937201555d21c51aa12697d4b033,gdp-per-capita-worldbank_v57_850x600.svg,7,53,747096312,250566
gdp-per-capita-worldbank-constant-usd,WorldMap,,,c1503ce2a5f3b837fa4b8e7ae2f06acf,gdp-per-capita-worldbank-constant-usd_v40_850x600.svg,4,39,1100656864,412612
gdp-per-person-employed-constant-ppp,WorldMap,,,a191a366f5ec656224cf69721792389b,gdp-per-person-employed-constant-ppp_v23_850x600.svg,3,28,933839848,212636
gdp-price-levels-relative-to-the-us,LineChart,,,7e7b1831cbbbd355dcabcb6324a262f7,gdp-price-levels-relative-to-the-us_v18_850x600.svg,4,35,1084974048,232287
gdp-vs-agriculture-employment,ScatterPlot,,,1bbbfeb97ecf8c6c0ce5d3a7c4c5a6f8,gdp-vs-agriculture-employment_v29_850x600.svg,249,978,964884696,2728206
gdp-vs-agriculture-gdp,ScatterPlot,,,e3b3371ac47bd0575a30e275271c5b9c,gdp-vs-agriculture-gdp_v34_850x600.svg,174,734,285388920,2575455
gdp-vs-happiness,ScatterPlot,,,aac04909c87c30802c83ea6087b24fe9,gdp-vs-happiness_v55_850x600.svg,18,131,1123340832,318082
gdp-vs-industry-gdp-at-constant-prices,ScatterPlot,,,0598fa2bb15ca0e595b4f5bce0ea99a0,gdp-vs-industry-gdp-at-constant-prices_v29_850x600.svg,114,491,1231745720,2556312
gdp-vs-manufacturing-gdp,ScatterPlot,,,5f10c4024a9f8745b6def94d0a678b4d,gdp-vs-manufacturing-gdp_v31_850x600.svg,106,561,1067607392,2576488
gdp-vs-services-employment,ScatterPlot,,,579c4ea297939b00eea6db4d374a4fa7,gdp-vs-services-employment_v31_850x600.svg,105,510,1265653648,2564183
gdp-vs-services-gdp,ScatterPlot,,,c1e1e178d506581991d57d815aca5b27,gdp-vs-services-gdp_v31_850x600.svg,144,618,397249128,2576520
gdp-world-regions-stacked-area,StackedArea,,,1605cbfa0f05f25a969f5f1124db841c,gdp-world-regions-stacked-area_v30_850x600.svg,5,37,356740344,572694
gdp-worldbank,WorldMap,,,ec7d06714da4a76b286470f7b29fcbab,gdp-worldbank_v28_850x600.svg,3,37,334925648,261054
gdp-worldbank-constant-usd,WorldMap,,,b721add0ae49c71329949a99eeb87193,gdp-worldbank-constant-usd_v36_850x600.svg,4,43,1267871600,441033
gender-affirming-care,WorldMap,,,e9519425df3bb691803ac04b1251be62,gender-affirming-care_v15_850x600.svg,2,28,346519648,88386
gender-affirming-care-velasco,WorldMap,,,b9104e749125dc157dfc66d0cc795bd8,gender-affirming-care-velasco_v7_850x600.svg,2,21,1288502728,387876
gender-assignment-surgeries-on-children-banned,WorldMap,,,0372280e23d696a94826ba7efb920b74,gender-assignment-surgeries-on-children-banned_v58_850x600.svg,3,34,929411040,251787
gender-development-index,WorldMap,,,4f51ac81431795b6e3e15b5b405ea653,gender-development-index_v47_850x600.svg,9,47,1101620568,171470
gender-development-index-groups,WorldMap,,,dfdbb643cbda15ed21d7fa50cedb2756,gender-development-index-groups_v7_850x600.svg,2,18,356429200,4750
gender-development-index-vs-gdp-per-capita,ScatterPlot,,,683497e071f9d36c449d84ab59e2d6b8,gender-development-index-vs-gdp-per-capita_v19_850x600.svg,97,299,1303811008,2873827
gender-development-index-vs-human-development-index,ScatterPlot,,,c3553c85c94d1afe8fde5661f3290f5d,gender-development-index-vs-human-development-index_v13_850x600.svg,154,440,270483008,2829472
gender-gap-education-levels,LineChart,,,9cc029d2d340c005e6d0b9447a15e6be,gender-gap-education-levels_v20_850x600.svg,40,82,1091046256,1442084
gender-gap-in-average-wages-2000-vs-today,ScatterPlot,,,7d220cbab356698fe21f3e9417c636eb,gender-gap-in-average-wages-2000-vs-today_v13_850x600.svg,294,509,446099976,2536890
gender-gap-in-average-wages-ilo,WorldMap,,,a28551ef4784bd427e2ffc37c91090c0,gender-gap-in-average-wages-ilo_v12_850x600.svg,2,19,1110427840,33252
gender-gap-in-hourly-wages-vs-ratio-of-female-to-male-labor-force-participation,ScatterPlot,,,cc88d672880b3b52613b7cd85fe185ef,gender-gap-in-hourly-wages-vs-ratio-of-female-to-male-labor-force-participation_v27_850x600.svg,126,309,247621440,2104306
gender-gap-in-life-expectancy-by-age-group,StackedArea,,,e56c5fc5b00f8dd10495a2a9c1353229,gender-gap-in-life-expectancy-by-age-group_v16_850x600.svg,26,55,1266261456,692810
gender-inequality-index-from-the-human-development-report,WorldMap,,,60745221009a6307e01d4b707760fbf9,gender-inequality-index-from-the-human-development-report_v20_850x600.svg,3,22,1241782392,150683
gender-of-chief-executive,WorldMap,,,2e74eb37c7677898e5cd6a9536bcb3a7,gender-of-chief-executive_v39_850x600.svg,7,49,422759672,1618950
gender-of-the-head-of-government,WorldMap,,,b5b65403868035cabffff429090908ce,gender-of-the-head-of-government_v30_850x600.svg,7,43,1325052944,1618912
gender-of-the-head-of-state,WorldMap,,,3f1308082c58cba834dace94a56ff3f3,gender-of-the-head-of-state_v35_850x600.svg,8,55,183023880,1630310
gender-ratio-in-life-expectancy-at-birth,WorldMap,,,8a1a28dc530d4eb6e6c91d167a3318d0,gender-ratio-in-life-expectancy-at-birth_v17_850x600.svg,6,41,1349879560,698763
gender-ratios-for-mean-years-of-schooling,WorldMap,,,fe5099f928a27f504e605a396d1d1d73,gender-ratios-for-mean-years-of-schooling_v24_850x600.svg,2,25,441608808,49628
gender-wage-gap-oecd,LineChart,,,ce2d6a960242f930b68008cca9bf2ff4,gender-wage-gap-oecd_v13_850x600.svg,3,28,448858120,17720
gender-wage-gap-vs-gdp-per-capita,ScatterPlot,,,e84a5a32e8408fa7274a43e1d8e67a73,gender-wage-gap-vs-gdp-per-capita_v41_850x600.svg,87,223,1388609160,2116197
gender-wage-gap-vs-gdp-per-capita-income-groups,ScatterPlot,,,e9d6632ec136a077f1bc7181ecfa7636,gender-wage-gap-vs-gdp-per-capita-income-groups_v51_850x600.svg,75,251,489204448,2118245
generative-ai-vs-gdp-per-capita,ScatterPlot,,,ae00b6857ec2bcc2d7c2d6338e5a7c69,generative-ai-vs-gdp-per-capita_v17_850x600.svg,7,39,333237672,262297
genuine-saving-and-gdp-per-capita-in-international-dollars,LineChart,,,f8284c1223b27a7d0d268bc8e90d7bf5,genuine-saving-and-gdp-per-capita-in-international-dollars_v11_850x600.svg,8,35,225260616,74215
genuine-savings-per-capita-in-international-dollars-1900-2000,LineChart,,,6b7e818045b1d471b0872b37f277c3b5,genuine-savings-per-capita-in-international-dollars-1900-2000_v12_850x600.svg,5,18,273342048,36532
ghg-emissions-by-gas,StackedArea,,,bf02f3dfbf7dd3102d60d12b6120178b,ghg-emissions-by-gas_v12_850x600.svg,102,128,469861304,3882777
ghg-emissions-by-sector,LineChart,,,97bc4f4c10ac30f3c98957a05a161794,ghg-emissions-by-sector_v27_850x600.svg,78,104,283230112,2311480
ghg-emissions-by-sector-stacked,StackedArea,,,5e0716ec6fee4a08c32c8edf63bb7358,ghg-emissions-by-sector-stacked_v9_850x600.svg,70,85,232131576,1882375
ghg-emissions-by-world-region,StackedArea,,,8a69e7ae6f4090e048a52f8030bcdf94,ghg-emissions-by-world-region_v9_850x600.svg,7,76,331965864,1265807
ghg-emissions-plastic-stage,StackedBar,,,62e502469880d6ddfb44ad588217ef1f,ghg-emissions-plastic-stage_v4_850x600.svg,1,21,205027472,622
ghg-emissions-seafood,DiscreteBar,,,1f4f80a5d8fca9bb3df3e96ae138c244,ghg-emissions-seafood_v15_850x600.svg,2,19,500641816,934
ghg-kcal-poore,DiscreteBar,,,05335dd2183501f7061f88e980b80674,ghg-kcal-poore_v25_850x600.svg,2,23,271110408,1404
ghg-per-kg-poore,DiscreteBar,,,e3961663eb1cbf7586f1bc5f768f0057,ghg-per-kg-poore_v19_850x600.svg,2,12,229500008,1242
ghg-per-protein-poore,DiscreteBar,,,ca25b016ad9c5dd8a058bac40a100fca,ghg-per-protein-poore_v29_850x600.svg,4,18,307859248,1157
gini-coefficient-after-tax-lis,LineChart,,,dc639e68263c83071351fcb00c925201,gini-coefficient-after-tax-lis_v40_850x600.svg,1,24,482071128,35792
gini-coefficient-after-vs-before-tax-lis-scatter,ScatterPlot,,,9973851db4cbb4746f517e095699b93e,gini-coefficient-after-vs-before-tax-lis-scatter_v43_850x600.svg,118,286,285364256,2526848
gini-coefficient-after-vs-before-tax-wb-scatter,ScatterPlot,,,92c54bec6bf25dd1a571cdd0c1eb73ea,gini-coefficient-after-vs-before-tax-wb-scatter_v50_850x600.svg,86,247,354955048,2493574
gini-coefficient-after-vs-before-tax-wid-scatter,ScatterPlot,,,e18d3064fdcefe51a8264cbf35e67d7c,gini-coefficient-after-vs-before-tax-wid-scatter_v46_850x600.svg,153,329,397404840,2671956
gini-coefficient-before-and-after-tax-lis,LineChart,,,b7b1c9e438c717835fd3512019c604c6,gini-coefficient-before-and-after-tax-lis_v52_850x600.svg,3,28,1426627216,56462
gini-coefficient-before-tax-wid,WorldMap,,,c85b837dc811fce3a4f73b782fb1ebac,gini-coefficient-before-tax-wid_v50_850x600.svg,4,38,509076928,115690
gini-coefficient-equivalized-income-chartbook,LineChart,,,f2d1c47374353a001620e74ff1d71a85,gini-coefficient-equivalized-income-chartbook_v30_850x600.svg,2,21,480400936,13385
gini-coefficient-of-lifespan-inequality-by-sex,LineChart,,,cab38a07d18b449880059fddbf9fb1a1,gini-coefficient-of-lifespan-inequality-by-sex_v12_850x600.svg,28,66,1426654928,1438852
gini-coefficient-of-lifespan-inequality-in-females,WorldMap,,,7ff75abbc176a973eece656dc043ca53,gini-coefficient-of-lifespan-inequality-in-females_v14_850x600.svg,5,46,508939168,720143
gini-coefficient-of-lifespan-inequality-in-males,LineChart,,,05ed1ebee87a0a2bcb98f3ce2e82013d,gini-coefficient-of-lifespan-inequality-in-males_v17_850x600.svg,6,32,543683888,718709
gini-coefficient-vs-gdp-per-capita-pip,ScatterPlot,,,2b975999e02abd65d4594544363c3c49,gini-coefficient-vs-gdp-per-capita-pip_v90_850x600.svg,82,270,1459894216,2185438
gini-coefficient-wid-vs-pip,ScatterPlot,,,08fd795fe1b3db6a1ce7306f13ea31e8,gini-coefficient-wid-vs-pip_v76_850x600.svg,88,319,596254552,2030049
gini-index-around-2015-1990-2015-countries-vs-gini-index-around-1990-1990-2015-countries,ScatterPlot,,,c9e3da5f359505e4412e7830c5c51715,gini-index-around-2015-1990-2015-countries-vs-gini-index-around-1990-1990-2015-countries_v31_850x600.svg,67,252,556839104,1841625
girls-and-boys-who-are-out-of-primary-secondary-school,StackedArea,,,86bf74fb78c95594e62a468240255a1d,girls-and-boys-who-are-out-of-primary-secondary-school_v45_850x600.svg,58,75,335906936,607963
global-agri-productivity-growth,StackedDiscreteBar,,,bc3e5aae9398ab258c2f6b9b0bd14134,global-agri-productivity-growth_v3_850x600.svg,1,64,311839472,807
global-agricultural-land-use-by-major-crop-type,LineChart,,,f6be0f9f954bf09cb0c5cb9f45debccb,global-agricultural-land-use-by-major-crop-type_v10_850x600.svg,4,20,294673360,22543
global-alien-species-first-record-database,LineChart,,,e7eff83ba069cdef24ad1f78a5c85244,global-alien-species-first-record-database_v10_850x600.svg,7,76,350529336,313743
global-and-between-country-income-inequality,LineChart,,,1e4c81b2426271e24951a6d037c2ac59,global-and-between-country-income-inequality_v11_850x600.svg,2,26,323026048,2508
global-antimicrobial-resistance-and-use-surveillance-system-glass-by-pathogen,DiscreteBar,,,8a8cfcdbcdb635073a1fb8aee9061e19,global-antimicrobial-resistance-and-use-surveillance-system-glass-by-pathogen_v9_850x600.svg,7,18,416538944,83739
global-aquaculture-wild-fish-feed,LineChart,,,fc8a35bc7b71d9e310964ca91b5a9a06,global-aquaculture-wild-fish-feed_v20_850x600.svg,23,43,413869720,549619
global-average-gdp-per-capita-over-the-long-run,LineChart,,,2ada2842be1b08960ab16eb7260460d8,global-average-gdp-per-capita-over-the-long-run_v14_850x600.svg,1,12,1481526424,1675
global-case-numbers-of-infectious-diseases,LineChart,,,7f4cd420d65f36133cdf232a4f1c276d,global-case-numbers-of-infectious-diseases_v45_850x600.svg,28,56,341360872,641022
global-change-over-the-last-50-years,LineChart,,,2dab77e1ba810d97a373296cca8a1735,global-change-over-the-last-50-years_v77_850x600.svg,298,334,612005144,6883190
global-child-deaths-by-cause,SlopeChart,,,b80766486d9b7d4c28697e0c58b0c92a,global-child-deaths-by-cause_v22_850x600.svg,1,15,1509318592,3131
global-child-mortality-timeseries,StackedArea,,,e53584d8be33fb7ed7bbb96754acd8bf,global-child-mortality-timeseries_v19_850x600.svg,2,16,370979416,13511
global-co2-concentration,LineChart,,,bfa733987c0c0b393be36859c8bc2501,global-co2-concentration_v17_850x600.svg,4,22,577714696,37403
global-commodity-prices-19602019,LineChart,,,cde83e9ee98f4b1f191d592ce31d08ad,global-commodity-prices-19602019_v6_850x600.svg,1,18,438471688,2065
global-crop-production-by-farm-size,StackedDiscreteBar,,,7ab4bb4286364fbfeeb8debf1d2da462,global-crop-production-by-farm-size_v8_850x600.svg,2,20,367911080,3314
global-cropland,LineChart,,,4ef816e77f3285cf94098a143be76479,global-cropland_v19_850x600.svg,49,77,1481121072,1519394
global-death-rate-in-violent-political-conflicts-over-the-long-run,LineChart,,,22839633349fdce789459ae3c6cbdb9b,global-death-rate-in-violent-political-conflicts-over-the-long-run_v29_850x600.svg,3,17,416747880,20376
global-deaths-by-syndrome-and-antimicrobial-resistance,StackedDiscreteBar,,,5c1da509e68ce7d87274e945706733a1,global-deaths-by-syndrome-and-antimicrobial-resistance_v13_850x600.svg,5,21,608121712,914
global-deaths-from-infections-attributable-to-antimicrobial-resistance,StackedDiscreteBar,,,a1f5e9ddffe77511ff282a1c0372769c,global-deaths-from-infections-attributable-to-antimicrobial-resistance_v18_850x600.svg,3,34,329369512,1651
global-deaths-in-violent-political-conflicts-over-the-long-run,LineChart,,,4e2ec11f9f207332b6fffe651dca11f7,global-deaths-in-violent-political-conflicts-over-the-long-run_v23_850x600.svg,3,19,437576600,18151
global-energy-consumption-source,LineChart,,,91af0956043a921241ca0d514bd5437e,global-energy-consumption-source_v31_850x600.svg,2,22,397903688,24950
global-energy-substitution,StackedArea,,,fb9aa2c4bff9e39e43de79875640e332,global-energy-substitution_v22_850x600.svg,5,24,588819064,24950
global-fatalities-from-aviation-accidents-and-hijackings,StackedBar,,,b3f91c1d638d1650290fc371ed75308f,global-fatalities-from-aviation-accidents-and-hijackings_v21_850x600.svg,3,26,477975520,4412
global-first-records-of-established-alien-species,StackedBar,,,f5cdbed7b18d9c8429780b9edb5cb940,global-first-records-of-established-alien-species_v16_850x600.svg,2,531,429503048,11969
global-fishery-catch-by-sector,StackedArea,,,a3ca81c2ed8b8d260a5f9114aa1267d2,global-fishery-catch-by-sector_v6_850x600.svg,2,14,1504393992,10146
global-food-loss-index,DiscreteBar,,,811fc57ab0b7efafaa52d49fb3b863b6,global-food-loss-index_v11_850x600.svg,2,37,609535472,4809
global-food-waste-by-region,DiscreteBar,,,bc31bb326a2695985fb88529a1938456,global-food-waste-by-region_v4_850x600.svg,2,14,443096824,252
global-fossil-fuel-consumption,StackedArea,,,e3f622665815aa674a98d2824a522351,global-fossil-fuel-consumption_v18_850x600.svg,4,19,348799824,7653
global-freshwater-use-over-the-long-run,StackedArea,,,97a2d6b0ad871f8f0ae155890c017ac8,global-freshwater-use-over-the-long-run_v3_850x600.svg,2,19,626372656,17067
global-gdp-over-the-long-run,LineChart,,,8c55748f1e7bf318eb375ef6fdda014f,global-gdp-over-the-long-run_v29_850x600.svg,1,13,466247032,2007
global-hidden-hunger-index-in-pre-school-children,WorldMap,,,c5c8ff664a5ab676fd30930b44323502,global-hidden-hunger-index-in-pre-school-children_v17_850x600.svg,3,28,366022768,4232
global-hunger-index,WorldMap,,,ee7012d7f280f0452c22d3d0b6ca623a,global-hunger-index_v16_850x600.svg,2,18,185947656,13270
global-hunger-index-vs-gdp-per-capita,ScatterPlot,,,0372825bf576ba38512c89e1081b7489,global-hunger-index-vs-gdp-per-capita_v38_850x600.svg,94,264,696059288,2096215
global-hydro-consumption,LineChart,,,dcc505ae838842b7157261b378b70562,global-hydro-consumption_v16_850x600.svg,3,22,437465064,2533
global-inequality-between-world-citizens-and-its-components,LineChart,,,06c2b3193ec5660d2e3806e5e75b9325,global-inequality-between-world-citizens-and-its-components_v13_850x600.svg,1,12,458307944,1155
global-investment-in-generative-ai,StackedBar,,,955b02fb75e4e613246869bd1c3051c8,global-investment-in-generative-ai_v10_850x600.svg,1,11,203540312,305
global-land-use-since-10000bc,StackedArea,,,03bddd72498e069e06bd0b23e13f0dac,global-land-use-since-10000bc_v12_850x600.svg,4,25,351304856,180328
global-living-planet-index,LineChart,,,efe498479ff6fb9d17ce74e2eed4b749,global-living-planet-index_v22_850x600.svg,3,18,181532032,37636
global-malaria-deaths-by-world-region,StackedArea,,,5852d530ab44800f0816fe45fd2de004,global-malaria-deaths-by-world-region_v27_850x600.svg,1,11,476755712,3699
global-marine-protected-area,StackedDiscreteBar,,,467bd81439afbcdfbce3224641307df5,global-marine-protected-area_v5_850x600.svg,1,12,367883512,321
global-meat-production,StackedArea,,,4e218904e8a9f63eb03b3f55ae38bc28,global-meat-production_v14_850x600.svg,12,28,465434808,477360
global-meat-production-by-livestock-type,StackedArea,,,9464a4b97e2025397eeecdc31470fe9a,global-meat-production-by-livestock-type_v17_850x600.svg,62,81,194938576,2276369
global-meat-projections-to-2050,StackedArea,,,189fa2f5c200f297a1ff309e3f21ecb8,global-meat-projections-to-2050_v14_850x600.svg,4,16,633889152,9071
global-methane-concentrations,LineChart,,,247d9f45f546c7333fa8f209fa753325,global-methane-concentrations_v17_850x600.svg,2,17,343518728,34447
global-mine-production-minerals,LineChart,,,96d46d6f11208d29f6047a58688b02c1,global-mine-production-minerals_v8_850x600.svg,2,50,468499720,156891
global-nitrous-oxide-concentration,LineChart,,,4f538708cebb74500f36a6744eadc8a0,global-nitrous-oxide-concentration_v17_850x600.svg,2,16,654063640,19851
global-number-of-missing-women,StackedArea,,,f88ab53c564778b9e5590889af85743a,global-number-of-missing-women_v11_850x600.svg,2,15,361351512,2346
global-pasture,LineChart,,,2620b1f43277bf47e72296ecb066875a,global-pasture_v18_850x600.svg,43,92,657330032,1489134
global-peak-agricultural-land,LineChart,,,da4329422c31bcd27a7bc3fc850a56b0,global-peak-agricultural-land_v21_850x600.svg,39,77,387646744,1541375
global-plastic-production-projections,LineChart,,,b748358a67f7ec1581bbd72a8a2909c2,global-plastic-production-projections_v5_850x600.svg,2,15,218508784,16651
global-plastics-production,LineChart,,,dd434780ea7d4ad5d7b5a18f3ee52aa7,global-plastics-production_v15_850x600.svg,4,15,490515816,2355
global-precipitation-anomaly,StackedBar,,,e4c83c78175e108c07d18e33adcc8723,global-precipitation-anomaly_v17_850x600.svg,4,223,207039784,565429
global-prevalence-of-zinc-deficiency,WorldMap,,,5a2bc20951c81381171843fbe47546f2,global-prevalence-of-zinc-deficiency_v9_850x600.svg,3,23,510844024,21098
global-primary-energy,StackedArea,,,f88f0b8f39d1f83841e547060909d2de,global-primary-energy_v26_850x600.svg,2,24,637677888,24884
global-primary-energy-share-inc-biomass,LineChart,,,0bad5066c909e435404c22848be4b641,global-primary-energy-share-inc-biomass_v19_850x600.svg,4,26,367309976,25853
global-research-and-development-funding-for-malaria,StackedArea,,,1b306a30164cda6117fa5de67b4fe0d8,global-research-and-development-funding-for-malaria_v7_850x600.svg,5,18,479176880,4242
global-smallpox-cases,LineChart,,,304dd6c73d9b4e1b2aa6d129267f85a3,global-smallpox-cases_v20_850x600.svg,2,34,664349688,3030
global-temperature-anomalies-by-el-nino-la-nina,LineChart,,,41c2cb58db841ab2d7b7e34f2d84431a,global-temperature-anomalies-by-el-nino-la-nina_v44_850x600.svg,258,386,527472968,7875120
global-temperature-anomalies-by-el-nino-la-nina-and-month,LineChart,,,c55e18b59e3347b7567b788b0dd11790,global-temperature-anomalies-by-el-nino-la-nina-and-month_v42_850x600.svg,6,64,526164296,69729
global-temperature-anomalies-by-month,StackedBar,,,e481c51257ea16906a38a0448a68acc0,global-temperature-anomalies-by-month_v20_850x600.svg,2,31,676917336,39958
global-tuberculosis-incidence-rate-by-age,DiscreteBar,,,e477c38c897391f04e354fad4765dbbd,global-tuberculosis-incidence-rate-by-age_v6_850x600.svg,3,17,640484056,51475
global-vaccination-coverage,LineChart,,,5cbdac15f1fc46a54ba84222d208c14f,global-vaccination-coverage_v20_850x600.svg,42,77,667823192,1331619
global-warming-by-gas-and-source,StackedArea,,,6f3825576c253ddd4b649e8c69a988b7,global-warming-by-gas-and-source_v9_850x600.svg,157,202,738303168,8419910
global-warming-fossil,WorldMap,,,8a8e55e6261ec162df713fdeb8b0aa6c,global-warming-fossil_v9_850x600.svg,8,70,406512184,1515758
global-warming-land,WorldMap,,,7d2c369bc677745d039cad292c97cacd,global-warming-land_v9_850x600.svg,11,70,515124952,1420301
global-warming-potential-of-greenhouse-gases-over-100-year-timescale-gwp,DiscreteBar,,,ca8a6c2471ce76c752975d5981a53d6c,global-warming-potential-of-greenhouse-gases-over-100-year-timescale-gwp_v10_850x600.svg,2,10,221789384,245
global-whale-biomass,SlopeChart,,,8796cc2ddc2233c0d875741062963a83,global-whale-biomass_v7_850x600.svg,1,18,203795640,600
globalization-over-5-centuries,LineChart,,,5f6ae5df8b3a7a5c5e69f30fe7d7a7fd,globalization-over-5-centuries_v41_850x600.svg,23,45,681696544,749613
gni-per-capita-vs-gdp-per-capita,ScatterPlot,,,29918d5ff9b96589e2f98135ed92bda2,gni-per-capita-vs-gdp-per-capita_v23_850x600.svg,99,309,286421512,2874094
good-cholesterol-levels-age-standardized,WorldMap,,,7bb59814b0a1b0453d347795c63e549b,good-cholesterol-levels-age-standardized_v31_850x600.svg,3,30,424663088,211276
goods-and-services-discrimination-protections-sexual-orientation-gender-identity,WorldMap,,,2c8867aef1cc86148296f8e02918e3f2,goods-and-services-discrimination-protections-sexual-orientation-gender-identity_v4_850x600.svg,3,23,701037032,279193
gov-procurement-share-gov-expenditure,DiscreteBar,,,f978810ebaedf6b68cac3ccf2badb97d,gov-procurement-share-gov-expenditure_v12_850x600.svg,3,21,536455952,23536
government-effectiveness-vs-electoral-democracy-index,ScatterPlot,,,543c8360e60e61c6434f83201d36eef6,government-effectiveness-vs-electoral-democracy-index_v49_850x600.svg,37,178,511910008,1167194
government-expenditure-per-primary-student-vs-gdp-per-capita,ScatterPlot,,,bbb8bced225333b6a320f4846a75f245,government-expenditure-per-primary-student-vs-gdp-per-capita_v43_850x600.svg,14,75,775216512,305625
government-expenditure-vs-gdp,ScatterPlot,,,90ccec460cb11d02c9d2aa306575ef79,government-expenditure-vs-gdp_v21_850x600.svg,18,103,584880296,718988
government-procurement-share-gdp,DiscreteBar,,,d8bab1736ea4808134cbc4e04ea40748,government-procurement-share-gdp_v10_850x600.svg,2,20,721812968,23939
government-revenues-as-a-share-of-gdp-imf,WorldMap,,,26aefdca03ae87c5c861464a67c44feb,government-revenues-as-a-share-of-gdp-imf_v13_850x600.svg,2,28,699733128,98061
government-revenues-as-a-share-of-gdp-world-bank,WorldMap,,,0a94640cf8179e45322990f3d0e1f8b6,government-revenues-as-a-share-of-gdp-world-bank_v23_850x600.svg,4,36,496448744,168124
government-revenues-national-income,StackedArea,,,329825d954ff46bfe40d4246347338af,government-revenues-national-income_v4_850x600.svg,2,18,717329872,1459
government-spending-by-function,StackedDiscreteBar,,,7a7d82011057f752a349964f81bf85a3,government-spending-by-function_v27_850x600.svg,8,25,719023208,193616
government-spending-by-function-as-share-of-gdp-across-countries,StackedDiscreteBar,,,da719c7253dfdcf31087ceec03356c6f,government-spending-by-function-as-share-of-gdp-across-countries_v28_850x600.svg,10,32,786540896,191490
government-spending-vs-gdp-per-capita,ScatterPlot,,,a148a108570c113f6364cdbcba488547,government-spending-vs-gdp-per-capita_v39_850x600.svg,125,513,366196520,2792126
government-transparency,WorldMap,,,1b70ab2f74a5836fef84000f4947e278,government-transparency_v8_850x600.svg,8,32,516193872,394855
government-vs-private-aid-by-donor,StackedBar,,,21186f43eb8dffa8ade3702e26156e3a,government-vs-private-aid-by-donor_v47_850x600.svg,8,36,776936064,126112
government-vs-private-aid-by-recipient,StackedBar,,,eb43a189fc2286819bd9c1463b1b5d95,government-vs-private-aid-by-recipient_v53_850x600.svg,16,32,706858936,555092
govt-expenditure-share-budget,WorldMap,,,ef00bd533cb0fe6961ec3f279bc81505,govt-expenditure-share-budget_v26_850x600.svg,1,24,530257696,71135
grapes-production,WorldMap,,,0f3f56ffe23122754b1485943db04179,grapes-production_v11_850x600.svg,6,26,475915960,238208
graphite-production,WorldMap,,,8512e195a7b9817d7fe82ca93d17612c,graphite-production_v14_850x600.svg,2,18,298237064,19771
grazing-land-use-over-the-long-term,StackedArea,,,4bedcff8a2311b51b871bcd1c9c6e149,grazing-land-use-over-the-long-term_v8_850x600.svg,15,40,766986768,851587
green-climate-gcf-fund-pledges,LineChart,,,ea6cb4f827e0027288681e98afbc239a,green-climate-gcf-fund-pledges_v9_850x600.svg,2,16,725661880,417
greenhouse-gas-emissions-from-plastics,DiscreteBar,,,8cb6bce91368b50da5fe96c53fe31bd4,greenhouse-gas-emissions-from-plastics_v6_850x600.svg,3,18,555654088,2439
grocery-bag-comparisons-ghg,DiscreteBar,,,24f8fcf5d8f094418c73f3dbef17389a,grocery-bag-comparisons-ghg_v6_850x600.svg,2,13,494373400,341
grocery-bag-environmental-impact,DiscreteBar,,,0a968bd4ac848f71546e5c2ee1f51a12,grocery-bag-environmental-impact_v13_850x600.svg,1,41,308987784,2140
gross-national-income-per-capita-males-vs-females,ScatterPlot,,,8e5e7e808520a88a7588d05fa3cc74a3,gross-national-income-per-capita-males-vs-females_v23_850x600.svg,101,295,830133456,2857922
gross-national-income-per-capita-undp,WorldMap,,,36c06cff361fe19c78137bf18986f153,gross-national-income-per-capita-undp_v20_850x600.svg,9,38,528348016,250347
gross-national-income-per-capita-worldbank,WorldMap,,,82fdbcff9a3a15ff5c72b0aa3e84b6a5,gross-national-income-per-capita-worldbank_v37_850x600.svg,3,33,529171544,162439
gross-public-sector-debt-as-a-proportion-of-gdp,WorldMap,,,ee2ecc194168f582180d2e3c1643ce54,gross-public-sector-debt-as-a-proportion-of-gdp_v12_850x600.svg,2,15,782459600,28166
groundnuts-yield,WorldMap,,,53fda8660e55d1e8c2a208d7e9bee84e,groundnuts-yield_v15_850x600.svg,5,30,806979696,312401
growth-of-global-trade,LineChart,,,251e7e3c8acc3ed4d886dd92932c7937,growth-of-global-trade_v9_850x600.svg,2,16,289981464,7275
growth-rate-of-real-gdp-per-employed-person,WorldMap,,,b21b8459c03e45a5c8ef313852ddf702,growth-rate-of-real-gdp-per-employed-person_v22_850x600.svg,2,26,501904568,148331
growth-rates-of-consumption-investment-and-gdp-in-india-1961-to-2020,LineChart,,,a26503be1ca959ec72f9d390a68c8d14,growth-rates-of-consumption-investment-and-gdp-in-india-1961-to-2020_v18_850x600.svg,1,16,568495752,12265
growth-rates-of-consumption-investment-and-gdp-in-mexico-19812016,LineChart,,,910b3aed46c247bef9b855aa9c0ee496,growth-rates-of-consumption-investment-and-gdp-in-mexico-19812016_v13_850x600.svg,2,17,323544664,4231
growth-rates-of-consumption-investment-and-gdp-in-south-africa-19612016,LineChart,,,40deab83563047849e1964b673aa446f,growth-rates-of-consumption-investment-and-gdp-in-south-africa-19612016_v12_850x600.svg,1,20,793251264,6072
growth-rates-of-consumption-investment-and-gdp-in-sri-lanka-1961-to-2020,LineChart,,,3f3c5fb42c1c52d3df564b8492ef696a,growth-rates-of-consumption-investment-and-gdp-in-sri-lanka-1961-to-2020_v17_850x600.svg,1,21,550413872,12265
growth-rates-of-consumption-investment-and-gdp-in-the-uk-per-cent-per-annum-19602016,LineChart,,,886de6a99addb24f54350c7297e3b682,growth-rates-of-consumption-investment-and-gdp-in-the-uk-per-cent-per-annum-19602016_v15_850x600.svg,2,21,542734880,6003
growth-rates-of-consumption-investment-and-gdp-in-the-us-per-cent-per-annum-19602016,LineChart,,,ddb4d8bd2622ab36ba084d625aacc028,growth-rates-of-consumption-investment-and-gdp-in-the-us-per-cent-per-annum-19602016_v12_850x600.svg,1,18,306116376,6312
h5n1-flu-reported-cases,StackedBar,,,06bc01ea6ea18361c4403c6e58d4b738,h5n1-flu-reported-cases_v22_850x600.svg,6,371,833682848,290142
habitat-loss-25-species,WorldMap,,,a18ec538a4e6b8802fdc9bc59be44749,habitat-loss-25-species_v4_850x600.svg,1,16,565434056,1557
haemophilus-influenzae-b-vaccine-immunization-schedule,WorldMap,,,8e5d6970e811189937403e70550fa37c,haemophilus-influenzae-b-vaccine-immunization-schedule_v15_850x600.svg,2,27,563099064,338139
happiness-cantril-ladder,WorldMap,,,bbf61c75554b2d9c1ceb34d60ea90b6f,happiness-cantril-ladder_v34_850x600.svg,2,21,324802456,67515
happiness-vs-gdp-per-capita-time,ScatterPlot,,,869ca97e38731fae26002d6c7b2c57d4,happiness-vs-gdp-per-capita-time_v50_850x600.svg,103,260,623022584,2096608
happiness-wvs-vs-gallup,ScatterPlot,,,162961240e3c517d08426b70bcf4ec1e,happiness-wvs-vs-gallup_v39_850x600.svg,75,191,356125888,1922854
haq-by-level-of-healthcare-spending-endpoints,ScatterPlot,,,281386bcf26a0998cac53fb535fe8425,haq-by-level-of-healthcare-spending-endpoints_v35_850x600.svg,83,243,595923440,2136095
hate-crime-protections-based-on-sexual-orientation-or-gender-identity,WorldMap,,,473a42b6146b867af4ae78a6c45a236d,hate-crime-protections-based-on-sexual-orientation-or-gender-identity_v9_850x600.svg,1,18,855366872,57103
hate-crime-protections-lgbt,WorldMap,,,59661106e60437879e99929b4b85f788,hate-crime-protections-lgbt_v66_850x600.svg,2,22,333090608,264883
hazardous-waste-generated-per-capita,WorldMap,,,44b90556726905efc5d185ba73ca8d0c,hazardous-waste-generated-per-capita_v17_850x600.svg,2,18,810313232,30862
hci-males-vs-females,ScatterPlot,,,32050df446932a9a69f8093081ec006a,hci-males-vs-females_v12_850x600.svg,61,190,420790208,1876288
hdi-male-vs-female,ScatterPlot,,,8c5f4739b424696971364943bff770c6,hdi-male-vs-female_v22_850x600.svg,88,253,419487856,2841825
hdi-vs-augmented-hdi,ScatterPlot,,,cacce373abd24a969fd59e3f25b74c6e,hdi-vs-augmented-hdi_v35_850x600.svg,107,273,908598056,2166372
health-coverage-vs-gdp-per-capita-simple,ScatterPlot,,,13fd8a9f51f1804532d07a4acf40a292,health-coverage-vs-gdp-per-capita-simple_v36_850x600.svg,68,208,272367008,2087452
health-expenditure-and-financing-per-capita,LineChart,,,8ff30fb80dcdbf8891fe9db5a46dd3f5,health-expenditure-and-financing-per-capita_v13_850x600.svg,2,27,614283728,68183
health-expenditure-government-expenditure,WorldMap,,,7e5d52f4d0730ec75f3c9b2e36a43ee0,health-expenditure-government-expenditure_v20_850x600.svg,2,24,632393280,157996
health-insurance-coverage-in-the-us,LineChart,,,1903b7585b09728d837112a489bb260c,health-insurance-coverage-in-the-us_v6_850x600.svg,2,16,859028752,2509
health-protection-coverage,WorldMap,,,4353ad278d4f4807f1925eb936ea0fb1,health-protection-coverage_v6_850x600.svg,1,17,646666760,4507
health-provider-absence-rate,DiscreteBar,,,2a27c3d9b00e5f29a4de98d643d4a80f,health-provider-absence-rate_v10_850x600.svg,3,13,874977272,189
health-spending-per-person-by-source,StackedDiscreteBar,,,8fa51a3ce90135073e29003860441871,health-spending-per-person-by-source_v6_850x600.svg,9,28,873331632,461145
healthcare-access-quality-un,WorldMap,,,5a0ee1f01dfca2125321d944c5993b94,healthcare-access-quality-un_v15_850x600.svg,2,26,665454008,132034
healthcare-expenditure-vs-gdp,ScatterPlot,,,90b04f6b7f93b60329f40b94ca6b3df9,healthcare-expenditure-vs-gdp_v32_850x600.svg,82,229,475957112,2245330
healthy-life-expectancy-and-years-lived-with-disability,StackedArea,,,7c85bd3a1380b8110afa19fb292260d9,healthy-life-expectancy-and-years-lived-with-disability_v16_850x600.svg,12,26,448686880,500774
healthy-life-expectancy-at-birth,WorldMap,,,0f730d2ee22fe584fc6b6bfeb77b2e81,healthy-life-expectancy-at-birth_v17_850x600.svg,2,22,683064016,139520
healthy-life-expectancy-vs-health-expenditure-per-capita,ScatterPlot,,,c18c4832365ccc5a52ff00b7a6e707b5,healthy-life-expectancy-vs-health-expenditure-per-capita_v28_850x600.svg,97,284,975026760,2254565
hearing-loss-by-age-group,DiscreteBar,,,9c88699654e11d5e02d0bf77cced0500,hearing-loss-by-age-group_v6_850x600.svg,23,33,429071880,1292838
heat-death-rate-vs-co2,ScatterPlot,,,4caa93af9af44836e376decc37e5f5be,heat-death-rate-vs-co2_v20_850x600.svg,37,199,303088296,930734
heat-deaths-vs-projected-death-rates,DiscreteBar,,,4d0c6e9da0506e59d61a1b3d95539f6e,heat-deaths-vs-projected-death-rates_v12_850x600.svg,16,39,892252024,609427
heat-wave-index-usa,LineChart,,,7e53edd28eae22ba60d8706e9d6bac87,heat-wave-index-usa_v8_850x600.svg,2,16,662669296,3733
hepatitis-b-birth-dose-vaccine-immunization-schedule,WorldMap,,,248a4873c21a10733dfb6bf03d4b5bcd,hepatitis-b-birth-dose-vaccine-immunization-schedule_v14_850x600.svg,2,21,451195832,330497
hepatitis-b-deaths-by-type-of-disease,StackedArea,,,b88bc7ba1f3e67bbbd412a3a9ce5e4dd,hepatitis-b-deaths-by-type-of-disease_v8_850x600.svg,20,35,650665072,1010490
hepatitis-b-incidence-sdgs,WorldMap,,,dfa32e81658e57c7944f392e2d894a3b,hepatitis-b-incidence-sdgs_v22_850x600.svg,5,46,912497272,259359
hepatitis-b-number-of-deaths,StackedArea,,,d816015feebfa8d3077182b828c2935a,hepatitis-b-number-of-deaths_v12_850x600.svg,3,19,476384400,335499
hepatitis-b-total-number-of-deaths-by-age-group,StackedArea,,,438ffbc1e562483646640be6dbbcf88e,hepatitis-b-total-number-of-deaths-by-age-group_v5_850x600.svg,26,38,703594680,1695961
hepatitis-b-vaccine-immunization-schedule,WorldMap,,,f8a82ce161fd501bd9735ea480618c7b,hepatitis-b-vaccine-immunization-schedule_v15_850x600.svg,2,29,451839784,361563
hepatitis-c-deaths-by-type-of-disease,StackedArea,,,4bf007466181e717de18fd3c6bd4da9b,hepatitis-c-deaths-by-type-of-disease_v7_850x600.svg,25,36,898139592,1015159
hepatitis-c-number-of-deaths,WorldMap,,,7a71dad1b4ad96b2f56bd029bc51ed78,hepatitis-c-number-of-deaths_v10_850x600.svg,3,27,670474360,335192
hepatitis-c-total-number-of-deaths-by-age-group,StackedArea,,,e912eb9b53c6c5ef876e28c10da078ac,hepatitis-c-total-number-of-deaths-by-age-group_v8_850x600.svg,30,43,527948880,1705303
hepatitis-death-rate,WorldMap,,,be39b009f77f2b6468640b1f9ed12272,hepatitis-death-rate_v21_850x600.svg,3,28,471907424,344540
hepb3-number-unvaccinated,LineChart,,,5191e274db2e7265461bf53a73118a99,hepb3-number-unvaccinated_v15_850x600.svg,2,21,921739768,156086
hib-vaccine,LineChart,,,4d807716cbed40dc7cabc341848be864,hib-vaccine_v23_850x600.svg,5,28,944809992,128817
hib3-number-unvaccinated,WorldMap,,,815d829f47e361f494648790d2669643,hib3-number-unvaccinated_v15_850x600.svg,2,24,491765240,129906
hidden-hunger-index-vs-extreme-poverty,ScatterPlot,,,14b35073a5af36081e9f6ad315fabdc7,hidden-hunger-index-vs-extreme-poverty_v57_850x600.svg,67,191,759618760,1965504
hidden-hunger-index-vs-gdp-per-capita,ScatterPlot,,,46b725b22518346d399e94d5b31634e1,hidden-hunger-index-vs-gdp-per-capita_v39_850x600.svg,82,204,540876536,2087177
hidden-hunger-index-vs-share-of-energy-supply-from-cereals-roots-and-tubers,ScatterPlot,,,5146ffee5281ce29744c64b0206be68c,hidden-hunger-index-vs-share-of-energy-supply-from-cereals-roots-and-tubers_v28_850x600.svg,12,67,964168088,138323
high-summer-temp-usa,LineChart,,,e2726f4de9774672732c64756299f92a,high-summer-temp-usa_v11_850x600.svg,2,20,299251816,7069
historical-cost-of-computer-memory-and-storage,LineChart,,,8099382e456863893e25e2d14c3777e4,historical-cost-of-computer-memory-and-storage_v41_850x600.svg,2,17,526977600,4871
historical-death-rates-from-each-cause-category-in-france,LineChart,,,0947c85b8dbbde6f58cbb6b7fb814293,historical-death-rates-from-each-cause-category-in-france_v15_850x600.svg,3,20,959486520,25910
historical-gov-spending-gdp,WorldMap,,,17651fb385b200105d480429bb5385f6,historical-gov-spending-gdp_v21_850x600.svg,3,40,337228416,297526
historical-national-accounts-estimates-of-the-distribution-of-people-living-at-different-income-thresholds-globally,StackedArea,,,a6ef1811ca1e113315eed9d0fc07024c,historical-national-accounts-estimates-of-the-distribution-of-people-living-at-different-income-thresholds-globally_v6_850x600.svg,2,18,497983808,2844
historical-share-of-population-living-on-less-than-5-per-day-roser-hasell,StackedArea,,,10599ad10d8fd05105b33d5aa2cef3d5,historical-share-of-population-living-on-less-than-5-per-day-roser-hasell_v18_850x600.svg,3,19,983505784,6323
historys-hockey-stick-gross-domestic-product-per-capita-using-the-ratio-scale-1990,LineChart,,,f95d1cc56acd5299447d59fee552e080,historys-hockey-stick-gross-domestic-product-per-capita-using-the-ratio-scale-1990_v17_850x600.svg,8,34,540505616,587464
historys-hockey-stick-real-gross-domestic-product-per-capita-finn-using-the-ratio-scale,LineChart,,,3e0bb1407ec024e8ef3c1d30d57432b3,historys-hockey-stick-real-gross-domestic-product-per-capita-finn-using-the-ratio-scale_v9_850x600.svg,7,36,977776296,587464
historys-hockey-stick-worldwide-historical-gross-domestic-product-percapita-1990,LineChart,,,04f7cfead5e0a95a2e20d56fb46c70ae,historys-hockey-stick-worldwide-historical-gross-domestic-product-percapita-1990_v28_850x600.svg,9,36,322895376,587464
historys-hockey-stick-worldwide-historical-real-gross-domestic-product-per-capita-finn,LineChart,,,5c3e739f556741e3e926bbd9693e8339,historys-hockey-stick-worldwide-historical-real-gross-domestic-product-per-capita-finn_v13_850x600.svg,6,38,959538552,587464
hiv-death-rates,WorldMap,,,a1012ea66f71fa2025542dd93466d76a,hiv-death-rates_v28_850x600.svg,2,31,518167128,330562
hiv-death-rates-by-age,LineChart,,,fa5b3532b52746b5ad75950fda811107,hiv-death-rates-by-age_v25_850x600.svg,36,65,1002458880,2051088
hiv-expenditure,WorldMap,,,1a60c446baed75818f772f15be83717f,hiv-expenditure_v10_850x600.svg,2,23,342066760,51333
hiv-funding-and-future-requirements,LineChart,,,1b329032069629a791d772315c6925f1,hiv-funding-and-future-requirements_v13_850x600.svg,3,14,979882176,7364
hiv-funding-by-region,StackedArea,,,308d7cb7861af85711a30f8040ff280a,hiv-funding-by-region_v23_850x600.svg,2,13,739919352,3401
hivaids-deaths-and-averted-due-to-art,StackedArea,,,875be74644d82e54b59c923788372a95,hivaids-deaths-and-averted-due-to-art_v31_850x600.svg,10,22,952985768,360042
hivaids-deaths-tuberculosis-drug-resistant,StackedArea,,,e73105d669b495e6ddfcc25a270f0811,hivaids-deaths-tuberculosis-drug-resistant_v29_850x600.svg,21,38,569429216,1342559
homelessness-by-gender-point-in-time-count,StackedDiscreteBar,,,37e621227f82172af48fa412eb9018f1,homelessness-by-gender-point-in-time-count_v50_850x600.svg,2,21,382845552,1239
homelessness-rate-flow-count,StackedDiscreteBar,,,a5312ce8e49eaab6db4642aa72db52e8,homelessness-rate-flow-count_v38_850x600.svg,1,15,773637416,571
homelessness-rate-point-in-time-count,StackedDiscreteBar,,,b88be587edcd7c7cbd581b47655115d4,homelessness-rate-point-in-time-count_v47_850x600.svg,2,24,950826080,1351
homicide-deaths-by-age,StackedArea,,,72b9dc9d34fa2985be8f347862dfb6f0,homicide-deaths-by-age_v28_850x600.svg,27,39,527189752,1687574
homicide-rate,WorldMap,,,5774cc1ca6cc9432aef4b2c8edfc3572,homicide-rate_v34_850x600.svg,11,50,994641232,345218
homicide-rate-1990-vs-2020,ScatterPlot,,,4099faafc24b3f66086532f4bd54bac9,homicide-rate-1990-vs-2020_v45_850x600.svg,14,55,557160544,338430
homicide-rate-across-sources,LineChart,,,90eb3c7529eaf63898c65fcb80ffb3ed,homicide-rate-across-sources_v67_850x600.svg,27,56,793937576,810980
homicide-rate-age-standardized,WorldMap,,,b9bd3d9d0d068d518e00ba618548e553,homicide-rate-age-standardized_v12_850x600.svg,7,42,375595272,336360
homicide-rate-by-age,LineChart,,,8f7cc6b77d7e4788fac0839eb7c5aff6,homicide-rate-by-age_v28_850x600.svg,31,50,557505144,2022945
homicide-rate-by-age-of-the-victim,LineChart,,,dcf57d98743ace4705a5e131e8f014c1,homicide-rate-by-age-of-the-victim_v10_850x600.svg,17,43,976180632,950191
homicide-rate-by-sex,ScatterPlot,,,5dba64f61e2d1ca726344e435158bae0,homicide-rate-by-sex_v23_850x600.svg,9,96,1006848008,236046
homicide-rate-ghe,WorldMap,,,532bb65f9ef5ae44d4524921cfad42c2,homicide-rate-ghe_v11_850x600.svg,7,33,185960360,136922
homicide-rate-ihme-vs-unodc,ScatterPlot,,,816614a840333f710d1e0b9bb1b304ff,homicide-rate-ihme-vs-unodc_v52_850x600.svg,12,60,384788464,509784
homicide-rate-ihme-vs-who-mort-db,ScatterPlot,,,d31f0754e1c4700d7f63aba743a823c8,homicide-rate-ihme-vs-who-mort-db_v45_850x600.svg,13,77,565442352,504611
homicide-rate-in-15--to-49-year-olds,LineChart,,,f94192154f034cad5b05435a70330894,homicide-rate-in-15--to-49-year-olds_v17_850x600.svg,2,23,566323536,335614
homicide-rate-unodc,WorldMap,,,f7a59c690b53f10260e7ebe63c40760b,homicide-rate-unodc_v50_850x600.svg,10,55,1011252896,173864
homicide-rate-vs-gdp-pc,ScatterPlot,,,9709460a572c16c0e79e3bcc7358ca6d,homicide-rate-vs-gdp-pc_v67_850x600.svg,78,220,588973304,2247511
homicide-rate-where-the-perpetrator-is-an-intimate-partner,LineChart,,,d4cae40375062deb154aa91c1291e23e,homicide-rate-where-the-perpetrator-is-an-intimate-partner_v19_850x600.svg,4,23,210008760,53564
homicide-rate-who-age-standardized,WorldMap,,,df5d0ccc0439d83ead068cb3706daea5,homicide-rate-who-age-standardized_v12_850x600.svg,4,60,431767200,168691
homicide-rate-who-mortality-database,WorldMap,,,b4701728f568dda23a82b6e95916b5a8,homicide-rate-who-mortality-database_v12_850x600.svg,9,59,1047356320,168691
homicide-rate-who-vs-unodc,ScatterPlot,,,ea97fb921a36091196185766f0453e14,homicide-rate-who-vs-unodc_v22_850x600.svg,11,67,211956472,333257
homicide-rates-across-western-europe,LineChart,,,ee8d6a13e88890213b0289bca347ae8e,homicide-rates-across-western-europe_v21_850x600.svg,1,18,571447160,23477
homicide-rates-from-firearms,WorldMap,,,a9c26833a74840ca1bf2fb8e0eb0f0ad,homicide-rates-from-firearms_v46_850x600.svg,7,37,986068272,46192
homicides-by-firearm,WorldMap,,,6abb9db558a03df1ec4239752370b941,homicides-by-firearm_v20_850x600.svg,3,24,594853328,38930
homicides-by-sex-of-the-victim,StackedArea,,,8f3e3acd45b55c08e49f8e6e0ca4259b,homicides-by-sex-of-the-victim_v18_850x600.svg,6,17,1006382000,199811
homicides-ihme,WorldMap,,,66e476eb2f6ce0144d0049f932c60d6c,homicides-ihme_v32_850x600.svg,8,43,421737720,344976
homicides-unodc,WorldMap,,,942e38b508a38eb232135476efebef44,homicides-unodc_v20_850x600.svg,9,34,1040491912,148649
homicides-whomd,WorldMap,,,d2aedbf8fe6fa03438e31920a8e55e91,homicides-whomd_v16_850x600.svg,5,53,1044292072,142285
homicidesghe,WorldMap,,,38dd17f8019a43511b95a3f422ebe08d,homicidesghe_v14_850x600.svg,5,28,621217136,143915
hospital-beds-per-1000-people,WorldMap,,,7ea477a0b5426ecb6abece6406a923c6,hospital-beds-per-1000-people_v25_850x600.svg,2,27,236354960,149340
hourly-earnings-male-vs-female,ScatterPlot,,,8757850ccfc8bf47aa39a81ae2f36cf7,hourly-earnings-male-vs-female_v29_850x600.svg,4,39,1071572752,71564
hours-of-work-per-1000-lumen-hours,LineChart,,,ec91bf31cc2071459c88a34512f1bc08,hours-of-work-per-1000-lumen-hours_v6_850x600.svg,1,12,637406272,417
household-air-pollution-deaths-by-region,StackedArea,,,64eb324b896a1569f9e3f356c0a58545,household-air-pollution-deaths-by-region_v21_850x600.svg,3,16,445374184,259527
household-vs-outdoor-air-pollution-death-rates,ScatterPlot,,,a17428793c89f2247868b65a04496896,household-vs-outdoor-air-pollution-death-rates_v28_850x600.svg,10,48,291652032,515873
households-air-conditioning,DiscreteBar,,,073e259a6e14d3f330be65211b4b784a,households-air-conditioning_v3_850x600.svg,1,16,1009263056,1964
housing-discrimination-lgbt-equaldex,WorldMap,,,9e3c259f97346777ef9c6fe38a93eeff,housing-discrimination-lgbt-equaldex_v27_850x600.svg,1,15,600239616,67900
how-important-family-is-to-people-in-life,StackedDiscreteBar,,,a9af0d1e2e9916580ebe764823021fac,how-important-family-is-to-people-in-life_v23_850x600.svg,3,22,451021264,71624
how-important-friends-are-to-people-in-life,StackedDiscreteBar,,,6a92de60f8a89250ac7de85dcd48152f,how-important-friends-are-to-people-in-life_v22_850x600.svg,3,17,594532800,75245
how-important-leisure-is-to-people-in-life,StackedDiscreteBar,,,86cfa309ac58e659332bdd535e84c2d8,how-important-leisure-is-to-people-in-life_v21_850x600.svg,4,19,1019045144,75600
how-important-politics-is-in-your-life,StackedDiscreteBar,,,c75a4e1be1146d29d169f6a86d105050,how-important-politics-is-in-your-life_v21_850x600.svg,3,18,609766728,75845
how-important-religion-is-in-your-life,StackedDiscreteBar,,,d5c7810bbc58da9951d53795ce496995,how-important-religion-is-in-your-life_v28_850x600.svg,7,30,1077400744,75258
how-important-work-is-to-people-in-life,StackedDiscreteBar,,,ceb9554360d3765dce7122ea594a5c0f,how-important-work-is-to-people-in-life_v24_850x600.svg,2,18,599737368,75639
how-many-deaths-does-it-take-for-a-disaster-in-different-continents-to-receive-news-coverage,DiscreteBar,,,6361bd25779e0729e342514a3c0de5b0,how-many-deaths-does-it-take-for-a-disaster-in-different-continents-to-receive-news-coverage_v5_850x600.svg,2,15,1035845928,494
how-many-deaths-does-it-take-for-a-disaster-to-receive-news-coverage,DiscreteBar,,,26e24fbc4c0d8457c5ae9fb2d432cd56,how-many-deaths-does-it-take-for-a-disaster-to-receive-news-coverage_v5_850x600.svg,1,13,428222120,494
how-much-we-think-we-spend-on-healthcare-vs-how-much-we-actually-do,ScatterPlot,,,d294eb0ae7d1ea2e938f166d9d480702,how-much-we-think-we-spend-on-healthcare-vs-how-much-we-actually-do_v20_850x600.svg,63,195,1112959384,1843860
hpv-vaccination-coverage-in-15-year-olds,LineChart,,,5c677cf4fd7b2ea72be525ec3e7c393e,hpv-vaccination-coverage-in-15-year-olds_v11_850x600.svg,3,17,635899704,83928
hubberts-peak-vs-actual-oil-production-in-the-united-states,LineChart,,,4b8dee0d150ced6a5dbe4442e245cd9c,hubberts-peak-vs-actual-oil-production-in-the-united-states_v11_850x600.svg,2,17,458169392,7719
human-capital-index-in-2018,WorldMap,,,24635e18b8ac0b6a3197c9c8f0efd7d2,human-capital-index-in-2018_v17_850x600.svg,1,18,257961800,29039
human-capital-index-vs-gdp,ScatterPlot,,,cf3bcd865717460983eb371568168d07,human-capital-index-vs-gdp_v23_850x600.svg,74,207,652443432,2102686
human-caused-air-pollution-exposure,WorldMap,,,16d2e878103aa54c0136c76d0711e54c,human-caused-air-pollution-exposure_v19_850x600.svg,3,36,1099735560,201864
human-development-index,WorldMap,,,1129173e80084153bc0c4b3801c275b2,human-development-index_v31_850x600.svg,7,40,631273768,206212
human-development-index-groups,WorldMap,,,7addada4f5de6f57f48eef7115d1abcc,human-development-index-groups_v15_850x600.svg,2,23,478535984,196914
human-development-index-vs-gdp-per-capita,ScatterPlot,,,de54db37a56c1e081d8e92afd8dc556e,human-development-index-vs-gdp-per-capita_v27_850x600.svg,66,211,341060472,2279859
human-development-index-vs-mean-male-height,ScatterPlot,,,2dbb56432788405413101e8005d27fd9,human-development-index-vs-mean-male-height_v18_850x600.svg,91,275,1200676768,2739490
human-papillomavirus-vaccine-immunization-schedule,WorldMap,,,ad1a3e524ba3f4c25b3f4b6cefd59c17,human-papillomavirus-vaccine-immunization-schedule_v25_850x600.svg,1,19,645354776,177567
human-rights-index-vdem,WorldMap,,,26e45a3b8cd576649fa38e71b822ba92,human-rights-index-vdem_v66_850x600.svg,32,127,505622192,1055215
human-rights-index-vs-electoral-democracy-index,ScatterPlot,,,5106e1a44f414f0c0f10170f712edf34,human-rights-index-vs-electoral-democracy-index_v52_850x600.svg,50,177,740134336,2080282
human-rights-index-vs-gdp-per-capita,ScatterPlot,,,bb60a747dc46f991bcd10337a000bbed,human-rights-index-vs-gdp-per-capita_v53_850x600.svg,129,472,302530472,3540517
human-trafficking-victims,WorldMap,,,324dc5db6458fe5b61ffb85548a05f9b,human-trafficking-victims_v12_850x600.svg,2,17,518339152,12524
human-trafficking-victims-over-18-years-old-male-vs-female,ScatterPlot,,,645c85d2b2ab08927d317bbf3aef3aca,human-trafficking-victims-over-18-years-old-male-vs-female_v38_850x600.svg,60,183,557492192,1857405
human-trafficking-victims-under-18-years-old-male-vs-female,ScatterPlot,,,228f1e99998a48c56043affb1ae8bfa5,human-trafficking-victims-under-18-years-old-male-vs-female_v28_850x600.svg,64,181,696478728,1847786
hurricane-landfalls-us,LineChart,,,56df205b3537f5158ff5663a37ad250f,hurricane-landfalls-us_v9_850x600.svg,2,29,336290056,21785
hurricane-track-error,LineChart,,,7f972bd5bf6a00308a78ed67b1e18de4,hurricane-track-error_v10_850x600.svg,2,21,742163368,18398
hydro-consumption-by-region,StackedArea,,,9418582c9e5076b765de6e84ed8ab574,hydro-consumption-by-region_v18_850x600.svg,5,20,365078552,203473
hydro-electricity-per-capita,WorldMap,,,eea657d05e9c2780b9a945636c22bacf,hydro-electricity-per-capita_v34_850x600.svg,4,39,1181533848,268335
hydro-share-energy,WorldMap,,,de81152498d83a602136c3ee19ded42a,hydro-share-energy_v27_850x600.svg,2,20,387343184,212290
hydropower-generation,WorldMap,,,85986eccd13674b7929bc81b84d419dc,hydropower-generation_v37_850x600.svg,2,41,718473264,284308
hypertension-adults-30-79,WorldMap,,,a81608fdcdc2e60943267a6708860efa,hypertension-adults-30-79_v27_850x600.svg,3,27,218046144,177457
hypothetical-global-meat-demand,LineChart,,,47e13408979b1974eea21821903ad626,hypothetical-global-meat-demand_v9_850x600.svg,3,31,363527384,446525
hypothetical-land-animals-slaughtered,LineChart,,,4fd5f9cbda9f37410fd09cf83b00ac36,hypothetical-land-animals-slaughtered_v14_850x600.svg,3,35,569168632,442897
hypothetical-number-of-deaths-from-energy-production,DiscreteBar,,,2f6269e40040e64beb44a25679dc850f,hypothetical-number-of-deaths-from-energy-production_v5_850x600.svg,1,47,182788328,257
icd-code-version-used-to-classify-causes-of-death,WorldMap,,,bc27cc03a0c5064bf1e371c943aaa246,icd-code-version-used-to-classify-causes-of-death_v22_850x600.svg,2,27,738643408,201342
ice-sheet-mass-balance,LineChart,,,e6c805146a2a1cce50be85a056d42fc2,ice-sheet-mass-balance_v19_850x600.svg,1,20,373197288,12869
ict-adoption,LineChart,,,5da7cde6bd5a48976895c5f462939b06,ict-adoption_v37_850x600.svg,26,45,578987104,1046360
ict-adoption-per-100-people,LineChart,,,f51511ac2b82c7b0d7f4216a04587ca6,ict-adoption-per-100-people_v41_850x600.svg,29,50,221582832,1104594
ihr-core-capacity-index-sdgs,DiscreteBar,,,0cc16bac6faae001979298f58ea3fc1d,ihr-core-capacity-index-sdgs_v26_850x600.svg,18,31,732835584,552893
ilo-regions,WorldMap,,,c493505716ad0d7fa230bb187a92d86b,ilo-regions_v7_850x600.svg,4,19,190458424,9614
imf-imports-by-region-of-origin,StackedArea,,,d014286c7040719f9cb5aad78fdaa8e8,imf-imports-by-region-of-origin_v42_850x600.svg,40,56,596052296,2727603
immunization-coverage-against-diphtheria-tetanus-and-pertussis-dtp3-vs-gdp-per-capita,ScatterPlot,,,6c4608b2635b597b079a23b97e8f7bcf,immunization-coverage-against-diphtheria-tetanus-and-pertussis-dtp3-vs-gdp-per-capita_v31_850x600.svg,88,242,453334296,2329984
immunization-hepb3-of-one-year-old-children,LineChart,,,aee9a4ad37a2888c7b8d61503e421bed,immunization-hepb3-of-one-year-old-children_v20_850x600.svg,3,28,782571712,152664
immunization-measles-vs-vaccine-safety,ScatterPlot,,,6de1e77ea37076e291f892458b758675,immunization-measles-vs-vaccine-safety_v22_850x600.svg,4,40,269952080,123558
implementation-of-integrated-water-resource-management,WorldMap,,,662d1304f028f25535653f653ee8afbf,implementation-of-integrated-water-resource-management_v10_850x600.svg,3,22,202621144,15899
implementation-of-tools-to-monitor-economic-and-environmental-tourism,WorldMap,,,159a6d2ae091bbdab77a6f8dbd559bb8,implementation-of-tools-to-monitor-economic-and-environmental-tourism_v22_850x600.svg,5,31,323991240,72523
implementation-of-unclos,WorldMap,,,47c1ce0d18e85db9ccc559c692b60451,implementation-of-unclos_v11_850x600.svg,1,16,748797992,1628
import-of-environmentally-sound-technologies,WorldMap,,,d3bde552a8bc64d2de03c78029d516b9,import-of-environmentally-sound-technologies_v6_850x600.svg,1,19,613191544,67603
importance-government-funding-research-anxiety-depression,StackedDiscreteBar,,,a8398a6bd8944e63ca7effd9376acaeb,importance-government-funding-research-anxiety-depression_v19_850x600.svg,3,19,198877656,20443
importance-science-treating-anxiety-depression,WorldMap,,,03cb4ec261e90d8e323bb70abd4a9b8a,importance-science-treating-anxiety-depression_v16_850x600.svg,1,16,230645688,4131
imported-deforestation,WorldMap,,,e7458b50e006152253e1e570e8d6a315,imported-deforestation_v7_850x600.svg,1,28,628504896,109144
imported-or-exported-co-emissions-per-capita,WorldMap,,,101dc4412699b01982c2417d81225b16,imported-or-exported-co-emissions-per-capita_v31_850x600.svg,2,25,341515392,159695
imports-exports-plastic-income-group,LineChart,,,9407756ec920098ed18f88c1ea2d6ea2,imports-exports-plastic-income-group_v13_850x600.svg,7,30,791534784,318516
imports-of-ppe-related-products-per-capita,WorldMap,,,208e2d64a762029d9a02f4413d136a44,imports-of-ppe-related-products-per-capita_v14_850x600.svg,5,46,224159560,162027
improved-sanitation-facilities-vs-gdp-per-capita,ScatterPlot,,,336d23916ce6a5d80c64d132eb93f38d,improved-sanitation-facilities-vs-gdp-per-capita_v24_850x600.svg,17,66,282742232,447842
improved-water-sources-vs-gdp-per-capita,ScatterPlot,,,521f07ada18a90077daae9394a89a12a,improved-water-sources-vs-gdp-per-capita_v32_850x600.svg,9,74,788170808,446009
inactivated-poliovirus-vaccine-immunization-schedule,WorldMap,,,4c16dbc866ab51506413f131c7a37125,inactivated-poliovirus-vaccine-immunization-schedule_v14_850x600.svg,3,34,317459864,614802
incidence-and-prevalence-of-rabies,LineChart,,,b4b3cb198af80dae0e02b248e4d54c3c,incidence-and-prevalence-of-rabies_v33_850x600.svg,13,28,616937408,617192
incidence-of-child-labour,LineChart,,,5c7c9fdd9dea63fee9f43c7898544084,incidence-of-child-labour_v15_850x600.svg,2,16,636878208,8224
incidence-of-child-labour-boys-vs-girls,ScatterPlot,,,3b06646a7a0dfcbf3cbd6e2283e01bcf,incidence-of-child-labour-boys-vs-girls_v30_850x600.svg,110,243,302638744,1858159
incidence-of-child-labour-vs-gdp-per-capita,ScatterPlot,,,c8fd3725b25f7ebbf39a1848835f1234,incidence-of-child-labour-vs-gdp-per-capita_v31_850x600.svg,36,91,376883000,863858
incidence-of-diarrheal-diseases,WorldMap,,,ba0acf6a68cb056c3cc009bfb4f9abbe,incidence-of-diarrheal-diseases_v14_850x600.svg,2,25,660515968,259217
incidence-of-diarrheal-episodes-vs-access-to-improved-sanitation,ScatterPlot,,,dbf6888cf9e3392f267837328490ae5a,incidence-of-diarrheal-episodes-vs-access-to-improved-sanitation_v24_850x600.svg,9,47,487244224,405560
incidence-of-hiv-by-age,LineChart,,,4d97a1ebdbf2eff94ac8a18b92c70736,incidence-of-hiv-by-age_v15_850x600.svg,14,31,791729608,781097
incidence-of-hiv-the-share-of-new-infections-among-the-previously-uninfected-population-ages-15-49,LineChart,,,5a67c52a4d83de75ec63fe16af2906d8,incidence-of-hiv-the-share-of-new-infections-among-the-previously-uninfected-population-ages-15-49_v20_850x600.svg,3,15,303583816,182184
incidence-of-hivaids,WorldMap,,,a88e323ace49e0cdfabf5b0d4ccff54a,incidence-of-hivaids_v11_850x600.svg,4,26,683658736,277873
incidence-of-invasive-non-typhoidal-salmonella-age-groups,LineChart,,,ce20d15e1586b1db5b6cc30da1bc7bd5,incidence-of-invasive-non-typhoidal-salmonella-age-groups_v13_850x600.svg,22,43,264118864,1330164
incidence-of-malaria,WorldMap,,,d6d0356ee83e9e5fb863eaf91b807967,incidence-of-malaria_v24_850x600.svg,2,22,808046624,83676
incidence-of-meningitis,WorldMap,,,d1b6c3355485be8094a653bc851d8cbb,incidence-of-meningitis_v8_850x600.svg,3,26,650217792,259252
incidence-of-tuberculosis,WorldMap,,,72168ad6628539efb64a85d8f028e6b4,incidence-of-tuberculosis_v12_850x600.svg,6,32,349757136,272515
incidence-of-tuberculosis-sdgs,WorldMap,,,4304eda97bef15c6cb4b5eada4b030a2,incidence-of-tuberculosis-sdgs_v29_850x600.svg,2,27,284749368,153490
incidence-of-typhoid-and-paratyphoid-fever-age-groups,LineChart,,,41b86cb7cb3d457fd3c652b11e0525f6,incidence-of-typhoid-and-paratyphoid-fever-age-groups_v21_850x600.svg,20,48,809613912,1310630
incidence-of-venomous-animal-contact,WorldMap,,,2c64397a6e6fda29bb15c5b44df158f7,incidence-of-venomous-animal-contact_v21_850x600.svg,8,28,507196208,252249
incidence-rate-of-cardiovascular-disease,WorldMap,,,ea8bdd26fc2b0003a4b3a64fe2a11439,incidence-rate-of-cardiovascular-disease_v26_850x600.svg,3,36,676184520,257469
inciting-hatred-laws-lgbt,WorldMap,,,8210b5134ae41f30cbc456e6ac447166,inciting-hatred-laws-lgbt_v71_850x600.svg,2,18,363470088,275979
income-inequality-atkinson-index-undp,WorldMap,,,687c7bb3343e62a9394134bc38783aa3,income-inequality-atkinson-index-undp_v38_850x600.svg,3,29,832593808,99571
income-inequality-in-market-and-disposable-income-across-the-world,ScatterPlot,,,31f7bd8a5ea89b708549d012da2ca815,income-inequality-in-market-and-disposable-income-across-the-world_v23_850x600.svg,2,21,283792464,11987
income-large-scale-food-producers,WorldMap,,,223737e94826a509994baa961f4a5efe,income-large-scale-food-producers_v24_850x600.svg,1,23,691943784,3370
income-share-distribution-after-tax-lis,StackedDiscreteBar,,,97323a1ed0bfd1d4e492f3b922841ab0,income-share-distribution-after-tax-lis_v27_850x600.svg,2,20,489131888,104238
income-share-distribution-after-tax-wid,StackedArea,,,b43bc6bf071259269979a8bc2707fe0b,income-share-distribution-after-tax-wid_v58_850x600.svg,19,39,279726632,335712
income-share-distribution-before-tax-middle40-wid,StackedDiscreteBar,,,f4ea1ed1302f66c5ee96daf7aba0821a,income-share-distribution-before-tax-middle40-wid_v53_850x600.svg,9,29,368599456,452782
income-share-distribution-before-tax-wid,StackedArea,,,5ac92e256de200187aafded4710f3c80,income-share-distribution-before-tax-wid_v53_850x600.svg,9,22,519771256,452782
income-share-distribution-wb,StackedArea,,,b28a14fad1c1f62804093daa813078b7,income-share-distribution-wb_v43_850x600.svg,5,18,308194944,301041
income-share-of-the-top-10-pip,WorldMap,,,546d281521debc2eadb734141b90f5c6,income-share-of-the-top-10-pip_v51_850x600.svg,2,22,853648408,100501
income-share-top-1-after-vs-before-tax-wid-scatter,ScatterPlot,,,7b45c3163a7788fa08e53639fbb63761,income-share-top-1-after-vs-before-tax-wid-scatter_v47_850x600.svg,154,413,794137664,2663074
income-share-top-1-before-tax-wid,WorldMap,,,151aa13f0077f864057b345ff18c5b4c,income-share-top-1-before-tax-wid_v46_850x600.svg,7,39,499713584,110890
income-share-top-1-before-tax-wid-extrapolations,LineChart,,,916d10c8af41a9e71ac129a263c3e307,income-share-top-1-before-tax-wid-extrapolations_v55_850x600.svg,22,68,326656008,474128
income-share-top-10-after-tax-lis,LineChart,,,b67ccf6d02a092a9eb99bf42752e651a,income-share-top-10-after-tax-lis_v49_850x600.svg,2,30,405121712,34801
income-share-top-10-after-vs-before-tax-lis-scatter,ScatterPlot,,,cabe073036ad05a23b590dea0f72645e,income-share-top-10-after-vs-before-tax-lis-scatter_v41_850x600.svg,227,512,359966616,2525313
income-share-top-10-after-vs-before-tax-wid-scatter,ScatterPlot,,,3c220868c6d2e30ef0dfcd8d45af6d7d,income-share-top-10-after-vs-before-tax-wid-scatter_v49_850x600.svg,159,351,948457000,2665253
income-share-top-10-before-tax-wid,WorldMap,,,9618bafe6927757d2c5ead926000e3de,income-share-top-10-before-tax-wid_v37_850x600.svg,3,44,385302616,111837
income-small-scale-food-producers,WorldMap,,,aede22e1a71319c82f9d37c36b0a7102,income-small-scale-food-producers_v31_850x600.svg,5,27,511332352,3508
income-support-covid,WorldMap,,,a34097b67714227f6e16317f5e631e11,income-support-covid_v2798_850x600.svg,49,387,362897176,4967827
income-taxes-share-of-revenue-europe,LineChart,,,769173df25413fce5be954ac57d62992,income-taxes-share-of-revenue-europe_v5_850x600.svg,4,32,431711752,22728
increase-male-vs-female-height,ScatterPlot,,,00cc292380cd3d1dfef965298a91b637,increase-male-vs-female-height_v5_850x600.svg,5,55,528266336,23167
index-of-cereal-production-yield-and-land-use,LineChart,,,c9090b3d39025a83bd8628c7c27975b9,index-of-cereal-production-yield-and-land-use_v24_850x600.svg,140,197,432796448,3135369
india-government-debt-as-a-percentage-of-gdp-19802019,LineChart,,,f52b6f6ea7eeb875255f0370151f2abd,india-government-debt-as-a-percentage-of-gdp-19802019_v13_850x600.svg,2,11,549584072,1252
indian-rhinos,LineChart,,,ca516c4f146fd9b6d6da992b919e1ba9,indian-rhinos_v10_850x600.svg,2,14,568255768,1404
individual-liberties-and-equality-before-the-law-index,WorldMap,,,024fe614b7722a2ed5bb75b822bc420f,individual-liberties-and-equality-before-the-law-index_v49_850x600.svg,39,137,834386512,1064697
indoor-pollution-death-rates-clean-fuels,ScatterPlot,,,7aa8eba21141e56701d9122ef677e5be,indoor-pollution-death-rates-clean-fuels_v42_850x600.svg,11,60,936045400,408165
industrial-robots-annual-installations-total-operational,StackedBar,,,4292c19461cbb4372098b5ab43ac5865,industrial-robots-annual-installations-total-operational_v27_850x600.svg,4,20,541685448,2985
industrial-robots-in-operation-per-1000-employees,DiscreteBar,,,180bef83b22a60d93eb2da990e3a3ead,industrial-robots-in-operation-per-1000-employees_v9_850x600.svg,2,19,570458424,1202
industrial-water-as-a-share-of-total-water-withdrawals,LineChart,,,0cc4b59e63ffb1a2b489a32cad73f1e4,industrial-water-as-a-share-of-total-water-withdrawals_v17_850x600.svg,4,45,349891720,190961
industrial-water-withdrawal,WorldMap,,,7a88446a48095d1ff76ababa9c688d92,industrial-water-withdrawal_v6_850x600.svg,3,21,448491000,17416
industry-share-of-total-emplyoment,WorldMap,,,ba47f3b86997eefec8d3edd2176108a9,industry-share-of-total-emplyoment_v20_850x600.svg,3,37,382122504,233403
inequality-adjusted-hdi-vs-human-development-index,ScatterPlot,,,c25ddb3a89278ba3db61ff06e3a41cee,inequality-adjusted-hdi-vs-human-development-index_v12_850x600.svg,149,327,645736000,2738734
inequality-adjusted-human-development-index,WorldMap,,,5909d21fb9f2a7d4b5b8018aa03dba46,inequality-adjusted-human-development-index_v39_850x600.svg,3,26,469324872,80732
inequality-adjusted-human-development-index-vs-gdp-per-capita,ScatterPlot,,,48d6532a1531037d4270f4cc55a5ca5f,inequality-adjusted-human-development-index-vs-gdp-per-capita_v30_850x600.svg,143,402,464915096,2783089
inequality-in-education,WorldMap,,,716fcfae82b10740fe442047019cd55d,inequality-in-education_v33_850x600.svg,5,66,405313896,100254
inequality-in-life-expectancy,WorldMap,,,0014e3f779003547695aeec93fed6310,inequality-in-life-expectancy_v28_850x600.svg,5,28,857006728,115182
inequality-in-life-expectancy-vs-health-expenditure-per-capita,ScatterPlot,,,e82938f2d3b83db99f321a5db298d152,inequality-in-life-expectancy-vs-health-expenditure-per-capita_v29_850x600.svg,102,277,1014460360,2109945
inequality-in-wealth-earnings-and-disposable-income-us-sweden-and-japan-2000s,DiscreteBar,,,593fd3d7114fc1238d158df91788e53a,inequality-in-wealth-earnings-and-disposable-income-us-sweden-and-japan-2000s_v7_850x600.svg,2,17,491631448,342
inequality-metrics-before-tax-wid,LineChart,,,cb3ef0e55ce731a89c55d223a12e3ca0,inequality-metrics-before-tax-wid_v32_850x600.svg,7,27,499787696,338417
inequality-of-incomes-before-and-after-taxes-and-transfers-scatter,ScatterPlot,,,8e6df0d37ddece344a6cdc5180bd62e6,inequality-of-incomes-before-and-after-taxes-and-transfers-scatter_v62_850x600.svg,69,142,866514520,1883887
inequality-of-incomes-before-and-after-taxes-and-transfers-scatter-working-age-pop,ScatterPlot,,,337fd9a7c0f3a618abe17acbcf127cbd,inequality-of-incomes-before-and-after-taxes-and-transfers-scatter-working-age-pop_v67_850x600.svg,72,164,412467752,1883928
infant-death-rates-by-cause-by-sex,ScatterPlot,,,5202f8c3524d58acab4207e9a057e695,infant-death-rates-by-cause-by-sex_v14_850x600.svg,1,17,500962008,3212
infant-deaths,StackedArea,,,64f4ea5f507855eaaeb20cc3b49b9340,infant-deaths_v17_850x600.svg,23,37,485997352,1006382
infant-mortality,WorldMap,,,8cd1ec6bdb15cfa0cf442a18de895002,infant-mortality_v44_850x600.svg,3,40,522193752,465127
infant-mortality-by-sex,ScatterPlot,,,621015676bf19235c606e62e872819e6,infant-mortality-by-sex_v27_850x600.svg,20,76,930637880,926665
infant-mortality-rate,WorldMap,,,a7f2b6eadc70ed5d05f08420571df984,infant-mortality-rate_v20_850x600.svg,6,36,439462232,326038
infant-mortality-rate-wdi,LineChart,,,61002a2d9c7c118f1f33f9211541197b,infant-mortality-rate-wdi_v24_850x600.svg,16,34,512062560,917367
infant-mortality-rates,WorldMap,,,bafbf6749d7d24977218803652f616c5,infant-mortality-rates_v18_850x600.svg,8,36,670641512,576657
infant-mortality-rates-uk,LineChart,,,aecd803f014f37c06efc4aad1faaace3,infant-mortality-rates-uk_v4_850x600.svg,2,17,1042800256,2894
infant-mortality-vaccines,LineChart,,,bd2abff77352fc5cd765bfa0f999debf,infant-mortality-vaccines_v7_850x600.svg,1,14,539708528,3319
infant-mortality-vs-prenatal-care,ScatterPlot,,,333396046fc1c6b4871c40ae0fc14c3e,infant-mortality-vs-prenatal-care_v16_850x600.svg,14,62,444506768,386075
infants-pre-term-share,DiscreteBar,,,02afc11a653f6a6e5bf93fa9c7e7746f,infants-pre-term-share_v4_850x600.svg,1,13,523681264,840
infectious-and-parasitic-diseases-death-rate-who-mdb,LineChart,,,7aa538ea7963675731336786630f9c62,infectious-and-parasitic-diseases-death-rate-who-mdb_v15_850x600.svg,2,40,1057283824,161759
infectious-disease-death-rates,WorldMap,,,ce418ae4bb4401e18f5786b9f94704db,infectious-disease-death-rates_v24_850x600.svg,3,30,700048832,325868
infectious-disease-death-rates-gbd,WorldMap,,,5e42067b0d9d6a8aedccaab61790f9f0,infectious-disease-death-rates-gbd_v8_850x600.svg,3,27,954079856,334802
inflation-and-central-bank-independence-oecd-countries,ScatterPlot,,,ca78a1aa2f9e12d1d2cf6e3cd2f6599e,inflation-and-central-bank-independence-oecd-countries_v19_850x600.svg,2,17,512701600,1024
inflation-and-presidential-election-victory-in-the-us,ScatterPlot,,,bdfbfbf52651d71572d645e83f9ede55,inflation-and-presidential-election-victory-in-the-us_v32_850x600.svg,1,31,452853864,1828
inflation-levels-and-volatility-in-high--and-low-income-economies-1960-2017,LineChart,,,4862fc42ba750d2564f315be0affe836,inflation-levels-and-volatility-in-high--and-low-income-economies-1960-2017_v11_850x600.svg,2,22,698745088,10196
inflation-of-consumer-prices,WorldMap,,,1dd34a4202103e1193c5ac0b065d8f2c,inflation-of-consumer-prices_v27_850x600.svg,2,41,183581216,327333
influenza-vaccination-rate-elderly-oecd,WorldMap,,,318e2e3c0c26e3808822e612d75044ee,influenza-vaccination-rate-elderly-oecd_v29_850x600.svg,1,17,527950920,15682
influenza-vaccination-rate-elderly-who-unicef,WorldMap,,,be5db632120f45ca7560aec3ecbe8fc1,influenza-vaccination-rate-elderly-who-unicef_v10_850x600.svg,3,18,1022284808,7377
informal-employment-in-agriculture,WorldMap,,,d5a12ef03de5e6aa20822a1f2e15ceb9,informal-employment-in-agriculture_v17_850x600.svg,1,23,462441272,32436
injuries-from-terrorist-attacks,WorldMap,,,a3eeda0237f9f5c49454d7dcd0f69de8,injuries-from-terrorist-attacks_v29_850x600.svg,10,38,696648952,282800
innovation-in-computing-power-index-of-computing-speed,ScatterPlot,,,21c14d02e4655997e82b2a2fc968bc95,innovation-in-computing-power-index-of-computing-speed_v13_850x600.svg,4,35,492865008,14986
insecticide-use,WorldMap,,,929c38ae6f56b017a5ac22e325da7508,insecticide-use_v11_850x600.svg,2,25,1038567776,230310
installed-geothermal-capacity,WorldMap,,,4aa64632b84166872cf938b4f321d25b,installed-geothermal-capacity_v11_850x600.svg,2,22,538759128,27921
installed-global-renewable-energy-capacity-by-technology,LineChart,,,3c2c0b354ab0af663dc99e06582c413e,installed-global-renewable-energy-capacity-by-technology_v18_850x600.svg,1,16,440710144,17196
installed-solar-pv-capacity,LineChart,,,11830be1b5f325e09c80a4a42209cf50,installed-solar-pv-capacity_v20_850x600.svg,7,35,223093128,139376
intensity-of-multidimensional-poverty,WorldMap,,,931b36500b1397c56901708d6f4273fc,intensity-of-multidimensional-poverty_v39_850x600.svg,2,42,713588072,12979
intensity-of-multidimensional-poverty-hot,LineChart,,,ba00573b849d4627bd64783d4cd4d574,intensity-of-multidimensional-poverty-hot_v20_850x600.svg,1,28,1081031744,8155
intercontinental-trade-per-capita-1500-1800,LineChart,,,0fb40f5d52a921392d54d580af9164b5,intercontinental-trade-per-capita-1500-1800_v5_850x600.svg,2,12,459487080,590
intergenerational-and-cross-sectional-inequality,ScatterPlot,,,401226931b6a3c86041bf0dea8325680,intergenerational-and-cross-sectional-inequality_v23_850x600.svg,1,15,574747928,787
internal-movement-covid,WorldMap,,,95291584502035e7b81f3b3186487b5b,internal-movement-covid_v2826_850x600.svg,32,324,281069072,4967827
internal-renewable-freshwater-resources-by-region,DiscreteBar,,,bdf68bb1fd4d3bff8f6f49c275e97ca3,internal-renewable-freshwater-resources-by-region_v10_850x600.svg,4,16,481673696,320860
internally-displaced-people-due-to-conflict,WorldMap,,,2bf9d5484ffde8abc099017b37bf1941,internally-displaced-people-due-to-conflict_v18_850x600.svg,6,39,1065258344,165932
internally-displaced-persons-from-disasters,WorldMap,,,f30ea92aa5c8b2edd553740f05fa76bd,internally-displaced-persons-from-disasters_v22_850x600.svg,2,22,542432632,57224
international-arrivals-for-personal-vs-business-and-professional-reasons,ScatterPlot,,,88d23f8f7b4be7e1b48bea767fac5ff6,international-arrivals-for-personal-vs-business-and-professional-reasons_v20_850x600.svg,8,61,504326872,254126
international-capital-flows,LineChart,,,ddd9037d33aac5b250838375bbe340df,international-capital-flows_v8_850x600.svg,1,16,735103664,998
international-finance-clean-energy,WorldMap,,,a2132ce2b8f1e3acb1ce49fe15cbe991,international-finance-clean-energy_v22_850x600.svg,3,25,1079312288,112490
international-same-day-arrivals,WorldMap,,,fcdc6298d941517038dcf6345bfb49ee,international-same-day-arrivals_v29_850x600.svg,4,29,718946888,100964
international-same-day-visitors-per-1000-people,WorldMap,,,23a0108670e3e66aace450081c3cffdb,international-same-day-visitors-per-1000-people_v21_850x600.svg,7,31,567954952,107661
international-tourist-arrivals-by-region-of-origin,StackedArea,,,2b7c3e8be408d346c6e6449d29e04224,international-tourist-arrivals-by-region-of-origin_v18_850x600.svg,4,22,517106016,6607
international-tourist-departures,WorldMap,,,525dfe735cff4ace863241b70d4a7f67,international-tourist-departures_v17_850x600.svg,7,40,496618624,84660
international-tourist-departures-per-1000,WorldMap,,,bd9daa9fb4676bdaa84f343671f362a0,international-tourist-departures-per-1000_v37_850x600.svg,3,32,1104951744,89573
international-tourist-trips,WorldMap,,,884aac82cccf526a0f9ee89eb2469aa8,international-tourist-trips_v29_850x600.svg,8,40,189854640,171383
international-tourist-trips-by-destination-region,StackedArea,,,3831b1321483d2e1ebf47455aa0cf0dc,international-tourist-trips-by-destination-region_v24_850x600.svg,1,11,587601192,7023
international-tourist-trips-per-1000-people,WorldMap,,,74cd56688f8f0cb74941fc675f297d1c,international-tourist-trips-per-1000-people_v13_850x600.svg,6,40,475250992,181882
international-travel-covid,WorldMap,,,c9330419e9c906f174b63e4dc619f60c,international-travel-covid_v2818_850x600.svg,37,412,1159272488,4967827
international-trips-for-business-and-professional-reasons,WorldMap,,,99740c856778f397d8ae909d137f09d4,international-trips-for-business-and-professional-reasons_v17_850x600.svg,10,51,571593328,128164
international-trips-for-personal-reasons,WorldMap,,,c58cc1884ad3ba8a55dbe282a902c3b6,international-trips-for-personal-reasons_v14_850x600.svg,10,65,524224272,135260
interpersonal-trust-in-europe,WorldMap,,,508f78086cf14ce88c6deb8771c708c5,interpersonal-trust-in-europe_v19_850x600.svg,3,104,514229408,920
interpersonal-trust-in-the-us,LineChart,,,bcc30edbf4509fe6f716b106af87a254,interpersonal-trust-in-the-us_v14_850x600.svg,3,15,207432584,868
interpersonal-trust-measured-in-different-surveys,ScatterPlot,,,26f11ffa91c87430db3d4d2765a9b405,interpersonal-trust-measured-in-different-surveys_v18_850x600.svg,11,47,586463384,38329
interpersonal-trust-vs-income-inequality,ScatterPlot,,,8b8c6cfb99e93ddbc9f3112be39334d6,interpersonal-trust-vs-income-inequality_v53_850x600.svg,163,305,263264184,1957829
intersex-infant-surgery,WorldMap,,,36b22be5ef719228fcaebeccd2ddd5bf,intersex-infant-surgery_v17_850x600.svg,1,27,291968560,12786
interventions-for-substance-use-disorders,DiscreteBar,,,bea149cc3c38ed81592a8cb8dbfe15f8,interventions-for-substance-use-disorders_v19_850x600.svg,5,25,539078360,14738
interventions-ntds-sdgs,WorldMap,,,34f2d629ed13886ec28e55c9fa89f076,interventions-ntds-sdgs_v29_850x600.svg,3,38,605487136,91741
investment-in-renewable-energy-by-technology,StackedArea,,,e9bbebe8eddf7d33a27dac366c6fedea,investment-in-renewable-energy-by-technology_v8_850x600.svg,6,36,515774976,4360
ipv-vaccine-coverage,WorldMap,,,321a5107e29c6befc7d28b21ca4d1593,ipv-vaccine-coverage_v15_850x600.svg,2,29,477769856,55399
ipv1-number-unvaccinated,WorldMap,,,6f1cf3be37d83819b33b0f4b5302d9dc,ipv1-number-unvaccinated_v15_850x600.svg,2,42,309645696,54608
is-antibiotic-use-in-livestock-above-global-guidelines,WorldMap,,,921684b84542b92758bfd20077fdf14d,is-antibiotic-use-in-livestock-above-global-guidelines_v10_850x600.svg,3,36,528767992,6421
iwc-members,WorldMap,,,e42d0e880626424f3a756492a092cb72,iwc-members_v11_850x600.svg,2,19,616327752,126433
javan-rhinos,LineChart,,,ed286091f05e191d1ea15b5d8649f471,javan-rhinos_v11_850x600.svg,1,13,496442408,1055
joint-adoptions-by-same-sex-partners,WorldMap,,,18a7b01e71872a31d406c5e4598dabbb,joint-adoptions-by-same-sex-partners_v79_850x600.svg,3,21,326911240,257318
joint-adoptions-same-sex-partners-equaldex,WorldMap,,,64fa53758a4c1f16b99e93cbc2adfd9b,joint-adoptions-same-sex-partners-equaldex_v32_850x600.svg,2,19,507747264,63625
judicial-constraints-on-the-executive-index,WorldMap,,,36517b974c1579f76866087edab1b692,judicial-constraints-on-the-executive-index_v53_850x600.svg,29,120,639562104,1018441
judicial-corruption-score,WorldMap,,,779e300a43ced693fdc58c42394895da,judicial-corruption-score_v18_850x600.svg,11,56,557134848,882204
justified-political-positions-score,WorldMap,,,e97da2ff6ff0e03b04da5b8f39f569b6,justified-political-positions-score_v58_850x600.svg,11,45,355221808,707430
kaya-identity-co2,LineChart,,,e2b52dc448d39ae01da6a9af46fbbe3b,kaya-identity-co2_v65_850x600.svg,220,312,569329288,4655138
key-crop-yields,LineChart,,,c6070ff743cf6dc3f1d52af4e75d28aa,key-crop-yields_v14_850x600.svg,96,128,1193054328,3310141
key-features-of-democracy,LineChart,,,dbf2e740020b5c299c203111564f9b47,key-features-of-democracy_v79_850x600.svg,138,311,304292976,4443750
key-features-of-electoral-democracy,LineChart,,,2547fdb65bd852ffee03f049ac51da4e,key-features-of-electoral-democracy_v72_850x600.svg,266,314,642261144,5989902
key-features-of-human-rights,LineChart,,,4193dca9d72e403c3e9249183e3754f7,key-features-of-human-rights_v71_850x600.svg,114,158,413476136,4206201
key-features-of-liberal-democracy,LineChart,,,dd669bad4b4fff9c1621703eeaa9fe2c,key-features-of-liberal-democracy_v74_850x600.svg,286,313,664600376,5946436
key-features-of-womens-political-empowerment,LineChart,,,63ffda8eac9b0e3be427dadd311d0e4e,key-features-of-womens-political-empowerment_v49_850x600.svg,157,266,1214093168,3865615
key-media-freedoms,LineChart,,,9a312a39894d0f955993ac9c1be73b4f,key-media-freedoms_v19_850x600.svg,224,304,416088432,3929631
kilograms-meat-per-animal,DiscreteBar,,,8db48aa54c100339fffc22b87db583e3,kilograms-meat-per-animal_v8_850x600.svg,1,10,532505072,508
knowledge-hiv-prevention-in-males-vs-females,ScatterPlot,,,23e12d01e9b91f8c74b4ff1fee6a4aa9,knowledge-hiv-prevention-in-males-vs-females_v21_850x600.svg,194,330,354475544,1854900
labor-force-participation-rate-by-age,LineChart,,,f05a7327817bfc4c8aa9ce0fb4cad97b,labor-force-participation-rate-by-age_v18_850x600.svg,22,100,587218896,959849
labor-force-participation-rate-of-men-65-years-and-older-in-the-usa,LineChart,,,4e41573d310a5f10e14b5bbee3200b65,labor-force-participation-rate-of-men-65-years-and-older-in-the-usa_v10_850x600.svg,1,36,1233548664,967
labor-force-participation-rates-for-women-ages-15-24-2020-vs-1980,ScatterPlot,,,f1379c21de1acc200383bfcc6a2abab2,labor-force-participation-rates-for-women-ages-15-24-2020-vs-1980_v31_850x600.svg,220,431,254830040,2117532
labor-participation-rate,WorldMap,,,d9dd70b801dd326dc9735dfa1330f509,labor-participation-rate_v21_850x600.svg,4,60,692711376,220508
labor-productivity-agriculture-sweden,LineChart,,,21f4a092b560121563ee3c5039c85c3a,labor-productivity-agriculture-sweden_v3_850x600.svg,3,24,1266286624,5103
labor-productivity-per-hour,LineChart,,,f44751db57baea7ea135fc0c8383ccfb,labor-productivity-per-hour_v8_850x600.svg,3,43,1259874064,8178
labor-productivity-per-hour-pennworldtable,WorldMap,,,5e808287535b8e2592e46719df8a9ec7,labor-productivity-per-hour-pennworldtable_v35_850x600.svg,2,46,563936872,163788
labor-productivity-vs-gdp-per-capita,ScatterPlot,,,cf27323a46f703864ff46c26d56e607c,labor-productivity-vs-gdp-per-capita_v34_850x600.svg,80,235,769616072,2367041
labor-share-of-gdp,WorldMap,,,2debc9230c8b5e6ad252d84039259f6c,labor-share-of-gdp_v24_850x600.svg,2,27,436238552,99169
lack-of-access-to-clean-fuels-for-cooking-vs-gdp-per-capita,ScatterPlot,,,2bfe137c7c48836b1949331d0b70a22e,lack-of-access-to-clean-fuels-for-cooking-vs-gdp-per-capita_v10_850x600.svg,144,375,250995680,2853872
land-animals-slaughtered-for-meat,StackedArea,,,82e239960b27311191523e673640881e,land-animals-slaughtered-for-meat_v14_850x600.svg,127,146,564717232,3252136
land-area-hectares,DiscreteBar,,,712ff2f1d64ff87d487eec35490a7762,land-area-hectares_v24_850x600.svg,5,20,455804568,547780
land-area-km,WorldMap,,,705ecbd50108aca1cbfae42c61758a2f,land-area-km_v18_850x600.svg,3,45,481413360,397004
land-area-per-crop-type,LineChart,,,6b0ccb50c97a8984d710611b996805cd,land-area-per-crop-type_v10_850x600.svg,143,172,411927488,4748270
land-natural-share,LineChart,,,ed192676c83658acba70f7dce1bf613b,land-natural-share_v3_850x600.svg,2,26,466687376,142146
land-ownership-men-vs-women,ScatterPlot,,,dcf3503dcda4a31ec9c23c50f00162af,land-ownership-men-vs-women_v24_850x600.svg,3,26,570959208,14418
land-sparing-by-crop,DiscreteBar,,,9dd42f5d41d712f0bcb7961c5f974acb,land-sparing-by-crop_v12_850x600.svg,2,17,485626408,17993
land-use,LineChart,,,76ab01bae9e1a2f65cdf355b1d8efe81,land-use_v18_850x600.svg,44,64,577361728,1350677
land-use-agriculture-longterm,LineChart,,,4ebdee0cb10c41441c0d1ae6ca990e82,land-use-agriculture-longterm_v5_850x600.svg,2,10,456826688,149031
land-use-for-vegetable-oil-crops,StackedArea,,,edec87f382450f15a4dbc015602ef160,land-use-for-vegetable-oil-crops_v10_850x600.svg,69,293,796696608,2320005
land-use-kcal-poore,DiscreteBar,,,825f2430adb4531245a0d881821c1357,land-use-kcal-poore_v20_850x600.svg,2,18,487532152,1415
land-use-over-the-long-term,StackedArea,,,aa4cb2618eafe81f066f2b07a47c9574,land-use-over-the-long-term_v15_850x600.svg,64,80,489711656,2624873
land-use-palm-oil,WorldMap,,,738ff39cf3b11a1e85d3eda5e6bd123b,land-use-palm-oil_v12_850x600.svg,2,22,430049768,136833
land-use-per-kg-poore,DiscreteBar,,,0ce312e487f4b8e246c6a131381d0795,land-use-per-kg-poore_v20_850x600.svg,1,18,605564608,1246
land-use-protein-poore,DiscreteBar,,,b91d3fb1b67daae2dc516dfc69920c79,land-use-protein-poore_v23_850x600.svg,3,26,627832632,1153
land-use-seafood,DiscreteBar,,,e44e90e46441928b0f162c27dc373a55,land-use-seafood_v12_850x600.svg,2,25,277122088,514
land-use-vs-yield-change-in-cereal-production,ScatterPlot,,,29174bcfce30f3c172b4a6f920cb5879,land-use-vs-yield-change-in-cereal-production_v18_850x600.svg,89,263,481629312,2415903
landline-internet-subscriptions,WorldMap,,,59a24e181c0a8b2c31cbf638c3ddf097,landline-internet-subscriptions_v31_850x600.svg,3,25,594125440,139410
landline-internet-subscriptions-by-speed,StackedDiscreteBar,,,64716b89bd3e1e01514bdf083a708dcd,landline-internet-subscriptions-by-speed_v12_850x600.svg,10,24,267988176,166852
landline-internet-subscriptions-per-100-people-by-speed,LineChart,,,ab3cc588787d6c6d3fd86c00e2815e06,landline-internet-subscriptions-per-100-people-by-speed_v15_850x600.svg,13,52,488003744,288667
landline-phone-subscriptions,WorldMap,,,da189d2ddeb98da56f6c6a2db2f2755c,landline-phone-subscriptions_v25_850x600.svg,5,53,302197080,382920
large-household-expenditures-health,WorldMap,,,80e6adae6a82509007a5e54b0e8db4ac,large-household-expenditures-health_v21_850x600.svg,3,24,605486920,30242
large-oil-spills-decadal,StackedBar,,,4695ce0c0bb0310cba81be698f593c3d,large-oil-spills-decadal_v16_850x600.svg,2,12,508835024,465
law-mandate-nondiscrimination-hiring,WorldMap,,,dfe355b734dbcc251b1342f6bab87cb5,law-mandate-nondiscrimination-hiring_v17_850x600.svg,3,40,272904288,260445
laws-antimicrobials-livestock,WorldMap,,,b938de44ed5ed048bf7525f5f1dc2bae,laws-antimicrobials-livestock_v6_850x600.svg,2,21,523000864,5691
laws-on-child-marriage,WorldMap,,,3c90c3342097b16ac4a553a128ad274c,laws-on-child-marriage_v30_850x600.svg,2,18,615801040,4996
laying-hens-cages-and-cage-free,StackedDiscreteBar,,,a4066857184d8c720af3c4019bbee586,laying-hens-cages-and-cage-free_v7_850x600.svg,2,14,287090280,26338
lead-blood-usa-children,LineChart,,,66ceaf839dd674947d8043160bbad916,lead-blood-usa-children_v6_850x600.svg,1,19,822897168,794
lead-concentrations-blood-adults,WorldMap,,,b961370a0f8627465277c42623a59dd2,lead-concentrations-blood-adults_v5_850x600.svg,3,19,284956896,1111
lead-concentrations-blood-children,WorldMap,,,8c05865616e6c50326d003fbda068967,lead-concentrations-blood-children_v4_850x600.svg,1,15,536089704,1017
lead-paint-over-10000ppm,WorldMap,,,b355d7870769c9cdd32123be929761ed,lead-paint-over-10000ppm_v3_850x600.svg,1,16,626409376,1555
lead-paint-over-600ppm,WorldMap,,,ac3690879269a3ad8663332cf4a12c94,lead-paint-over-600ppm_v2_850x600.svg,2,18,842095360,1618
lead-paint-over-90ppm,WorldMap,,,fac2a7252647e36bb302913924aacbef,lead-paint-over-90ppm_v4_850x600.svg,2,19,301783480,1620
lead-petrol-ban,WorldMap,,,56c56580062a5ce2286dacbcc421b81c,lead-petrol-ban_v9_850x600.svg,2,21,296120728,134626
leading-broad-cause-of-death,WorldMap,,,2f92514d395ec10cebc4da91b8be359d,leading-broad-cause-of-death_v9_850x600.svg,5,26,556388816,604861
leading-cancer-types-causing-death-in-men,WorldMap,,,712bc5eef980d25f72d0bc2c8a52394e,leading-cancer-types-causing-death-in-men_v17_850x600.svg,1,25,650073000,238122
leading-cancer-types-causing-death-in-women,WorldMap,,,56ac9b014d5ca2fc1d29371f19e13035,leading-cancer-types-causing-death-in-women_v18_850x600.svg,2,22,826793464,203476
leading-cause-of-child-mortality-among-children-under-five,WorldMap,,,8f796c6173cd3400f89c14bfc51aa433,leading-cause-of-child-mortality-among-children-under-five_v11_850x600.svg,5,31,326424584,461227
leading-cause-of-death,WorldMap,,,3c08686c53f8d6a526b09338309f3063,leading-cause-of-death_v18_850x600.svg,6,35,320058760,475814
learning-adjusted-years-of-schooling-gender-scatter,ScatterPlot,,,3db7be38df40672be164de68dcf4d719,learning-adjusted-years-of-schooling-gender-scatter_v13_850x600.svg,84,262,639481520,2504083
learning-adjusted-years-of-schooling-vs-electoral-democracy-index,ScatterPlot,,,f97184f8248cc847240abe40e91bdf30,learning-adjusted-years-of-schooling-vs-electoral-democracy-index_v61_850x600.svg,44,186,644559144,1053544
learning-outcomes-vs-gdp-per-capita,ScatterPlot,,,94a7d788c329928f03597c35f80a4ce8,learning-outcomes-vs-gdp-per-capita_v60_850x600.svg,69,210,882044480,2107930
legal-controls-lead-paint,WorldMap,,,6395f37f8cb68b0d6e08d3fcd522c459,legal-controls-lead-paint_v8_850x600.svg,2,21,489896064,4824
legal-frameworks-addressing-gender-equality-in-employment-and-economic-benefits,WorldMap,,,64dded9d49d977dab566e922f6442b00,legal-frameworks-addressing-gender-equality-in-employment-and-economic-benefits_v16_850x600.svg,2,21,339851824,11690
legal-frameworks-gender-equality-within-marriage-and-family,WorldMap,,,8270f88ad46fbe0de88cfedaa0e4977e,legal-frameworks-gender-equality-within-marriage-and-family_v13_850x600.svg,2,19,335476856,12682
legal-frameworks-regarding-violence-against-women,WorldMap,,,607508086544185f1b771dc78f189028,legal-frameworks-regarding-violence-against-women_v12_850x600.svg,2,15,353325856,12664
legally-recognized-rights-to-land,DiscreteBar,,,ac548da9e904b5a320860fac6a7d2dba,legally-recognized-rights-to-land_v17_850x600.svg,1,12,505479384,2772
legislation-domestic-violence,WorldMap,,,62e3c39fdb9373f15ed9b1f2d16cd38b,legislation-domestic-violence_v86_850x600.svg,2,29,526217720,260445
legislation-on-sexual-harassment-in-employment,WorldMap,,,471bc4bf964e35b758d958277ae548cf,legislation-on-sexual-harassment-in-employment_v80_850x600.svg,3,40,305151608,260445
legislative-constraints-on-the-executive-index,WorldMap,,,ed1b1855d74abcbd488d983a15ac4c67,legislative-constraints-on-the-executive-index_v54_850x600.svg,46,129,381826288,834442
legislative-corruption-score,WorldMap,,,9db051a3721f7286d840a43a0d1ea04d,legislative-corruption-score_v17_850x600.svg,10,42,553637856,605454
legislative-provisions-for-managing-disaster-risk,WorldMap,,,7a809c398a0f34215c28893d515e890c,legislative-provisions-for-managing-disaster-risk_v27_850x600.svg,4,27,316532768,21464
lettuce-yields,WorldMap,,,ab13e226e1227a2ac715f0cbda93871b,lettuce-yields_v11_850x600.svg,7,30,527896568,260027
level-of-national-compliance-with-labor-rights,WorldMap,,,e507e4b980590dcc351e7815deafe182,level-of-national-compliance-with-labor-rights_v17_850x600.svg,1,21,331341000,52317
levelized-cost-of-energy,LineChart,,,ed8919908572c566e826789ef9a54d2b,levelized-cost-of-energy_v26_850x600.svg,2,26,692801432,41180
leverage-ratio-of-banks-in-the-uk-and-us-19602018,LineChart,,,c762440b68f79aba81719770419e488f,leverage-ratio-of-banks-in-the-uk-and-us-19602018_v12_850x600.svg,1,17,411623048,2818
lgbt-legal-equality-index,WorldMap,,,580a186a1d5bbd85009e2e64a3363107,lgbt-legal-equality-index_v19_850x600.svg,3,22,895438688,6085
lgbt-rights-index,WorldMap,,,fde1ba3ad91f88f0fcbc5c4992e43f17,lgbt-rights-index_v27_850x600.svg,2,22,614874264,196957
liberal-democracy-index,WorldMap,,,c687c5246b3c5a1766a18664e9a1a2ca,liberal-democracy-index_v49_850x600.svg,34,124,710814648,993265
liberal-democracy-row,WorldMap,,,337c88c6b79e0bed541241f2a689c97c,liberal-democracy-row_v48_850x600.svg,6,48,549523912,1608262
liberal-political-institutions-index,WorldMap,,,b9350138a82558500e251bce6cf6e1d9,liberal-political-institutions-index_v49_850x600.svg,36,141,360261328,1015346
liberal-political-institutions-row,WorldMap,,,ff4c108d5745df5ef4d6c3e3b60ae3da,liberal-political-institutions-row_v78_850x600.svg,6,46,388745616,1578672
life-expectancy,LineChart,,,424442fda2945973771f274bb7ad1c88,life-expectancy_v64_850x600.svg,6,40,914042072,675005
life-expectancy-at-age-15,WorldMap,,,e62f04656c6bbb1a19cfc11afcaa4d2f,life-expectancy-at-age-15_v22_850x600.svg,8,100,670820096,1255570
life-expectancy-at-birth-including-the-un-projections,LineChart,,,a3ab6f826d7412dd56802e9d455cf0d5,life-expectancy-at-birth-including-the-un-projections_v27_850x600.svg,40,92,584335048,1168533
life-expectancy-at-birth-oecd,WorldMap,,,bc65addab522bc3f18c095f42c5cbcc4,life-expectancy-at-birth-oecd_v18_850x600.svg,4,30,405883128,77689
life-expectancy-at-birth-source-comparison,LineChart,,,082946332df05c5cd772ec329beb5e04,life-expectancy-at-birth-source-comparison_v18_850x600.svg,23,48,917440320,778260
life-expectancy-at-birth-vs-co-emissions-per-capita,ScatterPlot,,,c7955ed8e925c20c82a28b0392ad351e,life-expectancy-at-birth-vs-co-emissions-per-capita_v27_850x600.svg,34,105,712089016,982367
life-expectancy-at-birth-who-gho,WorldMap,,,e49f8e0128784f0479a24bb2eade9d87,life-expectancy-at-birth-who-gho_v27_850x600.svg,2,24,375456136,138915
life-expectancy-at-different-ages,LineChart,,,927b4a3327554874a8c246748385fea1,life-expectancy-at-different-ages_v25_850x600.svg,81,110,437534728,3967803
life-expectancy-hmd-unwpp,WorldMap,,,c2eafb497b94440dcd0378fa6dca28f9,life-expectancy-hmd-unwpp_v15_850x600.svg,5,63,700219928,654528
life-expectancy-marimekko,Marimekko,,,fc49af6e24ac5044ab9da6b35564f485,life-expectancy-marimekko_v38_850x600.svg,101,386,274938872,2516681
life-expectancy-men-women,LineChart,,,00200782bc0b5d6fb8071e368e9bd42d,life-expectancy-men-women_v5_850x600.svg,32,59,577975984,1145556
life-expectancy-of-women-vs-life-expectancy-of-men,ScatterPlot,,,af2ea346de2580307988a985518a6187,life-expectancy-of-women-vs-life-expectancy-of-men_v37_850x600.svg,43,137,407037720,1769182
life-expectancy-prados-de-la-escosura,WorldMap,,,30db0f5a442b6e81b7d5e1e784b9707d,life-expectancy-prados-de-la-escosura_v20_850x600.svg,10,56,674154704,122772
life-expectancy-un-vs-gdp-per-capita-wb,ScatterPlot,,,f64c335c8fdaeb4e777d82f28b774c90,life-expectancy-un-vs-gdp-per-capita-wb_v47_850x600.svg,109,294,518937864,2655644
life-expectancy-unwpp,WorldMap,,,6ea7cae99bac51039e3157ce96cddc88,life-expectancy-unwpp_v15_850x600.svg,5,36,605715680,572699
life-expectancy-versus-gini-lifespan-inequality,ScatterPlot,,,ac0ed26a0b56ffe784f9719b561c183a,life-expectancy-versus-gini-lifespan-inequality_v17_850x600.svg,51,165,746808160,1916468
life-expectancy-vs-electoral-democracy-index,ScatterPlot,,,b89d4ad2b3519dac140a262794b5d2ba,life-expectancy-vs-electoral-democracy-index_v53_850x600.svg,55,253,247317488,1709370
life-expectancy-vs-expected-years-lived-with-disability,ScatterPlot,,,a00a4787d4d64a0ae5b35354bff88a22,life-expectancy-vs-expected-years-lived-with-disability_v19_850x600.svg,103,307,669269560,2341149
life-expectancy-vs-gdp-per-capita,ScatterPlot,,,deecfd44a379609fd870cc746872b201,life-expectancy-vs-gdp-per-capita_v39_850x600.svg,123,754,594289960,3169605
life-expectancy-vs-health-expenditure,ScatterPlot,,,c438d8275b886bb90dcb07244686db9c,life-expectancy-vs-health-expenditure_v41_850x600.svg,29,88,786517312,650180
life-expectancy-vs-healthcare-expenditure,ScatterPlot,,,9285b6326a29041d0a92edff18c8e0e3,life-expectancy-vs-healthcare-expenditure_v38_850x600.svg,128,316,632088784,2576760
life-expectation-at-birth-by-sex,LineChart,,,032f4c96d422717442b98e52416b497e,life-expectation-at-birth-by-sex_v28_850x600.svg,39,111,255002216,1306458
life-satisfaction-vs-child-mortality,ScatterPlot,,,6789fdc5bf183c6822a073f60e1e67cc,life-satisfaction-vs-child-mortality_v42_850x600.svg,140,328,329737880,2375495
life-satisfaction-vs-co-emissions-per-capita,ScatterPlot,,,3def54f15c678452731f99c077a0c2b1,life-satisfaction-vs-co-emissions-per-capita_v32_850x600.svg,27,214,798569160,975891
life-satisfaction-vs-life-expectancy,ScatterPlot,,,bfb41dbc90dcf070aa3355c0ffe6ba7e,life-satisfaction-vs-life-expectancy_v34_850x600.svg,107,210,756572304,2481890
life-science-patents-granted-by-technology,StackedBar,,,6bc13bb691da5b36b25c460253d072e2,life-science-patents-granted-by-technology_v17_850x600.svg,10,30,300391584,202870
lifetime-risk-of-maternal-death,WorldMap,,,93c3d31a3fa9b22c6487548fb671177b,lifetime-risk-of-maternal-death_v29_850x600.svg,6,38,277050664,278577
lighting-sources-uk,StackedArea,,,57764863a3b43e717bb893f1c6a6583c,lighting-sources-uk_v9_850x600.svg,3,37,314516768,44906
literacy-rate-adult-total-dhs-surveys-vs-unesco,ScatterPlot,,,2ec90c221a47141a22cd568c62200d01,literacy-rate-adult-total-dhs-surveys-vs-unesco_v38_850x600.svg,75,257,894372176,1894298
literacy-rate-of-young-men-and-women,ScatterPlot,,,5f3c08d94dd07788dbbf0cbf807f2406,literacy-rate-of-young-men-and-women_v28_850x600.svg,4,64,330446840,132806
literacy-rate-source-type,WorldMap,,,af611bb96e78fc9d28da41baa40da53a,literacy-rate-source-type_v31_850x600.svg,2,27,723602832,22938
literacy-rate-vs-gdp-per-capita,ScatterPlot,,,06b637cf5c616d868352f2d13a5a9f10,literacy-rate-vs-gdp-per-capita_v31_850x600.svg,126,409,419592080,2139145
literacy-rates-of-younger-vs-older-population,ScatterPlot,,,ab4bc8e21cecc0fe327b140f28aaa3f0,literacy-rates-of-younger-vs-older-population_v30_850x600.svg,4,78,662159448,126725
literacy-rates-vs-average-years-of-schooling,ScatterPlot,,,e7b724ceb39cbd5d1e94ef1b956925d0,literacy-rates-vs-average-years-of-schooling_v27_850x600.svg,128,392,286305128,2031242
literate-and-illiterate-world-population,StackedArea,,,01b8fe306f78c9e2e3664025c64bd6e3,literate-and-illiterate-world-population_v27_850x600.svg,6,89,328983952,135478
lithium-production,WorldMap,,,3076b57f221c9fa14f832240e633179c,lithium-production_v13_850x600.svg,1,31,604578976,16490
liver-cancer-death-rate,WorldMap,,,af1926cfdb6051cc6abf8735bca0c773,liver-cancer-death-rate_v17_850x600.svg,2,55,357878064,108004
liver-cancer-incidence-rate-by-risk-factor,LineChart,,,e5b7f17a490e03060cad5d9ba13a564b,liver-cancer-incidence-rate-by-risk-factor_v13_850x600.svg,30,69,185387312,1285216
lives-saved-vaccines,DiscreteBar,,,f04d0c1bc6e1b198d88b08552adc4675,lives-saved-vaccines_v5_850x600.svg,3,29,333600960,3783
lives-saved-vaccines-region,DiscreteBar,,,425fbd61bd7c4e6799de844b34606628,lives-saved-vaccines-region_v2_850x600.svg,2,23,622272744,291
livestock-counts,LineChart,,,dd609c162cd54608972ba878a8fe72c3,livestock-counts_v5_850x600.svg,75,112,628811376,2195725
living-languages,WorldMap,,,a69ffa8c679df6e3e697be18c4287812,living-languages_v11_850x600.svg,3,22,346717296,6614
living-planet-index-by-region,LineChart,,,5f337974e4fce2e0b52eb343f5126726,living-planet-index-by-region_v12_850x600.svg,2,32,661292592,12568
living-planet-index-comparison,LineChart,,,ea84c8246f4ece0bf749d5b05e1ea1b7,living-planet-index-comparison_v14_850x600.svg,5,61,224455088,24570
loan-from-a-financial-institution-poorest-40-vs-richest-60,ScatterPlot,,,dd2bbd65c941d9c66c221b2ce574479e,loan-from-a-financial-institution-poorest-40-vs-richest-60_v24_850x600.svg,3,37,394447408,53449
local-gov-disaster-strategies,WorldMap,,,d82f2aab9eb502d86318eb77a957812c,local-gov-disaster-strategies_v18_850x600.svg,2,28,675166600,21938
local-govts-risk-reduction,WorldMap,,,d6a0a4f17f064580084c476a126fe2be,local-govts-risk-reduction_v19_850x600.svg,2,36,440551584,21938
local-guests-in-hotels-and-similar-establishments,WorldMap,,,fe567ab495205484ebe408a97f7c7169,local-guests-in-hotels-and-similar-establishments_v9_850x600.svg,7,37,202915920,71277
locations-of-ongoing-armed-conflicts,WorldMap,,,c186e9d946b320900f4f583146186029,locations-of-ongoing-armed-conflicts_v35_850x600.svg,3,34,645271192,389798
long-run-air-pollution,LineChart,,,485f879c33fe2f25930b95e164ad9543,long-run-air-pollution_v6_850x600.svg,343,422,789226024,12730019
long-run-birth-rate,WorldMap,,,8da0e68f253be99fc2cac9507f5924e5,long-run-birth-rate_v13_850x600.svg,6,62,258629904,620651
long-run-cases-of-vaccine-preventable-diseases-in-the-united-states,LineChart,,,1f169549100a46557e88fcc70c3477a9,long-run-cases-of-vaccine-preventable-diseases-in-the-united-states_v17_850x600.svg,2,32,427123376,14198
long-run-childhood-stunting-rates,LineChart,,,57729470968d9b9e9b6a56bdc45f9b10,long-run-childhood-stunting-rates_v14_850x600.svg,1,25,365480736,20155
long-run-deaths-from-vaccine-preventable-diseases-in-the-united-states,LineChart,,,f561da2fa7f4e1fdac9d8c6307a48a3b,long-run-deaths-from-vaccine-preventable-diseases-in-the-united-states_v7_850x600.svg,2,37,238026752,11428
long-run-growth-trajectories-of-selected-economies,ScatterPlot,,,2245306b7fa242141c286f484e9513da,long-run-growth-trajectories-of-selected-economies_v5_850x600.svg,2,23,624225280,12825
long-run-methane-concentration,LineChart,,,0c8f2f644d8e20b89f369290655fcaa3,long-run-methane-concentration_v17_850x600.svg,2,27,399768744,71054
long-run-unemployment-and-real-wage-growth-across-the-oecd-19702017,ScatterPlot,,,099aa0d92eeda99a3898b0e2324bcc62,long-run-unemployment-and-real-wage-growth-across-the-oecd-19702017_v16_850x600.svg,2,30,664853104,1019
long-term-cod-catch,LineChart,,,3499c19c9b223ac730722994cf863f03,long-term-cod-catch_v6_850x600.svg,2,18,446803568,16951
long-term-energy-transitions,StackedArea,,,d27bab15a06d76b2f2380e72e0b935e1,long-term-energy-transitions_v9_850x600.svg,13,65,233763600,380716
long-term-prices-food,LineChart,,,4aee72271d1e21e54d08f42de103c087,long-term-prices-food_v9_850x600.svg,3,32,447772328,80475
long-term-urban-population-region,LineChart,,,22e9e79148d72cdb51315958e77819b4,long-term-urban-population-region_v14_850x600.svg,8,46,294824624,898967
low-carbon-elec-per-capita,WorldMap,,,5c8e44ecb131b0586c3f87fa6d0b9759,low-carbon-elec-per-capita_v34_850x600.svg,4,48,386664856,275632
low-carbon-electricity,WorldMap,,,52c31bc5cbad174d8c248446edfcf541,low-carbon-electricity_v34_850x600.svg,4,51,645549304,290622
low-carbon-energy-consumption,WorldMap,,,dbfb7db4911054b1e4adb9940bb13e4a,low-carbon-energy-consumption_v22_850x600.svg,2,24,466720120,213927
low-carbon-share-energy,WorldMap,,,1ab05310aa137ab832adaca6f3933f68,low-carbon-share-energy_v32_850x600.svg,2,26,210371208,213812
low-earth-orbits-objects,StackedArea,,,c343d51d6df602e78e18f84c82aac744,low-earth-orbits-objects_v56_850x600.svg,2,23,315819624,6529
low-winter-temps-usa,LineChart,,,6d2da34ca0bf70066d61ee373f4eec3e,low-winter-temps-usa_v10_850x600.svg,3,26,302512856,6958
lower-secondary-completion-rate-adjusted-gender-parity-index,WorldMap,,,fd6d331f434a6693bf4149191d6d87b8,lower-secondary-completion-rate-adjusted-gender-parity-index_v21_850x600.svg,3,39,406196112,242653
lung-cancer-death-rates-males,LineChart,,,80b3fd525949a9ecb24e7b3793f6a6db,lung-cancer-death-rates-males_v14_850x600.svg,3,33,690128808,161179
lung-cancer-deaths-men-women,ScatterPlot,,,4d4c75e6a05072b7b3603d1a3f47dcd0,lung-cancer-deaths-men-women_v12_850x600.svg,12,77,460758776,331804
lung-cancer-deaths-per-100000-by-sex-1950-2002,LineChart,,,a474a8024b0ef5ac4bbcd9c00bf68f96,lung-cancer-deaths-per-100000-by-sex-1950-2002_v17_850x600.svg,12,33,254919544,322506
lymphatic-filariasis-treatment-coverage,WorldMap,,,b571aa198a6544f123ace3d6821d7fd6,lymphatic-filariasis-treatment-coverage_v10_850x600.svg,1,17,318693408,30750
machinery-per-agricultural-land,WorldMap,,,7eede3e10f734f88967af370d8e9e556,machinery-per-agricultural-land_v3_850x600.svg,6,30,661169224,422927
macroplastics-in-ocean,LineChart,,,53e6c793fd94d8600014178f331500f8,macroplastics-in-ocean_v8_850x600.svg,3,24,400811600,9991
magnetic-resonance-imaging-mri-units-availability,WorldMap,,,46f918213792163b66673f9f96900bda,magnetic-resonance-imaging-mri-units-availability_v16_850x600.svg,1,21,264097928,8862
mainstreaming-sustainable-development-into-student-assessment,DiscreteBar,,,0a087c269d7237bc90d88dc54185c3a5,mainstreaming-sustainable-development-into-student-assessment_v17_850x600.svg,3,35,304343128,6996
maize-attainable-yield,WorldMap,,,52f8bd18d4c6b76912702d0d87aa2a1e,maize-attainable-yield_v15_850x600.svg,4,24,418898736,204512
maize-exports-ukraine-russia-perspective,StackedDiscreteBar,,,aedfa49161a68d2f438a27bb81324b2e,maize-exports-ukraine-russia-perspective_v15_850x600.svg,2,16,699405888,15975
maize-production,LineChart,,,ff4c9b93a30afd0baf4cf4d7ec1b5ff6,maize-production_v13_850x600.svg,5,25,253777392,389962
maize-yield-gap,WorldMap,,,92707b32e82f117fdf9c9fa85bb62a7b,maize-yield-gap_v13_850x600.svg,3,30,324895976,220827
maize-yields,WorldMap,,,8093af7e9d22162253205264846f6491,maize-yields_v18_850x600.svg,4,43,490777480,408608
major-causes-of-child-deaths,LineChart,,,21d9c24d948a65d3c62b2e5854d4896b,major-causes-of-child-deaths_v7_850x600.svg,74,99,698502768,3661552
malaria-death-rates,LineChart,,,03e2f6e9421bd38e20eb1a1ba6df1c7f,malaria-death-rates_v27_850x600.svg,4,24,444323528,294488
malaria-deaths-by-age,StackedArea,,,0709f374ee1539d0f9da904d2fddcd28,malaria-deaths-by-age_v27_850x600.svg,30,49,240171368,1506453
malaria-deaths-by-region,StackedArea,,,ebf4a33184885ac6c2e7e9cd31340a76,malaria-deaths-by-region_v25_850x600.svg,4,18,759301040,301408
malaria-deaths-comparisons,ScatterPlot,,,c607901a6039d7d0fbabdb63e086aa90,malaria-deaths-comparisons_v42_850x600.svg,73,250,842188656,2222706
malaria-deaths-ihme,WorldMap,,,e4354c2c907ac535cff03c905cdfdd6a,malaria-deaths-ihme_v22_850x600.svg,4,25,346584472,301408
malaria-prevalence-vs-gdp-per-capita,ScatterPlot,,,7a53889ffd94e16c1e6a6ce401cd3b84,malaria-prevalence-vs-gdp-per-capita_v46_850x600.svg,82,270,510952880,2316770
male-female-ratio-suicides-rates,WorldMap,,,108926d66ecbff285116d29fc4238c96,male-female-ratio-suicides-rates_v40_850x600.svg,2,36,512469752,145908
male-high-blood-pressure,WorldMap,,,fcc25386246da62f58d0ae986348e3b0,male-high-blood-pressure_v18_850x600.svg,3,25,260954128,178318
male-homicide-rate,WorldMap,,,a787ad63246fa0e25da4dd67b53e2c66,male-homicide-rate_v15_850x600.svg,6,49,325924160,122503
male-homicide-victims,WorldMap,,,142fa564d4c98d2ceffc3d0abfa30069,male-homicide-victims_v20_850x600.svg,6,32,489567592,109667
male-labor-participation-rate,WorldMap,,,0ef8e3cdf67af1ba13f85e07c28d16be,male-labor-participation-rate_v21_850x600.svg,4,37,281673736,220652
male-population-by-age-group,DiscreteBar,,,841910b856c5c9bccb93bf828a7a90d6,male-population-by-age-group_v4_850x600.svg,357,382,798254248,12030726
male-to-female-height-ratio,WorldMap,,,003def8a7893c8b07e982470545b19d5,male-to-female-height-ratio_v8_850x600.svg,6,51,511749808,702210
male-to-female-ratio-of-high-school-courses-in-math-and-science,LineChart,,,9547f39701481a766270a462c9ccbb8a,male-to-female-ratio-of-high-school-courses-in-math-and-science_v9_850x600.svg,2,19,248982184,558
male-vs-female-informal-employment-as-share-of-total-employment,ScatterPlot,,,f0ae12fb1c2e047495c64546a76f0b8f,male-vs-female-informal-employment-as-share-of-total-employment_v29_850x600.svg,8,82,382449880,103415
male-vs-female-suicide-who,ScatterPlot,,,5eb96bc0ae1eb497007c93ea500eb65f,male-vs-female-suicide-who_v42_850x600.svg,146,347,322769456,2763874
malnutrition-death-rate-vs-gdp-per-capita,ScatterPlot,,,70188039e472d54281f36805b658fa97,malnutrition-death-rate-vs-gdp-per-capita_v45_850x600.svg,93,291,592186888,2413413
malnutrition-death-rates,WorldMap,,,aea4e245fe496a5659c35e10e76bce2a,malnutrition-death-rates_v38_850x600.svg,8,42,846610072,339766
malnutrition-deaths-by-age,StackedArea,,,b068de3282b4f67d61ede6cdc2b614a4,malnutrition-deaths-by-age_v23_850x600.svg,46,61,397589712,1697882
mandatory-childhood-vaccination,WorldMap,,,f44d9b21074392ae954e5209794bcc16,mandatory-childhood-vaccination_v18_850x600.svg,1,17,526259624,8052
manufacturing-share-of-total-employment,WorldMap,,,1d6bdeaf2632e11a7873a24bac790c4e,manufacturing-share-of-total-employment_v20_850x600.svg,3,30,861207664,90139
manufacturing-value-added-to-gdp,WorldMap,,,888c65e38956127d16e21f69214ad93a,manufacturing-value-added-to-gdp_v26_850x600.svg,6,39,555747416,292143
manufacturing-wages-relative-to-the-us,SlopeChart,,,2077faeeed0bed024b0dbc6f69b62bcc,manufacturing-wages-relative-to-the-us_v22_850x600.svg,2,26,385849056,1100
manufacturing-wages-relative-to-the-us-with-finland,WorldMap,,,77f3f67919328811c586b45a52e319fa,manufacturing-wages-relative-to-the-us-with-finland_v11_850x600.svg,3,17,812064784,1100
manuscript-production-century,StackedBar,,,cb4109be4f53efc7d105d39aa158f774,manuscript-production-century_v12_850x600.svg,3,15,878272832,3161
map-gender-equal-inheritance,WorldMap,,,4e521a8d8863463bfe6689944101eed8,map-gender-equal-inheritance_v40_850x600.svg,2,20,400879944,8095
marine-protected-areas,WorldMap,,,1529fe7e0b427575ce58129e6ed0826e,marine-protected-areas_v28_850x600.svg,2,21,520611944,66739
marriage-for-same-sex-partners-velasco,WorldMap,,,345e99de1c869e1249e050c4c20c96f4,marriage-for-same-sex-partners-velasco_v26_850x600.svg,2,29,896259632,277515
marriage-rate-per-1000-inhabitants,LineChart,,,eb5efb0b15c4be969579471072f24035,marriage-rate-per-1000-inhabitants_v21_850x600.svg,2,29,812436888,68865
marriage-rates-in-1990-vs-2022,ScatterPlot,,,2556e6d161f5f91d9dbceb926e4be0e6,marriage-rates-in-1990-vs-2022_v23_850x600.svg,13,72,425297992,147028
marriage-same-sex-partners-equaldex,WorldMap,,,9c989c5bac57e557a82b2824359e5f0d,marriage-same-sex-partners-equaldex_v35_850x600.svg,4,24,914314800,181216
marriages-ending-divorce-uk,LineChart,,,3b6543470482c9ac2c973f9bc8ea60c3,marriages-ending-divorce-uk_v14_850x600.svg,2,31,530794136,9395
marriages-uk-ended-in-divorce,LineChart,,,7413a922a1ce711b84ed89ac093b3ffd,marriages-uk-ended-in-divorce_v12_850x600.svg,2,16,853973216,6734
mass-us-glaciers,LineChart,,,176e55f98b5a4ea31d9f434ea3894cbb,mass-us-glaciers_v17_850x600.svg,2,20,910755072,7973
material-footprint-end-products,DiscreteBar,,,719cfb2164111c1017617dea8b794ad4,material-footprint-end-products_v4_850x600.svg,1,25,358420568,2059
material-footprint-per-capita,LineChart,,,8b7f00dbee4ba7e402a8f52f637e8a81,material-footprint-per-capita_v19_850x600.svg,1,14,548799488,740
material-footprint-per-unit-of-gdp,LineChart,,,edd6f2c2ffa4907689acd118cfcf99fa,material-footprint-per-unit-of-gdp_v19_850x600.svg,3,18,821962912,719
materials-low-carbon-electricity,StackedDiscreteBar,,,2b6d27b14aa37b991afebc1f9f5b5ffd,materials-low-carbon-electricity_v12_850x600.svg,3,31,590957984,6504
maternal-deaths-by-cause,StackedArea,,,17633e059ae82f7b0227d943406dd2a9,maternal-deaths-by-cause_v24_850x600.svg,78,102,411944544,3419120
maternal-deaths-by-income-group,StackedArea,,,ec4f653941b9c2031202946931261634,maternal-deaths-by-income-group_v20_850x600.svg,3,16,571057824,234184
maternal-deaths-ihme,WorldMap,,,00e7bbbc5f3a1902db68c7acf7c0dbcc,maternal-deaths-ihme_v21_850x600.svg,3,22,842031840,234184
maternal-mortality,WorldMap,,,13772573031738922c9307619a4d8b6f,maternal-mortality_v40_850x600.svg,12,132,946872880,313921
maternal-mortality-rate-who-mdb,LineChart,,,a63da773917feba1c5c6bcc354d97d09,maternal-mortality-rate-who-mdb_v45_850x600.svg,2,40,370610632,162381
maternal-mortality-ratio-vs-gdp-per-capita,ScatterPlot,,,4ee8574095d3b1bf3765d96aba7153cb,maternal-mortality-ratio-vs-gdp-per-capita_v53_850x600.svg,13,70,595355928,484316
maternal-mortality-ratio-vs-mean-daily-income,ScatterPlot,,,d00641b9de67ab35f1cedfed40619b70,maternal-mortality-ratio-vs-mean-daily-income_v56_850x600.svg,85,257,954634168,2192125
maternal-mortality-ratio-who-gho,WorldMap,,,5dc8a1728c61a612e3ff5e3d288f41b0,maternal-mortality-ratio-who-gho_v20_850x600.svg,3,31,334948880,261881
maternal-mortality-slope-chart,SlopeChart,,,f8736b56f1ae1e0c2cedf0582cc03739,maternal-mortality-slope-chart_v29_850x600.svg,4,23,616091096,233749
maternal-mortality-vs-births-attended-by-health-staff,ScatterPlot,,,140a2c77ca84c3ea5021e713a2b2299d,maternal-mortality-vs-births-attended-by-health-staff_v24_850x600.svg,9,72,466430728,328835
maternal-mortality-vs-female-labor-force-participation,ScatterPlot,,,05288f268b1d13a0ba4913062bf36ac4,maternal-mortality-vs-female-labor-force-participation_v27_850x600.svg,67,130,635551896,2143857
maternal-mortality-vs-fertility,ScatterPlot,,,ce802065fef6ba7c93610e40abe0e750,maternal-mortality-vs-fertility_v34_850x600.svg,23,81,1029361976,685011
maternal-mortality-vs-neonatal-mortality,ScatterPlot,,,d3edd4ba758e13b1620413aa3304729e,maternal-mortality-vs-neonatal-mortality_v28_850x600.svg,19,73,389043048,610361
maximum-life-expectancy-sex-female,ScatterPlot,,,150e6d05457ed0058d6257dddfebbfe8,maximum-life-expectancy-sex-female_v28_850x600.svg,1,70,598832624,13013
maximum-marginal-tax-rates-on-individual-income,LineChart,,,125a6ecd0e7b1486e77bb255b350e087,maximum-marginal-tax-rates-on-individual-income_v6_850x600.svg,1,20,448360648,3739
mcv2-vaccine-immunization-schedule,WorldMap,,,9f466f45c3e3f1906389126372025223,mcv2-vaccine-immunization-schedule_v13_850x600.svg,3,35,660826552,531118
mean-body-mass-index-bmi-in-adult-males,WorldMap,,,f5c098be2d7b354622126caa152f2e86,mean-body-mass-index-bmi-in-adult-males_v13_850x600.svg,3,33,472184280,234530
mean-body-mass-index-bmi-in-adult-women,WorldMap,,,9b878c1d76d41fcef4d80de08b545f19,mean-body-mass-index-bmi-in-adult-women_v13_850x600.svg,6,33,623758968,234513
mean-daily-expenditure-per-capita-vs-gdp-per-capita-2011-ppp,ScatterPlot,,,61c048d3c335b3f09ad1b1c92b9ac4ad,mean-daily-expenditure-per-capita-vs-gdp-per-capita-2011-ppp_v77_850x600.svg,90,269,477018768,2171630
mean-daily-expenditure-per-capita-vs-national-poverty-line,ScatterPlot,,,203ee660d0d45c6ab1cb8b7e89290036,mean-daily-expenditure-per-capita-vs-national-poverty-line_v47_850x600.svg,74,234,701902400,1963836
mean-daily-per-capita-expenditure-vs-gdp-per-capita,ScatterPlot,,,5c5491283a71fa978fba0dd8aa8845fb,mean-daily-per-capita-expenditure-vs-gdp-per-capita_v94_850x600.svg,107,310,292495552,2199645
mean-height-males-vs-females,ScatterPlot,,,6b0451df412dd034ee0fe88372fe3283,mean-height-males-vs-females_v6_850x600.svg,39,126,954530464,1410985
mean-income-or-consumption-per-day-2011-vs-2017-prices,LineChart,,,df31dda8758edf30f72378fe2ad776b9,mean-income-or-consumption-per-day-2011-vs-2017-prices_v20_850x600.svg,7,36,477977960,177354
mean-income-or-consumption-per-day-2017-vs-2021-international-,ScatterPlot,,,fb278a834dccd57ba20702b8b6c02fdd,mean-income-or-consumption-per-day-2017-vs-2021-international-_v54_850x600.svg,110,318,743225480,2703915
mean-income-or-expenditure-per-day-2011-vs-2017-international-,ScatterPlot,,,f52b84748e31031de27ca3612efee203,mean-income-or-expenditure-per-day-2011-vs-2017-international-_v40_850x600.svg,91,284,587403856,2647740
mean-product-lifetime-plastic,DiscreteBar,,,25a673e00c122e1eec2bd05437ffd979,mean-product-lifetime-plastic_v2_850x600.svg,2,10,970349056,287
mean-versus-median-monthly-per-capita-expenditure-or-income,ScatterPlot,,,31b0afd5408da222d3ec8876f9b1414e,mean-versus-median-monthly-per-capita-expenditure-or-income_v90_850x600.svg,67,270,268223824,2075057
mean-years-of-schooling-long-run,WorldMap,,,b9e2b87f199e12c2d7d176dc5c4b10c8,mean-years-of-schooling-long-run_v19_850x600.svg,2,25,446411040,124033
measles-cases-and-death,LineChart,,,50e6a8ba43adad9de6e9c296cc80182c,measles-cases-and-death_v20_850x600.svg,10,62,225607160,5189
measles-cases-and-death-rate,LineChart,,,02c7ad43528197e45188b8e26db996df,measles-cases-and-death-rate_v23_850x600.svg,1,26,469425912,6290
measles-coverage-vs-cases-worldwide,ScatterPlot,,,38d6ebc2f1682345effe30c22c65ca28,measles-coverage-vs-cases-worldwide_v29_850x600.svg,101,193,395670808,2816102
measles-number-unvaccinated,WorldMap,,,fa7b414ad0a714caca0a208656680d5d,measles-number-unvaccinated_v18_850x600.svg,6,32,244838016,262696
measles-prevalence-vaccine-attitudes,ScatterPlot,,,0d3e5b381b5e9ddad361890d4a817825,measles-prevalence-vaccine-attitudes_v22_850x600.svg,7,49,602494032,271552
meat-consumption-vs-gdp-per-capita,ScatterPlot,,,8f7b78edcd514be3e63dfd149a7157b5,meat-consumption-vs-gdp-per-capita_v37_850x600.svg,20,85,760233528,687029
meat-production-tonnes,WorldMap,,,fc187c405c0369671ee3b5d1ac8378f6,meat-production-tonnes_v20_850x600.svg,4,38,452516496,477360
meat-supply-per-person,WorldMap,,,56f8d727f8494b1df6a38f3980cfba8d,meat-supply-per-person_v17_850x600.svg,3,42,232969696,436462
mechanisms-to-enhance-policy-for-sustainable-development,WorldMap,,,427836125426221b0766a2e327346b59,mechanisms-to-enhance-policy-for-sustainable-development_v13_850x600.svg,3,22,465495368,1483
media-corruption-score,WorldMap,,,0209b323a812b28176b1f0a560a9d91c,media-corruption-score_v22_850x600.svg,18,62,626958072,639915
median-age,LineChart,,,c488bd9bf214dd88f708dd613a7b4e7e,median-age_v37_850x600.svg,39,74,242373016,1168607
median-age-vs-births-per-woman,ScatterPlot,,,826048bbb2d420e2a2c454f9e7346402,median-age-vs-births-per-woman_v32_850x600.svg,35,113,482604096,1765068
median-and-mean-income-after-tax-lis,LineChart,,,74df7a2c2c9cf6f8b15130ee9d70459a,median-and-mean-income-after-tax-lis_v27_850x600.svg,3,19,793564224,68290
median-daily-expenditure-per-capita-vs-national-poverty-line,ScatterPlot,,,02f3f3107afda12f433c17d69f866242,median-daily-expenditure-per-capita-vs-national-poverty-line_v71_850x600.svg,86,281,328416736,1963817
median-daily-per-capita-expenditure-vs-gdp-per-capita,ScatterPlot,,,24dadcabbb1cc8c83f7d7f9d19b766c2,median-daily-per-capita-expenditure-vs-gdp-per-capita_v85_850x600.svg,86,272,436182296,2199626
median-income-after-tax-lis,LineChart,,,5c8d8e06f76cdfb40182e177b87ced09,median-income-after-tax-lis_v33_850x600.svg,2,27,798257064,34165
median-income-or-consumption-per-day-2011-prices,WorldMap,,,1774a6e4e6bae2dcff76415c209e7aee,median-income-or-consumption-per-day-2011-prices_v52_850x600.svg,3,41,603247816,86926
median2021-vs-median2017,ScatterPlot,,,67bc8c325d04e9afc7921e6c640dd0d1,median2021-vs-median2017_v84_850x600.svg,8,68,267913128,214964
medical-doctors-per-1000-people-vs-gdp-per-capita,ScatterPlot,,,b9615ad06696a83ee3f2e27419092e94,medical-doctors-per-1000-people-vs-gdp-per-capita_v26_850x600.svg,76,233,868070152,2240720
medicine-and-biotechnology-patents-granted-by-filing-office,LineChart,,,ffc7a23f7d36c29a3eb677877ee2f825,medicine-and-biotechnology-patents-granted-by-filing-office_v14_850x600.svg,5,42,629580912,101236
medium-high-level-implementation-of-sustainable-public-procurement,WorldMap,,,7d493abfb3b60a9b53817a516837ddd2,medium-high-level-implementation-of-sustainable-public-procurement_v17_850x600.svg,1,19,645663520,4883
men-experienced-sexual-violence-by-age-18,DiscreteBar,,,1276be18615032ce71ff7726c61d16f5,men-experienced-sexual-violence-by-age-18_v17_850x600.svg,1,12,285782888,382
men-survival-to-age-65,WorldMap,,,4851a23c2004d1dc1437b42bbe3885da,men-survival-to-age-65_v22_850x600.svg,4,38,314855472,494654
men-weight-categories,StackedArea,,,fcbbbc5ec2bcf6746dd69d33c0368cc9,men-weight-categories_v6_850x600.svg,16,27,516599104,677976
men-women-friends-family-anxious-depressed,ScatterPlot,,,c1455fde07cc5b60a44fed88cdb5cc4d,men-women-friends-family-anxious-depressed_v23_850x600.svg,86,250,729630216,2478697
meningitis-death-rates-children-under-5,WorldMap,,,36454126cb9eeeeadbd4930472d3eba5,meningitis-death-rates-children-under-5_v20_850x600.svg,6,35,533502560,335993
mens-life-expectancy-at-birth,WorldMap,,,1087c253ad20b6baae8d825b6ff766b6,mens-life-expectancy-at-birth_v32_850x600.svg,4,34,296621264,572763
mental-and-substance-use-as-share-of-disease,WorldMap,,,4b99d59888422d88b676b26c5936f227,mental-and-substance-use-as-share-of-disease_v22_850x600.svg,5,29,496354320,258316
mental-health-as-risk-for-alcohol-dependency,DiscreteBar,,,a8e28f701d2bc8713ad5e8370d83f097,mental-health-as-risk-for-alcohol-dependency_v2_850x600.svg,2,16,354061544,593
mental-health-as-risk-for-drug-dependency,DiscreteBar,,,57de42f967cebde10cfd4ba1665743c3,mental-health-as-risk-for-drug-dependency_v4_850x600.svg,1,16,465275136,595
mental-health-units-in-general-hospitals,WorldMap,,,c4a07ae40eed9926c0513716464bd57c,mental-health-units-in-general-hospitals_v24_850x600.svg,1,19,309245056,4386
mental-illness-estimated-cases,DiscreteBar,,,8bebbfefaaceddfda1807d525dd29ef7,mental-illness-estimated-cases_v57_850x600.svg,27,40,907372128,1292813
mental-illnesses-prevalence,DiscreteBar,,,fea0b9a36de04ea8beb63940ef8c9049,mental-illnesses-prevalence_v44_850x600.svg,26,40,335186696,1284109
mention-of-the-word-capitalism-in-new-york-times-articles,LineChart,,,beeab94ffa34fd6ebf4055d0f19f8a9b,mention-of-the-word-capitalism-in-new-york-times-articles_v20_850x600.svg,2,16,457142712,5506
merchandise-exports-by-continent,StackedArea,,,5722faf07082d946541b19968f99d4a7,merchandise-exports-by-continent_v17_850x600.svg,53,72,526361520,3011191
merchandise-exports-gdp-cepii,LineChart,,,ee459f5842bf3de85a920bb8a0b31d4a,merchandise-exports-gdp-cepii_v24_850x600.svg,3,23,334840856,444125
merchandise-imports-as-a-share-of-countrys-gdp,WorldMap,,,d426c76bd4d8e9fa63b32c88526f3ee7,merchandise-imports-as-a-share-of-countrys-gdp_v7_850x600.svg,3,30,494017520,338133
merchandise-imports-gdp-cepii,LineChart,,,f94b81ea9e7e54060a058ac3c0db2a70,merchandise-imports-gdp-cepii_v12_850x600.svg,3,37,879203248,443491
methane-emissions,WorldMap,,,73550ef03db3fb794d2a4438f4a5b6d1,methane-emissions_v26_850x600.svg,15,76,373057232,1263290
methane-emissions-agriculture,WorldMap,,,393e8fdb48e2019ed93e1472c8306ef4,methane-emissions-agriculture_v16_850x600.svg,5,30,354207160,218760
methane-emissions-by-sector,LineChart,,,820e09741b338262418084b1259d5d0f,methane-emissions-by-sector_v17_850x600.svg,46,83,884650280,2138205
microplastics-in-ocean,LineChart,,,6e6dc5307f75c0f3449375cafd23cc27,microplastics-in-ocean_v13_850x600.svg,2,21,490263608,9843
migrant-recruitment-costs,DiscreteBar,,,c54f8f72b990d6b4cf8fc4105d754e39,migrant-recruitment-costs_v8_850x600.svg,2,15,539283016,276
migrant-stock-share,WorldMap,,,a21bd1bb17f2e593adadd73e15564759,migrant-stock-share_v12_850x600.svg,3,21,328838560,82762
migrant-stock-total,WorldMap,,,dd7b18d4f04ff945ac9237a874233fa8,migrant-stock-total_v10_850x600.svg,3,26,744350240,67028
military-expenditure-as-a-share-of-government-spending,WorldMap,,,c134314502858e4811a8d6c1986a5022,military-expenditure-as-a-share-of-government-spending_v46_850x600.svg,12,40,525252280,172955
military-personnel,LineChart,,,064e2a87a1ee107436d46d1c1c3e85d9,military-personnel_v32_850x600.svg,13,96,518413800,495865
military-personnel-as-a-share-of-total-population,LineChart,,,2ff7c3ca3a41cbea7997778f06d73a90,military-personnel-as-a-share-of-total-population_v55_850x600.svg,12,77,390778808,563080
military-spending-as-a-share-of-gdp-gmsd,LineChart,,,e413bc6005d45561d9356269ca29021e,military-spending-as-a-share-of-gdp-gmsd_v29_850x600.svg,14,84,359258024,534316
military-spending-as-a-share-of-gdp-sipri,WorldMap,,,e071445be4d0cd70ff1fb9150e2c04d0,military-spending-as-a-share-of-gdp-sipri_v35_850x600.svg,8,53,745101944,292389
military-spending-gmsd,LineChart,,,36ea62efa3111763ee6adbcaa74347ee,military-spending-gmsd_v36_850x600.svg,19,95,909586760,556699
military-spending-per-armed-forces-personnel,WorldMap,,,489a1c577b839730262ef584dc3eb842,military-spending-per-armed-forces-personnel_v53_850x600.svg,5,45,557241320,162282
military-spending-per-military-personnel,LineChart,,,85380f3d6029bee1aae891fc53b11813,military-spending-per-military-personnel_v54_850x600.svg,14,93,425666832,504096
military-spending-sipri,WorldMap,,,02d32920665ee51fbef629b9c38f19d3,military-spending-sipri_v35_850x600.svg,9,60,525596480,320315
milk-production-tonnes,WorldMap,,,3d1646efef98d825050f8eb3b642dc18,milk-production-tonnes_v13_850x600.svg,4,36,774526976,447479
milk-yields-per-animal,WorldMap,,,3911b0589e4ccc9005c4ba05eaec937d,milk-yields-per-animal_v16_850x600.svg,5,50,397152544,469356
millet-yield,WorldMap,,,a3eca55c169a62a7c70be8ca1912e6da,millet-yield_v12_850x600.svg,4,24,526509904,238543
minimum-requirement-calories,DiscreteBar,,,6b80707e012597b3437f4dc215d6981c,minimum-requirement-calories_v10_850x600.svg,2,16,931767568,172603
mining-electricity-sources-including-gas,StackedDiscreteBar,,,b22429ee69bff9e92f5feb69ac83777b,mining-electricity-sources-including-gas_v5_850x600.svg,2,18,397537552,625
mining-requirements-electricity-sources,StackedDiscreteBar,,,12e77587842d8513354b18f69aa3b910,mining-requirements-electricity-sources_v12_850x600.svg,3,13,796188312,535
mismanaged-plastic-waste-per-capita,WorldMap,,,c738b9f1889e7bc61ff9b563ef15f009,mismanaged-plastic-waste-per-capita_v16_850x600.svg,3,17,534925512,5595
missing-female-births-and-excess-mortality,LineChart,,,84c5331835e43d616bb760ed99d3e320,missing-female-births-and-excess-mortality_v4_850x600.svg,1,15,547107440,4133
mobile-cellular-subscriptions-by-country,WorldMap,,,026a45d775d4d6384c8de6810c326a80,mobile-cellular-subscriptions-by-country_v30_850x600.svg,3,35,966795016,327658
mobile-cellular-subscriptions-per-100-people,WorldMap,,,05cfab28ef707ba31ab3acf56c267105,mobile-cellular-subscriptions-per-100-people_v30_850x600.svg,4,35,382992616,343338
mobile-landline-subscriptions,LineChart,,,dc2455eb5e955c03870c7ba9c74a0ae5,mobile-landline-subscriptions_v9_850x600.svg,19,57,797262472,753205
mobile-money-account-usage,WorldMap,,,4099f727e5cd4da19c1bef10a52a75d5,mobile-money-account-usage_v11_850x600.svg,2,24,562875560,8903
modal-age-at-death-in-adults,LineChart,,,97b5b9f035c0581e6fa14c0b20dc6a0c,modal-age-at-death-in-adults_v10_850x600.svg,2,23,433296968,21706
mode-of-reporting-literacy-rates,WorldMap,,,25ce063b1d7a87729d6fe66774ba19d8,mode-of-reporting-literacy-rates_v21_850x600.svg,2,21,546822216,38137
modeled-female-employment-to-population-ratio,WorldMap,,,00b43217412f302da0e5466e541bb035,modeled-female-employment-to-population-ratio_v17_850x600.svg,4,40,217095392,214658
modern-contraceptive-prevalence-vs-gdp-per-capita,ScatterPlot,,,417af812c92850e98090413c421c4629,modern-contraceptive-prevalence-vs-gdp-per-capita_v23_850x600.svg,17,94,446912720,286712
modern-renewable-energy-consumption,StackedArea,,,9a08053c0b9ef8a7827731bfe3c07e0a,modern-renewable-energy-consumption_v29_850x600.svg,22,54,787665544,1086043
modern-renewable-prod,LineChart,,,a2673c5315bcae3f4063e7021e957806,modern-renewable-prod_v35_850x600.svg,39,59,553372200,1086043
money-committed-to-public-private-partnerships-for-infrastructure,WorldMap,,,4245ad35779ca8cf7b4cb0bde66947b4,money-committed-to-public-private-partnerships-for-infrastructure_v14_850x600.svg,2,21,581658248,71130
money-sent-or-brought-back-by-migrants-as-a-share-of-gdp,WorldMap,,,0f005f8730da56671c5de4f9bb8aeadb,money-sent-or-brought-back-by-migrants-as-a-share-of-gdp_v13_850x600.svg,7,41,416394048,272113
monthly-average-surface-temperatures-by-decade,LineChart,,,91f4bf31d7bb6ab9b477bcbeda56dfb2,monthly-average-surface-temperatures-by-decade_v31_850x600.svg,14,30,785688160,712020
monthly-average-surface-temperatures-by-year,LineChart,,,2095267a274df18ad5e73a6a7acf82aa,monthly-average-surface-temperatures-by-year_v23_850x600.svg,125,167,579298704,6049648
monthly-birth-rate-per-day,LineChart,,,071b12069ce517bca23a95907cbe1293,monthly-birth-rate-per-day_v17_850x600.svg,13,50,406982928,1611314
monthly-co2-emissions-from-international-and-domestic-flights,StackedArea,,,49ca24d778acab7d51995f2cdec958b1,monthly-co2-emissions-from-international-and-domestic-flights_v30_850x600.svg,22,44,260720056,783132
monthly-co2-emissions-from-international-aviation,StackedArea,,,1c15391a9401feebab18273789cd468c,monthly-co2-emissions-from-international-aviation_v30_850x600.svg,31,66,580224976,1113350
monthly-ocean-heat-2000m,LineChart,,,6b93be171a96605ea5944cad358f0008,monthly-ocean-heat-2000m_v19_850x600.svg,1,24,786642136,8930
monthly-sea-ice-extent-in-the-antarctic,LineChart,,,eb52a19cf69727ee3aafb66fc2ec51c6,monthly-sea-ice-extent-in-the-antarctic_v19_850x600.svg,3,27,434176104,17135
monthly-sea-ice-extent-in-the-antarctic-decadal-average,LineChart,,,3ab25e92ed88857ba921d8f72f63c47c,monthly-sea-ice-extent-in-the-antarctic-decadal-average_v18_850x600.svg,1,28,435722992,2216
monthly-sea-ice-extent-in-the-arctic,LineChart,,,485730a2156ef13b4e145cdb6ecf0999,monthly-sea-ice-extent-in-the-arctic_v19_850x600.svg,1,26,243287296,17171
monthly-sea-ice-extent-in-the-arctic-decadal-average,LineChart,,,23f709631b1d3d39ba80dfabfc292703,monthly-sea-ice-extent-in-the-arctic-decadal-average_v17_850x600.svg,3,18,814393536,2204
monthly-spending-data-center-us,LineChart,,,4c4a497c76cc5f4e4dfc7b299918d429,monthly-spending-data-center-us_v24_850x600.svg,2,19,468898584,4976
monthly-surface-temperature-anomalies-by-decade,LineChart,,,ba6ae237ba7d20d102bbcf549384044d,monthly-surface-temperature-anomalies-by-decade_v30_850x600.svg,16,36,576476456,743898
monthly-surface-temperature-anomalies-by-year,LineChart,,,efc9893a5a32ab5fa3399b4778d468f8,monthly-surface-temperature-anomalies-by-year_v22_850x600.svg,144,185,309379488,6286700
monthly-temperature-anomalies,WorldMap,,,f8af164c847f960995cbf5f6cc841ec5,monthly-temperature-anomalies_v15_850x600.svg,46,315,486307712,7847550
monthly-upper-ocean-heat,LineChart,,,b68a23dc74a66943608cdaa343046253,monthly-upper-ocean-heat_v18_850x600.svg,2,21,802186784,8888
mortality-from-ncds-gender,ScatterPlot,,,148c018cf5c8def94c4a5840801c24cd,mortality-from-ncds-gender_v33_850x600.svg,69,223,554420136,2081131
mortality-from-ncds-sdgs,WorldMap,,,93c0269714c5218f1a202d8c240bebab,mortality-from-ncds-sdgs_v28_850x600.svg,2,22,594496784,125231
mortality-neonatal-asphyxia-and-trauma,WorldMap,,,c919a9c6c91b3352245c349c3e71316f,mortality-neonatal-asphyxia-and-trauma_v21_850x600.svg,3,28,826484576,335218
mortality-rate-attributable-to-wash,WorldMap,,,30e8454368cef45a3faf46bd16c1a4ac,mortality-rate-attributable-to-wash_v20_850x600.svg,1,24,597569008,5804
mortality-rates-age-25-by-sex,ScatterPlot,,,946ad91e129161c9b9eaa970e3d1b218,mortality-rates-age-25-by-sex_v20_850x600.svg,35,130,622924952,1332247
mortality-rates-age-65-by-sex,ScatterPlot,,,f719dde532c6620eaa17cb893901b768,mortality-rates-age-65-by-sex_v26_850x600.svg,37,139,875338584,1359602
most-common-religion,WorldMap,,,061b3a456a965fffea7d64fdeabde809,most-common-religion_v9_850x600.svg,1,18,613850104,15709
most-common-waste-rivers-oceans,DiscreteBar,,,67a46cf3797ae02da91239baa722d704,most-common-waste-rivers-oceans_v9_850x600.svg,3,19,636844448,423
mountain-green-cover-index,WorldMap,,,f8c4102e673be952025424a0556febd4,mountain-green-cover-index_v20_850x600.svg,3,22,329632336,35427
multi-party-elections-hoe-row,WorldMap,,,2cda78db0dc20f9ad4fabf276c894762,multi-party-elections-hoe-row_v60_850x600.svg,11,56,623361544,1654506
multi-party-elections-legislature-row,WorldMap,,,be3b0427d0a50165ea31bcc65a0d5ed1,multi-party-elections-legislature-row_v58_850x600.svg,5,41,298599680,907954
multi-party-elections-row,WorldMap,,,55644df51d7db860da8042b344095b2c,multi-party-elections-row_v54_850x600.svg,5,36,641695880,902068
multidimensional-poverty-index-mpi,WorldMap,,,c1112093b4ae6a48b00ffa2e9fd61820,multidimensional-poverty-index-mpi_v41_850x600.svg,3,32,522060856,13187
multidimensional-poverty-index-mpi-hot,LineChart,,,b41eac858bbef79d8ae091323acf1a24,multidimensional-poverty-index-mpi-hot_v29_850x600.svg,2,34,524555736,8562
multidrug-resistant-tuberculosis-without-extensive-drug-resistance,LineChart,,,9f5dd0088b37a6e8108f7d14d21fe319,multidrug-resistant-tuberculosis-without-extensive-drug-resistance_v23_850x600.svg,9,24,334192432,520853
mumps-cases-and-deaths-in-the-united-states,LineChart,,,bdfc9bdd1265b63c76d4a95b96c2bacb,mumps-cases-and-deaths-in-the-united-states_v3_850x600.svg,2,17,897820144,3216
mumps-vaccine-immunization-schedule,WorldMap,,,9b0e58393b6c5931f7c1587c841cde81,mumps-vaccine-immunization-schedule_v12_850x600.svg,4,30,645616720,491612
municipal-waste-management-method,StackedDiscreteBar,,,b14845e7c9203a717c32687c1bd652ee,municipal-waste-management-method_v4_850x600.svg,3,17,525612488,49296
municipal-waste-recycled,WorldMap,,,10ac105e01f28c33897c79997cf118b2,municipal-waste-recycled_v17_850x600.svg,1,20,913729528,43382
municipal-waste-recycling-rate,WorldMap,,,ea16604f86dad78578c4d0add4c96371,municipal-waste-recycling-rate_v5_850x600.svg,1,14,656793840,20354
municipal-water-as-a-share-of-total-water-withdrawals,WorldMap,,,57c68bfb1d3d27f315c0bf4d89012735,municipal-water-as-a-share-of-total-water-withdrawals_v17_850x600.svg,2,106,317085824,195806
municipal-water-withdrawal,WorldMap,,,9c13270497a44d8637baf978faf605fa,municipal-water-withdrawal_v5_850x600.svg,3,56,533492552,18708
nasa-annual-budget,LineChart,,,22c6c28a8cfbdd92f207f4537e9c74f3,nasa-annual-budget_v10_850x600.svg,3,19,610557000,2294
national-average-learning-outcomes-vs-government-expenditure-per-primary-student,ScatterPlot,,,a72e1281ad549360321ac648eec85eac,national-average-learning-outcomes-vs-government-expenditure-per-primary-student_v29_850x600.svg,70,225,947489632,1924834
national-biodiversity-strategy-align-with-aichi-target-9,WorldMap,,,c62b6621fda8f6a3223a55e2fc17c9e2,national-biodiversity-strategy-align-with-aichi-target-9_v16_850x600.svg,2,22,668463800,14916
national-gdp-fouquin-current-gbp,WorldMap,,,7e5e3a75b7acd383f7aa4ecb80d9568d,national-gdp-fouquin-current-gbp_v13_850x600.svg,3,25,556198984,478884
national-poverty-line-vs-gdp-per-capita,ScatterPlot,,,af4924af53a7f00a0c1012cc3c108259,national-poverty-line-vs-gdp-per-capita_v41_850x600.svg,101,270,595943224,2714750
national-progress-towards-aichi-biodiversity-target-2,WorldMap,,,d5b3627574fe6353fa990dd9dd99f9e0,national-progress-towards-aichi-biodiversity-target-2_v10_850x600.svg,2,18,622056184,19143
national-statistical-legislation,WorldMap,,,71359ed4a94c36cc0a444b18f435856e,national-statistical-legislation_v24_850x600.svg,3,20,326488888,29892
national-strategy-for-youth-employment,WorldMap,,,1359cd0e2fd63c976150ef352ea91c26,national-strategy-for-youth-employment_v20_850x600.svg,1,16,681506448,14078
national-system-to-monitor-antimicrobials-usage-for-human-medicine,WorldMap,,,c59514c47077832d1a7b4f89e0e82733,national-system-to-monitor-antimicrobials-usage-for-human-medicine_v7_850x600.svg,2,15,568276768,16714
national-system-to-monitor-spread-of-antimicrobial-resistance-in-humans,WorldMap,,,83719fef207e1cbb6518fa241b3fe5a4,national-system-to-monitor-spread-of-antimicrobial-resistance-in-humans_v8_850x600.svg,9,27,631300840,15362
nationally-determined-contributions,DiscreteBar,,,8bc1171dd30f47bd002fd1bc29611b81,nationally-determined-contributions_v13_850x600.svg,2,12,339484424,169
natural-disaster-deaths-ihme,WorldMap,,,de315b668a9e5b418142437aba3d76a7,natural-disaster-deaths-ihme_v27_850x600.svg,3,26,587306504,296496
natural-disasters-by-decadal-size,StackedBar,,,158d3336aa8e116b331501bf78beca74,natural-disasters-by-decadal-size_v6_850x600.svg,6,28,671527432,169090
natural-disasters-by-type,StackedBar,,,efe92a25f82ab64f8eb88d3aceb9433b,natural-disasters-by-type_v26_850x600.svg,2,29,360198104,33159
natural-disasters-by-yearly-impact,LineChart,,,83ed4522905f6aecd21c3dbabc02c752,natural-disasters-by-yearly-impact_v6_850x600.svg,19,45,626593384,766668
natural-disasters-reported-by-deaths,LineChart,,,41215d68c752952ac0eb2a958eacf84b,natural-disasters-reported-by-deaths_v7_850x600.svg,2,35,709186616,18393
natural-gas-consumption-by-region,StackedArea,,,c9169fc9048587d09b854cec75d0d521,natural-gas-consumption-by-region_v23_850x600.svg,3,25,562720256,209694
natural-gas-prices,LineChart,,,474176a855b1b5b538917dfae660f91f,natural-gas-prices_v27_850x600.svg,1,14,345007376,3884
natural-gas-production-by-region-terawatt-hours-twh,StackedArea,,,61cbd97c63992a8d93c3856c76e533d0,natural-gas-production-by-region-terawatt-hours-twh_v20_850x600.svg,5,24,654413328,137143
natural-gas-proved-reserves,WorldMap,,,5c1f4cf734dd0f52f9a8fd530fe46507,natural-gas-proved-reserves_v23_850x600.svg,2,21,690480680,117050
natural-population-growth,LineChart,,,aaf1b53346429cecfbd6faf8c3514bc8,natural-population-growth_v42_850x600.svg,46,77,635242176,1179449
natural-resource-rents,LineChart,,,35d38a1c6f1533b844d7b86284c0165f,natural-resource-rents_v17_850x600.svg,3,20,370255608,328814
near-earth-asteroids-discovered-over-time,StackedArea,,,4a24885a3a6c982dfe7f5bf273b9a223,near-earth-asteroids-discovered-over-time_v33_850x600.svg,4,16,625425880,3193
neighbors-different-religion,WorldMap,,,585950ffea241e7c0ae056f770815933,neighbors-different-religion_v6_850x600.svg,3,31,209986560,6577
neonatal-deaths-by-cause,DiscreteBar,,,033a6f120467a94f9b8ebf2b1abf18e0,neonatal-deaths-by-cause_v25_850x600.svg,83,113,652015992,4034153
neonatal-deaths-from-bloodstream-infections-attributed-to-antimicrobial-resistance,StackedDiscreteBar,,,7aeed6589453f28b7843f8b7fb0f09f0,neonatal-deaths-from-bloodstream-infections-attributed-to-antimicrobial-resistance_v13_850x600.svg,2,20,356398120,1284
neonatal-deaths-from-infections-attributed-to-antimicrobial-resistance-by-syndrome,StackedDiscreteBar,,,e4e74dc05f6c088d135348673f0adc0a,neonatal-deaths-from-infections-attributed-to-antimicrobial-resistance-by-syndrome_v12_850x600.svg,1,17,719324968,909
neonatal-infant-and-child-deaths,LineChart,,,d7eff56a838e63282eea5ddd666044ca,neonatal-infant-and-child-deaths_v22_850x600.svg,36,52,617956712,1057844
neonatal-mortality-ihme,WorldMap,,,947e402d91d5043ed4b51d1590063009,neonatal-mortality-ihme_v10_850x600.svg,5,33,750214208,408091
neonatal-mortality-rate-gho,WorldMap,,,75db5b65b9b5ab18ed7d17b7149e2fd3,neonatal-mortality-rate-gho_v8_850x600.svg,4,28,382881864,360792
neonatal-mortality-wdi,WorldMap,,,ded22d1b3fd42000510a4b15b4dd8e0d,neonatal-mortality-wdi_v38_850x600.svg,2,44,629401512,367314
neonatal-sepsis-and-infection-death-rate-in-infants,WorldMap,,,e3a4d4ecc66507844df1283b273709c0,neonatal-sepsis-and-infection-death-rate-in-infants_v53_850x600.svg,3,29,229765968,326344
net-electricity-imports,WorldMap,,,be5576b787d59b94608c9ef191c4cda3,net-electricity-imports_v23_850x600.svg,2,28,599056680,168358
net-enrollment-pre-primary-boys-vs-girls,ScatterPlot,,,d15d4088b92975dd52ed5d35e2a954fc,net-enrollment-pre-primary-boys-vs-girls_v26_850x600.svg,5,58,758546128,170220
net-enrollment-rate-primary-gender-parity-index-gpi,WorldMap,,,5786d48ee3699086391175446c960524,net-enrollment-rate-primary-gender-parity-index-gpi_v44_850x600.svg,2,23,406614704,118331
net-food-trade-as-a-share-of-domestic-supply,WorldMap,,,1304b69dccabed966fb62c5edbe7260c,net-food-trade-as-a-share-of-domestic-supply_v12_850x600.svg,5,41,685796464,455607
net-oda-to-medical-research,WorldMap,,,7a736505965c0a83d385d0b9fa8ee2a2,net-oda-to-medical-research_v24_850x600.svg,3,23,247816072,63019
net-official-development-assistance-and-aid-received,WorldMap,,,7acf9e66618c662c4bbd09a06a55545d,net-official-development-assistance-and-aid-received_v19_850x600.svg,6,29,616983464,335968
net-portfolio-investment,WorldMap,,,6c14f3c37f2340144f2f9a873e234fb4,net-portfolio-investment_v14_850x600.svg,1,20,598975320,130694
net-zero-target-set,WorldMap,,,a0d354fd5442ba4c73d64612029995ba,net-zero-target-set_v14_850x600.svg,2,19,418934552,10707
net-zero-targets,WorldMap,,,fb1d804802ee540d2f46d705d6e8cc09,net-zero-targets_v25_850x600.svg,2,19,260885184,9895
new-books-per-million,WorldMap,,,51cb85634ea64ad76211559660f0e848,new-books-per-million_v9_850x600.svg,2,37,659802952,265475
new-cases-of-hiv-infection,WorldMap,,,d249e6d5a37bf8c0cfcacf501f134cd5,new-cases-of-hiv-infection_v21_850x600.svg,3,23,636206672,259222
new-cases-of-hiv-unaids-vs-ihme,ScatterPlot,,,61b11508bfd783d6dcfe6ae7f8e55468,new-cases-of-hiv-unaids-vs-ihme_v35_850x600.svg,69,205,697595776,2288031
new-drugs-approved-in-the-united-states,StackedBar,,,130e16c8bf63c95428ad6187817c8214,new-drugs-approved-in-the-united-states_v59_850x600.svg,1,20,397030544,5910
new-drugs-approved-in-the-united-states-by-designations,LineChart,,,29db97a63fe781800aa5614db54c2f53,new-drugs-approved-in-the-united-states-by-designations_v83_850x600.svg,2,26,252142832,7094
new-infections-with-tetanus,WorldMap,,,be057cfc0f65a9922ef6c301d08840b6,new-infections-with-tetanus_v30_850x600.svg,4,26,786147464,268970
new-neonatal-tetanus-cases-per-million,WorldMap,,,7c8c74a7de412682a6030161b8f1a6e7,new-neonatal-tetanus-cases-per-million_v26_850x600.svg,3,27,416622840,211342
new-reported-cases-tetanus,LineChart,,,ad1816f0353e9fb6f72880153ba1dbf5,new-reported-cases-tetanus_v34_850x600.svg,2,15,657948400,228591
news-coverage-of-disasters,DiscreteBar,,,4cd3a7238152e22bef7af9691a55bb7a,news-coverage-of-disasters_v6_850x600.svg,1,15,677762408,478
nitrogen-emissions-seafood,DiscreteBar,,,f8da7723e299d9afb0cc07e9bbe1ed5e,nitrogen-emissions-seafood_v12_850x600.svg,3,18,636732200,535
nitrogen-fertilizer-application-per-hectare-of-cropland,WorldMap,,,a540e461beb1cfbbde2baa4def766161,nitrogen-fertilizer-application-per-hectare-of-cropland_v12_850x600.svg,4,31,698819712,373817
nitrogen-inputs-per-hectare,WorldMap,,,73c5c3ae90473545981c25945ec22266,nitrogen-inputs-per-hectare_v5_850x600.svg,2,20,264686272,6017
nitrogen-output-vs-nitrogen-input-to-agriculture,ScatterPlot,,,2171bec2a0ed564859d712c8c4860feb,nitrogen-output-vs-nitrogen-input-to-agriculture_v8_850x600.svg,17,50,798940384,679163
nitrogen-use-efficiency,WorldMap,,,f40fc8916b3b728f70d09761b90c9aac,nitrogen-use-efficiency_v3_850x600.svg,4,26,438693736,352698
nitrous-oxide-agriculture,WorldMap,,,45473cfd7723a2f2265512619132fd6a,nitrous-oxide-agriculture_v15_850x600.svg,4,24,655171888,217131
nitrous-oxide-emissions,WorldMap,,,22cbe5a23188ef45ee44b38cc53b616f,nitrous-oxide-emissions_v26_850x600.svg,8,56,296155216,1272668
nitrous-oxide-emissions-by-sector,LineChart,,,c4f6fe3cb5ca22973b5c7a092b70e8ea,nitrous-oxide-emissions-by-sector_v20_850x600.svg,45,74,701857328,2077035
nitrous-oxide-long,LineChart,,,4937b3451206324ba97e530dbf444de1,nitrous-oxide-long_v18_850x600.svg,2,15,414308496,29856
nominal-wages-consumer-prices-and-real-wages-in-the-uk-since-1750,LineChart,,,dd8a51c8b1619fd9a14b2ce0d9fe7db8,nominal-wages-consumer-prices-and-real-wages-in-the-uk-since-1750_v10_850x600.svg,2,13,677468176,25536
non-agricultural-share-of-labour-force,LineChart,,,e74bba18d75dc6497182aeedcb8a0fb2,non-agricultural-share-of-labour-force_v18_850x600.svg,2,21,807766120,9792
non-fatal-occupational-injuries-per-100000,WorldMap,,,a3e21f204233c20bc26e7e09f42745f2,non-fatal-occupational-injuries-per-100000_v21_850x600.svg,2,17,430315200,38747
northern-hemisphere-temperatures-over-the-long-run-deviation-from-1951-1990-mean-temperature-c,LineChart,,,27e92d7e583b7976a5d5123e9be2681a,northern-hemisphere-temperatures-over-the-long-run-deviation-from-1951-1990-mean-temperature-c_v12_850x600.svg,3,29,656683720,33784
northern-white-rhinos,LineChart,,,946094caaabe7b1aebbe0991e24687a2,northern-white-rhinos_v12_850x600.svg,2,11,314323064,1455
not-religious-vs-gdp,ScatterPlot,,,5b885217a2f2f9de0ba76c86513f17f4,not-religious-vs-gdp_v9_850x600.svg,8,75,476424216,271422
nuclear-electricity-per-capita,WorldMap,,,d5bc3963041410ee1c0b63db0462c38f,nuclear-electricity-per-capita_v33_850x600.svg,3,36,683293960,248853
nuclear-energy-generation,WorldMap,,,908e4732e0df3ae684e32df95f00d0b9,nuclear-energy-generation_v34_850x600.svg,4,40,839504312,279603
nuclear-non-proliferation-treaty,WorldMap,,,947adeb7a8d8ee08e3fd11b079f25751,nuclear-non-proliferation-treaty_v6_850x600.svg,3,32,287414488,398459
nuclear-primary-energy,WorldMap,,,9b08174441eab01f1eca827c9471b33f,nuclear-primary-energy_v28_850x600.svg,2,20,670655520,187680
nuclear-warhead-inventories,StackedDiscreteBar,,,d835dce10c251eabf92fd2a2468ce0b0,nuclear-warhead-inventories_v75_850x600.svg,3,22,677474872,1177
nuclear-warhead-stockpiles,StackedArea,,,2d5e88dc51e60417011c6f701b4c1517,nuclear-warhead-stockpiles_v59_850x600.svg,3,26,658799024,24290
nuclear-warhead-stockpiles-lines,LineChart,,,ca64e181ab3ac09b35ab4d9696fbb1e6,nuclear-warhead-stockpiles-lines_v67_850x600.svg,1,17,318084384,24290
nuclear-weapons-proliferation,StackedBar,,,9268128142ec97e24eaf78f05b2721e5,nuclear-weapons-proliferation_v25_850x600.svg,2,35,192893472,6881
number-agri-environmental-policies,WorldMap,,,22abd359164f47fec3e4ded8ebb3a0e8,number-agri-environmental-policies_v4_850x600.svg,1,21,689706080,5785
number-air-trips-vs-gdp,ScatterPlot,,,a7f7746155b162e7ddcf38ce97fb3070,number-air-trips-vs-gdp_v18_850x600.svg,86,228,744815336,2094417
number-airline-passengers,WorldMap,,,54f7af337b904106239deaa106dcdd14,number-airline-passengers_v18_850x600.svg,4,34,677203736,269873
number-bev-phev-sold,LineChart,,,c887b19336f3a643ad66f8b5d57c5c74,number-bev-phev-sold_v9_850x600.svg,4,28,300957080,43371
number-calorie-diet-unaffordable,WorldMap,,,0dd5b1bd8d78a9499689bedefeae58c9,number-calorie-diet-unaffordable_v17_850x600.svg,3,21,700059056,5025
number-child-deaths-malnutrition,WorldMap,,,0424d9ee07c7fce387ca8acf438ca688,number-child-deaths-malnutrition_v9_850x600.svg,3,24,323971664,259119
number-children-stunted-who,WorldMap,,,73c16f3ef5ed5c69e35ce7585d6c373a,number-children-stunted-who_v10_850x600.svg,4,47,695527344,170530
number-children-wasted-who,WorldMap,,,748cb96c28715a8be177d61c216f0b5a,number-children-wasted-who_v15_850x600.svg,3,32,495671024,33704
number-countries-mandatory-vaccination,DiscreteBar,,,604497b3059075432489b19c468cf8ba,number-countries-mandatory-vaccination_v10_850x600.svg,2,11,207969768,812
number-democracies-age-polity,DiscreteBar,,,0958b506b39f3d9663a57b953f320727,number-democracies-age-polity_v63_850x600.svg,6,18,724041176,268042
number-electoral-democracies-age,DiscreteBar,,,8d1460051896c893b3318bbe505f03c2,number-electoral-democracies-age_v51_850x600.svg,8,25,348866960,303790
number-electoral-democracies-age-lexical,DiscreteBar,,,8405665432a7a7e07df028c351e0d2a3,number-electoral-democracies-age-lexical_v54_850x600.svg,7,21,232502872,260910
number-extreme-poverty-version-comparison,LineChart,,,bfdffe7c6257b1287bcfd7e689464694,number-extreme-poverty-version-comparison_v23_850x600.svg,6,22,706234160,172619
number-farms-size,StackedDiscreteBar,,,feecff54670fc3f5a3d12257a49deaac,number-farms-size_v5_850x600.svg,2,17,493773136,23651
number-healthy-diet-unaffordable,WorldMap,,,bd812e5a28222135acf63a14a0a439e2,number-healthy-diet-unaffordable_v16_850x600.svg,2,18,707130304,40778
number-liberal-democracies-age,DiscreteBar,,,84f7a708e1d3be34ef4da962a3c489f0,number-liberal-democracies-age_v46_850x600.svg,9,19,327079768,346921
number-nutritional-diet-unaffordable,WorldMap,,,9f88938ec8447d3bb958dfc0094eb266,number-nutritional-diet-unaffordable_v17_850x600.svg,1,20,249307272,5105
number-of-accessions-of-plant-genetic-resources-secured-in-conservation-facilities,WorldMap,,,2dea766743b2ff5ecebc4ee79bd0649d,number-of-accessions-of-plant-genetic-resources-secured-in-conservation-facilities_v18_850x600.svg,1,22,721746696,58883
number-of-armed-conflicts,StackedBar,,,d8d188bc3f63c2b89e9a1bedd0692ec7,number-of-armed-conflicts_v51_850x600.svg,28,50,338020552,1025514
number-of-asian-elephants,WorldMap,,,6cb70b4ef41bb0c53f085bbe26740c44,number-of-asian-elephants_v8_850x600.svg,2,45,688089416,1218
number-of-births-per-year,LineChart,,,1c42f892e63ce5987a11fd3bc722c06b,number-of-births-per-year_v22_850x600.svg,33,69,499898256,1173054
number-of-child-deaths,LineChart,,,a63df024027854bf37fa7392e37ba21c,number-of-child-deaths_v20_850x600.svg,4,23,241966480,334886
number-of-child-deaths-by-the-type-of-congenital-birth-defect,DiscreteBar,,,c45d22b2615768bbd4d8aa5cff52d273,number-of-child-deaths-by-the-type-of-congenital-birth-defect_v14_850x600.svg,52,63,740271616,3042727
number-of-child-deaths-igme,WorldMap,,,aa8b1a4f1f0726035498c35cede80867,number-of-child-deaths-igme_v22_850x600.svg,4,36,369811304,364987
number-of-child-deaths-unwpp,LineChart,,,d61f72673dc147cba5b26fe13dd49364,number-of-child-deaths-unwpp_v19_850x600.svg,12,29,718238944,543802
number-of-children-dying-from-diarrheal-diseases,WorldMap,,,c7f0767592306516f4c7f34863a5d557,number-of-children-dying-from-diarrheal-diseases_v32_850x600.svg,6,40,269903664,336792
number-of-children-newly-infected-with-hiv,WorldMap,,,be49bc75806d77ffbaf4ef6481958cec,number-of-children-newly-infected-with-hiv_v18_850x600.svg,4,20,762085336,85224
number-of-children-orphaned-from-aids,LineChart,,,d77e96abcfc9367fc8a017a0c259f9c5,number-of-children-orphaned-from-aids_v21_850x600.svg,3,25,496091536,173271
number-of-children-that-die-from-road-injuries,StackedArea,,,878755449ce5c65fb5952ee06976ef33,number-of-children-that-die-from-road-injuries_v5_850x600.svg,14,24,725096984,673430
number-of-children-who-are-underweight,WorldMap,,,a1c7e17561724d7e5af5a740a6f7b6a6,number-of-children-who-are-underweight_v7_850x600.svg,2,27,732292424,37828
number-of-cigarettes-smoked-per-smoker-per-day,LineChart,,,e800d71f6373b8194badfecf5f233c40,number-of-cigarettes-smoked-per-smoker-per-day_v2_850x600.svg,2,17,343131080,2682
number-of-clinical-trials,LineChart,,,edb6fff03634200469d5743784d454ec,number-of-clinical-trials_v24_850x600.svg,3,28,727452680,76357
number-of-clinical-trials-by-purpose,LineChart,,,b635873e0b0f1b029c925d2438bde42e,number-of-clinical-trials-by-purpose_v29_850x600.svg,1,20,269283776,8919
number-of-clinical-trials-by-sponsor,StackedBar,,,5f1da27cd2f8a117823c7ac5049736ca,number-of-clinical-trials-by-sponsor_v19_850x600.svg,2,24,751108168,5344
number-of-clinical-trials-by-status,StackedBar,,,f62d4cd4abb1b7ff245cab508e468d32,number-of-clinical-trials-by-status_v47_850x600.svg,1,20,542105072,11977
number-of-clinical-trials-by-study-type,StackedBar,,,34357bf8b4b3968c52cec7b831cc6797,number-of-clinical-trials-by-study-type_v29_850x600.svg,1,16,708335720,3225
number-of-clinical-trials-with-results-posted,StackedBar,,,10ff29b33ca9bb90e66b0d06e8fbb367,number-of-clinical-trials-with-results-posted_v23_850x600.svg,1,23,369136616,2687
number-of-commercial-bank-branches-per-100000-adults,WorldMap,,,32b1743545d99ffb56cefbde66f0908f,number-of-commercial-bank-branches-per-100000-adults_v17_850x600.svg,2,33,293792328,131093
number-of-countries,LineChart,,,3a18eac6e84ef34d8a275716948426d0,number-of-countries_v14_850x600.svg,8,26,184089296,127178
number-of-countries-administering-each-major-vaccine,LineChart,,,930473f48e4f7e97b55940ece587f55d,number-of-countries-administering-each-major-vaccine_v14_850x600.svg,2,19,526387616,18203
number-of-countries-by-region,StackedArea,,,4ff97b83078463335b712e794b99a9f9,number-of-countries-by-region_v22_850x600.svg,4,52,735260248,127178
number-of-countries-having-implemented-a-vat,LineChart,,,addda5636c1dad10ac308a1d76a04bf6,number-of-countries-having-implemented-a-vat_v5_850x600.svg,1,17,388203824,1434
number-of-countries-that-approve-of-nuclear-weapons-treaties,LineChart,,,dbc02b8867f845ae43609f5966dfb121,number-of-countries-that-approve-of-nuclear-weapons-treaties_v11_850x600.svg,4,33,787015592,13621
number-of-countries-where-armed-conflicts-took-place,StackedBar,,,385922b4eabd06e5c6aae4ce8249b214,number-of-countries-where-armed-conflicts-took-place_v42_850x600.svg,1,15,514297160,6078
number-of-countries-with-a-vaccine-stock-out,DiscreteBar,,,2ff3a3c20fb37e3a611a290972f7ff3b,number-of-countries-with-a-vaccine-stock-out_v8_850x600.svg,4,22,371288528,5111
number-of-countries-with-basic-statistical-institutions,LineChart,,,a0a70a0a7524d696ed1d5ab5cfa12cfd,number-of-countries-with-basic-statistical-institutions_v35_850x600.svg,10,37,294458440,422735
number-of-countries-with-key-economic-and-social-rights-for-women,LineChart,,,1298991528eaf1a31e288eeeb2596414,number-of-countries-with-key-economic-and-social-rights-for-women_v19_850x600.svg,5,25,183382976,60763
number-of-countries-with-primary-data-on-prevalence-of-mental-illnesses-in-the-global-burden-of-disease-study,DiscreteBar,,,01efe62f9289b437803ff4ff82f87970,number-of-countries-with-primary-data-on-prevalence-of-mental-illnesses-in-the-global-burden-of-disease-study_v15_850x600.svg,1,18,761464520,504
number-of-countries-with-recent-electoral-turnover,StackedArea,,,da38a98076325b31923be7c01fcfb048,number-of-countries-with-recent-electoral-turnover_v30_850x600.svg,3,18,758014320,88114
number-of-covid-19-tests-per-confirmed-case-bar-chart,WorldMap,,,68849f0c0dbd38768712dcce05acf125,number-of-covid-19-tests-per-confirmed-case-bar-chart_v462_850x600.svg,16,227,599488320,3011454
number-of-daily-smokers-gender,LineChart,,,d9027e58f2915bc93cb88a85749ab07c,number-of-daily-smokers-gender_v14_850x600.svg,9,21,403872520,376381
number-of-deaths,WorldMap,,,58e3568e45d63191cfef521863ddfece,number-of-deaths_v10_850x600.svg,4,34,277092184,561297
number-of-deaths-by-age-group,StackedArea,,,a10c9f8136cd5838d20d5b4cd3eab791,number-of-deaths-by-age-group_v27_850x600.svg,28,40,807103296,1674898
number-of-deaths-by-risk-factor,DiscreteBar,,,03bfe9328d482f6b77bbd2277736afe3,number-of-deaths-by-risk-factor_v47_850x600.svg,132,151,782800416,6480292
number-of-deaths-from-cervical-cancer,WorldMap,,,2a635700aebf234bf969bf842519b4c8,number-of-deaths-from-cervical-cancer_v8_850x600.svg,4,33,205165984,335205
number-of-deaths-from-diarrheal-diseases-by-risk-factor-for-under-5s,LineChart,,,4b7710bb876bb6f43d1e443b6178c143,number-of-deaths-from-diarrheal-diseases-by-risk-factor-for-under-5s_v26_850x600.svg,42,75,397163416,2370692
number-of-deaths-from-hivaids,StackedArea,,,8cc2d1ed11bda5e3caf1ef14cecfd65e,number-of-deaths-from-hivaids_v29_850x600.svg,8,23,775347504,335775
number-of-deaths-from-hivaids-who,WorldMap,,,cf6fa1382f54b71bd4f07171f6a96f8e,number-of-deaths-from-hivaids-who_v5_850x600.svg,3,24,294311760,133553
number-of-deaths-from-indoor-air-pollution-1990-vs-2023,ScatterPlot,,,1a16628e6b9334bbc3f94f622016c6a1,number-of-deaths-from-indoor-air-pollution-1990-vs-2023_v17_850x600.svg,26,76,209322696,528352
number-of-deaths-from-malaria-ghe,WorldMap,,,887d95d71308ffdb20b37969bd4f2514,number-of-deaths-from-malaria-ghe_v8_850x600.svg,2,21,796873224,120175
number-of-deaths-from-malaria-who,WorldMap,,,afd5544d95bff880867dca990cadc0f7,number-of-deaths-from-malaria-who_v9_850x600.svg,3,17,311980968,79622
number-of-deaths-from-pneumonia-in-children-under-5,WorldMap,,,c67c4302f264225bab6b1d04f8695cbb,number-of-deaths-from-pneumonia-in-children-under-5_v23_850x600.svg,4,29,423539840,335549
number-of-deaths-from-rabies-by-world-region,StackedArea,,,9511ab792edfb4bb35c4f0dab9303716,number-of-deaths-from-rabies-by-world-region_v24_850x600.svg,5,24,822812312,348505
number-of-deaths-from-road-injuries,WorldMap,,,eb4f47701fe59a0ad1f6114f35eb0948,number-of-deaths-from-road-injuries_v23_850x600.svg,3,25,806710240,334962
number-of-deaths-from-suicide-ghe,WorldMap,,,6793d1248e25f019f0c1aa1b92020b56,number-of-deaths-from-suicide-ghe_v27_850x600.svg,3,27,797725024,135318
number-of-deaths-from-tetanus,WorldMap,,,8c4991671dcae6caf1834816a18ca652,number-of-deaths-from-tetanus_v18_850x600.svg,3,29,335965648,342771
number-of-deaths-from-tobacco-smoking,WorldMap,,,ef228a9c23ccfd0f97c136faf76b63b6,number-of-deaths-from-tobacco-smoking_v25_850x600.svg,3,32,395397080,258839
number-of-deaths-from-tuberculosis-ghe,WorldMap,,,2798bb9c37e55347d38ab941a4e10565,number-of-deaths-from-tuberculosis-ghe_v16_850x600.svg,2,22,615615928,134896
number-of-deaths-gbd,WorldMap,,,79b50df3cc3e64bced8945beb22dd443,number-of-deaths-gbd_v5_850x600.svg,4,39,827104560,334354
number-of-deaths-per-year,LineChart,,,c4d51bd4143d17e73214214fc74937af,number-of-deaths-per-year_v27_850x600.svg,52,89,215395856,1151335
number-of-deaths-who,WorldMap,,,b868242248ee535effdaee621693d42d,number-of-deaths-who_v4_850x600.svg,6,72,175471232,143260
number-of-described-species,DiscreteBar,,,bbd2fad844d3cbe18feaaccd4f0881fb,number-of-described-species_v17_850x600.svg,3,17,310633296,896
number-of-entries-in-biological-sequence-databases,LineChart,,,59ed1e4fac465f0e19ccb7e7690efef5,number-of-entries-in-biological-sequence-databases_v9_850x600.svg,2,21,432996128,4418
number-of-estimated-paralytic-polio-cases-by-world-region,StackedArea,,,676c3fcb3a8f305068bbc0316900b867,number-of-estimated-paralytic-polio-cases-by-world-region_v42_850x600.svg,2,22,590033696,206520
number-of-european-overseas-colonies,LineChart,,,bffe08487a8e62aa8ad889fa98e7a633,number-of-european-overseas-colonies_v20_850x600.svg,4,27,347697880,123945
number-of-european-overseas-colonies-and-colonizers,StackedArea,,,3d459c3dec7ac4bcc4a428db7a639fbe,number-of-european-overseas-colonies-and-colonizers_v28_850x600.svg,17,32,637491856,539184
number-of-european-overseas-colonies-by-region,StackedArea,,,c92abf55619d1e4a3b9e72005dcd9a37,number-of-european-overseas-colonies-by-region_v34_850x600.svg,3,32,845042736,179129
number-of-farms,WorldMap,,,1198fcf03192485d68bc0671600dd1fd,number-of-farms_v7_850x600.svg,2,15,445726632,3427
number-of-full-democracies-by-age,DiscreteBar,,,4a3650a6e815b5f4f2074ffb9192828c,number-of-full-democracies-by-age_v56_850x600.svg,9,25,322714376,217717
number-of-hospitals-with-cardiovascular-units-per-million-people,DiscreteBar,,,1298ed859eaf0d9c7f27f1867c86ff60,number-of-hospitals-with-cardiovascular-units-per-million-people_v20_850x600.svg,1,12,231495072,15982
number-of-individuals-employed-in-tourism-related-industries-per-1000-people,WorldMap,,,70db7a2aa85e7f50c38d0d2de99064ef,number-of-individuals-employed-in-tourism-related-industries-per-1000-people_v26_850x600.svg,3,26,194130120,42472
number-of-infant-deaths,WorldMap,,,5344f35edb4dfd4763f8b8c0c47d2e2c,number-of-infant-deaths_v24_850x600.svg,3,29,615598400,387910
number-of-infant-deaths-gho,WorldMap,,,3c4e2d3703c463fc4d75e4b70df3fa0a,number-of-infant-deaths-gho_v8_850x600.svg,8,44,819744880,379068
number-of-infant-deaths-ihme,WorldMap,,,f94704378fcdcf1d19f3481e1fc7b482,number-of-infant-deaths-ihme_v22_850x600.svg,5,26,252892264,335153
number-of-infant-deaths-unwpp,WorldMap,,,a89c12adda6e3551070e8cce74935775,number-of-infant-deaths-unwpp_v13_850x600.svg,4,34,422152224,541650
number-of-infections-tested-for-antibiotic-susceptibility,DiscreteBar,,,15ce14c6edcf44d32e67d1c35458fe92,number-of-infections-tested-for-antibiotic-susceptibility_v5_850x600.svg,1,15,338811232,7424
number-of-internet-users,LineChart,,,d6db87b74005925752e1e8e593799224,number-of-internet-users_v43_850x600.svg,2,30,335738808,196372
number-of-interstate-conflicts,StackedBar,,,c29cff74754fba81ba6e5527e2d550c2,number-of-interstate-conflicts_v41_850x600.svg,5,107,230241648,127703
number-of-maternal-deaths,WorldMap,,,200575fec08d3b8a5e0b80cb58852865,number-of-maternal-deaths_v28_850x600.svg,3,29,226460360,262741
number-of-maternal-deaths-by-region,StackedArea,,,3a0dc1e50eda83bb38900346a959a18b,number-of-maternal-deaths-by-region_v19_850x600.svg,3,20,639899512,234184
number-of-measles-cases,LineChart,,,16bfc428bdf1a924ff2fa2554f969da7,number-of-measles-cases_v11_850x600.svg,2,12,448561448,2697
number-of-members-of-united-nations,StackedArea,,,5cefc5cfa2c5d7f3e14730a5adb585fa,number-of-members-of-united-nations_v13_850x600.svg,2,13,837227688,34782
number-of-natural-disaster-events,LineChart,,,8b7eb6f774d1498a15acbfc83e8a3e85,number-of-natural-disaster-events_v18_850x600.svg,1,16,368080368,33159
number-of-neonatal-deaths-by-region,StackedArea,,,a769bd5e104d6d2d9113d6a372b6492f,number-of-neonatal-deaths-by-region_v22_850x600.svg,4,28,864663128,294801
number-of-neonatal-deaths-igme,WorldMap,,,df3d5f71e2d6e3555787adc87fd307f4,number-of-neonatal-deaths-igme_v21_850x600.svg,4,30,469590880,304947
number-of-neonatal-deaths-ihme,WorldMap,,,97cac0afa32772d6ddd25aed224dbcf2,number-of-neonatal-deaths-ihme_v20_850x600.svg,3,35,668156520,405530
number-of-new-armed-conflicts,StackedBar,,,e0df256b21e8c1b6fb9cbbc54b699139,number-of-new-armed-conflicts_v56_850x600.svg,3,22,271135408,50305
number-of-new-cases-and-deaths-from-cervical-cancer,LineChart,,,bcf9bc5ef374085c51d4755db969687c,number-of-new-cases-and-deaths-from-cervical-cancer_v9_850x600.svg,16,38,365958936,594377
number-of-new-hiv-child-infections-vs-number-of-infections-averted-due-to-pmtct,StackedArea,,,52150573add7aaf921aa99548e98ce3d,number-of-new-hiv-child-infections-vs-number-of-infections-averted-due-to-pmtct_v11_850x600.svg,5,27,843340752,211357
number-of-new-hiv-infections-per-year,WorldMap,,,7a44eb18ea057c8db7ae21f169a828a9,number-of-new-hiv-infections-per-year_v21_850x600.svg,4,30,240677192,180902
number-of-new-hivaids-infections-who,WorldMap,,,4f96a0e7cad546c8dad0bc5bee35e886,number-of-new-hivaids-infections-who_v8_850x600.svg,2,19,488702432,107535
number-of-new-state-based-conflicts,StackedBar,,,f2b0f165c44eaa68e8840ae25be7760f,number-of-new-state-based-conflicts_v45_850x600.svg,2,30,857807912,51431
number-of-new-tetanus-cases-in-children-under-5,StackedBar,,,fbdb8279c6aed20b32fc113fd7668725,number-of-new-tetanus-cases-in-children-under-5_v25_850x600.svg,3,28,362994776,269357
number-of-new-wars,StackedBar,,,4944a2d471a38baf8cc28a14ddc06fd6,number-of-new-wars_v14_850x600.svg,3,125,688031048,68378
number-of-nuclear-weapons-tests,StackedBar,,,4a34f847e5218700fedf995cc0de6cc3,number-of-nuclear-weapons-tests_v27_850x600.svg,3,35,217222552,16286
number-of-one-year-olds,StackedArea,,,225e46c11d7b3ae4541a6db2bc54b7ed,number-of-one-year-olds_v15_850x600.svg,31,91,252408552,1154303
number-of-parties-env-agreements,LineChart,,,5ca1ad7cb9ab762201b216a0a779d792,number-of-parties-env-agreements_v8_850x600.svg,4,28,469160912,16532
number-of-patents-through-the-industrial-revolution,LineChart,,,684384ac80b6b0d6464b51bd2e9ac8e2,number-of-patents-through-the-industrial-revolution_v5_850x600.svg,2,25,377896360,12167
number-of-people-by-religion,DiscreteBar,,,320e0624240bde8933cff40c06c76d0b,number-of-people-by-religion_v3_850x600.svg,3,15,878717448,96478
number-of-people-employed-in-agriculture,LineChart,,,2a911dae226774b3a3f0a19ea23817c1,number-of-people-employed-in-agriculture_v11_850x600.svg,3,22,850969872,219455
number-of-people-in-the-world-with-and-without-access-to-improved-water-sources,StackedArea,,,c103d5a691f9e7b39362eb7afe411baf,number-of-people-in-the-world-with-and-without-access-to-improved-water-sources_v9_850x600.svg,8,32,461557600,397406
number-of-people-infected-with-hiv-by-region,StackedArea,,,d3de62a4897143ae12537c05300e5697,number-of-people-infected-with-hiv-by-region_v23_850x600.svg,2,16,875885752,258851
number-of-people-living-in-extreme-poverty-2011-vs-2017-prices,LineChart,,,4537044543a2e3d4ee4de1cc57e6300c,number-of-people-living-in-extreme-poverty-2011-vs-2017-prices_v10_850x600.svg,8,36,250739440,167879
number-of-people-living-in-extreme-poverty-by-region-cbn,StackedArea,,,53dccb4376c00bfef827167b2c1e8fe4,number-of-people-living-in-extreme-poverty-by-region-cbn_v24_850x600.svg,2,22,420800160,64464
number-of-people-living-in-extreme-poverty-by-region-long-run,StackedArea,,,601fa1c7d0c58a2b1a5ad2ae68365069,number-of-people-living-in-extreme-poverty-by-region-long-run_v26_850x600.svg,4,23,489782384,17763
number-of-people-living-in-the-capital-city-european-commission,WorldMap,,,30425504fa53826032ccbfd58696019a,number-of-people-living-in-the-capital-city-european-commission_v19_850x600.svg,7,53,298983456,195987
number-of-people-living-with-hiv,WorldMap,,,35832e5e6afba5db07a70eaf8b7e4a7d,number-of-people-living-with-hiv_v19_850x600.svg,6,25,649004328,258851
number-of-people-moderately-or-severely-food-insecure,WorldMap,,,040a0b0fe95672611c68d55555bd46a8,number-of-people-moderately-or-severely-food-insecure_v13_850x600.svg,1,16,894527592,48540
number-of-people-severely-food-insecure,WorldMap,,,d613859f4cf02e462ba548829d84a04c,number-of-people-severely-food-insecure_v18_850x600.svg,4,40,394814128,55215
number-of-people-with-alcohol-or-drug-use-disorders,WorldMap,,,8cfb91188e2c9bb3c3130e8cbbde7401,number-of-people-with-alcohol-or-drug-use-disorders_v23_850x600.svg,3,23,514574272,258332
number-of-people-with-and-without-electricity-access,StackedArea,,,4dd83e69a1672f7a5e3da37abaa0f5b9,number-of-people-with-and-without-electricity-access_v17_850x600.svg,20,107,243665720,431921
number-of-people-with-blindness-due-to-each-cause,StackedArea,,,04b179167c57e526ba5c009fc8110bbb,number-of-people-with-blindness-due-to-each-cause_v16_850x600.svg,33,96,889741120,1697200
number-of-people-with-cancer,WorldMap,,,86f5156c49f5d3cfc82d2525f2605712,number-of-people-with-cancer_v15_850x600.svg,3,30,670320736,258599
number-of-people-with-cancer-by-age,StackedArea,,,1f690c854722a12cfa3ea12a0a54d5b7,number-of-people-with-cancer-by-age_v19_850x600.svg,26,43,281037896,1294106
number-of-people-with-cancer-by-type,DiscreteBar,,,0aeb8afea9bf895d4848ae6e8ace9f09,number-of-people-with-cancer-by-type_v21_850x600.svg,114,132,543719224,5443172
number-of-people-with-mild-or-severe-anemia-from-ntds,DiscreteBar,,,b6a0522697072b0a50c02f2f81a80a4e,number-of-people-with-mild-or-severe-anemia-from-ntds_v5_850x600.svg,18,32,431104640,954933
number-of-refugees-per-100000,WorldMap,,,a75232d5872027810aae8266fc059a4d,number-of-refugees-per-100000_v18_850x600.svg,5,38,695071640,239165
number-of-reported-cholera-deaths,LineChart,,,b1471de95e688adea759d2a79965453e,number-of-reported-cholera-deaths_v18_850x600.svg,2,19,275573552,75059
number-of-reported-guinea-worm-dracunculiasis-cases,WorldMap,,,ee5c59cc39585627a92a2cc412248ce0,number-of-reported-guinea-worm-dracunculiasis-cases_v36_850x600.svg,4,46,269787240,160607
number-of-reported-smallpox-cases,WorldMap,,,18429f4ccbc0841472d6650792748a46,number-of-reported-smallpox-cases_v12_850x600.svg,3,27,450693184,112462
number-of-reported-yaws-cases,WorldMap,,,fa2a490ea68d5e7b63384f69f2ba5775,number-of-reported-yaws-cases_v14_850x600.svg,1,17,910666752,2178
number-of-rhinos-poached,StackedBar,,,fbfca6c5cf2cd2d9980580bfa2129eba,number-of-rhinos-poached_v7_850x600.svg,2,17,296647944,7031
number-of-severely-food-insecure-people-by-region,StackedArea,,,468def2740e080655d9637f867a126a9,number-of-severely-food-insecure-people-by-region_v15_850x600.svg,2,18,715999608,15322
number-of-state-based-conflicts,StackedBar,,,8ea6c0cb88a2719d54f0760e692812ab,number-of-state-based-conflicts_v44_850x600.svg,21,46,319134664,831269
number-of-tanker-spills-by-operation-at-time-of-incident,StackedDiscreteBar,,,66b1617774adcc25cef14ec793e91b51,number-of-tanker-spills-by-operation-at-time-of-incident_v12_850x600.svg,2,12,695169112,760
number-of-tanker-spills-by-primary-cause-of-spill,StackedDiscreteBar,,,2ded22b166ff48afbed1ac7685589172,number-of-tanker-spills-by-primary-cause-of-spill_v11_850x600.svg,1,14,247427400,827
number-of-total-daily-smokers,LineChart,,,efaddb6fd08c754d2dc2b01c6101284f,number-of-total-daily-smokers_v7_850x600.svg,3,35,563609920,191174
number-of-transboundary-animal-breeds-which-have-genetic-resources-secured-in-conservation-facilities,WorldMap,,,51f8b43aae34996d080e352af7f920be,number-of-transboundary-animal-breeds-which-have-genetic-resources-secured-in-conservation-facilities_v13_850x600.svg,1,17,921859432,24474
number-of-tsunamis,WorldMap,,,65515734f4a507552dbc50781cbacdee,number-of-tsunamis_v8_850x600.svg,2,20,418596768,83742
number-of-tuberculosis-cases,WorldMap,,,cf01b497eb488f381d4575171ef1807e,number-of-tuberculosis-cases_v18_850x600.svg,2,30,713890808,159442
number-of-wars-correlates-of-war,StackedBar,,,4644eb408dd5909b5d670b6453973e21,number-of-wars-correlates-of-war_v28_850x600.svg,7,101,305745080,156617
number-of-wars-project-mars,StackedBar,,,696c62a8ca46753b7064eb854b1b2a10,number-of-wars-project-mars_v29_850x600.svg,4,149,933946904,68378
number-of-youth-deaths,WorldMap,,,deee8f888aa5e93401aedb687d8ceced,number-of-youth-deaths_v8_850x600.svg,3,27,536923728,212195
number-oil-spills,StackedBar,,,c694e0c2e9486a82fb6baa9e6acbb1ed,number-oil-spills_v12_850x600.svg,2,22,296839096,3082
number-outdoor-pollution-deaths-by-age,StackedArea,,,ff37e47b0c41ee2b4b41d9f2b0afdc75,number-outdoor-pollution-deaths-by-age_v18_850x600.svg,22,34,462735592,1302494
number-reported-cases-of-cholera,WorldMap,,,ed00862aba409e8a94dbc9a0e31387cf,number-reported-cases-of-cholera_v17_850x600.svg,3,28,739431496,81156
number-species-evaluated-iucn,DiscreteBar,,,3d1496a6ca52f6120688018f17278e89,number-species-evaluated-iucn_v12_850x600.svg,3,14,315769944,867
number-species-threatened,DiscreteBar,,,0ac1a2094ac6421e11536d60f082444d,number-species-threatened_v16_850x600.svg,2,15,433358296,851
number-suffering-from-depression-by-region,StackedArea,,,d0f93bf9e0e471f7e495d995fe475354,number-suffering-from-depression-by-region_v37_850x600.svg,6,22,561728616,258343
number-suicide-deaths,WorldMap,,,18533a5a3f489938ceaedab17caba9a4,number-suicide-deaths_v31_850x600.svg,4,29,287627072,335224
number-suicide-deaths-source-comparison,LineChart,,,37e99ee1c5b82e0adb6bad1a8742726d,number-suicide-deaths-source-comparison_v41_850x600.svg,13,57,447428384,605796
number-un-peacekeeping-missions,LineChart,,,00027c2da05c53c2983273f9b1f6cf1f,number-un-peacekeeping-missions_v23_850x600.svg,2,13,716635192,2067
number-undernourished,LineChart,,,a75f6b459d8e405a1566988f52f057f7,number-undernourished_v25_850x600.svg,5,24,548864192,101345
number-using-at-least-basic-sanitation,WorldMap,,,c882e0796837c40154e7060fcb510d34,number-using-at-least-basic-sanitation_v7_850x600.svg,2,29,738088744,200482
number-with-adhd,StackedArea,,,412f5173e2818093fb7a66d7b8102614,number-with-adhd_v22_850x600.svg,12,22,314613872,517072
number-with-alcohol-use-disorders,StackedArea,,,a52ef490733c73f045a2c571bc93fb92,number-with-alcohol-use-disorders_v21_850x600.svg,16,28,577182592,517216
number-with-alcohol-use-disorders-country,WorldMap,,,c685adc2fccbcf9afe1647cc2db4efd5,number-with-alcohol-use-disorders-country_v19_850x600.svg,5,31,324201680,258337
number-with-autistic-spectrum-disorder,StackedArea,,,b570da82dbdc2adfd89ed8e0436c1d5e,number-with-autistic-spectrum-disorder_v15_850x600.svg,9,48,961979760,517297
number-with-developmental-intellectual-disability,StackedArea,,,41d4d22cd8ecb940fa13418a0329d9f0,number-with-developmental-intellectual-disability_v21_850x600.svg,32,65,477723672,517550
number-with-drug-disorders-by-substance,StackedArea,,,134a7fee6ad478624c076dc44ac39725,number-with-drug-disorders-by-substance_v25_850x600.svg,38,87,303951288,1293937
number-with-drug-use-disorders-country,WorldMap,,,643817bcff1444d1989ccd857e5944df,number-with-drug-use-disorders-country_v20_850x600.svg,10,93,599957336,258302
number-with-mental-and-neurodevelopmental-disorders-by-type,DiscreteBar,,,6f951385c5c81649255c441fb6744336,number-with-mental-and-neurodevelopmental-disorders-by-type_v28_850x600.svg,70,91,745797016,2843227
number-with-mental-health-disorders-by-sex,StackedArea,,,e744cc97035e61a278e3036bf59283ae,number-with-mental-health-disorders-by-sex_v22_850x600.svg,23,47,930508104,515813
number-with-without-clean-cooking-fuels,StackedArea,,,38a5484eccc23fb71545aea0652ee36e,number-with-without-clean-cooking-fuels_v17_850x600.svg,15,49,472092920,307394
number-without-access-to-improved-sanitation,WorldMap,,,23013c1877bb345d7568b0f51f55d0b9,number-without-access-to-improved-sanitation_v10_850x600.svg,3,26,291424232,197190
number-without-basic-handwashing,WorldMap,,,639d162f93326cf9b5b13da46c7983dc,number-without-basic-handwashing_v17_850x600.svg,7,22,321946368,64721
number-without-clean-cooking-fuel,WorldMap,,,c86d6b526a02c2767ac44dd0ffa73ec0,number-without-clean-cooking-fuel_v13_850x600.svg,2,36,949333592,149066
number-without-electricity-by-region,StackedArea,,,c977ce87cb2c31e5b39a5040edb1a687,number-without-electricity-by-region_v20_850x600.svg,6,21,580772832,207606
number-without-improved-water,WorldMap,,,4c89b6d04d76e072e8c7f9a56c6025a3,number-without-improved-water_v12_850x600.svg,2,24,499195880,195409
number-without-safe-drinking-water,WorldMap,,,fbad7033e7f42181bc15ad28c4c65017,number-without-safe-drinking-water_v9_850x600.svg,2,25,334979064,145432
numeracy-rate-in-adult-men,WorldMap,,,b941f65e97d9f26657e4426b262205d0,numeracy-rate-in-adult-men_v15_850x600.svg,1,16,300794472,1188
numeracy-rate-in-adult-women-sdg,WorldMap,,,03633c86751eb67b8872b3f6474e0972,numeracy-rate-in-adult-women-sdg_v16_850x600.svg,2,22,762434792,1189
nurses-and-midwives-per-1000-people,WorldMap,,,3081afb70ae936d1bb8f3bcc1d3bebd1,nurses-and-midwives-per-1000-people_v18_850x600.svg,1,21,601687472,101579
nvidia-quarterly-revenue-segment,StackedBar,,,27252b4dae226ae6017a3d0ee8bd205b,nvidia-quarterly-revenue-segment_v18_850x600.svg,1,26,194491872,5544
obesity-in-men-vs-obesity-in-women,ScatterPlot,,,a1430d22b026150ee2323debb8ad96d8,obesity-in-men-vs-obesity-in-women_v29_850x600.svg,11,65,549523672,627632
obesity-prevalence-adults-who-gho,WorldMap,,,24e61d497fae5e2475f81b520943dbff,obesity-prevalence-adults-who-gho_v21_850x600.svg,6,35,307507416,309153
obesity-vs-gdp,ScatterPlot,,,8de547e36f0d58c78fcda569072770cb,obesity-vs-gdp_v30_850x600.svg,10,90,774321400,559620
ocean-heat-content-upper,LineChart,,,67b04384482983e307b29735db350f01,ocean-heat-content-upper_v19_850x600.svg,2,19,349680872,8872
ocean-heat-top-2000m,LineChart,,,a1df112c67aab35849f7e6ed90fbcad6,ocean-heat-top-2000m_v19_850x600.svg,2,21,586497304,7023
ocean-plastic-waste-per-capita-vs-gdp,ScatterPlot,,,69659f498f1577bb9a4be53c43a1bb9e,ocean-plastic-waste-per-capita-vs-gdp_v26_850x600.svg,11,54,220210672,256151
ocean-research-funding,WorldMap,,,0c37accabc6f4332f453eef6981bae7e,ocean-research-funding_v23_850x600.svg,1,16,313457312,4524
ocean-waste-by-item,DiscreteBar,,,3e17b011a9ef38ef9d08991e9f8b811c,ocean-waste-by-item_v9_850x600.svg,1,39,602876768,2205
oda-for-scholarships,WorldMap,,,c70d89adcf2d5aaf0ab0fc08342bd9b3,oda-for-scholarships_v21_850x600.svg,2,24,320222360,79199
oecd-average-trust-in-governments,WorldMap,,,348030bb20a2f3d0553d4ba92c1e01ae,oecd-average-trust-in-governments_v19_850x600.svg,2,24,328416176,9574
oecd-expenditures-on-government-outsourcing-gdp,DiscreteBar,,,f16872cdc7b6dae35ec427182f38e6ac,oecd-expenditures-on-government-outsourcing-gdp_v16_850x600.svg,3,25,629106464,21045
official-development-assistance-donor-bilateral-multilateral,StackedArea,,,ec8d79383514092c30a37f8382fa5dbe,official-development-assistance-donor-bilateral-multilateral_v22_850x600.svg,9,25,343490760,166920
official-development-assistance-to-least-developed-countries,LineChart,,,4b1322586369e9bde7e7068bf96687b1,official-development-assistance-to-least-developed-countries_v23_850x600.svg,2,22,324172072,30650
official-entrance-age-to-compulsory-education,WorldMap,,,5bcfa9c80e4e811cb4c07a40f4d4dd6d,official-entrance-age-to-compulsory-education_v13_850x600.svg,2,25,538088304,137408
official-entrance-age-to-pre-primary-education,WorldMap,,,3866d3f682e15fa35e778b0bc1882323,official-entrance-age-to-pre-primary-education_v17_850x600.svg,4,35,618177296,307342
oil-consumption-by-country,WorldMap,,,42aba4c0147017f5fefe47ef6fe41356,oil-consumption-by-country_v18_850x600.svg,4,29,342936992,216456
oil-consumption-by-region-terawatt-hours-twh,StackedArea,,,28fba477a9dc60c9a9bc06e0b72e56f6,oil-consumption-by-region-terawatt-hours-twh_v23_850x600.svg,4,25,201768312,216456
oil-electricity-per-capita,WorldMap,,,ebb7f34ac928d126863eace8d226a682,oil-electricity-per-capita_v32_850x600.svg,3,30,798195440,210688
oil-prices-inflation-adjusted,LineChart,,,800513a1fffc805358e8157d3d0a1419,oil-prices-inflation-adjusted_v3_850x600.svg,2,28,357581104,5591
oil-prod-per-capita,DiscreteBar,,,a29e849e329d860b5e175c2877d8b33a,oil-prod-per-capita_v19_850x600.svg,6,18,222260800,460119
oil-production-by-country,LineChart,,,40c8a6214f610cfcde0bf472d32039f9,oil-production-by-country_v21_850x600.svg,4,24,570947680,544232
oil-production-by-region,StackedArea,,,f9535a38f9369ce02ad85ee5c0d0a7b4,oil-production-by-region_v20_850x600.svg,3,16,370393552,154344
oil-proved-reserves,WorldMap,,,fe7a1cdc1d5a489397f177349b75cbdb,oil-proved-reserves_v18_850x600.svg,2,24,632217240,108342
oil-rents-as-a-share-of-gdp,WorldMap,,,f757f9f5df3054c8a1d3bcd09e955b46,oil-rents-as-a-share-of-gdp_v10_850x600.svg,5,28,323717872,278983
oil-share-energy,WorldMap,,,41821aad3077a14173b9ee2c813a4dbd,oil-share-energy_v25_850x600.svg,2,21,819759208,214590
oil-yield-by-crop,DiscreteBar,,,69f3333874294388bb5c6c0516c5c0ac,oil-yield-by-crop_v16_850x600.svg,35,49,228454640,1120533
one-person-households,LineChart,,,2ec1215503063c62ff3a61c1d17b02dc,one-person-households_v27_850x600.svg,2,22,362373624,30150
one-person-households-vs-gdp-per-capita,ScatterPlot,,,d833d4636a96eb8737eb9c9fbdebf0aa,one-person-households-vs-gdp-per-capita_v36_850x600.svg,92,268,641282720,2113095
open-defecation-in-rural-areas-vs-urban-areas,ScatterPlot,,,26840941d2b039f3b38b1009c0308fb5,open-defecation-in-rural-areas-vs-urban-areas_v14_850x600.svg,7,54,654710384,314533
openness-of-executive-recruitment-score,WorldMap,,,93a0a53dbf78db87b49acd8396811a0a,openness-of-executive-recruitment-score_v57_850x600.svg,5,46,351508272,981402
opinions-young-people-climate,DiscreteBar,,,cc5d557100c7c401062edb757cf76a25,opinions-young-people-climate_v8_850x600.svg,1,37,802028160,2082
orange-production,WorldMap,,,e5b1edb4bf73309e06f7aa00fd4f1ab1,orange-production_v11_850x600.svg,6,36,253225488,307448
orange-yields,WorldMap,,,da867d84d1e51a53c10dbb3ece206625,orange-yields_v13_850x600.svg,6,33,389694136,301406
organic-agricultural-area,LineChart,,,34c04fdad407d9c9cb32dd1159bdb6ee,organic-agricultural-area_v10_850x600.svg,18,43,334657264,646450
out-of-pocket-expenditure-per-capita-on-healthcare,WorldMap,,,ecc7750e5a20228543d44b7cca53ced5,out-of-pocket-expenditure-per-capita-on-healthcare_v27_850x600.svg,5,35,275463152,162302
out-of-school-children-of-primary-school-age-by-world-region,StackedArea,,,c3ff64e41c9509dbb22bf6142c5673d7,out-of-school-children-of-primary-school-age-by-world-region_v27_850x600.svg,3,27,360060528,151015
outdoor-air-pollution-deaths-in-1990-vs-2023,ScatterPlot,,,4cc827649a5832c0aec9f2fd6be91197,outdoor-air-pollution-deaths-in-1990-vs-2023_v14_850x600.svg,34,84,228074360,527450
outdoor-air-pollution-exposure,WorldMap,,,44c41f2651438a64a21a991e1abc28e5,outdoor-air-pollution-exposure_v16_850x600.svg,6,31,673626040,196400
outdoor-pollution-death-rate,WorldMap,,,4ef61fb6b2d1502f421fe413a04b0619,outdoor-pollution-death-rate_v17_850x600.svg,4,28,352953440,251879
outdoor-pollution-rate-vs-gdp,ScatterPlot,,,2c3835d1f751c369d8291dfb25b47caf,outdoor-pollution-rate-vs-gdp_v51_850x600.svg,77,258,442436064,2334824
outdoor-pollution-rates-by-age,DiscreteBar,,,d20362166d93fb0c4c4a2ba22d7c1e11,outdoor-pollution-rates-by-age_v15_850x600.svg,23,41,251782240,1304064
output-of-key-industrial-sectors-in-england-and-the-uk,LineChart,,,8c23f4a4c274efff104431a2c11a1be0,output-of-key-industrial-sectors-in-england-and-the-uk_v14_850x600.svg,2,26,661704712,84804
output-of-key-industries-in-england,LineChart,,,b46fdae69a3ec88da5bef650707bdc2f,output-of-key-industries-in-england_v12_850x600.svg,3,35,259362560,152703
output-of-key-service-and-industrial-sectors-in-england-and-the-uk,LineChart,,,0e28d3fb14793fb600d085ca727a3e17,output-of-key-service-and-industrial-sectors-in-england-and-the-uk_v10_850x600.svg,3,36,343157416,107285
overarching-legal-frameworks-regarding-gender-equality,WorldMap,,,225d08820e8256cde057ebc5b216559a,overarching-legal-frameworks-regarding-gender-equality_v14_850x600.svg,2,24,675508504,11890
ozone-depleting-substance-consumption,StackedArea,,,7f63c0a80eafe6365c9620bd5dc9b702,ozone-depleting-substance-consumption_v16_850x600.svg,27,77,360311984,904933
ozone-depleting-substance-emissions,LineChart,,,4da758ed114ffccd48781ee66543df6e,ozone-depleting-substance-emissions_v13_850x600.svg,3,25,289116816,3454
ozone-depleting-substances-index,LineChart,,,d1c4a1f6dfbdec744b5017b707b53751,ozone-depleting-substances-index_v15_850x600.svg,3,23,665560336,159200
ozone-o3-concentration-in-ppb,WorldMap,,,f5c51d725eed5bd6ec0ea30ff7742e74,ozone-o3-concentration-in-ppb_v8_850x600.svg,2,21,689830680,34956
p10-vs-gdp-per-capita,ScatterPlot,,,a72a41f1cf70e995013df007b7f139f7,p10-vs-gdp-per-capita_v50_850x600.svg,102,327,763236040,2828768
pain-broiler-chickens,DiscreteBar,,,464fe1ee7f637c0c7bd0b2e18d6f81de,pain-broiler-chickens_v11_850x600.svg,2,22,266783600,465
pain-levels-hen-systems,DiscreteBar,,,4904851744e35dd52a5e97ef6ea7fd8e,pain-levels-hen-systems_v9_850x600.svg,1,22,200727848,615
palm-oil-imports,WorldMap,,,136d49ed1f2137990f81f71d921b49e3,palm-oil-imports_v12_850x600.svg,4,33,395136704,376805
palm-oil-production,LineChart,,,eb01076de856eb4f72590a13b2e3ba4d,palm-oil-production_v16_850x600.svg,2,15,291071792,141569
palm-oil-yields,WorldMap,,,b886312c7fe127f0253b1b9568cdd700,palm-oil-yields_v14_850x600.svg,3,21,702470880,145256
palma-ratio-after-tax-lis,LineChart,,,23f606c78336be1934c78159b928db66,palma-ratio-after-tax-lis_v46_850x600.svg,2,22,238723960,35057
palma-ratio-world-inequality-database,WorldMap,,,877e4fe66ff9c082f0efc165ee78a935,palma-ratio-world-inequality-database_v45_850x600.svg,2,26,273232288,125873
pancreatic-cancer-death-rate,WorldMap,,,10b02f2ff9d69759330efdf3d1b3df6f,pancreatic-cancer-death-rate_v22_850x600.svg,2,36,220937504,99997
parameters-in-notable-artificial-intelligence-systems,ScatterPlot,,,72c4cc151cde3baf3debabf6c84902af,parameters-in-notable-artificial-intelligence-systems_v178_850x600.svg,2,68,420732056,28233
parameters-vs-training-dataset-size-in-notable-ai-systems,ScatterPlot,,,8c74d74271d9d3ca16040175ce4380d0,parameters-vs-training-dataset-size-in-notable-ai-systems_v43_850x600.svg,3,304,805244008,54769
parents-same-sex-vs-different-sex,WorldMap,,,a619bc9dd717038fe5ff74190d9d1f90,parents-same-sex-vs-different-sex_v28_850x600.svg,3,23,285614568,2737
parents-who-agree-with-spanking-to-discipline-a-child,StackedArea,,,2110a54c9e488946a706dae97665181b,parents-who-agree-with-spanking-to-discipline-a-child_v6_850x600.svg,2,17,461698920,2682
parkinsons-disease-prevalence-ihme,WorldMap,,,4e4d08cae64f46b8709647fd4391f27e,parkinsons-disease-prevalence-ihme_v14_850x600.svg,4,29,240319872,259364
partial-nuclear-test-ban-treaty,WorldMap,,,41888229b8d7960ab920c12a4f4f43f8,partial-nuclear-test-ban-treaty_v6_850x600.svg,3,39,483914320,435697
participants-in-ongoing-state-based-conflicts-by-region,StackedBar,,,a22e67e8583ba8c9418068bdec03d238,participants-in-ongoing-state-based-conflicts-by-region_v45_850x600.svg,1,49,299231736,13004
participation-of-women-in-purchase-decisions-vs-gdp-per-capita,ScatterPlot,,,1692345144b9a9fd7babde37ff929da7,participation-of-women-in-purchase-decisions-vs-gdp-per-capita_v50_850x600.svg,11,51,263453496,255795
participation-rate-in-formal-and-non-formal-education-and-training,WorldMap,,,a62eb4fbb1a60cf596dd45f6197fe7f1,participation-rate-in-formal-and-non-formal-education-and-training_v12_850x600.svg,4,22,455125672,63432
participatory-democracy-index,WorldMap,,,3f2b84cc032ca7d4c36bcbf99a874b33,participatory-democracy-index_v52_850x600.svg,35,139,327779240,1013812
participatory-political-institutions-index,WorldMap,,,574b74d62e930fdec55435005a6de1b0,participatory-political-institutions-index_v49_850x600.svg,48,147,305580088,1030803
parties-to-multilateral-agreements-on-hazardous-waste,DiscreteBar,,,beaec89c1ba36ebaf3e717261c1a5969,parties-to-multilateral-agreements-on-hazardous-waste_v18_850x600.svg,4,15,471511000,65423
passenger-kilometers-traveled-self-driving-taxis,StackedBar,,,85e0cd3b5097eed6a4271b9fe334cde8,passenger-kilometers-traveled-self-driving-taxis_v22_850x600.svg,1,23,495627384,1743
patent-applications-per-million,WorldMap,,,11c1abade2672d659dd6891de62f342a,patent-applications-per-million_v16_850x600.svg,2,34,472165952,143072
patents-ccs,WorldMap,,,47e5a041cbaddf4e0dab6ce0ce72e385,patents-ccs_v11_850x600.svg,2,34,242498992,32110
patents-electric-vehicles,StackedBar,,,55f74d77b173676bcf9f9e7b0e21a848,patents-electric-vehicles_v8_850x600.svg,11,28,410681600,150666
patents-energy-storage,StackedBar,,,a23831f55542b39c7884c13bf7a7c4d4,patents-energy-storage_v8_850x600.svg,6,39,505114304,125623
patents-filed-for-renewables,StackedBar,,,f26305bd9492171c3a090248d8b3e703,patents-filed-for-renewables_v14_850x600.svg,11,41,381389368,300235
patents-for-renewables-by-country,WorldMap,,,f5aa76729825532d2bd42447a5865d3f,patents-for-renewables-by-country_v13_850x600.svg,3,22,322282776,51420
patents-usa-by-category,StackedArea,,,322daa6c8acdd71043c764fc43a27e08,patents-usa-by-category_v17_850x600.svg,2,15,442089064,29674
pcv3-number-unvaccinated,WorldMap,,,d68795d6d5e1f00f1174dd5ca4343e97,pcv3-number-unvaccinated_v13_850x600.svg,3,30,260299696,59765
pea-production,WorldMap,,,9d8fa37963d51cf4c776df44cf093200,pea-production_v9_850x600.svg,3,24,523946640,240099
pea-yields,WorldMap,,,63498e9ff3a5f0c14424ccae31354654,pea-yields_v11_850x600.svg,4,31,462289744,254750
peaceful-and-hostile-relationships-between-states,StackedArea,,,23270fbfa94813dab5b319451c4feb60,peaceful-and-hostile-relationships-between-states_v19_850x600.svg,3,16,356155768,116671
peaceful-and-hostile-relationships-between-states-no-relationship-included,StackedArea,,,663a05ab77f0372bbf042e45ab480f43,peaceful-and-hostile-relationships-between-states-no-relationship-included_v25_850x600.svg,4,21,303932384,141221
peak-birth-month,WorldMap,,,5c97d9e99bebbcdb4fd8118bdfccc39a,peak-birth-month_v20_850x600.svg,2,19,381575936,200770
people-asked-for-a-bribe-vs-firms-asked-for-a-bribe,ScatterPlot,,,eef76ed4a270a35c6e21fe76853e8a79,people-asked-for-a-bribe-vs-firms-asked-for-a-bribe_v10_850x600.svg,4,35,282273456,28620
people-fully-vaccinated-covid,LineChart,,,b6b3e56dafccc2c1e2b46d2e3e6bb9b1,people-fully-vaccinated-covid_v1531_850x600.svg,14,96,550545584,2397778
people-joint-adoptions-same-sex-partners-legal,StackedArea,,,2e4db44f42c2d649074b0d3f38df9664,people-joint-adoptions-same-sex-partners-legal_v35_850x600.svg,1,27,323808432,35760
people-living-countries-legalized-sex-marriage,StackedArea,,,cd1b9cc34215f7678c1d1083672bda7c,people-living-countries-legalized-sex-marriage_v33_850x600.svg,2,27,823531352,18693
people-living-in-countries-in-which-same-sex-sexual-acts-are-legal,StackedArea,,,ee99c2f0e9f16a92e8a51eb105dd905b,people-living-in-countries-in-which-same-sex-sexual-acts-are-legal_v10_850x600.svg,10,31,438198536,248696
people-living-in-countries-that-have-universal-voting-rights,StackedArea,,,0b1fc60751788906e115c93040d2e51e,people-living-in-countries-that-have-universal-voting-rights_v42_850x600.svg,5,19,313679936,193668
people-living-in-countries-that-sanction-domestic-violence,StackedArea,,,00f243a432567b64c37d0bc44c537519,people-living-in-countries-that-sanction-domestic-violence_v9_850x600.svg,3,18,843478976,36578
people-living-in-democracies-autocracies,StackedArea,,,5d741857cedf06fd75bdd911aee8cbcb,people-living-in-democracies-autocracies_v62_850x600.svg,6,22,359612440,254534
people-living-in-democracies-autocracies-amb-row,StackedArea,,,26dee422470f8feee79f87b852a6648c,people-living-in-democracies-autocracies-amb-row_v63_850x600.svg,12,36,442601160,529403
people-living-in-democracies-autocracies-bti,StackedArea,,,7e04ef2b23e026edd4c35d211ed1e46f,people-living-in-democracies-autocracies-bti_v72_850x600.svg,3,21,822403296,15285
people-living-in-democracies-autocracies-lexical,StackedArea,,,ce2740ef74f4c26590f47e216a0f4679,people-living-in-democracies-autocracies-lexical_v66_850x600.svg,11,31,322021968,424583
people-living-in-democracies-nondemocracies-eiu,StackedArea,,,2bbbd392cdece659ae555772d34ae4b5,people-living-in-democracies-nondemocracies-eiu_v64_850x600.svg,3,19,380571424,19862
people-living-in-democracies-nondemocracies-fh,StackedArea,,,b791cee9ce8d474e9c68be9bf30ad4df,people-living-in-democracies-nondemocracies-fh_v61_850x600.svg,2,16,840766152,14272
people-living-in-democracies-nondemocracies-polity,StackedArea,,,7afd3a6cb476c0133bcbf6cc237a78be,people-living-in-democracies-nondemocracies-polity_v58_850x600.svg,4,21,473655120,193442
people-living-in-democracies-nondemocracies-simplified-lexical,StackedArea,,,83572758c0e36809142f6cc00e942c03,people-living-in-democracies-nondemocracies-simplified-lexical_v83_850x600.svg,4,20,363605872,148750
people-living-in-democratizing-autocratizing-countries-ert,StackedArea,,,bc2c08d259df0d2797018820fe1994ae,people-living-in-democratizing-autocratizing-countries-ert_v82_850x600.svg,4,20,526336944,110432
people-living-in-democratizing-autocratizing-democracies-autocracies-ert,StackedArea,,,23aadab91789b67bbe731e2425a432df,people-living-in-democratizing-autocratizing-democracies-autocracies-ert_v85_850x600.svg,6,24,317979296,187647
people-living-in-free-countries-fh,StackedArea,,,61d87c3b6c9cd6938300c92343495dfe,people-living-in-free-countries-fh_v61_850x600.svg,2,19,344161736,48064
people-living-in-united-nations-member-states,StackedArea,,,8086c52b7f77025928b21480e3b1c536,people-living-in-united-nations-member-states_v9_850x600.svg,5,16,817250568,43034
people-living-with-gynecological-diseases-per-100000,DiscreteBar,,,224e3e2aba274b1f5eb6d16110bf17bd,people-living-with-gynecological-diseases-per-100000_v10_850x600.svg,25,36,457979832,1262102
people-practicing-open-defecation-of-population,WorldMap,,,54aa522eaa67ec001e1a3bd254490a82,people-practicing-open-defecation-of-population_v10_850x600.svg,3,25,386950088,186098
people-third-gender-recognized,StackedArea,,,25dd18897f0cfe0f93efbfeb2098eb59,people-third-gender-recognized_v32_850x600.svg,2,13,545144176,34607
people-treated-for-river-blindness,WorldMap,,,2002dea50867d0acdfaff42d3ed9c99d,people-treated-for-river-blindness_v12_850x600.svg,1,19,359939472,19462
people-vaccinated-covid,LineChart,,,5fe14f5bee014457f84ca493cba93ddb,people-vaccinated-covid_v1518_850x600.svg,15,100,354075872,2469971
people-who-report-having-friends-or-relatives-they-can-count-on,DiscreteBar,,,15488b074a900c0df3c30f42c2310623,people-who-report-having-friends-or-relatives-they-can-count-on_v8_850x600.svg,2,16,837219952,1238
people-with-access-to-at-least-basic-drinking-water,LineChart,,,e7fcf0f84258f83d6b0c2675f53ca48d,people-with-access-to-at-least-basic-drinking-water_v8_850x600.svg,2,30,537596640,199762
people-without-clean-cooking-fuels-region,StackedArea,,,44903d7443b32cda2c90415564f52025,people-without-clean-cooking-fuels-region_v7_850x600.svg,2,11,477643480,125572
people-without-electricity-country,WorldMap,,,f03250a8e4f682c264874789a1c500f2,people-without-electricity-country_v22_850x600.svg,3,35,178370720,207606
per-capita-alcohol-1890,LineChart,,,894ea42f1ff06ef942617294325c2002,per-capita-alcohol-1890_v11_850x600.svg,5,17,413478600,3301
per-capita-co-emissions-from-international-flights-tourism-adjusted,WorldMap,,,f19f3da26ce973995cb2d5544c5b2105,per-capita-co-emissions-from-international-flights-tourism-adjusted_v42_850x600.svg,2,22,455017880,39004
per-capita-co-emissions-vs-human-development-index,ScatterPlot,,,c38601f16fcc125c745ee99074879483,per-capita-co-emissions-vs-human-development-index_v44_850x600.svg,97,266,439825536,2194218
per-capita-co2-aviation,WorldMap,,,4f02ab4e0270928da2981e3f695bfaa6,per-capita-co2-aviation_v6_850x600.svg,2,19,554263248,52988
per-capita-co2-by-source,StackedDiscreteBar,,,39249c465142d0f096738698b6cea7fe,per-capita-co2-by-source_v28_850x600.svg,110,147,447542096,3394337
per-capita-co2-cement,WorldMap,,,919fa2f6b371dd47b65fea1faa3b18b9,per-capita-co2-cement_v28_850x600.svg,8,50,325057416,784878
per-capita-co2-coal,WorldMap,,,b2ece5602c0d64163672d875f5380694,per-capita-co2-coal_v29_850x600.svg,7,49,476633088,721175
per-capita-co2-domestic-aviation-vs-gdp,ScatterPlot,,,ce439eac7927f565706628eabf941acd,per-capita-co2-domestic-aviation-vs-gdp_v26_850x600.svg,8,70,571194952,304202
per-capita-co2-domestic-aviation-vs-land-area,ScatterPlot,,,7c30b6915f4d7e3b25ce3a814823afc2,per-capita-co2-domestic-aviation-vs-land-area_v24_850x600.svg,50,116,221103960,459937
per-capita-co2-emissions-from-domestic-aviation,WorldMap,,,18ee4364eb1c5a474ab615eb77191f9d,per-capita-co2-emissions-from-domestic-aviation_v30_850x600.svg,5,28,348360384,62933
per-capita-co2-flaring,WorldMap,,,5fa45b7f4060d3f9c4bf4da0c75eeb61,per-capita-co2-flaring_v29_850x600.svg,7,31,498497064,440235
per-capita-co2-food-deforestation,DiscreteBar,,,f8767f89a14b4c2b1e0fc1497e1d689e,per-capita-co2-food-deforestation_v5_850x600.svg,3,15,464559208,1545
per-capita-co2-fuel,DiscreteBar,,,8ee728cc28805e299412b75d28a60027,per-capita-co2-fuel_v27_850x600.svg,100,116,483850264,3394337
per-capita-co2-gas,WorldMap,,,48d97bd1d50c9e07d7303500f27fef47,per-capita-co2-gas_v27_850x600.svg,5,31,594796424,535468
per-capita-co2-including-land,WorldMap,,,78a8092ec84831890d7ebdbbb56eb655,per-capita-co2-including-land_v19_850x600.svg,10,54,379241256,793625
per-capita-co2-international-aviation,WorldMap,,,f448135c2b8a492e3459c486e29ed787,per-capita-co2-international-aviation_v17_850x600.svg,2,21,481332024,77227
per-capita-co2-international-flights-adjusted,WorldMap,,,e938ab394185373879e70b48914513c4,per-capita-co2-international-flights-adjusted_v29_850x600.svg,14,34,240401352,39004
per-capita-co2-oil,WorldMap,,,291ebadf001c60aabd6a48edff487c76,per-capita-co2-oil_v27_850x600.svg,7,39,621131048,819964
per-capita-co2-region,Marimekko,,,ef75ab53912d6b3f988b2a085e28b83a,per-capita-co2-region_v29_850x600.svg,63,130,493724936,2731456
per-capita-co2-sector,DiscreteBar,,,beb53df25354d91ea778fcf9e9a9bd5d,per-capita-co2-sector_v13_850x600.svg,32,103,439583984,1823595
per-capita-co2-transport,WorldMap,,,7732451723b481eba0ddb4856d2cd070,per-capita-co2-transport_v12_850x600.svg,5,31,365568440,227570
per-capita-co2-vs-average,WorldMap,,,0834a09f1bb8bae56bd9c5a90c2b5924,per-capita-co2-vs-average_v33_850x600.svg,9,122,467017640,899078
per-capita-consumption-based-co-emissions-vs-per-capita-energy-consumption,ScatterPlot,,,4243c2318eeb945d3391dccc68a82a97,per-capita-consumption-based-co-emissions-vs-per-capita-energy-consumption_v57_850x600.svg,176,382,319353768,3112566
per-capita-diet-composition,LineChart,,,aba3f17607244ac9e70b27ae266c5fa0,per-capita-diet-composition_v5_850x600.svg,60,80,609013088,2678940
per-capita-egg-consumption-kilograms-per-year,WorldMap,,,74da7c99fe5d7bbf7c562988da4d74ac,per-capita-egg-consumption-kilograms-per-year_v11_850x600.svg,4,64,478977568,437067
per-capita-electricity-demand,WorldMap,,,d7283e4681a2e79ba0a78fa667b6eeaa,per-capita-electricity-demand_v8_850x600.svg,2,43,514688472,200971
per-capita-electricity-fossil-nuclear-renewables,StackedDiscreteBar,,,3772e8ff9fadbead3f295fb8dfe97048,per-capita-electricity-fossil-nuclear-renewables_v46_850x600.svg,16,34,380167744,587294
per-capita-electricity-generation,WorldMap,,,cdb6cf760285a9707cad0f3dee3245b2,per-capita-electricity-generation_v41_850x600.svg,3,27,488200496,234417
per-capita-electricity-generation-from-solar-and-wind,WorldMap,,,f204bb2662262d5ba8913bd9cce1edb7,per-capita-electricity-generation-from-solar-and-wind_v18_850x600.svg,3,28,489578272,242049
per-capita-electricity-generation-vs-gdp-per-capita,ScatterPlot,,,7be41e6cbbea5fd3f43e0bbe249be811,per-capita-electricity-generation-vs-gdp-per-capita_v51_850x600.svg,16,87,668267544,484984
per-capita-electricity-source-stacked,StackedDiscreteBar,,,efac66db770b903232ad632800950d96,per-capita-electricity-source-stacked_v34_850x600.svg,39,66,444132480,1655186
per-capita-energy-consumption-from-solar-and-wind,WorldMap,,,b82eae48bf0d4dd2b5946a95424d9be1,per-capita-energy-consumption-from-solar-and-wind_v12_850x600.svg,10,37,450268120,197344
per-capita-energy-source-stacked,StackedDiscreteBar,,,2a5903cffbdc3a59e7a9c4f122338638,per-capita-energy-source-stacked_v19_850x600.svg,19,39,484995240,521767
per-capita-energy-stacked,StackedDiscreteBar,,,a61876a8791275a1d78658c96d68d242,per-capita-energy-stacked_v22_850x600.svg,27,49,514597120,1305897
per-capita-energy-use,WorldMap,,,5b9b2fe3285717d0f19977b2b56865d6,per-capita-energy-use_v38_850x600.svg,6,41,481520016,371812
per-capita-fossil-energy-vs-gdp,ScatterPlot,,,46f783260490a695b8b594245cfe5cd2,per-capita-fossil-energy-vs-gdp_v38_850x600.svg,10,56,531259464,420916
per-capita-gas,WorldMap,,,c00bc9e84d1fca9c5f3e3f78c34885ac,per-capita-gas_v26_850x600.svg,2,22,432570408,166336
per-capita-ghg-co2-excluding-land-use,ScatterPlot,,,0bc906935b93918fdd32eee4b2511b46,per-capita-ghg-co2-excluding-land-use_v42_850x600.svg,46,157,542113416,2374280
per-capita-ghg-co2-including-land-use,ScatterPlot,,,c73e9250c82d4fa1e3657dd072d0517b,per-capita-ghg-co2-including-land-use_v41_850x600.svg,55,180,527187472,2468326
per-capita-ghg-emissions,WorldMap,,,d6f563a7c0a52b35a9118c68380824eb,per-capita-ghg-emissions_v36_850x600.svg,7,59,470747920,1206743
per-capita-ghg-excl-land-use,WorldMap,,,7fdfde212080b16c186b3cc7c70c66d3,per-capita-ghg-excl-land-use_v24_850x600.svg,7,59,654013256,1212757
per-capita-ghg-sector,DiscreteBar,,,7f0fcd6974e9e138d18c66b4ea32a075,per-capita-ghg-sector_v21_850x600.svg,63,77,549166600,2428324
per-capita-hydro,WorldMap,,,029b18924a4b9798500e3eea4b3f02d9,per-capita-hydro_v27_850x600.svg,3,24,492067032,165921
per-capita-low-carbon-energy,WorldMap,,,723c79f9aca714ff9ecac3548092e77c,per-capita-low-carbon-energy_v29_850x600.svg,3,27,339061976,167441
per-capita-low-carbon-vs-gdp,ScatterPlot,,,79788d70b6912800c99c9c3fcc073a70,per-capita-low-carbon-vs-gdp_v36_850x600.svg,9,53,698235864,418008
per-capita-meat-consumption-by-type-kilograms-per-year,StackedArea,,,96998f910c961dcec1d373a5da569d83,per-capita-meat-consumption-by-type-kilograms-per-year_v18_850x600.svg,85,102,566435472,2167695
per-capita-meat-eu28,StackedArea,,,66bdef9fe34630a55d63b6b2d108684f,per-capita-meat-eu28_v7_850x600.svg,2,17,465794440,4250
per-capita-meat-type,StackedDiscreteBar,,,4f0df8b7ce9fc772bc7c91f386c403a1,per-capita-meat-type_v19_850x600.svg,56,74,374950144,2604293
per-capita-meat-usa,StackedArea,,,a582d84f072b036f63e2de4556eb3853,per-capita-meat-usa_v7_850x600.svg,30,94,497747232,1297777
per-capita-methane-emissions,WorldMap,,,6d087cb458820f12561646e767c5ba84,per-capita-methane-emissions_v23_850x600.svg,7,66,736702312,1219817
per-capita-methane-sector,DiscreteBar,,,d65979ca83b9e2018b8b3a0ccaa0efdb,per-capita-methane-sector_v13_850x600.svg,62,74,551531152,2247075
per-capita-milk-consumption,WorldMap,,,2780ce8dacdb4239f9684b02b69a66ef,per-capita-milk-consumption_v18_850x600.svg,3,33,571215632,437906
per-capita-mismanaged-plastic-waste-vs-gdp-per-capita,ScatterPlot,,,f93ce1a5e47cb8238519c49ed6441a8c,per-capita-mismanaged-plastic-waste-vs-gdp-per-capita_v34_850x600.svg,10,59,571508984,256162
per-capita-nitrous-oxide,WorldMap,,,60722d932dd1df50eef381b64cd199a1,per-capita-nitrous-oxide_v23_850x600.svg,7,76,503840944,1248287
per-capita-nitrous-oxide-agriculture,WorldMap,,,bae04008f85fa31fee1f8545ee157ada,per-capita-nitrous-oxide-agriculture_v16_850x600.svg,5,30,348127920,228763
per-capita-nitrous-oxide-sector,DiscreteBar,,,f9da0f53b5977d42caa0e228f682a34e,per-capita-nitrous-oxide-sector_v12_850x600.svg,38,54,572096456,2195873
per-capita-nuclear,WorldMap,,,f24cd62270f75518d63846333a9351dd,per-capita-nuclear_v27_850x600.svg,4,58,571392024,183898
per-capita-ocean-plastic-waste,WorldMap,,,bbf6657ed14e1906b61b211eb1bd2640,per-capita-ocean-plastic-waste_v20_850x600.svg,3,28,233197288,5584
per-capita-oil,WorldMap,,,cf389f2a5c491f1e35cce909e651253e,per-capita-oil_v34_850x600.svg,2,29,591943504,170456
per-capita-plastic-waste-vs-gdp-per-capita,ScatterPlot,,,904e701a04f732707f3b77a6c266424a,per-capita-plastic-waste-vs-gdp-per-capita_v30_850x600.svg,81,244,636905840,2088496
per-capita-renewable-freshwater-resources,WorldMap,,,d679b5dacdf7fa67352f31b151993b25,per-capita-renewable-freshwater-resources_v12_850x600.svg,4,32,593303776,372826
per-capita-renewables,WorldMap,,,533a8b5bff38b4b0a7e8c58ba7259308,per-capita-renewables_v30_850x600.svg,3,20,366837200,167520
per-capita-solar,WorldMap,,,de58e05de839642bf38f71a3c4e478ca,per-capita-solar_v33_850x600.svg,2,22,522767072,147750
per-capita-sources-of-protein,StackedDiscreteBar,,,23ad1b5a188f2551fbd4430c26bd6c72,per-capita-sources-of-protein_v18_850x600.svg,33,57,570486216,2185403
per-capita-wind,WorldMap,,,203ed6701ad974b76de3cb1d405fc370,per-capita-wind_v30_850x600.svg,4,34,245884608,149114
perceived-comfort-speaking-anxiety-depression,StackedDiscreteBar,,,3173df27c0d45a00b2d409bf507e833a,perceived-comfort-speaking-anxiety-depression_v19_850x600.svg,4,18,398384072,16532
perceived-comfort-speaking-anxiety-depression-vs-talked-to-family-friends-when-had-anxiety-depression,ScatterPlot,,,f99ff8f2ec7c2c5b9ab72adb6c672ba5,perceived-comfort-speaking-anxiety-depression-vs-talked-to-family-friends-when-had-anxiety-depression_v37_850x600.svg,3,34,620965416,17187
perceived-influence-over-government,StackedDiscreteBar,,,809eb7ae921c4b6e81906930dfe3d0c6,perceived-influence-over-government_v23_850x600.svg,2,23,543256408,6049
perceived-justifiability-of-terrorism-as-a-political-ideological-or-religious-means,WorldMap,,,1487ced918c7bf1537c04de480653e74,perceived-justifiability-of-terrorism-as-a-political-ideological-or-religious-means_v12_850x600.svg,3,26,257904904,11444
perceived-trust-between-people,StackedDiscreteBar,,,8677bee041dbda0a2429c49573f7f59e,perceived-trust-between-people_v19_850x600.svg,2,30,377616960,9048
percentage-change-energy-by-source,DiscreteBar,,,4e268c1b5cd77f76ab1898144a37b900,percentage-change-energy-by-source_v19_850x600.svg,22,34,613358272,1201631
percentage-of-americans-who-live-alone-by-age,LineChart,,,7be64f4f1e6cc52baec0fbf443cf2b3b,percentage-of-americans-who-live-alone-by-age_v15_850x600.svg,2,21,587281016,1811
percentage-of-children-214-who-experience-violent-discipline-at-home,DiscreteBar,,,98c2ee16bee4d3cc64b4f6d5d1466bf3,percentage-of-children-214-who-experience-violent-discipline-at-home_v5_850x600.svg,2,17,574534160,1997
percentage-of-children-in-employment-by-sex,LineChart,,,fe62aa292d6ef959dbbcff7b5df43ac6,percentage-of-children-in-employment-by-sex_v14_850x600.svg,1,11,577399432,16483
percentage-of-girls-15-to-19-who-report-having-been-victims-of-sexual-abuse,DiscreteBar,,,f9b412c3a5ec099df91669bea0a89c53,percentage-of-girls-15-to-19-who-report-having-been-victims-of-sexual-abuse_v6_850x600.svg,2,19,237764400,1108
percentage-of-men-18-to-29-who-report-having-been-victims-of-forced-sex-as-children,DiscreteBar,,,8b339d5ca000ff8b7d3ffe19cde42f01,percentage-of-men-18-to-29-who-report-having-been-victims-of-forced-sex-as-children_v4_850x600.svg,3,19,605230840,239
percentage-of-men-in-the-united-states-who-live-alone-by-age,LineChart,,,9be60440acd7de63d0853c5392326785,percentage-of-men-in-the-united-states-who-live-alone-by-age_v10_850x600.svg,1,14,559647032,1812
percentage-of-persons-without-health-insurance-coverage-us,LineChart,,,b7346c3cb2f3b8e8a4c5c18561fe1ae5,percentage-of-persons-without-health-insurance-coverage-us_v5_850x600.svg,2,11,595054256,1142
percentage-of-primary-schools-with-access-to-potable-water,WorldMap,,,fd1eb2b01700cf0cf5a6b3d8d8021fcf,percentage-of-primary-schools-with-access-to-potable-water_v14_850x600.svg,3,30,395222272,46613
percentage-of-primary-schools-with-toilets,WorldMap,,,e738bfeacbe02c847ae0fff8b9278611,percentage-of-primary-schools-with-toilets_v10_850x600.svg,2,18,625175312,40554
percentage-of-territory-controlled-by-government,WorldMap,,,3e6d3ffe2089fb17cbfcbc1819537a3a,percentage-of-territory-controlled-by-government_v54_850x600.svg,39,122,317036664,775322
percentage-of-women-18-to-29-who-report-having-been-victims-of-forced-sex-as-children,DiscreteBar,,,613f0bcce2f762376ee6b2c95e99d7e8,percentage-of-women-18-to-29-who-report-having-been-victims-of-forced-sex-as-children_v7_850x600.svg,2,16,553289504,1095
percentage-of-women-in-the-united-states-who-live-alone-by-age,LineChart,,,543901e50f7d0da8a14aea97512870d0,percentage-of-women-in-the-united-states-who-live-alone-by-age_v9_850x600.svg,1,11,618178552,1811
percentage-point-change-religiosity,WorldMap,,,e49a79f4af3363c7fe7e97c2bfa07bce,percentage-point-change-religiosity_v5_850x600.svg,1,20,589106216,7560
perception-of-the-safety-of-vaccines-vs-vaccine-coverage,ScatterPlot,,,eb29c76646cb3b6791ecd7294ef0aed6,perception-of-the-safety-of-vaccines-vs-vaccine-coverage_v19_850x600.svg,8,44,586207656,266579
period-average-age-of-mothers,WorldMap,,,5664d981b4ff0f5e5d7092f8acb2f5e8,period-average-age-of-mothers_v9_850x600.svg,5,47,650992944,579454
period-average-age-of-mothers-birth-order,LineChart,,,1bec4fce099b012f295a2cb2870b28c4,period-average-age-of-mothers-birth-order_v18_850x600.svg,14,29,424732840,328922
period-total-fertility-rate,LineChart,,,60ac656cbf0fc77897788749657b6d3e,period-total-fertility-rate_v18_850x600.svg,2,26,651175528,77463
period-versus-cohort-life-expectancy,LineChart,,,534128426896447c4504f159c2fb9d18,period-versus-cohort-life-expectancy_v20_850x600.svg,9,52,434452960,157880
personal-remittances-oda,DiscreteBar,,,645546df8a3a29f5721998c6ffcea5e8,personal-remittances-oda_v18_850x600.svg,13,37,629883504,600998
pertussis-cases-and-deaths-in-the-united-states,LineChart,,,d6bfafcf8fc8433f232e5ffd5d36d3cb,pertussis-cases-and-deaths-in-the-united-states_v11_850x600.svg,2,17,626548296,5048
pesticide-breakdown-by-type,StackedArea,,,e6e208d547d6e80dcf91bb76b2f064f6,pesticide-breakdown-by-type_v12_850x600.svg,61,82,309306800,1230732
pesticide-use-per-hectare-of-cropland,WorldMap,,,e0bff5aac8d8710e7f393a7d95429fff,pesticide-use-per-hectare-of-cropland_v17_850x600.svg,3,25,617331928,226598
pesticide-use-tonnes,WorldMap,,,b89e1c2bb24c2039868ce61f3c2bae25,pesticide-use-tonnes_v14_850x600.svg,2,25,220319944,235764
pharmaceutical-personnel-per-1000,WorldMap,,,6cd11170f3a01e6159cf1b38a9d76c91,pharmaceutical-personnel-per-1000_v14_850x600.svg,3,25,593875696,67429
phillips-curves-in-the-us,ScatterPlot,,,0d0c4d5c1016b869b97690c689a81081,phillips-curves-in-the-us_v11_850x600.svg,2,60,452769328,6610
phillipss-original-curve-wage-inflation-and-unemployment,ScatterPlot,,,729548dcec0ba48a2b6590a344d2593b,phillipss-original-curve-wage-inflation-and-unemployment_v12_850x600.svg,1,25,622498448,3294
phosphate-application-per-hectare-of-cropland,WorldMap,,,c15fd248e32f488fbfe7a108cf8e8490,phosphate-application-per-hectare-of-cropland_v11_850x600.svg,4,33,645068792,362219
phosphorous-inputs-per-hectare,WorldMap,,,534387b19cdfd8c0e0179af0b61db8dc,phosphorous-inputs-per-hectare_v4_850x600.svg,2,16,603571056,5902
phosphorus-emissions-seafood,DiscreteBar,,,97c599b1de0d5f02991669082379af4f,phosphorus-emissions-seafood_v14_850x600.svg,3,27,288266488,533
physical-integrity-rights-index-vdem,WorldMap,,,6953d8cc0b248b080cadee35b21f1c14,physical-integrity-rights-index-vdem_v54_850x600.svg,29,108,705086728,1064508
physical-integrity-rights-score-fariss-kenwick-reuning,WorldMap,,,c0186084c8320e5cb1693d5edc67bafa,physical-integrity-rights-score-fariss-kenwick-reuning_v35_850x600.svg,5,49,244112184,385874
physicians-per-1000-people,WorldMap,,,123dfaf679036075bd92757749a50e29,physicians-per-1000-people_v22_850x600.svg,9,43,422180184,157775
pig-land-welfare,ScatterPlot,,,01848188d753a95119d26fcd4b83254e,pig-land-welfare_v3_850x600.svg,1,21,602120056,9638
pig-livestock-count-heads,WorldMap,,,dc813d6b45262d7c825d49099db9d473,pig-livestock-count-heads_v17_850x600.svg,3,30,318292112,420959
pig-production-greenhouse-gas-emissions-vs-cost-to-animal-welfare,ScatterPlot,,,042693b1633e3219a24f24b6708e81a4,pig-production-greenhouse-gas-emissions-vs-cost-to-animal-welfare_v4_850x600.svg,3,26,630692768,10224
pig-yields-meat-per-animal-in-hectograms-100-grams,WorldMap,,,6b82efe3a7264a0f411a221e49e2813e,pig-yields-meat-per-animal-in-hectograms-100-grams_v17_850x600.svg,8,47,276075496,346708
pigmeat-production-tonnes,WorldMap,,,4756da988088c64c4958c7dbbdd54880,pigmeat-production-tonnes_v14_850x600.svg,3,32,632113720,414777
pisa-mean-performance-on-the-mathematics-scale-by-sex,ScatterPlot,,,1bf42e73af2157d1917f0b6eec2dc610,pisa-mean-performance-on-the-mathematics-scale-by-sex_v32_850x600.svg,66,198,478018640,1871734
pisa-mean-performance-on-the-reading-scale-by-sex,ScatterPlot,,,62683c6a783b62f7fe9fdb811854a90f,pisa-mean-performance-on-the-reading-scale-by-sex_v31_850x600.svg,70,231,361419672,1874436
plastic-exports-to-china,DiscreteBar,,,6c2c419ab6cf9fa78e8a989aa2246766,plastic-exports-to-china_v3_850x600.svg,5,17,675670504,424
plastic-fate,StackedArea,,,455e9f4c846e26a9f3be4c8974c7cd96,plastic-fate_v20_850x600.svg,2,15,652180456,26118
plastic-fate-to-2050,LineChart,,,37b11a359c1feb8ea6a957b2ad48bf56,plastic-fate-to-2050_v6_850x600.svg,4,19,259701696,6606
plastic-leakage-to-aquatic-environments,StackedArea,,,430f3fd30f77d840d8bb9419e0f76eb7,plastic-leakage-to-aquatic-environments_v13_850x600.svg,2,32,623668352,13137
plastic-production-by-sector,StackedArea,,,ad9a3d26280f1ee374bd589fbf0d902e,plastic-production-by-sector_v11_850x600.svg,6,30,702951448,11291
plastic-production-polymer,StackedArea,,,b853be2682f44c3cd4e2a196128e9754,plastic-production-polymer_v15_850x600.svg,2,17,642813840,14427
plastic-waste-accumulated-in-oceans,StackedArea,,,8d4bc1127407d49e1cde61b0b2ccd040,plastic-waste-accumulated-in-oceans_v6_850x600.svg,1,13,283354600,6509
plastic-waste-accumulated-rivers-lakes,StackedArea,,,1efbe2336b22fcb7ed321f9fe8fbd78e,plastic-waste-accumulated-rivers-lakes_v7_850x600.svg,2,14,672690464,6628
plastic-waste-by-sector,DiscreteBar,,,e7697a161f56afe4ede3f82f20cfeb28,plastic-waste-by-sector_v11_850x600.svg,3,13,249256048,11291
plastic-waste-disposal-projections,LineChart,,,8dcb844e5b87d5e3b7fa9456fb3fb48d,plastic-waste-disposal-projections_v12_850x600.svg,3,55,663219360,81856
plastic-waste-emitted-to-the-ocean,WorldMap,,,31b897588abf758aeca5db3248d38f54,plastic-waste-emitted-to-the-ocean_v14_850x600.svg,1,14,636701528,4748
plastic-waste-generation-by-industrial-sector,DiscreteBar,,,180fba8b59de5cb973b5a3afa124f069,plastic-waste-generation-by-industrial-sector_v14_850x600.svg,2,30,705552464,4387
plastic-waste-generation-total,WorldMap,,,6b46d22bf1bafb6c4abfb4d497cb01cb,plastic-waste-generation-total_v10_850x600.svg,2,18,645088104,5156
plastic-waste-incinerated,SlopeChart,,,a351162f855caa1ade93ba22b156e6ee,plastic-waste-incinerated_v11_850x600.svg,3,26,289482592,6794
plastic-waste-landfill,SlopeChart,,,06e3f0a4d08d62e25a7695feae5959e1,plastic-waste-landfill_v12_850x600.svg,2,20,666885040,6855
plastic-waste-mismanaged,WorldMap,,,8a0fc81965027a0e05c389a527fbde1f,plastic-waste-mismanaged_v18_850x600.svg,3,26,493345264,5098
plastic-waste-per-capita,WorldMap,,,dc9dcbdd93db74e6072074f73192340f,plastic-waste-per-capita_v5_850x600.svg,1,26,720783120,5551
plastic-waste-per-capita-imports-vs-exports,ScatterPlot,,,faeab3d30a7c586aab947312c41bb9e9,plastic-waste-per-capita-imports-vs-exports_v13_850x600.svg,10,70,283918384,329862
plastic-waste-polymer,DiscreteBar,,,13c906d2ae6bef42863f384fc77894b3,plastic-waste-polymer_v18_850x600.svg,1,11,668431184,590
plastic-waste-region-and-polymer,StackedDiscreteBar,,,54a58eebf076506eba6bb088eacf44b2,plastic-waste-region-and-polymer_v13_850x600.svg,2,29,386505672,5412
plastic-waste-vs-pollution,ScatterPlot,,,d7fb102efc1f8312362c5df307087852,plastic-waste-vs-pollution_v10_850x600.svg,2,33,741455856,28656
plastics-great-pacific-garbage-patch,DiscreteBar,,,7fada3f8d4232154c59094690e1e7faa,plastics-great-pacific-garbage-patch_v3_850x600.svg,2,15,644185136,676
plastics-top-rivers,DiscreteBar,,,642fe97643007f168e6e2e46407cd37b,plastics-top-rivers_v5_850x600.svg,1,19,688721144,1930
plastics-waste-in-2019-by-region-and-application,StackedDiscreteBar,,,9dbc2ef899cac51a2e8173474696a5a7,plastics-waste-in-2019-by-region-and-application_v16_850x600.svg,2,22,511303744,4470
pm-exposure-1990-2017,ScatterPlot,,,c577a850d347c78edd3656f05d9b2cd7,pm-exposure-1990-2017_v16_850x600.svg,13,57,688565912,492642
pm25-exposure-gdp,ScatterPlot,,,229b44f11d3d0141acd04c426ad36dcd,pm25-exposure-gdp_v16_850x600.svg,15,61,741596472,492239
pneumococcal-conjugate-vaccine-immunization-schedule,WorldMap,,,4824dfaccd035126be37f8d709d8a860,pneumococcal-conjugate-vaccine-immunization-schedule_v14_850x600.svg,2,34,405328736,228697
pneumococcal-vaccination-averted-deaths,DiscreteBar,,,98a3929f5e73c97b985a9e32b49fc554,pneumococcal-vaccination-averted-deaths_v6_850x600.svg,1,10,527603424,265
pneumonia-and-lower-respiratory-diseases-deaths,StackedArea,,,66d1efa96fbee3812c1afd860b34f337,pneumonia-and-lower-respiratory-diseases-deaths_v38_850x600.svg,24,52,519295512,1678812
pneumonia-careseeking,WorldMap,,,d857fc929d212f725db21ab75db6db58,pneumonia-careseeking_v13_850x600.svg,3,22,300097728,9009
pneumonia-death-rates-age-standardized,WorldMap,,,a96ccabf9cfc888e3d231c311ed0d240,pneumonia-death-rates-age-standardized_v33_850x600.svg,2,26,427760512,326447
pneumonia-death-rates-in-children-under-5,WorldMap,,,42a7b11182f2151c4e3c8d1ced8559f3,pneumonia-death-rates-in-children-under-5_v36_850x600.svg,3,33,730486776,335183
pneumonia-mortality-by-age,LineChart,,,23c4bfd92f0107abcb75cc21c4a55b49,pneumonia-mortality-by-age_v36_850x600.svg,31,51,656671608,1678506
pneumonia-risk-factors,DiscreteBar,,,601835330e24e3fb66fe8ada997192fb,pneumonia-risk-factors_v23_850x600.svg,79,96,319577104,2615838
police-officers-per-1000-people,WorldMap,,,949d1f1e9080d6beb9173544be86ffd2,police-officers-per-1000-people_v25_850x600.svg,6,37,549657496,65281
policy-choices-during-the-end-of-the-golden-age-the-us,LineChart,,,33c4649a4549ca273254ee04e6f6976c,policy-choices-during-the-end-of-the-golden-age-the-us_v9_850x600.svg,2,16,411179880,3834
policy-choices-in-the-great-depression-the-us,LineChart,,,e01e9d28fb0d09bfe815cd655b06cf73,policy-choices-in-the-great-depression-the-us_v8_850x600.svg,1,16,191549640,3458
polio-number-unvaccinated,WorldMap,,,79c4ac7fef6bb816e54b279aea8bb54f,polio-number-unvaccinated_v12_850x600.svg,3,27,753082424,266346
polio-screening-and-testing,WorldMap,,,c19a572850c10479cd81752bf0668c61,polio-screening-and-testing_v55_850x600.svg,2,20,422230464,9223
polio-vaccine-coverage-of-one-year-olds,WorldMap,,,8b397e147693fa327ceddff4f82d4b78,polio-vaccine-coverage-of-one-year-olds_v20_850x600.svg,3,27,683873328,247146
polio-vaccine-schedule,WorldMap,,,d12306cd008a862fab20fab00109bd84,polio-vaccine-schedule_v13_850x600.svg,2,21,563402608,8135
political-centralization-index,WorldMap,,,dedf762c3529a059fa2622cc933c2574,political-centralization-index_v40_850x600.svg,27,141,354423464,1035592
political-civil-liberties-index,WorldMap,,,24987fb91a939f8a609fe5e3a78a2b50,political-civil-liberties-index_v62_850x600.svg,38,144,275825832,1058391
political-corruption-index,WorldMap,,,6d835f19734829bdad3660916d33dc16,political-corruption-index_v55_850x600.svg,19,93,779695944,864473
political-corruption-index-vs-electoral-democracy-index,ScatterPlot,,,4d44a35fcae14facd0f2eacda36ff6a2,political-corruption-index-vs-electoral-democracy-index_v57_850x600.svg,48,200,467382352,1889540
political-liberties-lexical,WorldMap,,,11c8f84ee7aa0c08791cb14a4bf66062,political-liberties-lexical_v67_850x600.svg,8,48,705844200,1828824
political-opposition-lexical,WorldMap,,,c9e77c2f44b9f9969e518f87367ca075,political-opposition-lexical_v63_850x600.svg,10,52,538332744,1828824
political-participation-index-bti,WorldMap,,,5d2f9566a4402b18965adc41ef19193b,political-participation-index-bti_v100_850x600.svg,4,30,182769712,48828
political-polarization-score,WorldMap,,,dc76053ca3fe7eb2855b8b22457547e8,political-polarization-score_v20_850x600.svg,9,58,563426264,695208
political-regime,WorldMap,,,db0e7153183eaf8275d2f6f4154520bc,political-regime_v50_850x600.svg,6,44,804489064,1608262
political-regime-amb-row,WorldMap,,,9e69e5cd72dc70a2d4750839fa60805d,political-regime-amb-row_v66_850x600.svg,9,46,378122648,1608262
political-regime-bti,WorldMap,,,c09f4a4d8c9815acf2232159b862c04e,political-regime-bti_v75_850x600.svg,1,16,237117232,73436
political-regime-classification-by-source,LineChart,,,5badc5025773fef7d563d57a31f936b6,political-regime-classification-by-source_v98_850x600.svg,107,158,226835112,2606310
political-regime-dem-fh,WorldMap,,,ed44cb4a74f52670d137a9e0c3e507ac,political-regime-dem-fh_v57_850x600.svg,2,20,248838936,224930
political-regime-eiu,WorldMap,,,764b82d2342320d69123e857f6dfdd28,political-regime-eiu_v105_850x600.svg,2,26,576805560,144818
political-regime-ert,WorldMap,,,2130b556cc496c3e7b2b6cc8794a53b5,political-regime-ert_v38_850x600.svg,7,47,395732000,1010412
political-regime-ert-within-regimes,WorldMap,,,8e959fa8314609a5e26b3c134d65e92d,political-regime-ert-within-regimes_v44_850x600.svg,4,30,826310624,1010412
political-regime-fh,WorldMap,,,2c95ff372a2c9170192c39972c125677,political-regime-fh_v56_850x600.svg,3,24,267911160,544824
political-regime-lexical,WorldMap,,,c883f4cd4b168a9326274e8c2d550202,political-regime-lexical_v74_850x600.svg,9,52,600786440,1828824
political-regime-polity,WorldMap,,,23168f551e3bb1a687eaeb588a966d3a,political-regime-polity_v68_850x600.svg,4,52,498458752,1012456
political-rights-rating-fh,WorldMap,,,8d53419eb23f2c777bd1ab5423f6f218,political-rights-rating-fh_v30_850x600.svg,3,29,417779360,272412
political-rights-score-fh,WorldMap,,,d68f853d931f5653d88454c4d663305a,political-rights-score-fh_v32_850x600.svg,5,26,854713712,141718
political-social-integration-index-bti,WorldMap,,,607585bb525f37694a3ff0be19a79931,political-social-integration-index-bti_v107_850x600.svg,5,26,286507328,50896
pollution-deaths-from-fossil-fuels,WorldMap,,,4f55017d51f590420b05db98b1759604,pollution-deaths-from-fossil-fuels_v5_850x600.svg,1,16,241944528,5400
population,LineChart,,,56bccd8ca78fbde9c44b51de394d7448,population_v55_850x600.svg,16,79,594729584,1832378
population-at-risk-of-trachoma-vs-receiving-treatment,LineChart,,,70975d631e3a6cd672ece727316fce7e,population-at-risk-of-trachoma-vs-receiving-treatment_v18_850x600.svg,3,14,392339232,65891
population-by-age-group,StackedArea,,,730b21cfc0b263020fb28d71e27bff8c,population-by-age-group_v29_850x600.svg,64,85,859030912,2994519
population-by-age-group-with-projections,LineChart,,,43dbe1af782048c7ac318fd297e5627d,population-by-age-group-with-projections_v30_850x600.svg,254,298,581687504,7424543
population-by-five-year-age-group,DiscreteBar,,,8534e93bbff63ea96a63c9848c2bfc54,population-by-five-year-age-group_v11_850x600.svg,300,338,378091536,12164465
population-by-income-classification,StackedArea,,,94ab37d6dcbff1540a8cd0ce5d723104,population-by-income-classification_v18_850x600.svg,2,12,205784088,44423
population-by-income-level,StackedArea,,,5570d9e28ffd60e525dd1974da12ee06,population-by-income-level_v20_850x600.svg,3,17,418411192,481146
population-by-labor-force-status-bars,StackedDiscreteBar,,,8e30ad891e5205d0c315ad5fb17b2e14,population-by-labor-force-status-bars_v25_850x600.svg,14,32,604453080,830913
population-by-legal-status-of-same-sex-marriage,StackedArea,,,c059929aced288e854433160350be5e8,population-by-legal-status-of-same-sex-marriage_v27_850x600.svg,3,12,226163608,60044
population-by-settlement-size,StackedBar,,,1ae9977ac827ae87ba483e62f1e63d84,population-by-settlement-size_v33_850x600.svg,2,13,889008192,21451
population-census-brambor,WorldMap,,,55679d358f6e262a0072813a60ad0b72,population-census-brambor_v14_850x600.svg,3,28,436574680,451991
population-census-world-bank,WorldMap,,,3d5ec6bfb8444e477e3f4d38851f6862,population-census-world-bank_v13_850x600.svg,3,24,240865888,198281
population-covered-by-mobile-network-by-network-capability,LineChart,,,1aa545f4e92c260c1108e345d9fe0392,population-covered-by-mobile-network-by-network-capability_v14_850x600.svg,6,42,895480200,263697
population-density,WorldMap,,,56f11292cf0d941018c473c9f0b4a98e,population-density_v50_850x600.svg,13,135,678548064,2546423
population-density-by-city,LineChart,,,b396764ffd0d94bb8d7b22466687d852,population-density-by-city_v14_850x600.svg,9,33,418010024,95891
population-density-of-the-capital-city,LineChart,,,a3d25aeec5ec2194a72922b7a09c652b,population-density-of-the-capital-city_v17_850x600.svg,6,26,227783080,162518
population-growth-rate,LineChart,,,af976d214ff0382b1cc075c26723a5d5,population-growth-rate_v22_850x600.svg,10,41,898114672,1268084
population-growth-rate-by-level-of-development,LineChart,,,eb100d6cd538f37c5ff2006e868d989d,population-growth-rate-by-level-of-development_v31_850x600.svg,49,93,458241792,1141368
population-growth-rate-vs-median-age,ScatterPlot,,,6d9f3594d48d9f21d869e374857da817,population-growth-rate-vs-median-age_v24_850x600.svg,81,246,292092520,2988138
population-growth-rate-with-and-without-migration,LineChart,,,418303b95f96ce2f5d7d09d8034deb28,population-growth-rate-with-and-without-migration_v20_850x600.svg,22,40,910707056,1129603
population-growth-rates,LineChart,,,41b94df42d291f02918c27578b6b2058,population-growth-rates_v43_850x600.svg,41,84,674811840,1141368
population-having-attained-at-least-basic-education,WorldMap,,,75baaa3d345221a94aaa6e9b86933e53,population-having-attained-at-least-basic-education_v24_850x600.svg,4,28,479998576,127948
population-in-the-largest-city,WorldMap,,,35aa6fb7c9b6776042999fc0c8cbdbc0,population-in-the-largest-city_v23_850x600.svg,5,65,571837248,191437
population-living-in-european-colonies-and-colonizers,StackedArea,,,c8ec983bf450013fe720ffd635267573,population-living-in-european-colonies-and-colonizers_v23_850x600.svg,6,20,895434504,261075
population-long-run-with-projections,LineChart,,,54d2f2cca0768538de3228f5dd3603ea,population-long-run-with-projections_v56_850x600.svg,62,119,948037560,2461145
population-marimekko,Marimekko,,,44972c296e51a266b87505e27add3bed,population-marimekko_v56_850x600.svg,49,196,415898024,1841676
population-of-cities-towns-and-villages,StackedArea,,,d60bbfbd89ccb39cf1d03717e3d0fe86,population-of-cities-towns-and-villages_v27_850x600.svg,10,59,483687664,357469
population-of-england-millennium,LineChart,,,8ab1ad5f6f4572b55175899dcc6c3cf9,population-of-england-millennium_v22_850x600.svg,2,16,698157160,28191
population-of-the-worlds-largest-cities,LineChart,,,8c70cef8264599c9a9ed2edf6b3d0676,population-of-the-worlds-largest-cities_v23_850x600.svg,8,28,620609720,111013
population-peak-status,WorldMap,,,b36d8233f429247e0acf2a37409ee67a,population-peak-status_v16_850x600.svg,99,133,741534024,3788545
population-regions-with-projections,StackedArea,,,6a9af39c810249249478f71a36f0c8e2,population-regions-with-projections_v57_850x600.svg,18,74,489061304,2461088
population-register-implemented,WorldMap,,,ee941fe7984687b8837cace6397fe8fd,population-register-implemented_v14_850x600.svg,4,43,592807064,406079
population-requiring-preventive-chemotherapy-for-schistosomiasis,WorldMap,,,4cb128d865683923968bba33507b0e7c,population-requiring-preventive-chemotherapy-for-schistosomiasis_v10_850x600.svg,2,17,962299768,26421
population-requiring-preventive-treatment-for-lymphatic-filariasis,WorldMap,,,a310cbcffcd64ce8ef891656d2cbf8d9,population-requiring-preventive-treatment-for-lymphatic-filariasis_v9_850x600.svg,2,19,506010896,35640
population-requiring-preventive-treatment-for-river-blindness,WorldMap,,,b3c608ef6dfcfc26dc1aa7b168ad35ec,population-requiring-preventive-treatment-for-river-blindness_v13_850x600.svg,2,23,602921320,12826
population-subjected-to-physical-violence,ScatterPlot,,,84495853bfa57659fe4a0bb48f45ffd7,population-subjected-to-physical-violence_v32_850x600.svg,66,188,326526048,1849150
population-subjected-to-sexual-violence-male-vs-female,ScatterPlot,,,b4df66f0ed608c99399bd5255dd71f32,population-subjected-to-sexual-violence-male-vs-female_v36_850x600.svg,62,213,235887640,1850078
population-unwpp,LineChart,,,c8510845eb4caac9eb635902a6368fbe,population-unwpp_v17_850x600.svg,5,32,222653664,614328
population-using-at-least-basic-drinking-water,WorldMap,,,6d6fdb97e06471a786fb1a599fc52ff1,population-using-at-least-basic-drinking-water_v11_850x600.svg,4,31,624489080,195980
population-using-improved-sanitation-facilities,StackedArea,,,1416e7ad96b7ea54872c510e549e614d,population-using-improved-sanitation-facilities_v3_850x600.svg,8,19,532375136,397468
population-using-solid-fuels-for-cooking,SlopeChart,,,cadfa91dca93318600f6bdd726495b13,population-using-solid-fuels-for-cooking_v6_850x600.svg,2,29,515419344,916
population-with-alcohol-use-disorders,WorldMap,,,a5fb758cd76c460ec62d05297ca0479c,population-with-alcohol-use-disorders_v16_850x600.svg,1,15,426399008,5215
population-with-un-projections,LineChart,,,b20354e28f00810c93f039d5823ee0fc,population-with-un-projections_v59_850x600.svg,95,125,622926600,1259390
population-young-working-elderly,StackedArea,,,820e4ba64d616aeefa9e95340faa7e62,population-young-working-elderly_v33_850x600.svg,123,144,214933088,1805359
population-young-working-elderly-with-projections,LineChart,,,3b9fee2854078b7bbec6b6a0537d2d33,population-young-working-elderly-with-projections_v36_850x600.svg,156,190,591742840,3707495
population-young-working-old,StackedDiscreteBar,,,9d6f6b1b12c7d53601130fface9b669c,population-young-working-old_v18_850x600.svg,42,75,433299352,1805359
population-younger-than-15-with-projections,LineChart,,,5a4e24c6fc79854c70b148287f30d604,population-younger-than-15-with-projections_v31_850x600.svg,41,72,329420992,1235542
positive-rate-daily-smoothed,WorldMap,,,831bec362487ea358a17023bc32cf8e3,positive-rate-daily-smoothed_v454_850x600.svg,21,222,712481544,3265814
postnatal-care,WorldMap,,,7c1d8f0a4a6c2c01e371f5ff1c911dad,postnatal-care_v10_850x600.svg,6,31,229667096,2490
potash-fertilizer-application-per-hectare-of-cropland,WorldMap,,,a15a45f101133ebcc757cdc0eef4aa02,potash-fertilizer-application-per-hectare-of-cropland_v12_850x600.svg,4,37,255696216,352966
potato-production,WorldMap,,,1dcd06bcfbdfc68689413731c1f5e871,potato-production_v11_850x600.svg,4,28,455175624,373596
potato-yields,WorldMap,,,ce93dfbe4b72c24bbca1a00bfcdb06e4,potato-yields_v14_850x600.svg,3,29,358786432,386014
poultry-livestock-count,WorldMap,,,f5645bb6aa34453e5b106418d42b784d,poultry-livestock-count_v16_850x600.svg,7,47,566323968,478198
poultry-production-tonnes,WorldMap,,,83fa39882211a957aaec0ff1f77d6e16,poultry-production-tonnes_v15_850x600.svg,4,40,262104864,453230
poultry-yields-meat-per-animal,WorldMap,,,3fe238aff021d5b3029f4158ed4168b0,poultry-yields-meat-per-animal_v14_850x600.svg,6,46,290041456,440395
poverty-gap-index-extreme-poverty,WorldMap,,,83e6e80e74e6d44c6fcd765d9f562626,poverty-gap-index-extreme-poverty_v57_850x600.svg,2,27,478971320,117041
poverty-headcount-rate-vs-poverty-gap,ScatterPlot,,,ca56f8d183f3d9b9c1bc01ed54816302,poverty-headcount-rate-vs-poverty-gap_v65_850x600.svg,71,216,423185176,2078313
poverty-share-of-population-living-on-less-than-40-a-day,WorldMap,,,510b9e9ffded89f480cde616865c9bec,poverty-share-of-population-living-on-less-than-40-a-day_v59_850x600.svg,2,44,592579976,118227
poverty-share-on-less-than-30-per-day,WorldMap,,,87dbf8914f5dca3f350549233423d307,poverty-share-on-less-than-30-per-day_v59_850x600.svg,1,51,238023488,118581
poverty-share-on-less-than-30-per-day-2011-ppp,WorldMap,,,dc587dd734c5aa47f0f8e2125ba08ad3,poverty-share-on-less-than-30-per-day-2011-ppp_v55_850x600.svg,2,34,269536920,89749
poverty-vs-life-expectancy,ScatterPlot,,,2afc005702c9680fb850f634611b086b,poverty-vs-life-expectancy_v63_850x600.svg,77,248,571058160,2534524
poverty-vs-mean-schooling,ScatterPlot,,,639316f1867dc633a21d76b538f7ee3f,poverty-vs-mean-schooling_v51_850x600.svg,79,199,641133240,2085858
power-outages-in-firms-per-month,WorldMap,,,f0ceec8b21c1c7d66f33700f43449965,power-outages-in-firms-per-month_v14_850x600.svg,3,18,249780280,8969
ppp-conversion-factor-for-private-consumption,WorldMap,,,2faa4df43037c7b5a7b3026e7f7239ac,ppp-conversion-factor-for-private-consumption_v13_850x600.svg,2,24,726147384,205624
precentage-enrolled-in-private-institutions-at-the-primary-education-level,WorldMap,,,370615bfbdb4045fe10a09160f7ae58f,precentage-enrolled-in-private-institutions-at-the-primary-education-level_v15_850x600.svg,5,42,293555048,198885
press-freedom-fh,WorldMap,,,6820aa5672ef5f6dc9cbb81382af6173,press-freedom-fh_v25_850x600.svg,3,25,267580328,333418
press-freedom-index-rsf,WorldMap,,,c53813ffeb6d04446824a37e593875be,press-freedom-index-rsf_v33_850x600.svg,2,33,741049200,47622
prevalence-by-mental-and-substance-use-disorder,DiscreteBar,,,c446905313d490fd6c0c962849ddb820,prevalence-by-mental-and-substance-use-disorder_v26_850x600.svg,32,45,289106928,1796828
prevalence-cysticercosis,WorldMap,,,c696de5c296ec48087b488a54f7596cb,prevalence-cysticercosis_v26_850x600.svg,2,35,286489736,240776
prevalence-intellectual-disability-males-vs-females,ScatterPlot,,,23e61d7a76671a7054def455c1c2344c,prevalence-intellectual-disability-males-vs-females_v31_850x600.svg,10,47,463763320,539378
prevalence-of-alcohol-disorders-males-vs-females,ScatterPlot,,,b82095e933db3a4d8db7db923432297a,prevalence-of-alcohol-disorders-males-vs-females_v26_850x600.svg,67,207,790703288,2353243
prevalence-of-alcohol-use-disorders-by-age,LineChart,,,5d4d1c706e4427a671b66e105c9f1ad3,prevalence-of-alcohol-use-disorders-by-age_v17_850x600.svg,25,45,307997576,1851389
prevalence-of-anemia-in-children,LineChart,,,147440b6f0b0e3621c16916000d54f76,prevalence-of-anemia-in-children_v21_850x600.svg,2,21,272356544,116859
prevalence-of-anemia-in-pregnant-women,LineChart,,,3aaa13043b5702c710f47a716eb0a293,prevalence-of-anemia-in-pregnant-women_v24_850x600.svg,3,29,316768184,141706
prevalence-of-anemia-in-women-of-reproductive-age-aged-15-29,LineChart,,,788291064109402e238651b0da6db839,prevalence-of-anemia-in-women-of-reproductive-age-aged-15-29_v19_850x600.svg,2,20,576295688,141470
prevalence-of-anemia-in-women-of-reproductive-age-vs-gdp-per-capita,ScatterPlot,,,b6e07021e24a71d6e0f6db60c6a615a6,prevalence-of-anemia-in-women-of-reproductive-age-vs-gdp-per-capita_v40_850x600.svg,12,68,691867392,408929
prevalence-of-dementias,LineChart,,,58aaa8a042cd49261fc6a3f3f61d103e,prevalence-of-dementias_v21_850x600.svg,12,26,345272352,509669
prevalence-of-drug-use-disorders-by-age,DiscreteBar,,,b59632b621a538f05a57ebb6238677ad,prevalence-of-drug-use-disorders-by-age_v19_850x600.svg,60,75,437976272,3448660
prevalence-of-drug-use-disorders-males-vs-females,ScatterPlot,,,e36b14000e58dad6415b132ec09dcd04,prevalence-of-drug-use-disorders-males-vs-females_v33_850x600.svg,67,230,404666088,2357732
prevalence-of-hepatitis-b-surface-antigen,WorldMap,,,bf6a8df623930543e5081af9d11eb40a,prevalence-of-hepatitis-b-surface-antigen_v18_850x600.svg,1,25,588499584,9301
prevalence-of-hiv-percentage-of-males-and-females-ages-15-24-infected-with-hiv,ScatterPlot,,,6f43fba2ae69f7b6fe56bc8a14d943e0,prevalence-of-hiv-percentage-of-males-and-females-ages-15-24-infected-with-hiv_v29_850x600.svg,127,321,388755000,2132360
prevalence-of-hiv-unaids-vs-ihme-estimates,ScatterPlot,,,6ab8ea59d0a49cd51b83d86ba74c724f,prevalence-of-hiv-unaids-vs-ihme-estimates_v39_850x600.svg,91,264,658986544,2286320
prevalence-of-lymphatic-filariasis,WorldMap,,,562765ae4a930369316dca0578ca8636,prevalence-of-lymphatic-filariasis_v30_850x600.svg,3,26,460484232,220843
prevalence-of-mental-and-substance-disorders-by-age,DiscreteBar,,,15f19a74762930c555381dc2d10d02b6,prevalence-of-mental-and-substance-disorders-by-age_v23_850x600.svg,32,46,685645552,1844353
prevalence-of-modern-contraception-methods-vs-womens-mean-years-of-schooling,ScatterPlot,,,5b44806279e4fbf9379da51abf1baf20,prevalence-of-modern-contraception-methods-vs-womens-mean-years-of-schooling_v22_850x600.svg,79,263,885147808,2001937
prevalence-of-night-blindness-in-pre-school-children,WorldMap,,,1438ee1e8a40cf8723343275b9e8ce73,prevalence-of-night-blindness-in-pre-school-children_v8_850x600.svg,1,17,471514304,4546
prevalence-of-night-blindness-in-pregnant-women,WorldMap,,,116c8ade7b4654db53ef801b00d59a63,prevalence-of-night-blindness-in-pregnant-women_v11_850x600.svg,1,15,482996512,4551
prevalence-of-onchocerciasis,WorldMap,,,8008a3f6b9508589f531a19e9955bb7f,prevalence-of-onchocerciasis_v31_850x600.svg,2,22,706746760,212120
prevalence-of-polio-rates-in-the-united-states,LineChart,,,936cc5651156200ebfef5cd079587ceb,prevalence-of-polio-rates-in-the-united-states_v13_850x600.svg,4,45,462822576,7184
prevalence-of-stunting-male-vs-female,ScatterPlot,,,874fe670b0be435dbc776f84f49379b6,prevalence-of-stunting-male-vs-female_v24_850x600.svg,67,194,747350072,1893522
prevalence-of-stunting-vs-improved-sanitation-facilities,ScatterPlot,,,dfd4eaf7c9053ea9873cd76d95853ca1,prevalence-of-stunting-vs-improved-sanitation-facilities_v33_850x600.svg,6,37,458522672,238439
prevalence-of-tobacco-use-sdgs,WorldMap,,,47a8dfe6fab0b95fb6091c37dc331224,prevalence-of-tobacco-use-sdgs_v42_850x600.svg,2,18,422862432,29883
prevalence-of-tuberculosis-by-drug-susceptibility,LineChart,,,25a63bdb66d9980aa4716d58c0579a98,prevalence-of-tuberculosis-by-drug-susceptibility_v26_850x600.svg,21,47,380129456,780885
prevalence-of-undernourishment,LineChart,,,9a44cda51c8e3e034e25b5061160be08,prevalence-of-undernourishment_v48_850x600.svg,3,20,499830768,139774
prevalence-of-undernourishment-in-developing-countries-since-1970,LineChart,,,106780acf36241a4583c5baf425e672f,prevalence-of-undernourishment-in-developing-countries-since-1970_v9_850x600.svg,1,13,841562192,866
prevalence-of-undernourishment-vs-daily-supply-of-calories,ScatterPlot,,,a1dc56d97c5653126f2d49b30dabb7e7,prevalence-of-undernourishment-vs-daily-supply-of-calories_v21_850x600.svg,16,80,700842576,587774
prevalence-of-undernourishment-vs-share-of-children-who-are-stunted,ScatterPlot,,,6fc5a43bdec21c4236c8ddb89d26342d,prevalence-of-undernourishment-vs-share-of-children-who-are-stunted_v27_850x600.svg,7,44,443231864,293403
prevalence-of-vitamin-a-deficiency-in-children,WorldMap,,,4f41ecbc1ca6024c4087f7fd1751575c,prevalence-of-vitamin-a-deficiency-in-children_v6_850x600.svg,1,15,471607472,4646
prevalence-of-vitamin-a-deficiency-in-pregnant-women,WorldMap,,,e5c64651f60e707492c53ce0cd637062,prevalence-of-vitamin-a-deficiency-in-pregnant-women_v12_850x600.svg,3,21,395779352,4571
prevalence-rate-of-cardiovascular-disease,WorldMap,,,3dbd6e408b6c604459738562178042d0,prevalence-rate-of-cardiovascular-disease_v24_850x600.svg,4,30,862334248,258231
price-changes-consumer-goods-services-united-states,LineChart,,,cb5c722e836a96df6c87c3f70b3cd8ef,price-changes-consumer-goods-services-united-states_v20_850x600.svg,2,25,479097840,22689
price-five-simon-ehrlich-materials,LineChart,,,1863af05859fc13106cc2cfc80cc629a,price-five-simon-ehrlich-materials_v13_850x600.svg,2,25,376181024,18064
price-levels-relative-to-us-vs-gdp-per-capita,ScatterPlot,,,5cf1252ee1b7da0b89d8663f24558c4a,price-levels-relative-to-us-vs-gdp-per-capita_v38_850x600.svg,68,229,263153528,2315231
price-of-lithium-ion-battery-cells,LineChart,,,aeb960210837f0b50a8f6905ebdf5be7,price-of-lithium-ion-battery-cells_v14_850x600.svg,1,12,768665664,1147
primary-completion-rate-adjusted-gender-parity-index,WorldMap,,,551a2b4da0b4fd80ea6812746ed8041b,primary-completion-rate-adjusted-gender-parity-index_v27_850x600.svg,3,27,402305560,246220
primary-edu-spending-vs-overall-edu-spending,ScatterPlot,,,7df4eae802d403b2d9deb28b7ad95f1e,primary-edu-spending-vs-overall-edu-spending_v20_850x600.svg,7,66,806625672,289218
primary-energy-cons,WorldMap,,,b656848796d69a2f7d98191b42750299,primary-energy-cons_v28_850x600.svg,3,32,509410792,452357
primary-energy-consumption-by-region,LineChart,,,5ac769a7cc243c1da38da0da75d5b13e,primary-energy-consumption-by-region_v25_850x600.svg,4,30,454285688,216301
primary-energy-consumption-by-source,LineChart,,,39e8d6cb30566f4f1474adc8b03264d6,primary-energy-consumption-by-source_v27_850x600.svg,60,88,701984272,1629691
primary-energy-consumption-from-solar,WorldMap,,,673b73f00eade32e8d559036e64ff6ec,primary-energy-consumption-from-solar_v21_850x600.svg,5,26,419714376,190707
primary-energy-consumption-from-solar-and-wind,WorldMap,,,ed98f4492356b353db2e3d307dc03547,primary-energy-consumption-from-solar-and-wind_v11_850x600.svg,3,22,476675944,255358
primary-energy-fossil-nuclear-renewables,StackedArea,,,cc174d2c54a2c3b43d15637e93c7a584,primary-energy-fossil-nuclear-renewables_v28_850x600.svg,11,23,491063712,613712
primary-energy-hydro,WorldMap,,,af85d8a0e8275c88fe6384702942fa83,primary-energy-hydro_v20_850x600.svg,2,18,437065872,212222
primary-energy-nuclear,WorldMap,,,9ed1e286b5214a0bd9cde8015f2fd6bf,primary-energy-nuclear_v23_850x600.svg,3,20,508520896,224849
primary-energy-renewables,WorldMap,,,066dd5f4e3817255c5a96a083358bd7d,primary-energy-renewables_v22_850x600.svg,2,23,495630584,213839
primary-energy-share-nuclear-renewables,LineChart,,,58747710607db0fd72578fbfb626b680,primary-energy-share-nuclear-renewables_v15_850x600.svg,8,24,787077360,401555
primary-energy-source-bar,StackedDiscreteBar,,,b08c960b9037adccbb6f3ece5da6aa0e,primary-energy-source-bar_v24_850x600.svg,34,51,728113544,1657130
primary-energy-wind,WorldMap,,,245bd51413b3dc414481505ebafd8874,primary-energy-wind_v22_850x600.svg,5,21,454978328,192131
primary-enrollment-selected-countries,LineChart,,,81cdf9904dd486dbc8bed5ca2cc013ce,primary-enrollment-selected-countries_v28_850x600.svg,3,47,799627464,277516
primary-school-attendance-selected-countries,WorldMap,,,9ad8791f7c81bab8f99a84815e22c490,primary-school-attendance-selected-countries_v18_850x600.svg,1,18,510471008,20097
primary-schools-with-access-to-internet,WorldMap,,,daae92bd1004678ea492abea41cd5705,primary-schools-with-access-to-internet_v23_850x600.svg,2,17,522795080,31683
primary-secondary-enrollment-completion-rates,LineChart,,,dc13acd598607e30841f93dce8fa3fda,primary-secondary-enrollment-completion-rates_v23_850x600.svg,36,60,425519808,939798
primary-sub-energy-source,LineChart,,,d32ccd00e05929c1f0ca0a6e150fa278,primary-sub-energy-source_v23_850x600.svg,39,54,740656344,1885655
prison-capacity,WorldMap,,,933f9ee50ed7b242839a58bd2b1edfe3,prison-capacity_v10_850x600.svg,1,19,524076184,6090
prison-population-rate,WorldMap,,,350c0c89f492ee9b9069b654b62bd4ae,prison-population-rate_v8_850x600.svg,4,29,825288584,62087
private-civil-liberties-index,WorldMap,,,c88f49daf2e9ef3514bd04df3e9c5fc4,private-civil-liberties-index_v58_850x600.svg,25,113,537564928,1065279
private-health-expenditure-per-person,WorldMap,,,5bab022edae1556c88358da475dd3ccd,private-health-expenditure-per-person_v27_850x600.svg,2,28,501114248,161791
private-investment-in-artificial-intelligence,LineChart,,,30a6a6f5fb6e9603e76f26229dc68129,private-investment-in-artificial-intelligence_v57_850x600.svg,1,16,726318560,1899
private-investment-in-artificial-intelligence-cset,LineChart,,,41001ba7848fcaee7bdf7848a5cfceeb,private-investment-in-artificial-intelligence-cset_v29_850x600.svg,1,16,448270744,28599
probability-mismanaged-plastic-ocean,WorldMap,,,1349db809390797b3736f0f938da69e2,probability-mismanaged-plastic-ocean_v24_850x600.svg,3,46,837131856,4630
probability-of-dying-by-age,DiscreteBar,,,883d7007daa1f445404670cbc5ed6970,probability-of-dying-by-age_v17_850x600.svg,56,69,736146096,2672906
probability-of-dying-that-year-among-females-of-a-given-age,LineChart,,,90c0d2d57366c4807d188f767d3c3f14,probability-of-dying-that-year-among-females-of-a-given-age_v17_850x600.svg,75,100,527893424,4808391
probability-of-dying-that-year-among-males-of-a-given-age,LineChart,,,c988318790acc76e40d7fb31f0c3830e,probability-of-dying-that-year-among-males-of-a-given-age_v19_850x600.svg,107,129,470412920,4810782
probability-that-a-male-will-outlive-a-female,WorldMap,,,0ac9139143308f5d57cf255b7d5a4b7a,probability-that-a-male-will-outlive-a-female_v15_850x600.svg,10,72,289271656,692850
probability-that-a-newborn-will-die-in-the-first-year-of-life-by-sex,LineChart,,,964fc5ee0aafb9e4aa72c7a4aa1756b9,probability-that-a-newborn-will-die-in-the-first-year-of-life-by-sex_v22_850x600.svg,38,62,831922576,1370632
prod-cons-co2-per-capita,LineChart,,,3cc597b5dc1f44ef612ebae8c4b2f466,prod-cons-co2-per-capita_v40_850x600.svg,20,56,553468264,1054706
production-consumption-carbon-intensity-energy,LineChart,,,501fb4b8cf755cdac94b9bce30d8507c,production-consumption-carbon-intensity-energy_v6_850x600.svg,3,13,759824840,74189
production-consumption-energy-per-person,LineChart,,,c26daa67fedfbc5dc4e7fb9df2b1187a,production-consumption-energy-per-person_v6_850x600.svg,6,16,260133176,73977
production-printed-books-half-century,LineChart,,,4e7e1c3eb02807e0a16caf2a74a4fe0b,production-printed-books-half-century_v9_850x600.svg,1,26,752180680,2819
production-vs-consumption-co2-emissions,LineChart,,,4b621c2b94aa2e75f43bc74de5a79c8c,production-vs-consumption-co2-emissions_v52_850x600.svg,34,60,843867544,1109818
production-vs-consumption-energy,LineChart,,,8603d2918c67eb31902c2d187fc68056,production-vs-consumption-energy_v6_850x600.svg,3,15,551915688,73304
productivity-of-small-scale-food-producers,WorldMap,,,805a3caaf2e5e2e39a5d341877393f71,productivity-of-small-scale-food-producers_v11_850x600.svg,4,25,274771552,4855
productivity-vs-annual-hours-worked,ScatterPlot,,,dedab2aeda5a2b823f0df63ca537562e,productivity-vs-annual-hours-worked_v48_850x600.svg,73,216,596104216,2160218
productivity-vs-educational-attainment,ScatterPlot,,,025e13866fd3a79a87c7e791dd5bcd7c,productivity-vs-educational-attainment_v29_850x600.svg,84,247,564466800,2129497
progress-toward-productive-and-sustainable-agriculture,WorldMap,,,38d719095e828305f272537b1db6c0ae,progress-toward-productive-and-sustainable-agriculture_v19_850x600.svg,1,17,569100000,52168
progress-towards-guinea-worm-disease-eradication,WorldMap,,,355f14dd9ccf4dc54fe7cee44a91ad2a,progress-towards-guinea-worm-disease-eradication_v29_850x600.svg,4,36,770495408,277687
progress-towards-polio-eradication,WorldMap,,,9f2842b911dbf6b2dabcd82b48cc44dc,progress-towards-polio-eradication_v17_850x600.svg,5,76,186132384,981254
prohibition-of-nuclear-weapons,WorldMap,,,ac771f1264064725e7f55f8164a702e2,prohibition-of-nuclear-weapons_v8_850x600.svg,4,23,286705744,62633
projected-change-dependency-ratios,LineChart,,,df54be1ec71d41f30b76ea13816183c3,projected-change-dependency-ratios_v9_850x600.svg,2,16,541634512,28399
projected-cropland-by-2050,DiscreteBar,,,e38918e6c6b54471bb1486ec7186fac3,projected-cropland-by-2050_v4_850x600.svg,5,14,559034752,31600
projected-habitat-loss-extent-bau,DiscreteBar,,,99e76bbd89ef8ff1579131c6ad6a9738,projected-habitat-loss-extent-bau_v3_850x600.svg,2,13,785320816,339
projected-population-under-age-5,StackedArea,,,563b70d21b77bb51114192aec57819b6,projected-population-under-age-5_v27_850x600.svg,8,28,591227560,620634
projections-extreme-poverty-wb,StackedArea,,,4e6de82e9f003c5641f51a8e10b69405,projections-extreme-poverty-wb_v39_850x600.svg,1,18,762670736,20210
projections-for-global-peak-agricultural-land,LineChart,,,21aa11264e0d023ddf71eba1e4317b0f,projections-for-global-peak-agricultural-land_v11_850x600.svg,31,50,290480080,531587
projections-of-the-number-of-children-per-woman-by-education-scenario,LineChart,,,5a810c700f40d9cd1951b9920284f147,projections-of-the-number-of-children-per-woman-by-education-scenario_v21_850x600.svg,15,35,753508344,632325
projections-plastic-by-disposal-method,StackedArea,,,a95698b45f2911d12c93813a41ed2a07,projections-plastic-by-disposal-method_v8_850x600.svg,4,21,208728840,55740
property-crime-rate-us,StackedArea,,,62d09ea76ba0e4c6b78125c249be3706,property-crime-rate-us_v8_850x600.svg,1,10,565869720,1561
property-crime-rates-type-us,StackedArea,,,cf9ed52b6ad8713e386f6afee1ac247e,property-crime-rates-type-us_v10_850x600.svg,1,25,198826768,6243
proportion-countries-migration-policies-criteria,DiscreteBar,,,3f3adf609c0f2c368174d85442bdea6d,proportion-countries-migration-policies-criteria_v8_850x600.svg,1,12,582726496,1158
proportion-of-animal-breeds-genetic-conservation,WorldMap,,,f3035142605fb5e9070fd1990a1221e7,proportion-of-animal-breeds-genetic-conservation_v25_850x600.svg,1,25,301824952,26893
proportion-of-children-developmentally-on-track,WorldMap,,,3fbcbddd401c73620f0b17d2322b53c7,proportion-of-children-developmentally-on-track_v16_850x600.svg,2,24,768609936,1933
proportion-of-forest-area-certified-under-an-independently-verified-certification-scheme,WorldMap,,,9927da4daea1a2babbe4939e3cb76726,proportion-of-forest-area-certified-under-an-independently-verified-certification-scheme_v22_850x600.svg,2,22,601487936,95151
proportion-of-forest-area-with-long-term-management-plan,WorldMap,,,f42e9176e7617d9bfb536627b71abe5d,proportion-of-forest-area-with-long-term-management-plan_v23_850x600.svg,3,20,220318360,32359
proportion-of-forest-area-within-legally-established-protected-areas,WorldMap,,,c632d4661c707d5895443955464637a0,proportion-of-forest-area-within-legally-established-protected-areas_v25_850x600.svg,2,20,315877336,40283
proportion-of-important-sites-for-freshwater-biodiversity-covered-by-protected-areas,WorldMap,,,d439528604e636e418631b00f5d8f1a3,proportion-of-important-sites-for-freshwater-biodiversity-covered-by-protected-areas_v20_850x600.svg,2,25,614287808,130454
proportion-of-labor-force-who-are-women,WorldMap,,,6e4af3c75e444cea90f2bf51c059fed2,proportion-of-labor-force-who-are-women_v24_850x600.svg,2,25,581984872,239130
proportion-of-local-breeds-at-risk-of-extinction,WorldMap,,,82697fa3076aeacf8b4bbdcb9452d629,proportion-of-local-breeds-at-risk-of-extinction_v24_850x600.svg,2,18,782921352,74968
proportion-of-members-of-developing-countries-in-international-organizations,DiscreteBar,,,f09ca7a43a5119d87787a9dcf3329402,proportion-of-members-of-developing-countries-in-international-organizations_v25_850x600.svg,12,31,548551576,413540
proportion-of-population-served-by-municipal-waste-collection,DiscreteBar,,,96b4c2d36f349f932b17d46bca8a3c64,proportion-of-population-served-by-municipal-waste-collection_v23_850x600.svg,2,12,231930968,3120
proportion-of-population-with-basic-handwashing-facilities-on-premises,WorldMap,,,8b0b83b415280c25ec025dae1ca87b59,proportion-of-population-with-basic-handwashing-facilities-on-premises_v25_850x600.svg,2,20,331800320,64974
proportion-of-women-in-senior-and-middle-management-positions,WorldMap,,,354555d93dd2be04bf2a94f233fb1ea2,proportion-of-women-in-senior-and-middle-management-positions_v33_850x600.svg,3,38,250854792,47548
proportion-of-women-subjected-to-physical-or-sexual-violence,WorldMap,,,ac2280e040e94422347499189dbd328f,proportion-of-women-subjected-to-physical-or-sexual-violence_v20_850x600.svg,3,33,235446408,4707
proportion-of-women-who-make-their-own-informed-health-care-decisions,WorldMap,,,14266b760d58bb951df57d5ac87534c6,proportion-of-women-who-make-their-own-informed-health-care-decisions_v13_850x600.svg,1,14,594628800,5188
proportion-tariff-lines-applied-to-imports-from-ldcs,WorldMap,,,242cf4835371b42a6cc75c25833e4f8f,proportion-tariff-lines-applied-to-imports-from-ldcs_v21_850x600.svg,2,21,628326344,78832
proportion-using-safely-managed-drinking-water,WorldMap,,,1662456ce3b19370a44df9d8f939f46b,proportion-using-safely-managed-drinking-water_v13_850x600.svg,2,31,568519344,145216
proportion-with-basic-handwashing-facilities-urban-vs-rural,ScatterPlot,,,80e0a1065184da902dd31f0bfb033a82,proportion-with-basic-handwashing-facilities-urban-vs-rural_v31_850x600.svg,7,40,649997456,133420
proportion-with-ict-skills-by-sex,ScatterPlot,,,620186c65a610afb7b3e16f46028b413,proportion-with-ict-skills-by-sex_v28_850x600.svg,2,24,644690576,30420
proportion-with-ict-skills-in-presentations,WorldMap,,,889a8b644a4c82fe8e681baac25554f3,proportion-with-ict-skills-in-presentations_v16_850x600.svg,2,17,266519120,10886
prosperity-gap,WorldMap,,,4274e53524419ffde40a6f7630b64a74,prosperity-gap_v14_850x600.svg,6,27,353387384,117194
prostate-cancer-death-rate-in-men,WorldMap,,,1e0a174b27f51e924942bfb07d750d9d,prostate-cancer-death-rate-in-men_v15_850x600.svg,3,37,197936616,161939
protected-area-coverage-of-marine-key-biodiversity-areas,WorldMap,,,0d11b60e66747fcffc0304e642d526df,protected-area-coverage-of-marine-key-biodiversity-areas_v6_850x600.svg,2,26,584356016,149340
protected-terrestrial-biodiversity-sites,WorldMap,,,32db97f9b765a90010474414da2dfdce,protected-terrestrial-biodiversity-sites_v26_850x600.svg,3,34,239173120,186476
protection-of-the-rights-of-small-scale-fisheries,WorldMap,,,ddc1a1595e79652a7a33785fc00e3259,protection-of-the-rights-of-small-scale-fisheries_v16_850x600.svg,2,19,655467488,12283
protein-efficiency-of-meat-and-dairy-production,DiscreteBar,,,437b17308fde35468ec7ef278b09ee61,protein-efficiency-of-meat-and-dairy-production_v5_850x600.svg,2,17,323732112,236
protein-energy-malnutrition-mortality-rates-in-children,WorldMap,,,1d883c088fff895b270c468b130d2425,protein-energy-malnutrition-mortality-rates-in-children_v18_850x600.svg,3,33,631163888,340385
psychiatrists-working-in-the-mental-health-sector,WorldMap,,,99e750297e2f6ceee9e55e713dab1a09,psychiatrists-working-in-the-mental-health-sector_v22_850x600.svg,1,15,598201376,3723
public-campaigns-covid,WorldMap,,,9344e43d0aee4ba50d0bcbf9b17940ec,public-campaigns-covid_v2820_850x600.svg,30,291,271630984,4967827
public-events-covid,WorldMap,,,301239d08e023c953016cf0a2163cb7c,public-events-covid_v2823_850x600.svg,37,321,410092848,4967827
public-gathering-rules-covid,WorldMap,,,e9b6a2c6f37a1786efa242dcb25271dc,public-gathering-rules-covid_v2822_850x600.svg,32,282,695317312,4967827
public-health-expenditure-share-gdp,LineChart,,,4102b1c26d4b8065473d6fa92935d101,public-health-expenditure-share-gdp_v25_850x600.svg,1,22,266770376,74634
public-health-insurance-coverage,LineChart,,,1d5754abcf9c2bc06570f8e10c443e1d,public-health-insurance-coverage_v7_850x600.svg,1,10,566846272,770
public-healthcare-spending-share-gdp,WorldMap,,,16a493586146892ae94c6ee668d0bac3,public-healthcare-spending-share-gdp_v14_850x600.svg,3,28,287626248,162440
public-morality-laws-on-non-traditional-sexual-relations,WorldMap,,,7682af9e3126475470d3e759f1f646e2,public-morality-laws-on-non-traditional-sexual-relations_v55_850x600.svg,2,21,646398176,290226
public-opinion-on-common-farming-practices-in-the-us,StackedDiscreteBar,,,26db69529397d927698bf44539aa18cc,public-opinion-on-common-farming-practices-in-the-us_v14_850x600.svg,2,18,611130656,2489
public-opposition-to-nuclear-energy-production,DiscreteBar,,,d3a56ee0ae65c2138abe5d33570787d1,public-opposition-to-nuclear-energy-production_v6_850x600.svg,1,13,677372784,708
public-sector-corruption-index,WorldMap,,,3f9feafe97cc841fc010c55a66aab51a,public-sector-corruption-index_v18_850x600.svg,27,117,634742872,874483
public-sector-employment-as-a-share-of-total-employment,WorldMap,,,80f2a01de88837837410754b33bbfa50,public-sector-employment-as-a-share-of-total-employment_v19_850x600.svg,6,35,263088936,47234
public-transport-covid,WorldMap,,,65f17fb99ff4d75d36b79d4cbfa19284,public-transport-covid_v2824_850x600.svg,31,278,733436080,4967827
public-trust-in-government,LineChart,,,a04e5a2e56c4c2c1911d7f169b3dbb57,public-trust-in-government_v17_850x600.svg,3,16,283332912,1524
pupil-teacher-ratio-for-primary-education-by-country,WorldMap,,,288cac0de470ddbe041af93a46eb3263,pupil-teacher-ratio-for-primary-education-by-country_v17_850x600.svg,2,22,298088736,46147
q2-gdp-growth-vs-confirmed-cases-per-million-people,ScatterPlot,,,654ee982b46689c59692b1c13c287635,q2-gdp-growth-vs-confirmed-cases-per-million-people_v2900_850x600.svg,2652,3317,1014171856,19125298
q2-gdp-growth-vs-confirmed-deaths-due-to-covid-19-per-million-people,ScatterPlot,,,5eb425ed2cc8c15c3fff71d20ffa639b,q2-gdp-growth-vs-confirmed-deaths-due-to-covid-19-per-million-people_v2913_850x600.svg,2656,3399,869020976,18960224
quality-vs-quantity-of-schooling,ScatterPlot,,,3ffbf757db806cadd7a96452788a319c,quality-vs-quantity-of-schooling_v13_850x600.svg,110,306,344482896,2728591
quantity-oil-spills,StackedBar,,,ad8fc7b90ef34755cd2e8a2645b97797,quantity-oil-spills_v13_850x600.svg,1,16,722317936,1742
quantity-oil-spills-decadal-average,StackedBar,,,cc35410dc61ee523b3b91d620fc21d02,quantity-oil-spills-decadal-average_v13_850x600.svg,1,20,428125728,239
railways-passengers-carried-passenger-km,WorldMap,,,4019bb767a93d719739878341862278a,railways-passengers-carried-passenger-km_v19_850x600.svg,2,19,736795576,67918
rapeseed-production,WorldMap,,,f99c58e64840737c572a13707938b119,rapeseed-production_v10_850x600.svg,1,21,441577272,172485
rapeseed-yields,WorldMap,,,66ac378614bc236787591c76e4326705,rapeseed-yields_v12_850x600.svg,3,26,754296456,177057
rate-confirmed-cases-vs-rate-confirmed-deaths,ScatterPlot,,,278c04b84f71960f821937ba84bcab99,rate-confirmed-cases-vs-rate-confirmed-deaths_v3112_850x600.svg,2980,4766,852801544,38073448
rate-disease-burden-lead,WorldMap,,,411dd17e95376da02013425489c567be,rate-disease-burden-lead_v15_850x600.svg,3,26,757071216,251668
rate-of-acute-flaccid-paralysis-from-non-polio-causes,LineChart,,,c53945d33ed5f56d553992faad010cf0,rate-of-acute-flaccid-paralysis-from-non-polio-causes_v51_850x600.svg,3,21,742493984,104266
rate-of-armed-conflicts,StackedBar,,,ebed7049dedfdeb46f5435ae6bfc5e6b,rate-of-armed-conflicts_v46_850x600.svg,2,19,727894088,59610
rate-of-child-deaths-attributed-to-child-and-maternal-malnutrition,WorldMap,,,1268b6fe19c952ebd0e1c8ee0688d819,rate-of-child-deaths-attributed-to-child-and-maternal-malnutrition_v7_850x600.svg,2,23,778176104,259071
rate-of-disease-burden-from-drug-use-disorders-who,WorldMap,,,9228e1193b5d753d7649a789c3d64876,rate-of-disease-burden-from-drug-use-disorders-who_v13_850x600.svg,2,24,742862448,132689
rate-of-interstate-conflicts,StackedBar,,,9ac48afed775b0dec9fbb35e397ee079,rate-of-interstate-conflicts_v30_850x600.svg,4,106,814853576,131013
rate-of-new-cases-of-cancer-by-type,LineChart,,,59d2b09b5dd50ffeb3d6d35003a77538,rate-of-new-cases-of-cancer-by-type_v11_850x600.svg,40,69,200387760,2521103
rate-of-new-cervical-cancer-cases,LineChart,,,7f894cbb786f9358d3018ddfaebc0fbd,rate-of-new-cervical-cancer-cases_v12_850x600.svg,3,18,378002624,252020
rate-of-new-cervical-cancer-cases-gco,WorldMap,,,2e017ad6f5bf3d8f90ea08dd002e7e19,rate-of-new-cervical-cancer-cases-gco_v5_850x600.svg,4,23,392383968,5432
rate-of-premature-deaths-due-to-alcohol,WorldMap,,,f42de7a6ebbcf8efe3490c8743c29542,rate-of-premature-deaths-due-to-alcohol_v24_850x600.svg,2,23,780516328,252611
rate-of-premature-deaths-due-to-alcohol-gbd,WorldMap,,,1a4f25f835704d430d89ff85ae3cd6fa,rate-of-premature-deaths-due-to-alcohol-gbd_v9_850x600.svg,3,33,221764968,259484
rate-of-state-based-conflicts,StackedBar,,,1f9ec1880e13c33f483cc7b976e13fb5,rate-of-state-based-conflicts_v40_850x600.svg,3,34,407632328,59542
rate-of-twin-deliveries,LineChart,,,17e1207132103dc616c1d9004317f0d2,rate-of-twin-deliveries_v16_850x600.svg,3,20,807394008,78608
rate-of-violent-deaths-non-state-societies,DiscreteBar,,,1d5b5841c85a47bd827a5e040f5c8bf5,rate-of-violent-deaths-non-state-societies_v10_850x600.svg,1,16,205175792,959
rate-of-violent-deaths-state-societies,DiscreteBar,,,03c2089e2f4aa7b1f836e27eaf4bece5,rate-of-violent-deaths-state-societies_v20_850x600.svg,1,12,827725312,357
rate-of-violent-victimizations-at-school-us,LineChart,,,af0e4149a935fe152cfa38925db52729,rate-of-violent-victimizations-at-school-us_v4_850x600.svg,1,11,793034592,674
rates-rape-united-states,LineChart,,,82646c247ce4289c193924f0d7fccfdc,rates-rape-united-states_v7_850x600.svg,2,12,384080024,1739
ratification-and-accession-to-unclos,WorldMap,,,628d9191acf16bfdd66d5684ed31f142,ratification-and-accession-to-unclos_v23_850x600.svg,1,14,214381312,1724
ratio-of-business-trips-to-trips-for-personal-reasons,WorldMap,,,642b69c22b7fcc16602c063af12d80df,ratio-of-business-trips-to-trips-for-personal-reasons_v26_850x600.svg,4,29,414605528,143722
ratio-of-female-to-male-labor-force-participation-rates-ilo-wdi,WorldMap,,,91d6c106abdfc43ebdf10a96f7aa8169,ratio-of-female-to-male-labor-force-participation-rates-ilo-wdi_v23_850x600.svg,6,35,837036520,246322
ratio-of-inbound-to-outbound-tourists,WorldMap,,,55558d3d5417cba09961b8828692e596,ratio-of-inbound-to-outbound-tourists_v36_850x600.svg,5,31,239131560,85410
ratio-of-same-day-to-tourist-trips,WorldMap,,,be51f1f6115e1362f31753bc87c63541,ratio-of-same-day-to-tourist-trips_v26_850x600.svg,3,33,393099832,110145
ratio-of-the-literacy-rate-between-young-women-and-men,WorldMap,,,901a5257aa6ab27bcad3f9117940f9a9,ratio-of-the-literacy-rate-between-young-women-and-men_v21_850x600.svg,2,20,859139952,58127
real-commodity-price-index-metals,LineChart,,,fad784fe9e271228529539da644dd9c2,real-commodity-price-index-metals_v8_850x600.svg,4,22,216861368,55224
real-gdp-growth,LineChart,,,94e2c55e35f42c34256c9c97bfa28676,real-gdp-growth_v58_850x600.svg,11,39,441855856,296218
real-transport-and-communication-costs,LineChart,,,4e5ec5667d566a9f9f435bf105243eb8,real-transport-and-communication-costs_v7_850x600.svg,1,17,259162880,6846
real-wages-and-output-per-production-worker-in-manufacturing-in-the-us,LineChart,,,c1327373c95ebe737fa1a653064bbba7,real-wages-and-output-per-production-worker-in-manufacturing-in-the-us_v6_850x600.svg,1,15,845788760,5182
received-official-development-assistance-grants-for-poverty-reduction,WorldMap,,,c78c8bae770f83704e6fec3b61398dbe,received-official-development-assistance-grants-for-poverty-reduction_v19_850x600.svg,2,23,417350248,94559
recycled-plastic-export-value,DiscreteBar,,,c3568ae32bf629ef38b8db4bf92c8635,recycled-plastic-export-value_v9_850x600.svg,1,10,221279352,365
recycling-rates-glass,WorldMap,,,0f275c994358200783b61d7202e8a26a,recycling-rates-glass_v5_850x600.svg,1,15,237093784,13613
recycling-rates-paper-and-cardboard,WorldMap,,,0ee52efb64b188a48c6f3a1a8df4015b,recycling-rates-paper-and-cardboard_v4_850x600.svg,1,13,859729480,14481
red-list-index,WorldMap,,,702b09a6e6e7c738780470538abd8867,red-list-index_v24_850x600.svg,6,28,437419288,238955
reduction-global-antibiotic-use,DiscreteBar,,,bb3ce17e5842c23c9a3ca93c92db72d2,reduction-global-antibiotic-use_v4_850x600.svg,1,15,253032464,252
reduction-in-hdi-when-adjusting-for-inequalities,WorldMap,,,9f4a4073f8560006f576a69f8aa9a4a9,reduction-in-hdi-when-adjusting-for-inequalities_v7_850x600.svg,3,22,881888576,85800
reduction-in-income-inequality,LineChart,,,fd71d4c823a8f03b840126411a763599,reduction-in-income-inequality_v22_850x600.svg,1,15,230057904,20993
reduction-in-income-inequality-before-and-after-tax-among-total-vs-working-age-population,ScatterPlot,,,8b59bf9f1ca15b5d3eb9403ebba3d1af,reduction-in-income-inequality-before-and-after-tax-among-total-vs-working-age-population_v67_850x600.svg,63,138,474414440,1883660
refugee-population-by-country-or-territory-of-asylum,WorldMap,,,097dbe7a6bb56a2d978de528d96bb269,refugee-population-by-country-or-territory-of-asylum_v17_850x600.svg,4,26,853078880,217824
refugee-population-by-country-or-territory-of-origin,WorldMap,,,fcdc3c538411664a4e9650a7f3e5618e,refugee-population-by-country-or-territory-of-origin_v16_850x600.svg,8,39,269094064,219492
region-share-tropical-deforestation,DiscreteBar,,,27a5142110f6bac507d5e937168a9baf,region-share-tropical-deforestation_v4_850x600.svg,1,15,869969720,300
regional-averages-of-the-composite-gender-equality-index,LineChart,,,a6193b1349dfb525313d70b8137a0812,regional-averages-of-the-composite-gender-equality-index_v10_850x600.svg,1,11,894201296,1413
registered-vehicles-per-1000-people,WorldMap,,,c0b3435772f3fc696a7519be6ad12b09,registered-vehicles-per-1000-people_v6_850x600.svg,1,17,282932056,4895
regulation-financial-markets,LineChart,,,b09ece9425c101b0a81b6c9fc733a45d,regulation-financial-markets_v15_850x600.svg,8,32,890482952,360201
regulation-illegal-fishing,WorldMap,,,96667e568a47c710c4c83484393ddd96,regulation-illegal-fishing_v20_850x600.svg,1,14,485775840,11380
regulation-of-political-participation-score,WorldMap,,,d358a49952a140ae6c74320669f4e037,regulation-of-political-participation-score_v61_850x600.svg,5,45,252025888,981402
relative-change-in-female-height,WorldMap,,,65efcdd0ced27e986b79df874ff9ec27,relative-change-in-female-height_v10_850x600.svg,3,19,909659400,6928
relative-change-in-maternal-mortality,SlopeChart,,,6431be82e671712a5942b5c594c2e356,relative-change-in-maternal-mortality_v17_850x600.svg,1,15,510998000,13604
relative-change-male-height,WorldMap,,,4fe0cf898d6c7be44437ed660d68f310,relative-change-male-height_v8_850x600.svg,1,16,920671528,6941
relative-poverty-share-of-people-below-40-of-the-median,WorldMap,,,02939ecb1d7cad4da8145fe8f6f11667,relative-poverty-share-of-people-below-40-of-the-median_v53_850x600.svg,1,25,485423096,116601
relative-poverty-share-of-people-below-50-of-the-median,WorldMap,,,da98e49827a76c6f0db650c12028c269,relative-poverty-share-of-people-below-50-of-the-median_v52_850x600.svg,1,21,273163200,117040
relative-poverty-share-of-people-below-60-of-the-median,WorldMap,,,cd7e89ede3990c689f3b58c193a37d9f,relative-poverty-share-of-people-below-60-of-the-median_v49_850x600.svg,3,26,944962488,117469
relative-share-of-passenger-kilometers-travelled-by-rail-and-road,StackedDiscreteBar,,,d7d1c5f20353890191e6eaf312166b11,relative-share-of-passenger-kilometers-travelled-by-rail-and-road_v27_850x600.svg,3,15,512541424,145658
religiosity-vs-religion-importance,ScatterPlot,,,453b8274357b3ede0013d64819a0a15e,religiosity-vs-religion-importance_v5_850x600.svg,3,25,294415720,36209
remaining-life-expectancy-at-different-ages,DiscreteBar,,,b7374191cf7942ebf265484580d1844e,remaining-life-expectancy-at-different-ages_v11_850x600.svg,103,117,552598600,4560543
remaining-life-expectancy-at-different-ages-females,DiscreteBar,,,621c8bd0f2440e9eefe64784357fada3,remaining-life-expectancy-at-different-ages-females_v19_850x600.svg,119,145,262498072,4561260
remaining-life-expectancy-at-different-ages-males,DiscreteBar,,,256176514854d97060ab091e385dbf5c,remaining-life-expectancy-at-different-ages-males_v22_850x600.svg,116,134,334037760,4560059
remittance-costs-as-share-of-amount-remitted,WorldMap,,,fa644b364fa79a5eee8d05529399b2ef,remittance-costs-as-share-of-amount-remitted_v19_850x600.svg,1,13,531639416,8498
renewable-electricity-generating-capacity-per-capita,WorldMap,,,911672f6592c2648bb57e9e7d0ad548d,renewable-electricity-generating-capacity-per-capita_v20_850x600.svg,3,24,228513336,170448
renewable-electricity-per-capita,WorldMap,,,bf16be7a2bffbd6dbb3c4c8c0b8c7dda,renewable-electricity-per-capita_v33_850x600.svg,5,46,557147192,275471
renewable-energy-consumption,StackedArea,,,edcc2f98e68dfca8a22c222aa11678a5,renewable-energy-consumption_v22_850x600.svg,2,20,256076944,14706
renewable-energy-gen,LineChart,,,aa02d2ef3e2ecc169f0a4e9e8235ee43,renewable-energy-gen_v15_850x600.svg,15,43,344056496,769154
renewable-energy-investment-of-gdp,DiscreteBar,,,2fe7f0d83e403178ad54a5f60f0f5ad4,renewable-energy-investment-of-gdp_v8_850x600.svg,2,14,575038504,333
renewable-nuclear-direct-substitution,LineChart,,,3d5aa86edf08d34a3dacaadd5f68886d,renewable-nuclear-direct-substitution_v9_850x600.svg,1,25,261312128,14685
renewable-share-energy,WorldMap,,,88dc56fb2b84bc8f522fe58d4991ea69,renewable-share-energy_v29_850x600.svg,6,31,599478480,213875
renewable-water-resources-per-capita,LineChart,,,c975b241e2dfc42a4fce1687ce5d10a6,renewable-water-resources-per-capita_v16_850x600.svg,4,28,311633896,372826
replacement-fertility-rate,LineChart,,,28a6e561c697fa180ded8709270cfbba,replacement-fertility-rate_v10_850x600.svg,3,22,245491512,40875
reported-cases-of-acute-african-trypanosomiasis,LineChart,,,dbd555cfc8bdd9a130528f46a3098dd3,reported-cases-of-acute-african-trypanosomiasis_v10_850x600.svg,1,18,591966832,5601
reported-cases-of-human-african-trypanosomiasis-t-b-gambiense,WorldMap,,,ccd7f81d1976bedb67b69c016b9a760b,reported-cases-of-human-african-trypanosomiasis-t-b-gambiense_v18_850x600.svg,1,57,337810752,17350
reported-cases-of-leprosy,WorldMap,,,8217f94dcc7282482be44f3f3e487cc9,reported-cases-of-leprosy_v13_850x600.svg,3,25,267694256,72209
reported-cases-of-measles,WorldMap,,,90a91c65a9c55542b3f43ef49d5da483,reported-cases-of-measles_v16_850x600.svg,2,29,614074264,261490
reported-measles-case-rate-by-state-in-the-united-states,LineChart,,,ee6e1c562fd22340cb0739e65e10e92f,reported-measles-case-rate-by-state-in-the-united-states_v8_850x600.svg,2,23,320902824,196794
reported-number-of-smallpox-infections-by-world-region,StackedArea,,,9dc7d3b274ab7354ca012fbec7c55d5f,reported-number-of-smallpox-infections-by-world-region_v7_850x600.svg,5,21,294663864,112462
reported-paralytic-polio-cases-and-deaths-in-the-united-states-since-1910,LineChart,,,ceb41a5ec194b452bbb76e8d66f5ae09,reported-paralytic-polio-cases-and-deaths-in-the-united-states-since-1910_v15_850x600.svg,3,20,606778072,6038
reported-paralytic-polio-cases-per-1-million-people,WorldMap,,,de4ffbfb2a368ca235908ddf36362c57,reported-paralytic-polio-cases-per-1-million-people_v16_850x600.svg,5,47,279092392,219803
reported-rabies-deaths,WorldMap,,,3b7213e72196d469c7c9f99c27e5d7e7,reported-rabies-deaths_v12_850x600.svg,2,22,338877144,38862
reported-rate-of-new-cervical-cancer-cases,WorldMap,,,36a02881c7569b24c72c403083fe9bdc,reported-rate-of-new-cervical-cancer-cases_v7_850x600.svg,2,22,621497368,54286
reported-share-of-people-experiencing-homelessness,LineChart,,,8811ec2fbabad0ffaff4519712fa29c0,reported-share-of-people-experiencing-homelessness_v17_850x600.svg,5,13,355444648,3925
reported-vs-estimated-total-number-of-paralytic-polio-cases-globally,LineChart,,,50f995eb424ae1efd32174234072c24c,reported-vs-estimated-total-number-of-paralytic-polio-cases-globally_v15_850x600.svg,23,39,317573168,410818
reporting-of-mental-health-system-data-in-the-past-two-years,WorldMap,,,cd2fa804fa499569afbc975213851388,reporting-of-mental-health-system-data-in-the-past-two-years_v12_850x600.svg,2,15,630881696,15327
representation-of-women-in-lower-chamber-of-parliament,WorldMap,,,44c5d343cd5ff273f5fae846eb692ccc,representation-of-women-in-lower-chamber-of-parliament_v17_850x600.svg,2,23,366161936,28329
representation-of-women-in-the-judiciary,WorldMap,,,2842fff7783eddf2d7e86fa3de82f3aa,representation-of-women-in-the-judiciary_v11_850x600.svg,1,15,334939576,11253
representation-of-women-in-the-upper-chamber-of-parliament,WorldMap,,,3e0d165ae52c679aa4b0165bbde68a39,representation-of-women-in-the-upper-chamber-of-parliament_v17_850x600.svg,2,15,640420840,13253
research-spending-gdp,WorldMap,,,c37f85fb63c96727a13d672f7830a3dc,research-spending-gdp_v24_850x600.svg,2,24,381718096,86196
researchers-in-rd-per-million-people,WorldMap,,,89fe2dd7f264abc095f87266fe8ebdd9,researchers-in-rd-per-million-people_v28_850x600.svg,3,35,608656288,71965
researchers-in-rd-per-million-people-vs-gdp-pc,ScatterPlot,,,03ce9e08fa4822820a08b334a47c61db,researchers-in-rd-per-million-people-vs-gdp-pc_v28_850x600.svg,8,55,326021088,322532
resources-statistical-capacity,WorldMap,,,2b5e3d3b8495557c76718bbb3152e06e,resources-statistical-capacity_v29_850x600.svg,2,22,335203352,51030
respect-for-counterarguments-score,WorldMap,,,6b4c600751df24924f0dda1a5a7e45d9,respect-for-counterarguments-score_v63_850x600.svg,11,62,359286288,708406
respiratory-disease-death-rate,WorldMap,,,ff5a069a49ddd3aafdc4f532a1c853fc,respiratory-disease-death-rate_v30_850x600.svg,4,47,629212816,326336
respiratory-disease-death-rate-gbd,WorldMap,,,826659c1481105003464cf40c7c7d70d,respiratory-disease-death-rate-gbd_v7_850x600.svg,3,29,355370040,335588
respiratory-disease-deaths-by-age,StackedArea,,,b93a81e5eb3bbf0e40d1e5d22c13bc47,respiratory-disease-deaths-by-age_v18_850x600.svg,28,45,627094016,1683013
respiratory-infection-death-rate-who-mdb,LineChart,,,0ab8defa0e28d7ba5b930e7dcf83a648,respiratory-infection-death-rate-who-mdb_v11_850x600.svg,2,27,363105752,157496
respiratory-infections-death-rate-age-group,DiscreteBar,,,84a9d750ae628d7a4e2e120707a46a46,respiratory-infections-death-rate-age-group_v10_850x600.svg,50,79,379058320,2922121
respiratory-pathogens-share-detected-seattle-flu-study,StackedArea,,,b5a9a713d71d5b95bd2ea5512c6460c4,respiratory-pathogens-share-detected-seattle-flu-study_v17_850x600.svg,6,27,633928432,94659
revenue-from-corporate-income-taxes-gdp,LineChart,,,52a9098bb351815f422dc8923481cffd,revenue-from-corporate-income-taxes-gdp_v15_850x600.svg,2,19,351899480,131288
rice-production,WorldMap,,,7573fb3e4a00bd807cc870552dc97e25,rice-production_v11_850x600.svg,7,27,654734072,321270
rice-production-by-region,StackedArea,,,438515640bbe91e13ac2885e0001d989,rice-production-by-region_v10_850x600.svg,4,26,378518888,321270
rice-yields,WorldMap,,,6a2a89d4d5bbb1042ec034df84e404d6,rice-yields_v16_850x600.svg,3,27,371285352,326602
right-to-change-legal-gender-equaldex,WorldMap,,,a80caf522c803d937b46ef6edaf7273d,right-to-change-legal-gender-equaldex_v31_850x600.svg,3,18,668845656,176839
rigorous-and-impartial-public-administration-score,WorldMap,,,45f09ef075a2a9b36213936ab3d08e0c,rigorous-and-impartial-public-administration-score_v27_850x600.svg,8,78,410770944,1068158
risk-of-impoverishing-expenditure-for-surgical-care,WorldMap,,,969f97a51a8733427b4f3da2c7ea3202,risk-of-impoverishing-expenditure-for-surgical-care_v16_850x600.svg,3,20,392396032,74448
road-accident-deaths-per-passenger-kilometers,LineChart,,,21a9c482448a691f8551c5dc4d08cf3e,road-accident-deaths-per-passenger-kilometers_v14_850x600.svg,4,38,661139200,47007
road-death-rate-vs-gdp-per-capita,ScatterPlot,,,f63eaf88f0c9eeb3e67d7272b5fbb6ee,road-death-rate-vs-gdp-per-capita_v42_850x600.svg,102,298,451881240,2409617
road-deaths-by-type,LineChart,,,41f8072e096421c3ffa46059973c612d,road-deaths-by-type_v24_850x600.svg,33,51,407070168,1682350
road-deaths-in-great-britain-by-road-user,StackedArea,,,0f92895ef9536dc906a1fd9700b83b92,road-deaths-in-great-britain-by-road-user_v4_850x600.svg,2,23,681936960,10497
road-deaths-over-the-long-term,LineChart,,,537507e5da47c72e37ffeb6d9a01cd1b,road-deaths-over-the-long-term_v11_850x600.svg,2,24,685153184,82237
road-incident-deaths-by-age,StackedArea,,,9a54979360b03db9198fb8bb11031a81,road-incident-deaths-by-age_v20_850x600.svg,25,40,409451752,1680658
road-miles-nox-emissions,LineChart,,,83e5fba0f6d5112601e8d4500d7b045b,road-miles-nox-emissions_v4_850x600.svg,64,103,706553456,1800123
road-mortality-rate-comparison,ScatterPlot,,,899f6ab75cf69fcf66381437693a3c63,road-mortality-rate-comparison_v43_850x600.svg,13,55,458713312,457296
road-traffic-deaths-to-alcohol,WorldMap,,,a2ae03347ae7cba4c815c5aefab05299,road-traffic-deaths-to-alcohol_v18_850x600.svg,2,21,180465536,2489
rock-to-metal-ratio,DiscreteBar,,,0d4ad6ef585ca23d7a3d4d306fcb730c,rock-to-metal-ratio_v8_850x600.svg,1,12,208862952,750
rotavirus-number-unvaccinated,WorldMap,,,d90f5d28c0f097bb834610466dba9572,rotavirus-number-unvaccinated_v15_850x600.svg,1,22,480173952,43122
rotavirus-vaccine-immunization-schedule,WorldMap,,,275d7addf511ceca23006f71b6159d22,rotavirus-vaccine-immunization-schedule_v14_850x600.svg,2,19,469691648,177055
routes-to-diagnosis,DiscreteBar,,,31f588d9bb78cef908d6cb28970f618e,routes-to-diagnosis_v15_850x600.svg,2,29,195208480,19391
rubella-cases-in-the-united-states,LineChart,,,16520af1b7a3469efae3aeda2e9b8dd5,rubella-cases-in-the-united-states_v4_850x600.svg,1,11,502584672,1592
rubella-number-unvaccinated,WorldMap,,,02eebfac6eaf89aa05068e6e30da7606,rubella-number-unvaccinated_v14_850x600.svg,2,29,488739440,147988
rubella-vaccination-coverage,WorldMap,,,63572a5f1064327782623e4ceecd9c39,rubella-vaccination-coverage_v14_850x600.svg,6,35,218638424,148618
rubella-vaccine-immunization-schedule,WorldMap,,,8687709b1fb0d034d381b6ed364a8589,rubella-vaccine-immunization-schedule_v14_850x600.svg,3,24,486897640,477316
rule-of-law-index,WorldMap,,,e29ba9b9e31b47d7e3cc9c16590e7ea5,rule-of-law-index_v43_850x600.svg,43,140,250074816,1056432
rule-of-law-index-bti,WorldMap,,,35e7589d7dd60682669ca6367eec7160,rule-of-law-index-bti_v104_850x600.svg,6,29,1033154808,48873
rural-population-with-improved-water,WorldMap,,,85a22d799aa18cfe5e94cb81829f38ce,rural-population-with-improved-water_v10_850x600.svg,3,33,456734096,156491
rural-without-basic-handwashing,WorldMap,,,a58e9d23592d9960501b69fc2274de57,rural-without-basic-handwashing_v8_850x600.svg,3,21,504781224,63207
rural-without-improved-sanitation,WorldMap,,,1399bf5ba8cda1b14760813e09f74480,rural-without-improved-sanitation_v8_850x600.svg,2,29,1052480896,153532
rural-without-improved-water,WorldMap,,,a525875afec14680bbe45491e87860f4,rural-without-improved-water_v9_850x600.svg,2,21,471438576,155739
rye-production,WorldMap,,,e5f37c48dfd37f18ad180fab8a58d08e,rye-production_v10_850x600.svg,3,22,522338968,169738
rye-yield,WorldMap,,,0d7270f7a7ceb74b26803e176cc74758,rye-yield_v13_850x600.svg,5,31,804698048,177406
safe-sanitation-without,WorldMap,,,738ad08ceb1875db0934ae625db2bd68,safe-sanitation-without_v8_850x600.svg,2,21,488394456,137026
safety-walking-alone,WorldMap,,,8d837547603e74fe6229d6673777492b,safety-walking-alone_v13_850x600.svg,2,18,1065825880,7023
sales-antibiotics-livestock-europe,LineChart,,,6b8fa6573dfb0411146716146496bbe0,sales-antibiotics-livestock-europe_v10_850x600.svg,1,12,277534664,12099
sales-of-cigarettes-per-adult-per-day,WorldMap,,,7ee3d82fb917f4ed6b4a6b2fe32cff1f,sales-of-cigarettes-per-adult-per-day_v40_850x600.svg,3,28,542094184,76247
same-sex-marriage-country-count,LineChart,,,5ded4713ff81c551b2e314be33b58efa,same-sex-marriage-country-count_v35_850x600.svg,1,11,821586912,7534
same-sex-sexual-acts-equaldex,WorldMap,,,bcc682f6abcf64bc22447bbff5bd9296,same-sex-sexual-acts-equaldex_v29_850x600.svg,3,22,295416592,572630
same-sex-sexual-acts-legal,WorldMap,,,b52b303aa73d84ba2531526f11dfe3b5,same-sex-sexual-acts-legal_v89_850x600.svg,3,25,842429888,265255
same-sex-sexual-acts-legal-mignot,WorldMap,,,f9e20f7f6e583aacf5bc11d77dff2902,same-sex-sexual-acts-legal-mignot_v9_850x600.svg,9,38,1085037840,1086081
same-sex-sexual-acts-punished-by-death,WorldMap,,,531f391d00f959e2599b4288d399ee50,same-sex-sexual-acts-punished-by-death_v60_850x600.svg,5,21,500871640,295077
sanitation-facilities-coverage,StackedArea,,,67aea532c6d04ceaf32496de34956795,sanitation-facilities-coverage_v10_850x600.svg,19,45,526746008,849253
sanitation-facilities-coverage-in-rural-areas,StackedArea,,,fe06144a4054892678077eb37c3d0a8a,sanitation-facilities-coverage-in-rural-areas_v11_850x600.svg,17,33,273938848,645257
sanitation-facilities-coverage-in-urban-areas,StackedArea,,,6b3ecaf8a3cebbd7fde740ccb8711ff5,sanitation-facilities-coverage-in-urban-areas_v6_850x600.svg,16,28,483487744,712491
scarcity-water-per-kg-poore,DiscreteBar,,,7083a87de8392b5b62745d642cf2bcd2,scarcity-water-per-kg-poore_v18_850x600.svg,3,25,558793520,1320
scarcity-water-protein-poore,DiscreteBar,,,767f6e133db3e8b25b01a36a24a06c62,scarcity-water-protein-poore_v20_850x600.svg,1,10,296335480,1111
scarcity-water-use-kcals,DiscreteBar,,,7a30af3c54fe0093dc52d5f363698fdd,scarcity-water-use-kcals_v17_850x600.svg,4,18,814710936,1309
schistosomiasis-treatment-coverage,WorldMap,,,b5d654f878ce00fedfc500eda3d8e828,schistosomiasis-treatment-coverage_v9_850x600.svg,3,19,1095626352,18707
schizophrenia-prevalence,WorldMap,,,030d409b3a9720bfc678591a395ae204,schizophrenia-prevalence_v28_850x600.svg,4,36,318456560,267362
schizophrenia-prevalence-by-age,DiscreteBar,,,072a0e081eb1121cffef2feee6baa23e,schizophrenia-prevalence-by-age_v32_850x600.svg,77,95,522798880,4001595
schizophrenia-prevalence-males-vs-females,ScatterPlot,,,ddbe239805e9c62773ff1b2db81801cf,schizophrenia-prevalence-males-vs-females_v38_850x600.svg,69,238,896960968,2376424
scholarly-publications-on-artificial-intelligence-per-million-people,WorldMap,,,9a7e6d2313386304957e08e51e3ab475,scholarly-publications-on-artificial-intelligence-per-million-people_v21_850x600.svg,2,25,582419496,51783
school-closures-covid,WorldMap,,,de018b2f41052d263f0a75b9f2850abb,school-closures-covid_v2826_850x600.svg,34,298,1159405792,4967827
school-life-expectancy-primary-gender-parity-index-gpi,WorldMap,,,e77ef401567f2e9ff746b0075dbb4103,school-life-expectancy-primary-gender-parity-index-gpi_v27_850x600.svg,2,37,289938752,259145
schools-access-computers,DiscreteBar,,,6057f65f50b3b6b1a853f84db316948e,schools-access-computers_v15_850x600.svg,5,15,555091784,99544
schools-access-drinking-water,DiscreteBar,,,9f0637cba4500ea8ddf8f25314af2f91,schools-access-drinking-water_v15_850x600.svg,6,23,571169992,99414
schools-access-to-electricity,DiscreteBar,,,3c518001f09ee5c97119a1c453afc452,schools-access-to-electricity_v16_850x600.svg,4,17,501117872,119348
schools-access-to-wash,DiscreteBar,,,093ebb97f8eede4108255436ed284694,schools-access-to-wash_v17_850x600.svg,3,13,588710000,94934
schools-materials-students-with-disabilities,LineChart,,,f7734d4952f26b684c7d0b97847232b0,schools-materials-students-with-disabilities_v13_850x600.svg,2,14,522696104,37661
science-helps-a-lot-treating-anxiety-depression-vs-gdp-per-capita,ScatterPlot,,,1b8eb5092279748fbec785c6f06b891e,science-helps-a-lot-treating-anxiety-depression-vs-gdp-per-capita_v54_850x600.svg,68,218,347537904,2087076
scientific-and-technical-journal-articles,WorldMap,,,3ff0a5071f77ee9114e6a3c2addf2ec3,scientific-and-technical-journal-articles_v19_850x600.svg,3,25,576213808,179510
scientific-publications-per-million,WorldMap,,,3145b96833d9b6f41e4d98623edc7a01,scientific-publications-per-million_v17_850x600.svg,2,32,547415176,195413
sea-ice-anomaly-in-the-antarctic-by-month,StackedBar,,,5fcef85e0dd00d8008f7b041bdffd50c,sea-ice-anomaly-in-the-antarctic-by-month_v17_850x600.svg,1,221,637796160,21292
sea-ice-anomaly-in-the-arctic-by-month,StackedBar,,,17b1c40f71f3b9b1b6c0f9396d298125,sea-ice-anomaly-in-the-arctic-by-month_v17_850x600.svg,2,243,547208696,21232
sea-level,LineChart,,,8c6ec5276c03c7b0cbf4c5ef3ed918b6,sea-level_v19_850x600.svg,4,32,1187244632,45803
sea-surface-temperature,LineChart,,,e215c15b088c2026550822f8dcb1599f,sea-surface-temperature_v22_850x600.svg,16,151,921365896,715315
sea-surface-temperature-anomaly,LineChart,,,846cac3e45a8c6d0de7304e490b20e52,sea-surface-temperature-anomaly_v17_850x600.svg,3,24,1167819168,58474
seafood-and-fish-production-thousand-tonnes,StackedArea,,,6955fc120a8bff6ebc78bcd39a9910f3,seafood-and-fish-production-thousand-tonnes_v14_850x600.svg,53,160,397400272,2279044
seasonal-temp-anomaly-us,LineChart,,,cc209999db388bda55d3691a294223d6,seasonal-temp-anomaly-us_v19_850x600.svg,2,40,1212302952,33108
seawater-ph,LineChart,,,4c08a60119ca27f79f2873952ee2ff8a,seawater-ph_v18_850x600.svg,2,13,612502936,23215
secondary-net-enrollment-gpi,WorldMap,,,66f0b63f7c45c395a3c9759586db0ffc,secondary-net-enrollment-gpi_v36_850x600.svg,3,23,560178544,84847
seized-rhino-horns,DiscreteBar,,,b9f8a4eee005f2dcf01e23622d3289ff,seized-rhino-horns_v6_850x600.svg,1,19,646840584,798
self-harm-death-rates-by-age,LineChart,,,43c297a94c473a623839c73292a11c96,self-harm-death-rates-by-age_v31_850x600.svg,30,49,627993360,1591672
self-reported-freedom,DiscreteBar,,,055c236938b2f2dcc7cd90852adf3a1b,self-reported-freedom_v18_850x600.svg,1,11,538153960,1487
self-reported-hopefulness,DiscreteBar,,,0165c49692c5f9e7ffb04156bebf0d38,self-reported-hopefulness_v16_850x600.svg,3,19,1190069328,1483
self-reported-life-satisfaction-young-vs-old-people,ScatterPlot,,,b746f7a1a15a94646b3e898aacaf16ea,self-reported-life-satisfaction-young-vs-old-people_v13_850x600.svg,1,29,974352528,17814
self-reported-trust-attitudes,WorldMap,,,ba550e223be86ed2eadafd3291e70069,self-reported-trust-attitudes_v20_850x600.svg,1,17,548868952,13660
separation-of-powers-score-bti,WorldMap,,,5e01e537b9a78cf226afc9fb236c43df,separation-of-powers-score-bti_v89_850x600.svg,4,23,1210945112,46116
service-exports-and-imports-gdp,LineChart,,,7af84a94d1fc3f164a0e3ca12da459d4,service-exports-and-imports-gdp_v18_850x600.svg,4,29,410607176,276626
sesame-seed-production,WorldMap,,,f334960246a7dafad95a22e27a2ff361,sesame-seed-production_v11_850x600.svg,4,24,650007224,204009
severe-bleaching-events-enso,StackedBar,,,0ccd12e63c93baf4979f11c6e64924d7,severe-bleaching-events-enso_v5_850x600.svg,1,16,1243358480,3284
severe-food-insecurity-undernourishment,ScatterPlot,,,8914d4b74e8275ffbb8145627deffcb0,severe-food-insecurity-undernourishment_v8_850x600.svg,7,50,575054312,193926
sex-ratio-at-birth,WorldMap,,,bb323e587f94f29bcb2440a3f5cbe459,sex-ratio-at-birth_v39_850x600.svg,17,72,968094880,649054
sex-ratio-at-birth-by-birth-order,LineChart,,,e5e4b1ff7a5ab2388689a3db6e965d8f,sex-ratio-at-birth-by-birth-order_v7_850x600.svg,1,18,1237265160,6598
sex-ratio-at-birth-vs-five-years-old,ScatterPlot,,,8f26a5da9da7f3f993b9598612a8a4aa,sex-ratio-at-birth-vs-five-years-old_v16_850x600.svg,26,115,725766072,1287197
sex-ratio-at-five-years-old,WorldMap,,,0c513c6bff03c243a0a73a13a8ca2f8a,sex-ratio-at-five-years-old_v15_850x600.svg,4,42,435557288,638143
sex-ratio-at-sixty-years-old,WorldMap,,,87e38f95871f6ec34a53ca81e3b32141,sex-ratio-at-sixty-years-old_v17_850x600.svg,5,33,1264447792,624694
sex-ratio-by-age,LineChart,,,a1228012b80655848efaefe844bd9656,sex-ratio-by-age_v15_850x600.svg,167,203,488181232,7336479
share-adults-bank-account-financial-institution-mobile-money,StackedArea,,,b41ffc41490f6397396952633f477f20,share-adults-bank-account-financial-institution-mobile-money_v16_850x600.svg,7,33,563079856,26628
share-agree-vaccines-are-safe-wellcome,WorldMap,,,79502c94d41b7dfda3aab669ca4af34b,share-agree-vaccines-are-safe-wellcome_v15_850x600.svg,2,15,983695224,10315
share-agreeing-most-people-can-be-trusted-vs-gdp-per-capita,ScatterPlot,,,27124bcc52809ccee7e7dfb4fbb54956,share-agreeing-most-people-can-be-trusted-vs-gdp-per-capita_v29_850x600.svg,124,295,1338829192,2725315
share-agreeing-most-people-can-be-trusted-vs-most-people-would-try-to-take-advantage-of-you,ScatterPlot,,,89b30bb25793e779486f5c2e1e25d70c,share-agreeing-most-people-can-be-trusted-vs-most-people-would-try-to-take-advantage-of-you_v36_850x600.svg,110,260,1051461720,2485402
share-agrees-vaccines-are-important-wellcome,WorldMap,,,81273c104f498766db657d8b1f482a1d,share-agrees-vaccines-are-important-wellcome_v23_850x600.svg,1,20,577422832,10255
share-agriculture-smallholder-farms,WorldMap,,,d82f1d504e6050ead0d3c37cb347943c,share-agriculture-smallholder-farms_v9_850x600.svg,2,16,586614280,2933
share-artificial-intelligence-job-postings,LineChart,,,c8aaf88b37dbad7067ca0eb7273d4d1c,share-artificial-intelligence-job-postings_v34_850x600.svg,2,17,709062416,6600
share-attending-religious-services,WorldMap,,,7bc18b0164c79c6f8f4f439324819c47,share-attending-religious-services_v12_850x600.svg,3,20,597639856,13355
share-believe-climate,WorldMap,,,217619543a6334bb5569eed4ff92d382,share-believe-climate_v11_850x600.svg,3,22,729903784,1849
share-british-adults-smoke-vape,LineChart,,,08372bf1214147a12e735399488b0946,share-british-adults-smoke-vape_v12_850x600.svg,1,14,510361456,1460
share-calorie-diet-unaffordable,WorldMap,,,15800b45d99cc05c7c0aef5bf95e539b,share-calorie-diet-unaffordable_v16_850x600.svg,1,25,552666216,4561
share-car-sales-battery-plugin,StackedBar,,,7256fb5192584db0acddad46a95823bc,share-car-sales-battery-plugin_v11_850x600.svg,5,52,477903856,49382
share-car-stocks-electric,LineChart,,,61a736961c76653a6dd3726db4fdb8f8,share-car-stocks-electric_v13_850x600.svg,1,19,758104384,19297
share-cereal-human-food,WorldMap,,,b79271ef702cc3045a96ef3d5cb33f19,share-cereal-human-food_v15_850x600.svg,4,29,578360568,437803
share-cereals-animal-feed,WorldMap,,,06897f7546f0dab154a99ebc96a18973,share-cereals-animal-feed_v11_850x600.svg,3,33,746234576,434786
share-cereals-industrial-uses,WorldMap,,,90bfaeea916306029a900179b780f213,share-cereals-industrial-uses_v11_850x600.svg,4,26,501423752,400299
share-co2-embedded-in-trade,WorldMap,,,1774aa4770a4d9b51989921bc326d102,share-co2-embedded-in-trade_v38_850x600.svg,3,27,1079160136,158307
share-co2-emissions-deforestation,DiscreteBar,,,eeb181edadceddb608af1a5bd4c43c3f,share-co2-emissions-deforestation_v3_850x600.svg,2,13,596630848,367
share-co2-emissions-vs-population,ScatterPlot,,,e2ccc59c342f0273694ffc4c661378c0,share-co2-emissions-vs-population_v36_850x600.svg,113,293,1476356632,3720781
share-co2-vs-population,DiscreteBar,,,7d00f89394a2521548f1fd75213b808f,share-co2-vs-population_v15_850x600.svg,90,131,604085128,3709435
share-companies-using-artificial-intelligence,StackedBar,,,0f869b8c0aca0bac7ae05dd1cdeb34d1,share-companies-using-artificial-intelligence_v41_850x600.svg,2,30,788533504,928
share-countries-accredited-independent-national-human-rights-institutions,LineChart,,,14a1581f482deb58af3ffdeac0f2eb38,share-countries-accredited-independent-national-human-rights-institutions_v29_850x600.svg,2,14,527182880,72192
share-covered-by-one-social-protection-benefit,WorldMap,,,6a839508560938ea85dc519f9d411414,share-covered-by-one-social-protection-benefit_v12_850x600.svg,2,25,1095460368,19315
share-cumulative-co2-oil,WorldMap,,,f0c191d756b188502a7f67a4fb1a57af,share-cumulative-co2-oil_v29_850x600.svg,6,45,771400576,817798
share-deaths-aids,LineChart,,,358c46d162f5ec8d5553ecc62d510774,share-deaths-aids_v25_850x600.svg,8,30,516223096,339135
share-deaths-air-pollution,WorldMap,,,7d3e4fe33ed7601caa7a5397bf67bf38,share-deaths-air-pollution_v18_850x600.svg,3,24,1116862768,252454
share-deaths-cardiovascular-disease,WorldMap,,,0b06c9918f4a1ce6b249a5748829b778,share-deaths-cardiovascular-disease_v23_850x600.svg,5,36,873861808,328636
share-deaths-from-natural-disasters,StackedBar,,,d2b7e7ee49feac72a11179f52b0c4b69,share-deaths-from-natural-disasters_v21_850x600.svg,5,21,540584752,300631
share-deaths-indoor-pollution,WorldMap,,,e6161f52bcb76f6f38726a53b23fd79d,share-deaths-indoor-pollution_v16_850x600.svg,3,29,623673328,256538
share-deaths-outdoor-pollution,WorldMap,,,0c2aa4cbc0276b736a3543fd33761ff8,share-deaths-outdoor-pollution_v19_850x600.svg,2,23,518209752,252495
share-deaths-secondhand-smoke,WorldMap,,,2643e4c7b4d763d44b5a5b0c26ba6036,share-deaths-secondhand-smoke_v14_850x600.svg,3,27,792208672,253372
share-deaths-smoking,WorldMap,,,3a78c54a54c6bdf759cafde34b5c190c,share-deaths-smoking_v17_850x600.svg,2,30,1090592304,252630
share-deaths-suicide,LineChart,,,35431bb5698678e7d0fcad59a29fa0c8,share-deaths-suicide_v32_850x600.svg,4,29,874377176,333270
share-deaths-unsafe-sanitation,WorldMap,,,1f871180a199e87ab9721303cf23760c,share-deaths-unsafe-sanitation_v17_850x600.svg,3,26,642276672,261327
share-deaths-unsafe-water,WorldMap,,,ee5c659686d650fa880c69f8ca1ce24e,share-deaths-unsafe-water_v18_850x600.svg,2,26,537881496,259699
share-deforestation-agricultural-products,DiscreteBar,,,444ce6a2da365ce662ad66792f92c4ef,share-deforestation-agricultural-products_v4_850x600.svg,1,10,812596936,367
share-deforestation-domestic-consumption,WorldMap,,,b2cd4cf5443ca857b60113db281c6118,share-deforestation-domestic-consumption_v3_850x600.svg,2,21,1103660192,33710
share-deforestation-exported,WorldMap,,,f600ca1ed8a571a22d7754f688071e51,share-deforestation-exported_v3_850x600.svg,2,19,830069760,34306
share-degraded-land,WorldMap,,,82f712d3b7e7fcffa4e9ee8b0951eeac,share-degraded-land_v20_850x600.svg,1,22,889939032,7873
share-disagree-vaccines-are-safe-wellcome-trust,WorldMap,,,6c1b40506441e7ce110eb0f026b59408,share-disagree-vaccines-are-safe-wellcome-trust_v10_850x600.svg,1,19,551533632,10242
share-disagrees-vaccines-are-effective,WorldMap,,,0dcb98cb7ccdffb41cd88916506539f1,share-disagrees-vaccines-are-effective_v13_850x600.svg,2,16,653368440,10292
share-disagrees-vaccines-are-important,WorldMap,,,0b4f0ae1a73807789cd4cc31744acaa4,share-disagrees-vaccines-are-important_v11_850x600.svg,2,21,1121465960,19442
share-edu-spending-gdp-vs-share-edu-total-spending,ScatterPlot,,,dbfd6dd7aca7178a44085636a3af7f56,share-edu-spending-gdp-vs-share-edu-total-spending_v32_850x600.svg,9,84,225640512,313203
share-elec-by-source,LineChart,,,c621f6c07fce17ba55564ea3ce24aa51,share-elec-by-source_v35_850x600.svg,40,65,934633256,1936027
share-electricity-bioenergy,WorldMap,,,010b49987d92654418f984ed9ab7f031,share-electricity-bioenergy_v6_850x600.svg,2,29,574478048,190951
share-electricity-coal,WorldMap,,,854183d0a50a0b095f895089e07532ca,share-electricity-coal_v34_850x600.svg,3,31,621890880,214485
share-electricity-fossil-fuels,WorldMap,,,8af4520ad064447feaac5b747d8f1676,share-electricity-fossil-fuels_v37_850x600.svg,2,42,1147896480,231744
share-electricity-gas,WorldMap,,,da8667032e001d2188383919c26a6a25,share-electricity-gas_v35_850x600.svg,2,41,244008896,216257
share-electricity-hydro,WorldMap,,,706fbdbdad22586723c81e670c3ee191,share-electricity-hydro_v34_850x600.svg,3,26,554500856,248559
share-electricity-low-carbon,WorldMap,,,30f6312a5bf489157706dab5ab2f7d2f,share-electricity-low-carbon_v38_850x600.svg,9,47,906455400,254037
share-electricity-nuclear,WorldMap,,,1b0fd02b3790015ae569fa924fa673a7,share-electricity-nuclear_v36_850x600.svg,8,29,640809584,217591
share-electricity-oil,WorldMap,,,221ca5b2c702747ba64db3e39a24954e,share-electricity-oil_v31_850x600.svg,2,27,1174760544,230302
share-electricity-renewables,WorldMap,,,553f7c8cf27a799b867893aff7813df9,share-electricity-renewables_v38_850x600.svg,3,34,577741016,254339
share-electricity-solar,WorldMap,,,09cbcbb92e184f9cb2e1ef3161027242,share-electricity-solar_v39_850x600.svg,2,34,661959736,233954
share-electricity-source-facet,LineChart,,,043f50fa33b21a2636c12dcd1a332d1e,share-electricity-source-facet_v27_850x600.svg,33,78,1149796872,1358432
share-electricity-source-wb,LineChart,,,e96dc3ccbd8a4f054fa44eae05a88a14,share-electricity-source-wb_v12_850x600.svg,26,41,241417032,810378
share-electricity-wind,WorldMap,,,262d42a8f3e91cf0fbd651e1aabd20ce,share-electricity-wind_v35_850x600.svg,2,26,926718752,227586
share-employment-agriculture-industry-services,StackedArea,,,aba1233e6c5e737906f3e23e663d8fbd,share-employment-agriculture-industry-services_v24_850x600.svg,29,46,220192960,697544
share-energy-source-sub,LineChart,,,571eda2b658a3e7ac2df646232b9ae05,share-energy-source-sub_v26_850x600.svg,37,70,642135288,1627408
share-enrolled-in-private-institutions-at-the-pre-primary-education-level,WorldMap,,,53319bb3ff165ab4ed6023dc12af39e3,share-enrolled-in-private-institutions-at-the-pre-primary-education-level_v14_850x600.svg,3,29,605548704,180149
share-europe-using-generative-ai,WorldMap,,,3e9c6c50c91069efbf19970540fc5439,share-europe-using-generative-ai_v8_850x600.svg,2,60,279256360,1014
share-expenditure-alcohol-tobacco,WorldMap,,,cd5af7183e026d9763beefb37aa6f133,share-expenditure-alcohol-tobacco_v8_850x600.svg,2,15,940388024,24159
share-extreme-poverty-version-comparison,LineChart,,,cdaf72e285a01d090a9703a66fdc9f23,share-extreme-poverty-version-comparison_v19_850x600.svg,4,21,253133296,210176
share-extreme-poverty-vs-share-mpi-poor,ScatterPlot,,,a0744c2f7b1e0793ae0f0cfc08ba55e9,share-extreme-poverty-vs-share-mpi-poor_v87_850x600.svg,74,207,1242067952,1964969
share-extreme-poverty-vs-share-mpi-poor-over-time,ScatterPlot,,,0b3e7ecc1dc4bc4873fde4487ae5c655,share-extreme-poverty-vs-share-mpi-poor-over-time_v80_850x600.svg,82,227,992061472,1969431
share-farms-smallholders,WorldMap,,,63519a330a8d88a3dcba96d849d86bfb,share-farms-smallholders_v5_850x600.svg,2,15,268821376,3411
share-firms-top-female-manager,WorldMap,,,a82bf7934f40b8c94c4b020102756eee,share-firms-top-female-manager_v22_850x600.svg,1,21,619758584,12374
share-food-exports,SlopeChart,,,f41594572ae0142548d9f6442f3ffa51,share-food-exports_v20_850x600.svg,4,29,266491928,286641
share-food-lost-type,DiscreteBar,,,ae3acbea4d314203f9635aa6c6e42414,share-food-lost-type_v8_850x600.svg,2,16,659857360,11513
share-food-miles-by-method,DiscreteBar,,,b1d01a219c97f79eab4d3261e5b941e8,share-food-miles-by-method_v9_850x600.svg,2,10,236532272,182
share-global-co2-cement,WorldMap,,,f03a5f0b4be25405cdba087ea3d92d77,share-global-co2-cement_v28_850x600.svg,5,45,598065904,688379
share-global-co2-coal,WorldMap,,,0df71822deae9d74f52d7d8947f2b1b8,share-global-co2-coal_v27_850x600.svg,7,38,684516776,748370
share-global-co2-flaring,WorldMap,,,1b114644e14a3dfa959b772f62797b48,share-global-co2-flaring_v28_850x600.svg,3,32,259760576,335247
share-global-co2-gas,WorldMap,,,86e184fd6000e1850dd8d7a167a13c03,share-global-co2-gas_v27_850x600.svg,5,32,295849816,476122
share-global-co2-including-land,WorldMap,,,b245504fc9c92d74230e7238ee3a3890,share-global-co2-including-land_v17_850x600.svg,6,48,625355152,823810
share-global-co2-oil,WorldMap,,,3c113f54ac0f1ce6cde7e8154e4339c0,share-global-co2-oil_v28_850x600.svg,4,47,287686640,813102
share-global-cumulative-co2-cement,WorldMap,,,3dd704bdaa9e945af6bcb06e4f8de28c,share-global-cumulative-co2-cement_v29_850x600.svg,6,37,707611672,693157
share-global-cumulative-co2-coal,WorldMap,,,cc36654ba29f94feab503600748e4c10,share-global-cumulative-co2-coal_v28_850x600.svg,5,41,323450000,763645
share-global-cumulative-co2-flaring,WorldMap,,,fdd3938345a520892307db87d7465ee7,share-global-cumulative-co2-flaring_v28_850x600.svg,6,35,1227058392,340440
share-global-cumulative-co2-gas,WorldMap,,,1cdd12a2685834a903dc5f07ee5e1063,share-global-cumulative-co2-gas_v29_850x600.svg,5,32,672375040,481891
share-global-cumulative-co2-including-land,WorldMap,,,5b26a35edc97dbad9aee9ef6e32cbbc5,share-global-cumulative-co2-including-land_v16_850x600.svg,6,45,653880264,827373
share-global-deforestation,WorldMap,,,38fc4db5923377b4d1af4c0adf6d8d2b,share-global-deforestation_v8_850x600.svg,3,29,301542384,22987
share-global-excess-nitrogen,WorldMap,,,16c93ec02afe3a452af79fad766cebfd,share-global-excess-nitrogen_v5_850x600.svg,1,21,334910976,5705
share-global-excess-phosphorous,WorldMap,,,976dd4455df410ddfb666f25693f4e3b,share-global-excess-phosphorous_v6_850x600.svg,1,19,1004669288,6814
share-global-food-emissions,WorldMap,,,3670ef199e2659f628e87e45d8a3485e,share-global-food-emissions_v13_850x600.svg,2,23,1244216576,204188
share-global-forest,WorldMap,,,fce60236022cff4464d573ede7cf7dc9,share-global-forest_v11_850x600.svg,2,25,695557616,314208
share-global-forest-expansion,WorldMap,,,b9aad682cbbcf9564f5afc9c0555aaac,share-global-forest-expansion_v6_850x600.svg,1,19,298406464,21385
share-global-ghg-emissions,WorldMap,,,082b511b83fe1b4bb03019d34aa3f5c5,share-global-ghg-emissions_v14_850x600.svg,10,60,291209688,1337947
share-global-methane-emissions,WorldMap,,,f47bde0be496968a21ca058fed959881,share-global-methane-emissions_v14_850x600.svg,7,60,686527592,1343825
share-graduates-stem-female,WorldMap,,,4c733aab86db839cb2aaa16ffb955b46,share-graduates-stem-female_v16_850x600.svg,1,28,1017864280,39111
share-healthy-diet-unaffordable,WorldMap,,,ca0decef101b5333b4e0ea895792a8ef,share-healthy-diet-unaffordable_v20_850x600.svg,2,23,710026800,36559
share-in-extreme-poverty-cost-of-basic-needs-vs-below-int-poverty-line,LineChart,,,aca7e7d8d60e11d41193e7eda641847d,share-in-extreme-poverty-cost-of-basic-needs-vs-below-int-poverty-line_v15_850x600.svg,4,30,1253802800,143223
share-in-extreme-poverty-including-and-excluding-china,LineChart,,,5742a09621a43f0ebc41c23060e73c4c,share-in-extreme-poverty-including-and-excluding-china_v23_850x600.svg,3,17,326786792,119596
share-in-informal-employment,WorldMap,,,0bc850899b3e268035fe6ff3a8774396,share-in-informal-employment_v22_850x600.svg,133,295,396518992,2758702
share-in-informal-employment-female,WorldMap,,,38f7570ed8547b3f401baae186d74aa7,share-in-informal-employment-female_v14_850x600.svg,2,27,1036072496,47060
share-in-informal-employment-male,WorldMap,,,38a3bfa4b6403c4e8573bb742e96f86a,share-in-informal-employment-male_v12_850x600.svg,2,25,311053688,47057
share-in-poverty-relative-to-different-poverty-thresholds,LineChart,,,9238700a363336e2b76749a39edbf017,share-in-poverty-relative-to-different-poverty-thresholds_v57_850x600.svg,10,39,691199216,834886
share-in-poverty-relative-to-different-poverty-thresholds-historical,LineChart,,,5066506a7b97a27778592d133d4e15e7,share-in-poverty-relative-to-different-poverty-thresholds-historical_v19_850x600.svg,3,18,693300440,71701
share-in-vulnerable-employment,WorldMap,,,4f683b0319ad45ad3f908a3848242db3,share-in-vulnerable-employment_v14_850x600.svg,3,33,1288621368,231986
share-living-on-upper-middle-income-poverty-line-vs-average-daily-income,ScatterPlot,,,fad67bc9ce9a64f7534e8f40b8965c15,share-living-on-upper-middle-income-poverty-line-vs-average-daily-income_v59_850x600.svg,65,243,730295672,2078189
share-living-with-less-than-1-int--per-day,WorldMap,,,79d2f3a79b1e31715a4eeb071ec956c3,share-living-with-less-than-1-int--per-day_v49_850x600.svg,2,25,335970008,114117
share-living-with-less-than-10-int--per-day,WorldMap,,,f7b7ceff40ac2fdfe944ffb507557c38,share-living-with-less-than-10-int--per-day_v64_850x600.svg,64,162,776336288,1961370
share-living-with-less-than-320-int--per-day,WorldMap,,,df76f08396c604eb75a3a0a4105f13a5,share-living-with-less-than-320-int--per-day_v59_850x600.svg,3,31,1060425504,120149
share-living-with-less-than-upper-middle-income-poverty-line,WorldMap,,,0d50a0787cbfb9c72b1e09236e00b325,share-living-with-less-than-upper-middle-income-poverty-line_v57_850x600.svg,2,28,1270136808,119813
share-manufacture-exports,LineChart,,,143823fc6b59f60f399587f6e152107a,share-manufacture-exports_v16_850x600.svg,3,29,338170048,284832
share-multi-poverty,WorldMap,,,491b85725a7f6acd36de65fa24067d1a,share-multi-poverty_v45_850x600.svg,2,20,1035027288,12995
share-nitrous-oxide-emissions,WorldMap,,,88d27afe04338b2fe0a94f67b5344ee0,share-nitrous-oxide-emissions_v15_850x600.svg,7,87,1304659992,1340824
share-nutritional-diet-unaffordable,WorldMap,,,a2feac2749f69782611dda70720ee0b8,share-nutritional-diet-unaffordable_v16_850x600.svg,1,38,356136880,4605
share-of-adult-men-overweight-or-obese-vs-daily-supply-of-calories,ScatterPlot,,,3c0aa877786d1ea85135da5044f9281f,share-of-adult-men-overweight-or-obese-vs-daily-supply-of-calories_v26_850x600.svg,19,128,1116399096,762129
share-of-adults-borrowing-from-a-financial-institution-vs-family-or-friends,ScatterPlot,,,0c0c71e7354b69d6d51d552bfec36d50,share-of-adults-borrowing-from-a-financial-institution-vs-family-or-friends_v24_850x600.svg,2,32,361702960,54297
share-of-adults-borrowing-from-different-sources,SlopeChart,,,bec5fca3d78b1f25c515b558f3fa4f18,share-of-adults-borrowing-from-different-sources_v4_850x600.svg,3,38,247086336,61698
share-of-adults-defined-as-obese,WorldMap,,,eea7bf523274f0292570fa448c86fc18,share-of-adults-defined-as-obese_v29_850x600.svg,17,56,1308353144,318351
share-of-adults-who-are-overweight,WorldMap,,,500de10e5bdc0a4e9cb03f65a4cb181f,share-of-adults-who-are-overweight_v25_850x600.svg,3,34,419521832,307754
share-of-adults-who-drank-alcohol-in-last-year,WorldMap,,,acb486d0cb162dd98c29d896ae76ef5a,share-of-adults-who-drank-alcohol-in-last-year_v18_850x600.svg,2,19,744038712,129812
share-of-adults-who-perceive-their-rights-to-land-as-secure,WorldMap,,,500adfd1568d4a2c724fa860fb7c3075,share-of-adults-who-perceive-their-rights-to-land-as-secure_v8_850x600.svg,1,15,431936784,1289
share-of-adults-who-report-saving-money-in-the-past-year,SlopeChart,,,34c07e86ab85a3e4baa9e00c912425e0,share-of-adults-who-report-saving-money-in-the-past-year_v10_850x600.svg,2,21,217874536,15986
share-of-adults-who-smoke,WorldMap,,,b9315dd99a702d688023bda237088e11,share-of-adults-who-smoke_v37_850x600.svg,1,21,1322929712,35630
share-of-adults-who-smoke-vs-gdp-per-capita,ScatterPlot,,,e510b168415a9dafb3963a5163b38be5,share-of-adults-who-smoke-vs-gdp-per-capita_v33_850x600.svg,83,232,812652856,2118575
share-of-agricultural-land-being-productively-and-sustainably-used,WorldMap,,,4d1d6ba3f619637c1a8578ee7deb4e74,share-of-agricultural-land-being-productively-and-sustainably-used_v8_850x600.svg,1,16,377226128,433
share-of-agricultural-land-owners-that-are-women,WorldMap,,,b13552ca4eea146ddbea7352ae0b5372,share-of-agricultural-land-owners-that-are-women_v8_850x600.svg,1,15,231769280,2206
share-of-agricultural-landowners-who-are-female,WorldMap,,,f4bc2e8e2a262b6799489fb5c35f4f78,share-of-agricultural-landowners-who-are-female_v10_850x600.svg,4,18,444472232,3211
share-of-agriculture-in-total-employment,LineChart,,,9fc42d08c19b95c6fbcf1fa289d6bae9,share-of-agriculture-in-total-employment_v3_850x600.svg,2,11,1342874664,69024
share-of-all-cancer-deaths-attributable-to-alcohol-use,WorldMap,,,6c1d042a5422fa3022281ca6e123a633,share-of-all-cancer-deaths-attributable-to-alcohol-use_v14_850x600.svg,2,17,1361246056,5093
share-of-all-cancer-deaths-by-risk-factor,DiscreteBar,,,e832da0ff2eec529d3d40e8e6587fc87,share-of-all-cancer-deaths-by-risk-factor_v10_850x600.svg,56,70,391116104,2797661
share-of-arable-land-which-is-organic,WorldMap,,,10a243805898f57a7768b874a70ccd78,share-of-arable-land-which-is-organic_v7_850x600.svg,2,24,1086048376,107194
share-of-births-by-age-of-mother,LineChart,,,6a4cbfde4b968aac04b934f43a95992e,share-of-births-by-age-of-mother_v15_850x600.svg,44,73,467581352,2551833
share-of-births-outside-marriage,LineChart,,,176c21c4030a9fa6c0c4ed300b9b7b6e,share-of-births-outside-marriage_v14_850x600.svg,2,16,260998928,59870
share-of-businesses-asked-for-bribes-by-type-of-transaction-with-public-officials,DiscreteBar,,,dda11c65e8f3d1f6195f1ee4294dd57c,share-of-businesses-asked-for-bribes-by-type-of-transaction-with-public-officials_v35_850x600.svg,4,16,1329316688,87356
share-of-calories-from-animal-protein-vs-gdp-per-capita,ScatterPlot,,,2608a1ce60370a67a8b54a9b52868563,share-of-calories-from-animal-protein-vs-gdp-per-capita_v31_850x600.svg,119,624,456624288,2940183
share-of-calories-from-animal-protein-vs-mean-male-height,ScatterPlot,,,59c57ad154cc11570dadf2650743b91e,share-of-calories-from-animal-protein-vs-mean-male-height_v21_850x600.svg,32,119,1377712136,1148732
share-of-cancer-deaths-attributed-to-alcohol-use-by-type,DiscreteBar,,,508249aadd02f574e39c426283fa7746,share-of-cancer-deaths-attributed-to-alcohol-use-by-type_v8_850x600.svg,3,14,1107607000,51619
share-of-cancer-deaths-attributed-to-all-risk-factors,WorldMap,,,02fb20524d7e62b40fddb430fb315245,share-of-cancer-deaths-attributed-to-all-risk-factors_v8_850x600.svg,3,37,416579072,252054
share-of-cancer-deaths-attributed-to-different-risk-factors,DiscreteBar,,,d139796b57474976741e88bc1aad7b01,share-of-cancer-deaths-attributed-to-different-risk-factors_v23_850x600.svg,52,80,1119398264,3050659
share-of-cancer-deaths-attributed-to-risk-factors,DiscreteBar,,,7f7ad1786fb2578a9a21ffef999bda56,share-of-cancer-deaths-attributed-to-risk-factors_v21_850x600.svg,116,145,480744336,5247195
share-of-cancer-deaths-attributed-to-tobacco,WorldMap,,,cba5fed21f6a40861a59ada8d141ba97,share-of-cancer-deaths-attributed-to-tobacco_v28_850x600.svg,3,28,441390688,252454
share-of-cancer-deaths-by-cancer-type,StackedDiscreteBar,,,0c49cb466b5bfd55b8442c7c8590487c,share-of-cancer-deaths-by-cancer-type_v20_850x600.svg,108,156,1173047312,5372158
share-of-cancer-deaths-linked-to-dietary-risk-factors-by-cancer-type,DiscreteBar,,,e9d456037ef060837d5352f0171be88d,share-of-cancer-deaths-linked-to-dietary-risk-factors-by-cancer-type_v17_850x600.svg,25,44,424038976,1262021
share-of-cancer-deaths-linked-to-high-bmi-by-type,LineChart,,,e7da8de9cf03de35d57cbd006ea50d7e,share-of-cancer-deaths-linked-to-high-bmi-by-type_v9_850x600.svg,70,103,215639496,3029665
share-of-cancer-deaths-linked-to-tobacco-use-by-cancer-type,DiscreteBar,,,6033fc3520eb0565034da0fc06d0d57e,share-of-cancer-deaths-linked-to-tobacco-use-by-cancer-type_v19_850x600.svg,77,91,496318368,4032322
share-of-cancers-attributed-to-9-hpv-types,DiscreteBar,,,27fd61b15aea435ed8c91e28c2574dab,share-of-cancers-attributed-to-9-hpv-types_v6_850x600.svg,2,14,442929104,688
share-of-central-government-expenditures-funded-by-taxes,WorldMap,,,04d19c981238b17a2b644094a410889c,share-of-central-government-expenditures-funded-by-taxes_v14_850x600.svg,2,24,423288088,96878
share-of-cervical-and-all-cancer-deaths-due-to-unsafe-sex,DiscreteBar,,,fc9732de34b56cc31e27e16cba98c984,share-of-cervical-and-all-cancer-deaths-due-to-unsafe-sex_v8_850x600.svg,12,34,1413827320,461941
share-of-children-achieving-minimum-proficiency-in-reading-and-math-by-education-level,DiscreteBar,,,1f731c7db03ce2be261deeda8f840176,share-of-children-achieving-minimum-proficiency-in-reading-and-math-by-education-level_v41_850x600.svg,4,22,1389713064,69418
share-of-children-achieving-minimum-reading-proficiency-by-the-end-of-primary-education,Marimekko,,,b8d2aa21c508f53cb2a68cbb1f49db4e,share-of-children-achieving-minimum-reading-proficiency-by-the-end-of-primary-education_v45_850x600.svg,3,37,446745288,25368
share-of-children-ages-13-15-who-report-being-bullied,WorldMap,,,e874182ee8586b0c325d6d4601d4e019,share-of-children-ages-13-15-who-report-being-bullied_v5_850x600.svg,2,17,1408986768,4629
share-of-children-ages-13-15-who-report-being-in-a-school-fight-last-year,WorldMap,,,c118ce64ee273f73e223c4eeda79d7c8,share-of-children-ages-13-15-who-report-being-in-a-school-fight-last-year_v4_850x600.svg,3,22,510670520,4641
share-of-children-immunized-dtp3,WorldMap,,,b0583e6c9d23ec0d5cfe4c6ea4a65ce2,share-of-children-immunized-dtp3_v24_850x600.svg,3,36,240392312,247039
share-of-children-living-with-a-single-parent,LineChart,,,bd6dea63c69dc4a4f7cd000f831cb766,share-of-children-living-with-a-single-parent_v23_850x600.svg,2,39,1159530808,18110
share-of-children-reaching-sufficient-reading-comprehension-by-the-end-of-lower-secondary-age,Marimekko,,,9c841533055c02b46b8eaa077da7e4d2,share-of-children-reaching-sufficient-reading-comprehension-by-the-end-of-lower-secondary-age_v39_850x600.svg,2,38,1425818224,30549
share-of-children-under-fifteen-years-old-with-hiv,WorldMap,,,648c8aec55a5edb0db766acff46d259d,share-of-children-under-fifteen-years-old-with-hiv_v26_850x600.svg,8,26,531277016,330097
share-of-children-underweight,WorldMap,,,5c37e670caf7bb43d395410e249af867,share-of-children-underweight_v24_850x600.svg,3,24,470363952,40887
share-of-children-vaccinated-against-measles,WorldMap,,,08c2d5300f38f8d723c301139ac6af7c,share-of-children-vaccinated-against-measles_v28_850x600.svg,5,33,267298368,243688
share-of-children-vaccinated-against-measles-vs-share-vaccinated-against-dpt3,ScatterPlot,,,6addf7b7c3fdcf23c2c8cfc3152b1af7,share-of-children-vaccinated-against-measles-vs-share-vaccinated-against-dpt3_v23_850x600.svg,65,205,1236965584,2106919
share-of-children-vaccinated-with-mcv2,WorldMap,,,c0ee4c6aee7376b2233e685c83b2d4b1,share-of-children-vaccinated-with-mcv2_v26_850x600.svg,2,28,549795904,104018
share-of-children-who-are-overweight,WorldMap,,,e82e43e60efb91678397e4272374ca50,share-of-children-who-are-overweight_v24_850x600.svg,4,23,1449649584,122317
share-of-children-who-are-stunted-in-urban-and-rural-areas,LineChart,,,087a0f9d259ab619b94dd68cad123b59,share-of-children-who-are-stunted-in-urban-and-rural-areas_v8_850x600.svg,2,15,489858768,20468
share-of-children-who-are-stunted-vs-co-emissions-per-capita,ScatterPlot,,,d8d73dac4197ff77aa2ae0549047a1cb,share-of-children-who-are-stunted-vs-co-emissions-per-capita_v37_850x600.svg,28,142,550038928,940242
share-of-children-who-are-stunted-vs-diarrheal-disease-death-rates-among-children,ScatterPlot,,,60c2ab6c380b5f9bd58dd96dd6bbdbd1,share-of-children-who-are-stunted-vs-diarrheal-disease-death-rates-among-children_v4_850x600.svg,17,57,283319448,377448
share-of-children-who-experienced-violence,WorldMap,,,ea31855f99208590a11b21f2022c6867,share-of-children-who-experienced-violence_v14_850x600.svg,1,16,515345216,2649
share-of-children-with-a-fever-receiving-antimalarial-drugs,WorldMap,,,36c12cba1e279112c4aabf241718ed72,share-of-children-with-a-fever-receiving-antimalarial-drugs_v16_850x600.svg,3,20,1465679568,8457
share-of-children-with-a-weight-too-low-for-their-height-wasting,WorldMap,,,bab258a4ad5cb82778bee130741580c5,share-of-children-with-a-weight-too-low-for-their-height-wasting_v30_850x600.svg,3,23,531507024,40405
share-of-children-with-diarrhea-receiving-oral-rehydration-salts-and-zinc,WorldMap,,,c587adb2c5e90706fddbea5dccda27a1,share-of-children-with-diarrhea-receiving-oral-rehydration-salts-and-zinc_v5_850x600.svg,1,18,1484061768,4765
share-of-children-with-diarrhea-receiving-treatment,WorldMap,,,a30896dacbfa59d93d39fb5c96b885d8,share-of-children-with-diarrhea-receiving-treatment_v15_850x600.svg,2,20,248860616,13163
share-of-children-with-diarrhea-receiving-zinc,WorldMap,,,d9023a88634d2562ead1bca94bf88ec6,share-of-children-with-diarrhea-receiving-zinc_v7_850x600.svg,2,22,1451282624,5098
share-of-children-younger-than-5-who-suffer-from-stunting,WorldMap,,,fce65511d4ab4555f89b4110661dd53b,share-of-children-younger-than-5-who-suffer-from-stunting_v32_850x600.svg,96,235,618217560,2743521
share-of-city-residents-with-convenient-access-to-public-transport,WorldMap,,,499a8a989da0a3f2c59fc73ed5b62b89,share-of-city-residents-with-convenient-access-to-public-transport_v10_850x600.svg,2,20,503120960,5406
share-of-clinical-trials-that-report-results-within-a-year-over-time,LineChart,,,8d64b410cf1751c8b9685b5eacd28384,share-of-clinical-trials-that-report-results-within-a-year-over-time_v17_850x600.svg,1,11,264688696,185
share-of-consumer-expenditure-spent-on-food,WorldMap,,,dd8a49e2a92d19b2171810abfcd87e62,share-of-consumer-expenditure-spent-on-food_v13_850x600.svg,3,18,471503240,24113
share-of-countries-by-gender-of-the-chief-executive,StackedArea,,,39f71073aacb2e7c0226dbc28229d53e,share-of-countries-by-gender-of-the-chief-executive_v47_850x600.svg,3,21,288918184,87731
share-of-countries-by-gender-of-the-head-of-government,StackedArea,,,32d6e674271d118477e72a8a425adc41,share-of-countries-by-gender-of-the-head-of-government_v50_850x600.svg,3,19,1475435560,87731
share-of-countries-by-gender-of-the-head-of-state,StackedArea,,,de0c50ff1d0089860774927a7b61e14a,share-of-countries-by-gender-of-the-head-of-state_v46_850x600.svg,6,19,262591240,87741
share-of-countries-recording-high-food-prices,StackedBar,,,0dcaf5f9a6cba0ad2e1d28e67bbb7c1d,share-of-countries-recording-high-food-prices_v9_850x600.svg,1,14,523859504,11256
share-of-countries-region-reporting-confirmed-infections-glass,LineChart,,,958ecd3476576917a99a94bfe24ed071,share-of-countries-region-reporting-confirmed-infections-glass_v15_850x600.svg,3,27,1233904280,8324
share-of-countries-testing-confirmed-bacterial-infections-for-antibiotic-susceptibility,LineChart,,,f607fc445dfdced206d3582f243f4baa,share-of-countries-testing-confirmed-bacterial-infections-for-antibiotic-susceptibility_v11_850x600.svg,2,34,469056160,8297
share-of-countries-that-have-had-a-woman-as-chief-executive,LineChart,,,87d287786e71ced4263858d9ed9b9bf9,share-of-countries-that-have-had-a-woman-as-chief-executive_v22_850x600.svg,3,28,1490025792,14786
share-of-countries-with-procedures-for-community-participation-in-water-sanitation-management,DiscreteBar,,,e605dd700f8ce4836ff58b35c003874a,share-of-countries-with-procedures-for-community-participation-in-water-sanitation-management_v20_850x600.svg,2,14,275818768,1492
share-of-cumulative-co2,LineChart,,,47363a7f1883fe75b472f7de8f973469,share-of-cumulative-co2_v37_850x600.svg,8,37,559056904,966996
share-of-cumulative-plastic-exports,DiscreteBar,,,6bdc5dc68ea7fa0556ce34a1747449c9,share-of-cumulative-plastic-exports_v4_850x600.svg,2,14,294499200,362
share-of-day-women-spend-on-unpaid-domestic-and-care-work,WorldMap,,,be38aedcdaede06a21c9203d0016cd23,share-of-day-women-spend-on-unpaid-domestic-and-care-work_v8_850x600.svg,1,16,1251321432,3758
share-of-deaths-by-cause,DiscreteBar,,,1f4724e2612e59f744719e8e19c5ea8e,share-of-deaths-by-cause_v48_850x600.svg,258,293,343755792,10826009
share-of-deaths-by-risk-factor,DiscreteBar,,,f1a15e7740187287742a1edee0efaaaf,share-of-deaths-by-risk-factor_v5_850x600.svg,154,190,534884032,6386052
share-of-deaths-cause-is-registered,WorldMap,,,aa85789e994bdd75b47b89ed8ab6fe87,share-of-deaths-cause-is-registered_v45_850x600.svg,2,29,527541704,3843
share-of-deaths-from-cardiovascular-diseases-men-women,LineChart,,,4e8af793c448f0d1e59fe6ee5953e8ac,share-of-deaths-from-cardiovascular-diseases-men-women_v31_850x600.svg,9,35,1251713912,495642
share-of-deaths-from-homicide,WorldMap,,,12ee0d8dfe91d135af3e044a375f5ecf,share-of-deaths-from-homicide_v13_850x600.svg,5,42,1487472216,174766
share-of-deaths-from-major-causes,DiscreteBar,,,a4460179c1572d0c5def39771151cf3e,share-of-deaths-from-major-causes_v24_850x600.svg,62,83,560563328,3271037
share-of-deaths-from-opioid-overdoses,WorldMap,,,4e65596b5a6083ddff6e38ff1003630c,share-of-deaths-from-opioid-overdoses_v18_850x600.svg,3,25,1274531488,349056
share-of-deaths-from-terrorism,WorldMap,,,43b2a4afee06906f3d67695445d660d2,share-of-deaths-from-terrorism_v28_850x600.svg,8,40,657005720,276187
share-of-deaths-from-underlying-causes,StackedArea,,,dead82bb71c2906f1436ef6d915badd2,share-of-deaths-from-underlying-causes_v10_850x600.svg,31,50,1497906304,1824614
share-of-deaths-obesity,WorldMap,,,a674513e18ad6189669f57a75769b1f5,share-of-deaths-obesity_v15_850x600.svg,2,30,1293221080,251634
share-of-deaths-registered,WorldMap,,,653a6e91ab7b4f5005eb92260fe16bb4,share-of-deaths-registered_v70_850x600.svg,2,22,680242576,34457
share-of-dietary-energy-derived-from-protein-vs-gdp-per-capita,ScatterPlot,,,fd3cc9b3b8ea127c5d29cd1b8204a90d,share-of-dietary-energy-derived-from-protein-vs-gdp-per-capita_v34_850x600.svg,86,250,644314104,2530292
share-of-dietary-energy-supply-from-carbohydrates-vs-gdp-per-capita,ScatterPlot,,,d3bf8d087ab3896f03e4f6e5602ef308,share-of-dietary-energy-supply-from-carbohydrates-vs-gdp-per-capita_v35_850x600.svg,97,283,1608720128,2525493
share-of-dietary-energy-supply-from-fats-vs-gdp-per-capita,ScatterPlot,,,05546ee66558aecbd5fc1eb44d424c6d,share-of-dietary-energy-supply-from-fats-vs-gdp-per-capita_v33_850x600.svg,92,263,1377025992,2530779
share-of-disease-burden-from-communicable-diseases-vs-gdp,ScatterPlot,,,ac33612aab984c54cf2a691c90bec8e9,share-of-disease-burden-from-communicable-diseases-vs-gdp_v43_850x600.svg,100,262,611863128,2341341
share-of-disease-burden-from-ncds-vs-gdp,ScatterPlot,,,90a32b04ef410de10e15c8643981417f,share-of-disease-burden-from-ncds-vs-gdp_v42_850x600.svg,82,251,722928240,2339917
share-of-drinkers-who-binged,LineChart,,,fcd7f79f73dc2213eb24d044d937fdd6,share-of-drinkers-who-binged_v3_850x600.svg,1,20,378985920,5879
share-of-e-coli-bloodstream-infections-due-to-antimicrobial-resistant-bacteria,WorldMap,,,181690968d91d5e561cdcfa78e88a102,share-of-e-coli-bloodstream-infections-due-to-antimicrobial-resistant-bacteria_v15_850x600.svg,2,19,348250792,14958
share-of-eggs-produced-by-different-housing-systems,StackedDiscreteBar,,,c494819da1da8947cded9104a5dc5bc7,share-of-eggs-produced-by-different-housing-systems_v8_850x600.svg,4,27,353496568,54526
share-of-electricity-production-from-renewable-sources,LineChart,,,c6e3d1be7fd9ea1f8ccd8fec53c6fef3,share-of-electricity-production-from-renewable-sources_v17_850x600.svg,6,25,394688880,254339
share-of-electricity-production-from-solar-and-wind,WorldMap,,,d9848a06072e1060ddc5a86be9acece5,share-of-electricity-production-from-solar-and-wind_v22_850x600.svg,5,33,366965072,233327
share-of-employed-women-working-in-agriculture-vs-gdp-per-capita,ScatterPlot,,,9703b31dfa549d7d36d7a94edc7beaf2,share-of-employed-women-working-in-agriculture-vs-gdp-per-capita_v32_850x600.svg,76,240,747722112,2315908
share-of-employee-compensation-in-public-spending,WorldMap,,,0bf2c9e0c9ba5196fd48c4f2c1693f85,share-of-employee-compensation-in-public-spending_v18_850x600.svg,2,28,1399126232,154030
share-of-employees-whose-wages-are-covered-by-collective-bargaining-agreements,DiscreteBar,,,f7c0b45ecbaf51d3f2be191f322b34df,share-of-employees-whose-wages-are-covered-by-collective-bargaining-agreements_v22_850x600.svg,1,14,747239928,931
share-of-employees-whose-wages-are-covered-by-collective-bargaining-agreements-finn,DiscreteBar,,,02f41057e40957b0752fa4f599c812cf,share-of-employees-whose-wages-are-covered-by-collective-bargaining-agreements-finn_v11_850x600.svg,2,12,1590419648,931
share-of-employment-in-agriculture,WorldMap,,,752ba625737a4fefcfe5dc70e4f4e1d1,share-of-employment-in-agriculture_v15_850x600.svg,6,40,774328984,233606
share-of-energy-from-cereals-roots-and-tubers-vs-gdp-per-capita,ScatterPlot,,,6386886271bf8eeb3cb9f976d1a46369,share-of-energy-from-cereals-roots-and-tubers-vs-gdp-per-capita_v38_850x600.svg,12,59,673906928,375360
share-of-female-workers-by-sector,StackedArea,,,ba097f73a117654629d1fb81b4e25f08,share-of-female-workers-by-sector_v14_850x600.svg,12,31,1626543032,696799
share-of-females-defined-as-obese,WorldMap,,,1d02e7fb8b1f4754b4d3e3e80f4214fe,share-of-females-defined-as-obese_v17_850x600.svg,6,36,385060696,309047
share-of-females-defined-as-overweight,WorldMap,,,0c584995f894911197ddaf2c31024d42,share-of-females-defined-as-overweight_v18_850x600.svg,2,28,1421476640,307624
share-of-final-energy-consumption-from-renewable-sources,WorldMap,,,75a6df7f655f49fa27fe1f9879dde864,share-of-final-energy-consumption-from-renewable-sources_v11_850x600.svg,3,28,1648898640,163587
share-of-firms-for-which-access-to-finance-is-a-major-constraint,WorldMap,,,78baa1db5a9a899bd1eee82b7c6b20fa,share-of-firms-for-which-access-to-finance-is-a-major-constraint_v12_850x600.svg,3,54,749689576,1364
share-of-firms-that-say-corruption-is-a-big-problem-for-them,WorldMap,,,99046e152d56684fbe45cf7c4f53cc3f,share-of-firms-that-say-corruption-is-a-big-problem-for-them_v19_850x600.svg,2,29,405597256,21106
share-of-fish-stocks-overexploited,DiscreteBar,,,55d61e95f290477f0da78f169514e1f6,share-of-fish-stocks-overexploited_v9_850x600.svg,1,14,1402892720,10133
share-of-fish-stocks-that-are-sustainably-fished,WorldMap,,,d2b08cc9404facfa24b9a79401c017e1,share-of-fish-stocks-that-are-sustainably-fished_v9_850x600.svg,2,16,1615933904,4802
share-of-food-expenditure-vs-food-expenditure,ScatterPlot,,,f6c273af89ccdddbcccfe44820591909,share-of-food-expenditure-vs-food-expenditure_v25_850x600.svg,2,27,1440639800,56860
share-of-foreign-aid-spent-within-donor-countries,LineChart,,,5157126b74151fb07523f2b3323d6159,share-of-foreign-aid-spent-within-donor-countries_v12_850x600.svg,1,26,381853272,51626
share-of-global-annual-co-emissions-from-other-industry,WorldMap,,,0cddef97367b2b80ba065a3c1174e541,share-of-global-annual-co-emissions-from-other-industry_v18_850x600.svg,3,25,639188248,73889
share-of-global-consumption-based-co-emissions-and-population,DiscreteBar,,,61e08e2a7f069fb78a0e9e6f0069d583,share-of-global-consumption-based-co-emissions-and-population_v13_850x600.svg,81,136,773812176,2914443
share-of-global-cumulative-co-emissions-from-land-use-change,WorldMap,,,d69b590e5f6a2a53cbef21ee93b70fe1,share-of-global-cumulative-co-emissions-from-land-use-change_v16_850x600.svg,7,60,229633328,1295003
share-of-global-cumulative-co-emissions-from-other-industry,WorldMap,,,db502058e06f7106d738d5a202836297,share-of-global-cumulative-co-emissions-from-other-industry_v19_850x600.svg,2,17,401875048,74174
share-of-global-habitable-land-needed-for-agriculture-if-everyone-had-the-diet-of,WorldMap,,,73b9bc04c4b72e4932700fdec5fee8a5,share-of-global-habitable-land-needed-for-agriculture-if-everyone-had-the-diet-of_v12_850x600.svg,2,16,647428992,4938
share-of-global-merchandise-exports,DiscreteBar,,,a9da377f333002b855bd08771eaeb36f,share-of-global-merchandise-exports_v11_850x600.svg,2,16,1418315376,155977
share-of-global-mismanaged-plastic-waste,WorldMap,,,7887039578b2b3d8f1ade0f5c55e42ed,share-of-global-mismanaged-plastic-waste_v16_850x600.svg,2,45,176623480,5961
share-of-global-plastic-waste-emitted-to-the-ocean,WorldMap,,,38c4e58be56f3e13b1cfef8e509840c5,share-of-global-plastic-waste-emitted-to-the-ocean_v14_850x600.svg,3,28,409828176,5757
share-of-global-services-exports,WorldMap,,,f27df4f98750c7477ed86a617ae953d8,share-of-global-services-exports_v12_850x600.svg,2,44,664219792,145004
share-of-gov-expenditure-in-gdp-vs-gdp-per-capita,ScatterPlot,,,97938c68f6ac936948263fd166150a9d,share-of-gov-expenditure-in-gdp-vs-gdp-per-capita_v33_850x600.svg,83,267,265699672,2565894
share-of-government-consumption-in-gdp-vs-share-in-extreme-poverty,ScatterPlot,,,08420b572e02a859eb1dfa05588d253b,share-of-government-consumption-in-gdp-vs-share-in-extreme-poverty_v71_850x600.svg,88,225,851458864,2323913
share-of-government-expenditure-going-to-interest-payments,WorldMap,,,6981094b4804c327de2ebb3cfe6dac2d,share-of-government-expenditure-going-to-interest-payments_v15_850x600.svg,2,28,427440960,153813
share-of-health-facilities-with-essential-medicines,DiscreteBar,,,d43c0de35ff7be287847ea315d4faaae,share-of-health-facilities-with-essential-medicines_v13_850x600.svg,3,12,682103904,1138
share-of-household-consumption-in-gdp-vs-gdp-per-capita,ScatterPlot,,,6fb104830cdedcfa7fc1f3ca309c1d9d,share-of-household-consumption-in-gdp-vs-gdp-per-capita_v34_850x600.svg,78,249,317430856,2562033
share-of-households-by-type,StackedDiscreteBar,,,49202255ac1fbe8d4c2b0efc6fe1ddd0,share-of-households-by-type_v24_850x600.svg,8,24,231794752,161806
share-of-households-consuming-iodized-salt,WorldMap,,,1c1a7f51381058fbea9a9c907efe8f01,share-of-households-consuming-iodized-salt_v17_850x600.svg,3,18,700029128,11199
share-of-individuals-using-the-internet,WorldMap,,,a1a9254edbd8fa664463f09293fc7b6e,share-of-individuals-using-the-internet_v62_850x600.svg,4,36,397532648,188876
share-of-individuals-who-own-a-mobile-telephone-by-sex,ScatterPlot,,,3e65551cf6235e515945ebac91c8618f,share-of-individuals-who-own-a-mobile-telephone-by-sex_v12_850x600.svg,2,32,684134216,33277
share-of-industrial-wastewater-which-is-treated,DiscreteBar,,,65b356c541ba3a85a8f5188d3eb2edc5,share-of-industrial-wastewater-which-is-treated_v5_850x600.svg,1,11,203210952,460
share-of-invasive-cervical-cancers-caused-by-each-hpv-type,DiscreteBar,,,4c38709c8f05dc18dac8311ed51fbac8,share-of-invasive-cervical-cancers-caused-by-each-hpv-type_v9_850x600.svg,2,17,230854472,1447
share-of-land-area-used-for-agriculture,LineChart,,,87bc5321b3df03a237857e21eda71d33,share-of-land-area-used-for-agriculture_v16_850x600.svg,4,23,426977976,429106
share-of-land-area-used-for-arable-agriculture,WorldMap,,,1c3ac89982b80da180dee2ce54ba2161,share-of-land-area-used-for-arable-agriculture_v15_850x600.svg,3,43,214667264,422830
share-of-land-covered-by-lakes-and-rivers,WorldMap,,,fb1cea7d0bf472c8f897280d421302ce,share-of-land-covered-by-lakes-and-rivers_v15_850x600.svg,3,28,441390512,147621
share-of-low-birthweight-babies-born,WorldMap,,,eb7a4c6edcea810b472f27a55ba67e90,share-of-low-birthweight-babies-born_v9_850x600.svg,2,21,701810408,116581
share-of-low-carbon-energy-vs-gdp,ScatterPlot,,,7dc7d5a2908164fca8daed22b1642eef,share-of-low-carbon-energy-vs-gdp_v39_850x600.svg,15,65,228619120,464379
share-of-lung-cancer-deaths-attributed-to-air-pollution,WorldMap,,,e5226d8d7a5b2916cb8f0fc3637c5b4c,share-of-lung-cancer-deaths-attributed-to-air-pollution_v15_850x600.svg,2,23,407430088,252469
share-of-male-vs-female-employment-in-agri,ScatterPlot,,,ad9100cbade082f878c7852c9706fb25,share-of-male-vs-female-employment-in-agri_v30_850x600.svg,73,216,785307584,2307287
share-of-male-vs-female-employment-in-industry,ScatterPlot,,,264ffa70af4308f4d3861e2a75d0ed07,share-of-male-vs-female-employment-in-industry_v27_850x600.svg,71,212,960339552,2307727
share-of-male-vs-female-employment-in-services,ScatterPlot,,,4aed7ca3755aa6e9143e3536339d3d95,share-of-male-vs-female-employment-in-services_v30_850x600.svg,101,313,479430520,2304782
share-of-married-women-ages-15-49-years-whose-need-for-family-planning-is-satisfied,WorldMap,,,c13e2b19e6202874581d9444e440e6c0,share-of-married-women-ages-15-49-years-whose-need-for-family-planning-is-satisfied_v22_850x600.svg,1,21,334691432,25930
share-of-men-defined-as-obese,WorldMap,,,44c331a05bd6a34d7e2ebe7ebe488e21,share-of-men-defined-as-obese_v18_850x600.svg,4,30,291282384,309287
share-of-men-defined-as-overweight,WorldMap,,,ad9d73da18dd8621c08994922e91fc1f,share-of-men-defined-as-overweight_v17_850x600.svg,2,26,250360104,307694
share-of-men-in-england-and-wales-who-have-ever-married-by-age,LineChart,,,61beb4347ac01698d26c2bd39abbfbcd,share-of-men-in-england-and-wales-who-have-ever-married-by-age_v29_850x600.svg,2,20,324621376,13526
share-of-men-who-are-smoking,WorldMap,,,aec1a6d35699ae28e1f9422d443d07a2,share-of-men-who-are-smoking_v18_850x600.svg,2,25,309396600,35714
share-of-mothers-in-low--and-middle-income-countries-who-lost-a-child-under-5,SlopeChart,,,d2889364ec151399ea4d5028c470db24,share-of-mothers-in-low--and-middle-income-countries-who-lost-a-child-under-5_v21_850x600.svg,2,20,282962720,4925
share-of-mothers-receiving-at-least-four-antenatal-visits-during-pregnancy,WorldMap,,,6f3f761143baf95521c77cce62111606,share-of-mothers-receiving-at-least-four-antenatal-visits-during-pregnancy_v23_850x600.svg,5,22,342795816,32464
share-of-mothers-receiving-at-least-one-antenatal-visit-during-pregnancy,WorldMap,,,2f39b68e5b634df40c63932a62de7eea,share-of-mothers-receiving-at-least-one-antenatal-visit-during-pregnancy_v29_850x600.svg,1,29,253935312,28070
share-of-mothers-who-have-lost-a-child-under-5,WorldMap,,,b6928144c4ff0f8e600169d3b2670c20,share-of-mothers-who-have-lost-a-child-under-5_v8_850x600.svg,5,22,325457216,4902
share-of-mothers-who-have-lost-an-infant,WorldMap,,,0b5b2d9f799af4c2121bee0b621ce4c7,share-of-mothers-who-have-lost-an-infant_v10_850x600.svg,2,30,276989344,4894
share-of-mountain-land-that-is-degraded,WorldMap,,,e37290d8420e90044186e2e62b3f5562,share-of-mountain-land-that-is-degraded_v5_850x600.svg,2,16,799697304,11015
share-of-new-cancers-caused-by-all-known-infections-by-type,DiscreteBar,,,1055582cb9a78d4e3e78b43ba2402f8a,share-of-new-cancers-caused-by-all-known-infections-by-type_v21_850x600.svg,8,24,291901424,112989
share-of-new-cancers-caused-by-all-known-infectious-agents,WorldMap,,,ed3cd1e6d6d0b0b1681166c6a839f698,share-of-new-cancers-caused-by-all-known-infectious-agents_v15_850x600.svg,1,18,358746576,6407
share-of-new-cancers-caused-by-helicobacter-pylori-bacteria,WorldMap,,,f5ea062851db4d4f4f19e365049e37d3,share-of-new-cancers-caused-by-helicobacter-pylori-bacteria_v10_850x600.svg,2,18,811570416,6198
share-of-new-cars-sold-that-are-battery-electric-and-plug-in-hybrid,StackedDiscreteBar,,,ba03a8e97538c25c6f5ed8bdd89808eb,share-of-new-cars-sold-that-are-battery-electric-and-plug-in-hybrid_v15_850x600.svg,2,18,278878592,49382
share-of-one-year-olds-who-received-the-final-dose-of-pneumococcal-vaccine,WorldMap,,,2f114bb8d495aa2ce9d1a7a3dad51b1a,share-of-one-year-olds-who-received-the-final-dose-of-pneumococcal-vaccine_v35_850x600.svg,3,46,299313360,61179
share-of-one-year-olds-who-received-the-rotavirus-vaccine,WorldMap,,,7f05bc7690550e52ea1b8a3d482f7955,share-of-one-year-olds-who-received-the-rotavirus-vaccine_v33_850x600.svg,1,24,344454192,47069
share-of-out-of-pocket-expenditure-on-healthcare,WorldMap,,,fe9398cd67a6972b81ca336304eec87f,share-of-out-of-pocket-expenditure-on-healthcare_v17_850x600.svg,3,30,241915000,162321
share-of-out-of-pocket-expenditure-vs-gdp-per-capita,ScatterPlot,,,c5e9178dcc12cf88421ac78c12cb8823,share-of-out-of-pocket-expenditure-vs-gdp-per-capita_v35_850x600.svg,72,218,351772616,2245266
share-of-overweight-men-vs-women,ScatterPlot,,,269afc4ba8c8a6f48ba58ef52d473b10,share-of-overweight-men-vs-women_v18_850x600.svg,16,65,817303192,624616
share-of-people-living-in-urban-and-rural-areas-degurba,LineChart,,,9c245a179322a016377b41b0800fe5b5,share-of-people-living-in-urban-and-rural-areas-degurba_v44_850x600.svg,17,43,518518456,519658
share-of-people-saying-they-do-not-want-homosexual-neighbors,WorldMap,,,3f2548a55b91477ca6f4140b7bbf0695,share-of-people-saying-they-do-not-want-homosexual-neighbors_v14_850x600.svg,2,18,361865864,21571
share-of-people-who-feel-close-to-at-least-one-person,DiscreteBar,,,bb5b584b1c00b21cd674479b15883242,share-of-people-who-feel-close-to-at-least-one-person_v20_850x600.svg,2,21,327799344,1479
share-of-people-who-find-political-decision-making-inclusive-and-responsive,DiscreteBar,,,8282d682ce563e4aaaf28fd423757f04,share-of-people-who-find-political-decision-making-inclusive-and-responsive_v8_850x600.svg,2,11,257012224,958
share-of-people-who-identify-as-religious-or-spiritual,StackedDiscreteBar,,,7491fb2f6bc215c7e396eb75f3dfe73c,share-of-people-who-identify-as-religious-or-spiritual_v8_850x600.svg,1,19,267355496,6123
share-of-people-who-recently-donated-to-charity,DiscreteBar,,,996e985aa440b080fc9fe730eb5fffb8,share-of-people-who-recently-donated-to-charity_v14_850x600.svg,1,13,498407200,1501
share-of-people-who-recently-paid-a-bribe-or-were-asked-for-one-vs-political-corruption-index,ScatterPlot,,,9121912d7ff22033532168cbed8196bd,share-of-people-who-recently-paid-a-bribe-or-were-asked-for-one-vs-political-corruption-index_v21_850x600.svg,25,130,399544152,872092
share-of-people-who-recently-volunteered,DiscreteBar,,,c5a80d32dc07f3386368637ab312a8df,share-of-people-who-recently-volunteered_v16_850x600.svg,2,18,308588520,1505
share-of-people-who-report-having-intentions-to-start-business,ScatterPlot,,,3f1fd97491df3613a91c3aed4ba5a88d,share-of-people-who-report-having-intentions-to-start-business_v27_850x600.svg,91,223,570193696,2106533
share-of-people-who-say-accepting-a-bribe-is-never-justifiable,WorldMap,,,9c4ef4dfeda7a020c277138d46441f26,share-of-people-who-say-accepting-a-bribe-is-never-justifiable_v23_850x600.svg,2,19,329212296,22878
share-of-people-who-say-they-are-happy,WorldMap,,,9bbfe2f2b005e1f2384e8a2b2b8bb659,share-of-people-who-say-they-are-happy_v10_850x600.svg,1,18,283441816,13663
share-of-people-who-say-they-are-happy-eurobarometer,LineChart,,,6f99e8fe4d6f09408bc7a1e93acfe8bb,share-of-people-who-say-they-are-happy-eurobarometer_v10_850x600.svg,3,23,325902544,25947
share-of-people-who-think-homosexuality-is-never-justified,WorldMap,,,02230c63bb8c48927dbb482c2032f5d5,share-of-people-who-think-homosexuality-is-never-justified_v18_850x600.svg,2,26,838286880,22523
share-of-people-who-think-their-life-will-improve-in-the-next-years,StackedDiscreteBar,,,9f9ff1a259d1bc4671e7427daa113fec,share-of-people-who-think-their-life-will-improve-in-the-next-years_v20_850x600.svg,1,16,268354600,4517
share-of-people-with-disputes-using-a-dispute-resolution-mechanism,DiscreteBar,,,bec10ecafea9264d4d82eb321ac4ff50,share-of-people-with-disputes-using-a-dispute-resolution-mechanism_v9_850x600.svg,2,15,342053744,459
share-of-people-worried-about-terrorism,WorldMap,,,764d78df12ccd281892edaad4bf30628,share-of-people-worried-about-terrorism_v22_850x600.svg,4,21,849828968,13353
share-of-plastic-waste-that-is-mismanaged,SlopeChart,,,5cdbc8c6d115fb7c5863f4b2c27c9d22,share-of-plastic-waste-that-is-mismanaged_v17_850x600.svg,2,16,308841088,6874
share-of-population-15-years-and-older-with-no-education,WorldMap,,,68503ad2db67d4bcad00a7ece25deb87,share-of-population-15-years-and-older-with-no-education_v16_850x600.svg,3,25,423153024,121617
share-of-population-by-religious-affiliation,StackedDiscreteBar,,,de0dcc488a97742f11fcaaef887b9d85,share-of-population-by-religious-affiliation_v4_850x600.svg,4,19,338858096,100459
share-of-population-covered-by-social-protection,WorldMap,,,038e4eb29ea83c27a9cc0835c2378dbc,share-of-population-covered-by-social-protection_v12_850x600.svg,2,16,282069128,19814
share-of-population-deprived-by-multidimensional-poverty-indicators,DiscreteBar,,,fa780a8a343c4389b7d47497bd5f88a0,share-of-population-deprived-by-multidimensional-poverty-indicators_v21_850x600.svg,2,17,185051288,36117
share-of-population-in-extreme-poverty,WorldMap,,,d9b3936d8c1dfe01eb2afb49b7a78d06,share-of-population-in-extreme-poverty_v83_850x600.svg,62,154,411136312,1961272
share-of-population-in-extreme-poverty-2011-ppp,WorldMap,,,8f8f3d4b520a987101bd6619885dc6fe,share-of-population-in-extreme-poverty-2011-ppp_v65_850x600.svg,2,28,451997688,90534
share-of-population-in-extreme-poverty-vs-electoral-democracy-index,ScatterPlot,,,d1e288c8c948ec9c708ccfcc2049bea7,share-of-population-in-extreme-poverty-vs-electoral-democracy-index_v67_850x600.svg,68,246,437594648,1154059
share-of-population-in-multidimensional-poverty-urban-vs-rural-cme,DiscreteBar,,,1e4baf97be7cf5b5fb53235086e90a09,share-of-population-in-multidimensional-poverty-urban-vs-rural-cme_v23_850x600.svg,2,13,535369056,7295
share-of-population-in-multidimensional-poverty-urban-vs-rural-cme-scatter,ScatterPlot,,,040d096345f99aac35357d6150fd77d8,share-of-population-in-multidimensional-poverty-urban-vs-rural-cme-scatter_v25_850x600.svg,123,266,379980312,2477589
share-of-population-in-multidimensional-poverty-urban-vs-rural-hot,LineChart,,,1e4631a299942eeedacdbf4242c38fbe,share-of-population-in-multidimensional-poverty-urban-vs-rural-hot_v29_850x600.svg,4,26,219114280,16486
share-of-population-in-severe-multidimensional-poverty,WorldMap,,,0a5376b28114a51e1b8247d27bdb9dce,share-of-population-in-severe-multidimensional-poverty_v56_850x600.svg,2,22,553820032,12996
share-of-population-living-in-cities-towns-and-villages,LineChart,,,a1b2f2c6c08a59f8bc1cf3c9297a3441,share-of-population-living-in-cities-towns-and-villages_v41_850x600.svg,15,35,445255824,772389
share-of-population-living-in-extreme-poverty,LineChart,,,09dccee66ddd2e4280d3560d5d9d661b,share-of-population-living-in-extreme-poverty_v20_850x600.svg,2,21,223106064,18112
share-of-population-living-in-extreme-poverty-2011-vs-2017-prices,LineChart,,,400f9f478bfef995ceb3adacd3e0f99d,share-of-population-living-in-extreme-poverty-2011-vs-2017-prices_v8_850x600.svg,8,35,587480904,181114
share-of-population-living-in-extreme-poverty-2017-prices,WorldMap,,,3692fa38096869a45e82841b590902b8,share-of-population-living-in-extreme-poverty-2017-prices_v70_850x600.svg,3,26,474854656,90580
share-of-population-living-in-extreme-poverty-cost-of-basic-needs,StackedArea,,,bd9e475ca086e8fb82497e118db585ab,share-of-population-living-in-extreme-poverty-cost-of-basic-needs_v17_850x600.svg,6,17,204239192,129319
share-of-population-living-in-extreme-poverty-historical,StackedArea,,,6343a6c75cdf9cc6b552f7bf93c68a91,share-of-population-living-in-extreme-poverty-historical_v21_850x600.svg,2,13,555607232,35935
share-of-population-living-in-extreme-poverty-lines-cbn,LineChart,,,d3e7819ccd0a001d25392ab8a84e0539,share-of-population-living-in-extreme-poverty-lines-cbn_v15_850x600.svg,3,23,231722568,78322
share-of-population-living-in-poverty-by-national-poverty-lines,WorldMap,,,b3d6ff1ec595bb80a4e1ce5134b0f608,share-of-population-living-in-poverty-by-national-poverty-lines_v14_850x600.svg,2,18,573760328,33052
share-of-population-living-in-rural-areas,WorldMap,,,9015b4c63832ad32dab7e738127ad6cd,share-of-population-living-in-rural-areas_v7_850x600.svg,4,32,436213768,131494
share-of-population-living-in-the-capital-city,WorldMap,,,1976507214c4500bf2f954e659104c43,share-of-population-living-in-the-capital-city_v21_850x600.svg,8,61,467079728,194951
share-of-population-living-on-less-than-the-lower-middle-income-poverty-line-2011-vs-2017-prices,LineChart,,,e6ce395c1372a0d7d10fd312dc6b3e62,share-of-population-living-on-less-than-the-lower-middle-income-poverty-line-2011-vs-2017-prices_v14_850x600.svg,9,24,218964976,181955
share-of-population-living-on-less-than-the-upper-middle-income-poverty-line-2011-vs-2017-prices,LineChart,,,3aaf3bd9de037495b9d281401b2d6e53,share-of-population-living-on-less-than-the-upper-middle-income-poverty-line-2011-vs-2017-prices_v18_850x600.svg,5,20,550906056,181863
share-of-population-living-with-less-than-international-and-lower-middle-income-poverty-lines,LineChart,,,acebb7f610a43ff767bc1dd99bbb7c1e,share-of-population-living-with-less-than-international-and-lower-middle-income-poverty-lines_v51_850x600.svg,6,25,207681624,239745
share-of-population-multidimensionally-poor-hot,LineChart,,,c0389d3180ea62335aeb89c415eef929,share-of-population-multidimensionally-poor-hot_v30_850x600.svg,2,34,421712608,8159
share-of-population-satisfied-with-government-services,DiscreteBar,,,3077afdcbd3fd1c027294a3e9b4d1d9c,share-of-population-satisfied-with-government-services_v9_850x600.svg,3,10,566276744,1962
share-of-population-urban,WorldMap,,,97783d9556da939b8f4436ec093b20e7,share-of-population-urban_v37_850x600.svg,4,61,249896112,692431
share-of-population-who-never-drink-alcohol,WorldMap,,,400b7b63c4df11b4cd1a524903a02865,share-of-population-who-never-drink-alcohol_v14_850x600.svg,2,21,483825432,129993
share-of-population-with-cancer-age-standardized,WorldMap,,,832ec9b64f0c08a25694cfe2119d5b13,share-of-population-with-cancer-age-standardized_v24_850x600.svg,4,40,422374728,264416
share-of-population-with-cancer-by-age,DiscreteBar,,,115232e62c0d851b2689ca528b634477,share-of-population-with-cancer-by-age_v20_850x600.svg,29,46,606565352,1330019
share-of-population-with-cancer-crude,WorldMap,,,6ece176821e6c8dd13c2b269e252ed08,share-of-population-with-cancer-crude_v23_850x600.svg,3,27,448254072,264416
share-of-population-with-cancer-types,DiscreteBar,,,d0e7cf170e4815c481be7e866c16b0ac,share-of-population-with-cancer-types_v28_850x600.svg,107,135,419043728,5843474
share-of-population-with-cancer-vs-median-age,ScatterPlot,,,466d46f069782530976c610ed26f48f6,share-of-population-with-cancer-vs-median-age_v37_850x600.svg,86,233,563166344,2678800
share-of-population-with-improved-sanitation-faciltities,WorldMap,,,ca35dcee1d395db5f2a31802a4475b88,share-of-population-with-improved-sanitation-faciltities_v21_850x600.svg,3,37,574934504,198695
share-of-population-with-large-household-expenditures-on-health-10pc,WorldMap,,,33263893bbec2767f422b0e51f1b81fd,share-of-population-with-large-household-expenditures-on-health-10pc_v6_850x600.svg,2,24,438223280,30644
share-of-population-with-moderate-or-severe-food-insecurity,WorldMap,,,cf0f2558a181729476eaf90f182434eb,share-of-population-with-moderate-or-severe-food-insecurity_v15_850x600.svg,1,21,463841656,42998
share-of-population-with-severe-food-insecurity,WorldMap,,,e72c22cd17e0b3a1e75188a6d5404fee,share-of-population-with-severe-food-insecurity_v16_850x600.svg,3,29,270090912,51474
share-of-populations-increasing-stable-or-decreasing-in-the-living-planet-index,StackedDiscreteBar,,,c986fe834ec566609b64c16c99e735f3,share-of-populations-increasing-stable-or-decreasing-in-the-living-planet-index_v10_850x600.svg,2,16,603320520,894
share-of-potential-polio-cases-with-adequate-stool-collection,LineChart,,,f41eaf00f08054f40eb89f8be79cfa59,share-of-potential-polio-cases-with-adequate-stool-collection_v19_850x600.svg,3,24,448248720,98483
share-of-primary-energy-consumption-by-source,LineChart,,,3451855c45e1fbdff1409b41f5990dbb,share-of-primary-energy-consumption-by-source_v28_850x600.svg,44,62,441121664,1817963
share-of-primary-energy-from-solar-and-wind,WorldMap,,,9bb70e0c5da57bcc3c36ffc3cc574fed,share-of-primary-energy-from-solar-and-wind_v13_850x600.svg,4,26,617253920,195396
share-of-prisoners-that-are-foreigners,WorldMap,,,561d56e1c47cc633e472a20547c53a3c,share-of-prisoners-that-are-foreigners_v11_850x600.svg,2,29,239853496,5568
share-of-prisoners-that-are-pre-trial-detainees,WorldMap,,,dc7712e51635bdcca4d9a89853ff071f,share-of-prisoners-that-are-pre-trial-detainees_v12_850x600.svg,1,23,438839856,29953
share-of-professional-software-developers-using-ai-tools,StackedBar,,,4a2732e251d4e20dbb57b2cf3b78d6da,share-of-professional-software-developers-using-ai-tools_v13_850x600.svg,1,9,462998032,171
share-of-public-expenditure-on-healthcare-by-country,WorldMap,,,35d8ae708d2b8ad2e9b20ed5795fd11a,share-of-public-expenditure-on-healthcare-by-country_v20_850x600.svg,2,32,578374800,161094
share-of-rural-population-with-electricity-access-vs-share-of-total-population-with-electricity-access,ScatterPlot,,,3c2309fe0779b5774d9ce7023b1a481c,share-of-rural-population-with-electricity-access-vs-share-of-total-population-with-electricity-access_v24_850x600.svg,9,57,476546720,393514
share-of-rural-population-with-improved-sanitation-faciltities,WorldMap,,,41ad929d719f26355c8be0a5e413b502,share-of-rural-population-with-improved-sanitation-faciltities_v9_850x600.svg,3,30,465858040,155225
share-of-s-aureus-bloodstream-infections-that-are-resistant-to-antibiotics,WorldMap,,,087bb1c3dfdc8eb42a6a692369260187,share-of-s-aureus-bloodstream-infections-that-are-resistant-to-antibiotics_v10_850x600.svg,2,15,250840672,14551
share-of-schools-with-access-to-single-sex-basic-sanitation,DiscreteBar,,,e341b189e167afa8d8d62eb4fbc325b9,share-of-schools-with-access-to-single-sex-basic-sanitation_v15_850x600.svg,4,11,453698576,88146
share-of-service-in-total-exports,StackedArea,,,8b1caa26e1300d55a638a9f683c4c935,share-of-service-in-total-exports_v19_850x600.svg,12,29,427542968,573427
share-of-services-in-total-exports,LineChart,,,3a6e5689bd2a8f24d1e33c1efd409a81,share-of-services-in-total-exports_v12_850x600.svg,6,39,297841136,242598
share-of-single-parent-households,LineChart,,,0943326754f72c22b2f906b2ab5a82df,share-of-single-parent-households_v25_850x600.svg,1,64,628028896,31583
share-of-small-with-illicit-origin,DiscreteBar,,,ad1df3306ebd074f832fabd2ebd4886e,share-of-small-with-illicit-origin_v14_850x600.svg,2,10,449349848,2615
share-of-species-evaluated-iucn,DiscreteBar,,,8c570b370fe9de6220b6157b09e0dc35,share-of-species-evaluated-iucn_v12_850x600.svg,3,28,486163200,979
share-of-stage-1-cancers-by-diagnosis-route-in-england,StackedDiscreteBar,,,10d777ad54bc7eb8b92f51a4c2a9f8e7,share-of-stage-1-cancers-by-diagnosis-route-in-england_v9_850x600.svg,2,16,444169840,17051
share-of-stage-4-cancers-by-diagnosis-route-in-england,StackedDiscreteBar,,,a44977d2378e3c2c788295fc32fdda6a,share-of-stage-4-cancers-by-diagnosis-route-in-england_v12_850x600.svg,3,19,299096016,17073
share-of-students-achieving-minimum-proficiency-in-reading-and-math-by-education-level,DiscreteBar,,,552b2383c1e4f71ae96d096bd26d73c8,share-of-students-achieving-minimum-proficiency-in-reading-and-math-by-education-level_v38_850x600.svg,6,21,460063256,74678
share-of-students-at-end-of-lower-secondary-education-achieving-minimum-math-proficiency,Marimekko,,,2b21d8cc20d474473d6f6ea079cd4fd8,share-of-students-at-end-of-lower-secondary-education-achieving-minimum-math-proficiency_v30_850x600.svg,2,33,588744080,31181
share-of-students-at-end-of-lower-secondary-education-with-minimum-reading-proficiency,Marimekko,,,d7549b6f68c8d8126d01df573806fd35,share-of-students-at-end-of-lower-secondary-education-with-minimum-reading-proficiency_v30_850x600.svg,2,33,597514280,31695
share-of-students-at-end-of-primary-education-achieving-minimum-math-proficiency,Marimekko,,,fae8e1bf0c9d1619806d627a0effb5a7,share-of-students-at-end-of-primary-education-achieving-minimum-math-proficiency_v21_850x600.svg,5,40,492743144,26050
share-of-students-at-end-of-primary-education-achieving-minimum-reading-proficiency,Marimekko,,,d683d0f6ac28442171bed57ce27ef632,share-of-students-at-end-of-primary-education-achieving-minimum-reading-proficiency_v34_850x600.svg,2,33,478053312,26453
share-of-students-from-abroad,WorldMap,,,1f2d97640a62fbe70441d811f51b26fe,share-of-students-from-abroad_v28_850x600.svg,3,28,333158352,90955
share-of-students-studying-abroad,WorldMap,,,811cc28463f87012604351406e4c3092,share-of-students-studying-abroad_v21_850x600.svg,1,25,495062912,118783
share-of-the-daily-calorie-supply-that-comes-from-animal-protein,WorldMap,,,61c3da2fb1c421cd614139ff671eb9b8,share-of-the-daily-calorie-supply-that-comes-from-animal-protein_v11_850x600.svg,5,44,624214104,445583
share-of-the-population-at-risk-of-catastrophic-expenditure-when-surgical-care-is-required,WorldMap,,,70bdea8183a3dddbe9ab581bcfe4a978,share-of-the-population-at-risk-of-catastrophic-expenditure-when-surgical-care-is-required_v16_850x600.svg,2,21,610681248,74658
share-of-the-population-infected-with-hiv,WorldMap,,,fd7989f405a014cced1627d78907ffbe,share-of-the-population-infected-with-hiv_v27_850x600.svg,2,24,517199280,175241
share-of-the-population-living-in-cities,DiscreteBar,,,7ec11766dcb946efc18c75fc03b72cc4,share-of-the-population-living-in-cities_v43_850x600.svg,25,176,541656472,778450
share-of-the-population-living-in-extreme-poverty-vs-average-consumption-or-income,ScatterPlot,,,2238130164f5c6380d95bf8dd2499aad,share-of-the-population-living-in-extreme-poverty-vs-average-consumption-or-income_v59_850x600.svg,66,223,374555552,2077972
share-of-the-population-living-in-urban-areas-vs-gdp-per-capita,ScatterPlot,,,8b48b9ebabacd8f9ca8a1620d520be0a,share-of-the-population-living-in-urban-areas-vs-gdp-per-capita_v44_850x600.svg,27,414,642157848,783188
share-of-the-population-living-with-hivaids,WorldMap,,,6aeb465fc8332a07ab046137b52e3f89,share-of-the-population-living-with-hivaids_v4_850x600.svg,3,30,630580816,270748
share-of-the-population-reporting-having-felt-discriminated-against,WorldMap,,,eea24ff21ccb1835407108d966a68cdc,share-of-the-population-reporting-having-felt-discriminated-against_v12_850x600.svg,1,14,528726824,3856
share-of-the-population-using-improved-sanitation-facilities,WorldMap,,,28afd059bfc8184190f42ed4f4cd9fc4,share-of-the-population-using-improved-sanitation-facilities_v5_850x600.svg,2,25,647214808,197275
share-of-the-population-using-improved-water-sources-wash,WorldMap,,,a2c311f38f5c017a504d6c04df48fd10,share-of-the-population-using-improved-water-sources-wash_v6_850x600.svg,2,24,600174072,195442
share-of-the-population-victim-to-physical-and-sexual-harassment,DiscreteBar,,,f025d17f1f1e6769746314b6c05283c2,share-of-the-population-victim-to-physical-and-sexual-harassment_v6_850x600.svg,2,15,544273920,727
share-of-the-population-with-a-completed-post-secondary-education,WorldMap,,,c5bc385ce0118001b84db15557e2bf28,share-of-the-population-with-a-completed-post-secondary-education_v14_850x600.svg,2,24,607973768,50161
share-of-the-population-with-a-sexually-transmitted-disease,DiscreteBar,,,7c4dc6398f23b2315c47c24f17dc532e,share-of-the-population-with-a-sexually-transmitted-disease_v14_850x600.svg,24,56,542819208,1320267
share-of-the-population-with-access-to-electricity,WorldMap,,,4a0b32e967e7ee389da92d294289f135,share-of-the-population-with-access-to-electricity_v39_850x600.svg,3,29,553057024,198087
share-of-the-population-with-access-to-handwashing-facilities,StackedDiscreteBar,,,fb85bdf83123925be1a8da843af153d2,share-of-the-population-with-access-to-handwashing-facilities_v14_850x600.svg,5,19,632469376,200585
share-of-the-population-with-access-to-sanitation-facilities,StackedDiscreteBar,,,0b2e416262d910c81a2fe32b9e86929d,share-of-the-population-with-access-to-sanitation-facilities_v18_850x600.svg,14,27,657194480,855592
share-of-the-population-with-at-least-some-secondary-education,WorldMap,,,97c2650f39e1450c68ffcc5dbc6f4bf8,share-of-the-population-with-at-least-some-secondary-education_v18_850x600.svg,2,26,566792648,67529
share-of-the-population-with-basic-numeracy-skills-by-birth-decade,LineChart,,,e030c667eaafa0d5e9ef43a7e806129c,share-of-the-population-with-basic-numeracy-skills-by-birth-decade_v7_850x600.svg,1,14,612090208,42331
share-of-the-population-with-completed-tertiary-education,WorldMap,,,0bc35fb6c19c6457c1cda409336b7dad,share-of-the-population-with-completed-tertiary-education_v16_850x600.svg,2,25,624753024,118532
share-of-the-population-with-latent-tuberculosis-infection,WorldMap,,,c09cbec63511bbd804239f460685f989,share-of-the-population-with-latent-tuberculosis-infection_v26_850x600.svg,4,27,576389584,259554
share-of-the-population-with-malaria,WorldMap,,,b3f42ac5ac09fb9a06f4954c424b88f9,share-of-the-population-with-malaria_v20_850x600.svg,4,24,633340552,226962
share-of-the-population-with-no-formal-education-with-projections,WorldMap,,,2ade31959dc2320630b6fe1d293d5150,share-of-the-population-with-no-formal-education-with-projections_v26_850x600.svg,2,27,536213864,233569
share-of-the-population-without-access-to-clean-fuels-for-cooking,WorldMap,,,cbc1daca2c3922903627edbbf13961de,share-of-the-population-without-access-to-clean-fuels-for-cooking_v5_850x600.svg,3,25,353426560,142217
share-of-the-rural-and-urban-population-with-access-to-clean-fuels-for-cooking,LineChart,,,66829ddf47139091041b14be811c7719,share-of-the-rural-and-urban-population-with-access-to-clean-fuels-for-cooking_v11_850x600.svg,7,19,654169720,274345
share-of-the-top-1-vs-gini-coefficient-before-tax-wid,ScatterPlot,,,0ec89ef21e957670d381e644bdb8424b,share-of-the-top-1-vs-gini-coefficient-before-tax-wid_v45_850x600.svg,72,229,645203336,2068256
share-of-the-top-10-vs-gini-coefficient-before-tax-wid,ScatterPlot,,,32c85bed0d254963470794800bab16be,share-of-the-top-10-vs-gini-coefficient-before-tax-wid_v45_850x600.svg,62,239,723170856,2069203
share-of-the-total-land-area-burnt-by-wildfires-each-year,StackedBar,,,0a34e45d54bade7e8a92f51f0ce1de55,share-of-the-total-land-area-burnt-by-wildfires-each-year_v28_850x600.svg,3,36,656883528,117963
share-of-the-urban-and-rural-population-using-safely-managed-drinking-water-services,LineChart,,,8848da65efcb4e4946dde543c2e2e883,share-of-the-urban-and-rural-population-using-safely-managed-drinking-water-services_v13_850x600.svg,5,23,381106208,182176
share-of-the-urban-and-rural-population-using-safely-managed-sanitation-services,LineChart,,,19de1de92e6cfc74d4fb89b069b46e66,share-of-the-urban-and-rural-population-using-safely-managed-sanitation-services_v12_850x600.svg,6,19,563675656,212477
share-of-the-workforce-employed-in-the-coal-industry-united-kingdom,LineChart,,,e1da6d99ddded2f767d2fb40d995dff5,share-of-the-workforce-employed-in-the-coal-industry-united-kingdom_v6_850x600.svg,2,14,630833128,2976
share-of-the-world-population-with-at-least-basic-education,StackedArea,,,201364df4f5fd8e659129ed911f08ab6,share-of-the-world-population-with-at-least-basic-education_v31_850x600.svg,2,19,582539176,52508
share-of-total-disease-burden-by-cause,DiscreteBar,,,d49c2462b1f15bcd005c3387289a8550,share-of-total-disease-burden-by-cause_v27_850x600.svg,123,153,409125112,6492984
share-of-total-energy-used-in-agriculture-and-forestry,LineChart,,,fbfbf7d66dd85c181b13e9fd41f77979,share-of-total-energy-used-in-agriculture-and-forestry_v6_850x600.svg,3,21,668997696,179201
share-of-total-imports-of-goods-that-comes-from-china,WorldMap,,,be17c4b04ace4b40cd1fa31085226ad1,share-of-total-imports-of-goods-that-comes-from-china_v7_850x600.svg,3,28,559802832,367774
share-of-urban-population-living-in-inadequate-housing,DiscreteBar,,,48a1a062acb4c5bd7a9935920ee270cd,share-of-urban-population-living-in-inadequate-housing_v13_850x600.svg,3,13,634602664,18312
share-of-urban-population-living-in-slums,WorldMap,,,6fb1ce38750ace2b797d89c73f4ee1ac,share-of-urban-population-living-in-slums_v20_850x600.svg,1,20,653961984,68016
share-of-urban-population-with-improved-sanitation-facilities,WorldMap,,,11d8674d580255cc21653993c391ece4,share-of-urban-population-with-improved-sanitation-facilities_v9_850x600.svg,3,29,578795640,163693
share-of-victims-who-reported-crime-to-the-police,LineChart,,,27b09d1041079ad1d44e29e211ceebd0,share-of-victims-who-reported-crime-to-the-police_v17_850x600.svg,1,14,664358424,15181
share-of-violent-deaths-non-state-societies,DiscreteBar,,,82cd0f8360ba53e80c1379d752062842,share-of-violent-deaths-non-state-societies_v17_850x600.svg,1,18,646906200,891
share-of-violent-deaths-prehistoric-archaeological-sites,DiscreteBar,,,37721bd596f31d37fa3aece5b5e76bd3,share-of-violent-deaths-prehistoric-archaeological-sites_v20_850x600.svg,1,21,686549696,814
share-of-violent-deaths-state-societies,DiscreteBar,,,d4f9c2fd466d1e205ec911e59ee5ad73,share-of-violent-deaths-state-societies_v16_850x600.svg,1,12,593312624,200
share-of-women-aged-1549-who-are-married-or-in-a-union,WorldMap,,,fdc730dd8cb91f15f058a10541d48816,share-of-women-aged-1549-who-are-married-or-in-a-union_v23_850x600.svg,19,119,434290280,725231
share-of-women-among-the-population-living-with-hiv,WorldMap,,,821a92f130151c86f9f6f66579aa62a2,share-of-women-among-the-population-living-with-hiv_v21_850x600.svg,3,32,615993912,203304
share-of-women-defined-as-underweight-healthy-overweight-or-obese,StackedArea,,,a3d58502fb662531af98a279d53e748c,share-of-women-defined-as-underweight-healthy-overweight-or-obese_v6_850x600.svg,14,28,658169536,678217
share-of-women-having-births,StackedArea,,,ba4c4339bf16208a7151e3823be92d56,share-of-women-having-births_v13_850x600.svg,2,15,670628000,94446
share-of-women-homeless-flow-count,StackedDiscreteBar,,,6679f6b02bd91742b28c5a82cb94c959,share-of-women-homeless-flow-count_v38_850x600.svg,1,11,617116320,333
share-of-women-homeless-point-in-time-count,StackedDiscreteBar,,,ee41996b43ff773809cd74fd4b11fe6c,share-of-women-homeless-point-in-time-count_v38_850x600.svg,2,19,725605368,841
share-of-women-in-england-and-wales-who-have-ever-married-by-age,LineChart,,,a4a523620a3751347bcaa3a56b245a7a,share-of-women-in-england-and-wales-who-have-ever-married-by-age_v29_850x600.svg,4,24,664696456,13526
share-of-women-in-local-government,WorldMap,,,403f86ca813e44f6044285920ce632f3,share-of-women-in-local-government_v17_850x600.svg,3,20,677170344,22620
share-of-women-in-ministerial-positions,WorldMap,,,96d2c1e42917fdda993111ccf9d1ec4e,share-of-women-in-ministerial-positions_v18_850x600.svg,2,26,633480600,76736
share-of-women-in-parliament,WorldMap,,,04d2d220d245a46af4d4c13cfe96ca0a,share-of-women-in-parliament_v44_850x600.svg,17,92,610131944,485936
share-of-women-in-parliament-ipu,WorldMap,,,9ca35028ab9833c817cebe07ca05b576,share-of-women-in-parliament-ipu_v27_850x600.svg,6,37,658368608,190281
share-of-women-in-top-income-groups-atkinson-casarico-voitchovsky-2018,LineChart,,,fda65d2531195153ba97e506e4ff38fc,share-of-women-in-top-income-groups-atkinson-casarico-voitchovsky-2018_v11_850x600.svg,3,15,711086080,21701
share-of-women-married-or-in-a-union,LineChart,,,71b67366c3dcc84f381eec48c64b91b2,share-of-women-married-or-in-a-union_v27_850x600.svg,114,145,748583928,4977527
share-of-women-using-modern-contraceptive-methods,WorldMap,,,7150dddc2f343a40d5f398a6c7738cc1,share-of-women-using-modern-contraceptive-methods_v28_850x600.svg,2,32,671818896,45443
share-of-women-who-are-smoking,WorldMap,,,1072b4c998c2837d4c02bf3109fb3d2e,share-of-women-who-are-smoking_v18_850x600.svg,1,24,447423816,35159
share-of-women-who-experienced-violence-by-an-intimate-partner-un,WorldMap,,,0c07a2fbafbaed755dc12a47862a2d69,share-of-women-who-experienced-violence-by-an-intimate-partner-un_v24_850x600.svg,3,24,726729784,13985
share-of-women-who-have-had-no-births-across-their-childbearing-years,LineChart,,,78fa272e09e393eb110ece1495a1c39b,share-of-women-who-have-had-no-births-across-their-childbearing-years_v16_850x600.svg,1,22,644838440,18570
share-of-workers-in-informal-employment-vs-gdp-per-capita,ScatterPlot,,,421925cbade56a7847054e02bad70736,share-of-workers-in-informal-employment-vs-gdp-per-capita_v25_850x600.svg,108,283,740355448,2758702
share-of-workers-who-are-employees-vs-gdp-per-capita,ScatterPlot,,,2f058343462eb3c4966e4398a0e86af6,share-of-workers-who-are-employees-vs-gdp-per-capita_v20_850x600.svg,101,305,736454864,2928506
share-of-working-children-who-work-only,LineChart,,,492877f90f4d60208b6b99e1a402490d,share-of-working-children-who-work-only_v16_850x600.svg,2,14,468985096,8480
share-of-world-merchandise-trade-by-type-of-trade-percent,LineChart,,,ec947efc8bacd5959b041dbf0726353c,share-of-world-merchandise-trade-by-type-of-trade-percent_v30_850x600.svg,2,16,752441648,24271
share-of-young-people-in-european-countries-using-generative-ai-tools,WorldMap,,,49c9411870d2f4b0daab216a9c41a065,share-of-young-people-in-european-countries-using-generative-ai-tools_v9_850x600.svg,3,54,624102856,1014
share-of-young-women-vs-men-who-are-not-in-education-employment-or-training,ScatterPlot,,,7511eadea4c38d42746a05ea1d8a8203,share-of-young-women-vs-men-who-are-not-in-education-employment-or-training_v15_850x600.svg,4,59,509278536,165657
share-or-agricultural-population-with-land-ownership-rights-by-sex,ScatterPlot,,,cf82b7d9d64e0418c73cc54524e78fce,share-or-agricultural-population-with-land-ownership-rights-by-sex_v20_850x600.svg,104,271,858279976,2474865
share-people-fully-vaccinated-covid,LineChart,,,78517136c7277d892b5c892ff00952c2,share-people-fully-vaccinated-covid_v1537_850x600.svg,14,111,735083832,2488359
share-people-multidimensional-poverty-national-definitions,WorldMap,,,83875d8fb6b82b447a18a2fa805884f0,share-people-multidimensional-poverty-national-definitions_v9_850x600.svg,2,23,635559824,17213
share-people-trust-journalists-country,WorldMap,,,34631acad4f5c1266326e7846bb1c299,share-people-trust-journalists-country_v32_850x600.svg,2,24,475855496,3219
share-people-trust-neighborhood,WorldMap,,,83f2559ffe73935b1ff1136c3d7f1f4b,share-people-trust-neighborhood_v44_850x600.svg,3,29,645088728,3243
share-people-trust-science,WorldMap,,,fc398c29cdc3b91113901539e87dfd78,share-people-trust-science_v39_850x600.svg,3,15,484354976,3251
share-people-vaccinated-covid,LineChart,,,99c6e2ae6a5880e2a760599d26bd90da,share-people-vaccinated-covid_v1537_850x600.svg,15,93,774865992,2553514
share-plastic-fate,DiscreteBar,,,a335bfa0dea187cbf163d85e9e1a39d6,share-plastic-fate_v12_850x600.svg,3,26,677232600,27392
share-plastic-waste-exports,WorldMap,,,5ab37c08906efb90dbd88a135b566950,share-plastic-waste-exports_v10_850x600.svg,2,23,500173112,101884
share-plastic-waste-imports,WorldMap,,,79c767592b79491a00bf9214f8d8163a,share-plastic-waste-imports_v14_850x600.svg,4,30,650132960,174733
share-plastic-waste-recycled,SlopeChart,,,71f4a7f8e6ec256e52b35e4063d50884,share-plastic-waste-recycled_v13_850x600.svg,1,20,834214832,6871
share-population-female,WorldMap,,,faaa0b5f0e08b27db9402aa828716403,share-population-female_v20_850x600.svg,6,36,525050232,505126
share-population-mobile-phone,WorldMap,,,3ce97ef6867194314d1b27c772fd7e3e,share-population-mobile-phone_v32_850x600.svg,1,23,789392392,33593
share-poverty-lower-middle-income-vs-share-mpi-poor,ScatterPlot,,,671386c5937183678eaddc40e719d786,share-poverty-lower-middle-income-vs-share-mpi-poor_v89_850x600.svg,62,191,822875360,1965522
share-pray-frequently,WorldMap,,,7949f579be9e0bfb34ff35de9c4588ed,share-pray-frequently_v15_850x600.svg,1,18,662477840,3989
share-primary-school-age-out-of-school-vs-gdp-per-capita,ScatterPlot,,,c1f41ce1e6932bdb1923118f4138eace,share-primary-school-age-out-of-school-vs-gdp-per-capita_v44_850x600.svg,11,74,208743928,410850
share-regions-with-land-use,LineChart,,,85567fc9097468ff56de5f1076d7ac3e,share-regions-with-land-use_v3_850x600.svg,3,25,756281648,19316
share-richest-1-wid-vs-pip,ScatterPlot,,,8431b0be7391b032b7c8f75f54f7ab97,share-richest-1-wid-vs-pip_v85_850x600.svg,91,240,607938608,2023064
share-rural-basic-handwashing,WorldMap,,,c7feadf828c3cb058f7aa448fcb68f53,share-rural-basic-handwashing_v14_850x600.svg,2,22,774982696,63121
share-social-protection-in-government-exp-oecd,LineChart,,,039881d2121471f73621ffff4a041502,share-social-protection-in-government-exp-oecd_v38_850x600.svg,3,18,772486544,19746
share-species-traded,DiscreteBar,,,5d5c280ea751f4c81cfc55659e2b2e23,share-species-traded_v2_850x600.svg,3,10,676610904,211
share-threatened-species,DiscreteBar,,,34ab9f4a60f88924e862c240f3f750f8,share-threatened-species_v18_850x600.svg,2,24,692646888,263
share-top-1-before-tax-vs-gdp-per-capita,ScatterPlot,,,93d971246e925555265570d6a83c2ab6,share-top-1-before-tax-vs-gdp-per-capita_v90_850x600.svg,75,261,851455648,2193835
share-undernourished-vs-gdp-pc,ScatterPlot,,,c087b540ef35b3322a2f973173c9d4ba,share-undernourished-vs-gdp-pc_v35_850x600.svg,9,60,732415592,390341
share-urban-and-rural-population,LineChart,,,e33f9bece7ca0ca444a9393261379504,share-urban-and-rural-population_v39_850x600.svg,24,58,772007032,1383314
share-using-safely-managed-sanitation,WorldMap,,,b401ff51d18d1a40c9622eda61111691,share-using-safely-managed-sanitation_v15_850x600.svg,2,21,790119632,137045
share-voting-rights-international-organizations,DiscreteBar,,,d4d40ca54a9edfda7efbdde50a1c9211,share-voting-rights-international-organizations_v27_850x600.svg,16,33,242095944,412645
share-vs-intensity-of-multidimensional-poverty,ScatterPlot,,,34c11729f7b37045141db8f3ae62ce7e,share-vs-intensity-of-multidimensional-poverty_v44_850x600.svg,81,195,867472784,1849054
share-vs-mpi,ScatterPlot,,,c9e7939a1fa9fb8b2c18732db48840a2,share-vs-mpi_v44_850x600.svg,73,216,286243440,1849262
share-waste-collected,WorldMap,,,c1305492900d57a45cdb4b1fd31cbf1d,share-waste-collected_v2_850x600.svg,2,17,746232400,7013
share-who-agree-vaccines-are-effective,WorldMap,,,2684238109fd508b24ac05e729e39e9d,share-who-agree-vaccines-are-effective_v7_850x600.svg,1,22,188981744,10369
share-who-agree-with-the-statement-when-jobs-are-scarce-men-should-have-more-right-to-a-job-than-women,DiscreteBar,,,bb4a6085e59f0d10a614127221387378,share-who-agree-with-the-statement-when-jobs-are-scarce-men-should-have-more-right-to-a-job-than-women_v11_850x600.svg,2,17,775739680,661
share-who-are-worried-about-vs-share-of-deaths-from-terrorism,ScatterPlot,,,2f753d11adc6eda32f798684b3097fb4,share-who-are-worried-about-vs-share-of-deaths-from-terrorism_v28_850x600.svg,14,56,623628160,553165
share-who-dont-drink-alcohol,DiscreteBar,,,0b8f3c053520b8f67e51f90f80dd29ba,share-who-dont-drink-alcohol_v3_850x600.svg,1,12,208144600,5906
share-who-drank-alcohol-last-week,LineChart,,,bd205358e3c2b533a728eab0fa94b430,share-who-drank-alcohol-last-week_v3_850x600.svg,3,18,751725496,5903
share-who-drank-on-5-or-more-days-by-income,DiscreteBar,,,7c2bd19b7158af2aca2676a4a9dbdf9d,share-who-drank-on-5-or-more-days-by-income_v10_850x600.svg,1,15,226321720,5842
share-who-have-not-drank-alcohol-in-last-year,WorldMap,,,1844429b913ba8f213692ca56e2cd519,share-who-have-not-drank-alcohol-in-last-year_v19_850x600.svg,2,20,769798520,129514
share-who-report-lifetime-anxiety-or-depression,WorldMap,,,c0d7248d9d2d8a8b71d008101f9ef9d5,share-who-report-lifetime-anxiety-or-depression_v11_850x600.svg,1,20,239807768,4155
share-who-say-its-extremely-important-for-the-national-government-to-fund-research-on-anxietydepression,WorldMap,,,2625aa3bad8e3464254aea0831cf3137,share-who-say-its-extremely-important-for-the-national-government-to-fund-research-on-anxietydepression_v6_850x600.svg,2,16,642470768,4072
share-who-trust-government,WorldMap,,,c36062efe0fa387da9d55b97bb245d74,share-who-trust-government_v26_850x600.svg,1,15,868486464,3076
share-with-4g-mobile-network-coverage,WorldMap,,,d678aab3a0b17f1ef89ebf0bbe67d275,share-with-4g-mobile-network-coverage_v16_850x600.svg,2,20,256448584,61740
share-with-access-to-electricity-vs-per-capita-energy-consumption,ScatterPlot,,,43c0bd41f76b0785b6068336e0e6609e,share-with-access-to-electricity-vs-per-capita-energy-consumption_v42_850x600.svg,85,222,820626232,2411575
share-with-alcohol-or-drug-use-disorders,WorldMap,,,46e2ee85ee501ab8d74c93dcf7242652,share-with-alcohol-or-drug-use-disorders_v32_850x600.svg,2,27,886504584,260672
share-with-alcohol-use-disorders,WorldMap,,,0c67f77f364764e9fd324c5580c95f26,share-with-alcohol-use-disorders_v27_850x600.svg,2,24,662137376,262121
share-with-alcohol-use-disorders-receiving-treatment,DiscreteBar,,,45f49a53e514ea838f65efe0b6ae022e,share-with-alcohol-use-disorders-receiving-treatment_v11_850x600.svg,1,12,885977408,978
share-with-alcohol-vs-drug-use-disorder,ScatterPlot,,,76acc98b1ba9040de2a15816f11f3306,share-with-alcohol-vs-drug-use-disorder_v38_850x600.svg,78,246,306161280,2368623
share-with-drug-use-disorders,WorldMap,,,45f6506e58dbf780e19b7e676f42a943,share-with-drug-use-disorders_v32_850x600.svg,2,25,308793792,264826
share-with-idiopathic-developmental-intellectual-disability,WorldMap,,,c3718279c130c831b2acced676300165,share-with-idiopathic-developmental-intellectual-disability_v17_850x600.svg,2,25,905170072,258060
share-with-mental-and-substance-disorders,WorldMap,,,a15cb898e9bbd0f1ee364ec369e0bbfa,share-with-mental-and-substance-disorders_v30_850x600.svg,2,25,906005024,259788
share-with-mental-health-males-vs-females,ScatterPlot,,,0460ebbe0c1ac4ce93d095b8e98be230,share-with-mental-health-males-vs-females_v35_850x600.svg,85,234,721333152,2361307
share-with-mental-health-or-development-disorder,WorldMap,,,0d72828cd4c524c56a91143d2fa7f54c,share-with-mental-health-or-development-disorder_v18_850x600.svg,3,25,329535376,253366
share-with-neurodevelopmental-disorders-by-type,DiscreteBar,,,2cbd1242a4a74e10b83a03a4ed29b0f6,share-with-neurodevelopmental-disorders-by-type_v33_850x600.svg,16,27,884581416,1066645
share-without-improved-sanitation,WorldMap,,,7328921d4936460d0743f6ceee67c4b4,share-without-improved-sanitation_v10_850x600.svg,2,30,910391488,199862
share-without-improved-water,WorldMap,,,ee7d8f9c79e3f3117d9e205eebd20263,share-without-improved-water_v10_850x600.svg,4,33,928448584,197676
share-working-adults-united-states-ai-work,LineChart,,,3a09212bd90642265e0fe85e3eb94f0d,share-working-adults-united-states-ai-work_v26_850x600.svg,2,14,301692200,693
shares-of-gdp-by-economic-sector,StackedArea,,,376c5162629c80b3e57fd68f1b33aedd,shares-of-gdp-by-economic-sector_v16_850x600.svg,3,15,324713136,115375
significant-earthquakes,WorldMap,,,3399722e9247099f4fae5751e62acccd,significant-earthquakes_v8_850x600.svg,3,24,928863016,252153
significant-volcanic-eruptions,WorldMap,,,46ac3490acbfab219504d94c9316094d,significant-volcanic-eruptions_v9_850x600.svg,2,30,179942040,59394
sites-providing-rapid-tuberculosis-diagnostics-per-million-people,WorldMap,,,331ced8238d25a3acd26768335409975,sites-providing-rapid-tuberculosis-diagnostics-per-million-people_v8_850x600.svg,3,20,339545184,19987
small-scale-industries-share,WorldMap,,,88a4c2f3240ffe4a606d350a6522dd65,small-scale-industries-share_v19_850x600.svg,1,18,945142704,21723
smalsmall-scale-industries-loan,WorldMap,,,5e32c3f1fa32c4f8e7f709b89d59ea5c,smalsmall-scale-industries-loan_v18_850x600.svg,1,16,355983192,11131
smoking-and-secondhand-deaths,StackedArea,,,dc1d306f0ff3c08fca0c88f210581820,smoking-and-secondhand-deaths_v20_850x600.svg,22,42,210513944,517659
smoking-bans-in-public-places,WorldMap,,,cb8871d905d1f72839599830e652297a,smoking-bans-in-public-places_v11_850x600.svg,2,24,915275112,44850
smoking-death-rate-in-1990-vs-2023,ScatterPlot,,,7cabf2122fc32b83cddfde0a19030a15,smoking-death-rate-in-1990-vs-2023_v17_850x600.svg,18,62,362174576,512956
smoking-rates-young-people-england,LineChart,,,37919fff9f8437bc6da9eee8405b02f2,smoking-rates-young-people-england_v3_850x600.svg,4,21,188202080,1848
snow-cover-north-america,LineChart,,,9b4889e12d79844ae2351580952d66ef,snow-cover-north-america_v20_850x600.svg,3,34,196306888,90277
so-emissions-by-world-region-in-million-tonnes,StackedArea,,,5321449e6eded76a32083dc98fff8510,so-emissions-by-world-region-in-million-tonnes_v8_850x600.svg,16,54,361988656,2126073
social-expenditure-as-percentage-of-gdp,StackedArea,,,e7a37585190edbb4ab0674c5b6b539ba,social-expenditure-as-percentage-of-gdp_v27_850x600.svg,8,21,951439776,381289
social-spending-oecd-longrun,LineChart,,,2be7ea6019efa20b4b2c95fc32b2290c,social-spending-oecd-longrun_v14_850x600.svg,3,28,169108456,60139
soil-lifespans,ScatterPlot,,,ef8dfc35b138531f07e4dc5f94abb484,soil-lifespans_v7_850x600.svg,3,45,232842152,64869
solar-and-wind-power-generation,WorldMap,,,eda714163b5a282d763780a49f76974b,solar-and-wind-power-generation_v17_850x600.svg,6,48,225964712,266121
solar-electricity-per-capita,WorldMap,,,e3edb444e5ff3f60c3c8c43b3677a42e,solar-electricity-per-capita_v34_850x600.svg,6,30,934809304,242453
solar-energy-consumption,WorldMap,,,f08c6a53bb91c2ccf9cef0f8e643d515,solar-energy-consumption_v35_850x600.svg,4,39,203074840,265935
solar-energy-consumption-by-region,StackedArea,,,2a736d00519848ac9d61077853118118,solar-energy-consumption-by-region_v19_850x600.svg,4,22,337572104,185948
solar-pv-cumulative-capacity,StackedBar,,,7f58596787622a2402649be21fb1c345,solar-pv-cumulative-capacity_v19_850x600.svg,2,18,386570200,109319
solar-pv-energy-consumption-vs-solar-pv-capacity,ScatterPlot,,,36905f7765284a686b3869fd14f79fb6,solar-pv-energy-consumption-vs-solar-pv-capacity_v20_850x600.svg,13,55,273131792,334622
solar-pv-prices,LineChart,,,2f8cac922510b52803072d982efa646d,solar-pv-prices_v26_850x600.svg,1,13,362099440,1752
solar-pv-prices-vs-cumulative-capacity,ScatterPlot,,,f8c1ee35cb8fc42e2a5687855b6d13fd,solar-pv-prices-vs-cumulative-capacity_v31_850x600.svg,1,18,974841120,3388
solar-pv-system-costs,LineChart,,,253176ca186a57d565ccc6a9ee7f70ec,solar-pv-system-costs_v6_850x600.svg,2,13,248513624,1730
solar-share-energy,WorldMap,,,ea9578df798d57fa9f085f93e6460e7e,solar-share-energy_v28_850x600.svg,3,23,357777152,192523
sons-and-daughters-inheritance,WorldMap,,,4a4e601f7152ab6000c4d82f7afc483c,sons-and-daughters-inheritance_v57_850x600.svg,3,29,389419208,260445
sorghum-yield,WorldMap,,,3cf464a4e40e431abe0cc9e53e3887d5,sorghum-yield_v13_850x600.svg,5,35,222467672,297734
sources-of-air-pollution-in-the-uk,DiscreteBar,,,2d45bfe7a6a5af2ab610d7f137d8360f,sources-of-air-pollution-in-the-uk_v6_850x600.svg,2,13,947034616,2501
sources-population-dataset,Table,,,81cd8bb3e6ce5f61d91868324199833c,sources-population-dataset_v10_850x600.svg,17,61,204023512,10446869
southern-white-rhinos,LineChart,,,01541146e903193607edf5568746b278,southern-white-rhinos_v15_850x600.svg,1,8,374259344,4882
sovereign-state-butcher-griffiths,WorldMap,,,7a4d888382c99d3927a5eee465f10457,sovereign-state-butcher-griffiths_v15_850x600.svg,24,102,197970152,4850124
sovereign-state-cow,WorldMap,,,6e39d66957d1404a328a50266b0af2e0,sovereign-state-cow_v17_850x600.svg,9,45,352279184,2301954
sovereign-state-gleditsch-ward,WorldMap,,,61caf489a2d87dc24199183dc54a830d,sovereign-state-gleditsch-ward_v17_850x600.svg,12,55,418431480,3312384
soy-production-yield-area,LineChart,,,72725c7a28063c85ff3dfec6ca6191ef,soy-production-yield-area_v10_850x600.svg,14,42,273535408,746206
soybean-production,WorldMap,,,94eec505062e076ab93252d37904039e,soybean-production_v10_850x600.svg,4,26,237918264,251811
soybean-production-and-use,LineChart,,,a962742d9eec471dff045ac1988eafc6,soybean-production-and-use_v10_850x600.svg,26,45,216910824,808269
soybean-yields,WorldMap,,,aedd9fc4aca7681d081dfe9f62a5ddd0,soybean-yields_v14_850x600.svg,4,28,260912128,246356
space-objects-by-orbit,StackedArea,,,11ad2bdb8c9952c00826f168d48d73d6,space-objects-by-orbit_v47_850x600.svg,1,14,249753808,8068
species-represented-in-the-living-planet-index,StackedDiscreteBar,,,e3eb78edd1fe6c64b53e5b6adedc26a6,species-represented-in-the-living-planet-index_v9_850x600.svg,1,10,370154048,423
spending-by-a-countrys-residents-while-travelling-abroad,WorldMap,,,d1bd49b845d9353c6fd71922d64a8585,spending-by-a-countrys-residents-while-travelling-abroad_v45_850x600.svg,6,32,408665088,165490
spending-by-international-visitors-while-visiting-a-country,WorldMap,,,d5646ff3fcf7e9b40394b40559b568cc,spending-by-international-visitors-while-visiting-a-country_v33_850x600.svg,6,34,402425424,165637
spending-by-international-visitors-while-visiting-a-country-as-a-share-of-gdp,WorldMap,,,6bef3cffdb7d2ba92f6a88bb6ed83e20,spending-by-international-visitors-while-visiting-a-country-as-a-share-of-gdp_v12_850x600.svg,6,32,282054664,155539
spirits-as-share-total-alcohol-consumption,WorldMap,,,f4461b056108fe2edbc5677f9a6c726d,spirits-as-share-total-alcohol-consumption_v12_850x600.svg,2,21,218955400,121662
spirits-consumption-per-person,WorldMap,,,ffa1ced79c1adc5dcec5e016f70979b6,spirits-consumption-per-person_v15_850x600.svg,3,35,252595360,314076
spring-temperature-anomalies,StackedBar,,,1e84f08a596d3fbb602828278167c9a6,spring-temperature-anomalies_v20_850x600.svg,48,187,296019232,1938847
stability-democratic-institutions-index-bti,WorldMap,,,36789b57044bc479c9b5a44643ce58ce,stability-democratic-institutions-index-bti_v105_850x600.svg,3,22,425837864,46990
staff-compensation-as-share-of-total-expenditure-in-public-education-all-levels,WorldMap,,,20964c28cbe599ddb1e2e74915c55548,staff-compensation-as-share-of-total-expenditure-in-public-education-all-levels_v14_850x600.svg,1,19,421032192,55144
stand-alone-policy-or-plan-for-mental-health,WorldMap,,,6706b3e0cbb11946b0269c4c0a5cdca3,stand-alone-policy-or-plan-for-mental-health_v15_850x600.svg,3,19,293354232,10105
standard-drink-measure,DiscreteBar,,,7abd6df9dc30cb76b541821a74d8e826,standard-drink-measure_v17_850x600.svg,2,12,243620344,527
state-capacity-index,WorldMap,,,169e3485c6258d9b41aa26a8540fcf00,state-capacity-index_v25_850x600.svg,5,35,226394080,276229
stateness-index-bti,WorldMap,,,2a5fde69dacbb3d9c3e3bb47313701ad,stateness-index-bti_v100_850x600.svg,5,26,224614856,48849
states-involved-in-interstate-conflicts,WorldMap,,,f7ccb68830d1b4c94ddef2feb5a137d4,states-involved-in-interstate-conflicts_v37_850x600.svg,4,34,313708424,792426
states-involved-in-state-based-conflicts,WorldMap,,,1726531bddbc00c1b5f72b07e071b2d5,states-involved-in-state-based-conflicts_v70_850x600.svg,3,25,447510368,648182
states-involved-in-wars,WorldMap,,,c8fbffc1f656f810806e7e354693b7a3,states-involved-in-wars_v31_850x600.svg,6,33,389169848,1487932
statin-use-cardiovascular-disease-death-rate,ScatterPlot,,,d168e1c839bfac386c7e5c417323886a,statin-use-cardiovascular-disease-death-rate_v33_850x600.svg,141,287,305736272,2636641
statin-use-vs-average-non-hdl-cholesterol-levels,ScatterPlot,,,d45601029bcc3b2b17e12ea33dccc2ed,statin-use-vs-average-non-hdl-cholesterol-levels_v27_850x600.svg,93,270,304365248,2686782
statistical-performance-indicator,WorldMap,,,7008aff234bf4f707e7a13786b49f9b9,statistical-performance-indicator_v17_850x600.svg,1,20,463334584,53734
status-in-employment,StackedDiscreteBar,,,a862c475f82e0f9570f323d399a92710,status-in-employment_v20_850x600.svg,18,49,327825480,873123
status-of-buruli-ulcer-endemicity,WorldMap,,,1f4c1a2a5fdc1cb688a03065e36725cf,status-of-buruli-ulcer-endemicity_v16_850x600.svg,1,18,398292808,8002
status-of-endemicity-of-cutaneous-leishmaniasis,WorldMap,,,08e9c00ba43f741d959f948767e68a4f,status-of-endemicity-of-cutaneous-leishmaniasis_v23_850x600.svg,1,17,260235480,9092
status-of-endemicity-of-onchocerciasis,WorldMap,,,3415d8e2246dc630ef9eb8417d8f95d9,status-of-endemicity-of-onchocerciasis_v17_850x600.svg,1,14,475040000,1443
status-of-endemicity-of-visceral-leishmaniasis,WorldMap,,,afaa38f308f9a1545cfdc245996a06b5,status-of-endemicity-of-visceral-leishmaniasis_v20_850x600.svg,2,26,409349408,9290
status-of-trachoma-as-a-public-health-problem,WorldMap,,,05cce5794ba1588f6cb3d96906669536,status-of-trachoma-as-a-public-health-problem_v17_850x600.svg,2,21,343193840,12006
status-of-yaws-endemicity,WorldMap,,,55f827f3c2b5c9be113e19a278764fac,status-of-yaws-endemicity_v20_850x600.svg,1,17,270375168,11413
statutory-corporate-income-tax-rate,LineChart,,,ba1ef3becfb391ea0c6b07842194164e,statutory-corporate-income-tax-rate_v7_850x600.svg,1,19,451616888,48081
stay-at-home-covid,WorldMap,,,f5dcc9e35cbba51274ab5a816d3c8c77,stay-at-home-covid_v2823_850x600.svg,28,298,490680024,4967827
stillbirth-rate,WorldMap,,,95101509d189d2a6830fa776a10207e1,stillbirth-rate_v15_850x600.svg,2,21,307163112,171750
stomach-cancer-death-rate,LineChart,,,d9d799b3a9dea105cbfa25d0d8649471,stomach-cancer-death-rate_v9_850x600.svg,2,28,467007176,161757
stratospheric-chorine-concentrations,LineChart,,,7d6276f92901d485604ac4d0d7649478,stratospheric-chorine-concentrations_v8_850x600.svg,1,12,296475272,2671
stratospheric-ozone-concentration,LineChart,,,6571fd8cf7fb9e19c4036d471f185adf,stratospheric-ozone-concentration_v16_850x600.svg,1,13,276990976,2743
stratospheric-ozone-concentration-projections,LineChart,,,73875b6ad409365179f8a18d3e367e90,stratospheric-ozone-concentration-projections_v8_850x600.svg,1,13,335803344,2700
stroke-death-rates,WorldMap,,,1d8e43d1473f15971854df39c83028dd,stroke-death-rates_v28_850x600.svg,2,25,299935232,326850
stroke-death-rates-by-age,LineChart,,,676b67b4d3aac391152dac5eef406965,stroke-death-rates-by-age_v24_850x600.svg,41,63,504260904,2349305
stroke-deaths-by-age,StackedArea,,,3f67bc6b76f703e4e10044865545c179,stroke-deaths-by-age_v27_850x600.svg,32,48,332837280,1682995
strong-civil-society-index,WorldMap,,,eb83d0ae9623e9b1b42733937b14ba70,strong-civil-society-index_v15_850x600.svg,33,115,328926000,1056544
strong-elected-local-governments-index,WorldMap,,,ba40e26593bcc54fd50cb384b0357413,strong-elected-local-governments-index_v60_850x600.svg,34,115,325254056,872820
strong-elected-regional-governments-index,WorldMap,,,a73cd72efa52ba78cba0a3dd36a8804d,strong-elected-regional-governments-index_v60_850x600.svg,40,131,361080536,998513
students-in-grade-2-who-cant-read-a-single-word-ca-2015,DiscreteBar,,,10c11c8f2ac3467f00b748b5ba116f41,students-in-grade-2-who-cant-read-a-single-word-ca-2015_v4_850x600.svg,1,11,523906288,379
stunting-ihme-vs-gdp,ScatterPlot,,,482a05c378280cc53d90ddd434ebba5a,stunting-ihme-vs-gdp_v38_850x600.svg,104,233,370466184,2114811
stunting-vs-level-of-prosperity-over-time,ScatterPlot,,,ce4ed6dcbe12e3f3bdd335e3036fff28,stunting-vs-level-of-prosperity-over-time_v40_850x600.svg,8,48,527901512,282433
sub-energy-fossil-renewables-nuclear,StackedArea,,,1d00c6e26066ee939d880fae6bd34975,sub-energy-fossil-renewables-nuclear_v23_850x600.svg,12,25,512755344,612366
substances-risk-factor-vs-direct-deaths,DiscreteBar,,,a3ce1cde8335fdd8e1add1e8161d5e35,substances-risk-factor-vs-direct-deaths_v26_850x600.svg,23,35,376218040,1451295
suffrage,WorldMap,,,266f20c4d219711b5cc944269ce7ab4f,suffrage_v55_850x600.svg,26,100,567810104,971246
sugar-beet-production,WorldMap,,,4a1c3f4c16f5fddd64a18a0de8c66914,sugar-beet-production_v12_850x600.svg,2,17,533843416,172058
sugar-beet-yields,WorldMap,,,d5817b24e532260a8f935e05166c22d6,sugar-beet-yields_v12_850x600.svg,2,20,337757040,171800
sugar-cane-production,WorldMap,,,6d3e107ca912461b4d0a70e451e5d776,sugar-cane-production_v11_850x600.svg,6,24,378606944,290662
sugar-cane-yields,WorldMap,,,3e4401a7ee4d97ea9a85bc63ad294dc1,sugar-cane-yields_v13_850x600.svg,4,27,349794816,291980
suicide-and-other-terrorist-attacks,StackedArea,,,3a46f2d984a80cfb85f261bf829b79e6,suicide-and-other-terrorist-attacks_v18_850x600.svg,14,26,516648752,532076
suicide-death-rates,WorldMap,,,86d2827d4823d6b0ee226b4901578d9b,suicide-death-rates_v46_850x600.svg,3,28,360860536,326546
suicide-death-rates-by-sex-who,LineChart,,,06a98a09379479aea5e602c6ad252e12,suicide-death-rates-by-sex-who_v46_850x600.svg,8,23,414402664,440142
suicide-deaths-by-age,StackedArea,,,094ad7da1429674898e8543618bef726,suicide-deaths-by-age_v43_850x600.svg,22,35,565270272,1346378
suicide-rate-2000-2019-who,ScatterPlot,,,f525e5ef677ae86e2103d26defcf856c,suicide-rate-2000-2019-who_v47_850x600.svg,177,376,477819616,2763694
suicide-rate-for-15--to-49-year-olds,LineChart,,,ef463ae370ebbab4f7001eb5f7b904e2,suicide-rate-for-15--to-49-year-olds_v11_850x600.svg,3,26,423367264,335216
suicide-rate-in-1980-vs-2023,ScatterPlot,,,d0b7f97119a84ffaf49296e6af974527,suicide-rate-in-1980-vs-2023_v39_850x600.svg,194,400,468725984,3123478
suicide-rate-male-female-who-mdb,ScatterPlot,,,5bde0e36b848b8ca454b5e97ccf57dba,suicide-rate-male-female-who-mdb_v22_850x600.svg,96,269,628864296,2786221
suicide-rate-vs-income-inequality,ScatterPlot,,,81b567420023851f4a5953a73305eb2c,suicide-rate-vs-income-inequality_v79_850x600.svg,93,312,662470760,2719533
suicide-rate-who-mdb,LineChart,,,145bbdf502e21f66c1734e99b6fdfde8,suicide-rate-who-mdb_v15_850x600.svg,2,26,382884096,158580
suicide-rates-among-young-men-who-mdb,LineChart,,,1aae9daaa9d54dbc84def18e14ca92d9,suicide-rates-among-young-men-who-mdb_v27_850x600.svg,10,49,425927616,464449
suicide-rates-among-young-people-who-mdb,LineChart,,,f7b527b4b7422c6519b60e50536eba5b,suicide-rates-among-young-people-who-mdb_v14_850x600.svg,9,65,400581880,465408
suicide-rates-among-young-women-who-mdb,LineChart,,,33ccc1096950399613ef1b2a940661de,suicide-rates-among-young-women-who-mdb_v26_850x600.svg,8,33,432188656,456737
suicide-rates-by-age-detailed,DiscreteBar,,,097ab3d1693e9e1e5661b9b14e47ee19,suicide-rates-by-age-detailed_v36_850x600.svg,24,36,406000136,1683014
suicide-rates-by-age-detailed-who,DiscreteBar,,,3a017faeba0c6d115a41544637321561,suicide-rates-by-age-detailed-who_v50_850x600.svg,19,50,449987024,1315807
suicide-rates-by-age-who-mdb,DiscreteBar,,,4590ca971b65ac9c31ea529c4ece9e34,suicide-rates-by-age-who-mdb_v17_850x600.svg,34,48,422334360,2305595
suicide-rates-source-comparison,LineChart,,,31677a7bfd6be56fa217813cab0ef12a,suicide-rates-source-comparison_v37_850x600.svg,16,48,455891240,631780
suicide-rates-source-comparison-crude,LineChart,,,0cf01c047e6beb11e2ce5bbadd5a7cfa,suicide-rates-source-comparison-crude_v33_850x600.svg,14,42,644744592,621655
suicide-vs-violent-deaths,ScatterPlot,,,4a09e4cf52b4c4d442b769650ea4b1cd,suicide-vs-violent-deaths_v50_850x600.svg,61,219,531497640,2495102
sulphur-dioxide-and-coal,LineChart,,,94c2a4c02f805dbf18507636927dba8e,sulphur-dioxide-and-coal_v7_850x600.svg,63,108,504297824,2339056
sumatran-rhinos,LineChart,,,061d6eca6591ee4c82be4cdb548bda98,sumatran-rhinos_v8_850x600.svg,1,12,664812888,631
summer-temperature-anomalies,StackedBar,,,c51bb2f0631ed3612f33f157f2499c2f,summer-temperature-anomalies_v21_850x600.svg,48,217,651882408,1928116
sunflower-seed-production,WorldMap,,,9831600bd70cdda7416b416c4cfcd566,sunflower-seed-production_v10_850x600.svg,3,22,637392128,203573
sunflower-seed-yield,WorldMap,,,50da7a77a2cf13e9367a0cc7829291a5,sunflower-seed-yield_v12_850x600.svg,3,23,496962080,205519
supercomputer-power-flops,LineChart,,,3b7dffe2e8bdb068c024d4c17fbfac7f,supercomputer-power-flops_v43_850x600.svg,2,12,656769256,1102
support-policies-climate,WorldMap,,,ce9cc20365426e64c46a8d6e14de35a3,support-policies-climate_v9_850x600.svg,2,18,474063448,1841
support-political-climate-action,WorldMap,,,06b4336f092b450f8de866f239350971,support-political-climate-action_v7_850x600.svg,2,18,512393112,3524
support-public-action-climate,WorldMap,,,488b82fa5804e6ace47639601396d105,support-public-action-climate_v3_850x600.svg,1,15,667486576,3621
support-to-help-to-quit-tobacco-use,WorldMap,,,795ac826be0c93074faeb4ee0bbca449,support-to-help-to-quit-tobacco-use_v16_850x600.svg,2,22,483324320,44616
surface-plastic-mass-by-ocean,DiscreteBar,,,dfc8920bffffb872152aec5819d566db,surface-plastic-mass-by-ocean_v6_850x600.svg,1,10,683684392,282
surface-plastic-particles-by-ocean,DiscreteBar,,,7e5569f88be19f214bb0b60c8c170185,surface-plastic-particles-by-ocean_v6_850x600.svg,1,10,528537080,333
surgeons-per-100000,WorldMap,,,66f550632435ad79409ad095d350f6d9,surgeons-per-100000_v16_850x600.svg,1,20,485911560,9105
survey-animal-pain-sentience,StackedDiscreteBar,,,4806ba6653161e02d78812f7bf19ffb9,survey-animal-pain-sentience_v10_850x600.svg,2,18,462333000,10661
survey-dietary-choices-sentience,StackedDiscreteBar,,,139c224128f02eee99743d2a1cc455a1,survey-dietary-choices-sentience_v8_850x600.svg,2,16,677575864,12516
survival-ages-across-the-population,LineChart,,,ef1ce24c7051e3749826c6c093b89dee,survival-ages-across-the-population_v15_850x600.svg,23,51,537490112,1403441
survival-to-age-65-of-cohort,LineChart,,,372a14b7eccf16b746314fbe3a059d6f,survival-to-age-65-of-cohort_v21_850x600.svg,17,36,515417520,987789
sustainable-fisheries-as-a-proportion-of-gdp,WorldMap,,,d1e2fe36a30ec96449dfdf93f2bb6895,sustainable-fisheries-as-a-proportion-of-gdp_v17_850x600.svg,3,19,498071968,20996
sweden-life-expectancy-smallpox-deaths,LineChart,,,e79ca6a86f88d6a9450be29af57c85ba,sweden-life-expectancy-smallpox-deaths_v27_850x600.svg,17,40,685158400,686371
sweden-official-covid-deaths,LineChart,,,1f7151b4616515b8854715d27f7074b7,sweden-official-covid-deaths_v308_850x600.svg,2,27,679493480,38803
sweet-potato-production,WorldMap,,,96db35368574ba734ba9601dfb055380,sweet-potato-production_v11_850x600.svg,2,23,558456904,296397
switzerland-covid-19-weekly-death-rate-by-vaccination-status,LineChart,,,35899dacbde6b0c24aaaa061d7fb0736,switzerland-covid-19-weekly-death-rate-by-vaccination-status_v108_850x600.svg,2,19,493015648,64081
systems-track-gender-equality,DiscreteBar,,,1455f126f036c3e1d7aaaae0c8ef287c,systems-track-gender-equality_v21_850x600.svg,2,10,474118080,737
tariff-rate-applied-weighted-mean-all-products,LineChart,,,e6009eb84af7d2c2b8abb66a91702488,tariff-rate-applied-weighted-mean-all-products_v14_850x600.svg,2,17,660577136,108933
tariff-rates,LineChart,,,ff02e1b29db8c4bf436fc8c9bbffcfd8,tariff-rates_v15_850x600.svg,7,20,508749480,326761
tax-revenue-national-income-longrun,LineChart,,,9a5245d6aea7b820c061b54e92ff3fd4,tax-revenue-national-income-longrun_v4_850x600.svg,2,19,685267832,10273
tax-revenue-per-capita-and-public-health-spending-per-capita-in-developing-countries-in,ScatterPlot,,,fecda932135d9eed7869f4a03491bde1,tax-revenue-per-capita-and-public-health-spending-per-capita-in-developing-countries-in_v22_850x600.svg,59,192,620237944,2133060
tax-revenue-share-gdp-oecd-grsd,LineChart,,,0ea280c3562718597b617292e70ae6ed,tax-revenue-share-gdp-oecd-grsd_v13_850x600.svg,2,18,701834800,69095
tax-revenues-as-a-share-of-gdp-unsdg,WorldMap,,,5e899473674b4d7cfabb25d482815657,tax-revenues-as-a-share-of-gdp-unsdg_v16_850x600.svg,2,29,511300328,90504
tax-revenues-as-a-share-of-gdp-unu-wider,WorldMap,,,af97c901bd05e5d21523315942b614ff,tax-revenues-as-a-share-of-gdp-unu-wider_v35_850x600.svg,5,43,543996528,218602
tax-revenues-by-source-gdp-la,StackedArea,,,a8185c7b0a3275c9eafb7e79be515109,tax-revenues-by-source-gdp-la_v6_850x600.svg,2,14,486844792,22240
tax-revenues-vs-electoral-democracy-index,ScatterPlot,,,cac206ea1d1a7f29c5cc8a8c8592e90b,tax-revenues-vs-electoral-democracy-index_v56_850x600.svg,29,162,737734248,1243669
tax-revenues-vs-gdp-per-capita,ScatterPlot,,,f731fc09c6154bce9aed867262d0035c,tax-revenues-vs-gdp-per-capita_v46_850x600.svg,79,231,246639640,2292249
tax-revenues-vs-income-inequality,ScatterPlot,,,b9006c850e9e6620aff8e84f347d16e5,tax-revenues-vs-income-inequality_v57_850x600.svg,78,214,557239880,2153473
taxes-as-a-share-of-cigarette-price,WorldMap,,,ed409c6deecb4034717c45fac08a9f0e,taxes-as-a-share-of-cigarette-price_v14_850x600.svg,1,19,527995432,43459
taxes-on-goods-and-services-gdp,WorldMap,,,f64860ed583fd9453a32f035edae3222,taxes-on-goods-and-services-gdp_v19_850x600.svg,2,25,567861480,190821
taxes-on-income-vs-taxes-on-goods-and-services,ScatterPlot,,,2fb65e709806f6501ba9c95877fabe1c,taxes-on-income-vs-taxes-on-goods-and-services_v12_850x600.svg,92,331,614105976,2852697
taxes-on-incomes-of-individuals-and-corporations-gdp,WorldMap,,,af0126b7a23ba17f4431ffb3a61bbc6a,taxes-on-incomes-of-individuals-and-corporations-gdp_v17_850x600.svg,3,28,591829008,191490
tb-patients-living-with-hiv-receiving-art,WorldMap,,,347cb504b4f035923795e72b014c4a35,tb-patients-living-with-hiv-receiving-art_v11_850x600.svg,2,23,560594136,78990
tb-patients-tested-positive-for-hiv,WorldMap,,,6d4aba4ee3eb83581c603b577b0c397c,tb-patients-tested-positive-for-hiv_v18_850x600.svg,3,29,645306112,93292
tb-related-deaths-hiv,WorldMap,,,03c2e2346294e456625abcfb1e65b3a8,tb-related-deaths-hiv_v12_850x600.svg,3,23,575637952,148803
technology-adoption-by-households-in-the-united-states,LineChart,,,168b84b5ee3a004d91686495135f6750,technology-adoption-by-households-in-the-united-states_v24_850x600.svg,1,47,754821192,40822
technology-infrastructure-diffusion-uk,LineChart,,,5cb60535215f9d7b019d0c2da01ada8c,technology-infrastructure-diffusion-uk_v16_850x600.svg,2,20,539380760,43173
technology-infrastructure-diffusion-us,LineChart,,,4a709cdcfaec78ec7db842d5243e9a53,technology-infrastructure-diffusion-us_v17_850x600.svg,1,23,610720752,45341
temp-deaths-zhao,StackedDiscreteBar,,,8c0b136354a3b887f41eb50e8a89f859,temp-deaths-zhao_v3_850x600.svg,3,31,674529456,1297
temperature-anomaly,LineChart,,,9b7aeb382e75d50cf8513aed9613151c,temperature-anomaly_v53_850x600.svg,2,16,779579808,58108
temperature-anomaly-vs-latitude,ScatterPlot,,,b69dd41dc4e64e210694fd56876dbf0e,temperature-anomaly-vs-latitude_v19_850x600.svg,129,336,697726816,4726024
terrain-ruggedness-index,WorldMap,,,276884988d05c11133fa933960bb14c0,terrain-ruggedness-index_v4_850x600.svg,2,19,549288448,6952
terrestrial-protected-areas,WorldMap,,,1c761a9c09b2c5c0e24eeca8c54ce3dd,terrestrial-protected-areas_v23_850x600.svg,5,29,261466496,82974
terrorism-attacks-by-severity,StackedArea,,,a92208db94b5d56aa12b1a14365c7a74,terrorism-attacks-by-severity_v22_850x600.svg,36,63,792063768,1841951
terrorism-deaths,WorldMap,,,a8f9ea94c19a74aeff88604eb91b7ba3,terrorism-deaths_v41_850x600.svg,12,56,671809152,282380
terrorism-deaths-by-region,StackedArea,,,b0cc42a2a5c781abd2904733e7557681,terrorism-deaths-by-region_v30_850x600.svg,2,19,577459048,273082
terrorism-deaths-rate,WorldMap,,,8121eca716da97ec0fe3dd4cd57fdfad,terrorism-deaths-rate_v18_850x600.svg,14,49,303449304,279314
terrorist-attacks,WorldMap,,,f116cc8f0f2bca8c4af7170530f45efe,terrorist-attacks_v34_850x600.svg,10,42,568714256,282221
terrorist-attacks-by-method,DiscreteBar,,,97d170c3b06fa652ba459086615b5653,terrorist-attacks-by-method_v21_850x600.svg,47,68,802879328,2385556
terrorist-attacks-by-method-stacked,StackedBar,,,6d27af09688b5d94786f91ccbc29a048,terrorist-attacks-by-method-stacked_v17_850x600.svg,56,113,691297592,2385556
terrorist-attacks-by-region,StackedArea,,,aa859e94ff1cda1a2a50ccfdb4004622,terrorist-attacks-by-region_v25_850x600.svg,3,18,643595928,272923
terrorist-attacks-by-target,DiscreteBar,,,c2100070a9a23b0ea3fb6b192c72c750,terrorist-attacks-by-target_v26_850x600.svg,146,166,645355352,5776757
terrorist-attacks-fatalities-and-injuries,LineChart,,,99fbefc4e89c3c3b9155f6a76ac54ff7,terrorist-attacks-fatalities-and-injuries_v22_850x600.svg,19,48,300765376,819507
test-scores-ai-capabilities-relative-human-performance,LineChart,,,44f930ae4733f6525f72e49ca45bb9b6,test-scores-ai-capabilities-relative-human-performance_v16_850x600.svg,2,19,205895264,2140
tests-of-covid-19-per-thousand-people-vs-gdp-per-capita,ScatterPlot,,,43c98359b22bdc6b5cc7a88e396e6641,tests-of-covid-19-per-thousand-people-vs-gdp-per-capita_v456_850x600.svg,337,747,885196272,2635027
tests-per-confirmed-case-daily-smoothed,WorldMap,,,db65e1be119301e4793ec55060281803,tests-per-confirmed-case-daily-smoothed_v448_850x600.svg,18,217,367660896,3225334
tetanus-cases-vs-tetanus-vaccination-coverage,ScatterPlot,,,6163d994d85d6eb4b80ffd5a1aaccd9e,tetanus-cases-vs-tetanus-vaccination-coverage_v28_850x600.svg,23,81,212480264,525307
tetanus-death-rate,WorldMap,,,bda9152de5d3b560041a577fda7a8ee5,tetanus-death-rate_v19_850x600.svg,3,26,718239744,342227
tetanus-deaths-by-age-group,StackedArea,,,f18c416094df8fd37294bc98300a7938,tetanus-deaths-by-age-group_v23_850x600.svg,25,38,712784408,1748041
tetanus-deaths-by-region,StackedArea,,,97675ba584dfcdf120ce5823c4c541aa,tetanus-deaths-by-region_v29_850x600.svg,3,20,618369728,342771
tetanus-mortality-in-children-under-5,WorldMap,,,bbf05dfc26f6f4cf507ecf10a2882d45,tetanus-mortality-in-children-under-5_v16_850x600.svg,3,26,647987904,354022
the-amount-of-cod-caught-in-the-grand-banks-north-atlantic-fisheries-18512018,LineChart,,,8f777e570f5ec8ff9258e5afa9110ec2,the-amount-of-cod-caught-in-the-grand-banks-north-atlantic-fisheries-18512018_v10_850x600.svg,1,26,707840848,5949
the-burden-of-disease-vs-gdp-per-capita,ScatterPlot,,,fb1e174d7800532a3efec8463b73ecd4,the-burden-of-disease-vs-gdp-per-capita_v41_850x600.svg,95,248,328502384,2334792
the-cost-of-inequality-economic-disparity-and-the-fraction-of-workers-employed-as-guards,ScatterPlot,,,f08506162ae0642f4889defc63a7f17a,the-cost-of-inequality-economic-disparity-and-the-fraction-of-workers-employed-as-guards_v6_850x600.svg,2,15,247905040,1084
the-cost-of-inequality-inequality-and-growth-in-living-standards-among-catch-up-countries,ScatterPlot,,,a80e25bb30e5dbaae0de18525e2d7dd8,the-cost-of-inequality-inequality-and-growth-in-living-standards-among-catch-up-countries_v8_850x600.svg,2,14,739581696,609
the-cost-of-inequality-inequality-and-growth-in-living-standards-among-rich-countries,ScatterPlot,,,ab70511fcaa96ca63f2730a2af4dd9f2,the-cost-of-inequality-inequality-and-growth-in-living-standards-among-rich-countries_v18_850x600.svg,2,17,625399760,1072
the-decade-of-the-last-recorded-case-of-paralytic-polio-by-country,WorldMap,,,b827e0201ceb54bdba853e159cfdce0e,the-decade-of-the-last-recorded-case-of-paralytic-polio-by-country_v15_850x600.svg,2,23,379426872,5996
the-discrepancy-between-the-reported-and-actual-number-of-global-smallpox-cases,LineChart,,,b3292109591a1a94d5442036a860df4b,the-discrepancy-between-the-reported-and-actual-number-of-global-smallpox-cases_v7_850x600.svg,2,13,220378448,596
the-duration-of-democracy-and-inequality-in-disposable-income-2015,ScatterPlot,,,b565681df3f577eabf5032559b6ae073,the-duration-of-democracy-and-inequality-in-disposable-income-2015_v12_850x600.svg,2,21,736439416,1408
the-duration-of-democracy-and-working-hours-2017,ScatterPlot,,,167139f74339116af40d46db043f3442,the-duration-of-democracy-and-working-hours-2017_v15_850x600.svg,2,14,663107384,1146
the-gender-wage-ratio-in-different-income-percentiles,LineChart,,,769426b8f6478b75d3aaebb5c1dd6ee4,the-gender-wage-ratio-in-different-income-percentiles_v7_850x600.svg,1,13,238833272,507
the-great-depression-and-the-global-financial-crisis-fiscal-policy,LineChart,,,632a363f166c4f9aaa1b908d62deebe3,the-great-depression-and-the-global-financial-crisis-fiscal-policy_v10_850x600.svg,1,16,260972344,621
the-great-depression-and-the-global-financial-crisis-industrial-production,LineChart,,,74e50b7188a89fb89003d87805c876b0,the-great-depression-and-the-global-financial-crisis-industrial-production_v6_850x600.svg,3,15,351539384,2955
the-great-depression-and-the-global-financial-crisis-monetary-policy,LineChart,,,354b8a52de964c5deaa928800cb658e4,the-great-depression-and-the-global-financial-crisis-monetary-policy_v12_850x600.svg,2,16,634848912,3431
the-growth-of-government-in-the-uk,LineChart,,,9729e1ca101f12ceff7462ea0ddd3954,the-growth-of-government-in-the-uk_v9_850x600.svg,1,14,760241560,15251
the-growth-rate-of-productivity-over-the-long-run-14002009,LineChart,,,d18ace9656d7c37e3bd94f6310946780,the-growth-rate-of-productivity-over-the-long-run-14002009_v12_850x600.svg,2,16,234097912,21183
the-household-debt-to-income-ratio-and-house-prices-in-the-us-19502017,LineChart,,,d858d0f48359fb25c3472984d1f8f0df,the-household-debt-to-income-ratio-and-house-prices-in-the-us-19502017_v10_850x600.svg,1,16,384478320,3817
the-incidence-of-malaria-per-1000-population,WorldMap,,,c8b898b533e9d6c2f3a52ee04b70a63d,the-incidence-of-malaria-per-1000-population_v28_850x600.svg,3,24,654094088,230524
the-linear-scale-in-natural-logs-and-a-linear-function,LineChart,,,2e72e01dbecb5c4a360c0af1998f9716,the-linear-scale-in-natural-logs-and-a-linear-function_v11_850x600.svg,3,18,744642336,10102
the-long-term-energy-transition-in-europe,StackedArea,,,b110639ccc9baf9b6bee0e928b96a339,the-long-term-energy-transition-in-europe_v7_850x600.svg,3,15,252187648,2072
the-malthusian-trap,ScatterPlot,,,9aa125f4abbf140e56f2f018afaa3397,the-malthusian-trap_v25_850x600.svg,2,15,364007432,2447
the-maternal-mortality-ratio-in-1985-and-2020,ScatterPlot,,,6c9e05c31b74ac05ab5904470aa7acef,the-maternal-mortality-ratio-in-1985-and-2020_v41_850x600.svg,186,275,342641792,2309174
the-missing-middle-in-the-us-job-growth-is-highest-in-the-top-fifth-and-bottom-fifth-of-occupations-by-mean-annual-earnings,DiscreteBar,,,97283e731724f9fd4715e5f614c14a1c,the-missing-middle-in-the-us-job-growth-is-highest-in-the-top-fifth-and-bottom-fifth-of-occupations-by-mean-annual-earnings_v5_850x600.svg,1,11,765185872,212
the-number-of-cases-of-infectious-diseases,LineChart,,,ca8a325f8c5b9cf656563f1e6d1a2fd5,the-number-of-cases-of-infectious-diseases_v46_850x600.svg,42,90,189356128,1469939
the-number-of-new-tetanus-infections-by-world-region,StackedArea,,,6795694a50fa5c52fd5b1bba2b34f3cf,the-number-of-new-tetanus-infections-by-world-region_v33_850x600.svg,6,22,390337928,262945
the-number-of-reported-paralytic-polio-cases,LineChart,,,6ef1574c24a248b209ed33152fe64729,the-number-of-reported-paralytic-polio-cases_v29_850x600.svg,5,19,749501024,204298
the-number-of-reported-paralytic-polio-cases-by-world-region,StackedArea,,,7e19728f216a9d3f63bf3d98eb6760e4,the-number-of-reported-paralytic-polio-cases-by-world-region_v15_850x600.svg,3,15,372837272,204298
the-percentage-of-neonates-protected-at-birth-against-neonatal-tetanus,LineChart,,,255ec0ed869f2e6bd365d65d6d094d3c,the-percentage-of-neonates-protected-at-birth-against-neonatal-tetanus_v17_850x600.svg,2,21,183676768,69040
the-price-for-lighting-per-million-lumen-hours-in-the-uk-in-british-pound,LineChart,,,46cde539d8927257ab8d3840ff5a07fe,the-price-for-lighting-per-million-lumen-hours-in-the-uk-in-british-pound_v8_850x600.svg,2,28,395798200,23047
the-productivity-of-labour-in-producing-light-lumen-hours-per-hour-of-labour-1800-to-the-present,LineChart,,,09eb648cf44e6f5787072a0273c00f56,the-productivity-of-labour-in-producing-light-lumen-hours-per-hour-of-labour-1800-to-the-present_v11_850x600.svg,3,13,414546952,347
the-ratio-scale-and-an-exponential-function,LineChart,,,cd76dcfcb15d5bd8d079e89105e530d4,the-ratio-scale-and-an-exponential-function_v11_850x600.svg,1,19,358496808,8774
the-rise-and-fall-of-the-share-of-employment-in-industry-18702018,LineChart,,,c7ff9839cff48a4c5ca2776d97d79888,the-rise-and-fall-of-the-share-of-employment-in-industry-18702018_v13_850x600.svg,3,31,213262152,22642
the-role-of-agriculture-in-the-fluctuations-of-the-aggregate-economy-in-britain,LineChart,,,231caabc1afc05174e5577539f62150b,the-role-of-agriculture-in-the-fluctuations-of-the-aggregate-economy-in-britain_v11_850x600.svg,3,19,215502136,19729
the-role-of-agriculture-in-the-fluctuations-of-the-aggregate-economy-in-india-19612017,LineChart,,,3baf0ec60ae155fad6c37f627fa12b7d,the-role-of-agriculture-in-the-fluctuations-of-the-aggregate-economy-in-india-19612017_v27_850x600.svg,2,15,404801976,4189
the-share-and-number-of-people-living-in-extreme-poverty,LineChart,,,f93229c950d5341cb3acbba036ddb7be,the-share-and-number-of-people-living-in-extreme-poverty_v40_850x600.svg,5,23,332960352,208221
the-share-of-people-living-in-extreme-poverty-vs-gdp-per-capita,ScatterPlot,,,0e624d904e74ddf09f6f5cce4571e3b0,the-share-of-people-living-in-extreme-poverty-vs-gdp-per-capita_v61_850x600.svg,87,255,265307368,2202541
the-share-of-total-income-received-by-the-top-1,LineChart,,,96c0271fd73fb15c03b7d0fa024e2f0e,the-share-of-total-income-received-by-the-top-1_v10_850x600.svg,1,26,223278664,18167
the-share-of-tuberculosis-tests-that-are-positive,WorldMap,,,ecac38fc5ce2fc635cde81b966fd8931,the-share-of-tuberculosis-tests-that-are-positive_v11_850x600.svg,1,21,417308856,18427
the-two-germanies-planning-and-capitalism,LineChart,,,3e010931bbe38f743b8ebf7bcdede586,the-two-germanies-planning-and-capitalism_v34_850x600.svg,2,18,372181304,8044
the-worlds-number-of-vaccinated-one-year-olds,LineChart,,,9360726c217b1c2be81f41a25fdae3cc,the-worlds-number-of-vaccinated-one-year-olds_v25_850x600.svg,55,84,405871272,1939271
theft-numbers-england-wales,LineChart,,,136acb126cca94fa292b75ab436936ae,theft-numbers-england-wales_v5_850x600.svg,3,27,398792888,3992
thermal-efficiency-factor,LineChart,,,9bc795beee05384c643d9f9388f437e7,thermal-efficiency-factor_v4_850x600.svg,2,23,208358384,258363
third-gender-legally-recognized,WorldMap,,,7e1fd4096f483b824a33f1f97e20d3b9,third-gender-legally-recognized_v95_850x600.svg,2,20,888188344,278847
third-gender-recognition-equaldex,WorldMap,,,ac1c26c605df9309f6e2ece03d50479e,third-gender-recognition-equaldex_v30_850x600.svg,1,17,412208544,19748
threatened-bird-species,WorldMap,,,4e735a0d8d4d88f20a1c458a096bb657,threatened-bird-species_v27_850x600.svg,1,18,225575184,12131
threatened-endemic-bird-species,WorldMap,,,1087890520ce5c26c055712d18c973e3,threatened-endemic-bird-species_v16_850x600.svg,1,17,355766480,6455
threatened-endemic-coral,WorldMap,,,1b33ce86814892fbaa8cf8f06243bfe6,threatened-endemic-coral_v15_850x600.svg,1,21,914296464,6437
threatened-endemic-mammal-species,WorldMap,,,9c8ab4425f3dd93aeef2c646b832fc7a,threatened-endemic-mammal-species_v17_850x600.svg,2,19,424232464,6462
threatened-mammal-species,WorldMap,,,d88aa631d0bf6b5ac9c6cbb715f0ce15,threatened-mammal-species_v26_850x600.svg,2,19,240571960,12024
threshold-income-for-each-decile-after-tax-lis,LineChart,,,9b20384c472e49361f1528909b2d47c5,threshold-income-for-each-decile-after-tax-lis_v32_850x600.svg,5,22,385881544,307635
threshold-income-for-each-decile-before-tax-wid,LineChart,,,de0cce67127a4f04179a92f97916f260,threshold-income-for-each-decile-before-tax-wid_v29_850x600.svg,19,39,348355648,1117496
threshold-income-marking-the-poorest-decile-vs-mean-income-wb,ScatterPlot,,,a7f7d45b42612f20907fae6301b0ea4c,threshold-income-marking-the-poorest-decile-vs-mean-income-wb_v35_850x600.svg,157,351,305605976,2704199
threshold-income-or-consumption-for-each-decile,LineChart,,,c1ef22824dbc471e4eae49348e3f7561,threshold-income-or-consumption-for-each-decile_v43_850x600.svg,12,42,407589424,1050835
ti-corruption-perception-index,WorldMap,,,fe20c3e4ed216ea194320af85829573f,ti-corruption-perception-index_v21_850x600.svg,3,23,445582224,70602
time-required-to-start-business,WorldMap,,,2b2d43f284b57187ddb4739fb90b0f2b,time-required-to-start-business_v14_850x600.svg,2,74,259015720,87211
time-spend-in-domestic-work-female-vs-male,Dumbbell,,,ecea971800d4251b27e19ed0c7effddb,time-spend-in-domestic-work-female-vs-male_v38_850x600.svg,2,29,384821328,7526
time-spent-alone-by-age-and-gender,LineChart,,,453edd4debf972e63dcc48ddc6814e58,time-spent-alone-by-age-and-gender_v38_850x600.svg,3,45,272405752,42458
time-spent-on-unpaid-care-and-domestic-work,DiscreteBar,,,74f9362b43c161e3406ba193ba469d91,time-spent-on-unpaid-care-and-domestic-work_v11_850x600.svg,2,11,353149960,8752
time-spent-with-relationships-by-age-us,LineChart,,,1181a889a0efda3d03a5ffb94ad3d632,time-spent-with-relationships-by-age-us_v44_850x600.svg,4,25,455135968,42458
time-women-and-men-spend-on-leisure,ScatterPlot,,,f12339e0f0803ab42d8f2ddafdc9c52b,time-women-and-men-spend-on-leisure_v46_850x600.svg,55,170,400606456,1843584
tobacco-production,WorldMap,,,00ffe2cd386ad0248645cc1cc4be43ae,tobacco-production_v16_850x600.svg,3,25,428417352,324883
tomato-production,WorldMap,,,d633f04b80fb17b2b3f0cef7d189e89b,tomato-production_v13_850x600.svg,5,29,285747968,383343
tomato-yields,WorldMap,,,033e8363b10b23b6641fc25a4898ad6d,tomato-yields_v17_850x600.svg,5,31,304971600,401964
top-income-tax-rates-piketty,LineChart,,,fdca90a8bfc8d943fe034f24cfe9a57b,top-income-tax-rates-piketty_v4_850x600.svg,2,15,395401440,14975
total-agricultural-area-over-the-long-term,StackedArea,,,646eda4579b70f4bed8a5ef4a652505a,total-agricultural-area-over-the-long-term_v9_850x600.svg,8,37,444596672,864831
total-agricultural-land-use-per-person,LineChart,,,78ba5bbcb1a02e260597229ede7deebc,total-agricultural-land-use-per-person_v17_850x600.svg,11,39,281789016,888464
total-alcohol-consumption-per-capita-litres-of-pure-alcohol,WorldMap,,,9c00ea8e8e06499835b9f2b7e1e26b26,total-alcohol-consumption-per-capita-litres-of-pure-alcohol_v32_850x600.svg,2,25,415610920,120767
total-applied-phosphorous-crops,WorldMap,,,fdca195bd9bdf000e1ea73cef7ae2dc8,total-applied-phosphorous-crops_v4_850x600.svg,1,16,316794784,6242
total-cancer-deaths-by-type,DiscreteBar,,,6fb21b993a2c59dbece526973631e8c3,total-cancer-deaths-by-type_v28_850x600.svg,233,264,547878200,9753674
total-cardiologists-per-million-people,DiscreteBar,,,591293f0020795c1d8ea53283d0a0d66,total-cardiologists-per-million-people_v14_850x600.svg,2,11,304718304,6245
total-confirmed-deaths-due-to-covid-19-vs-population,ScatterPlot,,,f3f8e3d6b2b40b85af1630304e04cdc5,total-confirmed-deaths-due-to-covid-19-vs-population_v3089_850x600.svg,1510,2985,829205912,16987444
total-covid-cases-deaths-per-million,LineChart,,,bb64d20405b15ffc241b4511f7b33efa,total-covid-cases-deaths-per-million_v3111_850x600.svg,1398,1618,734879968,38064150
total-daily-covid-deaths,LineChart,,,d6381a577de103ee489d5b33ed8bc683,total-daily-covid-deaths_v3117_850x600.svg,1194,1416,806768040,31253640
total-deaths-comparison,LineChart,,,686360c14409bd76d9740444e20285eb,total-deaths-comparison_v25_850x600.svg,33,76,418679552,1186384
total-disease-burden,WorldMap,,,921ced567e52d8471042cb33c4331723,total-disease-burden_v8_850x600.svg,2,29,443450656,257235
total-disease-burden-by-cause,StackedArea,,,df9082ba02119eadbb0e57912962f7b0,total-disease-burden-by-cause_v21_850x600.svg,21,43,292823240,773416
total-disease-burden-who,WorldMap,,,591ac1b3b8797222fad4cfd78f3c8be8,total-disease-burden-who_v4_850x600.svg,2,23,312576192,144776
total-factor-productivity,LineChart,,,e8bc71ca20f552cf607486ab349d6641,total-factor-productivity_v21_850x600.svg,1,44,451651136,230282
total-fertility-rate-vs-cohort-fertility-rate-vs-tempo-adjusted-tfr,LineChart,,,0d41120b4558e4827a11b583d9a0e353,total-fertility-rate-vs-cohort-fertility-rate-vs-tempo-adjusted-tfr_v14_850x600.svg,5,31,313541848,163713
total-financial-assistance-and-flows-for-agriculture-by-recipient,WorldMap,,,d1ea1e6e398406ae5a7cce5c2d28fae6,total-financial-assistance-and-flows-for-agriculture-by-recipient_v25_850x600.svg,2,25,570600696,109609
total-gdp-in-the-uk-since-1270,LineChart,,,37028c6bd72ccc54ffc36b927bb4ab35,total-gdp-in-the-uk-since-1270_v14_850x600.svg,1,14,474591392,28156
total-gdp-vs-gdp-per-capita-maddison,ScatterPlot,,,2b17e3c9e4e8e6cbd31b5dc7dff3a063,total-gdp-vs-gdp-per-capita-maddison_v14_850x600.svg,28,617,648905880,1234916
total-ghg-emissions,WorldMap,,,cf3f2a36fcd3029ff67104f833b937d8,total-ghg-emissions_v36_850x600.svg,7,56,346345944,1265807
total-ghg-emissions-excluding-lufc,WorldMap,,,d9b8751fc422779130dc064a4aaf2353,total-ghg-emissions-excluding-lufc_v22_850x600.svg,8,64,549905720,1255818
total-gov-expenditure-gdp-wdi,WorldMap,,,8fa94910b0a992e9f975ca6c93475c0a,total-gov-expenditure-gdp-wdi_v19_850x600.svg,2,23,368332408,158855
total-gov-expenditure-percapita-oecd,DiscreteBar,,,f61a1ae237576719d3d845cb55350988,total-gov-expenditure-percapita-oecd_v12_850x600.svg,1,13,575116176,26188
total-healthcare-expenditure-gdp,WorldMap,,,7e512cdd96f5db6f4a5c80edb767f5ed,total-healthcare-expenditure-gdp_v21_850x600.svg,2,21,594358216,157550
total-inward-financial-flows-from-drug-trafficking,LineChart,,,a6c4d1ece600e1b4b4574b52663ab41c,total-inward-financial-flows-from-drug-trafficking_v11_850x600.svg,2,16,340212760,261
total-live-births-hfd,LineChart,,,232b1f76af466a26e56915a302dc8cbc,total-live-births-hfd_v11_850x600.svg,2,20,338729632,82939
total-manufacturing-value-added-from-high-tech,WorldMap,,,f52eaa572f259ba8ea1ee4acea6e0c2b,total-manufacturing-value-added-from-high-tech_v16_850x600.svg,1,21,612723112,35003
total-market-capitalization-listed-domestic-companies-share-gdp,LineChart,,,0c5dc095560d4a7d64a954dee1f2d232,total-market-capitalization-listed-domestic-companies-share-gdp_v11_850x600.svg,4,21,374303648,105694
total-nitrogen-inputs-crops,WorldMap,,,42e90f46bd4836ebc8f8e813f7912731,total-nitrogen-inputs-crops_v4_850x600.svg,1,19,623616048,6258
total-number-of-births-by-birth-order,LineChart,,,06ece1dc76417eb30e6c1a86ff53783f,total-number-of-births-by-birth-order_v10_850x600.svg,9,33,368187784,266692
total-number-of-deaths-by-cause,StackedArea,,,e62430801dd8dc0b2e6dc348e63aa822,total-number-of-deaths-by-cause_v32_850x600.svg,19,34,601107712,1004258
total-number-of-people-aged-15-with-no-education-in-millions-by-continent-1970-2050,StackedArea,,,66b90687c0a9addf7c97ccbe6100bb4f,total-number-of-people-aged-15-with-no-education-in-millions-by-continent-1970-2050_v12_850x600.svg,3,17,394863624,217706
total-number-of-rcts-published-in-high-ranked-medical-journals,WorldMap,,,4222ef828fe22d81f1c24d21f23f138d,total-number-of-rcts-published-in-high-ranked-medical-journals_v18_850x600.svg,1,22,367079168,4112
total-oda-for-aid-for-trade-by-donor,WorldMap,,,c23dd26ac151291f3d6cb2dc70ac2c78,total-oda-for-aid-for-trade-by-donor_v26_850x600.svg,2,21,615316232,18515
total-oda-for-aid-for-trade-by-recipient,WorldMap,,,13a55520b649c0d21b71f7ae08e2509c,total-oda-for-aid-for-trade-by-recipient_v29_850x600.svg,2,20,382453296,84606
total-oda-for-biodiversity-by-donor,WorldMap,,,5d003a1315669e03641d27409a5e02b8,total-oda-for-biodiversity-by-donor_v25_850x600.svg,1,17,628502352,16494
total-oda-for-biodiversity-by-recipient,WorldMap,,,bece820a74722a4caebc4ea906b59386,total-oda-for-biodiversity-by-recipient_v25_850x600.svg,3,29,398785648,94404
total-oda-for-infrastructure-by-recipient,WorldMap,,,11549db406e0cb5a1b12f451d549b15c,total-oda-for-infrastructure-by-recipient_v23_850x600.svg,3,26,645812168,112058
total-oda-for-water-supply-and-sanitation-by-recipient,WorldMap,,,af31cfbb27f9a2e107f2ead7d255d903,total-oda-for-water-supply-and-sanitation-by-recipient_v25_850x600.svg,2,21,413852416,104815
total-official-development-assistance-for-technical-cooperation,WorldMap,,,77a5f159dbe53decf355cfb781f3c4fc,total-official-development-assistance-for-technical-cooperation_v14_850x600.svg,2,19,661211064,113137
total-outward-financial-flows-from-drug-trafficking,LineChart,,,3567cc704757ca89377cc3b9424beef0,total-outward-financial-flows-from-drug-trafficking_v11_850x600.svg,1,11,433003768,492
total-population-in-extreme-poverty,WorldMap,,,f9729cd66fc96c9f17d884d108318d85,total-population-in-extreme-poverty_v72_850x600.svg,2,25,630055112,88625
total-population-living-in-extreme-poverty-by-world-region,StackedArea,,,1abb40c564544b54a53d95c06734876b,total-population-living-in-extreme-poverty-by-world-region_v61_850x600.svg,2,22,414274536,88625
total-reserves-in-months-of-imports,WorldMap,,,458f1b9867d6f395023aaee32b042f5f,total-reserves-in-months-of-imports_v12_850x600.svg,2,31,434444504,119671
total-shortfall-from-extreme-poverty,WorldMap,,,35fecccfdb6f5840b0a24f6d41c8ad70,total-shortfall-from-extreme-poverty_v47_850x600.svg,4,26,674070688,115204
total-taxation-of-gdp,LineChart,,,9360d41dd1b13af10ad475345fb81005,total-taxation-of-gdp_v18_850x600.svg,6,23,662818624,278399
total-waste-generation,LineChart,,,df9e2ac06f258480ff757a16c8464134,total-waste-generation_v16_850x600.svg,5,20,643550960,164587
total-wealth-by-asset-group,DiscreteBar,,,d05bcf5c94d130d52cfa661f5fee8d28,total-wealth-by-asset-group_v12_850x600.svg,2,8,448981168,10372
total-wealth-per-capita-by-income-groups,LineChart,,,0ce43082514c568c72545d9d7c69908f,total-wealth-per-capita-by-income-groups_v9_850x600.svg,1,11,694620672,3277
tourism-gdp-proportion-of-total-gdp,WorldMap,,,9d31bd53bcd2bb801acfd8fc2f112865,tourism-gdp-proportion-of-total-gdp_v28_850x600.svg,2,21,420712744,46586
tourist-departures-per-1000-vs-gdp,ScatterPlot,,,9c8592fe367da05ecd59d64d39cb9611,tourist-departures-per-1000-vs-gdp_v41_850x600.svg,8,49,692631208,330842
trachoma-prevalence-age-standardized-ihme,WorldMap,,,771576ec39481ba97d93051f138a00c1,trachoma-prevalence-age-standardized-ihme_v48_850x600.svg,2,25,666994248,213977
trade-as-share-of-gdp,WorldMap,,,0b0a042dfe6abac31e472f452c9d60e5,trade-as-share-of-gdp_v25_850x600.svg,3,29,446488008,323595
trade-openness-in-europe,LineChart,,,a21f7e3a912ed208369ec4c7138abd1f,trade-openness-in-europe_v9_850x600.svg,1,23,679215984,12931
trade-union-membership-and-the-size-of-government-in-the-us,LineChart,,,ee673ccb6567ef7564a89ae1a13f987a,trade-union-membership-and-the-size-of-government-in-the-us_v7_850x600.svg,1,16,680481472,5730
traded-energy-share-domestic,WorldMap,,,f7fde1ba9d42e98d6cdf933e3ae1ba92,traded-energy-share-domestic_v7_850x600.svg,1,15,461540440,36997
training-computation-vs-dataset-size-in-notable-ai-systems,ScatterPlot,,,426f987355fa3b7331152b74df858169,training-computation-vs-dataset-size-in-notable-ai-systems_v44_850x600.svg,3,217,263885144,47587
training-computation-vs-parameters-in-notable-ai-systems,ScatterPlot,,,33d87f46ea9a8f9066233abd03de4ec3,training-computation-vs-parameters-in-notable-ai-systems_v36_850x600.svg,3,222,761683784,49284
transistors-per-microprocessor,LineChart,,,5a37ce2ff7d9710d00a25797a5159f33,transistors-per-microprocessor_v16_850x600.svg,1,11,481274880,1390
transparent-laws-row,WorldMap,,,4be55de2dc27df7c603cbbe01ecd530d,transparent-laws-row_v73_850x600.svg,6,40,459404472,1646722
trawling-footprint-region,DiscreteBar,,,0e3634e946229e2bf0138d5042b055d6,trawling-footprint-region_v5_850x600.svg,1,13,490860384,801
treatment-of-hazardous-waste,LineChart,,,c0e636d1976dead405f5e5b5d93e4640,treatment-of-hazardous-waste_v14_850x600.svg,3,25,473199256,84777
tree-cover-loss,WorldMap,,,fe07e6aa431036b78e57aa50eb40ba35,tree-cover-loss_v4_850x600.svg,2,21,757946568,164367
tree-cover-loss-by-dominant-driver,StackedBar,,,433daf20a3ee2ebf88d5177561bd0d09,tree-cover-loss-by-dominant-driver_v17_850x600.svg,22,64,492569064,903282
tree-cover-loss-from-wildfires,WorldMap,,,a7369659870a3ddee43175e2a13ca12d,tree-cover-loss-from-wildfires_v4_850x600.svg,4,28,184471680,121575
trials-by-intervention,LineChart,,,7e4468a943b212c8cb1ca50f1c6e45d6,trials-by-intervention_v37_850x600.svg,2,20,545723208,12672
trips-by-domestic-tourists-per-person,WorldMap,,,fa7abb83b7abe28648555fedad5139db,trips-by-domestic-tourists-per-person_v15_850x600.svg,5,30,210074016,44265
trust-another-religion,WorldMap,,,37f2706685b9b0e668e30aa30d126d3e,trust-another-religion_v3_850x600.svg,1,18,675100536,6574
trust-churches-religious-organizations,WorldMap,,,aace69a64fcb1bcf968d6b4628bf9db9,trust-churches-religious-organizations_v6_850x600.svg,1,17,777485448,13463
trust-healthcare-vs-vaccine-safety,ScatterPlot,,,d03fd53dc105df478ed950be56390a4f,trust-healthcare-vs-vaccine-safety_v15_850x600.svg,69,181,573296232,1855177
trust-in-others-vs-trust-in-police,ScatterPlot,,,d5694530feefeeadd958b53d226c2169,trust-in-others-vs-trust-in-police_v23_850x600.svg,64,171,357360864,1843297
trust-organizations-wvs,DiscreteBar,,,d2e961c259de894224f2bae2d2b0b9be,trust-organizations-wvs_v31_850x600.svg,5,18,238473032,108813
trust-people-by-group-wvs,DiscreteBar,,,d92c50dc413b60b30a9587460778d7e2,trust-people-by-group-wvs_v41_850x600.svg,2,12,796298816,39437
trust-state-institutions-wvs,DiscreteBar,,,7f638bf2473c8ddb555253db3183b625,trust-state-institutions-wvs_v29_850x600.svg,3,14,695930856,86497
tsmc-annual-revenue,StackedBar,,,eae5a11d0c0d2d213de076ed046ae009,tsmc-annual-revenue_v11_850x600.svg,2,14,209056616,775
tsunami-deaths,StackedBar,,,0a470d4dcc8f2f727166ca871cfca156,tsunami-deaths_v5_850x600.svg,2,1637,807105848,42483
tuberculosis-case-detection-rate,WorldMap,,,7179b7bfd580af23db824cb30dab8f29,tuberculosis-case-detection-rate_v16_850x600.svg,2,27,714852600,132838
tuberculosis-case-fatality-rate,WorldMap,,,439076f69dba5dab74de02a9beb1f420,tuberculosis-case-fatality-rate_v12_850x600.svg,2,23,236396600,127685
tuberculosis-cases-attributable-to-risk-factors,DiscreteBar,,,d1b79f36a5758114cdd0b5598a1d0ca0,tuberculosis-cases-attributable-to-risk-factors_v12_850x600.svg,2,11,682573256,24975
tuberculosis-cases-usa,LineChart,,,bc34cf7ac5e9f9b8a89d9388021eb4c6,tuberculosis-cases-usa_v3_850x600.svg,2,14,262169800,2161
tuberculosis-death-rate,WorldMap,,,dd3bfb96de11a1865b1e31051d6e99b3,tuberculosis-death-rate_v9_850x600.svg,2,21,699769952,154824
tuberculosis-death-rate-age-standardized,WorldMap,,,265f23dcd0c54666b71655fac295077d,tuberculosis-death-rate-age-standardized_v3_850x600.svg,2,20,240889448,147432
tuberculosis-death-rate-united-states,LineChart,,,78c03b98b470bb054e9d4cc77203c758,tuberculosis-death-rate-united-states_v4_850x600.svg,1,12,724629344,2004
tuberculosis-death-rates,WorldMap,,,d1f49e4c60da905cb47c5dd9ed9252aa,tuberculosis-death-rates_v34_850x600.svg,4,41,329819192,327475
tuberculosis-death-rates-by-age,LineChart,,,280a63c0302e73e94da7abe7c6a5707e,tuberculosis-death-rates-by-age_v27_850x600.svg,39,57,260316576,1694231
tuberculosis-deaths,WorldMap,,,13aa17e0386db87358cab65f06af052b,tuberculosis-deaths_v22_850x600.svg,3,32,700057032,335430
tuberculosis-deaths-by-age,StackedArea,,,b86bef9150428c85eacd0ebbae7abc8f,tuberculosis-deaths-by-age_v27_850x600.svg,28,41,572945320,1690022
tuberculosis-deaths-by-hiv-status,StackedArea,,,e8facde33a5bbbfa22145e29a32f6dd0,tuberculosis-deaths-by-hiv-status_v4_850x600.svg,7,16,596455368,263905
tuberculosis-deaths-including-hiv,StackedArea,,,63c451d2c114e53ea3bb470daba0900d,tuberculosis-deaths-including-hiv_v6_850x600.svg,21,34,377819752,1341795
tuberculosis-deaths-region,StackedArea,,,b5f58fb01d2e75d838ff5497e32c313b,tuberculosis-deaths-region_v23_850x600.svg,2,14,721378936,154806
tuberculosis-deaths-under-five-ihme,WorldMap,,,e528e583261c699974a04fd0c6926563,tuberculosis-deaths-under-five-ihme_v15_850x600.svg,3,27,290586800,340043
tuberculosis-deaths-united-states,LineChart,,,6f08f0c9052192edb982ee2d502b0b36,tuberculosis-deaths-united-states_v3_850x600.svg,1,13,619913768,2058
tuberculosis-deaths-who,WorldMap,,,7be0c8584114422a37dbe78d29023236,tuberculosis-deaths-who_v6_850x600.svg,2,22,735691576,154806
tuberculosis-funding-versus-budget-requirement,StackedDiscreteBar,,,f31d320afde9fefd20ca902342ad78e2,tuberculosis-funding-versus-budget-requirement_v23_850x600.svg,3,19,595347624,115247
tuberculosis-mortality-rates-excludes-people-who-are-also-infected-with-hiv,LineChart,,,945bc54fb6adc7402111f483c59ceb0e,tuberculosis-mortality-rates-excludes-people-who-are-also-infected-with-hiv_v16_850x600.svg,5,19,336604752,125198
tuberculosis-patients-with-hiv-share,WorldMap,,,44fdafe21369108241c4cc11ef7a7f92,tuberculosis-patients-with-hiv-share_v19_850x600.svg,3,22,613796600,129130
tuberculosis-treatment-success-rate-by-type,LineChart,,,237bcf6ebb7fc90babe7e34a3e4d3ae4,tuberculosis-treatment-success-rate-by-type_v24_850x600.svg,10,28,375510536,229406
tuberculosis-treatment-success-rate-in-new-and-relapsed-cases,LineChart,,,80859b6fb5960d30fe3f132dec3bcf33,tuberculosis-treatment-success-rate-in-new-and-relapsed-cases_v10_850x600.svg,2,22,733900568,140830
twentieth-century-of-deaths-us,StackedArea,,,ae7b8a290d6cf72bff5294aea7d8d1d2,twentieth-century-of-deaths-us_v12_850x600.svg,1,12,312211240,7958
types-violent-crime-rate-us,StackedArea,,,5ce6147eaafb9385c8ca79d280d27bbe,types-violent-crime-rate-us_v7_850x600.svg,2,29,297561128,6223
uk-covid-hospital-patients,LineChart,,,3abeea9067a5c9e319c0785c9066f9dc,uk-covid-hospital-patients_v876_850x600.svg,2,34,394458400,153307
uk-covid-positivity,LineChart,,,43f065e1faa10ec4fe1b46c734efbc57,uk-covid-positivity_v877_850x600.svg,30,133,747039840,5993683
uk-cumulative-covid-deaths-rate,LineChart,,,55d0f311af3de0e6d30f93039c396d32,uk-cumulative-covid-deaths-rate_v815_850x600.svg,29,120,652574560,6033232
uk-daily-covid-admissions,LineChart,,,fd9a233750875a8ac09cd95c48a4a2dc,uk-daily-covid-admissions_v883_850x600.svg,2,31,302591184,164470
uk-daily-covid-cases-7day-average,LineChart,,,077df2ccfc8ef0c30ca03914c5770a81,uk-daily-covid-cases-7day-average_v890_850x600.svg,41,184,407975200,9707823
uk-daily-covid-deaths,LineChart,,,eb3e1f6c3d5c495304258980c0ccf6b2,uk-daily-covid-deaths_v883_850x600.svg,28,128,344218920,6395148
uk-daily-new-covid-cases,LineChart,,,f75ec73539835dcff59d0391109b16f9,uk-daily-new-covid-cases_v880_850x600.svg,46,176,691116256,9638830
uk-gdp-growth-19572016,LineChart,,,5355e82a2f92ace0db34a960d59d8dce,uk-gdp-growth-19572016_v7_850x600.svg,2,12,772495848,2096
uk-gdp-growth-and-unemployment-rate,LineChart,,,334c0dfdd208fc670d6feb7fd5766e23,uk-gdp-growth-and-unemployment-rate_v7_850x600.svg,1,13,752031024,3009
uk-government-debt-as-a-percentage-of-gdp-17272016,LineChart,,,965cb483360f327fb7e5b4493f89c5d1,uk-government-debt-as-a-percentage-of-gdp-17272016_v13_850x600.svg,1,18,802402648,8077
uk-inflation-and-unemployment-rate-19892017,ScatterPlot,,,d07bb2aac8a41584680c5e2f9e3c80b7,uk-inflation-and-unemployment-rate-19892017_v16_850x600.svg,2,25,339583728,11063
uk-inflation-rate-19892019,LineChart,,,b75199c781666e16c22f718ef23e1478,uk-inflation-rate-19892019_v6_850x600.svg,1,11,429531176,1038
uk-log-of-real-gdp-per-capita-in-2011-us,LineChart,,,7583353433062ed172b2d1eb79a7acfc,uk-log-of-real-gdp-per-capita-in-2011-us_v7_850x600.svg,1,15,781730464,10102
uk-number-vehicles-miles-road-deaths,LineChart,,,3c814f4fbf8d89295066ca78fdbf2650,uk-number-vehicles-miles-road-deaths_v5_850x600.svg,4,23,419278552,10257
uk-real-gdp-per-capita-in-2011-us-dollars,LineChart,,,8adf102b935b553b07d404f2ea57755d,uk-real-gdp-per-capita-in-2011-us-dollars_v8_850x600.svg,1,14,375317832,8774
uk-unemployment-rate-19712017,LineChart,,,9cef7400b9e3a4f272c06b106e1414bb,uk-unemployment-rate-19712017_v9_850x600.svg,1,11,804479168,1578
un-peacekeeping-forces,LineChart,,,c381a6c766ba57beaf6a7df2a335030a,un-peacekeeping-forces_v13_850x600.svg,1,10,442561200,2280
un-population-2024-vs-2022,LineChart,,,1f4b5ba9bf5551df3ac2abcee564801d,un-population-2024-vs-2022_v7_850x600.svg,25,47,379947224,1285752
un-projection-of-annual-infant-deaths,LineChart,,,40cff44b3623023732817e4f4b535dc8,un-projection-of-annual-infant-deaths_v8_850x600.svg,3,22,781792104,547849
unadjusted-gender-wage-gap-including-unemployed,DiscreteBar,,,94f1ccc836bb3d6a13a93d79b95e6b00,unadjusted-gender-wage-gap-including-unemployed_v9_850x600.svg,2,11,461521752,419
under-5-mortality-rate-sdgs,WorldMap,,,36023a9858cb575383428f9ac3d65f29,under-5-mortality-rate-sdgs_v32_850x600.svg,3,29,445081856,466304
unemployment-benefit-generosity-and-unemployment-rates-across-the-oecd20002017,ScatterPlot,,,f077415ae091fd7f06ec2ec154bb7444,unemployment-benefit-generosity-and-unemployment-rates-across-the-oecd20002017_v16_850x600.svg,1,13,741776904,1889
unemployment-rate,WorldMap,,,97ab627f3d548f10f3633014ea27a596,unemployment-rate_v29_850x600.svg,2,27,805080696,208624
unemployment-rate-by-disability,ScatterPlot,,,c82e58b08a225ac41394b47aeee1363b,unemployment-rate-by-disability_v18_850x600.svg,2,35,411224384,58443
unemployment-rate-for-young-people,WorldMap,,,80500a5580dac501aa2dc1d738a25103,unemployment-rate-for-young-people_v14_850x600.svg,2,64,718888712,212430
unemployment-rate-of-males-vs-females,ScatterPlot,,,3a8598363dd7781c36ca49168a54385d,unemployment-rate-of-males-vs-females_v34_850x600.svg,8,55,786291304,429493
unemployment-rate-women,WorldMap,,,9ba2cfc6fcbfed76fb6372dc38fe7534,unemployment-rate-women_v14_850x600.svg,3,30,473430936,210399
unemployment-rate-young-vs-older-adults,LineChart,,,a6d3776fa1494b8db53c00e9ac2b8270,unemployment-rate-young-vs-older-adults_v11_850x600.svg,8,23,757062656,458277
unemployment-rates-in-selected-oecd-countries-,LineChart,,,5cc9aa9ec5691dc80c4cfc5e4fc6d739,unemployment-rates-in-selected-oecd-countries-_v11_850x600.svg,1,16,456124240,17459
unemployment-rates-of-two-high-and-two-low-labor-market-performers,LineChart,,,2457b4d968b0447471b3665bf206a381,unemployment-rates-of-two-high-and-two-low-labor-market-performers_v8_850x600.svg,1,15,400565824,17459
unintentional-injuries-death-rate-by-age-group-who-mdb,DiscreteBar,,,2627824b23fe542b74515c4aa69af030,unintentional-injuries-death-rate-by-age-group-who-mdb_v11_850x600.svg,51,67,743319136,2974478
union-wage-bargaining-coverage-and-unemployment-across-the-oecd-20002017,ScatterPlot,,,64a729f56612e2ffbc35341348c8d672,union-wage-bargaining-coverage-and-unemployment-across-the-oecd-20002017_v19_850x600.svg,1,19,505075544,1868
united-nations-membership-status,WorldMap,,,0e74ecc2fe2d6f16040fd4b811665687,united-nations-membership-status_v18_850x600.svg,3,25,421825792,553243
united-nations-peacekeeping-forces,StackedBar,,,b25bbd74ad05ef34b034f5cb0cb2a275,united-nations-peacekeeping-forces_v15_850x600.svg,2,13,815780000,6332
united-states-rates-of-covid-19-deaths-by-vaccination-status,LineChart,,,b83b34c2ce0b2faf9dc32b1ee88ff5cb,united-states-rates-of-covid-19-deaths-by-vaccination-status_v86_850x600.svg,2,18,496584968,52635
universal-health-coverage-index,WorldMap,,,9746b247bd941f0395d83c94f367e161,universal-health-coverage-index_v20_850x600.svg,2,20,831717096,134193
universal-right-to-vote-in-practice,WorldMap,,,163f690c7e41d2a28c65b672298385f5,universal-right-to-vote-in-practice_v47_850x600.svg,40,77,473754600,1828824
universal-suffrage-lexical,WorldMap,,,ff1843c6d2983e0f162cc6a9807f4298,universal-suffrage-lexical_v38_850x600.svg,6,40,769553544,1828824
universal-suffrage-men-lexical,WorldMap,,,dec7ae657af4c7af08047611175b00c9,universal-suffrage-men-lexical_v39_850x600.svg,6,43,522158296,1828824
universal-suffrage-women-lexical,WorldMap,,,7efc26598111b261fd87ffeea5314801,universal-suffrage-women-lexical_v31_850x600.svg,6,40,805046624,1828824
unmet-need-for-contraception-share-of-married-women-of-reproductive-age,WorldMap,,,2df539a06bc826b2457037067784c67f,unmet-need-for-contraception-share-of-married-women-of-reproductive-age_v22_850x600.svg,2,26,796642768,28844
unsentenced-detainees-as-proportion-of-prison-population,WorldMap,,,3a2d9f8ecbf2a62f749abc0aa28b862c,unsentenced-detainees-as-proportion-of-prison-population_v20_850x600.svg,1,21,541496424,84510
unusually-high-precipitation-usa,LineChart,,,c3595bbdba84b03a233ef7fb53722f1a,unusually-high-precipitation-usa_v6_850x600.svg,2,18,461110016,8069
upper-secondary-completion-rate-adjusted-gender-parity-index,WorldMap,,,581ad54b6607b46f0fd47e17d1a86eef,upper-secondary-completion-rate-adjusted-gender-parity-index_v14_850x600.svg,2,25,822988176,243218
urban-agglomerations-1-million-percent,WorldMap,,,d722e270efd1865a70271c9071be8bdc,urban-agglomerations-1-million-percent_v21_850x600.svg,5,48,783249464,184915
urban-agglomerations-more-than-1-million,WorldMap,,,3d4b83eef0cb7c1891013102d454f432,urban-agglomerations-more-than-1-million_v18_850x600.svg,6,41,459331368,182594
urban-and-rural-population,LineChart,,,fb28664c43b651b5b7c6155ac133d711,urban-and-rural-population_v32_850x600.svg,23,57,540032248,1394354
urban-and-rural-population-2050,StackedArea,,,124168a6d8dee41f4bcece375eff00e5,urban-and-rural-population-2050_v15_850x600.svg,50,70,820910472,2587049
urban-area-long-term,LineChart,,,b14a2632cb013594133be2a60652819b,urban-area-long-term_v10_850x600.svg,6,40,197236856,917474
urban-improved-water-access-vs-rural-water-access,ScatterPlot,,,af027a224c0f6087fc673bdda3a02fa1,urban-improved-water-access-vs-rural-water-access_v23_850x600.svg,9,54,576218512,328982
urban-policies-population-dynamics,WorldMap,,,699817b08a709765cf6b9aa6928fc982,urban-policies-population-dynamics_v14_850x600.svg,2,17,470658136,13387
urban-pop-in-out-of-slums,WorldMap,,,7ff8f8610c633ad6e1e48292821d1deb,urban-pop-in-out-of-slums_v26_850x600.svg,2,19,836988920,64051
urban-population-share-2050,WorldMap,,,fca894f87e05968868667a54b5c49392,urban-population-share-2050_v18_850x600.svg,37,175,896046672,1284623
urban-population-vs-female-labor-force-participation-rate,ScatterPlot,,,f51a5db64e9c3f434fe989836c5b79b1,urban-population-vs-female-labor-force-participation-rate_v20_850x600.svg,105,290,292211376,2754888
urban-population-with-improved-water,WorldMap,,,f1dd22321706975dc96e3b56d838a557,urban-population-with-improved-water_v12_850x600.svg,2,23,492177584,164332
urban-share-european-commission,WorldMap,,,00dee97a9f152bb5b6de26f1a6adce87,urban-share-european-commission_v20_850x600.svg,7,28,866558952,258123
urban-vs-rural-majority,WorldMap,,,bcd859006c0d839812d97245c0ab5ca6,urban-vs-rural-majority_v22_850x600.svg,6,49,523190880,1057727
urban-vs-rural-population-safely-managed-sanitation,ScatterPlot,,,dfc0703025131e13ed40addc51e55a95,urban-vs-rural-population-safely-managed-sanitation_v18_850x600.svg,6,43,572033824,221775
urban-vs-rural-population-using-at-least-basic-sanitation,ScatterPlot,,,b21dc0b268bc15aa7980de7c5d0583bf,urban-vs-rural-population-using-at-least-basic-sanitation_v15_850x600.svg,7,46,898600368,328216
urban-vs-rural-safely-managed-drinking-water-source,ScatterPlot,,,4c6cbd4d759abd30b44f03eb4dc842d2,urban-vs-rural-safely-managed-drinking-water-source_v21_850x600.svg,4,32,546126776,191474
urban-vs-rural-using-at-least-basic-drinking-water,ScatterPlot,,,eb42e4e390aa5b602917403761ff2d48,urban-vs-rural-using-at-least-basic-drinking-water_v15_850x600.svg,7,49,598906592,330121
urbanization-vs-gdp,ScatterPlot,,,b87765b4a3390a6186f08fa16f3a2626,urbanization-vs-gdp_v35_850x600.svg,88,248,976437056,2775376
us-covid-19-share-people-vaccinated,LineChart,,,4b9dc3f66893ab096019508d05530b80,us-covid-19-share-people-vaccinated_v4566_850x600.svg,6,77,234374912,938560
us-covid-19-total-people-vaccinated,LineChart,,,63c1e3b39980b4459b064a36c4869cb0,us-covid-19-total-people-vaccinated_v4563_850x600.svg,6,59,564479408,1043365
us-covid-number-fully-vaccinated,LineChart,,,45b50f1bb30118fba521b2b9bbf93c57,us-covid-number-fully-vaccinated_v4565_850x600.svg,6,49,605193056,1037036
us-covid-share-fully-vaccinated,LineChart,,,9c59c29f9297594615c1553e5757db9c,us-covid-share-fully-vaccinated_v4561_850x600.svg,6,51,816552480,934513
us-daily-covid-vaccine-doses-administered,LineChart,,,cdf7311d8cc2a4a34d60b4370896a26e,us-daily-covid-vaccine-doses-administered_v4566_850x600.svg,10,73,204538264,1627904
us-daily-covid-vaccine-doses-per-100,LineChart,,,d36cda159292571e88e28ae248a238f1,us-daily-covid-vaccine-doses-per-100_v4565_850x600.svg,14,79,569533568,1518079
us-healthcare-expenditure,StackedArea,,,a306204cb48bfdda1ce1363f6fc0be89,us-healthcare-expenditure_v5_850x600.svg,2,10,622524320,1222
us-state-covid-vaccines-per-100,LineChart,,,1c7d2e2b1ac54a7e7b3b7f05ba23e994,us-state-covid-vaccines-per-100_v4571_850x600.svg,5,47,827979928,957939
us-total-covid-19-vaccine-doses-administered,LineChart,,,40992aa5ffe8768599f681f4add36bec,us-total-covid-19-vaccine-doses-administered_v4568_850x600.svg,6,45,300868616,1061090
us-women-are-overrepresented-in-low-wage-occupations,DiscreteBar,,,b9df885f8ffb3c6da139ce1642cf1b10,us-women-are-overrepresented-in-low-wage-occupations_v4_850x600.svg,1,9,641089160,347
use-of-crf-tools-by-providers-of-dev-cooperation,DiscreteBar,,,1a2fb8e3a890476fab04a180a0918257,use-of-crf-tools-by-providers-of-dev-cooperation_v25_850x600.svg,2,10,220544520,8495
use-of-interpolation-and-extrapolation-on-gini-data,ScatterPlot,,,94251af50eb5ee37d89d2881fe94699d,use-of-interpolation-and-extrapolation-on-gini-data_v17_850x600.svg,63,194,676807104,2113724
use-of-statins-for-primary-prevention-of-cardiovascular-disease,DiscreteBar,,,c536736f05def64d137cab12e998e84d,use-of-statins-for-primary-prevention-of-cardiovascular-disease_v21_850x600.svg,1,13,250848304,1551
use-of-statins-for-secondary-prevention-amongst-eligibible-individuals,DiscreteBar,,,2021e09d09ecae8886b1701da25abd10,use-of-statins-for-secondary-prevention-amongst-eligibible-individuals_v18_850x600.svg,2,14,598624040,1631
utilization-of-statins,WorldMap,,,be21ebdc1a6b7a73f4173390ac492563,utilization-of-statins_v17_850x600.svg,1,15,840374608,4064
vaccination-coverage-by-income-in,ScatterPlot,,,761fd910c844fa36f67e238bd1dcf138,vaccination-coverage-by-income-in_v39_850x600.svg,74,208,410071592,2450292
vaccination-coverage-dpt-by-extreme-poverty,ScatterPlot,,,76c45d4bd647aaca482282561b1894fc,vaccination-coverage-dpt-by-extreme-poverty_v52_850x600.svg,74,220,312250176,2208311
value-added-growth-vs-emissions-growth-china,ScatterPlot,,,924d90d68d7b81388b51235d565bd9c3,value-added-growth-vs-emissions-growth-china_v17_850x600.svg,1,16,593443672,2318
value-added-growth-vs-emissions-growth-germany,ScatterPlot,,,5fee5ea8456320bae8cae161a1d324d7,value-added-growth-vs-emissions-growth-germany_v18_850x600.svg,1,15,820256848,2299
value-added-growth-vs-emissions-growth-usa,ScatterPlot,,,1e1dab682898a23924ba2a982ebde6e5,value-added-growth-vs-emissions-growth-usa_v14_850x600.svg,1,16,597081088,2294
value-added-in-the-agricultural-sector-as-of-gdp-vs-gdp-per-capita,ScatterPlot,,,56ccf54ac293ffb4f804b3f8e897822a,value-added-in-the-agricultural-sector-as-of-gdp-vs-gdp-per-capita_v28_850x600.svg,69,218,920053928,2407086
value-added-vs-share-of-emissions-china,ScatterPlot,,,648be4d809fecccf20aa95b4c2e550de,value-added-vs-share-of-emissions-china_v14_850x600.svg,1,14,960398040,2204
value-added-vs-share-of-emissions-germany,ScatterPlot,,,2ca5d4ad2ccdefc8aee8517075620874,value-added-vs-share-of-emissions-germany_v15_850x600.svg,1,15,605348040,2199
value-added-vs-share-of-emissions-usa,ScatterPlot,,,e6a2692c2bdeff55412ed067ac534692,value-added-vs-share-of-emissions-usa_v13_850x600.svg,2,15,999265656,2200
value-imports-by-region-origin,StackedArea,,,3380c9037a35d883c055f9015a9f5a3b,value-imports-by-region-origin_v46_850x600.svg,40,57,623337048,2727603
value-of-agricultural-production,WorldMap,,,582650c2244faaf4661691e479293f98,value-of-agricultural-production_v12_850x600.svg,3,26,979226768,201689
value-of-exported-goods-and-services,WorldMap,,,6049e18b903860b4e841466605b47927,value-of-exported-goods-and-services_v24_850x600.svg,3,32,705634864,282225
value-of-imported-goods-and-services,LineChart,,,120dcfe35791778ee458d05daffc8c06,value-of-imported-goods-and-services_v21_850x600.svg,4,25,987165176,282910
varieties-democracy-vdem,LineChart,,,47679cb59a3c5091cd296e46fc411c84,varieties-democracy-vdem_v40_850x600.svg,82,105,662421616,4401885
various-measures-of-child-labour-incidence,LineChart,,,a70ba9d2369d682d33e2dbd320a8af93,various-measures-of-child-labour-incidence_v6_850x600.svg,1,13,290461864,967
various-measures-of-national-savinginvestment-per-capita-in-international-dollars,LineChart,,,16b410896f947d63f4be13036311c4d4,various-measures-of-national-savinginvestment-per-capita-in-international-dollars_v6_850x600.svg,3,25,718391216,144789
various-sources-of-the-total-value-of-exports-as-a-share-of-gdp,LineChart,,,136c5fb372116c80777b526d316bad35,various-sources-of-the-total-value-of-exports-as-a-share-of-gdp_v93_850x600.svg,51,76,417310168,1821151
vegetable-consumption-per-capita,WorldMap,,,c193c6708e7c5c98821bb434575f2414,vegetable-consumption-per-capita_v11_850x600.svg,3,33,1020534016,438032
vegetable-oil-production,LineChart,,,e237053f717a94d9c6bfd29dffdd6de9,vegetable-oil-production_v13_850x600.svg,71,89,331354224,2535991
vegetable-oil-vs-gdp,ScatterPlot,,,613484fe6a370111d04f596f4e6c622d,vegetable-oil-vs-gdp_v11_850x600.svg,14,77,733481352,686178
vegetable-supply-per-person-vs-gdp-per-capita,ScatterPlot,,,b43829c7ca4292eaa2ac4b018fbd7f95,vegetable-supply-per-person-vs-gdp-per-capita_v32_850x600.svg,83,229,1097094168,2520977
views-of-americans-robot-vs-human-intelligence,StackedBar,,,e48839e47b14132f679f593e8c6a7577,views-of-americans-robot-vs-human-intelligence_v29_850x600.svg,2,12,690426392,12606
violent-crime-rate-us,StackedArea,,,48f18f6de79cf42046d50a98973c27b2,violent-crime-rate-us_v9_850x600.svg,1,10,891673672,1556
visitors-transit-covid,WorldMap,,,c9fb9128d0ca3418866ef36e13354d15,visitors-transit-covid_v715_850x600.svg,19,237,494343928,3770707
vitamin-a-supplementation-coverage-rate-children-ages-6-59-months,WorldMap,,,7438a8430692007e07b21f72c6e205be,vitamin-a-supplementation-coverage-rate-children-ages-6-59-months_v19_850x600.svg,1,16,669947600,35858
voter-turnout-of-registered-voters,WorldMap,,,c6f79f01f7a9b31df14a8cdefd1096be,voter-turnout-of-registered-voters_v26_850x600.svg,4,79,949389072,138896
voter-turnout-of-voting-age-population,WorldMap,,,d5ae9e44d0bf86a1ff23dd89f6ff5b40,voter-turnout-of-voting-age-population_v29_850x600.svg,4,67,325245704,107556
wage-of-craftsmen-relative-to-that-of-laborers-in-england-1200-2000,LineChart,,,7074d6cb5e311bf3419ed985f54eb54f,wage-of-craftsmen-relative-to-that-of-laborers-in-england-1200-2000_v14_850x600.svg,2,13,695226256,2301
wages-relative-to-the-cost-of-capital,LineChart,,,7a0057df6a9d21acd490c2058e084e1e,wages-relative-to-the-cost-of-capital_v15_850x600.svg,2,24,714207736,15843
wages-relative-to-the-price-of-energy,DiscreteBar,,,d527ac1616aac8c7dc7c088152698cb2,wages-relative-to-the-price-of-energy_v18_850x600.svg,1,9,751194512,240
wanted-fertility-rate,WorldMap,,,557d25946d0d6e1dbaaf93a5ff649c56,wanted-fertility-rate_v32_850x600.svg,1,14,337548480,8675
war-rate-by-type-project-mars,StackedBar,,,3db95010e0efe553f8ce7172b3a884a7,war-rate-by-type-project-mars_v28_850x600.svg,3,79,936188328,70418
war-rate-correlates-of-war,StackedBar,,,5ff543376f2ba36c9a5757ac8bc660c2,war-rate-correlates-of-war_v28_850x600.svg,4,90,758993032,170568
warm-season-deaths-climate,StackedDiscreteBar,,,79d45246be2b14c6fc6a005bc7a2ca88,warm-season-deaths-climate_v3_850x600.svg,1,14,697734912,2599
warming-fossil-fuels-land-use,StackedArea,,,327bde9c02f2eda3b6e69b9b4e1da4b9,warming-fossil-fuels-land-use_v10_850x600.svg,47,115,332600152,2936059
waste-items-ocean-region,DiscreteBar,,,86751a7c981588cedd52e2d7137bf4e9,waste-items-ocean-region_v7_850x600.svg,2,35,729381312,2199
wastewater-safely-treated,WorldMap,,,5a576a633daca64d087f127373800a2d,wastewater-safely-treated_v20_850x600.svg,2,16,949968104,13378
water-basins-cooperation-plan,DiscreteBar,,,74ef447b8675564e49108cafe45b9cf4,water-basins-cooperation-plan_v19_850x600.svg,1,11,1113809584,24620
water-bodies-good-water-quality,DiscreteBar,,,2af6a1220357ed249e37d712fae433ca,water-bodies-good-water-quality_v17_850x600.svg,3,38,222817024,32446
water-per-protein-poore,DiscreteBar,,,d3ec3ebac00b0d505c693dbf90338dee,water-per-protein-poore_v19_850x600.svg,3,14,465174976,1108
water-productivity,WorldMap,,,e2bf0d55a07c0a571a2acbe01ab77bda,water-productivity_v21_850x600.svg,3,22,1132479376,226415
water-withdrawals-per-capita,WorldMap,,,a4f68d267eeaed5628fe14166e38ee82,water-withdrawals-per-capita_v8_850x600.svg,2,21,770369800,18716
water-withdrawals-per-kg-poore,DiscreteBar,,,fe05ec9708cd113902e8c20f3512429c,water-withdrawals-per-kg-poore_v18_850x600.svg,12,27,183716048,1271
wealth-per-capita-by-asset-group,DiscreteBar,,,7d811a0bb8b4056cce10ba5eb9d0d105,wealth-per-capita-by-asset-group_v12_850x600.svg,5,15,355482336,195100
wealth-share-richest-1-percent,WorldMap,,,28d71b6bb1efc82f6469ed1f8e1c6801,wealth-share-richest-1-percent_v22_850x600.svg,2,44,498245128,329788
wealth-share-richest-10-percent,WorldMap,,,e2f87c8190353aac8460f451572cd218,wealth-share-richest-10-percent_v27_850x600.svg,3,40,389888712,329806
weather-forecast-spending,DiscreteBar,,,643c6717a575f4fb13212142de1902a8,weather-forecast-spending_v4_850x600.svg,2,15,1106861696,417
weather-losses-share-gdp,StackedBar,,,7c0fc6b44e93c5c9866f9c82a03d63f6,weather-losses-share-gdp_v3_850x600.svg,2,15,790849984,865
weekly-area-burnt-by-wildfires,WorldMap,,,e00fe29d6d68b9ef1c1da23ea9614342,weekly-area-burnt-by-wildfires_v15_850x600.svg,32,208,290501632,5309663
weekly-covid-cases,WorldMap,,,c5bc10519297b334226654bc2e054195,weekly-covid-cases_v3029_850x600.svg,96,894,382397864,15496106
weekly-covid-cases-per-million-people,WorldMap,,,6786f8327f6a8aa1b2eb7e259f7e250d,weekly-covid-cases-per-million-people_v2959_850x600.svg,86,865,459885048,17454973
weekly-covid-deaths,LineChart,,,6b52ed95925579230f82150cc8333328,weekly-covid-deaths_v3029_850x600.svg,85,423,1235278448,15000104
weekly-covid-deaths-per-million-people,WorldMap,,,e3281d87a7d2cac19575fa640814506f,weekly-covid-deaths-per-million-people_v2589_850x600.svg,82,837,372272992,16548221
weekly-cumulative-share-of-the-area-burnt-by-wildfires-each-year,LineChart,,,18f8024e46ea0d93d4c085e7ffb4642e,weekly-cumulative-share-of-the-area-burnt-by-wildfires-each-year_v24_850x600.svg,126,149,402759168,5468362
weekly-growth-covid-cases,WorldMap,,,a4ed765847453645f5f5c04dd85d945e,weekly-growth-covid-cases_v3034_850x600.svg,61,645,547892392,9820037
weekly-growth-covid-deaths,WorldMap,,,e4c626a89ac698976edcf6500d6c3cd8,weekly-growth-covid-deaths_v3045_850x600.svg,42,463,428608824,6092857
weekly-hospital-admissions-covid,LineChart,,,424e63474fb5cb9dc6458ff5f6accf7f,weekly-hospital-admissions-covid_v1504_850x600.svg,5,60,1270066776,661592
weekly-hospital-admissions-covid-per-million,LineChart,,,c0e6137aa27b834a662e9a9575d4ec8e,weekly-hospital-admissions-covid-per-million_v1499_850x600.svg,5,56,1250384512,726100
weekly-hours-worked-by-children-7-14-vs-gdp-per-capita-ppp,ScatterPlot,,,adbd249f78d7da54e7872bd862e9e46a,weekly-hours-worked-by-children-7-14-vs-gdp-per-capita-ppp_v33_850x600.svg,65,198,1307276816,2086867
weekly-icu-admissions-covid,LineChart,,,d6bb5ce6cf253bcfd225b0428567b5ed,weekly-icu-admissions-covid_v1504_850x600.svg,3,36,443239208,282369
weekly-icu-admissions-covid-per-million,LineChart,,,00909e777b71d9a6149875823b22c293,weekly-icu-admissions-covid-per-million_v1496_850x600.svg,3,47,467625736,312427
weekly-share-of-the-total-land-area-burnt-by-wildfires,WorldMap,,,36d8a1227946b08572e025790771e1fa,weekly-share-of-the-total-land-area-burnt-by-wildfires_v14_850x600.svg,34,232,642516272,5538991
weekly-work-hours-vs-gdp-per-capita,ScatterPlot,,,8c0d7f910e7b1899956b1ff103a2c770,weekly-work-hours-vs-gdp-per-capita_v17_850x600.svg,27,241,494813584,666962
weighted-carbon-price-ets,WorldMap,,,09207f02c357e04c24f38421a724fa33,weighted-carbon-price-ets_v20_850x600.svg,2,23,1329911824,196607
were-flu-vaccines-available-in-the-country,WorldMap,,,2eb6c592a9b2f6b5d6c9318c1c0c8976,were-flu-vaccines-available-in-the-country_v16_850x600.svg,1,20,467505760,19117
whale-catch,LineChart,,,e04dfc438dd2e7fc5278f17b65616f01,whale-catch_v15_850x600.svg,6,27,418729032,135424
whale-populations,SlopeChart,,,aa003d9fec882f6a5e659716d8e01a92,whale-populations_v11_850x600.svg,1,20,410711592,576
whales-killed-per-decade,StackedBar,,,f7d12290983d5c7aa919bdd8e07c45d9,whales-killed-per-decade_v12_850x600.svg,1,13,392095376,1528
what-percentage-of-the-us-public-approves-of-working-wives,LineChart,,,b9c3b45ef242cc06c1980d6f6229083b,what-percentage-of-the-us-public-approves-of-working-wives_v5_850x600.svg,1,12,1349626880,603
wheat-exports-ukraine-russia-perspective,StackedDiscreteBar,,,6cf0ba394f5550b853acddd9fb17fd10,wheat-exports-ukraine-russia-perspective_v15_850x600.svg,3,17,460325552,15601
wheat-production,WorldMap,,,361cbf6c9a5c1f248fa6d86700084c22,wheat-production_v11_850x600.svg,2,20,1321187296,312224
wheat-yields,WorldMap,,,d927ffc17de7e6fb620e1e7d0277f2f5,wheat-yields_v17_850x600.svg,3,28,424055288,321791
which-countries-include-malaria-vaccines-in-their-vaccination-schedules,WorldMap,,,0e03abefb151c8395ee4b22da3df2e79,which-countries-include-malaria-vaccines-in-their-vaccination-schedules_v6_850x600.svg,1,19,426792736,60794
who-americans-spend-their-time-with,LineChart,,,ed059ddfc5a6bbc34ca47debe7e666a8,who-americans-spend-their-time-with_v105_850x600.svg,2,19,491474448,16947
who-regions,WorldMap,,,fd364c272a76edc5e0474c505bc3371b,who-regions_v15_850x600.svg,2,15,503787528,9282
who-vs-gbd-incidence-of-tetanus,LineChart,,,fd3f12db88893ef770943fc030f15c85,who-vs-gbd-incidence-of-tetanus_v33_850x600.svg,11,25,1361404920,491536
wild-caught-fish,LineChart,,,9b9adbba6f30725311689d8f5124b1ad,wild-caught-fish_v12_850x600.svg,2,16,450027352,27108
wild-fish-allocation,StackedArea,,,01488a9b891128157cbfff85dce00864,wild-fish-allocation_v9_850x600.svg,28,78,404617824,949728
wild-fish-catch-gear-type,LineChart,,,8531a69253bb7eb5d3bea0eb044096e3,wild-fish-catch-gear-type_v5_850x600.svg,44,58,422343712,1829095
wildfire-numbers-usa,StackedBar,,,1b8eb599d0bd69bcd09b60af7df77719,wildfire-numbers-usa_v6_850x600.svg,1,13,1329449504,1159
wildlife-exports,LineChart,,,652bf20ea3fcb482019fe26c2f4dbbe5,wildlife-exports_v5_850x600.svg,1,19,491863064,10368
willingness-climate-action,ScatterPlot,,,f7e02557b31f60f5d39d5e558a58ea85,willingness-climate-action_v7_850x600.svg,2,23,1362788248,16516
wind-electricity-per-capita,WorldMap,,,de357ff59a5278a484e7f0c094067786,wind-electricity-per-capita_v33_850x600.svg,5,28,519290216,236338
wind-energy-consumption-by-region,StackedArea,,,0b890b564978fa8a0d07b6837c496f84,wind-energy-consumption-by-region_v18_850x600.svg,3,22,451731728,186599
wind-energy-consumption-vs-installed-wind-energy-capacity,ScatterPlot,,,c48765266cdf57916e24806144523aec,wind-energy-consumption-vs-installed-wind-energy-capacity_v20_850x600.svg,9,47,617799032,296274
wind-generation,WorldMap,,,057ff25ee962bfde5f100c5be2d02948,wind-generation_v35_850x600.svg,4,34,445603200,261218
wind-share-energy,WorldMap,,,7dfb455d8a7aac2326dde6820534794d,wind-share-energy_v26_850x600.svg,5,21,520505160,193631
wine-as-share-alcohol-consumption,WorldMap,,,d102b35457ea72337dc7346f670ecd59,wine-as-share-alcohol-consumption_v14_850x600.svg,2,18,1378909792,121504
wine-consumption-per-capita,WorldMap,,,93ef3144f236c25648dc475af4fbb1a4,wine-consumption-per-capita_v24_850x600.svg,2,29,447284720,304742
wine-production,WorldMap,,,f120576c138b2b8daa6e3b16dcfda5f8,wine-production_v10_850x600.svg,2,23,536414648,189524
winter-temperature-anomalies,StackedBar,,,0368ed1419269b7d0698de6e29425e48,winter-temperature-anomalies_v18_850x600.svg,36,176,562797592,1927815
women-and-men-have-equal-rights-to-immovable-property,WorldMap,,,e4fc4359cbdd8208a0b1d8f76173a98c,women-and-men-have-equal-rights-to-immovable-property_v15_850x600.svg,3,28,470383152,260445
women-believe-husband-justified-beating-wife,WorldMap,,,1f23c3f897fbee23301ddefa3072d284,women-believe-husband-justified-beating-wife_v21_850x600.svg,1,21,1403318688,15001
women-business-and-the-law-index,WorldMap,,,6838028a87d19d3d92785e93e5905108,women-business-and-the-law-index_v28_850x600.svg,3,30,644233792,321351
women-can-apply-passport-same-as-men,WorldMap,,,c09fff034d089f41203f63da77c096fa,women-can-apply-passport-same-as-men_v27_850x600.svg,2,26,469033152,260445
women-can-obtain-divorce-same-as-men,WorldMap,,,1bb1ac5ccbb1072a74d623a47f97778b,women-can-obtain-divorce-same-as-men_v32_850x600.svg,3,28,512306296,260445
women-can-open-bank-account-same-as-men,WorldMap,,,f524c4ebb607e85cbe69fee5833015a1,women-can-open-bank-account-same-as-men_v30_850x600.svg,3,27,1373990288,260445
women-can-register-a-business-in-the-same-way-as-men,WorldMap,,,77491929589bdff127889ca6b963865a,women-can-register-a-business-in-the-same-way-as-men_v28_850x600.svg,2,25,446472408,260445
women-can-sign-a-contract-same-as-men,WorldMap,,,fef44baf5d46645d8e8eb6fbc14525ae,women-can-sign-a-contract-same-as-men_v36_850x600.svg,3,41,504255384,260445
women-can-take-the-same-jobs-as-men,WorldMap,,,692e6e19031ccaec456ffc8a63c485b2,women-can-take-the-same-jobs-as-men_v25_850x600.svg,3,28,666050408,260445
women-choose-where-to-live-same-way-as-men,WorldMap,,,04609ffa772f3d3082b5db443027a7db,women-choose-where-to-live-same-way-as-men_v29_850x600.svg,2,26,532353024,260445
women-civil-liberties-index,WorldMap,,,524d2491849defae6923b9c9f6dd29e0,women-civil-liberties-index_v38_850x600.svg,27,106,1454724928,1062744
women-civil-society-participation-index,WorldMap,,,babe350936aa140f9c74b6c9060f5c2d,women-civil-society-participation-index_v39_850x600.svg,32,118,480725424,1049470
women-have-the-same-rights-to-remarry-as-men,WorldMap,,,94ea49821622978da055b47e88992a85,women-have-the-same-rights-to-remarry-as-men_v41_850x600.svg,2,27,637915400,260445
women-high-blood-pressure,WorldMap,,,5c339ce7f0edb8ae7ac4884d8dd529ec,women-high-blood-pressure_v16_850x600.svg,3,23,553904376,178342
women-informed-decisions-health-sexual-relations,WorldMap,,,9a5eac479cb0ecbb35251e7b3b6f226a,women-informed-decisions-health-sexual-relations_v32_850x600.svg,3,26,520982512,4112
women-married-by-age-15,WorldMap,,,ef1a3dc26a176676dedb22bb1ab5cba7,women-married-by-age-15_v22_850x600.svg,1,17,576057944,5259
women-married-by-age-18,WorldMap,,,c660174afee27df1a814494998406c72,women-married-by-age-18_v29_850x600.svg,2,30,662966760,21763
women-political-empowerment-index,WorldMap,,,55fac918d99183e691f173049ca646fe,women-political-empowerment-index_v46_850x600.svg,29,110,577410816,890142
women-political-empowerment-index-vs-electoral-democracy-index,ScatterPlot,,,65ccf6267f885e70b49c0c06f3c0ca8b,women-political-empowerment-index-vs-electoral-democracy-index_v58_850x600.svg,52,186,558324240,1915209
women-political-participation-index,WorldMap,,,02529c331c7dff73be91091b9cf76c34,women-political-participation-index_v46_850x600.svg,20,98,600016792,900451
women-required-to-obey-husband,WorldMap,,,8636c4be40b057e182d6101ce4f4230d,women-required-to-obey-husband_v17_850x600.svg,3,28,684863680,260445
women-survival-to-age-65,WorldMap,,,61a6061700706b90fcd6adb3a804e208,women-survival-to-age-65_v20_850x600.svg,4,30,1429834136,493135
women-who-experienced-sexual-violence-by-age-18,WorldMap,,,901144a68a6a75746c7e94cf834e7bc0,women-who-experienced-sexual-violence-by-age-18_v23_850x600.svg,1,15,492414056,2294
women-who-have-next-birth-parity-progression-ratio,LineChart,,,a2a1690e8f51b039049d529a95a8178c,women-who-have-next-birth-parity-progression-ratio_v14_850x600.svg,3,20,489055984,67438
womens-economic-opportunity-2012-index,WorldMap,,,9478507c1e16e275a9fea008e4fa95f9,womens-economic-opportunity-2012-index_v12_850x600.svg,1,17,698890472,4965
womens-educational-attainment-vs-fertility,ScatterPlot,,,51bef50552955bfeae1f6d4052feca96,womens-educational-attainment-vs-fertility_v34_850x600.svg,67,200,1486806872,2534526
womens-life-expectancy-at-birth,WorldMap,,,58031bc0a6c0c7baffe21430e5a0cdef,womens-life-expectancy-at-birth_v31_850x600.svg,5,42,602014784,572793
womens-weekly-earnings-as-a-percentage-of-mens-by-age-bureau-of-labor-statistics-2017,LineChart,,,2895c91fabcea509aea3d3ed5a5fb376,womens-weekly-earnings-as-a-percentage-of-mens-by-age-bureau-of-labor-statistics-2017_v14_850x600.svg,1,13,675881488,3377
work-hours-per-week,LineChart,,,9ce35294215cbe9458f5393f6199e9b7,work-hours-per-week_v10_850x600.svg,1,13,514209488,4740
working-children-out-of-school-ages-7-14-vs-hours-worked-by-children-ages-7-14,ScatterPlot,,,de911033c02b23bcdc964fedc5dc19bb,working-children-out-of-school-ages-7-14-vs-hours-worked-by-children-ages-7-14_v35_850x600.svg,62,178,682739288,1854078
working-hours-uk-millennium,LineChart,,,806a5702b85cbf4a61ca6bd62e24660b,working-hours-uk-millennium_v28_850x600.svg,1,15,537669864,22685
working-hours-vs-hourly-wage,ScatterPlot,,,353ef739e942e389eb15cc164fd6d150,working-hours-vs-hourly-wage_v40_850x600.svg,65,194,726973208,1868855
workplace-closures-covid,WorldMap,,,9be7142250c1a27b683c674a4b5c083e,workplace-closures-covid_v2823_850x600.svg,31,266,582628640,4967827
workplace-visitors-covid,WorldMap,,,cae1d4f3b89be410e341d712189383bc,workplace-visitors-covid_v713_850x600.svg,22,170,636118136,3788303
world-bank-income-groups,WorldMap,,,bae7e4f79dbec96f8e8ee6f49ae95505,world-bank-income-groups_v31_850x600.svg,2,20,578191104,417886
world-crude-oil-price-vs-oil-consumption,ScatterPlot,,,0b52fa22868c43ef9ea5b36d063452cb,world-crude-oil-price-vs-oil-consumption_v31_850x600.svg,63,159,686212232,2053935
world-population-comparison-historical-sources,LineChart,,,cd091e5101240838f0f85b69d01d6355,world-population-comparison-historical-sources_v12_850x600.svg,1,12,668409072,44413
world-population-in-extreme-poverty-absolute,StackedArea,,,42ef30d15821484257f527ca002c3f8e,world-population-in-extreme-poverty-absolute_v21_850x600.svg,2,11,1505836064,1852
world-population-level-education,StackedArea,,,d6204eb4e3f5dd9329d6b1c0709947eb,world-population-level-education_v26_850x600.svg,26,77,752476416,1547016
world-population-over-the-last-12000-years-and-un-projection-until-2100,LineChart,,,6a4ff64be5f9688ebc621a6aeea8b922,world-population-over-the-last-12000-years-and-un-projection-until-2100_v20_850x600.svg,73,112,692340688,2461145
world-population-projections-by-un-prospects-revision,LineChart,,,fb892285b2a62afa0ef04ec6de6f57a9,world-population-projections-by-un-prospects-revision_v44_850x600.svg,2,17,695908496,4686
world-population-supported-by-synthetic-nitrogen-fertilizers,StackedArea,,,73de4fb097db4bd2df0e053d4a755140,world-population-supported-by-synthetic-nitrogen-fertilizers_v6_850x600.svg,2,14,1527497016,8673
world-population-with-and-without-fertilizer,LineChart,,,49ea9bc68c3c44e4ac93a69e4e5b2599,world-population-with-and-without-fertilizer_v5_850x600.svg,1,22,1544268584,13070
world-regions-according-to-ember,WorldMap,,,46ebe4ccd6bd8000896d43524f37b8f8,world-regions-according-to-ember_v9_850x600.svg,1,16,674091688,9782
world-regions-according-to-fao,WorldMap,,,1d1b09ce0e675f49c977b9d32b9b3a64,world-regions-according-to-fao_v10_850x600.svg,1,16,742031936,11775
world-regions-according-to-ilo,WorldMap,,,bb8ec10a858943cbcf1a08f830a9f3b7,world-regions-according-to-ilo_v6_850x600.svg,1,14,590565888,10962
world-regions-according-to-maddison-project-database,WorldMap,,,17f00ae2df2bb6c4ba9d61e7f829a4a0,world-regions-according-to-maddison-project-database_v8_850x600.svg,2,14,1511882416,9357
world-regions-according-to-pew,WorldMap,,,bf92fade238111d5cc4d5b557e5d759d,world-regions-according-to-pew_v7_850x600.svg,1,14,688181376,11227
world-regions-according-to-the-energy-institute,WorldMap,,,bbf193c0ebe28d0c774439d5c93084a8,world-regions-according-to-the-energy-institute_v9_850x600.svg,1,14,618978616,10418
world-regions-according-to-the-world-bank,WorldMap,,,4b62a7b61c90534058c1c6683760f1c2,world-regions-according-to-the-world-bank_v12_850x600.svg,1,14,601938568,15118
world-regions-according-to-un,WorldMap,,,a211e78f259d2c7668e2a603f009a077,world-regions-according-to-un_v5_850x600.svg,2,22,213555520,10515
world-regions-according-to-wid,WorldMap,,,52c91a6eb4426d5fe2210115484b5b01,world-regions-according-to-wid_v6_850x600.svg,2,19,702030232,10332
world-regions-sdg-united-nations,WorldMap,,,16ba3cfa38e7b30c875655000c40c3f0,world-regions-sdg-united-nations_v17_850x600.svg,1,16,1521932616,14828
world-regions-un1,WorldMap,,,327f20d0aef2ece0169f7a23bf6c0281,world-regions-un1_v12_850x600.svg,2,18,701196472,10255
world-regions-un2,WorldMap,,,f17b4037227a08e61e4bf890962a8ffb,world-regions-un2_v14_850x600.svg,1,15,637042568,13247
worldwide-public-goods-experiments-contributions-over-10-periods,LineChart,,,fb2d97ed5b183b69a1c6ea9903a7af60,worldwide-public-goods-experiments-contributions-over-10-periods_v12_850x600.svg,1,17,648213440,4419
worldwide-public-goods-experiments-with-opportunities-for-peer-punishment,LineChart,,,e0932a53ab857b435f5d047ac43c7e1f,worldwide-public-goods-experiments-with-opportunities-for-peer-punishment_v9_850x600.svg,1,18,1568379856,5201
yams-production,WorldMap,,,a951dc66e091e7ebe3e25fd735a1fca3,yams-production_v11_850x600.svg,2,18,716724392,175420
year-country-was-certified-free-of-guinea-worm-disease,WorldMap,,,8e4a88fb93107bcc8ccb10db8fbbf7d8,year-country-was-certified-free-of-guinea-worm-disease_v26_850x600.svg,1,17,716318304,6640
year-of-the-last-reported-rinderpest-case,WorldMap,,,3d0314be1351701d89f3c49a4f44d007,year-of-the-last-reported-rinderpest-case_v10_850x600.svg,2,17,612501432,4843
yearly-number-of-objects-launched-into-outer-space,LineChart,,,813761aac8249264e99527b33d474c1b,yearly-number-of-objects-launched-into-outer-space_v46_850x600.svg,2,15,663209064,33063
years-colonized,WorldMap,,,bf2badb9e6c6772d11153406c5b73d6c,years-colonized_v19_850x600.svg,99,256,277334280,2322393
years-lived-with-disability-vs-gdp-per-capita,ScatterPlot,,,dda05c110bbf769cb2d67988da6ab275,years-lived-with-disability-vs-gdp-per-capita_v29_850x600.svg,71,202,1617022384,2333215
years-lived-with-disability-vs-health-expenditure-per-capita,ScatterPlot,,,c67ed0b297d0667e4cf2d1395d872dcf,years-lived-with-disability-vs-health-expenditure-per-capita_v30_850x600.svg,70,219,250819008,2254331
years-of-fossil-fuel-reserves-left,DiscreteBar,,,524c35abb52f1bd43dd824e8fd2b5379,years-of-fossil-fuel-reserves-left_v12_850x600.svg,2,9,731573976,2957
years-of-schooling-prados-de-la-escosura,WorldMap,,,9e6f7ad60ab403fb20f730dd49eb6570,years-of-schooling-prados-de-la-escosura_v15_850x600.svg,4,26,645808024,124430
yield-gap-vs-nitrogen-pollution,WorldMap,,,f60e8f1d2563997ff100996f57c986e7,yield-gap-vs-nitrogen-pollution_v8_850x600.svg,1,19,749525208,4680
yields-key-staple-crops,LineChart,,,acb22c1c86873db5b205d982166abfa6,yields-key-staple-crops_v3_850x600.svg,23,48,668127568,1297994
yields-of-important-staple-crops,LineChart,,,8b0c0de09ac2f3e335c20fb7e1d95422,yields-of-important-staple-crops_v11_850x600.svg,47,87,690275336,2638709
young-people-with-knowledge-on-hiv-prevention,WorldMap,,,a1e6615f250c9ab2812f2b278d3b0957,young-people-with-knowledge-on-hiv-prevention_v11_850x600.svg,2,17,725495792,3843
youth-mortality-rate,WorldMap,,,314821775145a731e5a2b286840c7022,youth-mortality-rate_v43_850x600.svg,4,27,642073896,342369
youth-not-in-education-employment-training,WorldMap,,,a8fb894e2d2fa194aa98719567275548,youth-not-in-education-employment-training_v28_850x600.svg,1,22,749104152,70658