{
  "values": [
    -18645.773,
    -196.31232,
    -14848.341,
    -14682.367,
    85972.484,
    -1409.0598,
    -51614.184,
    1033.1259,
    -5990.165,
    -25184.592,
    -10581.026,
    941.59076,
    262.74228,
    1078.3456,
    -373.57248,
    5321.0015,
    -165.3611,
    219354.48,
    0,
    0,
    -11227.956,
    3510.2144,
    -1766.434,
    -7103.8193,
    21045.133,
    51033.76,
    -91.688354,
    -3026.2021,
    2074.6155,
    -268870.03,
    -6473.3477,
    188.1723,
    -226.19829,
    16663.625,
    -1303.9984,
    5367.5156,
    -198.84073,
    -5128.164,
    -7635.3604,
    2370.2183,
    -26.417212,
    362.89157,
    272.6641,
    -1776.7875,
    22464.027,
    2089.0654,
    147.43921,
    -355.36667,
    -8088.389,
    -24490.889,
    0,
    44.567093,
    -343.44455,
    90.0526,
    -139.4918,
    2433.164,
    -3204.7302,
    18237.8,
    616.52826,
    1189.0769,
    -1646.1027,
    13239.295,
    100.17286,
    1570.8711,
    2032.4274,
    -1389.4447,
    -8915.362,
    -0.348692,
    -218528.2,
    155557.6,
    -51207.316,
    4846.842,
    102.365486,
    -577.76654,
    -1037.9222,
    -255.95927,
    -1635.4757,
    -626.3725,
    -40348.95,
    1561.9299,
    2949.155,
    -1136.431,
    -596.9216,
    -443.63068,
    -2204.0928,
    -990.99,
    -5622.6025,
    -12285.103,
    99310.26,
    15392.041,
    1479.2463,
    -11729.847,
    -2322.3982,
    -624.1279,
    -17095.662,
    -11408.714,
    26576.266,
    -2020.8296,
    -21062.656,
    370.63025,
    -56.972492,
    1966.5463,
    47076.97,
    10093.066,
    -8230.387,
    -14785.422,
    -91.195305,
    -577.6828,
    -22974.43,
    -405.80493,
    127.436386,
    856.729,
    10311.057,
    -4775.883,
    -4657.476,
    -29125.287,
    -3945.3147,
    -28929.3,
    -151559.16,
    -7420.865,
    0,
    -582.5015,
    12877.61,
    -1945.7365,
    -3277.7607,
    -151.39525,
    36.83525,
    304.68933,
    -12669.304,
    -1203.0392,
    -15640.974,
    -2960.7056,
    -16593.777,
    1521.8826,
    997.26056,
    -6446.8247,
    -1607.1025,
    -794.3994,
    -43538.773,
    3877.7463,
    -373.19336,
    -3916.1902,
    -85894.93,
    1053.4946,
    19955.979,
    -81661.33,
    -1696.5641,
    178723.48,
    143.44727,
    2388.7678,
    -10.675211,
    3440.0261,
    1100000,
    -2409.2817,
    -3718.7632,
    13332.873
  ],
  "years": [
    2050,
    2050,
    2050,
    2050,
    2050,
    2050,
    2050,
    2050,
    2050,
    2050,
    2050,
    2050,
    2050,
    2050,
    2050,
    2050,
    2050,
    2050,
    2050,
    2050,
    2050,
    2050,
    2050,
    2050,
    2050,
    2050,
    2050,
    2050,
    2050,
    2050,
    2050,
    2050,
    2050,
    2050,
    2050,
    2050,
    2050,
    2050,
    2050,
    2050,
    2050,
    2050,
    2050,
    2050,
    2050,
    2050,
    2050,
    2050,
    2050,
    2050,
    2050,
    2050,
    2050,
    2050,
    2050,
    2050,
    2050,
    2050,
    2050,
    2050,
    2050,
    2050,
    2050,
    2050,
    2050,
    2050,
    2050,
    2050,
    2050,
    2050,
    2050,
    2050,
    2050,
    2050,
    2050,
    2050,
    2050,
    2050,
    2050,
    2050,
    2050,
    2050,
    2050,
    2050,
    2050,
    2050,
    2050,
    2050,
    2050,
    2050,
    2050,
    2050,
    2050,
    2050,
    2050,
    2050,
    2050,
    2050,
    2050,
    2050,
    2050,
    2050,
    2050,
    2050,
    2050,
    2050,
    2050,
    2050,
    2050,
    2050,
    2050,
    2050,
    2050,
    2050,
    2050,
    2050,
    2050,
    2050,
    2050,
    2050,
    2050,
    2050,
    2050,
    2050,
    2050,
    2050,
    2050,
    2050,
    2050,
    2050,
    2050,
    2050,
    2050,
    2050,
    2050,
    2050,
    2050,
    2050,
    2050,
    2050,
    2050,
    2050,
    2050,
    2050,
    2050,
    2050,
    2050,
    2050,
    2050,
    2050,
    2050,
    2050,
    2050,
    2050,
    2050,
    2050
  ],
  "entities": [
    15,
    16,
    17,
    19,
    21,
    22,
    23,
    24,
    25,
    28,
    30,
    4,
    31,
    32,
    33,
    34,
    36,
    37,
    351,
    38,
    39,
    40,
    41,
    42,
    43,
    44,
    174,
    173,
    172,
    171,
    170,
    168,
    166,
    143,
    165,
    164,
    163,
    162,
    167,
    161,
    154,
    160,
    225,
    201,
    65,
    259,
    159,
    157,
    156,
    158,
    249,
    202,
    155,
    3,
    153,
    151,
    152,
    6,
    150,
    149,
    148,
    147,
    94,
    146,
    145,
    139,
    138,
    207,
    137,
    136,
    135,
    134,
    2,
    133,
    8,
    132,
    14,
    130,
    131,
    129,
    126,
    125,
    124,
    123,
    121,
    120,
    118,
    117,
    116,
    115,
    114,
    113,
    111,
    112,
    110,
    109,
    142,
    108,
    107,
    5,
    106,
    105,
    104,
    103,
    128,
    66,
    102,
    217,
    101,
    140,
    100,
    99,
    98,
    97,
    96,
    11,
    95,
    92,
    12,
    91,
    239,
    90,
    89,
    87,
    85,
    83,
    195,
    82,
    81,
    127,
    9,
    141,
    79,
    10,
    7,
    77,
    76,
    64,
    75,
    74,
    73,
    71,
    70,
    69,
    68,
    67,
    1,
    13,
    63,
    62,
    221,
    238,
    355,
    61,
    60,
    80
  ]
}