{
  "values": [
    28.1975,
    62.4465,
    24.9888,
    81.6172,
    64.2106,
    23.9014,
    28.1249,
    29.5762,
    23.9447,
    14.9497,
    20.9801,
    4.102,
    20.5638,
    80.4119,
    4.797,
    22.53,
    9.8933,
    0.64866,
    0,
    10.7164,
    5.5537,
    18.9454,
    23.0479,
    9.2712,
    0,
    20.1223,
    22.0072,
    0,
    10.7547,
    19.5126,
    8.5886,
    12.944,
    3.0443,
    8.4467,
    4.2714,
    27.8759,
    40.3442,
    9.4826,
    9.6054,
    2.476,
    10.5223,
    14.0868,
    10.6413,
    0,
    3.5157,
    4.8698,
    14.6959,
    34.6013,
    2.7575,
    20.124,
    12.4734,
    5.883,
    7.6922,
    2.0425,
    19.203,
    14.8942,
    14.9615,
    3.6446,
    6.4259,
    16.2271,
    4.8301,
    13.6883,
    10.5399,
    6.6192,
    7.7042,
    16.7421,
    4.7216,
    44.7318,
    30.6159,
    13.5029,
    82.0076,
    7.93,
    9.4885,
    9.3233,
    61.9483,
    3.9946,
    8.0804,
    17.5292,
    4.549,
    21.9554,
    12.6078,
    14.86,
    6.6103,
    13.3932,
    24.9592,
    29.526,
    28.6189,
    5.2795,
    1.8793,
    13.0321,
    84.4695,
    17.9134,
    8.4344,
    0.52472,
    14.3846,
    5.1725,
    1.7312,
    23.1722,
    11.958,
    5.587,
    18.9882,
    6.2946,
    5.5887,
    8.2611,
    19.5562,
    4.1943,
    6.4695,
    57.0588,
    10.6534,
    2.0575,
    67.4157,
    15.1334,
    15.9485,
    77.0752,
    1.1186,
    9.4785,
    41.703,
    46.3091,
    15.158,
    10.9096,
    22.615,
    12.3787,
    18.0099,
    45.4055,
    12.5338,
    7.9491,
    2.708,
    2.2057,
    13.5685,
    4.4698,
    3.2009,
    20.9351,
    20.8935,
    2.8132,
    6.8605,
    8.812,
    4.0406,
    13.8963,
    16.3144,
    18.0695,
    5.4378,
    21.2844,
    2.4595,
    18.3963,
    23.9396,
    17.8743,
    44.0995,
    16.9578,
    20.5854,
    29.3957,
    1.5372,
    2.7396,
    0,
    19.0786,
    38.6521,
    45.7781,
    3.3184,
    16.1211,
    0,
    0,
    32.2122,
    0,
    17.3422,
    0,
    0,
    27.3015,
    60.6169,
    0,
    0,
    7.2231,
    0,
    11.4503,
    0,
    0,
    17.6129,
    0,
    0,
    0,
    26.872,
    0,
    7.7203,
    23.5273,
    0,
    0,
    11.6993,
    0,
    9.577,
    16.052,
    0,
    0,
    0,
    8.4278,
    43.6633
  ],
  "years": [
    2009,
    2009,
    2009,
    2009,
    2009,
    2009,
    2009,
    2009,
    2009,
    2009,
    2009,
    2009,
    2009,
    2009,
    2009,
    2009,
    2009,
    2009,
    2009,
    2009,
    2009,
    2009,
    2009,
    2009,
    2009,
    2009,
    2009,
    2009,
    2009,
    2009,
    2009,
    2009,
    2009,
    2009,
    2009,
    2009,
    2009,
    2009,
    2009,
    2009,
    2009,
    2009,
    2009,
    2009,
    2009,
    2009,
    2009,
    2009,
    2009,
    2009,
    2009,
    2009,
    2009,
    2009,
    2009,
    2009,
    2009,
    2009,
    2009,
    2009,
    2009,
    2009,
    2009,
    2009,
    2009,
    2009,
    2009,
    2009,
    2009,
    2009,
    2009,
    2009,
    2009,
    2009,
    2009,
    2009,
    2009,
    2009,
    2009,
    2009,
    2009,
    2009,
    2009,
    2009,
    2009,
    2009,
    2009,
    2009,
    2009,
    2009,
    2009,
    2009,
    2009,
    2009,
    2009,
    2009,
    2009,
    2009,
    2009,
    2009,
    2009,
    2009,
    2009,
    2009,
    2009,
    2009,
    2009,
    2009,
    2009,
    2009,
    2009,
    2009,
    2009,
    2009,
    2009,
    2009,
    2009,
    2009,
    2009,
    2009,
    2009,
    2009,
    2009,
    2009,
    2009,
    2009,
    2009,
    2009,
    2009,
    2009,
    2009,
    2009,
    2009,
    2009,
    2009,
    2009,
    2009,
    2009,
    2009,
    2009,
    2009,
    2009,
    2009,
    2009,
    2009,
    2009,
    2009,
    2009,
    2009,
    2009,
    2009,
    2009,
    2009,
    2009,
    2009,
    2009,
    2009,
    2009,
    2009,
    2009,
    2009,
    2009,
    2009,
    2009,
    2009,
    2009,
    2009,
    2009,
    2009,
    2009,
    2009,
    2009,
    2009,
    2009,
    2009,
    2009,
    2009,
    2009,
    2009,
    2009,
    2009,
    2009,
    2009,
    2009,
    2009,
    2009,
    2009,
    2009,
    2009,
    2009,
    2009,
    2009,
    2009
  ],
  "entities": [
    1,
    2,
    3,
    4,
    5,
    6,
    7,
    8,
    9,
    10,
    11,
    12,
    13,
    14,
    15,
    16,
    17,
    19,
    20,
    21,
    22,
    23,
    24,
    25,
    26,
    27,
    28,
    29,
    30,
    31,
    32,
    33,
    34,
    35,
    36,
    37,
    38,
    39,
    40,
    41,
    42,
    43,
    44,
    45,
    60,
    61,
    62,
    63,
    64,
    65,
    66,
    67,
    68,
    69,
    70,
    71,
    72,
    73,
    74,
    75,
    76,
    77,
    78,
    79,
    80,
    81,
    82,
    83,
    84,
    85,
    86,
    87,
    88,
    89,
    90,
    91,
    92,
    93,
    94,
    95,
    96,
    97,
    98,
    99,
    100,
    101,
    102,
    103,
    104,
    105,
    106,
    107,
    108,
    109,
    110,
    111,
    112,
    113,
    114,
    115,
    116,
    117,
    118,
    119,
    120,
    121,
    122,
    124,
    125,
    126,
    127,
    128,
    129,
    130,
    131,
    132,
    133,
    134,
    135,
    136,
    137,
    138,
    139,
    140,
    141,
    142,
    143,
    144,
    145,
    146,
    147,
    148,
    149,
    150,
    151,
    152,
    153,
    154,
    155,
    156,
    157,
    158,
    159,
    160,
    161,
    162,
    163,
    164,
    165,
    166,
    167,
    168,
    169,
    170,
    171,
    172,
    173,
    174,
    195,
    197,
    198,
    200,
    201,
    202,
    206,
    208,
    210,
    212,
    213,
    215,
    216,
    217,
    220,
    221,
    225,
    227,
    229,
    230,
    231,
    232,
    234,
    238,
    245,
    252,
    253,
    254,
    258,
    259,
    262,
    266,
    284,
    379,
    390
  ]
}