{
  "values": [
    66.87224,
    0.69473755,
    2.6437001,
    88.17215,
    0.45685345,
    27.42452,
    2.2391586,
    6.8246255,
    78.52671,
    26.304873,
    2.0710375,
    32.922546,
    14.178968,
    80.65474,
    21.312223,
    71.05762,
    93.6542,
    90.41591,
    6.1650186,
    17.573715,
    45.72341,
    56.25957,
    87.019135,
    0.82292217,
    1.6740533,
    70.33313,
    5.109956,
    5.115525,
    6.3122554,
    15.679466,
    79.69384,
    2.3092442,
    51.40216,
    67.49927,
    0.68155724,
    35.14186,
    41.340317,
    86.391426,
    80.99963,
    1.8528768,
    57.578846,
    19.088676,
    21.237667,
    5.2545376,
    12.631524,
    3.7798684,
    1.1313766,
    0.7549293,
    47.019817,
    28.927294,
    0.58692604,
    30.884003,
    27.593262,
    75.41973,
    1.8869392,
    76.380684,
    55.13568,
    0.9193238,
    79.70179,
    84.86952,
    9.16725,
    1.1879803,
    15.853347,
    1.3355192,
    14.343345,
    77.08714,
    47.836773,
    61.1777,
    28.10169,
    34.749912,
    97.019424,
    49.388824,
    0.36790925,
    49.82112,
    1.1366194,
    61.46438,
    10.30003,
    22.61849,
    7.4128494,
    54.754772,
    1.9743778,
    6.866237,
    12.3651285,
    72.861465,
    0.26716027,
    77.51286,
    11.293816,
    3.2950692,
    64.02561,
    8.026961,
    8.68016,
    69.25973,
    0.8098762,
    58.903984,
    54.38601,
    1.1315813,
    1.1518893,
    1.9107828,
    0.28659958,
    2.3882425,
    65.02047,
    0.4603772,
    2.2717562,
    2.4999743,
    62.044483,
    65.59669,
    35.346878,
    24.065079
  ],
  "years": [
    2015,
    2017,
    2018,
    2015,
    2015,
    2019,
    2012,
    2015,
    2017,
    2016,
    2011,
    2015,
    2015,
    2016,
    2021,
    2018,
    2018,
    2019,
    2014,
    2015,
    2012,
    2014,
    2017,
    2018,
    2019,
    2016,
    2019,
    2018,
    2014,
    2014,
    2019,
    2021,
    2012,
    2019,
    2018,
    2017,
    2014,
    2018,
    2018,
    2019,
    2016,
    2019,
    2019,
    2017,
    2018,
    2018,
    2017,
    2015,
    2014,
    2018,
    2018,
    2017,
    2018,
    2019,
    2014,
    2021,
    2019,
    2016,
    2018,
    2019,
    2021,
    2012,
    2018,
    2018,
    2017,
    2019,
    2015,
    2013,
    2019,
    2011,
    2012,
    2021,
    2018,
    2017,
    2019,
    2016,
    2016,
    2021,
    2017,
    2019,
    2012,
    2019,
    2019,
    2019,
    2019,
    2019,
    2016,
    2016,
    2014,
    2018,
    2017,
    2015,
    2019,
    2016,
    2017,
    2019,
    2011,
    2018,
    2019,
    2019,
    2016,
    2012,
    2021,
    2020,
    2013,
    2018,
    2019,
    2014
  ],
  "entities": [
    15,
    16,
    17,
    19,
    22,
    28,
    29,
    31,
    32,
    34,
    35,
    36,
    37,
    41,
    42,
    43,
    174,
    173,
    171,
    170,
    169,
    168,
    167,
    166,
    164,
    143,
    160,
    201,
    65,
    259,
    158,
    202,
    153,
    151,
    152,
    150,
    148,
    147,
    94,
    146,
    145,
    139,
    137,
    136,
    134,
    132,
    130,
    131,
    129,
    204,
    126,
    125,
    123,
    121,
    120,
    118,
    117,
    211,
    115,
    114,
    113,
    111,
    112,
    215,
    110,
    109,
    142,
    108,
    107,
    105,
    104,
    103,
    66,
    101,
    140,
    99,
    98,
    97,
    96,
    91,
    229,
    239,
    232,
    89,
    88,
    87,
    81,
    141,
    79,
    234,
    76,
    64,
    75,
    225,
    74,
    235,
    73,
    71,
    69,
    237,
    68,
    67,
    62,
    84,
    61,
    60,
    80,
    78
  ]
}