{
  "values": [
    2.1901336,
    0.6365607,
    16.4602,
    2.4913368,
    0.24423733,
    90.97116,
    0.9436332,
    15.601549,
    37.26492,
    1.9211311,
    48.46643,
    40.881012,
    5.2386203,
    19.213776,
    52.32804,
    1.998519,
    37.477146,
    28.881828,
    24.266834,
    3.88502,
    7.8608856,
    55.91024,
    51.10411,
    0.19055338,
    4.3035436,
    17.219296,
    3.8419268,
    57.067726,
    0.4529779,
    38.315857,
    4.8462505,
    9.060217,
    75.09747,
    57.168484,
    6.2568817,
    4.5007453,
    56.628628,
    2.920718,
    46.067486,
    41.268898,
    0.77198905,
    48.2537,
    0.7035613,
    66.79889,
    37.612297,
    7.4446063,
    5.795982,
    38.33213,
    6.3597007,
    23.072346,
    0.43120325,
    3.619007,
    24.6371,
    64.51798,
    1.3808349,
    43.591637,
    47.90613,
    0.37185663,
    0.79143363,
    64.39631,
    7.2584486,
    68.33225,
    19.604542,
    0.3930311,
    2.7756622,
    8.635419,
    66.211105,
    0.34012586,
    0.54046667,
    80.41418,
    2.0912206,
    19.802591,
    1.2357647,
    2.8537397,
    0.43232334,
    24.640574,
    0.24940716,
    0.5777915,
    25.80004,
    59.221962,
    0.11367367,
    50.83238,
    48.822403,
    17.504595,
    61.933224,
    58.448082,
    49.88339,
    52.323074,
    16.392805,
    11.974922,
    0.5661842,
    1.823615,
    41.70908,
    68.736855,
    2.2666078,
    0.70643204,
    84.17495,
    11.712264,
    0.8657576,
    0.8746081,
    2.114436,
    6.288499,
    1.9191206,
    16.644697,
    1.7295365,
    6.630745,
    33.044067,
    4.069145,
    68.41886,
    1.5113224
  ],
  "years": [
    2011,
    2011,
    2011,
    2012,
    2012,
    2012,
    2012,
    2012,
    2012,
    2012,
    2013,
    2013,
    2014,
    2014,
    2014,
    2014,
    2014,
    2014,
    2014,
    2014,
    2014,
    2015,
    2015,
    2015,
    2015,
    2015,
    2015,
    2015,
    2015,
    2015,
    2015,
    2016,
    2016,
    2016,
    2016,
    2016,
    2016,
    2016,
    2016,
    2016,
    2016,
    2016,
    2017,
    2017,
    2017,
    2017,
    2017,
    2017,
    2017,
    2017,
    2017,
    2017,
    2017,
    2017,
    2018,
    2018,
    2018,
    2018,
    2018,
    2018,
    2018,
    2018,
    2018,
    2018,
    2018,
    2018,
    2018,
    2018,
    2018,
    2018,
    2018,
    2018,
    2018,
    2018,
    2019,
    2019,
    2019,
    2019,
    2019,
    2019,
    2019,
    2019,
    2019,
    2019,
    2019,
    2019,
    2019,
    2019,
    2019,
    2019,
    2019,
    2019,
    2019,
    2019,
    2019,
    2019,
    2019,
    2019,
    2019,
    2019,
    2019,
    2019,
    2020,
    2021,
    2021,
    2021,
    2021,
    2021,
    2021,
    2021
  ],
  "entities": [
    35,
    73,
    105,
    29,
    67,
    104,
    111,
    153,
    169,
    229,
    61,
    108,
    65,
    78,
    79,
    120,
    129,
    148,
    168,
    171,
    259,
    15,
    19,
    22,
    31,
    36,
    37,
    64,
    131,
    142,
    170,
    34,
    41,
    68,
    81,
    98,
    99,
    141,
    143,
    145,
    211,
    225,
    16,
    32,
    74,
    76,
    96,
    101,
    110,
    125,
    130,
    136,
    150,
    167,
    17,
    43,
    60,
    66,
    71,
    94,
    112,
    115,
    123,
    126,
    132,
    134,
    147,
    152,
    166,
    174,
    201,
    204,
    215,
    234,
    21,
    28,
    69,
    75,
    80,
    87,
    88,
    89,
    91,
    107,
    109,
    114,
    117,
    121,
    137,
    139,
    140,
    146,
    151,
    158,
    160,
    164,
    173,
    232,
    233,
    235,
    237,
    239,
    84,
    42,
    62,
    97,
    103,
    113,
    118,
    202
  ]
}