{
  "values": [
    27.629341,
    30.653572,
    54.558666,
    47.4551,
    25.402487,
    9.805233,
    17.23282,
    26.42569,
    34.194344,
    21.397581,
    35.20891,
    35.713253,
    34.183014,
    47.1174,
    27.573915,
    11.403895,
    26.33392,
    30.768505,
    12.19925,
    10.974083,
    13.897019,
    49.806866,
    26.741785,
    45.78247,
    27.442812,
    30.427782,
    32.131737,
    25.787365,
    41.692066,
    30.16054,
    37.58758,
    14.763067,
    33.311874,
    17.96401,
    7.0692477,
    39.874588,
    33.81334,
    25.484604,
    42.998055,
    9.067545,
    17.135777,
    21.170624,
    14.606491,
    35.613506,
    30.920343,
    35.320984,
    20.47535,
    36.863403,
    41.060318,
    7.458618,
    34.389545,
    34.1866,
    28.513657,
    22.786009,
    33.63717,
    37.7292,
    40.30393,
    28.99789,
    31.254427,
    12.812736,
    53.880024,
    5.833535,
    39.16549,
    28.71708,
    32.218464,
    21.150087,
    39.284344,
    36.388954,
    44.533005,
    18.080757,
    13.621325,
    14.115259,
    44.512325,
    33.51484,
    7.025207,
    21.426638,
    30.72087,
    9.31483,
    14.422836,
    32.622726,
    16.727356,
    42.20791,
    14.853881,
    18.533594,
    38.2792,
    53.083908,
    38.012028,
    50.022278,
    46.048683,
    31.122108,
    26.249239,
    52.43983,
    58.77812,
    18.197817,
    33.552456,
    29.572647,
    30.503748,
    43.460884,
    32.441177,
    31.325611,
    33.87431,
    31.50998,
    33.000927,
    31.721937,
    52.578594,
    24.159279,
    44.14287,
    25.509037,
    41.023323,
    44.813244,
    30.70151,
    26.631048,
    26.5225,
    32.028767,
    30.847002,
    33.293205,
    28.78697,
    27.904293,
    25.293646,
    33.974895,
    31.974173,
    21.386637,
    22.40241
  ],
  "years": [
    2020,
    2020,
    2020,
    2020,
    2020,
    2020,
    2020,
    2020,
    2020,
    2020,
    2020,
    2020,
    2020,
    2020,
    2020,
    2020,
    2020,
    2020,
    2020,
    2020,
    2020,
    2020,
    2020,
    2020,
    2020,
    2020,
    2020,
    2020,
    2020,
    2020,
    2020,
    2020,
    2020,
    2020,
    2020,
    2020,
    2020,
    2020,
    2020,
    2020,
    2020,
    2020,
    2020,
    2020,
    2020,
    2020,
    2020,
    2020,
    2020,
    2020,
    2020,
    2020,
    2020,
    2020,
    2020,
    2020,
    2020,
    2020,
    2020,
    2020,
    2020,
    2020,
    2020,
    2020,
    2020,
    2020,
    2020,
    2020,
    2020,
    2020,
    2020,
    2020,
    2020,
    2020,
    2020,
    2020,
    2020,
    2020,
    2020,
    2020,
    2020,
    2020,
    2020,
    2020,
    2020,
    2020,
    2020,
    2020,
    2020,
    2020,
    2020,
    2020,
    2020,
    2020,
    2020,
    2020,
    2020,
    2020,
    2020,
    2020,
    2020,
    2020,
    2020,
    2020,
    2020,
    2020,
    2020,
    2020,
    2020,
    2020,
    2020,
    2020,
    2020,
    2020,
    2020,
    2020,
    2020,
    2020,
    2020,
    2020,
    2020,
    2020,
    2020
  ],
  "entities": [
    1,
    2,
    3,
    4,
    5,
    6,
    7,
    8,
    9,
    10,
    11,
    12,
    13,
    14,
    16,
    17,
    21,
    23,
    24,
    27,
    28,
    32,
    34,
    35,
    37,
    39,
    40,
    42,
    43,
    44,
    60,
    62,
    63,
    64,
    65,
    66,
    67,
    68,
    70,
    71,
    72,
    75,
    80,
    81,
    83,
    84,
    85,
    88,
    89,
    90,
    92,
    95,
    96,
    97,
    98,
    102,
    103,
    105,
    106,
    107,
    108,
    110,
    111,
    112,
    113,
    115,
    116,
    119,
    122,
    124,
    125,
    126,
    127,
    129,
    130,
    131,
    133,
    134,
    135,
    136,
    137,
    138,
    141,
    142,
    143,
    144,
    147,
    149,
    150,
    152,
    153,
    155,
    156,
    158,
    160,
    161,
    162,
    163,
    165,
    166,
    168,
    170,
    171,
    172,
    198,
    201,
    212,
    213,
    215,
    238,
    259,
    273,
    275,
    276,
    277,
    294,
    295,
    355,
    379,
    457,
    459,
    460,
    461
  ]
}