{
  "values": [
    0.039,
    0.197,
    0.049,
    0.151,
    0.147,
    0.393,
    0.476,
    0.503,
    0.732,
    0.728,
    0.129,
    0.909,
    0.155,
    0.178,
    0.19,
    0.069,
    0.118,
    0.442,
    0.454,
    0.731,
    0.466,
    0.482,
    0.479,
    0.494,
    0.485,
    0.229,
    0.083,
    0.092,
    0.091,
    0.126,
    0.127,
    0.072,
    0.125,
    0.139,
    0.025,
    0.408,
    0.393,
    0.016,
    0.021,
    1.061,
    1.078,
    1.057,
    1.051,
    1.052,
    1.043,
    1.033,
    0.084,
    0.668,
    0.676,
    0.698,
    0.725,
    0.702,
    0.703,
    0.83,
    0.81,
    0.831,
    0.6709209,
    0.01,
    0.508,
    0.031,
    3.654,
    0.185,
    0.211,
    0.218,
    0.296,
    0.363,
    0.028,
    0.305,
    0.752,
    0.725,
    0.488,
    0.556,
    0.556,
    0.556,
    0.556,
    0.563,
    0.195,
    0.395,
    0.444,
    0.443,
    0.442,
    0.441,
    0.44,
    0.517,
    1.645,
    0.326,
    0.325,
    0.154,
    0.627,
    0.621,
    0.627,
    0.614,
    0.614,
    0.63,
    0.62,
    0.578,
    0.504,
    0.581,
    0,
    0.364,
    0.006,
    0.268,
    0.233,
    0.251,
    0.255,
    0.307,
    0.319,
    0.193,
    0.061,
    0.45719323,
    0.723,
    0.435,
    1.019,
    1.181,
    1.244,
    1.717,
    1.515,
    1.57,
    1.777,
    1.424,
    0.008,
    0.007,
    0.3,
    0.194,
    0.297,
    0.023,
    0.123,
    0.161,
    0.047,
    0.045,
    0.999,
    0.077,
    0.08,
    0.082,
    0.082,
    0.193,
    0.193,
    0.194,
    0.195,
    1.393,
    0.299,
    1.693,
    0.684,
    0.131,
    0.128,
    0.033,
    0.034,
    0.034,
    0.034,
    0.035,
    0.036,
    0.038,
    0.039,
    0.039,
    0.04,
    0.061,
    0.064,
    0.068,
    0.073,
    0.087,
    0.46,
    0.594,
    1.359,
    0.416,
    0.415,
    0.411,
    0.406,
    0.401,
    0.396,
    0.392,
    0.387,
    0.721,
    0.712,
    1.039,
    0.417,
    1.002,
    0,
    0.115,
    0.024,
    0.023,
    0.402,
    0.399,
    0.503,
    0.018,
    0.192,
    0.15422471,
    0.56957597,
    0.326,
    0.321,
    0.332,
    0.347,
    0.362,
    0.377,
    0.151,
    0.059,
    0.194,
    0.514,
    0.941,
    0.128,
    0.001,
    0.372,
    0.287
  ],
  "years": [
    1996,
    2001,
    2006,
    2004,
    2005,
    2011,
    2012,
    2009,
    2004,
    2007,
    2008,
    2012,
    2013,
    2014,
    2015,
    2016,
    2001,
    1998,
    1999,
    2000,
    2001,
    2002,
    2003,
    2005,
    2006,
    2008,
    2009,
    2004,
    2006,
    2010,
    2012,
    2004,
    2004,
    2004,
    2004,
    2008,
    2009,
    2004,
    1992,
    1990,
    1995,
    1996,
    1997,
    1998,
    1999,
    2000,
    2001,
    2003,
    2004,
    2005,
    2006,
    2007,
    2008,
    2009,
    2010,
    2011,
    2011,
    2004,
    2004,
    2000,
    2004,
    2003,
    2004,
    2007,
    2008,
    2009,
    2007,
    2003,
    2007,
    2008,
    1998,
    1999,
    2000,
    2001,
    2002,
    2003,
    2008,
    1998,
    1999,
    2000,
    2001,
    2002,
    2003,
    2016,
    2004,
    2009,
    2010,
    1991,
    2003,
    2004,
    2005,
    2006,
    2007,
    2008,
    2009,
    2010,
    2011,
    2016,
    2015,
    2004,
    2004,
    2008,
    2012,
    2013,
    2014,
    2015,
    2016,
    2004,
    2010,
    2011,
    2008,
    2010,
    1991,
    1993,
    1996,
    2004,
    2007,
    2009,
    2010,
    2014,
    2009,
    2010,
    2013,
    2004,
    2008,
    2008,
    2009,
    2010,
    2012,
    2013,
    2004,
    2005,
    2006,
    2007,
    2008,
    2009,
    2010,
    2011,
    2012,
    2008,
    2009,
    2011,
    2004,
    2007,
    2008,
    1992,
    1993,
    1994,
    1995,
    1996,
    1997,
    1998,
    1999,
    2000,
    2001,
    2008,
    2009,
    2010,
    2011,
    2015,
    2000,
    2008,
    2004,
    1990,
    1991,
    1992,
    1993,
    1994,
    1995,
    1996,
    1997,
    1998,
    1999,
    2001,
    2000,
    2004,
    2016,
    2004,
    2008,
    2010,
    2012,
    2013,
    2016,
    2013,
    2004,
    1990,
    2011,
    2004,
    2005,
    2006,
    2007,
    2008,
    2009,
    2004,
    2000,
    2005,
    2007,
    2008,
    2004,
    2010,
    2005,
    2008
  ],
  "entities": [
    23,
    23,
    23,
    28,
    28,
    28,
    28,
    31,
    33,
    33,
    33,
    33,
    33,
    33,
    33,
    33,
    34,
    36,
    36,
    36,
    36,
    36,
    36,
    36,
    36,
    36,
    36,
    40,
    40,
    40,
    40,
    41,
    42,
    45,
    174,
    174,
    174,
    173,
    172,
    171,
    171,
    171,
    171,
    171,
    171,
    171,
    171,
    171,
    171,
    171,
    171,
    171,
    171,
    171,
    171,
    171,
    349172,
    225,
    159,
    156,
    78,
    158,
    158,
    158,
    158,
    158,
    3,
    151,
    151,
    151,
    150,
    150,
    150,
    150,
    150,
    150,
    150,
    206,
    206,
    206,
    206,
    206,
    206,
    147,
    94,
    146,
    146,
    137,
    137,
    137,
    137,
    137,
    137,
    137,
    137,
    137,
    137,
    137,
    136,
    135,
    134,
    132,
    132,
    132,
    132,
    132,
    132,
    130,
    121,
    460,
    117,
    116,
    211,
    211,
    211,
    211,
    211,
    211,
    211,
    211,
    115,
    115,
    114,
    213,
    222,
    112,
    112,
    112,
    109,
    109,
    142,
    142,
    142,
    142,
    142,
    142,
    142,
    142,
    142,
    218,
    218,
    218,
    107,
    103,
    103,
    101,
    101,
    101,
    101,
    101,
    101,
    101,
    101,
    101,
    101,
    101,
    101,
    101,
    101,
    101,
    100,
    99,
    91,
    227,
    227,
    227,
    227,
    227,
    227,
    227,
    227,
    227,
    227,
    227,
    230,
    232,
    89,
    87,
    87,
    87,
    86,
    86,
    86,
    85,
    81,
    277956,
    277956,
    127,
    127,
    127,
    127,
    127,
    127,
    79,
    75,
    68,
    221,
    221,
    61,
    61,
    60,
    60
  ]
}