{
  "values": [
    1.061,
    0.416,
    0.14003526,
    0.154,
    1.019,
    0.415,
    0.033,
    0.021,
    0.411,
    0.034,
    1.181,
    0.406,
    0.034,
    0.401,
    0.034,
    1.078,
    0.396,
    0.039,
    0.035,
    1.057,
    1.244,
    0.392,
    0.036,
    1.051,
    0.387,
    0.442,
    0.038,
    0.488,
    1.052,
    0.395,
    0.721,
    0.454,
    0.039,
    0.556,
    1.043,
    0.444,
    0.712,
    0.731,
    0.059,
    0.46,
    0.039,
    0.556,
    0.031,
    1.033,
    0.443,
    0.417,
    0.197,
    0.118,
    0.466,
    0.04,
    0.556,
    0.084,
    0.442,
    1.039,
    0.482,
    0.556,
    0.441,
    0.479,
    0.627,
    0.563,
    0.305,
    0.185,
    0.668,
    0.44,
    0.151,
    0.732,
    0.092,
    0.072,
    0.125,
    0.139,
    0.128,
    3.654,
    0.151,
    0.192,
    0.115,
    1.359,
    1.645,
    0.684,
    0.326,
    0.193,
    0.006,
    0.364,
    0.621,
    0.999,
    0.211,
    0.508,
    0.676,
    0.016,
    0.025,
    1.717,
    0.194,
    0.01,
    1.002,
    0.147,
    0.494,
    0.372,
    0.194,
    0.321,
    0.627,
    0.077,
    0.698,
    0.049,
    0.485,
    0.091,
    0.332,
    0.614,
    0.08,
    0.725,
    0.028,
    0.728,
    0.131,
    0.347,
    0.614,
    0.082,
    0.752,
    0.218,
    0.702,
    1.515,
    0.514,
    0.129,
    0.229,
    0.287,
    0.024,
    0.594,
    0.061,
    0.128,
    0.023,
    0.723,
    0.362,
    0.268,
    0.63,
    0.082,
    0.195,
    0.725,
    0.296,
    0.703,
    0.408,
    1.393,
    0.941,
    0.297,
    0.503,
    0.083,
    0.064,
    0.123,
    0.008,
    0.377,
    0.62,
    0.193,
    0.326,
    0.363,
    0.83,
    0.393,
    1.57,
    0.299,
    0.126,
    0.001,
    0.023,
    0.068,
    0.161,
    0.007,
    0.435,
    0.061,
    0.578,
    0.193,
    0.325,
    0.81,
    1.777,
    0.393,
    0.073,
    0.504,
    0.194,
    0.831,
    1.693,
    0.45848373,
    0.51012605,
    0.6717468,
    0.476,
    0.909,
    0.127,
    0.402,
    0.047,
    0.233,
    0.195,
    0.155,
    0.018,
    0.399,
    0.045,
    0.3,
    0.251,
    0.178,
    0.255,
    1.424,
    0.19,
    0.087,
    0.307,
    0,
    0.069,
    0.503,
    0,
    0.319,
    0.581,
    0.517
  ],
  "years": [
    1990,
    1990,
    1990,
    1991,
    1991,
    1991,
    1992,
    1992,
    1992,
    1993,
    1993,
    1993,
    1994,
    1994,
    1995,
    1995,
    1995,
    1996,
    1996,
    1996,
    1996,
    1996,
    1997,
    1997,
    1997,
    1998,
    1998,
    1998,
    1998,
    1998,
    1998,
    1999,
    1999,
    1999,
    1999,
    1999,
    1999,
    2000,
    2000,
    2000,
    2000,
    2000,
    2000,
    2000,
    2000,
    2000,
    2001,
    2001,
    2001,
    2001,
    2001,
    2001,
    2001,
    2001,
    2002,
    2002,
    2002,
    2003,
    2003,
    2003,
    2003,
    2003,
    2003,
    2003,
    2004,
    2004,
    2004,
    2004,
    2004,
    2004,
    2004,
    2004,
    2004,
    2004,
    2004,
    2004,
    2004,
    2004,
    2004,
    2004,
    2004,
    2004,
    2004,
    2004,
    2004,
    2004,
    2004,
    2004,
    2004,
    2004,
    2004,
    2004,
    2004,
    2005,
    2005,
    2005,
    2005,
    2005,
    2005,
    2005,
    2005,
    2006,
    2006,
    2006,
    2006,
    2006,
    2006,
    2006,
    2007,
    2007,
    2007,
    2007,
    2007,
    2007,
    2007,
    2007,
    2007,
    2007,
    2007,
    2008,
    2008,
    2008,
    2008,
    2008,
    2008,
    2008,
    2008,
    2008,
    2008,
    2008,
    2008,
    2008,
    2008,
    2008,
    2008,
    2008,
    2008,
    2008,
    2008,
    2008,
    2009,
    2009,
    2009,
    2009,
    2009,
    2009,
    2009,
    2009,
    2009,
    2009,
    2009,
    2009,
    2009,
    2009,
    2010,
    2010,
    2010,
    2010,
    2010,
    2010,
    2010,
    2010,
    2010,
    2010,
    2010,
    2010,
    2010,
    2011,
    2011,
    2011,
    2011,
    2011,
    2011,
    2011,
    2011,
    2011,
    2012,
    2012,
    2012,
    2012,
    2012,
    2012,
    2012,
    2013,
    2013,
    2013,
    2013,
    2013,
    2013,
    2014,
    2014,
    2014,
    2015,
    2015,
    2015,
    2015,
    2016,
    2016,
    2016,
    2016,
    2016,
    2016
  ],
  "entities": [
    171,
    227,
    277956,
    137,
    211,
    227,
    101,
    172,
    227,
    101,
    211,
    227,
    101,
    227,
    101,
    171,
    227,
    23,
    101,
    171,
    211,
    227,
    101,
    171,
    227,
    36,
    101,
    150,
    171,
    206,
    227,
    36,
    101,
    150,
    171,
    206,
    227,
    36,
    75,
    100,
    101,
    150,
    156,
    171,
    206,
    230,
    23,
    34,
    36,
    101,
    150,
    171,
    206,
    227,
    36,
    150,
    206,
    36,
    137,
    150,
    151,
    158,
    171,
    206,
    28,
    33,
    40,
    41,
    42,
    45,
    61,
    78,
    79,
    81,
    87,
    91,
    94,
    107,
    127,
    130,
    134,
    135,
    137,
    142,
    158,
    159,
    171,
    173,
    174,
    211,
    213,
    225,
    232,
    28,
    36,
    60,
    68,
    127,
    137,
    142,
    171,
    23,
    36,
    40,
    127,
    137,
    142,
    171,
    3,
    33,
    103,
    127,
    137,
    142,
    151,
    158,
    171,
    211,
    221,
    33,
    36,
    60,
    87,
    99,
    101,
    103,
    112,
    117,
    127,
    132,
    137,
    142,
    150,
    151,
    158,
    171,
    174,
    218,
    221,
    222,
    31,
    36,
    101,
    112,
    115,
    127,
    137,
    142,
    146,
    158,
    171,
    174,
    211,
    218,
    40,
    61,
    87,
    101,
    112,
    115,
    116,
    121,
    137,
    142,
    146,
    171,
    211,
    28,
    101,
    137,
    142,
    171,
    218,
    460,
    277956,
    349172,
    28,
    33,
    40,
    86,
    109,
    132,
    142,
    33,
    85,
    86,
    109,
    114,
    132,
    33,
    132,
    211,
    33,
    101,
    132,
    136,
    33,
    86,
    89,
    132,
    137,
    147
  ]
}