{
  "values": [
    0.3603053,
    0.0027478787,
    0.005409093,
    0.28243506,
    0.0014692951,
    0.000690069,
    0.000661152,
    0.066509075,
    0.017108832,
    0.2895098,
    0.0386035,
    0.023168242,
    0.0726387,
    0.016346041,
    0.34289196,
    0.4088611,
    0.07036792,
    0.23206012,
    0.46134752,
    0.5170112,
    0.016066726,
    0.019657273,
    0.08429893,
    0.11167629,
    0.33118874,
    0.002006301,
    0.2102151,
    0.002688705,
    0.008786188,
    0.00793744,
    0.019681796,
    0.03246251,
    0.032648794,
    0.36660424,
    0.0057576634,
    0.03665673,
    0.19802307,
    0.0012446003,
    0.112784564,
    0.13351782,
    0.37322164,
    0.34068874,
    0.0071647093,
    0.19958769,
    0.05115417,
    0.06881057,
    0.014010749,
    0.03269432,
    0.010810291,
    0.0027735643,
    0.0016106326,
    0.11335198,
    0.08015741,
    0.0034202132,
    0.082487345,
    0.10604715,
    0.25929374,
    0.0074214647,
    0.3859274,
    0.23109521,
    0.0026540936,
    0.37606293,
    0.32703725,
    0.019894723,
    0.02812682,
    0.0048989006,
    0.026696723,
    0.33437392,
    0.17584622,
    0.18473454,
    0.02708145,
    0.08520436,
    0.4703161,
    0.17481731,
    0.0014220629,
    0.19824739,
    0.0019800924,
    0.2632909,
    0.018848581,
    0.021902395,
    0.015788116,
    0.23100196,
    0.024600489,
    0.047923375,
    0.22621569,
    0.00043311415,
    0.002963461,
    0.2928993,
    0.024890643,
    0.011184699,
    0.2794396,
    0.011232468,
    0.029005922,
    0.22133659,
    0.0018171865,
    0.22151424,
    0.17961626,
    0.0033361549,
    0.002072984,
    0.0034418495,
    0.00084917736,
    0.008084608,
    0.28102848,
    0.0061037554,
    0.116763316,
    0.007729395,
    0.18783963,
    0.23168507,
    0.10994179
  ],
  "years": [
    2022,
    2017,
    2018,
    2015,
    2019,
    2015,
    2023,
    2022,
    2015,
    2021,
    2022,
    2023,
    2015,
    2015,
    2021,
    2016,
    2021,
    2018,
    2018,
    2019,
    2014,
    2015,
    2022,
    2014,
    2017,
    2018,
    2021,
    2019,
    2019,
    2018,
    2014,
    2014,
    2021,
    2019,
    2021,
    2019,
    2019,
    2018,
    2022,
    2014,
    2018,
    2018,
    2019,
    2016,
    2019,
    2019,
    2017,
    2018,
    2018,
    2023,
    2015,
    2022,
    2018,
    2023,
    2023,
    2023,
    2019,
    2014,
    2021,
    2019,
    2016,
    2018,
    2019,
    2023,
    2018,
    2018,
    2017,
    2022,
    2015,
    2013,
    2023,
    2022,
    2021,
    2021,
    2018,
    2017,
    2019,
    2016,
    2016,
    2023,
    2022,
    2019,
    2019,
    2019,
    2023,
    2019,
    2019,
    2019,
    2016,
    2016,
    2014,
    2018,
    2017,
    2022,
    2022,
    2016,
    2017,
    2019,
    2022,
    2023,
    2019,
    2019,
    2016,
    2021,
    2023,
    2020,
    2022,
    2018,
    2019
  ],
  "entities": [
    15,
    16,
    17,
    19,
    21,
    22,
    25,
    28,
    31,
    32,
    33,
    34,
    36,
    37,
    40,
    41,
    42,
    43,
    174,
    173,
    171,
    170,
    169,
    168,
    167,
    166,
    143,
    164,
    160,
    201,
    65,
    259,
    78,
    158,
    202,
    153,
    151,
    152,
    150,
    148,
    147,
    94,
    146,
    145,
    139,
    137,
    136,
    134,
    132,
    130,
    131,
    129,
    204,
    126,
    125,
    123,
    121,
    120,
    118,
    117,
    211,
    115,
    114,
    113,
    112,
    215,
    110,
    109,
    142,
    108,
    218,
    107,
    104,
    103,
    66,
    101,
    140,
    99,
    98,
    97,
    96,
    91,
    239,
    232,
    89,
    88,
    233,
    87,
    81,
    141,
    79,
    234,
    76,
    64,
    75,
    225,
    74,
    235,
    73,
    71,
    69,
    237,
    68,
    62,
    221,
    84,
    61,
    60,
    80
  ]
}