{
  "values": [
    25.58333,
    30.84816,
    17.89821,
    15.499,
    12.87788,
    19.54081,
    18.23998,
    17.57975,
    12.84626,
    26.42091,
    25.6071,
    14.45264,
    27.86885,
    31.36523,
    26.40364,
    24.2,
    18.90531,
    9.701136,
    53.57143,
    32.10751,
    35.1315,
    33.77704,
    35.62293,
    28.40018,
    11.69437,
    27.13333,
    20.4459,
    25.57668,
    29.4,
    35.85691,
    12.73529,
    11.05091,
    38.87802,
    38.00066,
    24.26031,
    12.75949,
    13.9,
    35.42894,
    24.73763,
    39.65179,
    28.35154,
    33.07087,
    35.91666,
    6.660583,
    5.362259,
    46.69365,
    45.58334,
    11.08904,
    32.46354,
    20.86667,
    26.66667,
    50.56686,
    12.82265,
    26.38462,
    42.66843,
    32.75641,
    39.6,
    15.67878,
    29.83333,
    22.41667,
    16.25162,
    8.149316,
    17.12247,
    32.44018,
    16.87805,
    18.24353,
    20,
    20.58233,
    23.81328,
    33.67402,
    15.9896,
    21.99832,
    61.18776,
    13.90766,
    33.55001,
    13.76708,
    14.49996,
    26.72872,
    14.14538,
    12.70492,
    8.373179,
    33.46191,
    33.02151,
    17.91315,
    17.54299,
    10.1784,
    14.66468,
    20.84416,
    20.6547,
    20.06611,
    22.95216,
    27.51891,
    15.71151,
    11.34397,
    7.040417,
    21.93266,
    27.2173,
    33.23323,
    24.73029,
    32.5354,
    24.29236,
    12.59655,
    12.61908,
    10.94197,
    14.31003,
    18.5,
    29,
    44.13333,
    19.54485,
    23.8,
    23.58049,
    23.90067
  ],
  "years": [
    2014,
    2010,
    2010,
    2014,
    2014,
    2010,
    2014,
    2014,
    2014,
    2010,
    2014,
    2010,
    2010,
    2010,
    2010,
    2014,
    2010,
    2014,
    2014,
    2010,
    2014,
    2014,
    2010,
    2014,
    2014,
    2010,
    2010,
    2010,
    2010,
    2014,
    2010,
    2014,
    2010,
    2014,
    2010,
    2014,
    2014,
    2010,
    2010,
    2014,
    2010,
    2010,
    2014,
    2010,
    2014,
    2010,
    2014,
    2014,
    2014,
    2014,
    2014,
    2014,
    2010,
    2014,
    2010,
    2010,
    2014,
    2010,
    2010,
    2014,
    2010,
    2014,
    2014,
    2014,
    2010,
    2014,
    2014,
    2010,
    2014,
    2014,
    2010,
    2014,
    2014,
    2010,
    2014,
    2010,
    2014,
    2010,
    2014,
    2010,
    2014,
    2010,
    2014,
    2010,
    2014,
    2010,
    2014,
    2010,
    2014,
    2010,
    2014,
    2010,
    2010,
    2014,
    2010,
    2014,
    2010,
    2014,
    2014,
    2010,
    2014,
    2010,
    2014,
    2010,
    2014,
    2010,
    2014,
    2014,
    2010,
    2014,
    2010,
    2014
  ],
  "entities": [
    17,
    18,
    21,
    21,
    22,
    23,
    23,
    25,
    30,
    37,
    37,
    39,
    40,
    44,
    172,
    172,
    171,
    171,
    170,
    163,
    163,
    201,
    65,
    65,
    156,
    158,
    155,
    3,
    152,
    152,
    6,
    6,
    150,
    150,
    1,
    145,
    144,
    138,
    137,
    137,
    136,
    135,
    134,
    14,
    14,
    130,
    130,
    131,
    208,
    126,
    124,
    120,
    116,
    116,
    115,
    113,
    113,
    111,
    110,
    110,
    5,
    5,
    106,
    103,
    102,
    101,
    140,
    97,
    97,
    96,
    11,
    11,
    226,
    92,
    92,
    12,
    12,
    91,
    91,
    88,
    86,
    83,
    83,
    81,
    81,
    127,
    127,
    9,
    9,
    10,
    10,
    7,
    198,
    198,
    75,
    75,
    73,
    73,
    71,
    70,
    70,
    67,
    67,
    13,
    13,
    63,
    63,
    62,
    84,
    61,
    60,
    80
  ]
}