{
  "values": [
    19.91667,
    10.56905,
    20.09011,
    27.59655,
    24.3461,
    21.98712,
    24.20447,
    24.79395,
    29.07715,
    13.15067,
    12.92018,
    26.93982,
    17.31147,
    19.66158,
    25.96651,
    24.6,
    13.75947,
    30.94147,
    9.589947,
    20.47348,
    18.86072,
    18.30283,
    23.44616,
    19.25765,
    31.36248,
    21,
    25.07004,
    22.1122,
    17.2,
    12.06323,
    29.36313,
    29.17712,
    14.35095,
    17.59868,
    18.9641,
    12.6076,
    27,
    19.45819,
    15.04248,
    31.16724,
    16.73287,
    18.48519,
    11.33333,
    24.90876,
    26.3201,
    13.00495,
    11.91667,
    28.85155,
    20.33768,
    22.66667,
    22.08333,
    12.45282,
    31.80683,
    23,
    12.28534,
    17.94872,
    12.3,
    29.44551,
    18.66667,
    14.5,
    26.97756,
    26.65615,
    25.80262,
    20.31251,
    25.26829,
    24.41288,
    22.5,
    26.80223,
    25.13591,
    15.8597,
    23.62517,
    19.38432,
    5.790545,
    37.21847,
    28.00267,
    26.36728,
    29.18805,
    18.1516,
    21.67649,
    27.45902,
    39.42758,
    18.03279,
    12.25444,
    24.30335,
    26.08424,
    27.48449,
    28.31424,
    28.06721,
    26.68614,
    24.97291,
    24.12041,
    20.20953,
    29.42952,
    30.02433,
    32.79009,
    21.57671,
    15.32016,
    15.21521,
    16.51452,
    14.94146,
    24.43427,
    28.50873,
    26.06285,
    28.66219,
    26.59504,
    24.5,
    16,
    17.13333,
    32.26238,
    17.7,
    17.03407,
    26.25143
  ],
  "years": [
    2014,
    2010,
    2010,
    2014,
    2014,
    2010,
    2014,
    2014,
    2014,
    2010,
    2014,
    2010,
    2010,
    2010,
    2010,
    2014,
    2010,
    2014,
    2014,
    2010,
    2014,
    2014,
    2010,
    2014,
    2014,
    2010,
    2010,
    2010,
    2010,
    2014,
    2010,
    2014,
    2010,
    2014,
    2010,
    2014,
    2014,
    2010,
    2010,
    2014,
    2010,
    2010,
    2014,
    2010,
    2014,
    2010,
    2014,
    2014,
    2014,
    2014,
    2014,
    2014,
    2010,
    2014,
    2010,
    2010,
    2014,
    2010,
    2010,
    2014,
    2010,
    2014,
    2014,
    2014,
    2010,
    2014,
    2014,
    2010,
    2014,
    2014,
    2010,
    2014,
    2014,
    2010,
    2014,
    2010,
    2014,
    2010,
    2014,
    2010,
    2014,
    2010,
    2014,
    2010,
    2014,
    2010,
    2014,
    2010,
    2014,
    2010,
    2014,
    2010,
    2010,
    2014,
    2010,
    2014,
    2010,
    2014,
    2014,
    2010,
    2014,
    2010,
    2014,
    2010,
    2014,
    2010,
    2014,
    2014,
    2010,
    2014,
    2010,
    2014
  ],
  "entities": [
    17,
    18,
    21,
    21,
    22,
    23,
    23,
    25,
    30,
    37,
    37,
    39,
    40,
    44,
    172,
    172,
    171,
    171,
    170,
    163,
    163,
    201,
    65,
    65,
    156,
    158,
    155,
    3,
    152,
    152,
    6,
    6,
    150,
    150,
    1,
    145,
    144,
    138,
    137,
    137,
    136,
    135,
    134,
    14,
    14,
    130,
    130,
    131,
    208,
    126,
    124,
    120,
    116,
    116,
    115,
    113,
    113,
    111,
    110,
    110,
    5,
    5,
    106,
    103,
    102,
    101,
    140,
    97,
    97,
    96,
    11,
    11,
    226,
    92,
    92,
    12,
    12,
    91,
    91,
    88,
    86,
    83,
    83,
    81,
    81,
    127,
    127,
    9,
    9,
    10,
    10,
    7,
    198,
    198,
    75,
    75,
    73,
    73,
    71,
    70,
    70,
    67,
    67,
    13,
    13,
    63,
    63,
    62,
    84,
    61,
    60,
    80
  ]
}