{
  "values": [
    10.25,
    3.265367,
    12.60184,
    16.89538,
    13.06796,
    17.62833,
    19.0912,
    17.43383,
    21.52074,
    4.382298,
    5.045532,
    14.35297,
    10.42623,
    8.09982,
    0,
    13.4,
    7.043701,
    16.19616,
    5.026455,
    12.55354,
    9.011791,
    9.900167,
    9.005488,
    10.10261,
    18.20442,
    18.93333,
    9.031209,
    15.48194,
    4.333333,
    3.161397,
    21.1063,
    21.52995,
    5.283757,
    4.558431,
    15.23023,
    17.11392,
    15.5,
    5.719907,
    6.896552,
    0,
    5.51142,
    6.786652,
    9.333333,
    34.76277,
    37.08555,
    3.449582,
    4.916667,
    23.31261,
    12.04912,
    14.2,
    12,
    6.117866,
    22.14821,
    9.153846,
    7.199471,
    7.24359,
    7.05,
    13.86233,
    14.08333,
    11.41667,
    16.91019,
    25.34175,
    21.16528,
    9.312504,
    14.14634,
    12.81122,
    11.5,
    12.54832,
    12.93602,
    6.489425,
    6.671315,
    6.622111,
    0,
    9.065315,
    7.926792,
    17.56619,
    18.97222,
    9.973405,
    21.611,
    23.77049,
    18.2312,
    8.003857,
    4.303087,
    13.20977,
    15.64902,
    22.94728,
    22.07028,
    8.655698,
    8.964404,
    16.29624,
    11.94704,
    10.24599,
    15.47231,
    14.7155,
    20.53455,
    14.6398,
    10.55629,
    9.009008,
    13.27801,
    3.169647,
    8.456111,
    19.14617,
    23.25365,
    19.96986,
    22.16597,
    14.1,
    11.7,
    4.533333,
    5.823293,
    6.4,
    16.83367,
    13.55216
  ],
  "years": [
    2014,
    2010,
    2010,
    2014,
    2014,
    2010,
    2014,
    2014,
    2014,
    2010,
    2014,
    2010,
    2010,
    2010,
    2010,
    2014,
    2010,
    2014,
    2014,
    2010,
    2014,
    2014,
    2010,
    2014,
    2014,
    2010,
    2010,
    2010,
    2010,
    2014,
    2010,
    2014,
    2010,
    2014,
    2010,
    2014,
    2014,
    2010,
    2010,
    2014,
    2010,
    2010,
    2014,
    2010,
    2014,
    2010,
    2014,
    2014,
    2014,
    2014,
    2014,
    2014,
    2010,
    2014,
    2010,
    2010,
    2014,
    2010,
    2010,
    2014,
    2010,
    2014,
    2014,
    2014,
    2010,
    2014,
    2014,
    2010,
    2014,
    2014,
    2010,
    2014,
    2014,
    2010,
    2014,
    2010,
    2014,
    2010,
    2014,
    2010,
    2014,
    2010,
    2014,
    2010,
    2014,
    2010,
    2014,
    2010,
    2014,
    2010,
    2014,
    2010,
    2010,
    2014,
    2010,
    2014,
    2010,
    2014,
    2014,
    2010,
    2014,
    2010,
    2014,
    2010,
    2014,
    2010,
    2014,
    2014,
    2010,
    2014,
    2010,
    2014
  ],
  "entities": [
    17,
    18,
    21,
    21,
    22,
    23,
    23,
    25,
    30,
    37,
    37,
    39,
    40,
    44,
    172,
    172,
    171,
    171,
    170,
    163,
    163,
    201,
    65,
    65,
    156,
    158,
    155,
    3,
    152,
    152,
    6,
    6,
    150,
    150,
    1,
    145,
    144,
    138,
    137,
    137,
    136,
    135,
    134,
    14,
    14,
    130,
    130,
    131,
    208,
    126,
    124,
    120,
    116,
    116,
    115,
    113,
    113,
    111,
    110,
    110,
    5,
    5,
    106,
    103,
    102,
    101,
    140,
    97,
    97,
    96,
    11,
    11,
    226,
    92,
    92,
    12,
    12,
    91,
    91,
    88,
    86,
    83,
    83,
    81,
    81,
    127,
    127,
    9,
    9,
    10,
    10,
    7,
    198,
    198,
    75,
    75,
    73,
    73,
    71,
    70,
    70,
    67,
    67,
    13,
    13,
    63,
    63,
    62,
    84,
    61,
    60,
    80
  ]
}