{
  "values": [
    5.916667,
    1.133053,
    1.821924,
    1.710296,
    2.321838,
    0.5625148,
    1.744415,
    4.455295,
    2.450495,
    0.5444496,
    0.8780091,
    2.064528,
    2.885246,
    0.6380562,
    4.112984,
    2.3,
    2.332582,
    1.970219,
    0.8597884,
    1.459328,
    2.014669,
    2.412646,
    1.820873,
    2.620188,
    2.008478,
    1.533333,
    0.4159264,
    2.331801,
    0.3333333,
    0.0831947,
    1.915239,
    2.489502,
    0.913242,
    0.1469115,
    0.5940055,
    25.67089,
    1.2,
    0.3395833,
    2.098951,
    6.204022,
    0.347567,
    0.712411,
    3.333333,
    0.729927,
    0.9005321,
    0,
    0.6666667,
    2.887369,
    1.995395,
    5.733333,
    4.083333,
    1.311848,
    0.5828476,
    0.9230769,
    2.443857,
    2.5,
    2.2,
    1.147228,
    1.583333,
    3.666667,
    1.197707,
    2.10305,
    1.545779,
    1.195424,
    0.4878049,
    3.119732,
    1.8,
    2.004435,
    1.332304,
    0.6017113,
    1.245683,
    0.3447405,
    0.4131355,
    1.238739,
    1.229266,
    2.896034,
    0,
    3.856383,
    2.030124,
    2.786885,
    1.493813,
    0.7714561,
    0.1870907,
    1.998407,
    1.718521,
    2.377677,
    3.111057,
    0.1545372,
    0.3360421,
    0.9777342,
    2.126468,
    0.2852911,
    1.624746,
    1.032667,
    0.5867014,
    3.025639,
    1.743799,
    1.001001,
    9.626556,
    0.8240384,
    0.6017673,
    2.809431,
    3.066885,
    2.313174,
    3.12311,
    2.1,
    2,
    1,
    0.8032128,
    1.4,
    4.408818,
    2.017688
  ],
  "years": [
    2014,
    2010,
    2010,
    2014,
    2014,
    2010,
    2014,
    2014,
    2014,
    2010,
    2014,
    2010,
    2010,
    2010,
    2010,
    2014,
    2010,
    2014,
    2014,
    2010,
    2014,
    2014,
    2010,
    2014,
    2014,
    2010,
    2010,
    2010,
    2010,
    2014,
    2010,
    2014,
    2010,
    2014,
    2010,
    2014,
    2014,
    2010,
    2010,
    2014,
    2010,
    2010,
    2014,
    2010,
    2014,
    2010,
    2014,
    2014,
    2014,
    2014,
    2014,
    2014,
    2010,
    2014,
    2010,
    2010,
    2014,
    2010,
    2010,
    2014,
    2010,
    2014,
    2014,
    2014,
    2010,
    2014,
    2014,
    2010,
    2014,
    2014,
    2010,
    2014,
    2014,
    2010,
    2014,
    2010,
    2014,
    2010,
    2014,
    2010,
    2014,
    2010,
    2014,
    2010,
    2014,
    2010,
    2014,
    2010,
    2014,
    2010,
    2014,
    2010,
    2010,
    2014,
    2010,
    2014,
    2010,
    2014,
    2014,
    2010,
    2014,
    2010,
    2014,
    2010,
    2014,
    2010,
    2014,
    2014,
    2010,
    2014,
    2010,
    2014
  ],
  "entities": [
    17,
    18,
    21,
    21,
    22,
    23,
    23,
    25,
    30,
    37,
    37,
    39,
    40,
    44,
    172,
    172,
    171,
    171,
    170,
    163,
    163,
    201,
    65,
    65,
    156,
    158,
    155,
    3,
    152,
    152,
    6,
    6,
    150,
    150,
    1,
    145,
    144,
    138,
    137,
    137,
    136,
    135,
    134,
    14,
    14,
    130,
    130,
    131,
    208,
    126,
    124,
    120,
    116,
    116,
    115,
    113,
    113,
    111,
    110,
    110,
    5,
    5,
    106,
    103,
    102,
    101,
    140,
    97,
    97,
    96,
    11,
    11,
    226,
    92,
    92,
    12,
    12,
    91,
    91,
    88,
    86,
    83,
    83,
    81,
    81,
    127,
    127,
    9,
    9,
    10,
    10,
    7,
    198,
    198,
    75,
    75,
    73,
    73,
    71,
    70,
    70,
    67,
    67,
    13,
    13,
    63,
    63,
    62,
    84,
    61,
    60,
    80
  ]
}