{
  "values": [
    6.333333,
    1.192672,
    3.716372,
    6.181161,
    7.443887,
    4.414137,
    6.636687,
    8.686626,
    9.237197,
    3.429511,
    3.284909,
    5.688219,
    4.786885,
    2.652433,
    11.18362,
    5.2,
    4.153171,
    6.074181,
    1.587302,
    5.360686,
    4.099239,
    3.327787,
    2.767366,
    4.35271,
    7.000286,
    8.333334,
    2.155608,
    6.123462,
    1.666667,
    1.747088,
    7.012735,
    10.55259,
    2.08741,
    2.100524,
    4.331534,
    14.22785,
    5.1,
    1.491992,
    3.348326,
    10.27464,
    2.03575,
    1.687289,
    6.75,
    7.937956,
    8.309455,
    0.8784699,
    3.916667,
    9.592303,
    6.293169,
    5.533333,
    6.333333,
    3.203753,
    4.329725,
    3.538461,
    3.170409,
    1.98718,
    2.2,
    4.58891,
    5.75,
    4.583333,
    8.371761,
    9.148265,
    5.350773,
    4.291894,
    3.219512,
    6.948712,
    5.6,
    4.158686,
    3.854063,
    2.806261,
    2.273092,
    2.400916,
    1.395749,
    2.364865,
    2.315243,
    6.865998,
    0,
    7.978723,
    14.40734,
    6.229508,
    6.83124,
    1.157184,
    1.777362,
    7.902874,
    5.083556,
    13.45887,
    9.114113,
    2.787299,
    2.92525,
    4.775204,
    4.110098,
    2.453156,
    2.801004,
    5.702703,
    5.019557,
    6.297091,
    5.312827,
    3.803804,
    9.045644,
    2.023406,
    1.443398,
    8.906585,
    8.141969,
    8.975769,
    7.949571,
    5.6,
    6.5,
    1.2,
    1.807229,
    5,
    8.350034,
    5.883733
  ],
  "years": [
    2014,
    2010,
    2010,
    2014,
    2014,
    2010,
    2014,
    2014,
    2014,
    2010,
    2014,
    2010,
    2010,
    2010,
    2010,
    2014,
    2010,
    2014,
    2014,
    2010,
    2014,
    2014,
    2010,
    2014,
    2014,
    2010,
    2010,
    2010,
    2010,
    2014,
    2010,
    2014,
    2010,
    2014,
    2010,
    2014,
    2014,
    2010,
    2010,
    2014,
    2010,
    2010,
    2014,
    2010,
    2014,
    2010,
    2014,
    2014,
    2014,
    2014,
    2014,
    2014,
    2010,
    2014,
    2010,
    2010,
    2014,
    2010,
    2010,
    2014,
    2010,
    2014,
    2014,
    2014,
    2010,
    2014,
    2014,
    2010,
    2014,
    2014,
    2010,
    2014,
    2014,
    2010,
    2014,
    2010,
    2014,
    2010,
    2014,
    2010,
    2014,
    2010,
    2014,
    2010,
    2014,
    2010,
    2014,
    2010,
    2014,
    2010,
    2014,
    2010,
    2010,
    2014,
    2010,
    2014,
    2010,
    2014,
    2014,
    2010,
    2014,
    2010,
    2014,
    2010,
    2014,
    2010,
    2014,
    2014,
    2010,
    2014,
    2010,
    2014
  ],
  "entities": [
    17,
    18,
    21,
    21,
    22,
    23,
    23,
    25,
    30,
    37,
    37,
    39,
    40,
    44,
    172,
    172,
    171,
    171,
    170,
    163,
    163,
    201,
    65,
    65,
    156,
    158,
    155,
    3,
    152,
    152,
    6,
    6,
    150,
    150,
    1,
    145,
    144,
    138,
    137,
    137,
    136,
    135,
    134,
    14,
    14,
    130,
    130,
    131,
    208,
    126,
    124,
    120,
    116,
    116,
    115,
    113,
    113,
    111,
    110,
    110,
    5,
    5,
    106,
    103,
    102,
    101,
    140,
    97,
    97,
    96,
    11,
    11,
    226,
    92,
    92,
    12,
    12,
    91,
    91,
    88,
    86,
    83,
    83,
    81,
    81,
    127,
    127,
    9,
    9,
    10,
    10,
    7,
    198,
    198,
    75,
    75,
    73,
    73,
    71,
    70,
    70,
    67,
    67,
    13,
    13,
    63,
    63,
    62,
    84,
    61,
    60,
    80
  ]
}