viewId,chartType,queryStr,resolvedQueryStr,md5,svgFilename,durationReceiveData,durationTotal,heapUsed,totalDataFileSize
academic-performance?sex=both&subject=mathematics,WorldMap,,,edbf1ac1b9dd13a54ad33583d98232ad,academic-performance?sex=both&subject=mathematics_v0_850x600.svg,3,64,267873696,15010
academic-performance?sex=both&subject=reading,WorldMap,,,e34591fe15fa51e4b5c952d78345329d,academic-performance?sex=both&subject=reading_v0_850x600.svg,5,82,261072400,16363
academic-performance?sex=both&subject=science,WorldMap,,,a7359a37888c529b182ee5e8871e6c9f,academic-performance?sex=both&subject=science_v0_850x600.svg,4,71,235084464,13701
academic-performance?sex=both&subject=subject_side_by_side,LineChart,,,b07093269d655787092462432a9faaaa,academic-performance?sex=both&subject=subject_side_by_side_v0_850x600.svg,6,58,235673152,45074
academic-performance?sex=boys&subject=mathematics,WorldMap,,,3a5f64f894c4488357f74cb5dee6048a,academic-performance?sex=boys&subject=mathematics_v0_850x600.svg,4,78,259098640,15024
academic-performance?sex=boys&subject=reading,WorldMap,,,bda76b4493a6e92d3662d0ee89af71bd,academic-performance?sex=boys&subject=reading_v0_850x600.svg,5,79,274052216,16404
academic-performance?sex=boys&subject=science,WorldMap,,,e86445d3a7883ee1ca79a598534a1e59,academic-performance?sex=boys&subject=science_v0_850x600.svg,2,19,240115688,13646
academic-performance?sex=boys&subject=subject_side_by_side,LineChart,,,e00ed1baa5448c2095d244405d5ab8be,academic-performance?sex=boys&subject=subject_side_by_side_v0_850x600.svg,4,39,278026080,45074
academic-performance?sex=girls&subject=mathematics,WorldMap,,,2ea45af60c5ca3d3b57701c2a384a6c4,academic-performance?sex=girls&subject=mathematics_v0_850x600.svg,3,57,281300920,15034
academic-performance?sex=girls&subject=reading,WorldMap,,,b31e8902fea5a4c9d0fd6b0ed09e41a5,academic-performance?sex=girls&subject=reading_v0_850x600.svg,4,27,249652312,16356
academic-performance?sex=girls&subject=science,WorldMap,,,e57189b7544ab3cb6f57e89f5a3baa5c,academic-performance?sex=girls&subject=science_v0_850x600.svg,2,17,256755496,13684
academic-performance?sex=girls&subject=subject_side_by_side,LineChart,,,f471a2ca9f20abfe7a6e57119bc45454,academic-performance?sex=girls&subject=subject_side_by_side_v0_850x600.svg,4,40,252256592,45074
academic-performance?sex=sex_side_by_side&subject=mathematics,LineChart,,,0d36848302e2a0aa8ae2a6f93e1c1cb4,academic-performance?sex=sex_side_by_side&subject=mathematics_v0_850x600.svg,3,25,273657096,30058
academic-performance?sex=sex_side_by_side&subject=reading,LineChart,,,f2ae8fe97b895892c6429405f2841eeb,academic-performance?sex=sex_side_by_side&subject=reading_v0_850x600.svg,3,38,191295424,32760
academic-performance?sex=sex_side_by_side&subject=science,LineChart,,,486a9eb8769b8860174eb556fc6a6514,academic-performance?sex=sex_side_by_side&subject=science_v0_850x600.svg,2,35,259044256,27330
children-not-in-school?sex=both&level=level_side_by_side&metric_type=number,StackedArea,,,8a3696316474e47c0ee8d37d6eb54ddd,children-not-in-school?sex=both&level=level_side_by_side&metric_type=number_v0_850x600.svg,13,69,295723176,451049
children-not-in-school?sex=both&level=level_side_by_side&metric_type=rate,LineChart,,,7e422aba6981bdbbaf31fb42c2cbec10,children-not-in-school?sex=both&level=level_side_by_side&metric_type=rate_v0_850x600.svg,18,73,259579576,483578
children-not-in-school?sex=both&level=lower_secondary&metric_type=number,WorldMap,,,7aea5378b8a3399b9b4e6dbad452b052,children-not-in-school?sex=both&level=lower_secondary&metric_type=number_v0_850x600.svg,2,60,289325048,107418
children-not-in-school?sex=both&level=lower_secondary&metric_type=rate,WorldMap,,,14ad32178ec21e52ebfd6532f1562d32,children-not-in-school?sex=both&level=lower_secondary&metric_type=rate_v0_850x600.svg,2,51,264260224,114360
children-not-in-school?sex=both&level=pre_primary&metric_type=number,WorldMap,,,41ab0a64105ba224187e58e5b95a6978,children-not-in-school?sex=both&level=pre_primary&metric_type=number_v0_850x600.svg,1,37,292044016,86651
children-not-in-school?sex=both&level=pre_primary&metric_type=rate,WorldMap,,,ab6072eecbc97686109548b8d3347942,children-not-in-school?sex=both&level=pre_primary&metric_type=rate_v0_850x600.svg,3,51,217793936,96005
children-not-in-school?sex=both&level=primary&metric_type=number,WorldMap,,,01d843aa1067c41f7e3c7c1172714170,children-not-in-school?sex=both&level=primary&metric_type=number_v0_850x600.svg,2,35,284799168,151015
children-not-in-school?sex=both&level=primary&metric_type=rate,WorldMap,,,4b94f0ac945a71f0a6c55cc776e88bdb,children-not-in-school?sex=both&level=primary&metric_type=rate_v0_850x600.svg,3,36,298824760,160283
children-not-in-school?sex=both&level=upper_secondary&metric_type=number,WorldMap,,,262f510bde27f8785c6a817f3591f1c8,children-not-in-school?sex=both&level=upper_secondary&metric_type=number_v0_850x600.svg,1,21,322759600,105965
children-not-in-school?sex=both&level=upper_secondary&metric_type=rate,WorldMap,,,0e7173e5361d9c0be4e62c1830a272bf,children-not-in-school?sex=both&level=upper_secondary&metric_type=rate_v0_850x600.svg,2,32,275882184,112930
children-not-in-school?sex=female&level=level_side_by_side&metric_type=number,StackedArea,,,6b62e34f837c9ca7a7ac40b3eba07eda,children-not-in-school?sex=female&level=level_side_by_side&metric_type=number_v0_850x600.svg,11,50,273480256,386292
children-not-in-school?sex=female&level=level_side_by_side&metric_type=rate,LineChart,,,e8f6d9d24c035e680513aab2361eb3be,children-not-in-school?sex=female&level=level_side_by_side&metric_type=rate_v0_850x600.svg,15,46,226915120,417643
children-not-in-school?sex=female&level=lower_secondary&metric_type=number,WorldMap,,,ac57e218be510e984b266f4fafe71628,children-not-in-school?sex=female&level=lower_secondary&metric_type=number_v0_850x600.svg,2,20,295450968,87342
children-not-in-school?sex=female&level=lower_secondary&metric_type=rate,WorldMap,,,61bdde137e2e0bd3f1770b98a7046671,children-not-in-school?sex=female&level=lower_secondary&metric_type=rate_v0_850x600.svg,1,21,311223496,93777
children-not-in-school?sex=female&level=pre_primary&metric_type=number,WorldMap,,,2b8ad888691e7eee8589c9ae8524c2c4,children-not-in-school?sex=female&level=pre_primary&metric_type=number_v0_850x600.svg,1,21,325023208,82295
children-not-in-school?sex=female&level=pre_primary&metric_type=rate,WorldMap,,,49f0f482a1d1ce49013574d53618f268,children-not-in-school?sex=female&level=pre_primary&metric_type=rate_v0_850x600.svg,1,23,299255112,91359
children-not-in-school?sex=female&level=primary&metric_type=number,WorldMap,,,9ce62467d7c0194e9806ddb60c97ec68,children-not-in-school?sex=female&level=primary&metric_type=number_v0_850x600.svg,2,31,309302704,118047
children-not-in-school?sex=female&level=primary&metric_type=rate,WorldMap,,,7572bf33ac26d7e62470ff8719cc932b,children-not-in-school?sex=female&level=primary&metric_type=rate_v0_850x600.svg,2,21,322360336,126542
children-not-in-school?sex=female&level=upper_secondary&metric_type=number,WorldMap,,,f5dff42c8550fcd25b811aa2b71e7305,children-not-in-school?sex=female&level=upper_secondary&metric_type=number_v0_850x600.svg,2,31,258273032,98608
children-not-in-school?sex=female&level=upper_secondary&metric_type=rate,WorldMap,,,67b7178b1a363da8abe48c81af396f4a,children-not-in-school?sex=female&level=upper_secondary&metric_type=rate_v0_850x600.svg,2,24,235336512,105965
children-not-in-school?sex=male&level=level_side_by_side&metric_type=number,StackedArea,,,b2bfb144ceafc5467e0af07e583e658c,children-not-in-school?sex=male&level=level_side_by_side&metric_type=number_v0_850x600.svg,9,51,293752272,386582
children-not-in-school?sex=male&level=level_side_by_side&metric_type=rate,LineChart,,,42f3b1eec365830d83237180418a2f6d,children-not-in-school?sex=male&level=level_side_by_side&metric_type=rate_v0_850x600.svg,10,36,298925560,417904
children-not-in-school?sex=male&level=lower_secondary&metric_type=number,WorldMap,,,e19cc6721f26ebc195f04f997486abd7,children-not-in-school?sex=male&level=lower_secondary&metric_type=number_v0_850x600.svg,1,33,289876128,87129
children-not-in-school?sex=male&level=lower_secondary&metric_type=rate,WorldMap,,,0ac548fad842df8af97ad74a02ec40de,children-not-in-school?sex=male&level=lower_secondary&metric_type=rate_v0_850x600.svg,2,28,348773200,93528
children-not-in-school?sex=male&level=pre_primary&metric_type=number,WorldMap,,,4488b3b6ffb36d01a6b143026daf20b1,children-not-in-school?sex=male&level=pre_primary&metric_type=number_v0_850x600.svg,2,28,220177712,82616
children-not-in-school?sex=male&level=pre_primary&metric_type=rate,WorldMap,,,aaa72c77b0ef39d2822c61ee27e989ee,children-not-in-school?sex=male&level=pre_primary&metric_type=rate_v0_850x600.svg,1,20,327289624,91900
children-not-in-school?sex=male&level=primary&metric_type=number,WorldMap,,,31750ea433b16e62cd6bb29421683873,children-not-in-school?sex=male&level=primary&metric_type=number_v0_850x600.svg,2,26,325515024,118096
children-not-in-school?sex=male&level=primary&metric_type=rate,WorldMap,,,5ebda2f6af489035338bce3430bf789e,children-not-in-school?sex=male&level=primary&metric_type=rate_v0_850x600.svg,2,27,237592704,126472
children-not-in-school?sex=male&level=upper_secondary&metric_type=number,WorldMap,,,710e06e2a7a3d9f47a51a9d49436ad40,children-not-in-school?sex=male&level=upper_secondary&metric_type=number_v0_850x600.svg,4,33,254582656,98741
children-not-in-school?sex=male&level=upper_secondary&metric_type=rate,WorldMap,,,98fe278d4373ca69bbb53a0bd1fdbdf4,children-not-in-school?sex=male&level=upper_secondary&metric_type=rate_v0_850x600.svg,2,23,316063376,106004
children-not-in-school?sex=sex_side_by_side&level=lower_secondary&metric_type=number,StackedArea,,,3080d931dd56189f90951f37fcca126e,children-not-in-school?sex=sex_side_by_side&level=lower_secondary&metric_type=number_v0_850x600.svg,5,38,262647336,174471
children-not-in-school?sex=sex_side_by_side&level=lower_secondary&metric_type=rate,LineChart,,,009555c3e55922fba468eeb1f027d220,children-not-in-school?sex=sex_side_by_side&level=lower_secondary&metric_type=rate_v0_850x600.svg,6,32,316319824,187305
children-not-in-school?sex=sex_side_by_side&level=pre_primary&metric_type=number,StackedArea,,,140880f11344505dcf4613ad3080eb5f,children-not-in-school?sex=sex_side_by_side&level=pre_primary&metric_type=number_v0_850x600.svg,8,36,210189144,164911
children-not-in-school?sex=sex_side_by_side&level=pre_primary&metric_type=rate,LineChart,,,1abff32842b70308875f08896db4bbd3,children-not-in-school?sex=sex_side_by_side&level=pre_primary&metric_type=rate_v0_850x600.svg,8,29,357194208,183259
children-not-in-school?sex=sex_side_by_side&level=primary&metric_type=number,StackedArea,,,c08a1a59aaee6bd34274ec8983ecaa51,children-not-in-school?sex=sex_side_by_side&level=primary&metric_type=number_v0_850x600.svg,11,38,244356712,236143
children-not-in-school?sex=sex_side_by_side&level=primary&metric_type=rate,LineChart,,,a17932345ea3b63cc8aa6273d2150277,children-not-in-school?sex=sex_side_by_side&level=primary&metric_type=rate_v0_850x600.svg,9,31,251184024,253014
children-not-in-school?sex=sex_side_by_side&level=upper_secondary&metric_type=number,StackedArea,,,392ed2eefe31906892eedf564880a73a,children-not-in-school?sex=sex_side_by_side&level=upper_secondary&metric_type=number_v0_850x600.svg,6,37,280963032,197349
children-not-in-school?sex=sex_side_by_side&level=upper_secondary&metric_type=rate,LineChart,,,840ac78f52a190258431b0146783c8c6,children-not-in-school?sex=sex_side_by_side&level=upper_secondary&metric_type=rate_v0_850x600.svg,4,28,319984408,211969
education-spending?level=all&spending_type=constant_ppp,WorldMap,,,963a1d60bff71123d24e9241fb989c6d,education-spending?level=all&spending_type=constant_ppp_v0_850x600.svg,2,27,226339776,108170
education-spending?level=all&spending_type=gdp_share,WorldMap,,,a3ab15efad10d766b3bc11852864e4d0,education-spending?level=all&spending_type=gdp_share_v0_850x600.svg,2,30,209624200,164684
education-spending?level=all&spending_type=per_student,WorldMap,,,d6d1f7f749d201d1b049cf1f13b65d81,education-spending?level=all&spending_type=per_student_v0_850x600.svg,2,20,273497336,58404
education-spending?level=all&spending_type=total_government,WorldMap,,,3a71540740aa9b8fe21488e0e1342fbe,education-spending?level=all&spending_type=total_government_v0_850x600.svg,2,26,273553968,140463
education-spending?level=level_side_by_side&spending_type=constant_ppp,StackedBar,,,9eb52e2351b891172d14546e19baa007,education-spending?level=level_side_by_side&spending_type=constant_ppp_v0_850x600.svg,10,76,245379192,359306
education-spending?level=level_side_by_side&spending_type=gdp_share,StackedBar,,,5e2578f4848830a6a939e8e78d8e6bbe,education-spending?level=level_side_by_side&spending_type=gdp_share_v0_850x600.svg,12,60,256149920,467016
education-spending?level=level_side_by_side&spending_type=per_student,StackedBar,,,7f8ee356b1ba714823d655b3e48c6c52,education-spending?level=level_side_by_side&spending_type=per_student_v0_850x600.svg,9,40,243829760,294424
education-spending?level=lower_secondary&spending_type=constant_ppp,WorldMap,,,1444381ec99b1e1c896f88edebdf58ee,education-spending?level=lower_secondary&spending_type=constant_ppp_v0_850x600.svg,1,20,287615264,53904
education-spending?level=lower_secondary&spending_type=gdp_share,WorldMap,,,3805b1bd91663f0658638bf334908333,education-spending?level=lower_secondary&spending_type=gdp_share_v0_850x600.svg,1,26,291188216,55878
education-spending?level=lower_secondary&spending_type=per_student,WorldMap,,,4e9a7f34a390cd70399596b6cbc3fb42,education-spending?level=lower_secondary&spending_type=per_student_v0_850x600.svg,2,28,225267928,48496
education-spending?level=preprimary&spending_type=constant_ppp,WorldMap,,,649ec96da678c666bfefefdb2f3d89f3,education-spending?level=preprimary&spending_type=constant_ppp_v0_850x600.svg,2,22,277505328,82357
education-spending?level=preprimary&spending_type=gdp_share,WorldMap,,,40c4ebba1b9ed0cbea9bb8247edb1b3e,education-spending?level=preprimary&spending_type=gdp_share_v0_850x600.svg,2,27,254748096,110052
education-spending?level=preprimary&spending_type=per_student,WorldMap,,,ae88b87b4783a12e1db6134b5cf475f8,education-spending?level=preprimary&spending_type=per_student_v0_850x600.svg,2,24,219266592,74461
education-spending?level=primary&spending_type=constant_ppp,WorldMap,,,b7587f50586231a2ddc3490577c27ca8,education-spending?level=primary&spending_type=constant_ppp_v0_850x600.svg,2,21,309051424,80946
education-spending?level=primary&spending_type=gdp_share,WorldMap,,,d8361f3bb4645bc7e4b7925eb5cc88c3,education-spending?level=primary&spending_type=gdp_share_v0_850x600.svg,3,27,210137784,116478
education-spending?level=primary&spending_type=per_student,WorldMap,,,c55ec8b226975045ed6e8ed66c75d4c7,education-spending?level=primary&spending_type=per_student_v0_850x600.svg,1,20,242507928,63993
education-spending?level=tertiary&spending_type=constant_ppp,WorldMap,,,bc2de2eed3700e58a71495ff964e2c00,education-spending?level=tertiary&spending_type=constant_ppp_v0_850x600.svg,2,19,295116608,87018
education-spending?level=tertiary&spending_type=gdp_share,WorldMap,,,b9706d29dfd61aaf2c1211a2f248b037,education-spending?level=tertiary&spending_type=gdp_share_v0_850x600.svg,2,26,278075176,126847
education-spending?level=tertiary&spending_type=per_student,WorldMap,,,bbfca7d3e17bfc7d9b85b2db250918ed,education-spending?level=tertiary&spending_type=per_student_v0_850x600.svg,2,20,235322984,59840
education-spending?level=upper_secondary&spending_type=constant_ppp,WorldMap,,,6a6711aae9837d59c1105d673a5f17e8,education-spending?level=upper_secondary&spending_type=constant_ppp_v0_850x600.svg,1,20,274062376,55081
education-spending?level=upper_secondary&spending_type=gdp_share,WorldMap,,,fe5e87d84d9c963118834f7415c2d619,education-spending?level=upper_secondary&spending_type=gdp_share_v0_850x600.svg,1,20,226371024,57761
education-spending?level=upper_secondary&spending_type=per_student,WorldMap,,,11af5a7f924d81933380f3753478b76d,education-spending?level=upper_secondary&spending_type=per_student_v0_850x600.svg,2,18,257151544,47634
female-teachers?level=level_side_by_side,LineChart,,,62fd5e4b96cfa383728fddcb023f6ead,female-teachers?level=level_side_by_side_v0_850x600.svg,9,38,303939984,572402
female-teachers?level=primary,WorldMap,,,96598bf643fa7bbff5350cd2dc1bf862,female-teachers?level=primary_v0_850x600.svg,2,26,306374760,238535
female-teachers?level=secondary,WorldMap,,,76341d8ec92cef7972bdd55ecd32f4d6,female-teachers?level=secondary_v0_850x600.svg,2,23,259964360,188088
female-teachers?level=tertiary,WorldMap,,,24778274a175aaecefdf773d829ebfe1,female-teachers?level=tertiary_v0_850x600.svg,1,22,296615472,145779
fertilizer-use?metric=agricultural_use&nutrient=all_fertilizers,WorldMap,,,6a9ed63aa783da08736ff02a1e1a2a79,fertilizer-use?metric=agricultural_use&nutrient=all_fertilizers_v0_850x600.svg,2,22,277900560,410952
fertilizer-use?metric=agricultural_use&nutrient=nitrogen,WorldMap,,,32b41facb95c9fd58d70c74c96bb9adc,fertilizer-use?metric=agricultural_use&nutrient=nitrogen_v0_850x600.svg,2,24,246469224,377516
fertilizer-use?metric=agricultural_use&nutrient=phosphate,WorldMap,,,1cef492414464bd2bdbcb57d324f4ade,fertilizer-use?metric=agricultural_use&nutrient=phosphate_v0_850x600.svg,2,22,326948712,364549
fertilizer-use?metric=agricultural_use&nutrient=potash,WorldMap,,,6fa89a40050c9ef4506ec797616e0d11,fertilizer-use?metric=agricultural_use&nutrient=potash_v0_850x600.svg,2,22,326249480,354607
fertilizer-use?metric=export_quantity&nutrient=nitrogen,WorldMap,,,798c0071cefda6b11d74b4ea8b3812c9,fertilizer-use?metric=export_quantity&nutrient=nitrogen_v0_850x600.svg,2,22,279541320,303180
fertilizer-use?metric=export_quantity&nutrient=phosphate,WorldMap,,,07dd8e2a62358bbbaae5cfc3e088d496,fertilizer-use?metric=export_quantity&nutrient=phosphate_v0_850x600.svg,1,19,298032968,282375
fertilizer-use?metric=export_quantity&nutrient=potash,WorldMap,,,e566b0f3768e3032b60b967cc76f869f,fertilizer-use?metric=export_quantity&nutrient=potash_v0_850x600.svg,2,20,265555840,257896
fertilizer-use?metric=import_quantity&nutrient=nitrogen,WorldMap,,,b1febeea86078115f9579e9c08f509cb,fertilizer-use?metric=import_quantity&nutrient=nitrogen_v0_850x600.svg,2,24,320304584,394346
fertilizer-use?metric=import_quantity&nutrient=phosphate,WorldMap,,,c65de97041c3c91b70ad9f4875f47dfa,fertilizer-use?metric=import_quantity&nutrient=phosphate_v0_850x600.svg,2,21,304385600,381836
fertilizer-use?metric=import_quantity&nutrient=potash,WorldMap,,,a48b0140a6be1b8809d01d180dbb475b,fertilizer-use?metric=import_quantity&nutrient=potash_v0_850x600.svg,2,22,291636736,381661
fertilizer-use?metric=production&nutrient=nitrogen,WorldMap,,,86303a21334ca7f22b7ac53000990c35,fertilizer-use?metric=production&nutrient=nitrogen_v0_850x600.svg,1,18,297687320,249303
fertilizer-use?metric=production&nutrient=phosphate,WorldMap,,,6f67635fa596a4f0acc849fae13a536e,fertilizer-use?metric=production&nutrient=phosphate_v0_850x600.svg,1,18,264177552,233367
fertilizer-use?metric=production&nutrient=potash,WorldMap,,,a5015f8fd84d6484200ba5d68276481b,fertilizer-use?metric=production&nutrient=potash_v0_850x600.svg,1,16,280173968,143205
fertilizer-use?metric=share_of_global_exports&nutrient=nitrogen,WorldMap,,,3bbf9060abb5f2d98871f005736b6718,fertilizer-use?metric=share_of_global_exports&nutrient=nitrogen_v0_850x600.svg,1,16,321091976,333427
fertilizer-use?metric=share_of_global_exports&nutrient=phosphate,WorldMap,,,cdcb3bf870264f53f603e1c2cc593ab6,fertilizer-use?metric=share_of_global_exports&nutrient=phosphate_v0_850x600.svg,1,19,340392352,308870
fertilizer-use?metric=share_of_global_exports&nutrient=potash,WorldMap,,,9c42d0f5ba017f52e8f96b1555cd07b7,fertilizer-use?metric=share_of_global_exports&nutrient=potash_v0_850x600.svg,1,18,266573568,282819
fertilizer-use?metric=use_per_area_of_cropland&nutrient=all_fertilizers,WorldMap,,,3bf09bb20b7e65919d2ec5542f495d0e,fertilizer-use?metric=use_per_area_of_cropland&nutrient=all_fertilizers_v0_850x600.svg,2,23,311415024,384698
fertilizer-use?metric=use_per_area_of_cropland&nutrient=nitrogen,WorldMap,,,4c2a1538c61f5c9b22ab7c699922a3b1,fertilizer-use?metric=use_per_area_of_cropland&nutrient=nitrogen_v0_850x600.svg,2,22,285312328,371420
fertilizer-use?metric=use_per_area_of_cropland&nutrient=phosphate,WorldMap,,,9abd5a85402312dc4a9564d2d3b97626,fertilizer-use?metric=use_per_area_of_cropland&nutrient=phosphate_v0_850x600.svg,2,21,302904896,359809
fertilizer-use?metric=use_per_area_of_cropland&nutrient=potash,WorldMap,,,0ee4efb7f633cd3fd0c052b1cbedca96,fertilizer-use?metric=use_per_area_of_cropland&nutrient=potash_v0_850x600.svg,2,19,343793184,350613
ihme-deaths-air-pollution?metric=number&pollution_type=all,WorldMap,,,68ecb6f42e3ee744fb97202184b912eb,ihme-deaths-air-pollution?metric=number&pollution_type=all_v0_850x600.svg,2,24,313675256,258837
ihme-deaths-air-pollution?metric=number&pollution_type=indoor,WorldMap,,,9e3353a665094cff07d3d98f2c069a42,ihme-deaths-air-pollution?metric=number&pollution_type=indoor_v0_850x600.svg,2,20,287258768,259527
ihme-deaths-air-pollution?metric=number&pollution_type=outdoor,WorldMap,,,7cb3b0d4fce963b73bbf4ebf4e548587,ihme-deaths-air-pollution?metric=number&pollution_type=outdoor_v0_850x600.svg,2,20,333372144,259076
ihme-deaths-air-pollution?metric=rate&pollution_type=all,WorldMap,,,5961c238af6121ee75af03276ab6b531,ihme-deaths-air-pollution?metric=rate&pollution_type=all_v0_850x600.svg,2,19,367416112,252475
ihme-deaths-air-pollution?metric=rate&pollution_type=indoor,WorldMap,,,64bb7f979ae237a8f3ab9c29ea91d782,ihme-deaths-air-pollution?metric=rate&pollution_type=indoor_v0_850x600.svg,2,22,311816232,254696
ihme-deaths-air-pollution?metric=rate&pollution_type=outdoor,WorldMap,,,c56c3cc4115864b3bca2d2a575f6b70a,ihme-deaths-air-pollution?metric=rate&pollution_type=outdoor_v0_850x600.svg,2,25,269189536,251879
ihme-deaths-air-pollution?metric=share&pollution_type=all,WorldMap,,,a93506bd600e3ef5890b9df1c3996114,ihme-deaths-air-pollution?metric=share&pollution_type=all_v0_850x600.svg,2,23,336033792,252454
ihme-deaths-air-pollution?metric=share&pollution_type=indoor,WorldMap,,,32dc9b92235e6c018afd33d870687889,ihme-deaths-air-pollution?metric=share&pollution_type=indoor_v0_850x600.svg,1,22,313352960,256538
ihme-deaths-air-pollution?metric=share&pollution_type=outdoor,WorldMap,,,93e573eaf21e86b9391cb2b48e05e62b,ihme-deaths-air-pollution?metric=share&pollution_type=outdoor_v0_850x600.svg,2,18,343277696,252495
ilo-national-vs-modeled-data?indicator=employment_to_population_ratio,LineChart,,,eadfb598ae450a44d77915ddb6ae2bfb,ilo-national-vs-modeled-data?indicator=employment_to_population_ratio_v0_850x600.svg,7,44,359594664,345884
ilo-national-vs-modeled-data?indicator=labor_force_participation_rate,LineChart,,,4ff87517115316a8937cb67442c527ac,ilo-national-vs-modeled-data?indicator=labor_force_participation_rate_v0_850x600.svg,9,46,336838392,376319
ilo-national-vs-modeled-data?indicator=unemployment_rate,LineChart,,,26020392e6ad48d737657039367a62c0,ilo-national-vs-modeled-data?indicator=unemployment_rate_v0_850x600.svg,8,42,294026408,364148
labor-force-participation-rate?sex=both&age_group=_15_24,WorldMap,,,b9eea56a83203069fa582cbf1333d897,labor-force-participation-rate?sex=both&age_group=_15_24_v0_850x600.svg,2,25,358970992,220748
labor-force-participation-rate?sex=both&age_group=_15_64,WorldMap,,,53202c5d83a65ecd55b91dad6591d84c,labor-force-participation-rate?sex=both&age_group=_15_64_v0_850x600.svg,1,19,363639392,220657
labor-force-participation-rate?sex=both&age_group=_15_plus,WorldMap,,,4d7387b08285d743efcdd5fea12d38ab,labor-force-participation-rate?sex=both&age_group=_15_plus_v0_850x600.svg,1,22,336568016,220508
labor-force-participation-rate?sex=female&age_group=_15_24,WorldMap,,,10a7f35412f0405875204c2a1fd334b3,labor-force-participation-rate?sex=female&age_group=_15_24_v0_850x600.svg,2,24,383334272,220243
labor-force-participation-rate?sex=female&age_group=_15_64,WorldMap,,,2f2ca09754b8169b391e635fd367b59a,labor-force-participation-rate?sex=female&age_group=_15_64_v0_850x600.svg,1,24,330390616,220760
labor-force-participation-rate?sex=female&age_group=_15_plus,WorldMap,,,9a5ad4e083d8725e82b0cd59af0dc4da,labor-force-participation-rate?sex=female&age_group=_15_plus_v0_850x600.svg,2,20,387081392,220766
labor-force-participation-rate?sex=male&age_group=_15_24,WorldMap,,,612ce612ae9e8c74c5b6dfcc49f918db,labor-force-participation-rate?sex=male&age_group=_15_24_v0_850x600.svg,1,23,319456208,220333
labor-force-participation-rate?sex=male&age_group=_15_64,WorldMap,,,744ba865b07750c59913f3ac6dfa772c,labor-force-participation-rate?sex=male&age_group=_15_64_v0_850x600.svg,2,22,308523968,220695
labor-force-participation-rate?sex=male&age_group=_15_plus,WorldMap,,,78155fb64444e0accc022006fbea8b9b,labor-force-participation-rate?sex=male&age_group=_15_plus_v0_850x600.svg,2,27,305623616,220652
labor-force-participation-rate?sex=male_vs_female&age_group=_15_24,LineChart,,,525da55cb6de0139d385f43afca585b6,labor-force-participation-rate?sex=male_vs_female&age_group=_15_24_v0_850x600.svg,9,53,398432160,440576
labor-force-participation-rate?sex=male_vs_female&age_group=_15_64,LineChart,,,2674acc0ae45100bc22def92a2159916,labor-force-participation-rate?sex=male_vs_female&age_group=_15_64_v0_850x600.svg,7,40,406320320,441455
labor-force-participation-rate?sex=male_vs_female&age_group=_15_plus,LineChart,,,ff18ebaef5a46b7d1f32d96fa18ca6f0,labor-force-participation-rate?sex=male_vs_female&age_group=_15_plus_v0_850x600.svg,8,45,346384080,441418
learning-outcomes?sex=both&level=level_side_by_side&subject=mathematics&population=all_children,LineChart,,,11ddb44e27193767360e7883cf1cbb81,learning-outcomes?sex=both&level=level_side_by_side&subject=mathematics&population=all_children_v0_850x600.svg,3,22,298957288,36193
learning-outcomes?sex=both&level=level_side_by_side&subject=mathematics&population=students,LineChart,,,6bbc4d74b30ac686c4668da797c23681,learning-outcomes?sex=both&level=level_side_by_side&subject=mathematics&population=students_v0_850x600.svg,2,21,343817944,40317
learning-outcomes?sex=both&level=level_side_by_side&subject=reading&population=all_children,LineChart,,,45f2352ddb30e991eb64dd12fd45aa65,learning-outcomes?sex=both&level=level_side_by_side&subject=reading&population=all_children_v0_850x600.svg,2,20,338903288,33225
learning-outcomes?sex=both&level=level_side_by_side&subject=reading&population=students,LineChart,,,ee2dfbc47be70914cd8117dca669ecec,learning-outcomes?sex=both&level=level_side_by_side&subject=reading&population=students_v0_850x600.svg,2,22,322807896,35456
learning-outcomes?sex=both&level=lower_secondary&subject=mathematics&population=all_children,WorldMap,,,778fe7327a836de5e4daebbba74a0c13,learning-outcomes?sex=both&level=lower_secondary&subject=mathematics&population=all_children_v0_850x600.svg,1,16,316226696,20323
learning-outcomes?sex=both&level=lower_secondary&subject=mathematics&population=population_side_by_side,LineChart,,,f46e148bf362d1b1c7f50192dca91fcc,learning-outcomes?sex=both&level=lower_secondary&subject=mathematics&population=population_side_by_side_v0_850x600.svg,2,24,320045616,43182
learning-outcomes?sex=both&level=lower_secondary&subject=mathematics&population=students,WorldMap,,,b989b847c01cb805fd93aae115c201d4,learning-outcomes?sex=both&level=lower_secondary&subject=mathematics&population=students_v0_850x600.svg,1,17,426701584,22859
learning-outcomes?sex=both&level=lower_secondary&subject=reading&population=all_children,WorldMap,,,7f6eedcb658ca55dd5cee24a793d5071,learning-outcomes?sex=both&level=lower_secondary&subject=reading&population=all_children_v0_850x600.svg,1,16,364792192,19203
learning-outcomes?sex=both&level=lower_secondary&subject=reading&population=population_side_by_side,LineChart,,,42f1d1bd0c66e2bb8fecea32fa5e0d3a,learning-outcomes?sex=both&level=lower_secondary&subject=reading&population=population_side_by_side_v0_850x600.svg,1,25,379248352,39552
learning-outcomes?sex=both&level=lower_secondary&subject=reading&population=students,WorldMap,,,e32f2bcd071ae7c19c17eb7ba92a103c,learning-outcomes?sex=both&level=lower_secondary&subject=reading&population=students_v0_850x600.svg,1,17,343130520,20349
learning-outcomes?sex=both&level=lower_secondary&subject=subject_side_by_side&population=all_children,LineChart,,,c445ac975103877f635774ccaeae0b37,learning-outcomes?sex=both&level=lower_secondary&subject=subject_side_by_side&population=all_children_v0_850x600.svg,2,21,354929152,39526
learning-outcomes?sex=both&level=lower_secondary&subject=subject_side_by_side&population=students,LineChart,,,0f46c9a970bc66432695e68201a741a1,learning-outcomes?sex=both&level=lower_secondary&subject=subject_side_by_side&population=students_v0_850x600.svg,2,21,351375720,43208
learning-outcomes?sex=both&level=primary&subject=mathematics&population=all_children,WorldMap,,,f40a0efbc59bee909d9f896614a26022,learning-outcomes?sex=both&level=primary&subject=mathematics&population=all_children_v0_850x600.svg,2,15,392155648,15870
learning-outcomes?sex=both&level=primary&subject=mathematics&population=population_side_by_side,LineChart,,,f63cd6559277455c2432145045d2cd42,learning-outcomes?sex=both&level=primary&subject=mathematics&population=population_side_by_side_v0_850x600.svg,2,21,372597120,33328
learning-outcomes?sex=both&level=primary&subject=mathematics&population=students,WorldMap,,,ebd92ed67a657c74b8e928587570e212,learning-outcomes?sex=both&level=primary&subject=mathematics&population=students_v0_850x600.svg,2,17,377847192,17458
learning-outcomes?sex=both&level=primary&subject=reading&population=all_children,WorldMap,,,1f2d632b911de296551a40a8cf9d811e,learning-outcomes?sex=both&level=primary&subject=reading&population=all_children_v0_850x600.svg,1,14,378390472,14022
learning-outcomes?sex=both&level=primary&subject=reading&population=population_side_by_side,LineChart,,,301b5d87008e4b8657f286ca151a4fa4,learning-outcomes?sex=both&level=primary&subject=reading&population=population_side_by_side_v0_850x600.svg,2,19,335515824,29129
learning-outcomes?sex=both&level=primary&subject=reading&population=students,WorldMap,,,f32983e648cae7c52acd3f8901d055cd,learning-outcomes?sex=both&level=primary&subject=reading&population=students_v0_850x600.svg,1,14,355632880,15107
learning-outcomes?sex=both&level=primary&subject=subject_side_by_side&population=all_children,LineChart,,,39af89a880f8957fc17f3fabf2c14167,learning-outcomes?sex=both&level=primary&subject=subject_side_by_side&population=all_children_v0_850x600.svg,2,24,362199224,29892
learning-outcomes?sex=both&level=primary&subject=subject_side_by_side&population=students,LineChart,,,ea4e82e849d60580e7eb82a553cee4d5,learning-outcomes?sex=both&level=primary&subject=subject_side_by_side&population=students_v0_850x600.svg,1,22,426232768,32565
learning-outcomes?sex=female&level=level_side_by_side&subject=mathematics&population=all_children,LineChart,,,24e4f08c0d2406503221fb5188062017,learning-outcomes?sex=female&level=level_side_by_side&subject=mathematics&population=all_children_v0_850x600.svg,2,23,412643208,22766
learning-outcomes?sex=female&level=level_side_by_side&subject=mathematics&population=students,LineChart,,,239b949029c221d67ffadfc08592ee6a,learning-outcomes?sex=female&level=level_side_by_side&subject=mathematics&population=students_v0_850x600.svg,2,22,327757192,25981
learning-outcomes?sex=female&level=level_side_by_side&subject=reading&population=all_children,LineChart,,,2b637ac2aa0172fe1bfd3facdc2306d9,learning-outcomes?sex=female&level=level_side_by_side&subject=reading&population=all_children_v0_850x600.svg,2,21,356592648,20943
learning-outcomes?sex=female&level=level_side_by_side&subject=reading&population=students,LineChart,,,f3d774a1bc4a3dc44f1f6db6e4c00729,learning-outcomes?sex=female&level=level_side_by_side&subject=reading&population=students_v0_850x600.svg,2,19,388315584,22403
learning-outcomes?sex=female&level=lower_secondary&subject=mathematics&population=all_children,WorldMap,,,c01d0d964902302ced1bbdbfd0925bfb,learning-outcomes?sex=female&level=lower_secondary&subject=mathematics&population=all_children_v0_850x600.svg,2,14,441835984,13710
learning-outcomes?sex=female&level=lower_secondary&subject=mathematics&population=population_side_by_side,LineChart,,,77e94710b1a724503a9dd1c934a6ecec,learning-outcomes?sex=female&level=lower_secondary&subject=mathematics&population=population_side_by_side_v0_850x600.svg,1,24,396679080,28960
learning-outcomes?sex=female&level=lower_secondary&subject=mathematics&population=students,WorldMap,,,d543de23401aa2457f0c722ca29ef5c4,learning-outcomes?sex=female&level=lower_secondary&subject=mathematics&population=students_v0_850x600.svg,1,15,429468624,15250
learning-outcomes?sex=female&level=lower_secondary&subject=reading&population=all_children,WorldMap,,,b7d10d429d4836b5361183649c9ceabd,learning-outcomes?sex=female&level=lower_secondary&subject=reading&population=all_children_v0_850x600.svg,1,15,343859008,13377
learning-outcomes?sex=female&level=lower_secondary&subject=reading&population=population_side_by_side,LineChart,,,9ff78175ce632f7e0df76e87b9c5f1e8,learning-outcomes?sex=female&level=lower_secondary&subject=reading&population=population_side_by_side_v0_850x600.svg,2,21,389055096,27013
learning-outcomes?sex=female&level=lower_secondary&subject=reading&population=students,WorldMap,,,178b092a39b6968c36a768474682eddc,learning-outcomes?sex=female&level=lower_secondary&subject=reading&population=students_v0_850x600.svg,1,14,353949320,13636
learning-outcomes?sex=female&level=lower_secondary&subject=subject_side_by_side&population=all_children,LineChart,,,56fae00915fe807f97f10cf67d174094,learning-outcomes?sex=female&level=lower_secondary&subject=subject_side_by_side&population=all_children_v0_850x600.svg,1,20,378941456,27087
learning-outcomes?sex=female&level=lower_secondary&subject=subject_side_by_side&population=students,LineChart,,,87f3c7b08c4891ec9ca4037839637ed1,learning-outcomes?sex=female&level=lower_secondary&subject=subject_side_by_side&population=students_v0_850x600.svg,1,19,430341200,28886
learning-outcomes?sex=female&level=primary&subject=mathematics&population=all_children,WorldMap,,,a815db9b45a84e27c32d896295e5c7fb,learning-outcomes?sex=female&level=primary&subject=mathematics&population=all_children_v0_850x600.svg,1,15,355939680,9056
learning-outcomes?sex=female&level=primary&subject=mathematics&population=population_side_by_side,LineChart,,,79d7076fc967aa0b0ee1a0e3a67454e2,learning-outcomes?sex=female&level=primary&subject=mathematics&population=population_side_by_side_v0_850x600.svg,2,19,410411952,19787
learning-outcomes?sex=female&level=primary&subject=mathematics&population=students,WorldMap,,,7c81d85e22e6f1b584eea1071c7af263,learning-outcomes?sex=female&level=primary&subject=mathematics&population=students_v0_850x600.svg,1,15,356614232,10731
learning-outcomes?sex=female&level=primary&subject=reading&population=all_children,WorldMap,,,70f8ddd6df542eb35c2af5d91ed7e5da,learning-outcomes?sex=female&level=primary&subject=reading&population=all_children_v0_850x600.svg,1,14,445230848,7566
learning-outcomes?sex=female&level=primary&subject=reading&population=population_side_by_side,LineChart,,,2e3b025e10d95859d53c816a3f31728c,learning-outcomes?sex=female&level=primary&subject=reading&population=population_side_by_side_v0_850x600.svg,1,19,410877296,16333
learning-outcomes?sex=female&level=primary&subject=reading&population=students,WorldMap,,,314a8d3c8fa03a49f77233ebd9adbb6e,learning-outcomes?sex=female&level=primary&subject=reading&population=students_v0_850x600.svg,2,16,365695544,8767
learning-outcomes?sex=female&level=primary&subject=subject_side_by_side&population=all_children,LineChart,,,7d57925d41a815f8e24f481fea6395b5,learning-outcomes?sex=female&level=primary&subject=subject_side_by_side&population=all_children_v0_850x600.svg,2,19,401277184,16622
learning-outcomes?sex=female&level=primary&subject=subject_side_by_side&population=students,LineChart,,,6df2aba22308c2e716b1c414ef8bc8f9,learning-outcomes?sex=female&level=primary&subject=subject_side_by_side&population=students_v0_850x600.svg,2,21,390235064,19498
learning-outcomes?sex=male&level=level_side_by_side&subject=mathematics&population=all_children,LineChart,,,9ebfc48b1b3e9af075411458da67714a,learning-outcomes?sex=male&level=level_side_by_side&subject=mathematics&population=all_children_v0_850x600.svg,2,25,404938976,22738
learning-outcomes?sex=male&level=level_side_by_side&subject=mathematics&population=students,LineChart,,,b3941266838a2e5ffd36572ac85b78d1,learning-outcomes?sex=male&level=level_side_by_side&subject=mathematics&population=students_v0_850x600.svg,2,22,391768600,25971
learning-outcomes?sex=male&level=level_side_by_side&subject=reading&population=all_children,LineChart,,,a8bb3317aa094dc7fe15e4f3c22de8db,learning-outcomes?sex=male&level=level_side_by_side&subject=reading&population=all_children_v0_850x600.svg,2,18,428167160,20957
learning-outcomes?sex=male&level=level_side_by_side&subject=reading&population=students,LineChart,,,ee3d52fbe1b2a8dfd751e3d9cd71787d,learning-outcomes?sex=male&level=level_side_by_side&subject=reading&population=students_v0_850x600.svg,2,19,398348424,22416
learning-outcomes?sex=male&level=lower_secondary&subject=mathematics&population=all_children,WorldMap,,,c22a55f6cd57d34a7aad3b33b3a6c0bc,learning-outcomes?sex=male&level=lower_secondary&subject=mathematics&population=all_children_v0_850x600.svg,1,16,417572256,13694
learning-outcomes?sex=male&level=lower_secondary&subject=mathematics&population=population_side_by_side,LineChart,,,571a62ede9217c8167a0e4db798da4ce,learning-outcomes?sex=male&level=lower_secondary&subject=mathematics&population=population_side_by_side_v0_850x600.svg,2,21,370248736,28947
learning-outcomes?sex=male&level=lower_secondary&subject=mathematics&population=students,WorldMap,,,707a9c0439299cac95abc6b0d641ebc4,learning-outcomes?sex=male&level=lower_secondary&subject=mathematics&population=students_v0_850x600.svg,1,12,444643296,15253
learning-outcomes?sex=male&level=lower_secondary&subject=reading&population=all_children,WorldMap,,,24a171cbeb1af2e5375d713534cecc27,learning-outcomes?sex=male&level=lower_secondary&subject=reading&population=all_children_v0_850x600.svg,1,14,359005632,13383
learning-outcomes?sex=male&level=lower_secondary&subject=reading&population=population_side_by_side,LineChart,,,e9458ad5092fbca061a76abb91df2eb8,learning-outcomes?sex=male&level=lower_secondary&subject=reading&population=population_side_by_side_v0_850x600.svg,1,20,393834080,27035
learning-outcomes?sex=male&level=lower_secondary&subject=reading&population=students,WorldMap,,,1aa0a89e99336242b8b13030954b2981,learning-outcomes?sex=male&level=lower_secondary&subject=reading&population=students_v0_850x600.svg,1,15,414625368,13652
learning-outcomes?sex=male&level=lower_secondary&subject=subject_side_by_side&population=all_children,LineChart,,,0d02a2b25b75f656926f795f6b81fa1b,learning-outcomes?sex=male&level=lower_secondary&subject=subject_side_by_side&population=all_children_v0_850x600.svg,2,20,404803136,27077
learning-outcomes?sex=male&level=lower_secondary&subject=subject_side_by_side&population=students,LineChart,,,a3b08b8505a487bad82812459daad48b,learning-outcomes?sex=male&level=lower_secondary&subject=subject_side_by_side&population=students_v0_850x600.svg,2,21,452169472,28905
learning-outcomes?sex=male&level=primary&subject=mathematics&population=all_children,WorldMap,,,ae27ec6f0215ef34b7e857f40a61aab6,learning-outcomes?sex=male&level=primary&subject=mathematics&population=all_children_v0_850x600.svg,1,15,409321520,9044
learning-outcomes?sex=male&level=primary&subject=mathematics&population=population_side_by_side,LineChart,,,f840e986ee2f4598b692885a86b1d0b2,learning-outcomes?sex=male&level=primary&subject=mathematics&population=population_side_by_side_v0_850x600.svg,1,15,478179184,19762
learning-outcomes?sex=male&level=primary&subject=mathematics&population=students,WorldMap,,,40fdaecd1d190cf426b38915416d3fc8,learning-outcomes?sex=male&level=primary&subject=mathematics&population=students_v0_850x600.svg,1,16,371110664,10718
learning-outcomes?sex=male&level=primary&subject=reading&population=all_children,WorldMap,,,bcb294e325c1d42eb27014e9d40284f5,learning-outcomes?sex=male&level=primary&subject=reading&population=all_children_v0_850x600.svg,1,14,381791536,7574
learning-outcomes?sex=male&level=primary&subject=reading&population=population_side_by_side,LineChart,,,b92cff6824bbc35120588fcb692f912e,learning-outcomes?sex=male&level=primary&subject=reading&population=population_side_by_side_v0_850x600.svg,2,16,464555440,16338
learning-outcomes?sex=male&level=primary&subject=reading&population=students,WorldMap,,,699eb78aaf5c1f87cb0a2e4a3a983a2e,learning-outcomes?sex=male&level=primary&subject=reading&population=students_v0_850x600.svg,1,14,467688576,8764
learning-outcomes?sex=male&level=primary&subject=subject_side_by_side&population=all_children,LineChart,,,6306005e5b7b2f2a4b6f8213e19620ae,learning-outcomes?sex=male&level=primary&subject=subject_side_by_side&population=all_children_v0_850x600.svg,2,18,400706856,16618
learning-outcomes?sex=male&level=primary&subject=subject_side_by_side&population=students,LineChart,,,9ae4dabfad23116a4c3e35363ab9eba7,learning-outcomes?sex=male&level=primary&subject=subject_side_by_side&population=students_v0_850x600.svg,1,18,443568936,19482
learning-outcomes?sex=sex_side_by_side&level=lower_secondary&subject=mathematics&population=all_children,LineChart,,,c6fd31e1dc4a5bff3361d87c3e661aee,learning-outcomes?sex=sex_side_by_side&level=lower_secondary&subject=mathematics&population=all_children_v0_850x600.svg,2,19,405265744,27404
learning-outcomes?sex=sex_side_by_side&level=lower_secondary&subject=mathematics&population=students,LineChart,,,ec9ad8e7033b4a6928a47c1dd06ea3cf,learning-outcomes?sex=sex_side_by_side&level=lower_secondary&subject=mathematics&population=students_v0_850x600.svg,1,19,415794864,30503
learning-outcomes?sex=sex_side_by_side&level=lower_secondary&subject=reading&population=all_children,LineChart,,,012388153a703e9d774c74e00347449f,learning-outcomes?sex=sex_side_by_side&level=lower_secondary&subject=reading&population=all_children_v0_850x600.svg,1,15,456461336,26760
learning-outcomes?sex=sex_side_by_side&level=lower_secondary&subject=reading&population=students,LineChart,,,baa772c8f515746edf23765a93f2b187,learning-outcomes?sex=sex_side_by_side&level=lower_secondary&subject=reading&population=students_v0_850x600.svg,1,16,391104424,27288
learning-outcomes?sex=sex_side_by_side&level=primary&subject=mathematics&population=all_children,LineChart,,,36302b25b5bc181985ced5b13d42d391,learning-outcomes?sex=sex_side_by_side&level=primary&subject=mathematics&population=all_children_v0_850x600.svg,2,19,429769400,18100
learning-outcomes?sex=sex_side_by_side&level=primary&subject=mathematics&population=students,LineChart,,,4a42efea25c192454ef7f5fa25e644c4,learning-outcomes?sex=sex_side_by_side&level=primary&subject=mathematics&population=students_v0_850x600.svg,2,17,446527872,21449
learning-outcomes?sex=sex_side_by_side&level=primary&subject=reading&population=all_children,LineChart,,,2e0597fc6e17cb9e8016d6155f6a451c,learning-outcomes?sex=sex_side_by_side&level=primary&subject=reading&population=all_children_v0_850x600.svg,3,19,393838080,15140
learning-outcomes?sex=sex_side_by_side&level=primary&subject=reading&population=students,LineChart,,,603cda27d202ab16381814ff45b56dd4,learning-outcomes?sex=sex_side_by_side&level=primary&subject=reading&population=students_v0_850x600.svg,1,15,487527208,17531
literacy?sex=both&age_group=adult,WorldMap,,,25f7e0d4abbe316997cd97496c0918f9,literacy?sex=both&age_group=adult_v0_850x600.svg,2,14,433912176,56200
literacy?sex=both&age_group=age_side_by_side,LineChart,,,727b623d2c6857f79d4451f4c325164c,literacy?sex=both&age_group=age_side_by_side_v0_850x600.svg,4,21,428357096,173627
literacy?sex=both&age_group=elderly,WorldMap,,,6fd1a7df9fc3035a190f1b2b6ce6a766,literacy?sex=both&age_group=elderly_v0_850x600.svg,2,17,450626656,56644
literacy?sex=both&age_group=youth,WorldMap,,,63f2d64c37ba512562941df39da4106f,literacy?sex=both&age_group=youth_v0_850x600.svg,1,14,464603512,60783
literacy?sex=female&age_group=adult,WorldMap,,,2756ba394815c204d60bb1e6532b98a3,literacy?sex=female&age_group=adult_v0_850x600.svg,1,12,509370160,56567
literacy?sex=female&age_group=age_side_by_side,LineChart,,,bfc53c243b9d2ad31c2e7af6d7a449d3,literacy?sex=female&age_group=age_side_by_side_v0_850x600.svg,4,20,386881912,176459
literacy?sex=female&age_group=elderly,WorldMap,,,18a56c158aa0ca6f57a1a7a320a34bbe,literacy?sex=female&age_group=elderly_v0_850x600.svg,1,14,451021824,56993
literacy?sex=female&age_group=youth,WorldMap,,,05f4e24031505d5278fba2d251d7ed11,literacy?sex=female&age_group=youth_v0_850x600.svg,1,13,405831152,62899
literacy?sex=male&age_group=adult,WorldMap,,,45f2a6c601bb9f735f8bc0492d3f411c,literacy?sex=male&age_group=adult_v0_850x600.svg,1,15,479821680,55895
literacy?sex=male&age_group=age_side_by_side,LineChart,,,d55ea507db35271fb7f77e172dead6c2,literacy?sex=male&age_group=age_side_by_side_v0_850x600.svg,3,20,430330792,173119
literacy?sex=male&age_group=elderly,WorldMap,,,b9314dd4bbff3dde59ed7e3ff759ce84,literacy?sex=male&age_group=elderly_v0_850x600.svg,1,16,480949728,56615
literacy?sex=male&age_group=youth,WorldMap,,,23c74b02f32ee6dd42cfcc856e543118,literacy?sex=male&age_group=youth_v0_850x600.svg,1,17,406483040,60609
literacy?sex=sex_side_by_side&age_group=adult,LineChart,,,214e7643a7b218253d270c0d7c6bf9a3,literacy?sex=sex_side_by_side&age_group=adult_v0_850x600.svg,3,22,429390568,112462
literacy?sex=sex_side_by_side&age_group=elderly,LineChart,,,aee2b1ab0f650eb879a602903680f9f2,literacy?sex=sex_side_by_side&age_group=elderly_v0_850x600.svg,3,20,439154920,113608
literacy?sex=sex_side_by_side&age_group=youth,LineChart,,,0fe8734e06eab423b88337560ba93e36,literacy?sex=sex_side_by_side&age_group=youth_v0_850x600.svg,3,16,463120456,123508
natural-disasters-deaths?type=all_disasters_excluding_extreme_temperature&metric=per_capita&timespan=annual,StackedBar,,,1f96692691f137089faf2164122ec56a,natural-disasters-deaths?type=all_disasters_excluding_extreme_temperature&metric=per_capita&timespan=annual_v0_850x600.svg,11,28,491105752,732542
natural-disasters-deaths?type=all_disasters_excluding_extreme_temperature&metric=per_capita&timespan=decadal,StackedBar,,,e6ddf290d16f5581c6db7c907ff2a01d,natural-disasters-deaths?type=all_disasters_excluding_extreme_temperature&metric=per_capita&timespan=decadal_v0_850x600.svg,10,25,473761000,678033
natural-disasters-deaths?type=all_disasters_excluding_extreme_temperature&metric=total_number&timespan=annual,StackedBar,,,aded715d4bd690e93aad83f3d2080385,natural-disasters-deaths?type=all_disasters_excluding_extreme_temperature&metric=total_number&timespan=annual_v0_850x600.svg,12,29,405736872,604741
natural-disasters-deaths?type=all_disasters_excluding_extreme_temperature&metric=total_number&timespan=decadal,StackedBar,,,433db19597c46da8c78034173205aa4e,natural-disasters-deaths?type=all_disasters_excluding_extreme_temperature&metric=total_number&timespan=decadal_v0_850x600.svg,9,21,421231224,649555
natural-disasters-deaths?type=all_stacked&metric=per_capita&timespan=annual,StackedBar,,,9f2aae55f168ac1b0e5a968897c49c98,natural-disasters-deaths?type=all_stacked&metric=per_capita&timespan=annual_v0_850x600.svg,19,42,455985768,775164
natural-disasters-deaths?type=all_stacked&metric=per_capita&timespan=decadal,StackedBar,,,111b626847527df49dc20b2ebe2968e4,natural-disasters-deaths?type=all_stacked&metric=per_capita&timespan=decadal_v0_850x600.svg,10,25,461780880,760321
natural-disasters-deaths?type=all_stacked&metric=total_number&timespan=annual,StackedBar,,,5fc82cb2930a186cc2054119288a94b1,natural-disasters-deaths?type=all_stacked&metric=total_number&timespan=annual_v0_850x600.svg,14,33,478343992,639264
natural-disasters-deaths?type=all_stacked&metric=total_number&timespan=decadal,StackedBar,,,4417a8bbc9c29ee237d9502165ce7566,natural-disasters-deaths?type=all_stacked&metric=total_number&timespan=decadal_v0_850x600.svg,9,20,537633952,730046
natural-disasters-deaths?type=drought&metric=per_capita&timespan=annual,StackedBar,,,65bb6438cb30dd20372c6144bd3a60ea,natural-disasters-deaths?type=drought&metric=per_capita&timespan=annual_v0_850x600.svg,1,13,442501392,57011
natural-disasters-deaths?type=drought&metric=per_capita&timespan=decadal,StackedBar,,,26b114d4a375b4e16d12ee5f3d52be7a,natural-disasters-deaths?type=drought&metric=per_capita&timespan=decadal_v0_850x600.svg,1,12,425436880,80612
natural-disasters-deaths?type=drought&metric=total_number&timespan=annual,StackedBar,,,d09f838d506d89fc928e20af34414120,natural-disasters-deaths?type=drought&metric=total_number&timespan=annual_v0_850x600.svg,1,13,481662632,54499
natural-disasters-deaths?type=drought&metric=total_number&timespan=decadal,StackedBar,,,e7ca01c7629dca9e74586fedae2e9c38,natural-disasters-deaths?type=drought&metric=total_number&timespan=decadal_v0_850x600.svg,2,10,461515456,79805
natural-disasters-deaths?type=earthquake&metric=per_capita&timespan=annual,StackedBar,,,74e4e7e5add27a642ffb61a051450ca5,natural-disasters-deaths?type=earthquake&metric=per_capita&timespan=annual_v0_850x600.svg,1,12,446934592,71126
natural-disasters-deaths?type=earthquake&metric=per_capita&timespan=decadal,StackedBar,,,09847b9898df43464684b9bfdc830d47,natural-disasters-deaths?type=earthquake&metric=per_capita&timespan=decadal_v0_850x600.svg,1,13,427515032,84585
natural-disasters-deaths?type=earthquake&metric=total_number&timespan=annual,StackedBar,,,bae2f1606e9a233182185bbc7e4d3241,natural-disasters-deaths?type=earthquake&metric=total_number&timespan=annual_v0_850x600.svg,1,13,511489736,57056
natural-disasters-deaths?type=earthquake&metric=total_number&timespan=decadal,StackedBar,,,5f85e7916e74eaa006cf554ece5c5c85,natural-disasters-deaths?type=earthquake&metric=total_number&timespan=decadal_v0_850x600.svg,2,12,456252232,81146
natural-disasters-deaths?type=extreme_temperature&metric=per_capita&timespan=annual,StackedBar,,,714da7cbceb7dd08bf0025a9aa0ae896,natural-disasters-deaths?type=extreme_temperature&metric=per_capita&timespan=annual_v0_850x600.svg,1,12,431702664,37307
natural-disasters-deaths?type=extreme_temperature&metric=per_capita&timespan=decadal,StackedBar,,,983454793c66d68a81fbb35610008d16,natural-disasters-deaths?type=extreme_temperature&metric=per_capita&timespan=decadal_v0_850x600.svg,2,12,426643992,82261
natural-disasters-deaths?type=extreme_temperature&metric=total_number&timespan=annual,StackedBar,,,5bc816c44a7a881c40d1984d1bf0f8b0,natural-disasters-deaths?type=extreme_temperature&metric=total_number&timespan=annual_v0_850x600.svg,1,11,498444976,29856
natural-disasters-deaths?type=extreme_temperature&metric=total_number&timespan=decadal,StackedBar,,,6f44eb4cd7883461771a25ab6c43291a,natural-disasters-deaths?type=extreme_temperature&metric=total_number&timespan=decadal_v0_850x600.svg,1,12,447033696,80384
natural-disasters-deaths?type=extreme_weather&metric=per_capita&timespan=annual,StackedBar,,,5ce0d26d32995c03dd80d226b1dafa32,natural-disasters-deaths?type=extreme_weather&metric=per_capita&timespan=annual_v0_850x600.svg,1,11,532984568,119746
natural-disasters-deaths?type=extreme_weather&metric=per_capita&timespan=decadal,StackedBar,,,12b1e1715efe4002653e2472b770a321,natural-disasters-deaths?type=extreme_weather&metric=per_capita&timespan=decadal_v0_850x600.svg,2,12,476054976,87498
natural-disasters-deaths?type=extreme_weather&metric=total_number&timespan=annual,StackedBar,,,319c265eb33e46fc1f46415df7513c0f,natural-disasters-deaths?type=extreme_weather&metric=total_number&timespan=annual_v0_850x600.svg,1,12,453395432,96992
natural-disasters-deaths?type=extreme_weather&metric=total_number&timespan=decadal,StackedBar,,,4570c7d0353fd2fe6d2ad642e63ae583,natural-disasters-deaths?type=extreme_weather&metric=total_number&timespan=decadal_v0_850x600.svg,1,10,471413472,82091
natural-disasters-deaths?type=flood&metric=per_capita&timespan=annual,StackedBar,,,3a4ba8ea06a3a784f596e697962f691f,natural-disasters-deaths?type=flood&metric=per_capita&timespan=annual_v0_850x600.svg,2,13,469797320,144200
natural-disasters-deaths?type=flood&metric=per_capita&timespan=decadal,StackedBar,,,038fda041865e322dc4121e57ba92b7d,natural-disasters-deaths?type=flood&metric=per_capita&timespan=decadal_v0_850x600.svg,1,11,446278080,87875
natural-disasters-deaths?type=flood&metric=total_number&timespan=annual,StackedBar,,,a1aab01a4153f6965c2346a036f7dfe9,natural-disasters-deaths?type=flood&metric=total_number&timespan=annual_v0_850x600.svg,1,11,509347720,116012
natural-disasters-deaths?type=flood&metric=total_number&timespan=decadal,StackedBar,,,0052e8e1ef1fe1cc4cac99d3756324f1,natural-disasters-deaths?type=flood&metric=total_number&timespan=decadal_v0_850x600.svg,1,11,495461176,82250
natural-disasters-deaths?type=landslide&metric=per_capita&timespan=annual,StackedBar,,,7d4ddc58e42f6fd5a40699ec76f6cc04,natural-disasters-deaths?type=landslide&metric=per_capita&timespan=annual_v0_850x600.svg,1,13,474507472,45864
natural-disasters-deaths?type=landslide&metric=per_capita&timespan=decadal,StackedBar,,,758a2f8ae952009574d61abb810820c6,natural-disasters-deaths?type=landslide&metric=per_capita&timespan=decadal_v0_850x600.svg,2,12,492024952,83543
natural-disasters-deaths?type=landslide&metric=total_number&timespan=annual,StackedBar,,,1458baf4767a68a2400f0fbcdf48fd75,natural-disasters-deaths?type=landslide&metric=total_number&timespan=annual_v0_850x600.svg,1,12,423703520,35396
natural-disasters-deaths?type=landslide&metric=total_number&timespan=decadal,StackedBar,,,d944d4c72c2470f11fe8f89d0039cfad,natural-disasters-deaths?type=landslide&metric=total_number&timespan=decadal_v0_850x600.svg,1,12,439971352,80600
natural-disasters-deaths?type=volcanic_activity&metric=per_capita&timespan=annual,StackedBar,,,1447a475749fc1b6743e3b143ff20c1b,natural-disasters-deaths?type=volcanic_activity&metric=per_capita&timespan=annual_v0_850x600.svg,1,10,529662992,19745
natural-disasters-deaths?type=volcanic_activity&metric=per_capita&timespan=decadal,StackedBar,,,67188af8e6fd324bed659e24fa1ea068,natural-disasters-deaths?type=volcanic_activity&metric=per_capita&timespan=decadal_v0_850x600.svg,1,12,466389552,80942
natural-disasters-deaths?type=volcanic_activity&metric=total_number&timespan=annual,StackedBar,,,32a601a40976221eea1394e7c93ac3f3,natural-disasters-deaths?type=volcanic_activity&metric=total_number&timespan=annual_v0_850x600.svg,1,9,453564544,17178
natural-disasters-deaths?type=volcanic_activity&metric=total_number&timespan=decadal,StackedBar,,,0d4d53a553e36f307dbfffb090d45249,natural-disasters-deaths?type=volcanic_activity&metric=total_number&timespan=decadal_v0_850x600.svg,2,11,549291184,79833
natural-disasters-deaths?type=wildfire&metric=per_capita&timespan=annual,StackedBar,,,bfe8f6d4cc1944ab42215f79b7cb72ef,natural-disasters-deaths?type=wildfire&metric=per_capita&timespan=annual_v0_850x600.svg,1,11,444397344,27908
natural-disasters-deaths?type=wildfire&metric=per_capita&timespan=decadal,StackedBar,,,eb493c187a2836015fda5db06b1410b0,natural-disasters-deaths?type=wildfire&metric=per_capita&timespan=decadal_v0_850x600.svg,1,11,511858752,81485
natural-disasters-deaths?type=wildfire&metric=total_number&timespan=annual,StackedBar,,,0cbd35adb7774e8fcbf688cbad011e1d,natural-disasters-deaths?type=wildfire&metric=total_number&timespan=annual_v0_850x600.svg,2,12,485851880,22614
natural-disasters-deaths?type=wildfire&metric=total_number&timespan=decadal,StackedBar,,,512864fce6c1a77450851596177fad16,natural-disasters-deaths?type=wildfire&metric=total_number&timespan=decadal_v0_850x600.svg,2,12,459290544,79903
natural-disasters-economic-damages?type=all_disasters_excluding_extreme_temperature&timespan=annual,StackedBar,,,f20dcaa425b3df0ed2a8c998e09407b4,natural-disasters-economic-damages?type=all_disasters_excluding_extreme_temperature&timespan=annual_v0_850x600.svg,10,25,452053672,476974
natural-disasters-economic-damages?type=all_disasters_excluding_extreme_temperature&timespan=decadal,StackedBar,,,50dd639c49fec7fce028e796f2923ea1,natural-disasters-economic-damages?type=all_disasters_excluding_extreme_temperature&timespan=decadal_v0_850x600.svg,7,18,537735232,654359
natural-disasters-economic-damages?type=all_stacked&timespan=annual,StackedBar,,,a92ffac24ad85d35b50886a9f176e62b,natural-disasters-economic-damages?type=all_stacked&timespan=annual_v0_850x600.svg,10,26,517052440,505434
natural-disasters-economic-damages?type=all_stacked&timespan=decadal,StackedBar,,,bada4713ad2db4ad68e174075e0c460e,natural-disasters-economic-damages?type=all_stacked&timespan=decadal_v0_850x600.svg,11,24,433998504,734500
natural-disasters-economic-damages?type=drought&timespan=annual,StackedBar,,,d0d85859c51c01dc5e3669eb5dec6c91,natural-disasters-economic-damages?type=drought&timespan=annual_v0_850x600.svg,1,13,462196128,44522
natural-disasters-economic-damages?type=drought&timespan=decadal,StackedBar,,,2373789a088ff0c05abec971f448f793,natural-disasters-economic-damages?type=drought&timespan=decadal_v0_850x600.svg,1,11,478200752,81079
natural-disasters-economic-damages?type=earthquake&timespan=annual,StackedBar,,,de3da9ef684d66984205800e77b081cd,natural-disasters-economic-damages?type=earthquake&timespan=annual_v0_850x600.svg,2,13,450511896,35028
natural-disasters-economic-damages?type=earthquake&timespan=decadal,StackedBar,,,916e98b8fa8f82f73c078f0bb8a027a6,natural-disasters-economic-damages?type=earthquake&timespan=decadal_v0_850x600.svg,1,11,480884400,81262
natural-disasters-economic-damages?type=extreme_temperature&timespan=annual,StackedBar,,,7244f9ce2cc878e9ce765ce4a31cb831,natural-disasters-economic-damages?type=extreme_temperature&timespan=annual_v0_850x600.svg,1,11,559070904,24327
natural-disasters-economic-damages?type=extreme_temperature&timespan=decadal,StackedBar,,,9f0ccc4a78472d6f37dcf031c91b4252,natural-disasters-economic-damages?type=extreme_temperature&timespan=decadal_v0_850x600.svg,1,11,452511288,80150
natural-disasters-economic-damages?type=extreme_weather&timespan=annual,StackedBar,,,3053eac40773a7e39155d8255faa074e,natural-disasters-economic-damages?type=extreme_weather&timespan=annual_v0_850x600.svg,1,13,474394200,74704
natural-disasters-economic-damages?type=extreme_weather&timespan=decadal,StackedBar,,,0d94694beffbf77ed20d53d625fb6166,natural-disasters-economic-damages?type=extreme_weather&timespan=decadal_v0_850x600.svg,1,13,499564344,82623
natural-disasters-economic-damages?type=flood&timespan=annual,StackedBar,,,926fc04ad7ddb15baaac5b9f6ce99bb8,natural-disasters-economic-damages?type=flood&timespan=annual_v0_850x600.svg,2,14,472928520,103512
natural-disasters-economic-damages?type=flood&timespan=decadal,StackedBar,,,205d122ad3e093fc411746e63acd2fe5,natural-disasters-economic-damages?type=flood&timespan=decadal_v0_850x600.svg,1,11,529136752,83946
natural-disasters-economic-damages?type=landslide&timespan=annual,StackedBar,,,c38debdfb0bc341a6e40e65f87150684,natural-disasters-economic-damages?type=landslide&timespan=annual_v0_850x600.svg,1,12,491086168,24940
natural-disasters-economic-damages?type=landslide&timespan=decadal,StackedBar,,,07218992ab7166af87175845b5ebc1ee,natural-disasters-economic-damages?type=landslide&timespan=decadal_v0_850x600.svg,1,11,470811752,80218
natural-disasters-economic-damages?type=volcanic_activity&timespan=annual,StackedBar,,,f45a3053b6820144d42ea4f6b4f7f8b7,natural-disasters-economic-damages?type=volcanic_activity&timespan=annual_v0_850x600.svg,1,11,495562728,10808
natural-disasters-economic-damages?type=volcanic_activity&timespan=decadal,StackedBar,,,01a0ab3d70b0256585059e61a9d2beac,natural-disasters-economic-damages?type=volcanic_activity&timespan=decadal_v0_850x600.svg,2,12,472030304,80000
natural-disasters-economic-damages?type=wildfire&timespan=annual,StackedBar,,,5aa988c7379c82b3bddb85f142dc960b,natural-disasters-economic-damages?type=wildfire&timespan=annual_v0_850x600.svg,1,10,549942520,17527
natural-disasters-economic-damages?type=wildfire&timespan=decadal,StackedBar,,,80a32812a2cab56902b59c98a611596b,natural-disasters-economic-damages?type=wildfire&timespan=decadal_v0_850x600.svg,1,10,491775952,80315
natural-disasters-people-affected?type=all_disasters_excluding_extreme_temperature&impact=homeless&metric=per_capita&timespan=annual,StackedBar,,,99841faa4167d647107569f0940055e8,natural-disasters-people-affected?type=all_disasters_excluding_extreme_temperature&impact=homeless&metric=per_capita&timespan=annual_v0_850x600.svg,12,28,477664600,633719
natural-disasters-people-affected?type=all_disasters_excluding_extreme_temperature&impact=homeless&metric=per_capita&timespan=decadal,StackedBar,,,6a920b799a29504ef06466b4d21dfd7e,natural-disasters-people-affected?type=all_disasters_excluding_extreme_temperature&impact=homeless&metric=per_capita&timespan=decadal_v0_850x600.svg,8,20,535351704,654102
natural-disasters-people-affected?type=all_disasters_excluding_extreme_temperature&impact=homeless&metric=total_number&timespan=annual,StackedBar,,,01e15dc5b095558e276b91a58bf0d78e,natural-disasters-people-affected?type=all_disasters_excluding_extreme_temperature&impact=homeless&metric=total_number&timespan=annual_v0_850x600.svg,11,32,499864272,604815
natural-disasters-people-affected?type=all_disasters_excluding_extreme_temperature&impact=homeless&metric=total_number&timespan=decadal,StackedBar,,,c9600f3de7281d160263c0c8ce7bede6,natural-disasters-people-affected?type=all_disasters_excluding_extreme_temperature&impact=homeless&metric=total_number&timespan=decadal_v0_850x600.svg,8,20,516240176,644096
natural-disasters-people-affected?type=all_disasters_excluding_extreme_temperature&impact=injured&metric=per_capita&timespan=annual,StackedBar,,,3de434ff0f1bc3681cdfe23d0a688f1c,natural-disasters-people-affected?type=all_disasters_excluding_extreme_temperature&impact=injured&metric=per_capita&timespan=annual_v0_850x600.svg,10,25,554085832,658587
natural-disasters-people-affected?type=all_disasters_excluding_extreme_temperature&impact=injured&metric=per_capita&timespan=decadal,StackedBar,,,e3a3146dd823bb3c7e749c5f31deb9a2,natural-disasters-people-affected?type=all_disasters_excluding_extreme_temperature&impact=injured&metric=per_capita&timespan=decadal_v0_850x600.svg,10,27,487592848,660311
natural-disasters-people-affected?type=all_disasters_excluding_extreme_temperature&impact=injured&metric=total_number&timespan=annual,StackedBar,,,3eada9eebc52e93576f4ea026c1b767d,natural-disasters-people-affected?type=all_disasters_excluding_extreme_temperature&impact=injured&metric=total_number&timespan=annual_v0_850x600.svg,12,30,537334096,596762
natural-disasters-people-affected?type=all_disasters_excluding_extreme_temperature&impact=injured&metric=total_number&timespan=decadal,StackedBar,,,0855518a921f5ea27cab245586b3fb3f,natural-disasters-people-affected?type=all_disasters_excluding_extreme_temperature&impact=injured&metric=total_number&timespan=decadal_v0_850x600.svg,8,24,504489744,644046
natural-disasters-people-affected?type=all_disasters_excluding_extreme_temperature&impact=requiring_assistance&metric=per_capita&timespan=annual,StackedBar,,,ad1f0d63f68b85acad96e7b42bdb42d7,natural-disasters-people-affected?type=all_disasters_excluding_extreme_temperature&impact=requiring_assistance&metric=per_capita&timespan=annual_v0_850x600.svg,11,28,487783744,700179
natural-disasters-people-affected?type=all_disasters_excluding_extreme_temperature&impact=requiring_assistance&metric=per_capita&timespan=decadal,StackedBar,,,4bc160d7d7db000e7193820f234f8117,natural-disasters-people-affected?type=all_disasters_excluding_extreme_temperature&impact=requiring_assistance&metric=per_capita&timespan=decadal_v0_850x600.svg,8,20,477786640,667867
natural-disasters-people-affected?type=all_disasters_excluding_extreme_temperature&impact=requiring_assistance&metric=total_number&timespan=annual,StackedBar,,,d02b8882a65f31855bdd2cf1f0148a7f,natural-disasters-people-affected?type=all_disasters_excluding_extreme_temperature&impact=requiring_assistance&metric=total_number&timespan=annual_v0_850x600.svg,10,26,559028744,648683
natural-disasters-people-affected?type=all_disasters_excluding_extreme_temperature&impact=requiring_assistance&metric=total_number&timespan=decadal,StackedBar,,,a5d3442e2b77a57845f26c31dbbff6c9,natural-disasters-people-affected?type=all_disasters_excluding_extreme_temperature&impact=requiring_assistance&metric=total_number&timespan=decadal_v0_850x600.svg,8,20,494423632,655281
natural-disasters-people-affected?type=all_disasters_excluding_extreme_temperature&impact=total_affected&metric=per_capita&timespan=annual,StackedBar,,,25b87a31c7944f93e96d55bf7a92ded9,natural-disasters-people-affected?type=all_disasters_excluding_extreme_temperature&impact=total_affected&metric=per_capita&timespan=annual_v0_850x600.svg,12,29,508051016,719760
natural-disasters-people-affected?type=all_disasters_excluding_extreme_temperature&impact=total_affected&metric=per_capita&timespan=decadal,StackedBar,,,d8d776a9ae6ef88490f147edf9b39f97,natural-disasters-people-affected?type=all_disasters_excluding_extreme_temperature&impact=total_affected&metric=per_capita&timespan=decadal_v0_850x600.svg,8,20,533777832,672491
natural-disasters-people-affected?type=all_disasters_excluding_extreme_temperature&impact=total_affected&metric=total_number&timespan=annual,StackedBar,,,a25142658d2f4b5b8418e4ac72b5c554,natural-disasters-people-affected?type=all_disasters_excluding_extreme_temperature&impact=total_affected&metric=total_number&timespan=annual_v0_850x600.svg,15,32,484824944,655168
natural-disasters-people-affected?type=all_disasters_excluding_extreme_temperature&impact=total_affected&metric=total_number&timespan=decadal,StackedBar,,,2222a028e57056cd5c08d8ef0f9eea91,natural-disasters-people-affected?type=all_disasters_excluding_extreme_temperature&impact=total_affected&metric=total_number&timespan=decadal_v0_850x600.svg,8,20,481769584,658013
natural-disasters-people-affected?type=all_stacked&impact=homeless&metric=per_capita&timespan=annual,StackedBar,,,98dc418d7169d422af8279d14c9cec38,natural-disasters-people-affected?type=all_stacked&impact=homeless&metric=per_capita&timespan=annual_v0_850x600.svg,12,27,567013008,666251
natural-disasters-people-affected?type=all_stacked&impact=homeless&metric=per_capita&timespan=decadal,StackedBar,,,46685103567d9cfb23aea3233d5dc122,natural-disasters-people-affected?type=all_stacked&impact=homeless&metric=per_capita&timespan=decadal_v0_850x600.svg,9,21,487953752,733583
natural-disasters-people-affected?type=all_stacked&impact=homeless&metric=total_number&timespan=annual,StackedBar,,,640c717b4e1abdcd25a7084c4d4af6dc,natural-disasters-people-affected?type=all_stacked&impact=homeless&metric=total_number&timespan=annual_v0_850x600.svg,12,27,538885832,637310
natural-disasters-people-affected?type=all_stacked&impact=homeless&metric=total_number&timespan=decadal,StackedBar,,,ac81c1ced7b91c16190baea4c42fb1b7,natural-disasters-people-affected?type=all_stacked&impact=homeless&metric=total_number&timespan=decadal_v0_850x600.svg,10,22,498377920,723501
natural-disasters-people-affected?type=all_stacked&impact=injured&metric=per_capita&timespan=annual,StackedBar,,,34646f2114bdbfe15f7c0553ce2da839,natural-disasters-people-affected?type=all_stacked&impact=injured&metric=per_capita&timespan=annual_v0_850x600.svg,13,29,492462296,693589
natural-disasters-people-affected?type=all_stacked&impact=injured&metric=per_capita&timespan=decadal,StackedBar,,,099a1f41be6c533e5306d4348a56ca01,natural-disasters-people-affected?type=all_stacked&impact=injured&metric=per_capita&timespan=decadal_v0_850x600.svg,8,20,531604216,740705
natural-disasters-people-affected?type=all_stacked&impact=injured&metric=total_number&timespan=annual,StackedBar,,,462029715d62daa960d1bce48689a909,natural-disasters-people-affected?type=all_stacked&impact=injured&metric=total_number&timespan=annual_v0_850x600.svg,11,26,493836136,629944
natural-disasters-people-affected?type=all_stacked&impact=injured&metric=total_number&timespan=decadal,StackedBar,,,78dadcc42bc3e348c3f4d319799e505b,natural-disasters-people-affected?type=all_stacked&impact=injured&metric=total_number&timespan=decadal_v0_850x600.svg,8,18,613631232,723818
natural-disasters-people-affected?type=all_stacked&impact=requiring_assistance&metric=per_capita&timespan=annual,StackedBar,,,3551b82b30ff0c8dc2d8033e763a28e9,natural-disasters-people-affected?type=all_stacked&impact=requiring_assistance&metric=per_capita&timespan=annual_v0_850x600.svg,13,29,507936680,735231
natural-disasters-people-affected?type=all_stacked&impact=requiring_assistance&metric=per_capita&timespan=decadal,StackedBar,,,9191be513086a35fe318fe4eb3482e66,natural-disasters-people-affected?type=all_stacked&impact=requiring_assistance&metric=per_capita&timespan=decadal_v0_850x600.svg,10,22,531558544,748132
natural-disasters-people-affected?type=all_stacked&impact=requiring_assistance&metric=total_number&timespan=annual,StackedBar,,,179dbc19c81595a943358c3aa48f31e0,natural-disasters-people-affected?type=all_stacked&impact=requiring_assistance&metric=total_number&timespan=annual_v0_850x600.svg,12,28,499498792,682549
natural-disasters-people-affected?type=all_stacked&impact=requiring_assistance&metric=total_number&timespan=decadal,StackedBar,,,d371b33963a5259a6ae08a3720624c45,natural-disasters-people-affected?type=all_stacked&impact=requiring_assistance&metric=total_number&timespan=decadal_v0_850x600.svg,8,19,614757664,735162
natural-disasters-people-affected?type=all_stacked&impact=total_affected&metric=per_capita&timespan=annual,StackedBar,,,587228696077ecbc13cfe54efce5eb96,natural-disasters-people-affected?type=all_stacked&impact=total_affected&metric=per_capita&timespan=annual_v0_850x600.svg,12,28,504225824,756064
natural-disasters-people-affected?type=all_stacked&impact=total_affected&metric=per_capita&timespan=decadal,StackedBar,,,a3f2238d08f4277b7c93e96c4fcb7773,natural-disasters-people-affected?type=all_stacked&impact=total_affected&metric=per_capita&timespan=decadal_v0_850x600.svg,9,21,485761424,753268
natural-disasters-people-affected?type=all_stacked&impact=total_affected&metric=total_number&timespan=annual,StackedBar,,,816dfcc38e7c89f3bd6852c995d4f781,natural-disasters-people-affected?type=all_stacked&impact=total_affected&metric=total_number&timespan=annual_v0_850x600.svg,13,29,542295528,689362
natural-disasters-people-affected?type=all_stacked&impact=total_affected&metric=total_number&timespan=decadal,StackedBar,,,619cf0f1cde4d6feba43bc32f5ab92f4,natural-disasters-people-affected?type=all_stacked&impact=total_affected&metric=total_number&timespan=decadal_v0_850x600.svg,7,20,603786464,738106
natural-disasters-people-affected?type=drought&impact=homeless&metric=per_capita&timespan=annual,StackedBar,,,fc6cddd8b015fe7e536738ebbc2bbcd9,natural-disasters-people-affected?type=drought&impact=homeless&metric=per_capita&timespan=annual_v0_850x600.svg,1,11,527959200,53545
natural-disasters-people-affected?type=drought&impact=homeless&metric=per_capita&timespan=decadal,StackedBar,,,16b1698648f3f1617a8b32a6c268447a,natural-disasters-people-affected?type=drought&impact=homeless&metric=per_capita&timespan=decadal_v0_850x600.svg,1,10,505688360,79404
natural-disasters-people-affected?type=drought&impact=homeless&metric=total_number&timespan=annual,StackedBar,,,84a3e45f2f0323c74b356c5cc33c4070,natural-disasters-people-affected?type=drought&impact=homeless&metric=total_number&timespan=annual_v0_850x600.svg,1,11,518856720,53635
natural-disasters-people-affected?type=drought&impact=homeless&metric=total_number&timespan=decadal,StackedBar,,,603b6ffff3d2a07e71119259f596dfeb,natural-disasters-people-affected?type=drought&impact=homeless&metric=total_number&timespan=decadal_v0_850x600.svg,2,10,523832256,79384
natural-disasters-people-affected?type=drought&impact=injured&metric=per_capita&timespan=annual,StackedBar,,,4223212a408061a2159c49ec3a1ad350,natural-disasters-people-affected?type=drought&impact=injured&metric=per_capita&timespan=annual_v0_850x600.svg,2,11,549220616,53609
natural-disasters-people-affected?type=drought&impact=injured&metric=per_capita&timespan=decadal,StackedBar,,,b18a5950599b76133ac8caf6e1a2a9e7,natural-disasters-people-affected?type=drought&impact=injured&metric=per_capita&timespan=decadal_v0_850x600.svg,1,10,623661456,79453
natural-disasters-people-affected?type=drought&impact=injured&metric=total_number&timespan=annual,StackedBar,,,06e68e6c2fee9f52bb4f70dc8a6ac9ff,natural-disasters-people-affected?type=drought&impact=injured&metric=total_number&timespan=annual_v0_850x600.svg,1,10,526013872,53620
natural-disasters-people-affected?type=drought&impact=injured&metric=total_number&timespan=decadal,StackedBar,,,ad32d252878537106b0ac23d88cab7ec,natural-disasters-people-affected?type=drought&impact=injured&metric=total_number&timespan=decadal_v0_850x600.svg,1,10,538498272,79385
natural-disasters-people-affected?type=drought&impact=requiring_assistance&metric=per_capita&timespan=annual,StackedBar,,,ccc4d4ddb16846dff22dbdf3ceaaa4a6,natural-disasters-people-affected?type=drought&impact=requiring_assistance&metric=per_capita&timespan=annual_v0_850x600.svg,1,10,545336856,65096
natural-disasters-people-affected?type=drought&impact=requiring_assistance&metric=per_capita&timespan=decadal,StackedBar,,,3356be246756ef2cdcde532485d6fd57,natural-disasters-people-affected?type=drought&impact=requiring_assistance&metric=per_capita&timespan=decadal_v0_850x600.svg,1,11,527536816,82728
natural-disasters-people-affected?type=drought&impact=requiring_assistance&metric=total_number&timespan=annual,StackedBar,,,cf0026c704b92880f36c833cb22f44b6,natural-disasters-people-affected?type=drought&impact=requiring_assistance&metric=total_number&timespan=annual_v0_850x600.svg,1,10,563414968,61641
natural-disasters-people-affected?type=drought&impact=requiring_assistance&metric=total_number&timespan=decadal,StackedBar,,,067db0156a6010651df38c21ed60b8eb,natural-disasters-people-affected?type=drought&impact=requiring_assistance&metric=total_number&timespan=decadal_v0_850x600.svg,1,10,600326224,81794
natural-disasters-people-affected?type=drought&impact=total_affected&metric=per_capita&timespan=annual,StackedBar,,,895d2af8b86c45358487630b0a9a6ab4,natural-disasters-people-affected?type=drought&impact=total_affected&metric=per_capita&timespan=annual_v0_850x600.svg,1,10,495502560,65095
natural-disasters-people-affected?type=drought&impact=total_affected&metric=per_capita&timespan=decadal,StackedBar,,,bb4c2610ca34775a642efd132815e052,natural-disasters-people-affected?type=drought&impact=total_affected&metric=per_capita&timespan=decadal_v0_850x600.svg,1,11,509052792,82728
natural-disasters-people-affected?type=drought&impact=total_affected&metric=total_number&timespan=annual,StackedBar,,,a7c3227af8f00c1ddecb574a981373e9,natural-disasters-people-affected?type=drought&impact=total_affected&metric=total_number&timespan=annual_v0_850x600.svg,2,11,524794856,61641
natural-disasters-people-affected?type=drought&impact=total_affected&metric=total_number&timespan=decadal,StackedBar,,,2eec35b9e9b9480211f630eb18111c7a,natural-disasters-people-affected?type=drought&impact=total_affected&metric=total_number&timespan=decadal_v0_850x600.svg,1,10,547757240,81791
natural-disasters-people-affected?type=earthquake&impact=homeless&metric=per_capita&timespan=annual,StackedBar,,,6ad956e49ba2b23f91fee5af9be6ad8e,natural-disasters-people-affected?type=earthquake&impact=homeless&metric=per_capita&timespan=annual_v0_850x600.svg,1,11,622283736,61639
natural-disasters-people-affected?type=earthquake&impact=homeless&metric=per_capita&timespan=decadal,StackedBar,,,b41ddec698806f5fdcf36dedcf3b25e8,natural-disasters-people-affected?type=earthquake&impact=homeless&metric=per_capita&timespan=decadal_v0_850x600.svg,1,10,583954608,82078
natural-disasters-people-affected?type=earthquake&impact=homeless&metric=total_number&timespan=annual,StackedBar,,,9c85811a24b93f909b0d255bcd9f3d8f,natural-disasters-people-affected?type=earthquake&impact=homeless&metric=total_number&timespan=annual_v0_850x600.svg,1,11,516570400,57296
natural-disasters-people-affected?type=earthquake&impact=homeless&metric=total_number&timespan=decadal,StackedBar,,,2d0c750ce88c9acef2f796ab5ab9841f,natural-disasters-people-affected?type=earthquake&impact=homeless&metric=total_number&timespan=decadal_v0_850x600.svg,1,11,528868088,80714
natural-disasters-people-affected?type=earthquake&impact=injured&metric=per_capita&timespan=annual,StackedBar,,,cde04570b6adf9b076c3d6812d7179d9,natural-disasters-people-affected?type=earthquake&impact=injured&metric=per_capita&timespan=annual_v0_850x600.svg,1,10,545784200,67597
natural-disasters-people-affected?type=earthquake&impact=injured&metric=per_capita&timespan=decadal,StackedBar,,,5dd6797b799d14c79b06cad709b25fc2,natural-disasters-people-affected?type=earthquake&impact=injured&metric=per_capita&timespan=decadal_v0_850x600.svg,1,11,523711792,83603
natural-disasters-people-affected?type=earthquake&impact=injured&metric=total_number&timespan=annual,StackedBar,,,5460faf37e029ef289a501786fc31853,natural-disasters-people-affected?type=earthquake&impact=injured&metric=total_number&timespan=annual_v0_850x600.svg,1,9,598207952,57196
natural-disasters-people-affected?type=earthquake&impact=injured&metric=total_number&timespan=decadal,StackedBar,,,42ecf1fb86cb40140a5ee4e8fae8e5a9,natural-disasters-people-affected?type=earthquake&impact=injured&metric=total_number&timespan=decadal_v0_850x600.svg,1,10,562397432,81011
natural-disasters-people-affected?type=earthquake&impact=requiring_assistance&metric=per_capita&timespan=annual,StackedBar,,,59d3a14a29f8be4e10d09bbe37db5ebd,natural-disasters-people-affected?type=earthquake&impact=requiring_assistance&metric=per_capita&timespan=annual_v0_850x600.svg,1,12,538439432,63850
natural-disasters-people-affected?type=earthquake&impact=requiring_assistance&metric=per_capita&timespan=decadal,StackedBar,,,d596fab9107ef7240e0d2208ac7c567e,natural-disasters-people-affected?type=earthquake&impact=requiring_assistance&metric=per_capita&timespan=decadal_v0_850x600.svg,1,11,548909784,82553
natural-disasters-people-affected?type=earthquake&impact=requiring_assistance&metric=total_number&timespan=annual,StackedBar,,,985104c15445500ab0c8604275a47097,natural-disasters-people-affected?type=earthquake&impact=requiring_assistance&metric=total_number&timespan=annual_v0_850x600.svg,1,11,521889648,59046
natural-disasters-people-affected?type=earthquake&impact=requiring_assistance&metric=total_number&timespan=decadal,StackedBar,,,e72d22327a0fa1ce25ba24cea47f27a9,natural-disasters-people-affected?type=earthquake&impact=requiring_assistance&metric=total_number&timespan=decadal_v0_850x600.svg,1,10,543190840,81208
natural-disasters-people-affected?type=earthquake&impact=total_affected&metric=per_capita&timespan=annual,StackedBar,,,1b9c14e3a69791669961569d0109e0e3,natural-disasters-people-affected?type=earthquake&impact=total_affected&metric=per_capita&timespan=annual_v0_850x600.svg,1,11,620108120,68000
natural-disasters-people-affected?type=earthquake&impact=total_affected&metric=per_capita&timespan=decadal,StackedBar,,,31db3995cfebaf942e1905cec8056465,natural-disasters-people-affected?type=earthquake&impact=total_affected&metric=per_capita&timespan=decadal_v0_850x600.svg,1,11,582697536,83540
natural-disasters-people-affected?type=earthquake&impact=total_affected&metric=total_number&timespan=annual,StackedBar,,,d8bb1e2196e0baf720b141b09a784cab,natural-disasters-people-affected?type=earthquake&impact=total_affected&metric=total_number&timespan=annual_v0_850x600.svg,1,11,518085312,60471
natural-disasters-people-affected?type=earthquake&impact=total_affected&metric=total_number&timespan=decadal,StackedBar,,,5d8f486075e0a7b2b420084119fe157e,natural-disasters-people-affected?type=earthquake&impact=total_affected&metric=total_number&timespan=decadal_v0_850x600.svg,2,11,520346880,81820
natural-disasters-people-affected?type=extreme_temperature&impact=homeless&metric=per_capita&timespan=annual,StackedBar,,,7251ad6501c8818f16d70bf63c2947e9,natural-disasters-people-affected?type=extreme_temperature&impact=homeless&metric=per_capita&timespan=annual_v0_850x600.svg,1,10,542875416,28416
natural-disasters-people-affected?type=extreme_temperature&impact=homeless&metric=per_capita&timespan=decadal,StackedBar,,,e07072232268200cc709eb8ebb83c128,natural-disasters-people-affected?type=extreme_temperature&impact=homeless&metric=per_capita&timespan=decadal_v0_850x600.svg,2,11,563177232,79480
natural-disasters-people-affected?type=extreme_temperature&impact=homeless&metric=total_number&timespan=annual,StackedBar,,,a6616a476ccdb88f08f7c69efe176cc5,natural-disasters-people-affected?type=extreme_temperature&impact=homeless&metric=total_number&timespan=annual_v0_850x600.svg,1,9,639780720,28370
natural-disasters-people-affected?type=extreme_temperature&impact=homeless&metric=total_number&timespan=decadal,StackedBar,,,8b35a0ee2e470410d16e86530eb7e212,natural-disasters-people-affected?type=extreme_temperature&impact=homeless&metric=total_number&timespan=decadal_v0_850x600.svg,1,10,560171136,79405
natural-disasters-people-affected?type=extreme_temperature&impact=injured&metric=per_capita&timespan=annual,StackedBar,,,2f1afa433cb322760fa1a44c8f7f99e6,natural-disasters-people-affected?type=extreme_temperature&impact=injured&metric=per_capita&timespan=annual_v0_850x600.svg,1,11,538503656,30696
natural-disasters-people-affected?type=extreme_temperature&impact=injured&metric=per_capita&timespan=decadal,StackedBar,,,554f9c1e2ab870d10b54fdfba859b4df,natural-disasters-people-affected?type=extreme_temperature&impact=injured&metric=per_capita&timespan=decadal_v0_850x600.svg,1,11,540088392,80348
natural-disasters-people-affected?type=extreme_temperature&impact=injured&metric=total_number&timespan=annual,StackedBar,,,ead9858e6ab4aeee62b5676af42dd64f,natural-disasters-people-affected?type=extreme_temperature&impact=injured&metric=total_number&timespan=annual_v0_850x600.svg,1,10,563428064,28923
natural-disasters-people-affected?type=extreme_temperature&impact=injured&metric=total_number&timespan=decadal,StackedBar,,,e56bb83762252405f10134fbb026d6f7,natural-disasters-people-affected?type=extreme_temperature&impact=injured&metric=total_number&timespan=decadal_v0_850x600.svg,1,10,534142152,79715
natural-disasters-people-affected?type=extreme_temperature&impact=requiring_assistance&metric=per_capita&timespan=annual,StackedBar,,,c4b6224205cbd8d86a6415de0dedf295,natural-disasters-people-affected?type=extreme_temperature&impact=requiring_assistance&metric=per_capita&timespan=annual_v0_850x600.svg,1,10,609215376,30670
natural-disasters-people-affected?type=extreme_temperature&impact=requiring_assistance&metric=per_capita&timespan=decadal,StackedBar,,,ecfc1885c851e78eb8698a6eabfa4216,natural-disasters-people-affected?type=extreme_temperature&impact=requiring_assistance&metric=per_capita&timespan=decadal_v0_850x600.svg,2,12,579975328,80244
natural-disasters-people-affected?type=extreme_temperature&impact=requiring_assistance&metric=total_number&timespan=annual,StackedBar,,,a8ca3321c463c651d693008ffa5c382c,natural-disasters-people-affected?type=extreme_temperature&impact=requiring_assistance&metric=total_number&timespan=annual_v0_850x600.svg,1,11,514122968,29563
natural-disasters-people-affected?type=extreme_temperature&impact=requiring_assistance&metric=total_number&timespan=decadal,StackedBar,,,ffd3aee042c1d7996e479d4090a15971,natural-disasters-people-affected?type=extreme_temperature&impact=requiring_assistance&metric=total_number&timespan=decadal_v0_850x600.svg,1,10,532559688,79849
natural-disasters-people-affected?type=extreme_temperature&impact=total_affected&metric=per_capita&timespan=annual,StackedBar,,,2a3e0b8b42aea759fabc1ef7a086fd14,natural-disasters-people-affected?type=extreme_temperature&impact=total_affected&metric=per_capita&timespan=annual_v0_850x600.svg,1,18,561332144,31857
natural-disasters-people-affected?type=extreme_temperature&impact=total_affected&metric=per_capita&timespan=decadal,StackedBar,,,9d42333d51c93c8b9bc4d47dc1ddc768,natural-disasters-people-affected?type=extreme_temperature&impact=total_affected&metric=per_capita&timespan=decadal_v0_850x600.svg,1,12,554104760,80767
natural-disasters-people-affected?type=extreme_temperature&impact=total_affected&metric=total_number&timespan=annual,StackedBar,,,6944028bfa1c2b59a423784a195cb104,natural-disasters-people-affected?type=extreme_temperature&impact=total_affected&metric=total_number&timespan=annual_v0_850x600.svg,2,11,630456576,29871
natural-disasters-people-affected?type=extreme_temperature&impact=total_affected&metric=total_number&timespan=decadal,StackedBar,,,a707933a200f270106adc6d543a704ea,natural-disasters-people-affected?type=extreme_temperature&impact=total_affected&metric=total_number&timespan=decadal_v0_850x600.svg,1,11,600365736,80048
natural-disasters-people-affected?type=extreme_weather&impact=homeless&metric=per_capita&timespan=annual,StackedBar,,,06d9d786f28f77239052ca3cea942870,natural-disasters-people-affected?type=extreme_weather&impact=homeless&metric=per_capita&timespan=annual_v0_850x600.svg,1,12,536592168,101206
natural-disasters-people-affected?type=extreme_weather&impact=homeless&metric=per_capita&timespan=decadal,StackedBar,,,26ad992ce42fa893a703a0ef33e9f893,natural-disasters-people-affected?type=extreme_weather&impact=homeless&metric=per_capita&timespan=decadal_v0_850x600.svg,1,11,650718856,82488
natural-disasters-people-affected?type=extreme_weather&impact=homeless&metric=total_number&timespan=annual,StackedBar,,,4548d50317fc8e5aa658ecc9a5d08989,natural-disasters-people-affected?type=extreme_weather&impact=homeless&metric=total_number&timespan=annual_v0_850x600.svg,1,12,575736928,97063
natural-disasters-people-affected?type=extreme_weather&impact=homeless&metric=total_number&timespan=decadal,StackedBar,,,93133b1b3942f8b69e8776c2be2b7a1e,natural-disasters-people-affected?type=extreme_weather&impact=homeless&metric=total_number&timespan=decadal_v0_850x600.svg,2,12,541192096,80808
natural-disasters-people-affected?type=extreme_weather&impact=injured&metric=per_capita&timespan=annual,StackedBar,,,16790ca32575d8948b8997d6de72a22c,natural-disasters-people-affected?type=extreme_weather&impact=injured&metric=per_capita&timespan=annual_v0_850x600.svg,1,12,554541656,106767
natural-disasters-people-affected?type=extreme_weather&impact=injured&metric=per_capita&timespan=decadal,StackedBar,,,e6acee3d1c2574ddb7d23805842d3d0e,natural-disasters-people-affected?type=extreme_weather&impact=injured&metric=per_capita&timespan=decadal_v0_850x600.svg,1,11,571467168,84150
natural-disasters-people-affected?type=extreme_weather&impact=injured&metric=total_number&timespan=annual,StackedBar,,,c53075967b692b7deed24f295afb4891,natural-disasters-people-affected?type=extreme_weather&impact=injured&metric=total_number&timespan=annual_v0_850x600.svg,2,11,631538744,96030
natural-disasters-people-affected?type=extreme_weather&impact=injured&metric=total_number&timespan=decadal,StackedBar,,,e22a7e1585d4cf17f8b54f1214cb48f9,natural-disasters-people-affected?type=extreme_weather&impact=injured&metric=total_number&timespan=decadal_v0_850x600.svg,1,10,556349400,81039
natural-disasters-people-affected?type=extreme_weather&impact=requiring_assistance&metric=per_capita&timespan=annual,StackedBar,,,67cc0d6500184cc6d3c4c803df3a2e76,natural-disasters-people-affected?type=extreme_weather&impact=requiring_assistance&metric=per_capita&timespan=annual_v0_850x600.svg,1,13,557057824,109224
natural-disasters-people-affected?type=extreme_weather&impact=requiring_assistance&metric=per_capita&timespan=decadal,StackedBar,,,cb333591da52f9558d7c55e02129a579,natural-disasters-people-affected?type=extreme_weather&impact=requiring_assistance&metric=per_capita&timespan=decadal_v0_850x600.svg,1,11,561245984,84678
natural-disasters-people-affected?type=extreme_weather&impact=requiring_assistance&metric=total_number&timespan=annual,StackedBar,,,969700509c803cbaa9d48fcef08bf01b,natural-disasters-people-affected?type=extreme_weather&impact=requiring_assistance&metric=total_number&timespan=annual_v0_850x600.svg,1,14,576482328,102431
natural-disasters-people-affected?type=extreme_weather&impact=requiring_assistance&metric=total_number&timespan=decadal,StackedBar,,,4ef8a2daa4b94276016308a04578e5dd,natural-disasters-people-affected?type=extreme_weather&impact=requiring_assistance&metric=total_number&timespan=decadal_v0_850x600.svg,2,12,591630144,82482
natural-disasters-people-affected?type=extreme_weather&impact=total_affected&metric=per_capita&timespan=annual,StackedBar,,,e67786d90841c88932b44b025e7c726d,natural-disasters-people-affected?type=extreme_weather&impact=total_affected&metric=per_capita&timespan=annual_v0_850x600.svg,1,12,538152448,113003
natural-disasters-people-affected?type=extreme_weather&impact=total_affected&metric=per_capita&timespan=decadal,StackedBar,,,3d94a9d3e1683d9264dc0080520a7d6b,natural-disasters-people-affected?type=extreme_weather&impact=total_affected&metric=per_capita&timespan=decadal_v0_850x600.svg,2,12,651636192,85761
natural-disasters-people-affected?type=extreme_weather&impact=total_affected&metric=total_number&timespan=annual,StackedBar,,,b84daec5b6d584ece76e3feb3b667d4b,natural-disasters-people-affected?type=extreme_weather&impact=total_affected&metric=total_number&timespan=annual_v0_850x600.svg,2,15,539227944,103623
natural-disasters-people-affected?type=extreme_weather&impact=total_affected&metric=total_number&timespan=decadal,StackedBar,,,9f9ecdd8e69ba3d27095abd789ba9363,natural-disasters-people-affected?type=extreme_weather&impact=total_affected&metric=total_number&timespan=decadal_v0_850x600.svg,2,12,577535840,83069
natural-disasters-people-affected?type=flood&impact=homeless&metric=per_capita&timespan=annual,StackedBar,,,1f9a51ef2f589c4fcc737fb9a3f6f97a,natural-disasters-people-affected?type=flood&impact=homeless&metric=per_capita&timespan=annual_v0_850x600.svg,2,13,556872104,122284
natural-disasters-people-affected?type=flood&impact=homeless&metric=per_capita&timespan=decadal,StackedBar,,,dd057f8446c31cba627322133ebe9ff3,natural-disasters-people-affected?type=flood&impact=homeless&metric=per_capita&timespan=decadal_v0_850x600.svg,1,11,612465728,83235
natural-disasters-people-affected?type=flood&impact=homeless&metric=total_number&timespan=annual,StackedBar,,,053d414ac5b7e2e49781ad6a79911096,natural-disasters-people-affected?type=flood&impact=homeless&metric=total_number&timespan=annual_v0_850x600.svg,1,11,629091272,116597
natural-disasters-people-affected?type=flood&impact=homeless&metric=total_number&timespan=decadal,StackedBar,,,f6e74ebac244c74cb1b62d34c8c43dfa,natural-disasters-people-affected?type=flood&impact=homeless&metric=total_number&timespan=decadal_v0_850x600.svg,1,11,557800376,81288
natural-disasters-people-affected?type=flood&impact=injured&metric=per_capita&timespan=annual,StackedBar,,,78617681a66b68290b120b04d8ae9ff1,natural-disasters-people-affected?type=flood&impact=injured&metric=per_capita&timespan=annual_v0_850x600.svg,1,13,552414544,124201
natural-disasters-people-affected?type=flood&impact=injured&metric=per_capita&timespan=decadal,StackedBar,,,e33bf0e76c1a1d28d8019e707c39ca16,natural-disasters-people-affected?type=flood&impact=injured&metric=per_capita&timespan=decadal_v0_850x600.svg,1,10,559407952,83492
natural-disasters-people-affected?type=flood&impact=injured&metric=total_number&timespan=annual,StackedBar,,,cb62ca971ae2226ce975046f634fc9be,natural-disasters-people-affected?type=flood&impact=injured&metric=total_number&timespan=annual_v0_850x600.svg,1,12,579321496,113770
natural-disasters-people-affected?type=flood&impact=injured&metric=total_number&timespan=decadal,StackedBar,,,481eae0f0e70bae8e39f1b5025cc7856,natural-disasters-people-affected?type=flood&impact=injured&metric=total_number&timespan=decadal_v0_850x600.svg,1,11,593020880,80861
natural-disasters-people-affected?type=flood&impact=requiring_assistance&metric=per_capita&timespan=annual,StackedBar,,,e320ef191c26621d6dcee3998b7655b4,natural-disasters-people-affected?type=flood&impact=requiring_assistance&metric=per_capita&timespan=annual_v0_850x600.svg,1,11,651765936,139222
natural-disasters-people-affected?type=flood&impact=requiring_assistance&metric=per_capita&timespan=decadal,StackedBar,,,0ead428aff135747179bbb73d2fcf4e3,natural-disasters-people-affected?type=flood&impact=requiring_assistance&metric=per_capita&timespan=decadal_v0_850x600.svg,1,11,534125128,86303
natural-disasters-people-affected?type=flood&impact=requiring_assistance&metric=total_number&timespan=annual,StackedBar,,,1fc38265f8e0a342365bf7d64e86c3ee,natural-disasters-people-affected?type=flood&impact=requiring_assistance&metric=total_number&timespan=annual_v0_850x600.svg,2,13,575725480,126995
natural-disasters-people-affected?type=flood&impact=requiring_assistance&metric=total_number&timespan=decadal,StackedBar,,,47c6a84685726cf787dc7c0ab1e59df6,natural-disasters-people-affected?type=flood&impact=requiring_assistance&metric=total_number&timespan=decadal_v0_850x600.svg,2,12,579672072,83744
natural-disasters-people-affected?type=flood&impact=total_affected&metric=per_capita&timespan=annual,StackedBar,,,f6c6adb1796f1a567899f6b7d3db75d4,natural-disasters-people-affected?type=flood&impact=total_affected&metric=per_capita&timespan=annual_v0_850x600.svg,1,12,554609304,141121
natural-disasters-people-affected?type=flood&impact=total_affected&metric=per_capita&timespan=decadal,StackedBar,,,b9a5aab955150a23e6d7766473a0d1d4,natural-disasters-people-affected?type=flood&impact=total_affected&metric=per_capita&timespan=decadal_v0_850x600.svg,1,11,671960488,86554
natural-disasters-people-affected?type=flood&impact=total_affected&metric=total_number&timespan=annual,StackedBar,,,efc3b5918ffef987f06ae7458b1cc059,natural-disasters-people-affected?type=flood&impact=total_affected&metric=total_number&timespan=annual_v0_850x600.svg,1,13,616349072,127835
natural-disasters-people-affected?type=flood&impact=total_affected&metric=total_number&timespan=decadal,StackedBar,,,0e97e50e3ec2c431352047dc7a1daa97,natural-disasters-people-affected?type=flood&impact=total_affected&metric=total_number&timespan=decadal_v0_850x600.svg,1,10,554492384,83971
natural-disasters-people-affected?type=landslide&impact=homeless&metric=per_capita&timespan=annual,StackedBar,,,00fb117dd4ea95150da3b243a50709d2,natural-disasters-people-affected?type=landslide&impact=homeless&metric=per_capita&timespan=annual_v0_850x600.svg,1,12,550604344,37005
natural-disasters-people-affected?type=landslide&impact=homeless&metric=per_capita&timespan=decadal,StackedBar,,,a6e32753f49acd2393c2f547b53e4b9d,natural-disasters-people-affected?type=landslide&impact=homeless&metric=per_capita&timespan=decadal_v0_850x600.svg,1,11,595771288,80821
natural-disasters-people-affected?type=landslide&impact=homeless&metric=total_number&timespan=annual,StackedBar,,,a61647dbcd9e388b82b093c5b862133e,natural-disasters-people-affected?type=landslide&impact=homeless&metric=total_number&timespan=annual_v0_850x600.svg,1,12,576407728,34629
natural-disasters-people-affected?type=landslide&impact=homeless&metric=total_number&timespan=decadal,StackedBar,,,01dc2e2e04a7ad1aa88439ca6bf1f5de,natural-disasters-people-affected?type=landslide&impact=homeless&metric=total_number&timespan=decadal_v0_850x600.svg,2,10,650726456,79920
natural-disasters-people-affected?type=landslide&impact=injured&metric=per_capita&timespan=annual,StackedBar,,,7d8ab8bf6eab9a6e7968d7561ee81962,natural-disasters-people-affected?type=landslide&impact=injured&metric=per_capita&timespan=annual_v0_850x600.svg,1,11,591175640,39617
natural-disasters-people-affected?type=landslide&impact=injured&metric=per_capita&timespan=decadal,StackedBar,,,8d664d7050f94b6ad9a4b6c4db412f59,natural-disasters-people-affected?type=landslide&impact=injured&metric=per_capita&timespan=decadal_v0_850x600.svg,2,11,574290192,81647
natural-disasters-people-affected?type=landslide&impact=injured&metric=total_number&timespan=annual,StackedBar,,,4a8a4539bdb12b87a66e77e9c336c64a,natural-disasters-people-affected?type=landslide&impact=injured&metric=total_number&timespan=annual_v0_850x600.svg,2,12,574906528,34261
natural-disasters-people-affected?type=landslide&impact=injured&metric=total_number&timespan=decadal,StackedBar,,,66345d9aa8221bbce2e9ffcd10c8ba86,natural-disasters-people-affected?type=landslide&impact=injured&metric=total_number&timespan=decadal_v0_850x600.svg,1,11,570485064,79967
natural-disasters-people-affected?type=landslide&impact=requiring_assistance&metric=per_capita&timespan=annual,StackedBar,,,b683c2a0346d389aebc75e720cfe9aca,natural-disasters-people-affected?type=landslide&impact=requiring_assistance&metric=per_capita&timespan=annual_v0_850x600.svg,1,11,672023440,38524
natural-disasters-people-affected?type=landslide&impact=requiring_assistance&metric=per_capita&timespan=decadal,StackedBar,,,0d6e5e3ba124b10484091ec563928583,natural-disasters-people-affected?type=landslide&impact=requiring_assistance&metric=per_capita&timespan=decadal_v0_850x600.svg,1,11,596922944,81363
natural-disasters-people-affected?type=landslide&impact=requiring_assistance&metric=total_number&timespan=annual,StackedBar,,,357f846f96e9416c2c58dd91de29d32a,natural-disasters-people-affected?type=landslide&impact=requiring_assistance&metric=total_number&timespan=annual_v0_850x600.svg,1,11,612837560,35440
natural-disasters-people-affected?type=landslide&impact=requiring_assistance&metric=total_number&timespan=decadal,StackedBar,,,871b80bde1a3079ee5491bb8c078c844,natural-disasters-people-affected?type=landslide&impact=requiring_assistance&metric=total_number&timespan=decadal_v0_850x600.svg,1,11,545513288,80280
natural-disasters-people-affected?type=landslide&impact=total_affected&metric=per_capita&timespan=annual,StackedBar,,,3daa3d1d47976b47cc05cd9d80393745,natural-disasters-people-affected?type=landslide&impact=total_affected&metric=per_capita&timespan=annual_v0_850x600.svg,1,11,592026096,40999
natural-disasters-people-affected?type=landslide&impact=total_affected&metric=per_capita&timespan=decadal,StackedBar,,,ee87b7d183f69d11ed966ebc14994da8,natural-disasters-people-affected?type=landslide&impact=total_affected&metric=per_capita&timespan=decadal_v0_850x600.svg,1,11,595367280,82073
natural-disasters-people-affected?type=landslide&impact=total_affected&metric=total_number&timespan=annual,StackedBar,,,0c84ed7a2349b7b4e6c655bea240d487,natural-disasters-people-affected?type=landslide&impact=total_affected&metric=total_number&timespan=annual_v0_850x600.svg,1,10,648126168,35948
natural-disasters-people-affected?type=landslide&impact=total_affected&metric=total_number&timespan=decadal,StackedBar,,,f5d29a114cbda8215b52e01e8437c229,natural-disasters-people-affected?type=landslide&impact=total_affected&metric=total_number&timespan=decadal_v0_850x600.svg,1,11,576130176,80591
natural-disasters-people-affected?type=volcanic_activity&impact=homeless&metric=per_capita&timespan=annual,StackedBar,,,6154cc5b1cb4beed710d6fd9b8947993,natural-disasters-people-affected?type=volcanic_activity&impact=homeless&metric=per_capita&timespan=annual_v0_850x600.svg,1,10,634120752,17655
natural-disasters-people-affected?type=volcanic_activity&impact=homeless&metric=per_capita&timespan=decadal,StackedBar,,,ee36ef0ddda88107b7d6820a5cda78ac,natural-disasters-people-affected?type=volcanic_activity&impact=homeless&metric=per_capita&timespan=decadal_v0_850x600.svg,1,11,564917312,79945
natural-disasters-people-affected?type=volcanic_activity&impact=homeless&metric=total_number&timespan=annual,StackedBar,,,a38f0d85a80b6d453530c708d663e9db,natural-disasters-people-affected?type=volcanic_activity&impact=homeless&metric=total_number&timespan=annual_v0_850x600.svg,1,10,572318832,17118
natural-disasters-people-affected?type=volcanic_activity&impact=homeless&metric=total_number&timespan=decadal,StackedBar,,,f8d969ff2f42f755e8685fb4f4f496b6,natural-disasters-people-affected?type=volcanic_activity&impact=homeless&metric=total_number&timespan=decadal_v0_850x600.svg,2,11,570070696,79567
natural-disasters-people-affected?type=volcanic_activity&impact=injured&metric=per_capita&timespan=annual,StackedBar,,,922ad0b12c8ead7d2fd0cae24824ddaa,natural-disasters-people-affected?type=volcanic_activity&impact=injured&metric=per_capita&timespan=annual_v0_850x600.svg,0,8,668528664,18185
natural-disasters-people-affected?type=volcanic_activity&impact=injured&metric=per_capita&timespan=decadal,StackedBar,,,ce9c23299c1cba99d3a87e30f403a778,natural-disasters-people-affected?type=volcanic_activity&impact=injured&metric=per_capita&timespan=decadal_v0_850x600.svg,2,10,595211040,80169
natural-disasters-people-affected?type=volcanic_activity&impact=injured&metric=total_number&timespan=annual,StackedBar,,,678bf1023646315b503fda930f40a737,natural-disasters-people-affected?type=volcanic_activity&impact=injured&metric=total_number&timespan=annual_v0_850x600.svg,1,9,584651960,16974
natural-disasters-people-affected?type=volcanic_activity&impact=injured&metric=total_number&timespan=decadal,StackedBar,,,bcd0057e4475de9d7f2ae98311b30bbf,natural-disasters-people-affected?type=volcanic_activity&impact=injured&metric=total_number&timespan=decadal_v0_850x600.svg,1,10,612392176,79578
natural-disasters-people-affected?type=volcanic_activity&impact=requiring_assistance&metric=per_capita&timespan=annual,StackedBar,,,adfbc9e453fde6964946a0fdf002093e,natural-disasters-people-affected?type=volcanic_activity&impact=requiring_assistance&metric=per_capita&timespan=annual_v0_850x600.svg,1,9,688973912,20634
natural-disasters-people-affected?type=volcanic_activity&impact=requiring_assistance&metric=per_capita&timespan=decadal,StackedBar,,,989d21584336ad5ef41310327da6579b,natural-disasters-people-affected?type=volcanic_activity&impact=requiring_assistance&metric=per_capita&timespan=decadal_v0_850x600.svg,1,11,591882928,80769
natural-disasters-people-affected?type=volcanic_activity&impact=requiring_assistance&metric=total_number&timespan=annual,StackedBar,,,538e770e2006790e0bfdb39791d91059,natural-disasters-people-affected?type=volcanic_activity&impact=requiring_assistance&metric=total_number&timespan=annual_v0_850x600.svg,2,10,589484368,18566
natural-disasters-people-affected?type=volcanic_activity&impact=requiring_assistance&metric=total_number&timespan=decadal,StackedBar,,,f4593b5ba35f94bd8afdeddab4138cfa,natural-disasters-people-affected?type=volcanic_activity&impact=requiring_assistance&metric=total_number&timespan=decadal_v0_850x600.svg,2,10,573334096,80045
natural-disasters-people-affected?type=volcanic_activity&impact=total_affected&metric=per_capita&timespan=annual,StackedBar,,,cb964fa5e8cc999902a317216df25bbb,natural-disasters-people-affected?type=volcanic_activity&impact=total_affected&metric=per_capita&timespan=annual_v0_850x600.svg,1,10,556283456,20970
natural-disasters-people-affected?type=volcanic_activity&impact=total_affected&metric=per_capita&timespan=decadal,StackedBar,,,029725694a19c235a1b1a40c4cf8f89a,natural-disasters-people-affected?type=volcanic_activity&impact=total_affected&metric=per_capita&timespan=decadal_v0_850x600.svg,1,10,632084424,80940
natural-disasters-people-affected?type=volcanic_activity&impact=total_affected&metric=total_number&timespan=annual,StackedBar,,,1b438a23945e09d423aea8ab0ac24076,natural-disasters-people-affected?type=volcanic_activity&impact=total_affected&metric=total_number&timespan=annual_v0_850x600.svg,1,8,658972360,18673
natural-disasters-people-affected?type=volcanic_activity&impact=total_affected&metric=total_number&timespan=decadal,StackedBar,,,685e559c86364ec9a06d7bd6d493443e,natural-disasters-people-affected?type=volcanic_activity&impact=total_affected&metric=total_number&timespan=decadal_v0_850x600.svg,2,11,569156712,80116
natural-disasters-people-affected?type=wildfire&impact=homeless&metric=per_capita&timespan=annual,StackedBar,,,864754879dbce0d6b412579e2c905091,natural-disasters-people-affected?type=wildfire&impact=homeless&metric=per_capita&timespan=annual_v0_850x600.svg,2,12,610197720,24950
natural-disasters-people-affected?type=wildfire&impact=homeless&metric=per_capita&timespan=decadal,StackedBar,,,c8b8bfe4a885158465c9870f56d4a5d9,natural-disasters-people-affected?type=wildfire&impact=homeless&metric=per_capita&timespan=decadal_v0_850x600.svg,1,10,593014104,80488
natural-disasters-people-affected?type=wildfire&impact=homeless&metric=total_number&timespan=annual,StackedBar,,,b42b013277e1cfa497fca07adb1e6644,natural-disasters-people-affected?type=wildfire&impact=homeless&metric=total_number&timespan=annual_v0_850x600.svg,1,10,609420256,23031
natural-disasters-people-affected?type=wildfire&impact=homeless&metric=total_number&timespan=decadal,StackedBar,,,41579b7463e772ba92fe2ec8030a4c89,natural-disasters-people-affected?type=wildfire&impact=homeless&metric=total_number&timespan=decadal_v0_850x600.svg,2,10,576364560,79781
natural-disasters-people-affected?type=wildfire&impact=injured&metric=per_capita&timespan=annual,StackedBar,,,b75fb2b812ae4d8f74b923a2121ed008,natural-disasters-people-affected?type=wildfire&impact=injured&metric=per_capita&timespan=annual_v0_850x600.svg,1,8,679246096,25716
natural-disasters-people-affected?type=wildfire&impact=injured&metric=per_capita&timespan=decadal,StackedBar,,,52cc1e6cc881ae4754e922183bb4f65d,natural-disasters-people-affected?type=wildfire&impact=injured&metric=per_capita&timespan=decadal_v0_850x600.svg,2,11,579645048,80633
natural-disasters-people-affected?type=wildfire&impact=injured&metric=total_number&timespan=annual,StackedBar,,,0380521c852ecadf2622c6b0b28a0186,natural-disasters-people-affected?type=wildfire&impact=injured&metric=total_number&timespan=annual_v0_850x600.svg,1,9,588997344,22691
natural-disasters-people-affected?type=wildfire&impact=injured&metric=total_number&timespan=decadal,StackedBar,,,89b662f3404c3294bec7060fd5aab792,natural-disasters-people-affected?type=wildfire&impact=injured&metric=total_number&timespan=decadal_v0_850x600.svg,1,9,612357328,79808
natural-disasters-people-affected?type=wildfire&impact=requiring_assistance&metric=per_capita&timespan=annual,StackedBar,,,76878d7b1eb459efcd20bff42fd2ca14,natural-disasters-people-affected?type=wildfire&impact=requiring_assistance&metric=per_capita&timespan=annual_v0_850x600.svg,1,11,700172736,26095
natural-disasters-people-affected?type=wildfire&impact=requiring_assistance&metric=per_capita&timespan=decadal,StackedBar,,,149a5e43be90946579f0dc686f6d6679,natural-disasters-people-affected?type=wildfire&impact=requiring_assistance&metric=per_capita&timespan=decadal_v0_850x600.svg,1,9,596199960,80763
natural-disasters-people-affected?type=wildfire&impact=requiring_assistance&metric=total_number&timespan=annual,StackedBar,,,5352caa533e2ea08ab5c34cf427cbf8d,natural-disasters-people-affected?type=wildfire&impact=requiring_assistance&metric=total_number&timespan=annual_v0_850x600.svg,1,12,629288984,23831
natural-disasters-people-affected?type=wildfire&impact=requiring_assistance&metric=total_number&timespan=decadal,StackedBar,,,f0a4cdb79aca5b33361ba786b5f0ac7a,natural-disasters-people-affected?type=wildfire&impact=requiring_assistance&metric=total_number&timespan=decadal_v0_850x600.svg,1,9,608554000,80122
natural-disasters-people-affected?type=wildfire&impact=total_affected&metric=per_capita&timespan=annual,StackedBar,,,f0d1b429061662fbd3dd2932dc348b9f,natural-disasters-people-affected?type=wildfire&impact=total_affected&metric=per_capita&timespan=annual_v0_850x600.svg,1,10,584359032,27508
natural-disasters-people-affected?type=wildfire&impact=total_affected&metric=per_capita&timespan=decadal,StackedBar,,,84689a24d31770f1aa43b78ab757ceef,natural-disasters-people-affected?type=wildfire&impact=total_affected&metric=per_capita&timespan=decadal_v0_850x600.svg,1,10,599737864,81155
natural-disasters-people-affected?type=wildfire&impact=total_affected&metric=total_number&timespan=annual,StackedBar,,,47f14225be6244dfc658a618d1b1aa74,natural-disasters-people-affected?type=wildfire&impact=total_affected&metric=total_number&timespan=annual_v0_850x600.svg,1,7,669950968,24221
natural-disasters-people-affected?type=wildfire&impact=total_affected&metric=total_number&timespan=decadal,StackedBar,,,c43c8948b87e5ec11009d619013fbbfa,natural-disasters-people-affected?type=wildfire&impact=total_affected&metric=total_number&timespan=decadal_v0_850x600.svg,1,8,567549384,80308
plastic-entering-ocean?measure=per_capita,WorldMap,,,5c27b3224ff7520b84a5b0f24937929f,plastic-entering-ocean?measure=per_capita_v0_850x600.svg,1,10,641214352,5560
plastic-entering-ocean?measure=share_of_global,WorldMap,,,9f7c4623f29608999753a891946d8f16,plastic-entering-ocean?measure=share_of_global_v0_850x600.svg,1,13,624852240,5563
plastic-entering-ocean?measure=total,WorldMap,,,800d00763a5ea4392bf17f4dd75b326c,plastic-entering-ocean?measure=total_v0_850x600.svg,0,11,597579784,4497
plastic-pollution?measure=per_person&emission_type=debris&emissions_source=all,WorldMap,,,392892799e00ab4e0d7fc725626dfa90,plastic-pollution?measure=per_person&emission_type=debris&emissions_source=all_v0_850x600.svg,1,13,612456648,8721
plastic-pollution?measure=per_person&emission_type=open_burning&emissions_source=all,WorldMap,,,b06d21970a8c49c00b7f630bf1769dba,plastic-pollution?measure=per_person&emission_type=open_burning&emissions_source=all_v0_850x600.svg,1,12,681492336,8292
plastic-pollution?measure=per_person&emission_type=total_burned_debris&emissions_source=all,WorldMap,,,70475ff8cb0fa8458b692423a47579d9,plastic-pollution?measure=per_person&emission_type=total_burned_debris&emissions_source=all_v0_850x600.svg,1,14,580244008,8726
plastic-pollution?measure=per_person&emission_type=total_burned_debris&emissions_source=collection_system,WorldMap,,,4c512afd41352af5bcd0a8b6d2651f88,plastic-pollution?measure=per_person&emission_type=total_burned_debris&emissions_source=collection_system_v0_850x600.svg,1,13,648786920,8987
plastic-pollution?measure=per_person&emission_type=total_burned_debris&emissions_source=disposal,WorldMap,,,dea8a32291bf7d1ce48dd35ba172d1c4,plastic-pollution?measure=per_person&emission_type=total_burned_debris&emissions_source=disposal_v0_850x600.svg,1,12,688656544,7966
plastic-pollution?measure=per_person&emission_type=total_burned_debris&emissions_source=litter,WorldMap,,,239b9f4c515c650f6d6de6857b0670f2,plastic-pollution?measure=per_person&emission_type=total_burned_debris&emissions_source=litter_v0_850x600.svg,2,15,590293040,8928
plastic-pollution?measure=per_person&emission_type=total_burned_debris&emissions_source=rejects,WorldMap,,,dbf3ef9a52a2445cab180810c3b12027,plastic-pollution?measure=per_person&emission_type=total_burned_debris&emissions_source=rejects_v0_850x600.svg,1,13,605533896,8619
plastic-pollution?measure=per_person&emission_type=total_burned_debris&emissions_source=total_by_source,StackedDiscreteBar,,,288aef9b6be05384e1ebe18681d6efb4,plastic-pollution?measure=per_person&emission_type=total_burned_debris&emissions_source=total_by_source_v0_850x600.svg,1,9,639516376,42771
plastic-pollution?measure=per_person&emission_type=total_burned_debris&emissions_source=uncollected_waste,WorldMap,,,8763016a882657dc1f8d70b5005d2c4f,plastic-pollution?measure=per_person&emission_type=total_burned_debris&emissions_source=uncollected_waste_v0_850x600.svg,1,13,588213176,8271
plastic-pollution?measure=per_person&emission_type=total_by_type&emissions_source=all,StackedDiscreteBar,,,a71672420786a685a84df8a81ab66519,plastic-pollution?measure=per_person&emission_type=total_by_type&emissions_source=all_v0_850x600.svg,2,9,667655504,17013
plastic-pollution?measure=share_of_global_total&emission_type=debris&emissions_source=all,WorldMap,,,68eae24df91432d423e7c5fa83fe819c,plastic-pollution?measure=share_of_global_total&emission_type=debris&emissions_source=all_v0_850x600.svg,1,13,598937080,9171
plastic-pollution?measure=share_of_global_total&emission_type=open_burning&emissions_source=all,WorldMap,,,075a85b741df17bbf23bd7b973fbe4ba,plastic-pollution?measure=share_of_global_total&emission_type=open_burning&emissions_source=all_v0_850x600.svg,1,12,696135952,8660
plastic-pollution?measure=share_of_global_total&emission_type=total_burned_debris&emissions_source=all,WorldMap,,,9f2dd4f2064cd0dba73639c8def4ec6d,plastic-pollution?measure=share_of_global_total&emission_type=total_burned_debris&emissions_source=all_v0_850x600.svg,1,13,612681936,9171
plastic-pollution?measure=total&emission_type=debris&emissions_source=all,WorldMap,,,e224317b0892461e59909be42af410f4,plastic-pollution?measure=total&emission_type=debris&emissions_source=all_v0_850x600.svg,1,14,677870880,8611
plastic-pollution?measure=total&emission_type=open_burning&emissions_source=all,WorldMap,,,10396ef849989ab3cfa91a667fba1ba9,plastic-pollution?measure=total&emission_type=open_burning&emissions_source=all_v0_850x600.svg,1,14,595280472,8216
plastic-pollution?measure=total&emission_type=total_burned_debris&emissions_source=all,WorldMap,,,cb862b679fc3edcabbf7d37980c71a8a,plastic-pollution?measure=total&emission_type=total_burned_debris&emissions_source=all_v0_850x600.svg,1,14,597451360,8596
plastic-pollution?measure=total&emission_type=total_burned_debris&emissions_source=collection_system,WorldMap,,,fb990acaf1a7c3c4d3db054e018f0f07,plastic-pollution?measure=total&emission_type=total_burned_debris&emissions_source=collection_system_v0_850x600.svg,1,16,605332520,8614
plastic-pollution?measure=total&emission_type=total_burned_debris&emissions_source=disposal,WorldMap,,,c1e8e411be07d6e557c1a25d3ff4ee0d,plastic-pollution?measure=total&emission_type=total_burned_debris&emissions_source=disposal_v0_850x600.svg,1,12,703360472,7870
plastic-pollution?measure=total&emission_type=total_burned_debris&emissions_source=litter,WorldMap,,,45fe7e1f982c40837c94d664a867b3ea,plastic-pollution?measure=total&emission_type=total_burned_debris&emissions_source=litter_v0_850x600.svg,1,14,620626800,8603
plastic-pollution?measure=total&emission_type=total_burned_debris&emissions_source=rejects,WorldMap,,,d02b05b1ae4e8001446a51eb02668925,plastic-pollution?measure=total&emission_type=total_burned_debris&emissions_source=rejects_v0_850x600.svg,1,14,687312600,8270
plastic-pollution?measure=total&emission_type=total_burned_debris&emissions_source=total_by_source,StackedDiscreteBar,,,bb70a2da73e9ef73902377ce7c6d9b0b,plastic-pollution?measure=total&emission_type=total_burned_debris&emissions_source=total_by_source_v0_850x600.svg,1,13,622989264,41574
plastic-pollution?measure=total&emission_type=total_burned_debris&emissions_source=uncollected_waste,WorldMap,,,7088acb3e6b18ab11a3edb729d9e44d6,plastic-pollution?measure=total&emission_type=total_burned_debris&emissions_source=uncollected_waste_v0_850x600.svg,1,15,604252800,8217
plastic-pollution?measure=total&emission_type=total_by_type&emissions_source=all,StackedDiscreteBar,,,21b16b82a5da469803a4019206319085,plastic-pollution?measure=total&emission_type=total_by_type&emissions_source=all_v0_850x600.svg,2,9,722362000,16827
plastic-waste-generation?measure=per_person,WorldMap,,,4f25a35af8d4ef8e73a36d42aacef0b9,plastic-waste-generation?measure=per_person_v0_850x600.svg,1,15,610724480,8584
plastic-waste-generation?measure=total,WorldMap,,,22b5d508d28381970d1afada80332dd3,plastic-waste-generation?measure=total_v0_850x600.svg,1,13,631722728,8592
plastic-waste-trade?rate=per_capita&metric=exports,WorldMap,,,3b0d17d8bd35eca11c5e60b32a45ba45,plastic-waste-trade?rate=per_capita&metric=exports_v0_850x600.svg,2,21,639068448,147237
plastic-waste-trade?rate=per_capita&metric=imports,WorldMap,,,5ab0f250b71e721aca909218a6f6c198,plastic-waste-trade?rate=per_capita&metric=imports_v0_850x600.svg,2,19,743516280,171279
plastic-waste-trade?rate=per_capita&metric=net_exports,WorldMap,,,aaf26d8850e61f5435b3d850f84acca3,plastic-waste-trade?rate=per_capita&metric=net_exports_v0_850x600.svg,1,20,620876296,144101
plastic-waste-trade?rate=total&metric=exports,WorldMap,,,60304480333b60c0b40bc2dc26fbb806,plastic-waste-trade?rate=total&metric=exports_v0_850x600.svg,1,16,652798456,138835
plastic-waste-trade?rate=total&metric=imports,WorldMap,,,d970be95514571ba5f615bced776a13f,plastic-waste-trade?rate=total&metric=imports_v0_850x600.svg,1,17,625936464,158170
plastic-waste-trade?rate=total&metric=net_exports,WorldMap,,,625bde7285220db6f1d47a0bc9fd79d4,plastic-waste-trade?rate=total&metric=net_exports_v0_850x600.svg,1,20,649712536,137297
qualified-and-trained-teachers?level=level_side_by_side&teacher_type=qualified,LineChart,,,0eb3514ab39b664664001c554923e6b5,qualified-and-trained-teachers?level=level_side_by_side&teacher_type=qualified_v0_850x600.svg,2,20,629381928,128179
qualified-and-trained-teachers?level=level_side_by_side&teacher_type=trained,LineChart,,,e35a87cb78fd2431f4c5a992616d94be,qualified-and-trained-teachers?level=level_side_by_side&teacher_type=trained_v0_850x600.svg,3,21,739203808,177729
qualified-and-trained-teachers?level=lower_secondary&teacher_type=qualified,WorldMap,,,74d7d26bbea511eac0994eb8d9d648ad,qualified-and-trained-teachers?level=lower_secondary&teacher_type=qualified_v0_850x600.svg,1,14,665239368,26874
qualified-and-trained-teachers?level=lower_secondary&teacher_type=teacher_type_side_by_side,LineChart,,,094c83c3d5e6c577cabd497c971ec537,qualified-and-trained-teachers?level=lower_secondary&teacher_type=teacher_type_side_by_side_v0_850x600.svg,2,21,655535288,60912
qualified-and-trained-teachers?level=lower_secondary&teacher_type=trained,WorldMap,,,c89ead31ccf15cdbd54f7c783ed93a0f,qualified-and-trained-teachers?level=lower_secondary&teacher_type=trained_v0_850x600.svg,1,16,639666536,34038
qualified-and-trained-teachers?level=pre_primary&teacher_type=qualified,WorldMap,,,b1a17163e06f318cf24bd5eecfbf487b,qualified-and-trained-teachers?level=pre_primary&teacher_type=qualified_v0_850x600.svg,1,14,646400352,33119
qualified-and-trained-teachers?level=pre_primary&teacher_type=teacher_type_side_by_side,LineChart,,,49414fd79ba73c8ca828c71fa30f024a,qualified-and-trained-teachers?level=pre_primary&teacher_type=teacher_type_side_by_side_v0_850x600.svg,2,18,726619712,79318
qualified-and-trained-teachers?level=pre_primary&teacher_type=trained,WorldMap,,,9b5ab060bca72cf692aaa0556f9249ee,qualified-and-trained-teachers?level=pre_primary&teacher_type=trained_v0_850x600.svg,1,17,617487744,46199
qualified-and-trained-teachers?level=primary&teacher_type=qualified,WorldMap,,,6e697ee34f119068417b06a996ffcd26,qualified-and-trained-teachers?level=primary&teacher_type=qualified_v0_850x600.svg,1,17,628411192,43095
qualified-and-trained-teachers?level=primary&teacher_type=teacher_type_side_by_side,LineChart,,,a4ebea99eb75b8912c8bff5588416e2e,qualified-and-trained-teachers?level=primary&teacher_type=teacher_type_side_by_side_v0_850x600.svg,2,20,701506504,109818
qualified-and-trained-teachers?level=primary&teacher_type=trained,WorldMap,,,f8e7f28371af73204085886dc21436cd,qualified-and-trained-teachers?level=primary&teacher_type=trained_v0_850x600.svg,1,15,745229816,66723
qualified-and-trained-teachers?level=upper_secondary&teacher_type=qualified,WorldMap,,,543f0cd46f815d85de16b1ff849bccf2,qualified-and-trained-teachers?level=upper_secondary&teacher_type=qualified_v0_850x600.svg,1,15,650774736,25091
qualified-and-trained-teachers?level=upper_secondary&teacher_type=teacher_type_side_by_side,LineChart,,,27ba9b599d476e0a68b02bb8bee7ee57,qualified-and-trained-teachers?level=upper_secondary&teacher_type=teacher_type_side_by_side_v0_850x600.svg,2,19,680049752,55860
qualified-and-trained-teachers?level=upper_secondary&teacher_type=trained,WorldMap,,,3797e4768f4616f39fa8f51f294edd53,qualified-and-trained-teachers?level=upper_secondary&teacher_type=trained_v0_850x600.svg,1,16,718925856,30769
religious-composition?religion=any_religion&indicator=count_unrounded,WorldMap,,,93461718bf9b141ed6de186e5774909c,religious-composition?religion=any_religion&indicator=count_unrounded_v0_850x600.svg,1,16,624811952,13760
religious-composition?religion=any_religion&indicator=share,WorldMap,,,c17cee535013c37325de0c9b59c60a6e,religious-composition?religion=any_religion&indicator=share_v0_850x600.svg,1,15,637933560,14071
religious-composition?religion=buddhists&indicator=count_unrounded,WorldMap,,,11e6ce9a23b152cb7931ad62edeb1aab,religious-composition?religion=buddhists&indicator=count_unrounded_v0_850x600.svg,1,12,755748904,12257
religious-composition?religion=buddhists&indicator=share,WorldMap,,,fcd271f3d32fa30164f6660b9fded89f,religious-composition?religion=buddhists&indicator=share_v0_850x600.svg,1,15,693413920,14316
religious-composition?religion=christians&indicator=count_unrounded,WorldMap,,,d4bfe43dba991c1df291951dfb419b60,religious-composition?religion=christians&indicator=count_unrounded_v0_850x600.svg,1,15,659423192,13514
religious-composition?religion=christians&indicator=share,WorldMap,,,15e5139a76d3b5e8d510df3d9d657084,religious-composition?religion=christians&indicator=share_v0_850x600.svg,1,15,635643008,14199
religious-composition?religion=hindus&indicator=count_unrounded,WorldMap,,,a8a79018f741e63081bdb2b1b3e880b1,religious-composition?religion=hindus&indicator=count_unrounded_v0_850x600.svg,1,16,683416152,12240
religious-composition?religion=hindus&indicator=share,WorldMap,,,ea992db3893ecbede4efb2c296d295cd,religious-composition?religion=hindus&indicator=share_v0_850x600.svg,1,15,648173824,14309
religious-composition?religion=jews&indicator=count_unrounded,WorldMap,,,bb6200dc7392a158082289aa4a0c84cd,religious-composition?religion=jews&indicator=count_unrounded_v0_850x600.svg,1,12,765404320,11930
religious-composition?religion=jews&indicator=share,WorldMap,,,1836b22d2415abda9578b685bfdfc090,religious-composition?religion=jews&indicator=share_v0_850x600.svg,1,15,658955928,14178
religious-composition?religion=muslims&indicator=count_unrounded,WorldMap,,,08c09a441a8513dd464548ec3ec41845,religious-composition?religion=muslims&indicator=count_unrounded_v0_850x600.svg,1,15,667405344,13080
religious-composition?religion=muslims&indicator=share,WorldMap,,,cafdd9c56d00f80e43532e0281adf1f8,religious-composition?religion=muslims&indicator=share_v0_850x600.svg,1,14,645857288,14488
religious-composition?religion=other_religions&indicator=count_unrounded,WorldMap,,,0c8405317177244c3ff58501b88c08f1,religious-composition?religion=other_religions&indicator=count_unrounded_v0_850x600.svg,1,16,658541272,12828
religious-composition?religion=other_religions&indicator=share,WorldMap,,,f087bfcaf95e81fcb0c3c911150cb2f1,religious-composition?religion=other_religions&indicator=share_v0_850x600.svg,1,15,693653424,14525
religious-composition?religion=religiously_unaffiliated&indicator=count_unrounded,WorldMap,,,da3fdbc36bcba44fed3e0b94f77dd6cb,religious-composition?religion=religiously_unaffiliated&indicator=count_unrounded_v0_850x600.svg,0,13,774490120,13032
religious-composition?religion=religiously_unaffiliated&indicator=share,WorldMap,,,1871429d3ee49d7a3ac68cfa33f35c81,religious-composition?religion=religiously_unaffiliated&indicator=share_v0_850x600.svg,1,15,669133200,14444
school-completion?sex=both&level=level_side_by_side,LineChart,,,58187725eec61cc25f76fc3f96309189,school-completion?sex=both&level=level_side_by_side_v0_850x600.svg,8,28,657069280,640866
school-completion?sex=both&level=lower_secondary,WorldMap,,,c303ea735fd54c6fa2117d95eaa73a31,school-completion?sex=both&level=lower_secondary_v0_850x600.svg,1,24,668772272,212369
school-completion?sex=both&level=primary,WorldMap,,,026f8eb176986af98cf1dee0f8aaf936,school-completion?sex=both&level=primary_v0_850x600.svg,1,20,797697904,216982
school-completion?sex=both&level=upper_secondary,WorldMap,,,51eccec385ad181389b5b825310c6c8c,school-completion?sex=both&level=upper_secondary_v0_850x600.svg,1,23,717851568,211515
school-completion?sex=boys&level=level_side_by_side,LineChart,,,5f33c01c638b10798d42e23162249bf4,school-completion?sex=boys&level=level_side_by_side_v0_850x600.svg,8,29,660709936,718430
school-completion?sex=boys&level=lower_secondary,WorldMap,,,04a9fe4903be6c3692137c349408717a,school-completion?sex=boys&level=lower_secondary_v0_850x600.svg,2,23,693891688,237918
school-completion?sex=boys&level=primary,WorldMap,,,1dd51ad8bd4b696335fd9eae4aafcc40,school-completion?sex=boys&level=primary_v0_850x600.svg,1,22,685091872,241874
school-completion?sex=boys&level=upper_secondary,WorldMap,,,58922f2ba9ef4e2de06786d8493b6fa6,school-completion?sex=boys&level=upper_secondary_v0_850x600.svg,2,24,694801176,238638
school-completion?sex=girls&level=level_side_by_side,LineChart,,,708af71099284f632d99a03c81991a1b,school-completion?sex=girls&level=level_side_by_side_v0_850x600.svg,6,26,795359624,717962
school-completion?sex=girls&level=lower_secondary,WorldMap,,,81bec7af9e4c66ec0989def66eff8e84,school-completion?sex=girls&level=lower_secondary_v0_850x600.svg,1,23,688813232,237719
school-completion?sex=girls&level=primary,WorldMap,,,1850e8be57f323172cc88deb710070a7,school-completion?sex=girls&level=primary_v0_850x600.svg,1,22,743795568,241783
school-completion?sex=girls&level=upper_secondary,WorldMap,,,8eeeaf83e35e1f3647f1e4926616cad2,school-completion?sex=girls&level=upper_secondary_v0_850x600.svg,2,24,719348272,238460
school-completion?sex=sex_side_by_side&level=lower_secondary,LineChart,,,fef36bd541011968bc65ba844512f9d0,school-completion?sex=sex_side_by_side&level=lower_secondary_v0_850x600.svg,5,23,670517568,475637
school-completion?sex=sex_side_by_side&level=primary,LineChart,,,e684fa5f024b154664723931f5611efe,school-completion?sex=sex_side_by_side&level=primary_v0_850x600.svg,5,22,783631984,483657
school-completion?sex=sex_side_by_side&level=upper_secondary,LineChart,,,c8e259fdba2a7207b1e278afb84dc7f9,school-completion?sex=sex_side_by_side&level=upper_secondary_v0_850x600.svg,6,25,684821752,477098
school-enrolment?sex=both&level=level_side_by_side&enrolment_type=gross_enrolment,LineChart,,,5e9eb5e06c888f0ad54d2c31783a823a,school-enrolment?sex=both&level=level_side_by_side&enrolment_type=gross_enrolment_v0_850x600.svg,13,41,750160872,1010343
school-enrolment?sex=both&level=level_side_by_side&enrolment_type=net_enrolment,LineChart,,,42b2f9e12092068d4c4a2d308930b9ab,school-enrolment?sex=both&level=level_side_by_side&enrolment_type=net_enrolment_v0_850x600.svg,6,26,680102392,511959
school-enrolment?sex=both&level=lower_secondary&enrolment_type=enrolment_type_side_by_side,LineChart,,,a3102ce891d00d409f7b1e79187db727,school-enrolment?sex=both&level=lower_secondary&enrolment_type=enrolment_type_side_by_side_v0_850x600.svg,4,22,711156448,274785
school-enrolment?sex=both&level=lower_secondary&enrolment_type=gross_enrolment,WorldMap,,,1505dcf79e66ecf1c9857ba1b3c5da8a,school-enrolment?sex=both&level=lower_secondary&enrolment_type=gross_enrolment_v0_850x600.svg,1,19,812394656,158037
school-enrolment?sex=both&level=lower_secondary&enrolment_type=net_enrolment,WorldMap,,,086f3de615d964a0e0455fbe69448be8,school-enrolment?sex=both&level=lower_secondary&enrolment_type=net_enrolment_v0_850x600.svg,1,21,696548944,116748
school-enrolment?sex=both&level=preprimary&enrolment_type=enrolment_type_side_by_side,LineChart,,,38aa642543bef1e11f364f1cc01f4dce,school-enrolment?sex=both&level=preprimary&enrolment_type=enrolment_type_side_by_side_v0_850x600.svg,4,23,676087080,332897
school-enrolment?sex=both&level=preprimary&enrolment_type=gross_enrolment,WorldMap,,,7ccaaf603aa150d911821d13bc4b1078,school-enrolment?sex=both&level=preprimary&enrolment_type=gross_enrolment_v0_850x600.svg,1,24,742941904,220265
school-enrolment?sex=both&level=preprimary&enrolment_type=net_enrolment,WorldMap,,,3b2f4314d907c49edfe8ba981c90104e,school-enrolment?sex=both&level=preprimary&enrolment_type=net_enrolment_v0_850x600.svg,1,21,704433104,112632
school-enrolment?sex=both&level=primary&enrolment_type=enrolment_type_side_by_side,LineChart,,,3524069999840900d3a56551afe123c2,school-enrolment?sex=both&level=primary&enrolment_type=enrolment_type_side_by_side_v0_850x600.svg,5,22,802340496,453719
school-enrolment?sex=both&level=primary&enrolment_type=gross_enrolment,WorldMap,,,a6b278ac0354e20f77a4bd885bdeaad0,school-enrolment?sex=both&level=primary&enrolment_type=gross_enrolment_v0_850x600.svg,1,26,733296240,285189
school-enrolment?sex=both&level=primary&enrolment_type=net_enrolment,WorldMap,,,a2173ec556a0d0cbc5a9fe9c1e5023b4,school-enrolment?sex=both&level=primary&enrolment_type=net_enrolment_v0_850x600.svg,1,24,705754264,168530
school-enrolment?sex=both&level=tertiary&enrolment_type=gross_enrolment,WorldMap,,,de2129a343ef8604679aa18f30db2f4f,school-enrolment?sex=both&level=tertiary&enrolment_type=gross_enrolment_v0_850x600.svg,2,25,725486072,198578
school-enrolment?sex=both&level=upper_secondary&enrolment_type=enrolment_type_side_by_side,LineChart,,,cb0bc6c0ee20f0e862c77b62d2add034,school-enrolment?sex=both&level=upper_secondary&enrolment_type=enrolment_type_side_by_side_v0_850x600.svg,3,20,841456200,262323
school-enrolment?sex=both&level=upper_secondary&enrolment_type=gross_enrolment,WorldMap,,,fcbc56371e0e2f4e0793d03d783a1c46,school-enrolment?sex=both&level=upper_secondary&enrolment_type=gross_enrolment_v0_850x600.svg,1,21,714634808,148274
school-enrolment?sex=both&level=upper_secondary&enrolment_type=net_enrolment,WorldMap,,,25cc80f8a159938364743bc3bad2e0e7,school-enrolment?sex=both&level=upper_secondary&enrolment_type=net_enrolment_v0_850x600.svg,1,20,726718256,114049
school-enrolment?sex=boys&level=level_side_by_side&enrolment_type=gross_enrolment,LineChart,,,3b36c27240604dce0bf1209b70b30200,school-enrolment?sex=boys&level=level_side_by_side&enrolment_type=gross_enrolment_v0_850x600.svg,10,35,745203632,939431
school-enrolment?sex=boys&level=level_side_by_side&enrolment_type=net_enrolment,LineChart,,,8dbfcade13638909d10205a099b2247b,school-enrolment?sex=boys&level=level_side_by_side&enrolment_type=net_enrolment_v0_850x600.svg,6,25,695807624,441262
school-enrolment?sex=boys&level=lower_secondary&enrolment_type=enrolment_type_side_by_side,LineChart,,,cdc31b8ec436892390a8406ef954b18f,school-enrolment?sex=boys&level=lower_secondary&enrolment_type=enrolment_type_side_by_side_v0_850x600.svg,4,21,710747784,251426
school-enrolment?sex=boys&level=lower_secondary&enrolment_type=gross_enrolment,WorldMap,,,93ff70e7d4cfb61459f244b7f0752793,school-enrolment?sex=boys&level=lower_secondary&enrolment_type=gross_enrolment_v0_850x600.svg,1,19,822618160,156195
school-enrolment?sex=boys&level=lower_secondary&enrolment_type=net_enrolment,WorldMap,,,e3d49dc19db9d777d41a688e88280515,school-enrolment?sex=boys&level=lower_secondary&enrolment_type=net_enrolment_v0_850x600.svg,1,19,734802368,95231
school-enrolment?sex=boys&level=preprimary&enrolment_type=enrolment_type_side_by_side,LineChart,,,f9d0c05b7dd32043dc5d7c4df7cc4215,school-enrolment?sex=boys&level=preprimary&enrolment_type=enrolment_type_side_by_side_v0_850x600.svg,6,26,723120680,304127
school-enrolment?sex=boys&level=preprimary&enrolment_type=gross_enrolment,WorldMap,,,2a4cce9c71600c18b526d79fad7dd930,school-enrolment?sex=boys&level=preprimary&enrolment_type=gross_enrolment_v0_850x600.svg,2,24,727567936,194560
school-enrolment?sex=boys&level=preprimary&enrolment_type=net_enrolment,WorldMap,,,c656155058a753c60a82dedcbba01bf2,school-enrolment?sex=boys&level=preprimary&enrolment_type=net_enrolment_v0_850x600.svg,1,18,731616312,109567
school-enrolment?sex=boys&level=primary&enrolment_type=enrolment_type_side_by_side,LineChart,,,338db76198e31e75221c090f45f00e0f,school-enrolment?sex=boys&level=primary&enrolment_type=enrolment_type_side_by_side_v0_850x600.svg,6,26,788108248,398215
school-enrolment?sex=boys&level=primary&enrolment_type=gross_enrolment,WorldMap,,,f9a062eb023aff08b0b14d300fa37aae,school-enrolment?sex=boys&level=primary&enrolment_type=gross_enrolment_v0_850x600.svg,1,23,852095672,268959
school-enrolment?sex=boys&level=primary&enrolment_type=net_enrolment,WorldMap,,,0f65a06b114669ed2adaf80ac56d4d28,school-enrolment?sex=boys&level=primary&enrolment_type=net_enrolment_v0_850x600.svg,2,20,750154112,129256
school-enrolment?sex=boys&level=tertiary&enrolment_type=gross_enrolment,WorldMap,,,19eefe757dd65c5f4b77e4510196d612,school-enrolment?sex=boys&level=tertiary&enrolment_type=gross_enrolment_v0_850x600.svg,1,21,762729568,174200
school-enrolment?sex=boys&level=upper_secondary&enrolment_type=enrolment_type_side_by_side,LineChart,,,20e4cb7e616103f510b31224c4882b11,school-enrolment?sex=boys&level=upper_secondary&enrolment_type=enrolment_type_side_by_side_v0_850x600.svg,4,22,711984456,252725
school-enrolment?sex=boys&level=upper_secondary&enrolment_type=gross_enrolment,WorldMap,,,1012dd6d4e179dd4e30d32f31bc1b233,school-enrolment?sex=boys&level=upper_secondary&enrolment_type=gross_enrolment_v0_850x600.svg,1,22,765945896,145517
school-enrolment?sex=boys&level=upper_secondary&enrolment_type=net_enrolment,WorldMap,,,bfa9de710cdb40520bf68ba40791b6c1,school-enrolment?sex=boys&level=upper_secondary&enrolment_type=net_enrolment_v0_850x600.svg,1,20,750376560,107208
school-enrolment?sex=girls&level=level_side_by_side&enrolment_type=gross_enrolment,LineChart,,,451fca8ab82d16e7125cc025b114cca2,school-enrolment?sex=girls&level=level_side_by_side&enrolment_type=gross_enrolment_v0_850x600.svg,12,30,866342088,938940
school-enrolment?sex=girls&level=level_side_by_side&enrolment_type=net_enrolment,LineChart,,,7ae4e339595ec128cbdf159a95f65d70,school-enrolment?sex=girls&level=level_side_by_side&enrolment_type=net_enrolment_v0_850x600.svg,6,25,757240536,441455
school-enrolment?sex=girls&level=lower_secondary&enrolment_type=enrolment_type_side_by_side,LineChart,,,68325bbd4be43c94a445b8b47f7217d5,school-enrolment?sex=girls&level=lower_secondary&enrolment_type=enrolment_type_side_by_side_v0_850x600.svg,4,22,740513840,251790
school-enrolment?sex=girls&level=lower_secondary&enrolment_type=gross_enrolment,WorldMap,,,33c0e3456ba3ace3bc1d52cc6f239410,school-enrolment?sex=girls&level=lower_secondary&enrolment_type=gross_enrolment_v0_850x600.svg,2,22,786695784,156265
school-enrolment?sex=girls&level=lower_secondary&enrolment_type=net_enrolment,WorldMap,,,c470cccee392d5b7d5edb11069616166,school-enrolment?sex=girls&level=lower_secondary&enrolment_type=net_enrolment_v0_850x600.svg,1,19,725111368,95525
school-enrolment?sex=girls&level=preprimary&enrolment_type=enrolment_type_side_by_side,LineChart,,,e368342d56041ae7de1bb14f3bb012d3,school-enrolment?sex=girls&level=preprimary&enrolment_type=enrolment_type_side_by_side_v0_850x600.svg,5,24,807715216,304049
school-enrolment?sex=girls&level=preprimary&enrolment_type=gross_enrolment,WorldMap,,,9e26869955588908d69e3ba46da8397e,school-enrolment?sex=girls&level=preprimary&enrolment_type=gross_enrolment_v0_850x600.svg,2,18,851799592,194531
school-enrolment?sex=girls&level=preprimary&enrolment_type=net_enrolment,WorldMap,,,d9e39786cc3b4ac5d075b1a5780bfbd2,school-enrolment?sex=girls&level=preprimary&enrolment_type=net_enrolment_v0_850x600.svg,2,21,728549792,109518
school-enrolment?sex=girls&level=primary&enrolment_type=enrolment_type_side_by_side,LineChart,,,f6cc9c57e8e3fc00d713a66093de31a6,school-enrolment?sex=girls&level=primary&enrolment_type=enrolment_type_side_by_side_v0_850x600.svg,5,24,732577544,397659
school-enrolment?sex=girls&level=primary&enrolment_type=gross_enrolment,WorldMap,,,7992135bba15bc6e66983ef8511daf1b,school-enrolment?sex=girls&level=primary&enrolment_type=gross_enrolment_v0_850x600.svg,2,30,790632096,268412
school-enrolment?sex=girls&level=primary&enrolment_type=net_enrolment,WorldMap,,,0c6947bb3fc28a0ddd58e949439187c9,school-enrolment?sex=girls&level=primary&enrolment_type=net_enrolment_v0_850x600.svg,2,18,813385368,129247
school-enrolment?sex=girls&level=tertiary&enrolment_type=gross_enrolment,WorldMap,,,1dbb3984a15a4bd8476181364176c076,school-enrolment?sex=girls&level=tertiary&enrolment_type=gross_enrolment_v0_850x600.svg,1,16,876254288,174102
school-enrolment?sex=girls&level=upper_secondary&enrolment_type=enrolment_type_side_by_side,LineChart,,,3c5fd308b1f809f65b6b05018c2cff8c,school-enrolment?sex=girls&level=upper_secondary&enrolment_type=enrolment_type_side_by_side_v0_850x600.svg,4,19,763696656,252795
school-enrolment?sex=girls&level=upper_secondary&enrolment_type=gross_enrolment,WorldMap,,,e9bf6c81ece62f59c33aff72b0c485f2,school-enrolment?sex=girls&level=upper_secondary&enrolment_type=gross_enrolment_v0_850x600.svg,1,23,759945744,145630
school-enrolment?sex=girls&level=upper_secondary&enrolment_type=net_enrolment,WorldMap,,,c34c3542f9a4fd32f7384bc77708503b,school-enrolment?sex=girls&level=upper_secondary&enrolment_type=net_enrolment_v0_850x600.svg,1,19,747096672,107165
school-enrolment?sex=sex_side_by_side&level=lower_secondary&enrolment_type=gross_enrolment,LineChart,,,5849fad8517e3b40456279a5118087c6,school-enrolment?sex=sex_side_by_side&level=lower_secondary&enrolment_type=gross_enrolment_v0_850x600.svg,3,20,759437808,312460
school-enrolment?sex=sex_side_by_side&level=lower_secondary&enrolment_type=net_enrolment,LineChart,,,41c9b93645deddc6eef9693ddcece8bd,school-enrolment?sex=sex_side_by_side&level=lower_secondary&enrolment_type=net_enrolment_v0_850x600.svg,2,16,912154408,190756
school-enrolment?sex=sex_side_by_side&level=preprimary&enrolment_type=gross_enrolment,LineChart,,,f4b68f11938458cf1990ee8808c74018,school-enrolment?sex=sex_side_by_side&level=preprimary&enrolment_type=gross_enrolment_v0_850x600.svg,6,30,214400576,389091
school-enrolment?sex=sex_side_by_side&level=preprimary&enrolment_type=net_enrolment,LineChart,,,2752616684b49401bbf507c3d628db0e,school-enrolment?sex=sex_side_by_side&level=preprimary&enrolment_type=net_enrolment_v0_850x600.svg,3,17,826596264,219085
school-enrolment?sex=sex_side_by_side&level=primary&enrolment_type=gross_enrolment,LineChart,,,54e4c995e6e92f8ef48cc602accefe2c,school-enrolment?sex=sex_side_by_side&level=primary&enrolment_type=gross_enrolment_v0_850x600.svg,6,25,751269560,537371
school-enrolment?sex=sex_side_by_side&level=primary&enrolment_type=net_enrolment,LineChart,,,d0081282ede3b5dacd5935341f9c0c2f,school-enrolment?sex=sex_side_by_side&level=primary&enrolment_type=net_enrolment_v0_850x600.svg,3,21,895809648,258503
school-enrolment?sex=sex_side_by_side&level=tertiary&enrolment_type=gross_enrolment,LineChart,,,09ddf439700c0aae44432d06bfc201dc,school-enrolment?sex=sex_side_by_side&level=tertiary&enrolment_type=gross_enrolment_v0_850x600.svg,4,19,740506408,348302
school-enrolment?sex=sex_side_by_side&level=upper_secondary&enrolment_type=gross_enrolment,LineChart,,,cf785b385d6cbc287c147b4c76edec7f,school-enrolment?sex=sex_side_by_side&level=upper_secondary&enrolment_type=gross_enrolment_v0_850x600.svg,4,20,749474720,291147
school-enrolment?sex=sex_side_by_side&level=upper_secondary&enrolment_type=net_enrolment,LineChart,,,1865afcab36d513406c0bd75189accec,school-enrolment?sex=sex_side_by_side&level=upper_secondary&enrolment_type=net_enrolment_v0_850x600.svg,4,18,814200752,214373
vaccination-coverage-who-unicef?metric=coverage&antigen=bcg,LineChart,,,4b4ff046015f5ff85db0be97945074a0,vaccination-coverage-who-unicef?metric=coverage&antigen=bcg_v0_850x600.svg,3,16,237742560,199284
vaccination-coverage-who-unicef?metric=coverage&antigen=comparison,LineChart,,,571636c63d8632d94ecea5ec21f0d747,vaccination-coverage-who-unicef?metric=coverage&antigen=comparison_v0_850x600.svg,18,36,774836960,1331619
vaccination-coverage-who-unicef?metric=coverage&antigen=dtpcv1,LineChart,,,cd6813b5677971159f6d597394e835bc,vaccination-coverage-who-unicef?metric=coverage&antigen=dtpcv1_v0_850x600.svg,1,12,920093080,247137
vaccination-coverage-who-unicef?metric=coverage&antigen=dtpcv3,LineChart,,,4d3ebe3dafcc55d7495f7ffd3e6c8c3a,vaccination-coverage-who-unicef?metric=coverage&antigen=dtpcv3_v0_850x600.svg,2,15,191282488,247039
vaccination-coverage-who-unicef?metric=coverage&antigen=hepb3,LineChart,,,50b5788687efd89aacaf04632420d366,vaccination-coverage-who-unicef?metric=coverage&antigen=hepb3_v0_850x600.svg,1,12,772064672,152664
vaccination-coverage-who-unicef?metric=coverage&antigen=hepb_bd,LineChart,,,4c9cad02a2d654e27bd4c9952eeebf11,vaccination-coverage-who-unicef?metric=coverage&antigen=hepb_bd_v0_850x600.svg,1,10,833907928,67634
vaccination-coverage-who-unicef?metric=coverage&antigen=hib3,LineChart,,,e0399aaa50bec153fe689b55d04326d7,vaccination-coverage-who-unicef?metric=coverage&antigen=hib3_v0_850x600.svg,1,11,898600288,128817
vaccination-coverage-who-unicef?metric=coverage&antigen=ipv1,LineChart,,,bc422760c62a1f2d4e79aa9d4465f534,vaccination-coverage-who-unicef?metric=coverage&antigen=ipv1_v0_850x600.svg,1,8,204954656,55399
vaccination-coverage-who-unicef?metric=coverage&antigen=ipv2,LineChart,,,2aa3634b2deb981bacbe401d5b18318f,vaccination-coverage-who-unicef?metric=coverage&antigen=ipv2_v0_850x600.svg,1,7,804344360,11058
vaccination-coverage-who-unicef?metric=coverage&antigen=mcv1,LineChart,,,2807851d3e77f59bf1d70a407cbe7feb,vaccination-coverage-who-unicef?metric=coverage&antigen=mcv1_v0_850x600.svg,1,13,795710576,243688
vaccination-coverage-who-unicef?metric=coverage&antigen=mcv2,LineChart,,,66ffc496db24c3fcfd56abbc614a8728,vaccination-coverage-who-unicef?metric=coverage&antigen=mcv2_v0_850x600.svg,1,10,225322288,104018
vaccination-coverage-who-unicef?metric=coverage&antigen=pcv3,LineChart,,,2e231173abdc55723544b6d3831d4250,vaccination-coverage-who-unicef?metric=coverage&antigen=pcv3_v0_850x600.svg,2,11,918769696,61179
vaccination-coverage-who-unicef?metric=coverage&antigen=pol3,LineChart,,,30e1441abbabd8002f042ad6410bc1b9,vaccination-coverage-who-unicef?metric=coverage&antigen=pol3_v0_850x600.svg,2,14,827905200,247146
vaccination-coverage-who-unicef?metric=coverage&antigen=rcv1,LineChart,,,5bcec63fa45347d3ac3d18bbc9898bfe,vaccination-coverage-who-unicef?metric=coverage&antigen=rcv1_v0_850x600.svg,3,14,214010184,148618
vaccination-coverage-who-unicef?metric=coverage&antigen=rotac,LineChart,,,7b93d9d33b4834119dee6d29b0f0be49,vaccination-coverage-who-unicef?metric=coverage&antigen=rotac_v0_850x600.svg,1,9,772818200,47069
vaccination-coverage-who-unicef?metric=unvaccinated&antigen=comparison,LineChart,,,de39bbe77f59efc476d37edcadd848f4,vaccination-coverage-who-unicef?metric=unvaccinated&antigen=comparison_v0_850x600.svg,22,41,255690432,1386809
vaccination-coverage-who-unicef?metric=unvaccinated&antigen=dtpcv1,LineChart,,,46f1de209269b7b6034627e014935f68,vaccination-coverage-who-unicef?metric=unvaccinated&antigen=dtpcv1_v0_850x600.svg,1,12,895960568,264828
vaccination-coverage-who-unicef?metric=unvaccinated&antigen=dtpcv3,LineChart,,,611f37501e2a3a03802ac19af694b4a3,vaccination-coverage-who-unicef?metric=unvaccinated&antigen=dtpcv3_v0_850x600.svg,1,12,797555536,266292
vaccination-coverage-who-unicef?metric=unvaccinated&antigen=hepb3,LineChart,,,898128fff56f253f562c20cb7743e676,vaccination-coverage-who-unicef?metric=unvaccinated&antigen=hepb3_v0_850x600.svg,1,11,849687784,156086
vaccination-coverage-who-unicef?metric=unvaccinated&antigen=hepb_bd,LineChart,,,82ee171942197df15c5c7f353be107d1,vaccination-coverage-who-unicef?metric=unvaccinated&antigen=hepb_bd_v0_850x600.svg,1,9,791315632,64293
vaccination-coverage-who-unicef?metric=unvaccinated&antigen=hib3,LineChart,,,a58d40f1eea7ada19e6f9b745fb8b4bd,vaccination-coverage-who-unicef?metric=unvaccinated&antigen=hib3_v0_850x600.svg,2,11,234721648,129906
vaccination-coverage-who-unicef?metric=unvaccinated&antigen=ipv1,LineChart,,,5914d7d4f79005d7180fcd2706830e01,vaccination-coverage-who-unicef?metric=unvaccinated&antigen=ipv1_v0_850x600.svg,1,9,913076624,54608
vaccination-coverage-who-unicef?metric=unvaccinated&antigen=ipv2,LineChart,,,7a214e95c1891a3a60236cf182bcb7f4,vaccination-coverage-who-unicef?metric=unvaccinated&antigen=ipv2_v0_850x600.svg,1,8,806051080,8081
vaccination-coverage-who-unicef?metric=unvaccinated&antigen=mcv1,LineChart,,,42082424ba46d5638758162c5ad48d3d,vaccination-coverage-who-unicef?metric=unvaccinated&antigen=mcv1_v0_850x600.svg,1,12,771532336,262696
vaccination-coverage-who-unicef?metric=unvaccinated&antigen=pcv3,LineChart,,,7388537990914bea56def7ce82efc676,vaccination-coverage-who-unicef?metric=unvaccinated&antigen=pcv3_v0_850x600.svg,1,10,827250792,59765
vaccination-coverage-who-unicef?metric=unvaccinated&antigen=pol3,LineChart,,,d801873611723af026118c00184a525a,vaccination-coverage-who-unicef?metric=unvaccinated&antigen=pol3_v0_850x600.svg,1,13,204460728,266346
vaccination-coverage-who-unicef?metric=unvaccinated&antigen=rcv1,LineChart,,,5837bf6a9012fa69b67cf0d50dfab2e0,vaccination-coverage-who-unicef?metric=unvaccinated&antigen=rcv1_v0_850x600.svg,1,12,783678400,147988
vaccination-coverage-who-unicef?metric=unvaccinated&antigen=rotac,LineChart,,,00cce0139619f590106497d75c4aa897,vaccination-coverage-who-unicef?metric=unvaccinated&antigen=rotac_v0_850x600.svg,1,8,931126152,43122
vaccination-coverage-who-unicef?metric=vaccinated&antigen=comparison,LineChart,,,60eefabd0cf3de8ad81c52a7d885c585,vaccination-coverage-who-unicef?metric=vaccinated&antigen=comparison_v0_850x600.svg,20,39,794594392,1417178
vaccination-coverage-who-unicef?metric=vaccinated&antigen=dtpcv1,LineChart,,,7022f6d0de7146e851dd11480592db80,vaccination-coverage-who-unicef?metric=vaccinated&antigen=dtpcv1_v0_850x600.svg,1,13,850668376,272719
vaccination-coverage-who-unicef?metric=vaccinated&antigen=dtpcv3,LineChart,,,b6b51e95fe59201d69a5d03ccc3917c4,vaccination-coverage-who-unicef?metric=vaccinated&antigen=dtpcv3_v0_850x600.svg,1,11,907647264,272090
vaccination-coverage-who-unicef?metric=vaccinated&antigen=hepb3,LineChart,,,92b8ad3ee4e9e66f9e697100abd62c3a,vaccination-coverage-who-unicef?metric=vaccinated&antigen=hepb3_v0_850x600.svg,1,11,226155232,159616
vaccination-coverage-who-unicef?metric=vaccinated&antigen=hepb_bd,LineChart,,,fedd7ebddb26c2f4c393dcf2867dbd24,vaccination-coverage-who-unicef?metric=vaccinated&antigen=hepb_bd_v0_850x600.svg,1,10,802560832,65966
vaccination-coverage-who-unicef?metric=vaccinated&antigen=hib3,LineChart,,,5ff70076ca0134a9efd2ee2c140e9113,vaccination-coverage-who-unicef?metric=vaccinated&antigen=hib3_v0_850x600.svg,2,11,826720280,133015
vaccination-coverage-who-unicef?metric=vaccinated&antigen=ipv1,LineChart,,,a6105078b20754f93d94fe09f00bbc3b,vaccination-coverage-who-unicef?metric=vaccinated&antigen=ipv1_v0_850x600.svg,1,10,223449200,56051
vaccination-coverage-who-unicef?metric=vaccinated&antigen=ipv2,LineChart,,,c0cbda8ca704585a1d7c4a0913e5d2d3,vaccination-coverage-who-unicef?metric=vaccinated&antigen=ipv2_v0_850x600.svg,1,8,241461072,8212
vaccination-coverage-who-unicef?metric=vaccinated&antigen=mcv1,LineChart,,,015532f32e2d026fc841bf234d0eb1ca,vaccination-coverage-who-unicef?metric=vaccinated&antigen=mcv1_v0_850x600.svg,1,11,930588648,267905
vaccination-coverage-who-unicef?metric=vaccinated&antigen=pcv3,LineChart,,,1847a2c9fa7037c5887c1d46cbb5850f,vaccination-coverage-who-unicef?metric=vaccinated&antigen=pcv3_v0_850x600.svg,1,10,780171640,60766
vaccination-coverage-who-unicef?metric=vaccinated&antigen=pol3,LineChart,,,607182e86ea30c5aaff080f75c9881af,vaccination-coverage-who-unicef?metric=vaccinated&antigen=pol3_v0_850x600.svg,2,12,215671440,272150
vaccination-coverage-who-unicef?metric=vaccinated&antigen=rcv1,LineChart,,,fd84aa5a49f24cb0d24ea11deb4c191e,vaccination-coverage-who-unicef?metric=vaccinated&antigen=rcv1_v0_850x600.svg,1,11,847668584,151904
vaccination-coverage-who-unicef?metric=vaccinated&antigen=rotac,LineChart,,,7a64ccd66c9b4a469b3408c774470262,vaccination-coverage-who-unicef?metric=vaccinated&antigen=rotac_v0_850x600.svg,1,9,241836880,43681
years-of-schooling?sex=both&level=all&metric_type=average_years_schooling,WorldMap,,,a420edb08588c93411897df2be96f50c,years-of-schooling?sex=both&level=all&metric_type=average_years_schooling_v0_850x600.svg,1,19,957780488,216467
years-of-schooling?sex=both&level=all&metric_type=expected_years_schooling,WorldMap,,,2de722b77a3fe25a348f7fe7b74f3cf8,years-of-schooling?sex=both&level=all&metric_type=expected_years_schooling_v0_850x600.svg,2,26,192150232,231874
years-of-schooling?sex=both&level=all&metric_type=learning_adjusted_years_schooling,WorldMap,,,484952a6304073963cc6d84df4d8eed2,years-of-schooling?sex=both&level=all&metric_type=learning_adjusted_years_schooling_v0_850x600.svg,1,15,862379800,19179
years-of-schooling?sex=both&level=all&metric_type=metric_type_side_by_side,LineChart,,,c62e4e79b531f70a3941539bce223b55,years-of-schooling?sex=both&level=all&metric_type=metric_type_side_by_side_v0_850x600.svg,7,31,236608216,467520
years-of-schooling?sex=both&level=level_side_by_side&metric_type=expected_years_schooling,StackedArea,,,63d6d5045bab8246042fa4e4dbf9d8d7,years-of-schooling?sex=both&level=level_side_by_side&metric_type=expected_years_schooling_v0_850x600.svg,19,46,225919968,916244
years-of-schooling?sex=both&level=preprimary&metric_type=expected_years_schooling,WorldMap,,,2809e41a6e838d48c5d3142eb6125aed,years-of-schooling?sex=both&level=preprimary&metric_type=expected_years_schooling_v0_850x600.svg,2,29,823982944,213080
years-of-schooling?sex=both&level=primary&metric_type=expected_years_schooling,WorldMap,,,770f7222d77f9afbac603250e6dfc238,years-of-schooling?sex=both&level=primary&metric_type=expected_years_schooling_v0_850x600.svg,1,23,933033024,275097
years-of-schooling?sex=both&level=secondary&metric_type=expected_years_schooling,WorldMap,,,d7cffc1e535e8f55f23b5fbcc14f9f20,years-of-schooling?sex=both&level=secondary&metric_type=expected_years_schooling_v0_850x600.svg,2,25,891106272,232465
years-of-schooling?sex=both&level=tertiary&metric_type=expected_years_schooling,WorldMap,,,1c5563448d7adb1be1ddc0853e46337d,years-of-schooling?sex=both&level=tertiary&metric_type=expected_years_schooling_v0_850x600.svg,1,25,266951184,195602
years-of-schooling?sex=boys&level=all&metric_type=average_years_schooling,WorldMap,,,611ce26bb6a1b3f66be6c01145ca3c6d,years-of-schooling?sex=boys&level=all&metric_type=average_years_schooling_v0_850x600.svg,2,26,211805072,213362
years-of-schooling?sex=boys&level=all&metric_type=expected_years_schooling,WorldMap,,,57443a887921030927ad082921fc9a1a,years-of-schooling?sex=boys&level=all&metric_type=expected_years_schooling_v0_850x600.svg,2,21,845430312,220234
years-of-schooling?sex=boys&level=all&metric_type=learning_adjusted_years_schooling,WorldMap,,,a74fe07825abb7b6e958bd31ec532e51,years-of-schooling?sex=boys&level=all&metric_type=learning_adjusted_years_schooling_v0_850x600.svg,1,18,239959480,16825
years-of-schooling?sex=boys&level=all&metric_type=metric_type_side_by_side,LineChart,,,609251aa3275cdc5496f8b92bbfcbc71,years-of-schooling?sex=boys&level=all&metric_type=metric_type_side_by_side_v0_850x600.svg,8,32,212235320,450421
years-of-schooling?sex=boys&level=level_side_by_side&metric_type=expected_years_schooling,StackedArea,,,29508a757795343ebdb522edaab051b6,years-of-schooling?sex=boys&level=level_side_by_side&metric_type=expected_years_schooling_v0_850x600.svg,12,36,279900624,832613
years-of-schooling?sex=boys&level=preprimary&metric_type=expected_years_schooling,WorldMap,,,47c89388700791e655d543f41b7424fd,years-of-schooling?sex=boys&level=preprimary&metric_type=expected_years_schooling_v0_850x600.svg,2,26,860284064,190003
years-of-schooling?sex=boys&level=primary&metric_type=expected_years_schooling,WorldMap,,,c51581322f73ee9a8d24bd315403a6f3,years-of-schooling?sex=boys&level=primary&metric_type=expected_years_schooling_v0_850x600.svg,1,27,242080544,259000
years-of-schooling?sex=boys&level=secondary&metric_type=expected_years_schooling,WorldMap,,,ff5c5417d0cfba503cb601d867738eb7,years-of-schooling?sex=boys&level=secondary&metric_type=expected_years_schooling_v0_850x600.svg,2,27,816105544,212826
years-of-schooling?sex=boys&level=tertiary&metric_type=expected_years_schooling,WorldMap,,,87b7d24061f28b341b2ff3cee21953af,years-of-schooling?sex=boys&level=tertiary&metric_type=expected_years_schooling_v0_850x600.svg,1,24,262532824,170784
years-of-schooling?sex=girls&level=all&metric_type=average_years_schooling,WorldMap,,,f5991fc389322e71dd71be8440a516f8,years-of-schooling?sex=girls&level=all&metric_type=average_years_schooling_v0_850x600.svg,2,20,230065352,213695
years-of-schooling?sex=girls&level=all&metric_type=expected_years_schooling,WorldMap,,,9c786f7a2ff121241381311352cb4762,years-of-schooling?sex=girls&level=all&metric_type=expected_years_schooling_v0_850x600.svg,1,22,304603792,220022
years-of-schooling?sex=girls&level=all&metric_type=learning_adjusted_years_schooling,WorldMap,,,121b90536685172b3ff99f3228cb5d9b,years-of-schooling?sex=girls&level=all&metric_type=learning_adjusted_years_schooling_v0_850x600.svg,1,15,868424920,16872
years-of-schooling?sex=girls&level=all&metric_type=metric_type_side_by_side,LineChart,,,67c19b2f49cce994d050087792676ac1,years-of-schooling?sex=girls&level=all&metric_type=metric_type_side_by_side_v0_850x600.svg,10,28,240465400,450589
years-of-schooling?sex=girls&level=level_side_by_side&metric_type=expected_years_schooling,StackedArea,,,0aa7c4a371a8a651d6ec386e01445785,years-of-schooling?sex=girls&level=level_side_by_side&metric_type=expected_years_schooling_v0_850x600.svg,10,34,272396744,832831
years-of-schooling?sex=girls&level=preprimary&metric_type=expected_years_schooling,WorldMap,,,5eec276002580d40fb962ea373c1bf48,years-of-schooling?sex=girls&level=preprimary&metric_type=expected_years_schooling_v0_850x600.svg,1,21,257132824,190059
years-of-schooling?sex=girls&level=primary&metric_type=expected_years_schooling,WorldMap,,,501010dfa8fca2339459a85226ab1fb8,years-of-schooling?sex=girls&level=primary&metric_type=expected_years_schooling_v0_850x600.svg,2,25,223197600,259015
years-of-schooling?sex=girls&level=secondary&metric_type=expected_years_schooling,WorldMap,,,473c5322253206b4974d90807fabb07f,years-of-schooling?sex=girls&level=secondary&metric_type=expected_years_schooling_v0_850x600.svg,2,31,196773536,212877
years-of-schooling?sex=girls&level=tertiary&metric_type=expected_years_schooling,WorldMap,,,92da06a75e8ca9ba650fb85423a37ec8,years-of-schooling?sex=girls&level=tertiary&metric_type=expected_years_schooling_v0_850x600.svg,1,24,275790720,170880
years-of-schooling?sex=sex_side_by_side&level=all&metric_type=average_years_schooling,LineChart,,,e1eb8604b1df1c0a0912a35e8e85a474,years-of-schooling?sex=sex_side_by_side&level=all&metric_type=average_years_schooling_v0_850x600.svg,5,26,232425888,427057
years-of-schooling?sex=sex_side_by_side&level=all&metric_type=expected_years_schooling,LineChart,,,2b069b0a4ac63bdb5702605e5bf110a2,years-of-schooling?sex=sex_side_by_side&level=all&metric_type=expected_years_schooling_v0_850x600.svg,11,35,245015152,440256
years-of-schooling?sex=sex_side_by_side&level=all&metric_type=learning_adjusted_years_schooling,LineChart,,,6ae323e60de14be66eed8b169420905b,years-of-schooling?sex=sex_side_by_side&level=all&metric_type=learning_adjusted_years_schooling_v0_850x600.svg,1,18,255260632,33697
years-of-schooling?sex=sex_side_by_side&level=preprimary&metric_type=expected_years_schooling,LineChart,,,a64ed59f88bbb8fc8c2b31474aa1ace3,years-of-schooling?sex=sex_side_by_side&level=preprimary&metric_type=expected_years_schooling_v0_850x600.svg,6,26,277465248,380062
years-of-schooling?sex=sex_side_by_side&level=primary&metric_type=expected_years_schooling,LineChart,,,37ff6cdd16e50fec2b555cfb02e32993,years-of-schooling?sex=sex_side_by_side&level=primary&metric_type=expected_years_schooling_v0_850x600.svg,6,26,320693536,518015
years-of-schooling?sex=sex_side_by_side&level=secondary&metric_type=expected_years_schooling,LineChart,,,949af598f800e50b64e295da86e6bb58,years-of-schooling?sex=sex_side_by_side&level=secondary&metric_type=expected_years_schooling_v0_850x600.svg,6,25,296921680,425703
years-of-schooling?sex=sex_side_by_side&level=tertiary&metric_type=expected_years_schooling,LineChart,,,d865fa27c1d51826fb19b0f111ea52c6,years-of-schooling?sex=sex_side_by_side&level=tertiary&metric_type=expected_years_schooling_v0_850x600.svg,10,31,267838744,341664