{
  "values": [
    3.722742533,
    2.931127737,
    3.818019558,
    5.994353261,
    2.516748594,
    7.452950122,
    3.906433837,
    -2.63577011,
    2.536953535,
    -0.05532877,
    5.023789439,
    7.82596303,
    6.43902442,
    3.387929176,
    5.801094167,
    6.539700296,
    7.716819662,
    5.157229736,
    3.846629855,
    1.642930384,
    1.306905402,
    -0.553301312,
    -0.410479919,
    3.295521135,
    7.057398935,
    1.18533626,
    3.845830837,
    9.149912015,
    6.126233165,
    1.663103637,
    3.33510669,
    7.254764586,
    5.100590268,
    5.712532089,
    5.653836852,
    -5.238182703,
    6.403556925,
    6.735821528,
    5.846026516,
    6.006203624,
    5.699524769,
    3.47573324,
    4.1414957,
    7.288892901,
    4.813990971,
    3.820737856,
    5.099146561,
    5.254299223,
    4.999406369,
    4.77656417,
    4.355546917,
    3.965355634,
    1.725610691,
    9.62778292,
    2.472685038,
    5.947343328,
    2.299301414,
    5.533454563,
    6.399995307,
    1.056831433,
    4.599987245,
    5.482396022,
    4.399991252,
    4.75077622,
    6.900063252,
    6.658924067,
    5.599918727,
    7.57449184,
    5.500085232,
    7.549522249,
    3.799967205,
    4.049820849,
    6.405399698,
    6.184415821,
    4.698423046,
    8.845755561,
    4.300540498,
    3.840991157,
    6.00003316,
    4.823966264,
    -1.545408134,
    3.803975321,
    3.964675686,
    7.860381476,
    5.940269078,
    7.922936613,
    5.445061278,
    7.923430621,
    6.241748045,
    8.060732573,
    7.6682919,
    7.660815065,
    6.796826119,
    3.08669806,
    5.950088145,
    7.861888833,
    3.538912053,
    8.497584702,
    8.015967371,
    5.241315001,
    8.404733021,
    5.456388753,
    9.144572246,
    6.386106401,
    3.39573265,
    7.410227605,
    4.960700592,
    7.996253786,
    5.007683305,
    8.256305502,
    4.486634531,
    6.795383419,
    3.578169679,
    6.532989011,
    3.272000479,
    4.041554187,
    2.255176529,
    -7.964610411,
    -3.569076137
  ],
  "years": [
    1961,
    1962,
    1962,
    1963,
    1963,
    1964,
    1964,
    1965,
    1965,
    1966,
    1966,
    1967,
    1967,
    1968,
    1968,
    1969,
    1969,
    1970,
    1970,
    1971,
    1971,
    1972,
    1972,
    1973,
    1973,
    1974,
    1974,
    1975,
    1975,
    1976,
    1976,
    1977,
    1977,
    1978,
    1978,
    1979,
    1979,
    1980,
    1980,
    1981,
    1981,
    1982,
    1982,
    1983,
    1983,
    1984,
    1984,
    1985,
    1985,
    1986,
    1986,
    1987,
    1987,
    1988,
    1988,
    1989,
    1989,
    1990,
    1990,
    1991,
    1991,
    1992,
    1992,
    1993,
    1993,
    1994,
    1994,
    1995,
    1995,
    1996,
    1996,
    1997,
    1997,
    1998,
    1998,
    1999,
    1999,
    2000,
    2000,
    2001,
    2001,
    2002,
    2002,
    2003,
    2003,
    2004,
    2004,
    2005,
    2005,
    2006,
    2006,
    2007,
    2007,
    2008,
    2008,
    2009,
    2009,
    2010,
    2010,
    2011,
    2011,
    2012,
    2012,
    2013,
    2013,
    2014,
    2014,
    2015,
    2015,
    2016,
    2016,
    2017,
    2017,
    2018,
    2018,
    2019,
    2019,
    2020,
    2020
  ],
  "entities": [
    137,
    137,
    141,
    137,
    141,
    137,
    141,
    137,
    141,
    137,
    141,
    137,
    141,
    137,
    141,
    137,
    141,
    137,
    141,
    137,
    141,
    137,
    141,
    137,
    141,
    137,
    141,
    137,
    141,
    137,
    141,
    137,
    141,
    137,
    141,
    137,
    141,
    137,
    141,
    137,
    141,
    137,
    141,
    137,
    141,
    137,
    141,
    137,
    141,
    137,
    141,
    137,
    141,
    137,
    141,
    137,
    141,
    137,
    141,
    137,
    141,
    137,
    141,
    137,
    141,
    137,
    141,
    137,
    141,
    137,
    141,
    137,
    141,
    137,
    141,
    137,
    141,
    137,
    141,
    137,
    141,
    137,
    141,
    137,
    141,
    137,
    141,
    137,
    141,
    137,
    141,
    137,
    141,
    137,
    141,
    137,
    141,
    137,
    141,
    137,
    141,
    137,
    141,
    137,
    141,
    137,
    141,
    137,
    141,
    137,
    141,
    137,
    141,
    137,
    141,
    137,
    141,
    137,
    141
  ]
}