{
  "values": [
    14.057327,
    27.11056,
    65.9446,
    132.8335,
    110.96806,
    65.83993,
    44.446564,
    70.29381,
    70.48746,
    78.68178,
    93.38081,
    78.3194,
    39.37486,
    26.65492,
    31.687668,
    61.966995,
    58.578175,
    31.784794,
    23.7909,
    25.374416,
    22.970524,
    20.83373,
    27.663836,
    24.098276,
    25.245811,
    20.36878,
    19.221243,
    25.245811,
    26.967117,
    24.958927,
    19.221243,
    16.065517,
    18.36059,
    25.025131,
    42.137554,
    36.560528,
    24.476963,
    28.194983,
    39.96871,
    36.87036,
    29.744158,
    23.83346,
    26.967117,
    24.672043,
    17.786821,
    20.942549,
    19.917963,
    20.655664,
    20.081896,
    16.87494,
    16.87494,
    19.765335,
    24.776365,
    20.842102,
    16.30385,
    26.055021,
    31.46386,
    34.00078,
    30.062943,
    39.640087,
    25.006449,
    24.842802,
    20.312471,
    21.63233,
    24.78809,
    27.476307,
    19.362946,
    17.662842,
    19.172485,
    18.435987,
    11.040748,
    16.475365,
    13.372868,
    19.317654,
    18.278708,
    20.348162,
    21.258684,
    20.743935,
    18.993881,
    18.81173,
    20.027624,
    18.885645,
    17.948025,
    17.787563,
    15.0876465,
    14.826764,
    22.000488,
    21.379057,
    19.316462,
    18.370949,
    17.02112,
    16.66264,
    18.65652,
    18.56661,
    18.641535,
    18.371803,
    17.451885,
    18.60996,
    18.448462,
    16.58642,
    15.559717,
    15.392008,
    15.210322,
    15.000686,
    14.749122,
    14.348482,
    13.943184,
    13.384152,
    12.699338,
    11.991231,
    14.296306,
    15.346664,
    19.167,
    60.809765,
    55.474247,
    58.20556,
    59.407684,
    55.652306,
    112.686165,
    115.679726,
    102.3001,
    88.42486,
    76.7858,
    71.6899,
    66.29025,
    34.075207,
    41.99992,
    32.64966,
    38.04128,
    46.981663,
    38.00629,
    35.64109,
    30.397547,
    27.623318,
    28.89832,
    34.093258,
    30.787363,
    20.189896,
    27.91629,
    42.827732,
    35.721897,
    35.99941,
    40.552734,
    52.426697,
    72.25119,
    83.63095,
    90.35839,
    116.90926,
    74.39836,
    94.35337,
    128.0088,
    125.88024,
    120.71764,
    108.17246,
    57.203785,
    47.16064,
    57.21932,
    73.49786,
    65.00273,
    43.803875,
    70.911896
  ],
  "years": [
    1861,
    1862,
    1863,
    1864,
    1865,
    1866,
    1867,
    1868,
    1869,
    1870,
    1871,
    1872,
    1873,
    1874,
    1875,
    1876,
    1877,
    1878,
    1879,
    1880,
    1881,
    1882,
    1883,
    1884,
    1885,
    1886,
    1887,
    1888,
    1889,
    1890,
    1891,
    1892,
    1893,
    1894,
    1895,
    1896,
    1897,
    1898,
    1899,
    1900,
    1901,
    1902,
    1903,
    1904,
    1905,
    1906,
    1907,
    1908,
    1909,
    1910,
    1911,
    1912,
    1913,
    1914,
    1915,
    1916,
    1917,
    1918,
    1919,
    1920,
    1921,
    1922,
    1923,
    1924,
    1925,
    1926,
    1927,
    1928,
    1929,
    1930,
    1931,
    1932,
    1933,
    1934,
    1935,
    1936,
    1937,
    1938,
    1939,
    1940,
    1941,
    1942,
    1943,
    1944,
    1945,
    1946,
    1947,
    1948,
    1949,
    1950,
    1951,
    1952,
    1953,
    1954,
    1955,
    1956,
    1957,
    1958,
    1959,
    1960,
    1961,
    1962,
    1963,
    1964,
    1965,
    1966,
    1967,
    1968,
    1969,
    1970,
    1971,
    1972,
    1973,
    1974,
    1975,
    1976,
    1977,
    1978,
    1979,
    1980,
    1981,
    1982,
    1983,
    1984,
    1985,
    1986,
    1987,
    1988,
    1989,
    1990,
    1991,
    1992,
    1993,
    1994,
    1995,
    1996,
    1997,
    1998,
    1999,
    2000,
    2001,
    2002,
    2003,
    2004,
    2005,
    2006,
    2007,
    2008,
    2009,
    2010,
    2011,
    2012,
    2013,
    2014,
    2015,
    2016,
    2017,
    2018,
    2019,
    2020,
    2021
  ],
  "entities": [
    355,
    355,
    355,
    355,
    355,
    355,
    355,
    355,
    355,
    355,
    355,
    355,
    355,
    355,
    355,
    355,
    355,
    355,
    355,
    355,
    355,
    355,
    355,
    355,
    355,
    355,
    355,
    355,
    355,
    355,
    355,
    355,
    355,
    355,
    355,
    355,
    355,
    355,
    355,
    355,
    355,
    355,
    355,
    355,
    355,
    355,
    355,
    355,
    355,
    355,
    355,
    355,
    355,
    355,
    355,
    355,
    355,
    355,
    355,
    355,
    355,
    355,
    355,
    355,
    355,
    355,
    355,
    355,
    355,
    355,
    355,
    355,
    355,
    355,
    355,
    355,
    355,
    355,
    355,
    355,
    355,
    355,
    355,
    355,
    355,
    355,
    355,
    355,
    355,
    355,
    355,
    355,
    355,
    355,
    355,
    355,
    355,
    355,
    355,
    355,
    355,
    355,
    355,
    355,
    355,
    355,
    355,
    355,
    355,
    355,
    355,
    355,
    355,
    355,
    355,
    355,
    355,
    355,
    355,
    355,
    355,
    355,
    355,
    355,
    355,
    355,
    355,
    355,
    355,
    355,
    355,
    355,
    355,
    355,
    355,
    355,
    355,
    355,
    355,
    355,
    355,
    355,
    355,
    355,
    355,
    355,
    355,
    355,
    355,
    355,
    355,
    355,
    355,
    355,
    355,
    355,
    355,
    355,
    355,
    355,
    355
  ]
}