{
  "values": [
    105.65251,
    198.30164,
    476.6083,
    974.4885,
    768.50183,
    447.481,
    309.46356,
    485.06396,
    507.38797,
    561.8733,
    674.9625,
    566.0976,
    290.49237,
    195.14545,
    233.63278,
    453.6971,
    439.0267,
    226.60114,
    163.76218,
    176.51904,
    159.79619,
    144.93143,
    189.6367,
    162.64488,
    173.86348,
    143.35245,
    133.80905,
    175.7492,
    194.04597,
    181.63196,
    139.8775,
    116.91253,
    135.14659,
    185.46196,
    307.64944,
    266.93115,
    180.93086,
    208.41405,
    295.4441,
    269.19327,
    214.52881,
    176.63045,
    202.91794,
    183.49713,
    133.8395,
    154.1516,
    145.53108,
    148.63095,
    146.14067,
    121.95843,
    121.95843,
    144.9591,
    182.21913,
    153.92276,
    120.99367,
    190.36745,
    224.06714,
    242.09279,
    213.93979,
    282.0865,
    177.96504,
    176.78053,
    144.54828,
    153.9861,
    176.46924,
    195.5808,
    137.8114,
    125.76799,
    136.51738,
    131.21156,
    78.58778,
    117.276276,
    95.194405,
    137.51848,
    130.08968,
    144.8121,
    151.31055,
    147.6757,
    135.21957,
    133.87027,
    142.50948,
    134.43149,
    127.72525,
    126.59435,
    107.41338,
    105.54437,
    156.60732,
    152.17322,
    137.42737,
    130.76192,
    121.19887,
    118.59686,
    132.85416,
    132.21164,
    132.70532,
    130.75233,
    124.28446,
    132.43619,
    131.34618,
    118.25554,
    110.84472,
    109.53169,
    108.19049,
    106.8243,
    105.15738,
    102.0796,
    99.325516,
    95.256355,
    90.322586,
    85.34021,
    101.82983,
    109.1679,
    136.39723,
    432.2957,
    394.3712,
    414.0252,
    422.76553,
    395.6135,
    801.73364,
    822.66547,
    727.38873,
    628.9039,
    546.1234,
    509.96173,
    471.62213,
    242.3346,
    298.6502,
    232.2959,
    270.63364,
    334.25412,
    270.32858,
    253.45993,
    216.25876,
    196.43213,
    205.55594,
    242.55869,
    218.94615,
    143.58922,
    198.57877,
    304.6036,
    254.11258,
    256.07413,
    288.48846,
    372.90717,
    513.8939,
    594.8328,
    642.6545,
    831.4954,
    529.1433,
    671.0708,
    910.4361,
    895.2981,
    858.57947,
    769.3542,
    406.85037,
    335.4203,
    406.96152,
    522.7391,
    462.318,
    297.5666,
    481.71588,
    637.28253
  ],
  "years": [
    1861,
    1862,
    1863,
    1864,
    1865,
    1866,
    1867,
    1868,
    1869,
    1870,
    1871,
    1872,
    1873,
    1874,
    1875,
    1876,
    1877,
    1878,
    1879,
    1880,
    1881,
    1882,
    1883,
    1884,
    1885,
    1886,
    1887,
    1888,
    1889,
    1890,
    1891,
    1892,
    1893,
    1894,
    1895,
    1896,
    1897,
    1898,
    1899,
    1900,
    1901,
    1902,
    1903,
    1904,
    1905,
    1906,
    1907,
    1908,
    1909,
    1910,
    1911,
    1912,
    1913,
    1914,
    1915,
    1916,
    1917,
    1918,
    1919,
    1920,
    1921,
    1922,
    1923,
    1924,
    1925,
    1926,
    1927,
    1928,
    1929,
    1930,
    1931,
    1932,
    1933,
    1934,
    1935,
    1936,
    1937,
    1938,
    1939,
    1940,
    1941,
    1942,
    1943,
    1944,
    1945,
    1946,
    1947,
    1948,
    1949,
    1950,
    1951,
    1952,
    1953,
    1954,
    1955,
    1956,
    1957,
    1958,
    1959,
    1960,
    1961,
    1962,
    1963,
    1964,
    1965,
    1966,
    1967,
    1968,
    1969,
    1970,
    1971,
    1972,
    1973,
    1974,
    1975,
    1976,
    1977,
    1978,
    1979,
    1980,
    1981,
    1982,
    1983,
    1984,
    1985,
    1986,
    1987,
    1988,
    1989,
    1990,
    1991,
    1992,
    1993,
    1994,
    1995,
    1996,
    1997,
    1998,
    1999,
    2000,
    2001,
    2002,
    2003,
    2004,
    2005,
    2006,
    2007,
    2008,
    2009,
    2010,
    2011,
    2012,
    2013,
    2014,
    2015,
    2016,
    2017,
    2018,
    2019,
    2020,
    2021,
    2022
  ],
  "entities": [
    355,
    355,
    355,
    355,
    355,
    355,
    355,
    355,
    355,
    355,
    355,
    355,
    355,
    355,
    355,
    355,
    355,
    355,
    355,
    355,
    355,
    355,
    355,
    355,
    355,
    355,
    355,
    355,
    355,
    355,
    355,
    355,
    355,
    355,
    355,
    355,
    355,
    355,
    355,
    355,
    355,
    355,
    355,
    355,
    355,
    355,
    355,
    355,
    355,
    355,
    355,
    355,
    355,
    355,
    355,
    355,
    355,
    355,
    355,
    355,
    355,
    355,
    355,
    355,
    355,
    355,
    355,
    355,
    355,
    355,
    355,
    355,
    355,
    355,
    355,
    355,
    355,
    355,
    355,
    355,
    355,
    355,
    355,
    355,
    355,
    355,
    355,
    355,
    355,
    355,
    355,
    355,
    355,
    355,
    355,
    355,
    355,
    355,
    355,
    355,
    355,
    355,
    355,
    355,
    355,
    355,
    355,
    355,
    355,
    355,
    355,
    355,
    355,
    355,
    355,
    355,
    355,
    355,
    355,
    355,
    355,
    355,
    355,
    355,
    355,
    355,
    355,
    355,
    355,
    355,
    355,
    355,
    355,
    355,
    355,
    355,
    355,
    355,
    355,
    355,
    355,
    355,
    355,
    355,
    355,
    355,
    355,
    355,
    355,
    355,
    355,
    355,
    355,
    355,
    355,
    355,
    355,
    355,
    355,
    355,
    355,
    355
  ]
}