{
  "values": [
    109.98432,
    206.43213,
    496.14948,
    1014.4431,
    800.0108,
    465.82794,
    322.15173,
    504.95184,
    528.19116,
    584.9104,
    702.63635,
    589.30786,
    302.4027,
    203.1465,
    243.21185,
    472.29895,
    457.02707,
    235.89192,
    170.4765,
    183.75642,
    166.34792,
    150.87369,
    197.41191,
    169.3134,
    180.99197,
    149.22998,
    139.2953,
    182.95502,
    202.00195,
    189.07898,
    145.61255,
    121.70602,
    140.68768,
    193.06601,
    320.26324,
    277.87546,
    188.34912,
    216.95914,
    307.55743,
    280.23035,
    223.32462,
    183.87239,
    211.2377,
    191.02061,
    139.32698,
    160.4719,
    151.49792,
    154.72491,
    152.1325,
    126.95879,
    126.95879,
    150.9025,
    189.69023,
    160.23369,
    125.954475,
    198.1726,
    233.25404,
    252.01872,
    222.71146,
    293.6522,
    185.2617,
    184.02863,
    150.47482,
    160.29962,
    183.70456,
    203.59972,
    143.46175,
    130.92455,
    142.11469,
    136.59131,
    81.80994,
    122.08467,
    99.09743,
    143.15681,
    135.42342,
    150.7495,
    157.51436,
    153.7305,
    140.76364,
    139.35902,
    148.35243,
    139.94324,
    132.96207,
    131.78479,
    111.8174,
    109.87175,
    163.0283,
    158.4124,
    143.06198,
    136.12321,
    126.16809,
    123.4594,
    138.30124,
    137.63239,
    138.14632,
    136.07117,
    129.62465,
    138.13495,
    136.7528,
    123.12332,
    115.407455,
    114.04037,
    112.64396,
    111.22153,
    109.48599,
    106.28153,
    103.41408,
    99.17742,
    94.04056,
    88.85309,
    106.02148,
    113.661606,
    142.0118,
    450.0904,
    410.6048,
    431.0678,
    440.16794,
    411.89825,
    834.7356,
    856.5291,
    757.3305,
    654.79175,
    568.60376,
    530.9535,
    491.03568,
    252.30992,
    310.94366,
    241.85799,
    281.77383,
    348.01315,
    281.4562,
    263.8932,
    225.1607,
    204.51793,
    214.01732,
    252.54323,
    227.95872,
    149.49983,
    206.75294,
    317.14212,
    264.57272,
    266.61496,
    300.3636,
    388.2573,
    535.04755,
    619.3181,
    669.10834,
    865.7226,
    550.9246,
    698.6944,
    947.91266,
    932.1515,
    893.9215,
    801.0234,
    423.5977,
    349.22733,
    423.7134,
    544.2567,
    481.3486,
    309.81543,
    501.54495,
    663.51526,
    519.80347
  ],
  "years": [
    1861,
    1862,
    1863,
    1864,
    1865,
    1866,
    1867,
    1868,
    1869,
    1870,
    1871,
    1872,
    1873,
    1874,
    1875,
    1876,
    1877,
    1878,
    1879,
    1880,
    1881,
    1882,
    1883,
    1884,
    1885,
    1886,
    1887,
    1888,
    1889,
    1890,
    1891,
    1892,
    1893,
    1894,
    1895,
    1896,
    1897,
    1898,
    1899,
    1900,
    1901,
    1902,
    1903,
    1904,
    1905,
    1906,
    1907,
    1908,
    1909,
    1910,
    1911,
    1912,
    1913,
    1914,
    1915,
    1916,
    1917,
    1918,
    1919,
    1920,
    1921,
    1922,
    1923,
    1924,
    1925,
    1926,
    1927,
    1928,
    1929,
    1930,
    1931,
    1932,
    1933,
    1934,
    1935,
    1936,
    1937,
    1938,
    1939,
    1940,
    1941,
    1942,
    1943,
    1944,
    1945,
    1946,
    1947,
    1948,
    1949,
    1950,
    1951,
    1952,
    1953,
    1954,
    1955,
    1956,
    1957,
    1958,
    1959,
    1960,
    1961,
    1962,
    1963,
    1964,
    1965,
    1966,
    1967,
    1968,
    1969,
    1970,
    1971,
    1972,
    1973,
    1974,
    1975,
    1976,
    1977,
    1978,
    1979,
    1980,
    1981,
    1982,
    1983,
    1984,
    1985,
    1986,
    1987,
    1988,
    1989,
    1990,
    1991,
    1992,
    1993,
    1994,
    1995,
    1996,
    1997,
    1998,
    1999,
    2000,
    2001,
    2002,
    2003,
    2004,
    2005,
    2006,
    2007,
    2008,
    2009,
    2010,
    2011,
    2012,
    2013,
    2014,
    2015,
    2016,
    2017,
    2018,
    2019,
    2020,
    2021,
    2022,
    2023
  ],
  "entities": [
    355,
    355,
    355,
    355,
    355,
    355,
    355,
    355,
    355,
    355,
    355,
    355,
    355,
    355,
    355,
    355,
    355,
    355,
    355,
    355,
    355,
    355,
    355,
    355,
    355,
    355,
    355,
    355,
    355,
    355,
    355,
    355,
    355,
    355,
    355,
    355,
    355,
    355,
    355,
    355,
    355,
    355,
    355,
    355,
    355,
    355,
    355,
    355,
    355,
    355,
    355,
    355,
    355,
    355,
    355,
    355,
    355,
    355,
    355,
    355,
    355,
    355,
    355,
    355,
    355,
    355,
    355,
    355,
    355,
    355,
    355,
    355,
    355,
    355,
    355,
    355,
    355,
    355,
    355,
    355,
    355,
    355,
    355,
    355,
    355,
    355,
    355,
    355,
    355,
    355,
    355,
    355,
    355,
    355,
    355,
    355,
    355,
    355,
    355,
    355,
    355,
    355,
    355,
    355,
    355,
    355,
    355,
    355,
    355,
    355,
    355,
    355,
    355,
    355,
    355,
    355,
    355,
    355,
    355,
    355,
    355,
    355,
    355,
    355,
    355,
    355,
    355,
    355,
    355,
    355,
    355,
    355,
    355,
    355,
    355,
    355,
    355,
    355,
    355,
    355,
    355,
    355,
    355,
    355,
    355,
    355,
    355,
    355,
    355,
    355,
    355,
    355,
    355,
    355,
    355,
    355,
    355,
    355,
    355,
    355,
    355,
    355,
    355
  ]
}