{
  "values": [
    35.470196,
    35.138138,
    34.098454,
    33.259445,
    33.607281,
    33.817596,
    33.796104,
    35.751034,
    36.595867,
    33.340775,
    34.351154,
    40.591152,
    36.995556,
    29.952902,
    29.715303,
    28.820492,
    35.328899,
    43.504532,
    44.535027,
    31.295204,
    30.238762,
    33.549496,
    31.677502,
    41.275074,
    32.233624,
    43.769634,
    27.088884,
    46.549114,
    43.948814,
    38.793407,
    45.114658,
    33.755161,
    58.615334,
    45.971485,
    36.219318,
    35.507668,
    33.419785,
    30.799654,
    46.398121,
    35.37767,
    46.016373,
    54.235046,
    35.279675,
    42.942696,
    36.791023,
    46.851677,
    44.144787,
    24.034107,
    40.060078,
    40.759857,
    40.238667,
    35.829685,
    41.163857,
    45.999832,
    37.703506,
    30.729776,
    31.003124,
    51.704437,
    35.251839,
    66.58017,
    32.745991,
    37.580029,
    33.036907,
    30.875874,
    34.065483,
    29.526703,
    40.347549,
    48.707939,
    34.415417,
    48.890747,
    36.210571,
    42.985165,
    43.706383,
    46.12714,
    43.791668,
    45.887325,
    30.728018,
    32.103096,
    46.108742,
    33.975979,
    42.68906,
    37.055157,
    32.811588,
    48.123367,
    43.843788,
    39.611427,
    26.753014,
    31.945333,
    45.297771,
    32.236389,
    33.011059,
    35.652023,
    43.737831,
    41.740593,
    36.768715,
    36.592113,
    36.079754,
    54.381935,
    36.939785,
    26.747513,
    32.156956,
    46.992088,
    39.052689,
    26.228697,
    48.96497,
    35.090034,
    37.329964,
    40.55669,
    37.318645,
    34.31216,
    45.864735,
    34.483536,
    38.040379,
    35.807468,
    43.337105,
    48.767445,
    47.317905,
    43.933289,
    33.590675,
    44.63081,
    36.215519,
    38.735611,
    47.236904,
    40.019592,
    42.278816,
    44.083012,
    32.32373,
    36.842346,
    32.883823,
    43.75103,
    33.652901,
    32.765923,
    35.473503,
    34.979664,
    45.247986,
    42.256557,
    48.784889,
    53.344723,
    46.683258,
    43.555542,
    45.718666,
    43.412861,
    53.850979,
    22.994432,
    44.004444,
    41.529484,
    31.788488,
    35.206573,
    36.662289,
    32.923374,
    34.988014,
    31.759167,
    42.556721,
    31.548214,
    42.509727,
    30.852434,
    42.301579,
    49.110992,
    43.485371,
    43.027451,
    26.710972
  ],
  "years": [
    2015,
    2015,
    2015,
    2015,
    2015,
    2015,
    2015,
    2015,
    2015,
    2015,
    2015,
    2015,
    2015,
    2015,
    2015,
    2015,
    2015,
    2015,
    2015,
    2015,
    2015,
    2015,
    2015,
    2015,
    2015,
    2015,
    2015,
    2015,
    2015,
    2015,
    2015,
    2015,
    2015,
    2015,
    2015,
    2015,
    2015,
    2015,
    2015,
    2015,
    2015,
    2015,
    2015,
    2015,
    2015,
    2015,
    2015,
    2015,
    2015,
    2015,
    2015,
    2015,
    2015,
    2015,
    2015,
    2015,
    2015,
    2015,
    2015,
    2015,
    2015,
    2015,
    2015,
    2015,
    2015,
    2015,
    2015,
    2015,
    2015,
    2015,
    2015,
    2015,
    2015,
    2015,
    2015,
    2015,
    2015,
    2015,
    2015,
    2015,
    2015,
    2015,
    2015,
    2015,
    2015,
    2015,
    2015,
    2015,
    2015,
    2015,
    2015,
    2015,
    2015,
    2015,
    2015,
    2015,
    2015,
    2015,
    2015,
    2015,
    2015,
    2015,
    2015,
    2015,
    2015,
    2015,
    2015,
    2015,
    2015,
    2015,
    2015,
    2015,
    2015,
    2015,
    2015,
    2015,
    2015,
    2015,
    2015,
    2015,
    2015,
    2015,
    2015,
    2015,
    2015,
    2015,
    2015,
    2015,
    2015,
    2015,
    2015,
    2015,
    2015,
    2015,
    2015,
    2015,
    2015,
    2015,
    2015,
    2015,
    2015,
    2015,
    2015,
    2015,
    2015,
    2015,
    2015,
    2015,
    2015,
    2015,
    2015,
    2015,
    2015,
    2015,
    2015,
    2015,
    2015,
    2015,
    2015,
    2015,
    2015
  ],
  "entities": [
    1,
    2,
    3,
    4,
    5,
    6,
    7,
    8,
    9,
    10,
    11,
    12,
    13,
    14,
    15,
    16,
    17,
    19,
    21,
    22,
    23,
    24,
    25,
    26,
    28,
    29,
    30,
    31,
    32,
    33,
    34,
    35,
    36,
    37,
    39,
    40,
    41,
    42,
    43,
    44,
    45,
    60,
    62,
    63,
    64,
    65,
    66,
    67,
    68,
    69,
    70,
    71,
    73,
    74,
    75,
    76,
    77,
    78,
    79,
    81,
    83,
    84,
    85,
    86,
    87,
    88,
    89,
    91,
    92,
    94,
    95,
    96,
    97,
    98,
    99,
    100,
    101,
    102,
    103,
    104,
    105,
    106,
    107,
    108,
    109,
    110,
    111,
    112,
    113,
    114,
    115,
    116,
    117,
    118,
    119,
    121,
    122,
    123,
    125,
    126,
    127,
    129,
    130,
    131,
    132,
    133,
    135,
    136,
    137,
    138,
    139,
    140,
    141,
    142,
    143,
    144,
    145,
    146,
    147,
    148,
    149,
    150,
    151,
    152,
    153,
    154,
    155,
    156,
    158,
    160,
    161,
    162,
    163,
    165,
    166,
    167,
    168,
    169,
    170,
    171,
    172,
    173,
    174,
    198,
    201,
    202,
    207,
    210,
    211,
    212,
    213,
    215,
    222,
    225,
    229,
    232,
    233,
    234,
    238,
    259,
    379
  ]
}