{
  "values": [
    113.22834,
    212.52087,
    510.78357,
    1044.3644,
    823.60736,
    479.5677,
    331.65366,
    519.8455,
    543.7703,
    602.1625,
    723.3608,
    606.6897,
    311.32217,
    209.13837,
    250.38544,
    486.22952,
    470.5072,
    242.84961,
    175.50476,
    189.17638,
    171.2544,
    155.32376,
    203.23463,
    174.30736,
    186.33038,
    153.63156,
    143.40385,
    188.35132,
    207.96007,
    194.65591,
    149.90742,
    125.29575,
    144.8373,
    198.76054,
    329.70947,
    286.07144,
    193.90454,
    223.3584,
    316.6289,
    288.4958,
    229.91165,
    189.29575,
    217.46819,
    196.65482,
    143.43646,
    165.20505,
    155.9664,
    159.28856,
    156.6197,
    130.70348,
    130.70348,
    155.35341,
    195.28519,
    164.95982,
    129.66953,
    204.01776,
    240.13391,
    259.45206,
    229.28036,
    302.3135,
    190.72604,
    189.4566,
    154.91313,
    165.0277,
    189.12297,
    209.60492,
    147.69319,
    134.7862,
    146.30638,
    140.6201,
    84.22294,
    125.68559,
    102.02033,
    147.37926,
    139.41777,
    155.19588,
    162.16028,
    158.26482,
    144.9155,
    143.46945,
    152.72813,
    144.0709,
    136.8838,
    135.67181,
    115.11548,
    113.11245,
    167.83687,
    163.08481,
    147.28162,
    140.1382,
    129.88945,
    127.10086,
    142.38048,
    141.69188,
    142.22098,
    140.08461,
    133.44795,
    142.20927,
    140.78636,
    126.75488,
    118.811424,
    117.404015,
    115.96642,
    114.502045,
    112.71532,
    109.41633,
    106.4643,
    102.102684,
    96.814316,
    91.47383,
    109.148605,
    117.01407,
    146.20047,
    463.3659,
    422.71573,
    443.78226,
    453.1508,
    424.0473,
    859.3564,
    881.7926,
    779.66815,
    674.105,
    585.3748,
    546.6141,
    505.51892,
    259.75183,
    320.11502,
    248.99164,
    290.08484,
    358.2779,
    289.75784,
    271.6768,
    231.8019,
    210.55025,
    220.32979,
    259.99207,
    234.6824,
    153.90936,
    212.85115,
    326.4963,
    272.37637,
    274.47885,
    309.2229,
    399.70905,
    550.82886,
    637.5851,
    688.8439,
    891.25726,
    567.1743,
    719.3025,
    975.87164,
    959.64557,
    920.28796,
    824.64984,
    436.0918,
    359.52786,
    436.21097,
    560.30975,
    495.54608,
    318.95352,
    516.33813,
    683.0858,
    535.13525,
    507.96426
  ],
  "years": [
    1861,
    1862,
    1863,
    1864,
    1865,
    1866,
    1867,
    1868,
    1869,
    1870,
    1871,
    1872,
    1873,
    1874,
    1875,
    1876,
    1877,
    1878,
    1879,
    1880,
    1881,
    1882,
    1883,
    1884,
    1885,
    1886,
    1887,
    1888,
    1889,
    1890,
    1891,
    1892,
    1893,
    1894,
    1895,
    1896,
    1897,
    1898,
    1899,
    1900,
    1901,
    1902,
    1903,
    1904,
    1905,
    1906,
    1907,
    1908,
    1909,
    1910,
    1911,
    1912,
    1913,
    1914,
    1915,
    1916,
    1917,
    1918,
    1919,
    1920,
    1921,
    1922,
    1923,
    1924,
    1925,
    1926,
    1927,
    1928,
    1929,
    1930,
    1931,
    1932,
    1933,
    1934,
    1935,
    1936,
    1937,
    1938,
    1939,
    1940,
    1941,
    1942,
    1943,
    1944,
    1945,
    1946,
    1947,
    1948,
    1949,
    1950,
    1951,
    1952,
    1953,
    1954,
    1955,
    1956,
    1957,
    1958,
    1959,
    1960,
    1961,
    1962,
    1963,
    1964,
    1965,
    1966,
    1967,
    1968,
    1969,
    1970,
    1971,
    1972,
    1973,
    1974,
    1975,
    1976,
    1977,
    1978,
    1979,
    1980,
    1981,
    1982,
    1983,
    1984,
    1985,
    1986,
    1987,
    1988,
    1989,
    1990,
    1991,
    1992,
    1993,
    1994,
    1995,
    1996,
    1997,
    1998,
    1999,
    2000,
    2001,
    2002,
    2003,
    2004,
    2005,
    2006,
    2007,
    2008,
    2009,
    2010,
    2011,
    2012,
    2013,
    2014,
    2015,
    2016,
    2017,
    2018,
    2019,
    2020,
    2021,
    2022,
    2023,
    2024
  ],
  "entities": [
    355,
    355,
    355,
    355,
    355,
    355,
    355,
    355,
    355,
    355,
    355,
    355,
    355,
    355,
    355,
    355,
    355,
    355,
    355,
    355,
    355,
    355,
    355,
    355,
    355,
    355,
    355,
    355,
    355,
    355,
    355,
    355,
    355,
    355,
    355,
    355,
    355,
    355,
    355,
    355,
    355,
    355,
    355,
    355,
    355,
    355,
    355,
    355,
    355,
    355,
    355,
    355,
    355,
    355,
    355,
    355,
    355,
    355,
    355,
    355,
    355,
    355,
    355,
    355,
    355,
    355,
    355,
    355,
    355,
    355,
    355,
    355,
    355,
    355,
    355,
    355,
    355,
    355,
    355,
    355,
    355,
    355,
    355,
    355,
    355,
    355,
    355,
    355,
    355,
    355,
    355,
    355,
    355,
    355,
    355,
    355,
    355,
    355,
    355,
    355,
    355,
    355,
    355,
    355,
    355,
    355,
    355,
    355,
    355,
    355,
    355,
    355,
    355,
    355,
    355,
    355,
    355,
    355,
    355,
    355,
    355,
    355,
    355,
    355,
    355,
    355,
    355,
    355,
    355,
    355,
    355,
    355,
    355,
    355,
    355,
    355,
    355,
    355,
    355,
    355,
    355,
    355,
    355,
    355,
    355,
    355,
    355,
    355,
    355,
    355,
    355,
    355,
    355,
    355,
    355,
    355,
    355,
    355,
    355,
    355,
    355,
    355,
    355,
    355
  ]
}