{
  "values": [
    75.06887,
    0.69473755,
    2.6437001,
    88.17215,
    0.45685345,
    0.26842234,
    16.543718,
    6.8246255,
    69.2063,
    12.576782,
    17.643833,
    32.922546,
    14.178968,
    79.44242,
    80.65474,
    21.312223,
    71.05762,
    93.6542,
    90.41591,
    6.1650186,
    17.573715,
    23.501358,
    56.25957,
    87.019135,
    0.82292217,
    64.278015,
    1.6740533,
    5.109956,
    5.115525,
    6.3122554,
    15.679466,
    8.856447,
    79.69384,
    2.3092442,
    35.55799,
    67.49927,
    0.68155724,
    38.30219,
    41.340317,
    86.391426,
    80.99963,
    1.8528768,
    57.578846,
    19.088676,
    21.237667,
    5.2545376,
    12.631524,
    3.7798684,
    0.96973807,
    0.7549293,
    33.904915,
    28.927294,
    1.212742,
    24.003952,
    35.893208,
    75.41973,
    1.8869392,
    76.380684,
    55.13568,
    0.9193238,
    79.70179,
    84.86952,
    7.282398,
    15.853347,
    1.3355192,
    14.343345,
    77.91274,
    47.836773,
    61.1777,
    29.061922,
    89.38958,
    49.388824,
    0.36790925,
    49.82112,
    1.1366194,
    61.46438,
    10.30003,
    18.857145,
    5.4431148,
    54.754772,
    6.866237,
    12.3651285,
    65.87544,
    0.26716027,
    77.51286,
    11.293816,
    3.2950692,
    64.02561,
    8.026961,
    8.68016,
    59.07041,
    0.6343522,
    58.903984,
    54.38601,
    1.1315813,
    0.4820591,
    1.8782831,
    0.28659958,
    2.3882425,
    65.02047,
    2.2717562,
    32.089073,
    2.4999743,
    47.985207,
    65.59669,
    35.346878
  ],
  "years": [
    2022,
    2017,
    2018,
    2015,
    2015,
    2023,
    2022,
    2015,
    2021,
    2022,
    2023,
    2015,
    2015,
    2021,
    2016,
    2021,
    2018,
    2018,
    2019,
    2014,
    2015,
    2022,
    2014,
    2017,
    2018,
    2021,
    2019,
    2019,
    2018,
    2014,
    2014,
    2021,
    2019,
    2021,
    2019,
    2019,
    2018,
    2022,
    2014,
    2018,
    2018,
    2019,
    2016,
    2019,
    2019,
    2017,
    2018,
    2018,
    2023,
    2015,
    2022,
    2018,
    2023,
    2023,
    2023,
    2019,
    2014,
    2021,
    2019,
    2016,
    2018,
    2019,
    2023,
    2018,
    2018,
    2017,
    2022,
    2015,
    2013,
    2022,
    2021,
    2021,
    2018,
    2017,
    2019,
    2016,
    2016,
    2023,
    2022,
    2019,
    2019,
    2019,
    2023,
    2019,
    2019,
    2016,
    2016,
    2014,
    2018,
    2017,
    2022,
    2022,
    2016,
    2017,
    2019,
    2022,
    2023,
    2019,
    2019,
    2016,
    2021,
    2023,
    2020,
    2022,
    2018,
    2019
  ],
  "entities": [
    15,
    16,
    17,
    19,
    22,
    25,
    28,
    31,
    32,
    33,
    34,
    36,
    37,
    40,
    41,
    42,
    43,
    174,
    173,
    171,
    170,
    169,
    168,
    167,
    166,
    143,
    164,
    160,
    201,
    65,
    259,
    78,
    158,
    202,
    153,
    151,
    152,
    150,
    148,
    147,
    94,
    146,
    145,
    139,
    137,
    136,
    134,
    132,
    130,
    131,
    129,
    204,
    126,
    125,
    123,
    121,
    120,
    118,
    117,
    211,
    115,
    114,
    113,
    112,
    215,
    110,
    109,
    142,
    108,
    107,
    104,
    103,
    66,
    101,
    140,
    99,
    98,
    97,
    96,
    91,
    239,
    232,
    89,
    88,
    87,
    81,
    141,
    79,
    234,
    76,
    64,
    75,
    225,
    74,
    235,
    73,
    71,
    69,
    237,
    68,
    62,
    221,
    84,
    61,
    60,
    80
  ]
}