{
  "values": [
    0.09259259,
    0.1,
    0.18181819,
    0.2,
    0.18867925,
    0.2997003,
    0.2994012,
    0.2,
    0.37313432,
    0.5,
    0.2997003,
    0.998004,
    0.09259259,
    0.1,
    0.09920635,
    0.2,
    0.3,
    0.2,
    0.19493178,
    0.0990099,
    0.5660377,
    0.2997003,
    0.21569157,
    0.057142857,
    0.6,
    0.2,
    0.09174312,
    0.4,
    0.2,
    0.8,
    0.0997009,
    0.3710575,
    0.999001,
    0.3,
    0.8991009,
    0.3976143,
    0.8333333,
    1.0989012,
    0.18691589,
    0.18518518,
    0.1998002,
    0.1980198,
    0.1,
    0.09259259,
    0.1,
    0.9649123,
    0.3,
    1.1,
    0.29850745,
    0.3992016,
    0.0996016,
    0.18518518,
    1.0660349,
    0.3,
    0.36563072,
    0.09407338,
    0.19900498,
    0.19782394,
    1.2,
    0.2,
    3.5643563,
    0.2777778,
    1.7,
    0.2997003,
    0.09191176,
    0.5,
    0.09259259,
    0.4,
    0.0990099,
    0.2979146,
    0.094339624,
    0.099108025,
    0.2,
    0.1,
    0.7992008,
    0.6,
    0.2,
    0.1,
    0.2994012,
    0.3,
    0.4,
    0.36363637,
    0.4,
    0.0996016,
    0.3,
    0.1,
    0.099403575,
    1.1111112,
    1.1881188,
    0.1,
    0.1,
    0.09259259,
    0.73327225,
    0.2,
    0.37037036,
    0.69790626,
    0.55607045,
    0.1998002,
    0.2,
    1,
    0.1,
    0.2994012,
    0.18518518,
    0.2997003,
    0.18450184,
    0.09995002,
    0.09746589,
    0.2,
    0.088261254,
    1.3986014,
    0.09881423,
    0.46296296,
    0.09930486,
    0.28301886,
    0.39100686,
    0.1992032,
    0.6463527,
    0.49800798,
    0.1,
    0.1,
    0.9,
    0.09259259,
    0.2,
    0.1,
    1.1,
    0.58083254,
    0.1,
    0.1,
    0.1,
    0.0944287,
    1,
    0.1,
    0.09259259,
    0.2,
    0.0996016,
    0.1,
    0.09861933,
    0.39800996,
    1.7592592,
    0.4,
    0.09259259,
    0.5555556,
    0.2,
    0.0998004,
    0.1,
    0.1
  ],
  "years": [
    2019,
    2021,
    2019,
    2021,
    2019,
    2021,
    2021,
    2021,
    2019,
    2021,
    2021,
    2021,
    2019,
    2021,
    2021,
    2019,
    2019,
    2021,
    2019,
    2021,
    2019,
    2021,
    2019,
    2021,
    2019,
    2021,
    2019,
    2021,
    2019,
    2021,
    2021,
    2019,
    2021,
    2019,
    2021,
    2021,
    2019,
    2021,
    2019,
    2019,
    2021,
    2019,
    2021,
    2019,
    2021,
    2019,
    2021,
    2019,
    2021,
    2019,
    2021,
    2019,
    2019,
    2021,
    2019,
    2021,
    2019,
    2021,
    2019,
    2019,
    2021,
    2019,
    2021,
    2019,
    2019,
    2021,
    2019,
    2021,
    2021,
    2021,
    2019,
    2021,
    2021,
    2021,
    2019,
    2021,
    2021,
    2021,
    2021,
    2019,
    2021,
    2019,
    2021,
    2021,
    2021,
    2021,
    2019,
    2019,
    2021,
    2019,
    2021,
    2019,
    2019,
    2021,
    2019,
    2021,
    2019,
    2021,
    2019,
    2021,
    2021,
    2021,
    2019,
    2021,
    2019,
    2021,
    2021,
    2021,
    2019,
    2021,
    2021,
    2019,
    2021,
    2019,
    2021,
    2021,
    2019,
    2021,
    2019,
    2019,
    2021,
    2019,
    2021,
    2021,
    2019,
    2021,
    2021,
    2019,
    2021,
    2019,
    2021,
    2019,
    2019,
    2021,
    2019,
    2021,
    2019,
    2021,
    2019,
    2021,
    2019,
    2019,
    2021,
    2019,
    2019,
    2021
  ],
  "entities": [
    16,
    16,
    17,
    17,
    21,
    21,
    22,
    23,
    28,
    28,
    4,
    34,
    35,
    35,
    39,
    40,
    43,
    43,
    44,
    44,
    172,
    172,
    171,
    171,
    170,
    170,
    366024,
    366024,
    166,
    166,
    165,
    160,
    160,
    201,
    201,
    65,
    259,
    259,
    153,
    152,
    152,
    150,
    150,
    149,
    149,
    147,
    147,
    139,
    139,
    144,
    144,
    138,
    137,
    137,
    136,
    136,
    135,
    135,
    2,
    143,
    132,
    131,
    131,
    129,
    379,
    379,
    126,
    125,
    124,
    119,
    116,
    116,
    115,
    213,
    113,
    113,
    111,
    112,
    110,
    109,
    109,
    142,
    142,
    108,
    107,
    5,
    106,
    105,
    105,
    103,
    103,
    66,
    101,
    101,
    100,
    100,
    98,
    98,
    97,
    97,
    96,
    11,
    92,
    92,
    12,
    12,
    90,
    89,
    87,
    87,
    86,
    85,
    85,
    81,
    81,
    127,
    141,
    141,
    10,
    198,
    198,
    76,
    76,
    64,
    75,
    75,
    74,
    71,
    71,
    70,
    70,
    68,
    67,
    67,
    72,
    1,
    13,
    13,
    63,
    63,
    62,
    238,
    238,
    84,
    60,
    60
  ]
}