{
  "values": [
    1.2,
    0.1,
    0.18450184,
    0.09861933,
    0.09259259,
    0.18181819,
    0.18867925,
    0.37313432,
    0.09259259,
    0.2,
    0.3,
    0.19493178,
    0.1,
    0.09259259,
    1.7592592,
    0.09259259,
    0.09259259,
    0.1,
    0.0944287,
    0.1,
    0.0996016,
    1.1,
    0.09259259,
    0.28301886,
    0.0998004,
    0.46296296,
    0.088261254,
    0.18518518,
    0.2,
    0.55607045,
    0.37037036,
    0.73327225,
    0.1,
    1.1111112,
    0.099403575,
    0.3,
    0.7992008,
    0.094339624,
    0.09259259,
    0.2997003,
    0.2777778,
    0.19900498,
    0.36563072,
    1.0660349,
    0.18518518,
    1.1,
    0.6463527,
    0.36363637,
    0.2,
    0.3992016,
    0.9649123,
    0.09259259,
    0.1980198,
    0.18518518,
    0.18691589,
    0.3710575,
    0.2,
    0.6,
    0.21569157,
    0.5660377,
    0.1,
    0.3,
    0.5555556,
    0.8333333,
    0.09191176,
    0.09174312,
    0.1,
    0.2997003,
    0.1,
    0.2994012,
    0.09995002,
    0.39800996,
    0.1,
    0.2,
    0.2997003,
    0.2994012,
    0.2,
    0.5,
    0.998004,
    0.1,
    0.09920635,
    0.2,
    0.0990099,
    0.1,
    0.4,
    0.1,
    0.3976143,
    0.2,
    1,
    0.1,
    0.1,
    0.58083254,
    0.2,
    0.39100686,
    0.09930486,
    0.09881423,
    1.3986014,
    0.2,
    0.09746589,
    0.2997003,
    0.1,
    1,
    0.1998002,
    0.69790626,
    0.2,
    0.1,
    1.1881188,
    0.3,
    0.0996016,
    0.4,
    0.2994012,
    0.2,
    0.1,
    0.6,
    0.2,
    0.099108025,
    0.2979146,
    0.0990099,
    0.4,
    0.1992032,
    1.7,
    3.5643563,
    0.19782394,
    0.09407338,
    0.3,
    0.29850745,
    0.49800798,
    0.4,
    0.0996016,
    0.3,
    0.1,
    0.1,
    0.1998002,
    0.999001,
    0.0997009,
    0.8,
    0.2,
    0.057142857,
    0.2997003,
    0.9,
    0.8991009,
    0.1,
    0.2,
    1.0989012,
    0.5,
    0.4
  ],
  "years": [
    2019,
    2019,
    2019,
    2019,
    2019,
    2019,
    2019,
    2019,
    2019,
    2019,
    2019,
    2019,
    2019,
    2019,
    2019,
    2019,
    2019,
    2019,
    2019,
    2019,
    2019,
    2019,
    2019,
    2019,
    2019,
    2019,
    2019,
    2019,
    2019,
    2019,
    2019,
    2019,
    2019,
    2019,
    2019,
    2019,
    2019,
    2019,
    2019,
    2019,
    2019,
    2019,
    2019,
    2019,
    2019,
    2019,
    2019,
    2019,
    2019,
    2019,
    2019,
    2019,
    2019,
    2019,
    2019,
    2019,
    2019,
    2019,
    2019,
    2019,
    2019,
    2019,
    2019,
    2019,
    2019,
    2019,
    2021,
    2021,
    2021,
    2021,
    2021,
    2021,
    2021,
    2021,
    2021,
    2021,
    2021,
    2021,
    2021,
    2021,
    2021,
    2021,
    2021,
    2021,
    2021,
    2021,
    2021,
    2021,
    2021,
    2021,
    2021,
    2021,
    2021,
    2021,
    2021,
    2021,
    2021,
    2021,
    2021,
    2021,
    2021,
    2021,
    2021,
    2021,
    2021,
    2021,
    2021,
    2021,
    2021,
    2021,
    2021,
    2021,
    2021,
    2021,
    2021,
    2021,
    2021,
    2021,
    2021,
    2021,
    2021,
    2021,
    2021,
    2021,
    2021,
    2021,
    2021,
    2021,
    2021,
    2021,
    2021,
    2021,
    2021,
    2021,
    2021,
    2021,
    2021,
    2021,
    2021,
    2021,
    2021,
    2021,
    2021,
    2021,
    2021,
    2021
  ],
  "entities": [
    2,
    10,
    12,
    13,
    16,
    17,
    21,
    28,
    35,
    40,
    43,
    44,
    60,
    62,
    63,
    66,
    67,
    68,
    70,
    71,
    72,
    75,
    76,
    81,
    84,
    85,
    87,
    92,
    97,
    98,
    100,
    101,
    103,
    105,
    106,
    109,
    113,
    116,
    126,
    129,
    131,
    135,
    136,
    137,
    138,
    139,
    141,
    142,
    143,
    144,
    147,
    149,
    150,
    152,
    153,
    160,
    166,
    170,
    171,
    172,
    198,
    201,
    238,
    259,
    379,
    366024,
    1,
    4,
    5,
    11,
    12,
    13,
    16,
    17,
    21,
    22,
    23,
    28,
    34,
    35,
    39,
    43,
    44,
    60,
    63,
    64,
    65,
    67,
    70,
    71,
    74,
    75,
    76,
    81,
    85,
    86,
    87,
    89,
    90,
    92,
    96,
    97,
    98,
    100,
    101,
    103,
    105,
    107,
    108,
    109,
    110,
    111,
    112,
    113,
    115,
    116,
    119,
    124,
    125,
    127,
    131,
    132,
    135,
    136,
    137,
    139,
    141,
    142,
    144,
    147,
    149,
    150,
    152,
    160,
    165,
    166,
    170,
    171,
    172,
    198,
    201,
    213,
    238,
    259,
    379,
    366024
  ]
}