{
  "values": [
    31.391148,
    92.443008,
    19.764471,
    63.935822,
    71.847549,
    63.898323,
    70.399261,
    54.946201,
    68.781357,
    36.08128,
    72.033432,
    96.178093,
    89.281464,
    56.948425,
    82.821808,
    43.065559,
    85.47126,
    49.260792,
    47.488667,
    17.984985,
    63.609856,
    80.795982,
    88.941971,
    79.782074,
    89.035553,
    59.21616,
    23.584736,
    50.004696,
    39.132164,
    87.038612,
    23.125237,
    98.423485,
    58.703579,
    57.678234,
    33.759274,
    94.245949,
    73.090027,
    74.090401,
    75.194672,
    63.392479,
    63.537056,
    91.155418,
    93.506737,
    34.915222,
    31.26144,
    96.782524,
    91.856667,
    33.981361,
    56.92807,
    23.164919,
    62.267757,
    89.812828,
    22.187046,
    71.049835,
    74.273567,
    50.181503,
    90.598366,
    83.317772,
    89.02964,
    71.172676,
    87.356094,
    66.745529,
    93.615517,
    56.576157,
    87.102821,
    68.752983,
    83.573975,
    69.879585,
    87.255905,
    65.925529,
    37.422947,
    27.54994,
    68.842316,
    79.025093,
    75.50103,
    74.962067,
    53.728031,
    75.341522,
    65.525871,
    57.563751,
    94.307373,
    41.69183,
    40.375595,
    80.351547,
    92.974724,
    48.92173,
    60.102386,
    24.97999,
    74.063263,
    90.517548,
    53.353626,
    26.024845,
    75.973801,
    71.40033,
    47.198017,
    92.30204,
    83.792587,
    93.154366,
    70.588127,
    90.313492,
    41.796566,
    72.213737,
    31.978277,
    86.427933,
    57.221775,
    47.741749,
    86.402878,
    52.277405,
    88.912109,
    68.281517,
    78.652039,
    69.295052,
    25.723574,
    23.258827,
    61.038441,
    72.421028,
    78.066673,
    68.531349,
    94.53244,
    35.161858,
    74.822571,
    76.605003,
    71.07811,
    46.371723,
    86.14019,
    50.982296,
    56.716846,
    76.139679
  ],
  "years": [
    2000,
    2000,
    2000,
    2000,
    2000,
    2000,
    2000,
    2000,
    2000,
    2000,
    2000,
    2000,
    2000,
    2000,
    2000,
    2000,
    2000,
    2000,
    2000,
    2000,
    2000,
    2000,
    2000,
    2000,
    2000,
    2000,
    2000,
    2000,
    2000,
    2000,
    2000,
    2005,
    2005,
    2005,
    2005,
    2005,
    2005,
    2005,
    2005,
    2005,
    2005,
    2005,
    2005,
    2005,
    2005,
    2005,
    2005,
    2005,
    2005,
    2005,
    2005,
    2005,
    2005,
    2005,
    2005,
    2005,
    2005,
    2005,
    2005,
    2005,
    2005,
    2005,
    2005,
    2005,
    2005,
    2005,
    2005,
    2005,
    2005,
    2010,
    2010,
    2010,
    2010,
    2010,
    2010,
    2010,
    2010,
    2010,
    2010,
    2010,
    2010,
    2010,
    2010,
    2010,
    2010,
    2010,
    2010,
    2010,
    2010,
    2010,
    2010,
    2010,
    2010,
    2010,
    2010,
    2010,
    2010,
    2010,
    2010,
    2010,
    2010,
    2010,
    2010,
    2010,
    2010,
    2010,
    2010,
    2010,
    2010,
    2010,
    2010,
    2010,
    2010,
    2015,
    2015,
    2015,
    2015,
    2015,
    2015,
    2015,
    2015,
    2015,
    2015,
    2015,
    2015,
    2015,
    2015,
    2015
  ],
  "entities": [
    32,
    34,
    40,
    42,
    43,
    60,
    64,
    65,
    68,
    89,
    91,
    96,
    97,
    103,
    105,
    107,
    108,
    109,
    110,
    115,
    117,
    118,
    123,
    129,
    136,
    145,
    147,
    150,
    158,
    160,
    173,
    16,
    19,
    28,
    32,
    34,
    42,
    60,
    64,
    65,
    68,
    78,
    80,
    87,
    89,
    96,
    97,
    101,
    103,
    104,
    107,
    108,
    115,
    117,
    118,
    121,
    123,
    129,
    136,
    137,
    139,
    145,
    146,
    150,
    160,
    167,
    168,
    225,
    232,
    28,
    32,
    40,
    41,
    42,
    43,
    60,
    61,
    65,
    68,
    74,
    80,
    87,
    89,
    91,
    97,
    101,
    103,
    104,
    107,
    108,
    109,
    115,
    117,
    118,
    121,
    123,
    129,
    136,
    137,
    139,
    143,
    145,
    147,
    148,
    150,
    151,
    153,
    158,
    160,
    167,
    168,
    169,
    173,
    15,
    19,
    41,
    64,
    68,
    80,
    87,
    107,
    117,
    118,
    121,
    142,
    150,
    158,
    225
  ]
}