{
  "values": [
    -0.1208333,
    0.2225,
    -0.4475,
    0.10083333,
    0.02583333,
    -0.05,
    -1.1491667,
    -0.84,
    1.7033334,
    -0.0308333,
    1.5483333,
    3.5983334,
    4.304167,
    3.3625,
    1.8133333,
    -2.4808333,
    -2.4041667,
    2.6266668,
    0.48583332,
    -0.275,
    2.0975,
    2.3966668,
    -0.645,
    -2.9308333,
    1.7658334,
    3.4625,
    -0.5483333,
    -0.4733333,
    1.1433333,
    -0.3808333,
    -2.06,
    0.41833332,
    2.8366666,
    2.7808332,
    1.0941666,
    -1.9916667,
    -4.184167,
    0.075,
    -1.0416667,
    -6.69,
    -3.1191666,
    -3.5383334,
    -2.3208332,
    0.0725,
    -2.8858333,
    -4.25,
    1.6583333,
    3.1925,
    0.8908333,
    -0.1483333,
    2.0566666,
    2.37,
    2.135,
    0.815,
    1.245,
    1.3283334,
    1.6841667,
    -0.9258333,
    -2.8658333,
    -4.3308334,
    -4.4583335,
    -3.5866666,
    0.9175,
    2.7425,
    -0.34,
    0.01166667,
    0.8933333,
    0.01333333,
    -2.9341667,
    -1.0658333,
    0.7058333,
    -1.7583333,
    0.43666667,
    1.8008333,
    2.4975,
    0.74083334,
    0.61,
    1.975,
    4.8366666,
    3.4733334,
    3.7183332,
    -0.3516667,
    -1.1491667,
    0.9166667,
    2.2266667,
    -0.4,
    -0.7566667,
    3.3658333,
    5.005833,
    3.9491668,
    0.96416664,
    2.1366668,
    -0.5625,
    -3.4966667,
    -0.8475,
    0.03,
    1.1541667,
    1.1833333,
    4.3708334,
    2.1441667,
    2.7958333,
    2.7958333,
    4.3016667,
    1.55,
    -0.145,
    -4.4383335,
    -2.87,
    -2.06,
    0.5833333,
    1.3108333,
    0.09333333,
    -2.2058332,
    -1.6441667,
    0.35166666,
    1.2516667,
    3.0533333,
    -0.1583333,
    -4.0025,
    -0.2266667,
    1.2325,
    1.17,
    -0.08,
    -0.0116667,
    -0.25,
    4.713333,
    1.8408333
  ],
  "years": [
    1895,
    1896,
    1897,
    1898,
    1899,
    1900,
    1901,
    1902,
    1903,
    1904,
    1905,
    1906,
    1907,
    1908,
    1909,
    1910,
    1911,
    1912,
    1913,
    1914,
    1915,
    1916,
    1917,
    1918,
    1919,
    1920,
    1921,
    1922,
    1923,
    1924,
    1925,
    1926,
    1927,
    1928,
    1929,
    1930,
    1931,
    1932,
    1933,
    1934,
    1935,
    1936,
    1937,
    1938,
    1939,
    1940,
    1941,
    1942,
    1943,
    1944,
    1945,
    1946,
    1947,
    1948,
    1949,
    1950,
    1951,
    1952,
    1953,
    1954,
    1955,
    1956,
    1957,
    1958,
    1959,
    1960,
    1961,
    1962,
    1963,
    1964,
    1965,
    1966,
    1967,
    1968,
    1969,
    1970,
    1971,
    1972,
    1973,
    1974,
    1975,
    1976,
    1977,
    1978,
    1979,
    1980,
    1981,
    1982,
    1983,
    1984,
    1985,
    1986,
    1987,
    1988,
    1989,
    1990,
    1991,
    1992,
    1993,
    1994,
    1995,
    1996,
    1997,
    1998,
    1999,
    2000,
    2001,
    2002,
    2003,
    2004,
    2005,
    2006,
    2007,
    2008,
    2009,
    2010,
    2011,
    2012,
    2013,
    2014,
    2015,
    2016,
    2017,
    2018,
    2019,
    2020
  ],
  "entities": [
    13,
    13,
    13,
    13,
    13,
    13,
    13,
    13,
    13,
    13,
    13,
    13,
    13,
    13,
    13,
    13,
    13,
    13,
    13,
    13,
    13,
    13,
    13,
    13,
    13,
    13,
    13,
    13,
    13,
    13,
    13,
    13,
    13,
    13,
    13,
    13,
    13,
    13,
    13,
    13,
    13,
    13,
    13,
    13,
    13,
    13,
    13,
    13,
    13,
    13,
    13,
    13,
    13,
    13,
    13,
    13,
    13,
    13,
    13,
    13,
    13,
    13,
    13,
    13,
    13,
    13,
    13,
    13,
    13,
    13,
    13,
    13,
    13,
    13,
    13,
    13,
    13,
    13,
    13,
    13,
    13,
    13,
    13,
    13,
    13,
    13,
    13,
    13,
    13,
    13,
    13,
    13,
    13,
    13,
    13,
    13,
    13,
    13,
    13,
    13,
    13,
    13,
    13,
    13,
    13,
    13,
    13,
    13,
    13,
    13,
    13,
    13,
    13,
    13,
    13,
    13,
    13,
    13,
    13,
    13,
    13,
    13,
    13,
    13,
    13,
    13
  ]
}