{
  "values": [
    -0.0739583,
    -0.0693066,
    -0.0723242,
    -0.0892415,
    -0.1695671,
    -0.3002539,
    -0.3132975,
    -0.0536621,
    0.44671875,
    1.116097,
    1.9422559,
    2.7254784,
    2.986058,
    2.3632584,
    1.0989876,
    0.01013672,
    -0.252526,
    0.14188477,
    0.61566406,
    0.92291015,
    1.0082422,
    0.7165853,
    0.22870117,
    0.1301172,
    0.54138994,
    0.864222,
    0.70807946,
    0.3187793,
    -0.0202507,
    -0.2147721,
    -0.0455241,
    0.6070768,
    1.2838118,
    1.2518457,
    0.32773438,
    -0.876582,
    -1.6809016,
    -2.1384408,
    -2.7082682,
    -3.3290591,
    -3.4811263,
    -3.0203452,
    -2.3890169,
    -2.030296,
    -1.7948958,
    -1.1326042,
    0.00051758,
    0.9331413,
    1.2541438,
    1.3177279,
    1.5158855,
    1.7222949,
    1.6885612,
    1.4794369,
    1.2689747,
    0.9613509,
    0.25233725,
    -0.9512891,
    -2.2990723,
    -3.1827247,
    -3.102106,
    -2.0327637,
    -0.6012793,
    0.35694337,
    0.5670215,
    0.34445637,
    -0.0496354,
    -0.5428092,
    -0.9118424,
    -0.9211035,
    -0.6280111,
    -0.1611816,
    0.45982748,
    1.0676465,
    1.3818002,
    1.4668099,
    1.7441081,
    2.3923275,
    3.0051887,
    2.9883237,
    2.204362,
    1.1728841,
    0.571582,
    0.5234082,
    0.641696,
    0.8151595,
    1.3842643,
    2.349681,
    3.0524056,
    2.9311783,
    2.0705502,
    0.86481446,
    -0.2901367,
    -0.9413314,
    -0.8007682,
    -0.042002,
    0.932832,
    1.8281087,
    2.4568717,
    2.765892,
    2.883024,
    2.8404558,
    2.350993,
    1.1514616,
    -0.4786882,
    -1.7602214,
    -2.0517642,
    -1.4097363,
    -0.5226921,
    -0.1171549,
    -0.3459961,
    -0.6993424,
    -0.570026,
    0.09044922,
    0.6954167,
    0.61248696,
    -0.0911621,
    -0.633151,
    -0.4595052,
    0.10248047,
    0.43086588,
    0.47073567,
    0.670459,
    1.258815,
    1.9036491,
    2.175114
  ],
  "years": [
    1895,
    1896,
    1897,
    1898,
    1899,
    1900,
    1901,
    1902,
    1903,
    1904,
    1905,
    1906,
    1907,
    1908,
    1909,
    1910,
    1911,
    1912,
    1913,
    1914,
    1915,
    1916,
    1917,
    1918,
    1919,
    1920,
    1921,
    1922,
    1923,
    1924,
    1925,
    1926,
    1927,
    1928,
    1929,
    1930,
    1931,
    1932,
    1933,
    1934,
    1935,
    1936,
    1937,
    1938,
    1939,
    1940,
    1941,
    1942,
    1943,
    1944,
    1945,
    1946,
    1947,
    1948,
    1949,
    1950,
    1951,
    1952,
    1953,
    1954,
    1955,
    1956,
    1957,
    1958,
    1959,
    1960,
    1961,
    1962,
    1963,
    1964,
    1965,
    1966,
    1967,
    1968,
    1969,
    1970,
    1971,
    1972,
    1973,
    1974,
    1975,
    1976,
    1977,
    1978,
    1979,
    1980,
    1981,
    1982,
    1983,
    1984,
    1985,
    1986,
    1987,
    1988,
    1989,
    1990,
    1991,
    1992,
    1993,
    1994,
    1995,
    1996,
    1997,
    1998,
    1999,
    2000,
    2001,
    2002,
    2003,
    2004,
    2005,
    2006,
    2007,
    2008,
    2009,
    2010,
    2011,
    2012,
    2013,
    2014,
    2015,
    2016,
    2017,
    2018,
    2019,
    2020
  ],
  "entities": [
    13,
    13,
    13,
    13,
    13,
    13,
    13,
    13,
    13,
    13,
    13,
    13,
    13,
    13,
    13,
    13,
    13,
    13,
    13,
    13,
    13,
    13,
    13,
    13,
    13,
    13,
    13,
    13,
    13,
    13,
    13,
    13,
    13,
    13,
    13,
    13,
    13,
    13,
    13,
    13,
    13,
    13,
    13,
    13,
    13,
    13,
    13,
    13,
    13,
    13,
    13,
    13,
    13,
    13,
    13,
    13,
    13,
    13,
    13,
    13,
    13,
    13,
    13,
    13,
    13,
    13,
    13,
    13,
    13,
    13,
    13,
    13,
    13,
    13,
    13,
    13,
    13,
    13,
    13,
    13,
    13,
    13,
    13,
    13,
    13,
    13,
    13,
    13,
    13,
    13,
    13,
    13,
    13,
    13,
    13,
    13,
    13,
    13,
    13,
    13,
    13,
    13,
    13,
    13,
    13,
    13,
    13,
    13,
    13,
    13,
    13,
    13,
    13,
    13,
    13,
    13,
    13,
    13,
    13,
    13,
    13,
    13,
    13,
    13,
    13,
    13
  ]
}