{
  "values": [
    178.92100334205116,
    6.605329377879229,
    687.9924759120495,
    0,
    372.5449038100821,
    148.54409304236933,
    22.265880224724373,
    364.9096008873848,
    618.7626129416751,
    444.0771569018757,
    15.73200394169347,
    691.8584942647178,
    4058.543162349892,
    750.7263712307607,
    9.385612084364576,
    31.199312139480888,
    13.227104012106459,
    361.4762418537905,
    3064.27113310306,
    22.53230655910471,
    1.3586633085427136,
    0,
    5.043036174078645,
    0,
    147.4729878709577,
    455.92884326215835,
    0,
    14.971027272830405,
    12.233409361353841,
    1701.9887579730437,
    12.719293420371965,
    9.4814382550191,
    9.824503581702297,
    81.10389448299436,
    409.12161800896905,
    8.550866853004756,
    0.195940070231544,
    46.57647991654676,
    330.9843762075381,
    0.21258145170860346,
    219.45253134640893,
    271.4123182032949,
    0,
    0,
    570.9010434725308,
    0.4702402142741018,
    28.250968138675265,
    425.6008025213534,
    150.21948216425557,
    272.3227953059486,
    116.44383502114796,
    30.24176227627484,
    17.084668869692027,
    1675.7231516766362,
    9.591311081626097,
    1615.4812804132405,
    15.78401721953304,
    41.580402176470585,
    11.039601053567965,
    0,
    28.92256189022081,
    378.3974751494039,
    636.5638922679524,
    7.679739360787443,
    12.746276732744429,
    1.6771403672199172,
    0,
    20.273597794416244,
    213.3028865273,
    30.99524991494952,
    2.3240945599598595,
    250.30306530141934,
    36.97448652684323,
    7.984040104324295,
    142.1288475580932,
    322.83514376858403,
    92.34411205388491,
    0.0897009107540173,
    0.4874840023552687,
    29.1398604796306,
    264.1904078396117,
    0.49658710267299533,
    362.8326528875791,
    7.591244095391121,
    238.71148904728796,
    1.2148794012750799,
    26.46113392820603,
    44.06288014826759,
    1.5841998276455296,
    7.341740922336684,
    236.8610250840699,
    537.8955657353914,
    821.299309857227,
    99.58196858218221,
    585.8333941138162,
    267.49712531157263,
    0,
    0,
    0,
    84.86049502762431,
    162.62560985504248,
    0,
    0,
    21.56102970145739,
    0,
    420.0814143388688
  ],
  "years": [
    2018,
    2018,
    2018,
    2018,
    2018,
    2018,
    2018,
    2018,
    2018,
    2018,
    2018,
    2018,
    2018,
    2018,
    2018,
    2018,
    2018,
    2018,
    2018,
    2018,
    2018,
    2018,
    2018,
    2018,
    2018,
    2018,
    2018,
    2018,
    2018,
    2018,
    2018,
    2018,
    2018,
    2018,
    2018,
    2018,
    2018,
    2018,
    2018,
    2018,
    2018,
    2018,
    2018,
    2018,
    2018,
    2018,
    2018,
    2018,
    2018,
    2018,
    2018,
    2018,
    2018,
    2018,
    2018,
    2018,
    2018,
    2018,
    2018,
    2018,
    2018,
    2018,
    2018,
    2018,
    2018,
    2018,
    2018,
    2018,
    2018,
    2018,
    2018,
    2018,
    2018,
    2018,
    2018,
    2018,
    2018,
    2018,
    2018,
    2018,
    2018,
    2018,
    2018,
    2018,
    2018,
    2018,
    2018,
    2018,
    2018,
    2018,
    2018,
    2018,
    2018,
    2018,
    2018,
    2018,
    2018,
    2018,
    2018,
    2018,
    2018,
    2018,
    2018,
    2018,
    2018,
    2018
  ],
  "entities": [
    1,
    2,
    3,
    4,
    5,
    6,
    7,
    8,
    9,
    10,
    11,
    12,
    13,
    14,
    15,
    17,
    19,
    21,
    23,
    24,
    25,
    27,
    28,
    30,
    34,
    37,
    38,
    39,
    42,
    44,
    62,
    65,
    67,
    69,
    70,
    71,
    72,
    73,
    75,
    76,
    81,
    84,
    86,
    88,
    90,
    91,
    92,
    95,
    96,
    97,
    99,
    100,
    101,
    102,
    103,
    106,
    107,
    108,
    110,
    111,
    112,
    113,
    116,
    118,
    120,
    122,
    124,
    126,
    127,
    129,
    130,
    131,
    133,
    134,
    135,
    136,
    137,
    138,
    141,
    142,
    149,
    152,
    155,
    158,
    161,
    162,
    164,
    165,
    166,
    167,
    170,
    171,
    172,
    201,
    202,
    207,
    208,
    210,
    212,
    213,
    217,
    226,
    234,
    238,
    259,
    355
  ]
}