{
  "values": [
    0,
    0.62491214,
    0.62068945,
    0,
    0,
    0,
    0.2026599,
    0.100972265,
    0,
    0.50142103,
    0.4996108,
    0,
    0,
    0,
    0,
    0,
    0,
    0,
    0,
    0,
    0,
    0,
    0,
    0,
    0,
    0,
    0,
    0,
    0,
    0,
    0,
    0,
    0,
    0,
    0,
    0,
    0,
    0,
    0,
    0,
    0.009174433,
    0.009072631,
    0,
    0,
    0,
    0.0029117984,
    0.0014446594,
    0,
    0.0071160025,
    0.0070630265,
    0,
    0,
    0,
    0,
    0,
    0,
    0,
    0,
    0,
    0,
    0,
    0,
    0,
    0,
    0,
    0,
    0,
    0,
    0,
    0,
    0,
    0,
    0,
    0,
    0,
    0,
    0,
    0,
    0,
    0.016584167,
    0.016446978,
    0,
    0,
    0,
    0.0053121694,
    0.002637373,
    0,
    0.0130078085,
    0.012925671,
    0,
    0,
    0,
    0,
    0,
    0,
    0,
    0,
    0,
    0,
    0,
    0,
    0,
    0,
    0,
    0,
    0,
    0,
    0,
    0,
    0,
    0,
    0,
    0,
    0,
    0,
    0,
    0,
    0,
    0.038579665,
    0.038143754,
    0,
    0,
    0,
    0.012242094,
    0.0060780407,
    0,
    0.03001585,
    0.029849535,
    0,
    0,
    0,
    0,
    0,
    0,
    0,
    0,
    0,
    0,
    0,
    0,
    0,
    0,
    0,
    0,
    0,
    0,
    0,
    0,
    0,
    0,
    0,
    0,
    0,
    0,
    0,
    0,
    0,
    0.0019209994,
    0.0018792236,
    0,
    0,
    0,
    0.0005758026,
    0.00028207255,
    0,
    0.0013532958,
    0.0013263135,
    0,
    0,
    0,
    0,
    0,
    0,
    0,
    0,
    0,
    0,
    0,
    0,
    0,
    0,
    0,
    0,
    0,
    0,
    0,
    0,
    0,
    0,
    0,
    0,
    0,
    0,
    0,
    0
  ],
  "years": [
    1961,
    1962,
    1963,
    1964,
    1965,
    1966,
    1967,
    1968,
    1969,
    1970,
    1971,
    1972,
    1973,
    1974,
    1975,
    1976,
    1977,
    1978,
    1979,
    1980,
    1981,
    1982,
    1983,
    1984,
    1985,
    1986,
    1987,
    1988,
    1989,
    1990,
    1991,
    1992,
    1993,
    1994,
    1995,
    1996,
    1997,
    1998,
    1999,
    1961,
    1962,
    1963,
    1964,
    1965,
    1966,
    1967,
    1968,
    1969,
    1970,
    1971,
    1972,
    1973,
    1974,
    1975,
    1976,
    1977,
    1978,
    1979,
    1980,
    1981,
    1982,
    1983,
    1984,
    1985,
    1986,
    1987,
    1988,
    1989,
    1990,
    1991,
    1992,
    1993,
    1994,
    1995,
    1996,
    1997,
    1998,
    1999,
    1961,
    1962,
    1963,
    1964,
    1965,
    1966,
    1967,
    1968,
    1969,
    1970,
    1971,
    1972,
    1973,
    1974,
    1975,
    1976,
    1977,
    1978,
    1979,
    1980,
    1981,
    1982,
    1983,
    1984,
    1985,
    1986,
    1987,
    1988,
    1989,
    1990,
    1991,
    1992,
    1993,
    1994,
    1995,
    1996,
    1997,
    1998,
    1999,
    1961,
    1962,
    1963,
    1964,
    1965,
    1966,
    1967,
    1968,
    1969,
    1970,
    1971,
    1972,
    1973,
    1974,
    1975,
    1976,
    1977,
    1978,
    1979,
    1980,
    1981,
    1982,
    1983,
    1984,
    1985,
    1986,
    1987,
    1988,
    1989,
    1990,
    1991,
    1992,
    1993,
    1994,
    1995,
    1996,
    1997,
    1998,
    1999,
    1961,
    1962,
    1963,
    1964,
    1965,
    1966,
    1967,
    1968,
    1969,
    1970,
    1971,
    1972,
    1973,
    1974,
    1975,
    1976,
    1977,
    1978,
    1979,
    1980,
    1981,
    1982,
    1983,
    1984,
    1985,
    1986,
    1987,
    1988,
    1989,
    1990,
    1991,
    1992,
    1993,
    1994,
    1995,
    1996,
    1997,
    1998,
    1999
  ],
  "entities": [
    330404,
    330404,
    330404,
    330404,
    330404,
    330404,
    330404,
    330404,
    330404,
    330404,
    330404,
    330404,
    330404,
    330404,
    330404,
    330404,
    330404,
    330404,
    330404,
    330404,
    330404,
    330404,
    330404,
    330404,
    330404,
    330404,
    330404,
    330404,
    330404,
    330404,
    330404,
    330404,
    330404,
    330404,
    330404,
    330404,
    330404,
    330404,
    330404,
    330381,
    330381,
    330381,
    330381,
    330381,
    330381,
    330381,
    330381,
    330381,
    330381,
    330381,
    330381,
    330381,
    330381,
    330381,
    330381,
    330381,
    330381,
    330381,
    330381,
    330381,
    330381,
    330381,
    330381,
    330381,
    330381,
    330381,
    330381,
    330381,
    330381,
    330381,
    330381,
    330381,
    330381,
    330381,
    330381,
    330381,
    330381,
    330381,
    115117,
    115117,
    115117,
    115117,
    115117,
    115117,
    115117,
    115117,
    115117,
    115117,
    115117,
    115117,
    115117,
    115117,
    115117,
    115117,
    115117,
    115117,
    115117,
    115117,
    115117,
    115117,
    115117,
    115117,
    115117,
    115117,
    115117,
    115117,
    115117,
    115117,
    115117,
    115117,
    115117,
    115117,
    115117,
    115117,
    115117,
    115117,
    115117,
    330384,
    330384,
    330384,
    330384,
    330384,
    330384,
    330384,
    330384,
    330384,
    330384,
    330384,
    330384,
    330384,
    330384,
    330384,
    330384,
    330384,
    330384,
    330384,
    330384,
    330384,
    330384,
    330384,
    330384,
    330384,
    330384,
    330384,
    330384,
    330384,
    330384,
    330384,
    330384,
    330384,
    330384,
    330384,
    330384,
    330384,
    330384,
    330384,
    355,
    355,
    355,
    355,
    355,
    355,
    355,
    355,
    355,
    355,
    355,
    355,
    355,
    355,
    355,
    355,
    355,
    355,
    355,
    355,
    355,
    355,
    355,
    355,
    355,
    355,
    355,
    355,
    355,
    355,
    355,
    355,
    355,
    355,
    355,
    355,
    355,
    355,
    355
  ]
}