{
  "values": [
    0,
    1.025769,
    1.2304463,
    0,
    0,
    0.5235716,
    1.0139568,
    0.6461266,
    0.1633845,
    0,
    6.8688338,
    4.2506778,
    1.6181289,
    0.852359,
    2.3579584,
    0,
    0,
    0.5511002,
    0,
    0.6259765,
    7.3126984,
    0,
    0,
    0,
    3.9175229,
    0.1323487,
    0,
    0.3625363,
    5.7771552,
    0,
    0,
    0,
    7.7310859,
    1.0377465,
    3.1215775,
    0,
    0,
    0.2453084,
    0.7397633,
    0,
    0.5118257,
    0.3408311,
    0.5034546,
    0.9048353,
    0,
    0.4605075,
    23.2838503,
    1.2199907,
    0,
    0.3377871,
    2.1691629,
    0.1131913,
    3.1163167,
    2.6306299,
    0,
    2.022719,
    2.8464907,
    0,
    0.6510235,
    1.1261886,
    0,
    0,
    7.2895705,
    0.0191244,
    1.4896182,
    0.2603962,
    1.7221881,
    0.2506354,
    0,
    4.4332198,
    2.2343777,
    0,
    0.10171,
    0.9609181,
    0,
    0.2095742,
    0,
    1.6736492,
    7.7384974,
    0,
    4.1739486,
    0.3349747,
    1.5326978,
    7.986916,
    2.2044338,
    0,
    0,
    2.6827422,
    18.7861436,
    0,
    0.3026154,
    2.079662,
    0,
    0,
    0.4776135,
    3.9153392,
    2.8721994,
    1.1330707,
    7.1260867,
    0,
    2.6657354,
    8.9271546,
    0.5545743,
    7.4667193,
    0.6048338,
    0,
    0,
    0,
    3.2114093,
    4.7239238,
    1.4068341,
    1.0911492,
    2.2140953,
    3.5476082,
    3.1819947,
    2.897081,
    10.0412663,
    0.4227881,
    3.4228364,
    0,
    9.1272328,
    1.3336452,
    1.5609873,
    11.5254914,
    11.9514889,
    4.2938566
  ],
  "years": [
    1895,
    1896,
    1897,
    1898,
    1899,
    1900,
    1901,
    1902,
    1903,
    1904,
    1905,
    1906,
    1907,
    1908,
    1909,
    1910,
    1911,
    1912,
    1913,
    1914,
    1915,
    1916,
    1917,
    1918,
    1919,
    1920,
    1921,
    1922,
    1923,
    1924,
    1925,
    1926,
    1927,
    1928,
    1929,
    1930,
    1931,
    1932,
    1933,
    1934,
    1935,
    1936,
    1937,
    1938,
    1939,
    1940,
    1941,
    1942,
    1943,
    1944,
    1945,
    1946,
    1947,
    1948,
    1949,
    1950,
    1951,
    1952,
    1953,
    1954,
    1955,
    1956,
    1957,
    1958,
    1959,
    1960,
    1961,
    1962,
    1963,
    1964,
    1965,
    1966,
    1967,
    1968,
    1969,
    1970,
    1971,
    1972,
    1973,
    1974,
    1975,
    1976,
    1977,
    1978,
    1979,
    1980,
    1981,
    1982,
    1983,
    1984,
    1985,
    1986,
    1987,
    1988,
    1989,
    1990,
    1991,
    1992,
    1993,
    1994,
    1995,
    1996,
    1997,
    1998,
    1999,
    2000,
    2001,
    2002,
    2003,
    2004,
    2005,
    2006,
    2007,
    2008,
    2009,
    2010,
    2011,
    2012,
    2013,
    2014,
    2015,
    2016,
    2017,
    2018,
    2019,
    2020
  ],
  "entities": [
    13,
    13,
    13,
    13,
    13,
    13,
    13,
    13,
    13,
    13,
    13,
    13,
    13,
    13,
    13,
    13,
    13,
    13,
    13,
    13,
    13,
    13,
    13,
    13,
    13,
    13,
    13,
    13,
    13,
    13,
    13,
    13,
    13,
    13,
    13,
    13,
    13,
    13,
    13,
    13,
    13,
    13,
    13,
    13,
    13,
    13,
    13,
    13,
    13,
    13,
    13,
    13,
    13,
    13,
    13,
    13,
    13,
    13,
    13,
    13,
    13,
    13,
    13,
    13,
    13,
    13,
    13,
    13,
    13,
    13,
    13,
    13,
    13,
    13,
    13,
    13,
    13,
    13,
    13,
    13,
    13,
    13,
    13,
    13,
    13,
    13,
    13,
    13,
    13,
    13,
    13,
    13,
    13,
    13,
    13,
    13,
    13,
    13,
    13,
    13,
    13,
    13,
    13,
    13,
    13,
    13,
    13,
    13,
    13,
    13,
    13,
    13,
    13,
    13,
    13,
    13,
    13,
    13,
    13,
    13,
    13,
    13,
    13,
    13,
    13,
    13
  ]
}