{
  "values": [
    177.25023,
    -684.57635,
    -2220.6082,
    4744.684,
    105416.914,
    -1057.4725,
    -77012.44,
    -707.5327,
    -4443.799,
    36871.85,
    -8456.675,
    -156.90703,
    160.87738,
    16507.076,
    -73.56426,
    6725.7124,
    -309.51666,
    298718.94,
    0,
    0,
    -9173.102,
    23054.229,
    19043.523,
    -73.17391,
    63537.77,
    11847.946,
    12995.496,
    19964.549,
    1164.3755,
    -446710.3,
    -5581.9,
    4175.7563,
    -711.78186,
    130214.76,
    -1791.5837,
    2800.488,
    -99.40465,
    -4247.2666,
    59332.996,
    187.23964,
    17.620886,
    -12.709916,
    705.00806,
    -4722.8037,
    40673.758,
    1328.502,
    1161.04,
    5359.326,
    -7692.6816,
    92881.95,
    0,
    100.50286,
    -1777.3718,
    -19176.281,
    -542.8868,
    7156.0977,
    -3182.2654,
    5016.248,
    29723.945,
    -4336.345,
    6740.1865,
    71417.945,
    8228.511,
    1526.8757,
    9153.716,
    5958.161,
    -8632.337,
    -1.723229,
    66058.62,
    35302.344,
    -23430.959,
    52724.07,
    -272.32544,
    168.08324,
    -15683.787,
    -109.045525,
    -5848.9004,
    -682.48413,
    -57043.645,
    45785.62,
    1038.0668,
    2026.0228,
    -302.6828,
    667.7871,
    3370.2083,
    -1012.80554,
    35294.504,
    27431.52,
    42182.586,
    54880.22,
    4439.81,
    -4100.1606,
    278.30713,
    -442.46448,
    16215.732,
    22172.848,
    18284.83,
    -2294.0127,
    -5208.739,
    -565.679,
    -453.71085,
    7781.3916,
    198276.72,
    210331.92,
    -2387.9553,
    -17149.057,
    -552.5914,
    -503.7925,
    111515.97,
    -292.9474,
    18.06153,
    1805.8749,
    17818.842,
    -2415.801,
    26887.268,
    -23791.723,
    -5922.0513,
    -27326.883,
    -198085.8,
    12315.667,
    0,
    1503.8973,
    31597.355,
    14065.198,
    -2749.4976,
    -405.09384,
    109.942024,
    11680.599,
    8196.084,
    -4140.443,
    -37386.72,
    -4981.2266,
    29913.977,
    -64.25914,
    373.5365,
    20599.541,
    1017.76044,
    163746.81,
    -59479.984,
    29773.467,
    -524.04004,
    -11097.674,
    -38614.31,
    331.23935,
    59393.215,
    -73031.96,
    -6983.4634,
    9593.71,
    1147.3223,
    890.9979,
    -121.24745,
    1088.5756,
    230000,
    -1021.7399,
    16583.273,
    66250.76
  ],
  "years": [
    2050,
    2050,
    2050,
    2050,
    2050,
    2050,
    2050,
    2050,
    2050,
    2050,
    2050,
    2050,
    2050,
    2050,
    2050,
    2050,
    2050,
    2050,
    2050,
    2050,
    2050,
    2050,
    2050,
    2050,
    2050,
    2050,
    2050,
    2050,
    2050,
    2050,
    2050,
    2050,
    2050,
    2050,
    2050,
    2050,
    2050,
    2050,
    2050,
    2050,
    2050,
    2050,
    2050,
    2050,
    2050,
    2050,
    2050,
    2050,
    2050,
    2050,
    2050,
    2050,
    2050,
    2050,
    2050,
    2050,
    2050,
    2050,
    2050,
    2050,
    2050,
    2050,
    2050,
    2050,
    2050,
    2050,
    2050,
    2050,
    2050,
    2050,
    2050,
    2050,
    2050,
    2050,
    2050,
    2050,
    2050,
    2050,
    2050,
    2050,
    2050,
    2050,
    2050,
    2050,
    2050,
    2050,
    2050,
    2050,
    2050,
    2050,
    2050,
    2050,
    2050,
    2050,
    2050,
    2050,
    2050,
    2050,
    2050,
    2050,
    2050,
    2050,
    2050,
    2050,
    2050,
    2050,
    2050,
    2050,
    2050,
    2050,
    2050,
    2050,
    2050,
    2050,
    2050,
    2050,
    2050,
    2050,
    2050,
    2050,
    2050,
    2050,
    2050,
    2050,
    2050,
    2050,
    2050,
    2050,
    2050,
    2050,
    2050,
    2050,
    2050,
    2050,
    2050,
    2050,
    2050,
    2050,
    2050,
    2050,
    2050,
    2050,
    2050,
    2050,
    2050,
    2050,
    2050,
    2050,
    2050,
    2050,
    2050,
    2050,
    2050,
    2050,
    2050,
    2050
  ],
  "entities": [
    15,
    16,
    17,
    19,
    21,
    22,
    23,
    24,
    25,
    28,
    30,
    4,
    31,
    32,
    33,
    34,
    36,
    37,
    351,
    38,
    39,
    40,
    41,
    42,
    43,
    44,
    174,
    173,
    172,
    171,
    170,
    168,
    166,
    143,
    165,
    164,
    163,
    162,
    167,
    161,
    154,
    160,
    225,
    201,
    65,
    259,
    159,
    157,
    156,
    158,
    249,
    202,
    155,
    3,
    153,
    151,
    152,
    6,
    150,
    149,
    148,
    147,
    94,
    146,
    145,
    139,
    138,
    207,
    137,
    136,
    135,
    134,
    2,
    133,
    8,
    132,
    14,
    130,
    131,
    129,
    126,
    125,
    124,
    123,
    121,
    120,
    118,
    117,
    116,
    115,
    114,
    113,
    111,
    112,
    110,
    109,
    142,
    108,
    107,
    5,
    106,
    105,
    104,
    103,
    128,
    66,
    102,
    217,
    101,
    140,
    100,
    99,
    98,
    97,
    96,
    11,
    95,
    92,
    12,
    91,
    239,
    90,
    89,
    87,
    85,
    83,
    195,
    82,
    81,
    127,
    9,
    141,
    79,
    10,
    7,
    77,
    76,
    64,
    75,
    74,
    73,
    71,
    70,
    69,
    68,
    67,
    1,
    13,
    63,
    62,
    221,
    238,
    355,
    61,
    60,
    80
  ]
}