{
  "values": [
    25886.025,
    -217.55983,
    10130.516,
    8013.091,
    67147.7,
    -670.52405,
    -106389.695,
    -2881.4006,
    -3686.5837,
    26767.025,
    -14515.959,
    -1082.6388,
    -125.60553,
    15059.971,
    -163.35992,
    3433.3606,
    -40.426853,
    31482.832,
    0,
    0,
    -9339.326,
    38533.332,
    16333.691,
    10673.006,
    59890.434,
    -15377.693,
    12617.804,
    28607.389,
    2374.7585,
    -389850.34,
    -15525.175,
    2435.7898,
    -1519.2424,
    116158.34,
    -2923.4014,
    -4508.091,
    64.2745,
    -8813.972,
    50006.492,
    -4812.4185,
    243.28456,
    -3006.193,
    1495.1482,
    -2462.803,
    41078.67,
    -2007.7039,
    921.07904,
    15582.492,
    -9558.682,
    178079.9,
    0,
    -467.7483,
    -3012.1936,
    -30184.6,
    -845.6343,
    8644.957,
    -2568.7305,
    -9413.177,
    26490.703,
    -449.50412,
    -70.23934,
    50803.805,
    11014.185,
    -88.22556,
    8754.295,
    452.937,
    -13995.107,
    6.373474,
    -231744.25,
    66511.18,
    -32269.086,
    92489.055,
    -745.3799,
    1056.027,
    -7975.085,
    -532.8889,
    3928.5637,
    -315.9128,
    -56247.746,
    48604.555,
    633.7304,
    1340.1744,
    416.51608,
    669.48926,
    3108.013,
    210.68825,
    34871.86,
    15936.018,
    69659.34,
    65219.473,
    5237.3447,
    -50453.918,
    -995.6563,
    223.59698,
    18888.639,
    19846.426,
    5167.877,
    -2207.7952,
    -6647.2344,
    -361.586,
    621.6582,
    3076.44,
    165541.52,
    208507.05,
    5379.1177,
    -16124.453,
    68.04339,
    620.4243,
    54455.41,
    41.471416,
    -381.71542,
    3836.2437,
    7325.7334,
    -763.8648,
    16750.674,
    -42626.055,
    -3846.82,
    -33444.44,
    -263788.06,
    6915.5034,
    0,
    4561.086,
    48460.953,
    16351.701,
    -4124.26,
    -360.85052,
    321.2678,
    7201.0576,
    -3576.3074,
    -123.31974,
    -17943.174,
    -3907.1057,
    10447.017,
    -2361.7122,
    516.43854,
    37357.605,
    6594.862,
    149280.08,
    -92391.77,
    31496.188,
    -1013.70825,
    -1921.0165,
    -33418.13,
    1052.161,
    60852.715,
    -104203.02,
    -9270.293,
    -77574.78,
    1186.0168,
    9246.055,
    309.6002,
    -5131.9937,
    1200000,
    13878.987,
    11535.034,
    42596.266
  ],
  "years": [
    2050,
    2050,
    2050,
    2050,
    2050,
    2050,
    2050,
    2050,
    2050,
    2050,
    2050,
    2050,
    2050,
    2050,
    2050,
    2050,
    2050,
    2050,
    2050,
    2050,
    2050,
    2050,
    2050,
    2050,
    2050,
    2050,
    2050,
    2050,
    2050,
    2050,
    2050,
    2050,
    2050,
    2050,
    2050,
    2050,
    2050,
    2050,
    2050,
    2050,
    2050,
    2050,
    2050,
    2050,
    2050,
    2050,
    2050,
    2050,
    2050,
    2050,
    2050,
    2050,
    2050,
    2050,
    2050,
    2050,
    2050,
    2050,
    2050,
    2050,
    2050,
    2050,
    2050,
    2050,
    2050,
    2050,
    2050,
    2050,
    2050,
    2050,
    2050,
    2050,
    2050,
    2050,
    2050,
    2050,
    2050,
    2050,
    2050,
    2050,
    2050,
    2050,
    2050,
    2050,
    2050,
    2050,
    2050,
    2050,
    2050,
    2050,
    2050,
    2050,
    2050,
    2050,
    2050,
    2050,
    2050,
    2050,
    2050,
    2050,
    2050,
    2050,
    2050,
    2050,
    2050,
    2050,
    2050,
    2050,
    2050,
    2050,
    2050,
    2050,
    2050,
    2050,
    2050,
    2050,
    2050,
    2050,
    2050,
    2050,
    2050,
    2050,
    2050,
    2050,
    2050,
    2050,
    2050,
    2050,
    2050,
    2050,
    2050,
    2050,
    2050,
    2050,
    2050,
    2050,
    2050,
    2050,
    2050,
    2050,
    2050,
    2050,
    2050,
    2050,
    2050,
    2050,
    2050,
    2050,
    2050,
    2050,
    2050,
    2050,
    2050,
    2050,
    2050,
    2050
  ],
  "entities": [
    15,
    16,
    17,
    19,
    21,
    22,
    23,
    24,
    25,
    28,
    30,
    4,
    31,
    32,
    33,
    34,
    36,
    37,
    351,
    38,
    39,
    40,
    41,
    42,
    43,
    44,
    174,
    173,
    172,
    171,
    170,
    168,
    166,
    143,
    165,
    164,
    163,
    162,
    167,
    161,
    154,
    160,
    225,
    201,
    65,
    259,
    159,
    157,
    156,
    158,
    249,
    202,
    155,
    3,
    153,
    151,
    152,
    6,
    150,
    149,
    148,
    147,
    94,
    146,
    145,
    139,
    138,
    207,
    137,
    136,
    135,
    134,
    2,
    133,
    8,
    132,
    14,
    130,
    131,
    129,
    126,
    125,
    124,
    123,
    121,
    120,
    118,
    117,
    116,
    115,
    114,
    113,
    111,
    112,
    110,
    109,
    142,
    108,
    107,
    5,
    106,
    105,
    104,
    103,
    128,
    66,
    102,
    217,
    101,
    140,
    100,
    99,
    98,
    97,
    96,
    11,
    95,
    92,
    12,
    91,
    239,
    90,
    89,
    87,
    85,
    83,
    195,
    82,
    81,
    127,
    9,
    141,
    79,
    10,
    7,
    77,
    76,
    64,
    75,
    74,
    73,
    71,
    70,
    69,
    68,
    67,
    1,
    13,
    63,
    62,
    221,
    238,
    355,
    61,
    60,
    80
  ]
}