{
  "values": [
    0.04995,
    0.10469,
    0.42611,
    0.43141,
    0.39993,
    0.3083,
    0.34519,
    0.22996,
    0.06422,
    0.4224,
    0.34002,
    0.27672,
    0.28439,
    0.32111,
    0.36065,
    0.45418,
    0.45197,
    0.34137,
    0.50917,
    0.35133,
    0.32979,
    1.16858,
    1.29943,
    1.20587,
    0.93551,
    1.2266,
    1.11549,
    1.63595,
    1.32189,
    1.52106,
    0.84741,
    0.91775,
    0.92968,
    0.83099,
    1.07994,
    1.83739,
    1.5056,
    1.33761,
    1.41482,
    1.2912,
    1.4631,
    1.45396,
    1.40524,
    1.52975,
    1.47905,
    1.67463,
    1.64953,
    1.73322,
    1.89726,
    1.91218,
    2.16035,
    2.22136,
    2.10627,
    2.02101,
    1.81876,
    1.8594,
    1.66999,
    1.53271,
    1.66996,
    1.66311,
    1.70644,
    1.85418,
    1.85749,
    1.78802,
    1.86231,
    1.74406,
    1.79695,
    1.81119,
    1.8263,
    1.8982,
    1.3411,
    0.87648,
    0.83016,
    0.70559,
    0.87365,
    1.27688,
    0.86381,
    1.08788,
    1.32483,
    1.17535,
    1.43701,
    2.07269,
    2.49581,
    2.28012,
    2.43549,
    2.10878,
    2.07584,
    2.20235,
    1.91694,
    2.28677,
    2.58018,
    2.68292,
    2.67974,
    2.55666,
    2.40154,
    2.24787,
    1.5649,
    1.18004,
    1.17572,
    1.4335,
    1.55952,
    1.71718,
    2.36644,
    1.91718,
    1.52945,
    3.45909,
    7.30034,
    9.04783,
    9.61308,
    10.20096,
    9.67541,
    11.09191,
    12.31875,
    16.4108,
    11.5586,
    11.44332,
    11.12486,
    12.4591,
    10.34412,
    10.01862,
    9.72139,
    9.94153,
    9.90627,
    9.87093,
    9.86146,
    10.21773,
    9.94011,
    9.80931,
    9.90259,
    9.84733,
    10.5303,
    12.35249,
    12.45683,
    12.68739,
    12.87806,
    12.33731,
    12.72879,
    13.63881,
    14.46769,
    14.5685,
    13.96981,
    13.04296,
    12.26175,
    10.89775,
    11.06113,
    11.24905,
    11.65215,
    12.04598,
    9.14698,
    10.60981,
    11.89304,
    12.32368,
    13.03723,
    13.71044,
    14.04651,
    12.77511,
    12.79026,
    14.15687,
    14.36802,
    15.13898,
    16.41939,
    18.01058,
    19.36935,
    20.87311,
    21.69402,
    23.77726,
    24.09839,
    25.59965,
    26.9226,
    28.43653,
    28.92063,
    28.86999
  ],
  "years": [
    1840,
    1843,
    1844,
    1845,
    1846,
    1847,
    1848,
    1849,
    1850,
    1851,
    1852,
    1853,
    1854,
    1856,
    1857,
    1858,
    1859,
    1860,
    1861,
    1862,
    1863,
    1864,
    1865,
    1866,
    1867,
    1868,
    1869,
    1870,
    1871,
    1872,
    1873,
    1874,
    1875,
    1876,
    1877,
    1878,
    1879,
    1880,
    1881,
    1882,
    1883,
    1884,
    1885,
    1886,
    1887,
    1888,
    1889,
    1890,
    1891,
    1892,
    1893,
    1894,
    1895,
    1896,
    1897,
    1898,
    1899,
    1900,
    1901,
    1902,
    1903,
    1904,
    1905,
    1906,
    1907,
    1908,
    1909,
    1910,
    1911,
    1912,
    1913,
    1914,
    1915,
    1916,
    1917,
    1918,
    1919,
    1920,
    1921,
    1922,
    1923,
    1924,
    1925,
    1926,
    1927,
    1928,
    1929,
    1930,
    1931,
    1932,
    1933,
    1934,
    1935,
    1936,
    1937,
    1938,
    1939,
    1940,
    1941,
    1942,
    1943,
    1944,
    1945,
    1946,
    1947,
    1948,
    1949,
    1950,
    1951,
    1952,
    1953,
    1954,
    1955,
    1956,
    1957,
    1958,
    1959,
    1960,
    1961,
    1962,
    1963,
    1964,
    1965,
    1966,
    1967,
    1968,
    1969,
    1970,
    1971,
    1972,
    1973,
    1974,
    1975,
    1976,
    1977,
    1978,
    1979,
    1980,
    1981,
    1982,
    1983,
    1984,
    1985,
    1986,
    1987,
    1988,
    1989,
    1990,
    1991,
    1992,
    1993,
    1994,
    1995,
    1996,
    1997,
    1998,
    1999,
    2000,
    2001,
    2002,
    2003,
    2004,
    2005,
    2006,
    2007,
    2008,
    2009,
    2010,
    2011,
    2012,
    2013,
    2014
  ],
  "entities": [
    355,
    355,
    355,
    355,
    355,
    355,
    355,
    355,
    355,
    355,
    355,
    355,
    355,
    355,
    355,
    355,
    355,
    355,
    355,
    355,
    355,
    355,
    355,
    355,
    355,
    355,
    355,
    355,
    355,
    355,
    355,
    355,
    355,
    355,
    355,
    355,
    355,
    355,
    355,
    355,
    355,
    355,
    355,
    355,
    355,
    355,
    355,
    355,
    355,
    355,
    355,
    355,
    355,
    355,
    355,
    355,
    355,
    355,
    355,
    355,
    355,
    355,
    355,
    355,
    355,
    355,
    355,
    355,
    355,
    355,
    355,
    355,
    355,
    355,
    355,
    355,
    355,
    355,
    355,
    355,
    355,
    355,
    355,
    355,
    355,
    355,
    355,
    355,
    355,
    355,
    355,
    355,
    355,
    355,
    355,
    355,
    355,
    355,
    355,
    355,
    355,
    355,
    355,
    355,
    355,
    355,
    355,
    355,
    355,
    355,
    355,
    355,
    355,
    355,
    355,
    355,
    355,
    355,
    355,
    355,
    355,
    355,
    355,
    355,
    355,
    355,
    355,
    355,
    355,
    355,
    355,
    355,
    355,
    355,
    355,
    355,
    355,
    355,
    355,
    355,
    355,
    355,
    355,
    355,
    355,
    355,
    355,
    355,
    355,
    355,
    355,
    355,
    355,
    355,
    355,
    355,
    355,
    355,
    355,
    355,
    355,
    355,
    355,
    355,
    355,
    355,
    355,
    355,
    355,
    355,
    355,
    355
  ]
}