{
  "values": [
    0.07197266,
    0.07289453,
    0.08035547,
    0.08761719,
    0.08141016,
    0.06507031,
    0.06022656,
    0.07626953,
    0.09587891,
    0.09991016,
    0.08955078,
    0.0758125,
    0.06583203,
    0.06496875,
    0.07239063,
    0.07457813,
    0.06143359,
    0.0454375,
    0.05183594,
    0.08952734,
    0.1393789,
    0.1794297,
    0.20989063,
    0.2368828,
    0.25351563,
    0.25166798,
    0.22758985,
    0.18182813,
    0.13188282,
    0.09952344,
    0.08452734,
    0.07822266,
    0.08107813,
    0.08569922,
    0.07492578,
    0.04936328,
    0.02978125,
    0.02958594,
    0.04310547,
    0.06231641,
    0.09257813,
    0.13994141,
    0.18890233,
    0.2108125,
    0.19254297,
    0.1464453,
    0.09811328,
    0.06966406,
    0.06886719,
    0.08712109,
    0.10385547,
    0.09892188,
    0.07055469,
    0.03738672,
    0.01795703,
    0.01513672,
    0.02028125,
    0.02474609,
    0.02707422,
    0.02938281,
    0.0293125,
    0.0234375,
    0.01510156,
    0.01082813,
    0.01342188,
    0.02082422,
    0.02816797,
    0.03604297,
    0.05502344,
    0.08715625,
    0.11122656,
    0.10882422,
    0.08966406,
    0.07084766,
    0.05646875,
    0.05242188,
    0.07062891,
    0.10310156,
    0.11741016,
    0.09598828,
    0.06044141,
    0.04355859,
    0.05647266,
    0.08633594,
    0.109,
    0.11088672,
    0.09909766,
    0.09216016,
    0.09731641,
    0.11258203,
    0.13812108,
    0.16961719,
    0.18771484,
    0.1786953,
    0.16323829,
    0.17133984,
    0.19095314,
    0.18455078,
    0.15588672,
    0.15438671,
    0.20473439,
    0.26470703,
    0.27210155,
    0.22204296,
    0.17235155,
    0.17001171,
    0.20155469,
    0.22671483,
    0.23495314,
    0.24846484,
    0.2806719
  ],
  "years": [
    1910,
    1911,
    1912,
    1913,
    1914,
    1915,
    1916,
    1917,
    1918,
    1919,
    1920,
    1921,
    1922,
    1923,
    1924,
    1925,
    1926,
    1927,
    1928,
    1929,
    1930,
    1931,
    1932,
    1933,
    1934,
    1935,
    1936,
    1937,
    1938,
    1939,
    1940,
    1941,
    1942,
    1943,
    1944,
    1945,
    1946,
    1947,
    1948,
    1949,
    1950,
    1951,
    1952,
    1953,
    1954,
    1955,
    1956,
    1957,
    1958,
    1959,
    1960,
    1961,
    1962,
    1963,
    1964,
    1965,
    1966,
    1967,
    1968,
    1969,
    1970,
    1971,
    1972,
    1973,
    1974,
    1975,
    1976,
    1977,
    1978,
    1979,
    1980,
    1981,
    1982,
    1983,
    1984,
    1985,
    1986,
    1987,
    1988,
    1989,
    1990,
    1991,
    1992,
    1993,
    1994,
    1995,
    1996,
    1997,
    1998,
    1999,
    2000,
    2001,
    2002,
    2003,
    2004,
    2005,
    2006,
    2007,
    2008,
    2009,
    2010,
    2011,
    2012,
    2013,
    2014,
    2015,
    2016,
    2017,
    2018,
    2019,
    2020
  ],
  "entities": [
    13,
    13,
    13,
    13,
    13,
    13,
    13,
    13,
    13,
    13,
    13,
    13,
    13,
    13,
    13,
    13,
    13,
    13,
    13,
    13,
    13,
    13,
    13,
    13,
    13,
    13,
    13,
    13,
    13,
    13,
    13,
    13,
    13,
    13,
    13,
    13,
    13,
    13,
    13,
    13,
    13,
    13,
    13,
    13,
    13,
    13,
    13,
    13,
    13,
    13,
    13,
    13,
    13,
    13,
    13,
    13,
    13,
    13,
    13,
    13,
    13,
    13,
    13,
    13,
    13,
    13,
    13,
    13,
    13,
    13,
    13,
    13,
    13,
    13,
    13,
    13,
    13,
    13,
    13,
    13,
    13,
    13,
    13,
    13,
    13,
    13,
    13,
    13,
    13,
    13,
    13,
    13,
    13,
    13,
    13,
    13,
    13,
    13,
    13,
    13,
    13,
    13,
    13,
    13,
    13,
    13,
    13,
    13,
    13,
    13,
    13
  ]
}