{
  "values": [
    7.1972656,
    7.2894531,
    8.0355469,
    8.7617188,
    8.1410156,
    6.5070313,
    6.0226563,
    7.6269531,
    9.5878906,
    9.9910156,
    8.9550781,
    7.58125,
    6.5832031,
    6.496875,
    7.2390625,
    7.4578125,
    6.1433594,
    4.54375,
    5.1835938,
    8.9527344,
    13.9378906,
    17.9429688,
    20.9890625,
    23.6882813,
    25.3515625,
    25.1667969,
    22.7589844,
    18.1828125,
    13.1882813,
    9.9523438,
    8.4527344,
    7.8222656,
    8.1078125,
    8.5699219,
    7.4925781,
    4.9363281,
    2.978125,
    2.9585938,
    4.3105469,
    6.2316406,
    9.2578125,
    13.9941406,
    18.8902344,
    21.08125,
    19.2542969,
    14.6445313,
    9.8113281,
    6.9664063,
    6.8867188,
    8.7121094,
    10.3855469,
    9.8921875,
    7.0554688,
    3.7386719,
    1.7957031,
    1.5136719,
    2.028125,
    2.4746094,
    2.7074219,
    2.9382813,
    2.93125,
    2.34375,
    1.5101563,
    1.0828125,
    1.3421875,
    2.0824219,
    2.8167969,
    3.6042969,
    5.5023438,
    8.715625,
    11.1226563,
    10.8824219,
    8.9664063,
    7.0847656,
    5.646875,
    5.2421875,
    7.0628906,
    10.3101563,
    11.7410156,
    9.5988281,
    6.0441406,
    4.3558594,
    5.6472656,
    8.6335938,
    10.9371094,
    11.0886719,
    9.9097656,
    9.2160156,
    9.7316406,
    11.2582031,
    13.8121094,
    16.9617188,
    18.7714844,
    17.8695313,
    16.3238281,
    17.1339844,
    19.0953125,
    18.4550781,
    15.5886719,
    15.4386719,
    20.4734375,
    26.4707031,
    27.2101563,
    22.2042969,
    17.2351563,
    17.0011719,
    20.1554688,
    22.6714844,
    23.4953125,
    24.8464844,
    28.0671875
  ],
  "years": [
    1910,
    1911,
    1912,
    1913,
    1914,
    1915,
    1916,
    1917,
    1918,
    1919,
    1920,
    1921,
    1922,
    1923,
    1924,
    1925,
    1926,
    1927,
    1928,
    1929,
    1930,
    1931,
    1932,
    1933,
    1934,
    1935,
    1936,
    1937,
    1938,
    1939,
    1940,
    1941,
    1942,
    1943,
    1944,
    1945,
    1946,
    1947,
    1948,
    1949,
    1950,
    1951,
    1952,
    1953,
    1954,
    1955,
    1956,
    1957,
    1958,
    1959,
    1960,
    1961,
    1962,
    1963,
    1964,
    1965,
    1966,
    1967,
    1968,
    1969,
    1970,
    1971,
    1972,
    1973,
    1974,
    1975,
    1976,
    1977,
    1978,
    1979,
    1980,
    1981,
    1982,
    1983,
    1984,
    1985,
    1986,
    1987,
    1988,
    1989,
    1990,
    1991,
    1992,
    1993,
    1994,
    1995,
    1996,
    1997,
    1998,
    1999,
    2000,
    2001,
    2002,
    2003,
    2004,
    2005,
    2006,
    2007,
    2008,
    2009,
    2010,
    2011,
    2012,
    2013,
    2014,
    2015,
    2016,
    2017,
    2018,
    2019,
    2020
  ],
  "entities": [
    13,
    13,
    13,
    13,
    13,
    13,
    13,
    13,
    13,
    13,
    13,
    13,
    13,
    13,
    13,
    13,
    13,
    13,
    13,
    13,
    13,
    13,
    13,
    13,
    13,
    13,
    13,
    13,
    13,
    13,
    13,
    13,
    13,
    13,
    13,
    13,
    13,
    13,
    13,
    13,
    13,
    13,
    13,
    13,
    13,
    13,
    13,
    13,
    13,
    13,
    13,
    13,
    13,
    13,
    13,
    13,
    13,
    13,
    13,
    13,
    13,
    13,
    13,
    13,
    13,
    13,
    13,
    13,
    13,
    13,
    13,
    13,
    13,
    13,
    13,
    13,
    13,
    13,
    13,
    13,
    13,
    13,
    13,
    13,
    13,
    13,
    13,
    13,
    13,
    13,
    13,
    13,
    13,
    13,
    13,
    13,
    13,
    13,
    13,
    13,
    13,
    13,
    13,
    13,
    13,
    13,
    13,
    13,
    13,
    13,
    13
  ]
}