viewId,chartType,queryStr,resolvedQueryStr,md5,svgFilename,durationReceiveData,durationTotal,heapUsed,totalDataFileSize
academic-performance?sex=both&subject=mathematics,WorldMap,,,6691079498df583b32d5ab42c7ea6d43,academic-performance?sex=both&subject=mathematics_v0_850x600.svg,5,78,225649944,15010
academic-performance?sex=both&subject=reading,WorldMap,,,420e9ee3b90d039730b4b9b0b7a9287a,academic-performance?sex=both&subject=reading_v0_850x600.svg,4,71,224973656,16363
academic-performance?sex=both&subject=science,WorldMap,,,eb64f56bd16ffa25252672d35de5450f,academic-performance?sex=both&subject=science_v0_850x600.svg,5,88,220226256,13701
academic-performance?sex=both&subject=subject_side_by_side,LineChart,,,b46be0fa1b18a3be577e912ba9f68993,academic-performance?sex=both&subject=subject_side_by_side_v0_850x600.svg,8,71,211529080,45074
academic-performance?sex=boys&subject=mathematics,WorldMap,,,8cd7f25a597efe8a676d765b62116e10,academic-performance?sex=boys&subject=mathematics_v0_850x600.svg,5,94,220894776,15024
academic-performance?sex=boys&subject=reading,WorldMap,,,2381405f9f741ff312f1105b7e0a76ea,academic-performance?sex=boys&subject=reading_v0_850x600.svg,5,91,225819136,16404
academic-performance?sex=boys&subject=science,WorldMap,,,c3ff4743af13a6e038c7999a29c6ac92,academic-performance?sex=boys&subject=science_v0_850x600.svg,2,17,233885648,13646
academic-performance?sex=boys&subject=subject_side_by_side,LineChart,,,b52e7fdc93e8b1db4d1f2de87df9c6ba,academic-performance?sex=boys&subject=subject_side_by_side_v0_850x600.svg,3,40,246117728,45074
academic-performance?sex=girls&subject=mathematics,WorldMap,,,68016ae49c85a6fac8b57e7fd8031684,academic-performance?sex=girls&subject=mathematics_v0_850x600.svg,2,16,242686992,15034
academic-performance?sex=girls&subject=reading,WorldMap,,,171d45b72bc1a3813d65fd77e8e085b0,academic-performance?sex=girls&subject=reading_v0_850x600.svg,2,26,229692808,16356
academic-performance?sex=girls&subject=science,WorldMap,,,159202ec7d0dafcd736b591283e96e0a,academic-performance?sex=girls&subject=science_v0_850x600.svg,2,58,248608872,13684
academic-performance?sex=girls&subject=subject_side_by_side,LineChart,,,a769870d09b27d9fd4804cc90b35db27,academic-performance?sex=girls&subject=subject_side_by_side_v0_850x600.svg,4,40,246269304,45074
academic-performance?sex=sex_side_by_side&subject=mathematics,LineChart,,,64a85d895171bfaa9356a606311f8ed8,academic-performance?sex=sex_side_by_side&subject=mathematics_v0_850x600.svg,3,30,261437440,30058
academic-performance?sex=sex_side_by_side&subject=reading,LineChart,,,530d7df8a6387be6ac1776577d143be5,academic-performance?sex=sex_side_by_side&subject=reading_v0_850x600.svg,4,41,248987080,32760
academic-performance?sex=sex_side_by_side&subject=science,LineChart,,,d58b765efaa7a25694bfab1c4aed534c,academic-performance?sex=sex_side_by_side&subject=science_v0_850x600.svg,3,25,261104320,27330
asylum-seekers-and-refugees?age=all_ages&unit=per_capita&metric=asylum_seekers&direction=asylum,WorldMap,,,94ba3f812a24b9f1bb9ee8784a79f0d0,asylum-seekers-and-refugees?age=all_ages&unit=per_capita&metric=asylum_seekers&direction=asylum_v0_850x600.svg,8,57,225207344,142604
asylum-seekers-and-refugees?age=all_ages&unit=per_capita&metric=asylum_seekers&direction=origin,WorldMap,,,d1dec4c56e1825d2df985b4da06b7f08,asylum-seekers-and-refugees?age=all_ages&unit=per_capita&metric=asylum_seekers&direction=origin_v0_850x600.svg,11,62,246883184,165942
asylum-seekers-and-refugees?age=all_ages&unit=per_capita&metric=refugees&direction=asylum,WorldMap,,,5498bfbbc16c8bcfd4821a80eeee5ab1,asylum-seekers-and-refugees?age=all_ages&unit=per_capita&metric=refugees&direction=asylum_v0_850x600.svg,9,52,259339808,261214
asylum-seekers-and-refugees?age=all_ages&unit=per_capita&metric=refugees&direction=origin,WorldMap,,,8da041ea900c36496cddfc7c2a33e2de,asylum-seekers-and-refugees?age=all_ages&unit=per_capita&metric=refugees&direction=origin_v0_850x600.svg,9,53,257778320,256357
asylum-seekers-and-refugees?age=all_ages&unit=per_capita&metric=stateless&direction=asylum,WorldMap,,,db79d77bcca1379f5890aca2ce9c8a48,asylum-seekers-and-refugees?age=all_ages&unit=per_capita&metric=stateless&direction=asylum_v0_850x600.svg,8,48,223472816,110220
asylum-seekers-and-refugees?age=all_ages&unit=total&metric=asylum_seekers&direction=asylum,WorldMap,,,153df7205d2b58ba86d4dd6a7e59a1bc,asylum-seekers-and-refugees?age=all_ages&unit=total&metric=asylum_seekers&direction=asylum_v0_850x600.svg,9,51,223572824,124085
asylum-seekers-and-refugees?age=all_ages&unit=total&metric=asylum_seekers&direction=origin,WorldMap,,,36f33112d29f8924ed513eb082a47c7f,asylum-seekers-and-refugees?age=all_ages&unit=total&metric=asylum_seekers&direction=origin_v0_850x600.svg,6,43,248787904,144026
asylum-seekers-and-refugees?age=all_ages&unit=total&metric=refugees&direction=asylum,WorldMap,,,57c83b2bb211e2050214d9799bc9a2f5,asylum-seekers-and-refugees?age=all_ages&unit=total&metric=refugees&direction=asylum_v0_850x600.svg,7,42,242370824,227122
asylum-seekers-and-refugees?age=all_ages&unit=total&metric=refugees&direction=origin,WorldMap,,,da5d710fd83ba4200ca8d87c51cd46c7,asylum-seekers-and-refugees?age=all_ages&unit=total&metric=refugees&direction=origin_v0_850x600.svg,15,60,225477920,219492
asylum-seekers-and-refugees?age=all_ages&unit=total&metric=returned_refugees&direction=asylum,WorldMap,,,fd60d164184940c289d3defde500bb6f,asylum-seekers-and-refugees?age=all_ages&unit=total&metric=returned_refugees&direction=asylum_v0_850x600.svg,11,45,257354264,202339
asylum-seekers-and-refugees?age=all_ages&unit=total&metric=returned_refugees&direction=origin,WorldMap,,,92e17f82cce6cca188e5a961595187ff,asylum-seekers-and-refugees?age=all_ages&unit=total&metric=returned_refugees&direction=origin_v0_850x600.svg,7,39,242776728,203114
asylum-seekers-and-refugees?age=all_ages&unit=total&metric=stateless&direction=asylum,WorldMap,,,30f116a74c75d2b6ed0a2dee14a916d9,asylum-seekers-and-refugees?age=all_ages&unit=total&metric=stateless&direction=asylum_v0_850x600.svg,7,31,243278616,103855
asylum-seekers-and-refugees?age=under_18&unit=per_capita&metric=refugees&direction=asylum,WorldMap,,,beaff154a6a27bfd3da9c5829f52051f,asylum-seekers-and-refugees?age=under_18&unit=per_capita&metric=refugees&direction=asylum_v0_850x600.svg,4,29,269561520,111406
asylum-seekers-and-refugees?age=under_18&unit=per_capita&metric=refugees&direction=origin,WorldMap,,,8bddad9f0fdc955a63b09b1907ab4f88,asylum-seekers-and-refugees?age=under_18&unit=per_capita&metric=refugees&direction=origin_v0_850x600.svg,3,22,263788224,126069
asylum-seekers-and-refugees?age=under_18&unit=total&metric=refugees&direction=asylum,WorldMap,,,aee037e75bca787b7dafdf7d7d69f5e0,asylum-seekers-and-refugees?age=under_18&unit=total&metric=refugees&direction=asylum_v0_850x600.svg,4,28,263754720,115602
asylum-seekers-and-refugees?age=under_18&unit=total&metric=refugees&direction=origin,WorldMap,,,b701b968f01001f0f11cc0057040fd80,asylum-seekers-and-refugees?age=under_18&unit=total&metric=refugees&direction=origin_v0_850x600.svg,3,23,262098528,125774
children-not-in-school?sex=both&level=level_side_by_side&metric_type=number,StackedArea,,,424edc68dbfab8e5db883cfcef35e8cf,children-not-in-school?sex=both&level=level_side_by_side&metric_type=number_v0_850x600.svg,12,57,238510296,451049
children-not-in-school?sex=both&level=level_side_by_side&metric_type=rate,LineChart,,,aa035d15ee25278bdb8b27717553e3db,children-not-in-school?sex=both&level=level_side_by_side&metric_type=rate_v0_850x600.svg,14,54,258951608,483578
children-not-in-school?sex=both&level=lower_secondary&metric_type=number,WorldMap,,,ec653788a8d8578e5b85e4b0770691b3,children-not-in-school?sex=both&level=lower_secondary&metric_type=number_v0_850x600.svg,2,29,285079016,107418
children-not-in-school?sex=both&level=lower_secondary&metric_type=rate,WorldMap,,,ec82f9b3c784c38096eca200ef18888e,children-not-in-school?sex=both&level=lower_secondary&metric_type=rate_v0_850x600.svg,2,29,282881832,114360
children-not-in-school?sex=both&level=pre_primary&metric_type=number,WorldMap,,,0a2705423770fec7678c063092f5e55e,children-not-in-school?sex=both&level=pre_primary&metric_type=number_v0_850x600.svg,1,31,248197080,86651
children-not-in-school?sex=both&level=pre_primary&metric_type=rate,WorldMap,,,f13b3e8bccda14de75cd9f4a52bb5353,children-not-in-school?sex=both&level=pre_primary&metric_type=rate_v0_850x600.svg,3,30,247648696,96005
children-not-in-school?sex=both&level=primary&metric_type=number,WorldMap,,,372ecc2fdf868c61c40de5b323659c7a,children-not-in-school?sex=both&level=primary&metric_type=number_v0_850x600.svg,2,24,269463040,151015
children-not-in-school?sex=both&level=primary&metric_type=rate,WorldMap,,,a7690461ce1c741da07c758b328dffb2,children-not-in-school?sex=both&level=primary&metric_type=rate_v0_850x600.svg,2,27,258397680,160283
children-not-in-school?sex=both&level=upper_secondary&metric_type=number,WorldMap,,,d9c078033a69fd5bd2db7ff5996f106d,children-not-in-school?sex=both&level=upper_secondary&metric_type=number_v0_850x600.svg,3,29,268110120,105965
children-not-in-school?sex=both&level=upper_secondary&metric_type=rate,WorldMap,,,7ee3319b13e8c533223c4a629de8d502,children-not-in-school?sex=both&level=upper_secondary&metric_type=rate_v0_850x600.svg,1,27,267709720,112930
children-not-in-school?sex=female&level=level_side_by_side&metric_type=number,StackedArea,,,491fcba7bf29995d566233f0c23455c4,children-not-in-school?sex=female&level=level_side_by_side&metric_type=number_v0_850x600.svg,12,43,270292048,386292
children-not-in-school?sex=female&level=level_side_by_side&metric_type=rate,LineChart,,,4459b1f272c4e2ffd47857adc6a7bea9,children-not-in-school?sex=female&level=level_side_by_side&metric_type=rate_v0_850x600.svg,12,44,241316480,417643
children-not-in-school?sex=female&level=lower_secondary&metric_type=number,WorldMap,,,7dd22fa125b582e0d844e1da5339f0a6,children-not-in-school?sex=female&level=lower_secondary&metric_type=number_v0_850x600.svg,2,22,287825224,87342
children-not-in-school?sex=female&level=lower_secondary&metric_type=rate,WorldMap,,,19b103b1c968d68a17dd72ee790f24a6,children-not-in-school?sex=female&level=lower_secondary&metric_type=rate_v0_850x600.svg,2,21,277187888,93777
children-not-in-school?sex=female&level=pre_primary&metric_type=number,WorldMap,,,42e753ae35d8ccf70b4fc694f8b10a25,children-not-in-school?sex=female&level=pre_primary&metric_type=number_v0_850x600.svg,1,23,284046600,82295
children-not-in-school?sex=female&level=pre_primary&metric_type=rate,WorldMap,,,20900b7ee1ec713f73f81d5376f91843,children-not-in-school?sex=female&level=pre_primary&metric_type=rate_v0_850x600.svg,2,23,283973848,91359
children-not-in-school?sex=female&level=primary&metric_type=number,WorldMap,,,17c1e5f0910e47e56b8fbba564749472,children-not-in-school?sex=female&level=primary&metric_type=number_v0_850x600.svg,1,27,262326480,118047
children-not-in-school?sex=female&level=primary&metric_type=rate,WorldMap,,,b40c3a21d0d9c76fa58b70da4b30436c,children-not-in-school?sex=female&level=primary&metric_type=rate_v0_850x600.svg,1,23,298286200,126542
children-not-in-school?sex=female&level=upper_secondary&metric_type=number,WorldMap,,,e16a8a47d15f809f9a5e6ff0e4703f36,children-not-in-school?sex=female&level=upper_secondary&metric_type=number_v0_850x600.svg,2,32,289744592,98608
children-not-in-school?sex=female&level=upper_secondary&metric_type=rate,WorldMap,,,60b786c0003c69a120004d0eb781054d,children-not-in-school?sex=female&level=upper_secondary&metric_type=rate_v0_850x600.svg,1,33,260999640,105965
children-not-in-school?sex=male&level=level_side_by_side&metric_type=number,StackedArea,,,30e778c06a40f751ae970ef1b4e12725,children-not-in-school?sex=male&level=level_side_by_side&metric_type=number_v0_850x600.svg,12,48,274387400,386582
children-not-in-school?sex=male&level=level_side_by_side&metric_type=rate,LineChart,,,dc57cc14923111ec5bc4d4c170ec48d8,children-not-in-school?sex=male&level=level_side_by_side&metric_type=rate_v0_850x600.svg,13,43,269407144,417904
children-not-in-school?sex=male&level=lower_secondary&metric_type=number,WorldMap,,,18b1def4a158ace567a26129f38b6f53,children-not-in-school?sex=male&level=lower_secondary&metric_type=number_v0_850x600.svg,1,23,280697456,87129
children-not-in-school?sex=male&level=lower_secondary&metric_type=rate,WorldMap,,,782f711d022b74b2c9886cb74456ff1c,children-not-in-school?sex=male&level=lower_secondary&metric_type=rate_v0_850x600.svg,2,20,278026440,93528
children-not-in-school?sex=male&level=pre_primary&metric_type=number,WorldMap,,,13aef6f36bdee4e378021473acee429f,children-not-in-school?sex=male&level=pre_primary&metric_type=number_v0_850x600.svg,1,23,277119208,82616
children-not-in-school?sex=male&level=pre_primary&metric_type=rate,WorldMap,,,855be90df138c7e920cf49032cb89538,children-not-in-school?sex=male&level=pre_primary&metric_type=rate_v0_850x600.svg,2,26,264340408,91900
children-not-in-school?sex=male&level=primary&metric_type=number,WorldMap,,,a7308e4a2570365d8b6df05eb386e92d,children-not-in-school?sex=male&level=primary&metric_type=number_v0_850x600.svg,2,24,301117112,118096
children-not-in-school?sex=male&level=primary&metric_type=rate,WorldMap,,,91580051965b5c16be281bffc92f03ae,children-not-in-school?sex=male&level=primary&metric_type=rate_v0_850x600.svg,2,25,299020624,126472
children-not-in-school?sex=male&level=upper_secondary&metric_type=number,WorldMap,,,98061428e60e03a4b32a25f51d9b5489,children-not-in-school?sex=male&level=upper_secondary&metric_type=number_v0_850x600.svg,3,26,288706152,98741
children-not-in-school?sex=male&level=upper_secondary&metric_type=rate,WorldMap,,,7892bfa709a73b2c2ff4418cf76a1ec4,children-not-in-school?sex=male&level=upper_secondary&metric_type=rate_v0_850x600.svg,2,27,293289320,106004
children-not-in-school?sex=sex_side_by_side&level=lower_secondary&metric_type=number,StackedArea,,,4bd687c5bc585ed066ad297fc2a3fb0a,children-not-in-school?sex=sex_side_by_side&level=lower_secondary&metric_type=number_v0_850x600.svg,4,39,275839112,174471
children-not-in-school?sex=sex_side_by_side&level=lower_secondary&metric_type=rate,LineChart,,,7b5a205f49b19063fad8d9a572fa6574,children-not-in-school?sex=sex_side_by_side&level=lower_secondary&metric_type=rate_v0_850x600.svg,4,28,283944520,187305
children-not-in-school?sex=sex_side_by_side&level=pre_primary&metric_type=number,StackedArea,,,5362ddec65c8e183aed1cbac087522c8,children-not-in-school?sex=sex_side_by_side&level=pre_primary&metric_type=number_v0_850x600.svg,5,38,265247960,164911
children-not-in-school?sex=sex_side_by_side&level=pre_primary&metric_type=rate,LineChart,,,894ae58655c4c3c0b474dea119639c9e,children-not-in-school?sex=sex_side_by_side&level=pre_primary&metric_type=rate_v0_850x600.svg,5,25,318372616,183259
children-not-in-school?sex=sex_side_by_side&level=primary&metric_type=number,StackedArea,,,43674defbbe8c2ac5a33cb2ed3075060,children-not-in-school?sex=sex_side_by_side&level=primary&metric_type=number_v0_850x600.svg,4,30,273846776,236143
children-not-in-school?sex=sex_side_by_side&level=primary&metric_type=rate,LineChart,,,c9831a9d1f2722a5435494d4228eb4d9,children-not-in-school?sex=sex_side_by_side&level=primary&metric_type=rate_v0_850x600.svg,5,25,275758488,253014
children-not-in-school?sex=sex_side_by_side&level=upper_secondary&metric_type=number,StackedArea,,,4dfe17f7dbceef41d65e7a8af5aa8692,children-not-in-school?sex=sex_side_by_side&level=upper_secondary&metric_type=number_v0_850x600.svg,5,31,305963432,197349
children-not-in-school?sex=sex_side_by_side&level=upper_secondary&metric_type=rate,LineChart,,,ee0970ba98d7c10b453b4632ec30612b,children-not-in-school?sex=sex_side_by_side&level=upper_secondary&metric_type=rate_v0_850x600.svg,3,22,291629160,211969
education-spending?level=all&spending_type=constant_ppp,WorldMap,,,2cb44e5640fbfd7e8b98406de0f11aa4,education-spending?level=all&spending_type=constant_ppp_v0_850x600.svg,1,20,293625328,108170
education-spending?level=all&spending_type=gdp_share,WorldMap,,,8cefb5192e20462bd22386fbbd53b4af,education-spending?level=all&spending_type=gdp_share_v0_850x600.svg,2,26,287618520,164684
education-spending?level=all&spending_type=per_student,WorldMap,,,2937e19310d8fe334c356cc8180c0c72,education-spending?level=all&spending_type=per_student_v0_850x600.svg,2,22,288664168,58404
education-spending?level=all&spending_type=total_government,WorldMap,,,b554c439ddbc43be0e2ed30bcfe3b8f4,education-spending?level=all&spending_type=total_government_v0_850x600.svg,1,27,297513704,140463
education-spending?level=level_side_by_side&spending_type=constant_ppp,StackedBar,,,61ac38d72bba95e9a1db640b705190f8,education-spending?level=level_side_by_side&spending_type=constant_ppp_v0_850x600.svg,5,37,325567752,359306
education-spending?level=level_side_by_side&spending_type=gdp_share,StackedBar,,,729e77aa2fcec3351bb925d5ef984781,education-spending?level=level_side_by_side&spending_type=gdp_share_v0_850x600.svg,7,39,325993128,467016
education-spending?level=level_side_by_side&spending_type=per_student,StackedBar,,,af134e8a98581edff12697ef98240065,education-spending?level=level_side_by_side&spending_type=per_student_v0_850x600.svg,6,32,290761608,294424
education-spending?level=lower_secondary&spending_type=constant_ppp,WorldMap,,,8193556e893309616359e9ee5c021465,education-spending?level=lower_secondary&spending_type=constant_ppp_v0_850x600.svg,2,19,301529424,53904
education-spending?level=lower_secondary&spending_type=gdp_share,WorldMap,,,89cb927e5d342be2175b8a5b30cbc7e4,education-spending?level=lower_secondary&spending_type=gdp_share_v0_850x600.svg,1,20,304089000,55878
education-spending?level=lower_secondary&spending_type=per_student,WorldMap,,,688764ba0791bf155fd19c450a114dd7,education-spending?level=lower_secondary&spending_type=per_student_v0_850x600.svg,1,19,311664944,48496
education-spending?level=preprimary&spending_type=constant_ppp,WorldMap,,,5cb42d3a20d4df46d5720b0a8567b3e6,education-spending?level=preprimary&spending_type=constant_ppp_v0_850x600.svg,1,21,276660208,82357
education-spending?level=preprimary&spending_type=gdp_share,WorldMap,,,c6a96ec1d693d89bb63c569a297a7ba2,education-spending?level=preprimary&spending_type=gdp_share_v0_850x600.svg,2,24,286276960,110052
education-spending?level=preprimary&spending_type=per_student,WorldMap,,,ce9a4370817b78dd5138e8b39a8afc90,education-spending?level=preprimary&spending_type=per_student_v0_850x600.svg,1,22,308331528,74461
education-spending?level=primary&spending_type=constant_ppp,WorldMap,,,e51ba626554fd4c5151537702ba1579c,education-spending?level=primary&spending_type=constant_ppp_v0_850x600.svg,2,20,283543376,80946
education-spending?level=primary&spending_type=gdp_share,WorldMap,,,417dea2b98209449ee49a8309217017a,education-spending?level=primary&spending_type=gdp_share_v0_850x600.svg,1,20,305698488,116478
education-spending?level=primary&spending_type=per_student,WorldMap,,,8347c74c320593bbce4e263dba5e2b13,education-spending?level=primary&spending_type=per_student_v0_850x600.svg,1,19,300638248,63993
education-spending?level=tertiary&spending_type=constant_ppp,WorldMap,,,b750628b2c1201f58110bb930f7349d8,education-spending?level=tertiary&spending_type=constant_ppp_v0_850x600.svg,1,22,293465912,87018
education-spending?level=tertiary&spending_type=gdp_share,WorldMap,,,daeff64678c76b01fa216e5c946ede19,education-spending?level=tertiary&spending_type=gdp_share_v0_850x600.svg,2,28,308394104,126847
education-spending?level=tertiary&spending_type=per_student,WorldMap,,,b4636c10e160b4b2ee52a04550003974,education-spending?level=tertiary&spending_type=per_student_v0_850x600.svg,1,20,299638072,59840
education-spending?level=upper_secondary&spending_type=constant_ppp,WorldMap,,,340bf6fef93f0b009964344d7b2d56f4,education-spending?level=upper_secondary&spending_type=constant_ppp_v0_850x600.svg,1,14,319378472,55081
education-spending?level=upper_secondary&spending_type=gdp_share,WorldMap,,,1bea7f1b98910645e1980b3c46823086,education-spending?level=upper_secondary&spending_type=gdp_share_v0_850x600.svg,1,20,289316888,57761
education-spending?level=upper_secondary&spending_type=per_student,WorldMap,,,647ee48247c3837d1b3dada4c268fd84,education-spending?level=upper_secondary&spending_type=per_student_v0_850x600.svg,1,17,314648752,47634
electricity-mix?metric=by_source&source=fossil&frequency=annual,StackedArea,,,d40300f3944e3c5dcc74d2dc7af2593d,electricity-mix?metric=by_source&source=fossil&frequency=annual_v0_850x600.svg,11,28,316855096,625500
electricity-mix?metric=by_source&source=fossil&frequency=monthly,StackedArea,,,b3e638df8593731e47a0f44201f55ce8,electricity-mix?metric=by_source&source=fossil&frequency=monthly_v0_850x600.svg,69,82,323806544,870189
electricity-mix?metric=by_source&source=low_carbon&frequency=annual,StackedArea,,,092012b4971971ef1a6c7646fc1c7fbf,electricity-mix?metric=by_source&source=low_carbon&frequency=annual_v0_850x600.svg,19,47,302140048,1533331
electricity-mix?metric=by_source&source=low_carbon&frequency=monthly,StackedArea,,,bb8d8fa4000d980f85329414fb2c8725,electricity-mix?metric=by_source&source=low_carbon&frequency=monthly_v0_850x600.svg,191,214,312534744,1673804
electricity-mix?metric=by_source&source=renewables&frequency=annual,StackedArea,,,d154d769fece2d12e341e561029ceb3c,electricity-mix?metric=by_source&source=renewables&frequency=annual_v0_850x600.svg,21,40,324552744,1261235
electricity-mix?metric=by_source&source=renewables&frequency=monthly,StackedArea,,,563365e68203b471fe28fd4069dd8b36,electricity-mix?metric=by_source&source=renewables&frequency=monthly_v0_850x600.svg,163,183,345914176,1507381
electricity-mix?metric=by_source&source=solar_and_wind&frequency=annual,StackedArea,,,b82d0975bb33781df33c7af65bf49d57,electricity-mix?metric=by_source&source=solar_and_wind&frequency=annual_v0_850x600.svg,12,26,293006432,463307
electricity-mix?metric=by_source&source=solar_and_wind&frequency=monthly,StackedArea,,,99a68a93db1961f46762cf6d5c30cc6e,electricity-mix?metric=by_source&source=solar_and_wind&frequency=monthly_v0_850x600.svg,104,121,338738488,601827
electricity-mix?metric=by_source&source=total&frequency=annual,StackedArea,,,371ba54e084a9f8aec6edda4c6589bdb,electricity-mix?metric=by_source&source=total&frequency=annual_v0_850x600.svg,40,86,214095784,2158831
electricity-mix?metric=by_source&source=total&frequency=monthly,StackedArea,,,c3de3f5aafbd16e72239dc117caca8d6,electricity-mix?metric=by_source&source=total&frequency=monthly_v0_850x600.svg,273,296,318776520,2543993
electricity-mix?metric=by_source_per_capita&source=fossil&frequency=annual,StackedArea,,,1df4d0a4bc796a9c1e5793808a65b3f9,electricity-mix?metric=by_source_per_capita&source=fossil&frequency=annual_v0_850x600.svg,20,34,347378768,607343
electricity-mix?metric=by_source_per_capita&source=fossil&frequency=monthly,StackedArea,,,d828ea6049516617c5171f88f933475c,electricity-mix?metric=by_source_per_capita&source=fossil&frequency=monthly_v0_850x600.svg,52,64,207464216,871692
electricity-mix?metric=by_source_per_capita&source=low_carbon&frequency=annual,StackedArea,,,d10a1415a7f806ff526325df57042314,electricity-mix?metric=by_source_per_capita&source=low_carbon&frequency=annual_v0_850x600.svg,22,34,253525832,1446003
electricity-mix?metric=by_source_per_capita&source=low_carbon&frequency=monthly,StackedArea,,,91121cbc5763c239a3c63c18077a8770,electricity-mix?metric=by_source_per_capita&source=low_carbon&frequency=monthly_v0_850x600.svg,188,210,224221696,1646922
electricity-mix?metric=by_source_per_capita&source=renewables&frequency=annual,StackedArea,,,d9d8e748d5caa1dd82a6ac8834d2b5b3,electricity-mix?metric=by_source_per_capita&source=renewables&frequency=annual_v0_850x600.svg,15,29,284045032,1195496
electricity-mix?metric=by_source_per_capita&source=renewables&frequency=monthly,StackedArea,,,95b4f9ab0b226aa84c1ad68bbab41e13,electricity-mix?metric=by_source_per_capita&source=renewables&frequency=monthly_v0_850x600.svg,118,141,338855424,1493829
electricity-mix?metric=by_source_per_capita&source=solar_and_wind&frequency=annual,StackedArea,,,2ce0ff507ded9185bab3fc50c50c455e,electricity-mix?metric=by_source_per_capita&source=solar_and_wind&frequency=annual_v0_850x600.svg,8,18,227598080,436475
electricity-mix?metric=by_source_per_capita&source=solar_and_wind&frequency=monthly,StackedArea,,,701adf690280bd992828eb9e027fc31a,electricity-mix?metric=by_source_per_capita&source=solar_and_wind&frequency=monthly_v0_850x600.svg,43,54,276629432,605079
electricity-mix?metric=by_source_per_capita&source=total&frequency=annual,StackedArea,,,cb548d792e68e84059afa30f8b95f7e9,electricity-mix?metric=by_source_per_capita&source=total&frequency=annual_v0_850x600.svg,53,73,326597856,2053346
electricity-mix?metric=by_source_per_capita&source=total&frequency=monthly,StackedArea,,,bd0dbd96db4b041777b7b70cf72208fc,electricity-mix?metric=by_source_per_capita&source=total&frequency=monthly_v0_850x600.svg,136,150,270757616,2518614
electricity-mix?metric=carbon_intensity&source=total&frequency=annual,WorldMap,,,4cb6a36a9ea93ac1cb89716ce9295963,electricity-mix?metric=carbon_intensity&source=total&frequency=annual_v0_850x600.svg,2,18,240757768,192952
electricity-mix?metric=carbon_intensity&source=total&frequency=monthly,LineChart,,,5b8bb247916f8eb0a6a2910a1bcb3023,electricity-mix?metric=carbon_intensity&source=total&frequency=monthly_v0_850x600.svg,31,49,258552072,372099
electricity-mix?metric=demand&source=total&frequency=annual,WorldMap,,,d9cfe7dda84b867bd2faaff433818279,electricity-mix?metric=demand&source=total&frequency=annual_v0_850x600.svg,3,35,344088864,188357
electricity-mix?metric=demand&source=total&frequency=monthly,LineChart,,,21b11203039ba90373853fb5b2ce9f28,electricity-mix?metric=demand&source=total&frequency=monthly_v0_850x600.svg,25,46,343437728,346970
electricity-mix?metric=demand_per_capita&source=total&frequency=annual,WorldMap,,,8ea72f329b6b7dd396bc71549102f231,electricity-mix?metric=demand_per_capita&source=total&frequency=annual_v0_850x600.svg,5,28,196587200,200971
electricity-mix?metric=demand_per_capita&source=total&frequency=monthly,LineChart,,,7f9de78b26cb27d5666e1be42097f073,electricity-mix?metric=demand_per_capita&source=total&frequency=monthly_v0_850x600.svg,17,33,263184640,355852
electricity-mix?metric=generation&source=bioenergy&frequency=annual,WorldMap,,,8fe01d82669344bf7bf1451d417d2d7d,electricity-mix?metric=generation&source=bioenergy&frequency=annual_v0_850x600.svg,2,26,335912736,177449
electricity-mix?metric=generation&source=bioenergy&frequency=monthly,LineChart,,,b0dbc83dd29bd18f132b7766cdc373b8,electricity-mix?metric=generation&source=bioenergy&frequency=monthly_v0_850x600.svg,22,47,196379520,268784
electricity-mix?metric=generation&source=coal&frequency=annual,WorldMap,,,9ba350947455c5d9a8ddc1bfdaa8a472,electricity-mix?metric=generation&source=coal&frequency=annual_v0_850x600.svg,1,21,284923064,207065
electricity-mix?metric=generation&source=coal&frequency=monthly,LineChart,,,0dfeb8e1630dcbe4849b4e45d260bd20,electricity-mix?metric=generation&source=coal&frequency=monthly_v0_850x600.svg,14,34,221494384,273232
electricity-mix?metric=generation&source=fossil&frequency=annual,WorldMap,,,5a86e17be47419ac9050b9eba938d9e2,electricity-mix?metric=generation&source=fossil&frequency=annual_v0_850x600.svg,3,37,323361912,218913
electricity-mix?metric=generation&source=fossil&frequency=monthly,LineChart,,,3e9e9f6f79b414085f913c6f2251ed50,electricity-mix?metric=generation&source=fossil&frequency=monthly_v0_850x600.svg,33,65,241649656,342443
electricity-mix?metric=generation&source=gas&frequency=annual,WorldMap,,,d9397aae63cdb04b59946696f7d8a91d,electricity-mix?metric=generation&source=gas&frequency=annual_v0_850x600.svg,3,36,316358464,205462
electricity-mix?metric=generation&source=gas&frequency=monthly,LineChart,,,6ffc6ae08539afda30cbd02f13d31396,electricity-mix?metric=generation&source=gas&frequency=monthly_v0_850x600.svg,18,41,290246968,309154
electricity-mix?metric=generation&source=hydro&frequency=annual,WorldMap,,,8f8d8f0bc73fa1e23b00ad5f3b858176,electricity-mix?metric=generation&source=hydro&frequency=annual_v0_850x600.svg,2,32,246373896,274686
electricity-mix?metric=generation&source=hydro&frequency=monthly,LineChart,,,48d666cf31643a59145e34e62e6c4b21,electricity-mix?metric=generation&source=hydro&frequency=monthly_v0_850x600.svg,19,43,204471776,312408
electricity-mix?metric=generation&source=low_carbon&frequency=annual,WorldMap,,,08d2794c071728321469feff1ec4fc73,electricity-mix?metric=generation&source=low_carbon&frequency=annual_v0_850x600.svg,4,36,340262712,248891
electricity-mix?metric=generation&source=low_carbon&frequency=monthly,LineChart,,,cabbf1101abc8478b38f6e506c6ff313,electricity-mix?metric=generation&source=low_carbon&frequency=monthly_v0_850x600.svg,25,53,189981320,336670
electricity-mix?metric=generation&source=nuclear&frequency=annual,WorldMap,,,0d4eaa5bf8f83f1749a4f60e527b0068,electricity-mix?metric=generation&source=nuclear&frequency=annual_v0_850x600.svg,3,23,269600160,272096
electricity-mix?metric=generation&source=nuclear&frequency=monthly,LineChart,,,ec23ebafdd93923ca0362bda408a9992,electricity-mix?metric=generation&source=nuclear&frequency=monthly_v0_850x600.svg,14,33,227675592,166423
electricity-mix?metric=generation&source=oil&frequency=annual,WorldMap,,,15a0dd0d1943ad6e527abfc539e1ba9f,electricity-mix?metric=generation&source=oil&frequency=annual_v0_850x600.svg,3,26,268724432,212973
electricity-mix?metric=generation&source=oil&frequency=monthly,LineChart,,,8bd284b880a1820aa68fb67bd42e6981,electricity-mix?metric=generation&source=oil&frequency=monthly_v0_850x600.svg,19,41,205347072,287803
electricity-mix?metric=generation&source=other_renewables&frequency=annual,WorldMap,,,8ff35933a83511fb342deb59245ea87b,electricity-mix?metric=generation&source=other_renewables&frequency=annual_v0_850x600.svg,3,32,201326752,170585
electricity-mix?metric=generation&source=other_renewables&frequency=monthly,LineChart,,,f7beab528f75c438092d022ae7de2a82,electricity-mix?metric=generation&source=other_renewables&frequency=monthly_v0_850x600.svg,13,31,268747472,263424
electricity-mix?metric=generation&source=renewables&frequency=annual,WorldMap,,,141cee183c7bd29384dcec45da734aa7,electricity-mix?metric=generation&source=renewables&frequency=annual_v0_850x600.svg,1,24,292417296,248532
electricity-mix?metric=generation&source=renewables&frequency=monthly,LineChart,,,9cdd7be4b6cdef356dccc97cf1ee7686,electricity-mix?metric=generation&source=renewables&frequency=monthly_v0_850x600.svg,24,46,238000968,335712
electricity-mix?metric=generation&source=solar&frequency=annual,WorldMap,,,7cbe21f09ec07afffaf10bc3cde37229,electricity-mix?metric=generation&source=solar&frequency=annual_v0_850x600.svg,2,30,213148272,233663
electricity-mix?metric=generation&source=solar&frequency=monthly,LineChart,,,e2045fbbfdc3f012dca47770b70252cf,electricity-mix?metric=generation&source=solar&frequency=monthly_v0_850x600.svg,26,50,205352040,289718
electricity-mix?metric=generation&source=solar_and_wind&frequency=annual,WorldMap,,,fb4355061c9623ec85e82b2f6cd9432d,electricity-mix?metric=generation&source=solar_and_wind&frequency=annual_v0_850x600.svg,3,31,228463760,232238
electricity-mix?metric=generation&source=solar_and_wind&frequency=monthly,LineChart,,,3435cf228a674034fdaa13ce51d68159,electricity-mix?metric=generation&source=solar_and_wind&frequency=monthly_v0_850x600.svg,13,29,270318416,292647
electricity-mix?metric=generation&source=total&frequency=annual,WorldMap,,,6ef2f5e6f215e4afa4322caee59cc9a0,electricity-mix?metric=generation&source=total&frequency=annual_v0_850x600.svg,2,24,259727872,236666
electricity-mix?metric=generation&source=total&frequency=monthly,LineChart,,,b5f16e1dfc6aaaed3a90d7c931025c07,electricity-mix?metric=generation&source=total&frequency=monthly_v0_850x600.svg,22,42,220791648,347090
electricity-mix?metric=generation&source=wind&frequency=annual,WorldMap,,,34a6202bf1a1fcab3344863e916642c2,electricity-mix?metric=generation&source=wind&frequency=annual_v0_850x600.svg,2,32,261715432,229644
electricity-mix?metric=generation&source=wind&frequency=monthly,LineChart,,,098a2402e3e2da2f40aafc22a67d74f6,electricity-mix?metric=generation&source=wind&frequency=monthly_v0_850x600.svg,17,34,275969496,312109
electricity-mix?metric=imports_share&source=total&frequency=annual,WorldMap,,,b894a04135e20a8ac5b4480bd716eb4a,electricity-mix?metric=imports_share&source=total&frequency=annual_v0_850x600.svg,1,21,287110336,184407
electricity-mix?metric=imports_share&source=total&frequency=monthly,LineChart,,,35b47d015f1d05c42d3129b6d2b35159,electricity-mix?metric=imports_share&source=total&frequency=monthly_v0_850x600.svg,14,35,218442144,241808
electricity-mix?metric=net_imports&source=total&frequency=annual,WorldMap,,,21d823cc6d42e1f1b767b81bd0bd6b06,electricity-mix?metric=net_imports&source=total&frequency=annual_v0_850x600.svg,1,29,227432600,170160
electricity-mix?metric=net_imports&source=total&frequency=monthly,LineChart,,,8453d100ebaeed4e62ac55b74cdb4fd8,electricity-mix?metric=net_imports&source=total&frequency=monthly_v0_850x600.svg,10,26,278088048,209062
electricity-mix?metric=per_capita&source=bioenergy&frequency=annual,WorldMap,,,08a8ca8d6b1dc237e4ee795e183c1688,electricity-mix?metric=per_capita&source=bioenergy&frequency=annual_v0_850x600.svg,2,26,237621920,181423
electricity-mix?metric=per_capita&source=bioenergy&frequency=monthly,LineChart,,,66493a690ffc3b56a1405e845129537a,electricity-mix?metric=per_capita&source=bioenergy&frequency=monthly_v0_850x600.svg,19,36,255126272,266805
electricity-mix?metric=per_capita&source=coal&frequency=annual,WorldMap,,,475c5d500c834a5e81b89134f3ffbe72,electricity-mix?metric=per_capita&source=coal&frequency=annual_v0_850x600.svg,1,22,297878304,195163
electricity-mix?metric=per_capita&source=coal&frequency=monthly,LineChart,,,a83afbe52cb74a25597491dee783d9df,electricity-mix?metric=per_capita&source=coal&frequency=monthly_v0_850x600.svg,16,39,214687248,269273
electricity-mix?metric=per_capita&source=fossil&frequency=annual,WorldMap,,,2806c7efed7dac6ea997b07e9efbe84c,electricity-mix?metric=per_capita&source=fossil&frequency=annual_v0_850x600.svg,2,30,249995416,220141
electricity-mix?metric=per_capita&source=fossil&frequency=monthly,LineChart,,,ccc1e8a3e50de7a616996561b8a689c7,electricity-mix?metric=per_capita&source=fossil&frequency=monthly_v0_850x600.svg,14,35,285046432,351877
electricity-mix?metric=per_capita&source=gas&frequency=annual,WorldMap,,,e21c8f8a04151de86fd914c5dcf4ca6d,electricity-mix?metric=per_capita&source=gas&frequency=annual_v0_850x600.svg,2,29,259169800,196578
electricity-mix?metric=per_capita&source=gas&frequency=monthly,LineChart,,,696fd220c9a4293e7ca476459893540b,electricity-mix?metric=per_capita&source=gas&frequency=monthly_v0_850x600.svg,16,35,255557600,313863
electricity-mix?metric=per_capita&source=hydro&frequency=annual,WorldMap,,,dacbab7a9d6e81abcc99700bf22ea1f6,electricity-mix?metric=per_capita&source=hydro&frequency=annual_v0_850x600.svg,2,34,280116304,269203
electricity-mix?metric=per_capita&source=hydro&frequency=monthly,LineChart,,,026a7fd5a438469fba5c23571b833e32,electricity-mix?metric=per_capita&source=hydro&frequency=monthly_v0_850x600.svg,20,40,215709280,318168
electricity-mix?metric=per_capita&source=low_carbon&frequency=annual,WorldMap,,,f2ae35fcde29518c11b77a04757b66e1,electricity-mix?metric=per_capita&source=low_carbon&frequency=annual_v0_850x600.svg,3,29,227654408,245134
electricity-mix?metric=per_capita&source=low_carbon&frequency=monthly,LineChart,,,c77c74e5a42b18efedef6a9ae44b81b0,electricity-mix?metric=per_capita&source=low_carbon&frequency=monthly_v0_850x600.svg,22,44,220456224,345693
electricity-mix?metric=per_capita&source=nuclear&frequency=annual,WorldMap,,,32010e94895212924b64dcc7b0912d34,electricity-mix?metric=per_capita&source=nuclear&frequency=annual_v0_850x600.svg,2,23,308777504,250507
electricity-mix?metric=per_capita&source=nuclear&frequency=monthly,LineChart,,,ee4d694619d0f1aa68c6027dc02acd4c,electricity-mix?metric=per_capita&source=nuclear&frequency=monthly_v0_850x600.svg,7,22,293636984,153093
electricity-mix?metric=per_capita&source=oil&frequency=annual,WorldMap,,,708e45bfd9e168bd0a180ff08b7e9151,electricity-mix?metric=per_capita&source=oil&frequency=annual_v0_850x600.svg,2,30,249304096,215602
electricity-mix?metric=per_capita&source=oil&frequency=monthly,LineChart,,,12b662bf821165930184c5312ac08ffa,electricity-mix?metric=per_capita&source=oil&frequency=monthly_v0_850x600.svg,14,29,305331512,288556
electricity-mix?metric=per_capita&source=other_renewables&frequency=annual,WorldMap,,,f49a3e76c59eb695694656341c24cb46,electricity-mix?metric=per_capita&source=other_renewables&frequency=annual_v0_850x600.svg,2,22,243900352,164075
electricity-mix?metric=per_capita&source=other_renewables&frequency=monthly,LineChart,,,3e64c4577608e0cd5696a7ab46473e29,electricity-mix?metric=per_capita&source=other_renewables&frequency=monthly_v0_850x600.svg,14,30,290926344,242839
electricity-mix?metric=per_capita&source=renewables&frequency=annual,WorldMap,,,1d57c91ebd758bf2a1c0389dd04bf3a4,electricity-mix?metric=per_capita&source=renewables&frequency=annual_v0_850x600.svg,4,29,239258424,244970
electricity-mix?metric=per_capita&source=renewables&frequency=monthly,LineChart,,,66766523c44567a22d3ee98c30926c1a,electricity-mix?metric=per_capita&source=renewables&frequency=monthly_v0_850x600.svg,18,39,224948896,345397
electricity-mix?metric=per_capita&source=solar&frequency=annual,WorldMap,,,8127b02ee350ef01d94db43790378e32,electricity-mix?metric=per_capita&source=solar&frequency=annual_v0_850x600.svg,2,28,272063416,221070
electricity-mix?metric=per_capita&source=solar&frequency=monthly,LineChart,,,ea548f5569f30c0d852849518a3c1004,electricity-mix?metric=per_capita&source=solar&frequency=monthly_v0_850x600.svg,21,40,248356016,288827
electricity-mix?metric=per_capita&source=solar_and_wind&frequency=annual,WorldMap,,,8cda3351694e74769ca0298f5d392fd8,electricity-mix?metric=per_capita&source=solar_and_wind&frequency=annual_v0_850x600.svg,1,22,327965008,218978
electricity-mix?metric=per_capita&source=solar_and_wind&frequency=monthly,LineChart,,,a67f343bd25549d7644c822592b988a5,electricity-mix?metric=per_capita&source=solar_and_wind&frequency=monthly_v0_850x600.svg,13,29,287862080,285596
electricity-mix?metric=per_capita&source=total&frequency=annual,WorldMap,,,6cdca9f9d865ea69822c419df5ab5e8c,electricity-mix?metric=per_capita&source=total&frequency=annual_v0_850x600.svg,2,29,262321824,238834
electricity-mix?metric=per_capita&source=total&frequency=monthly,LineChart,,,f600a404005fb9af6328a28ca46da460,electricity-mix?metric=per_capita&source=total&frequency=monthly_v0_850x600.svg,21,40,282966648,355966
electricity-mix?metric=per_capita&source=wind&frequency=annual,WorldMap,,,5abeadc8e865c99414a0228be2a7df36,electricity-mix?metric=per_capita&source=wind&frequency=annual_v0_850x600.svg,2,26,297623248,215405
electricity-mix?metric=per_capita&source=wind&frequency=monthly,LineChart,,,b301b08261e26abc08b4698ce7a9d000,electricity-mix?metric=per_capita&source=wind&frequency=monthly_v0_850x600.svg,16,39,225780096,316252
electricity-mix?metric=share_of_generation&source=bioenergy&frequency=annual,WorldMap,,,1e4aae24683028d9d39b3a024d766092,electricity-mix?metric=share_of_generation&source=bioenergy&frequency=annual_v0_850x600.svg,1,19,304577768,193904
electricity-mix?metric=share_of_generation&source=bioenergy&frequency=monthly,LineChart,,,67af4dad852a89c8f29010a1fbeec24d,electricity-mix?metric=share_of_generation&source=bioenergy&frequency=monthly_v0_850x600.svg,18,37,249948048,306452
electricity-mix?metric=share_of_generation&source=coal&frequency=annual,WorldMap,,,4dbe278497d8511d24f8fd30c13feafc,electricity-mix?metric=share_of_generation&source=coal&frequency=annual_v0_850x600.svg,2,28,284436112,218220
electricity-mix?metric=share_of_generation&source=coal&frequency=monthly,LineChart,,,e4bc10d4a6f8464c90dcfc249c0aee3e,electricity-mix?metric=share_of_generation&source=coal&frequency=monthly_v0_850x600.svg,13,31,301125608,306237
electricity-mix?metric=share_of_generation&source=fossil&frequency=annual,WorldMap,,,bc404d16456344e94750a73fb5fb8f4e,electricity-mix?metric=share_of_generation&source=fossil&frequency=annual_v0_850x600.svg,1,23,327526512,235446
electricity-mix?metric=share_of_generation&source=fossil&frequency=monthly,LineChart,,,bd94b755b01ef21fc41069d09c8fa702,electricity-mix?metric=share_of_generation&source=fossil&frequency=monthly_v0_850x600.svg,24,43,295628792,383557
electricity-mix?metric=share_of_generation&source=gas&frequency=annual,WorldMap,,,c7d48d9ad5c687997e6a6331cea94c78,electricity-mix?metric=share_of_generation&source=gas&frequency=annual_v0_850x600.svg,2,27,252716480,219477
electricity-mix?metric=share_of_generation&source=gas&frequency=monthly,LineChart,,,5dbeac68b90031482f3f6b41b4695aed,electricity-mix?metric=share_of_generation&source=gas&frequency=monthly_v0_850x600.svg,20,42,229475288,350214
electricity-mix?metric=share_of_generation&source=hydro&frequency=annual,WorldMap,,,71cf19687df27b5d4c43d7dc2192d679,electricity-mix?metric=share_of_generation&source=hydro&frequency=annual_v0_850x600.svg,2,27,272731080,245633
electricity-mix?metric=share_of_generation&source=hydro&frequency=monthly,LineChart,,,e3a345795162f213720440cf07e419dc,electricity-mix?metric=share_of_generation&source=hydro&frequency=monthly_v0_850x600.svg,15,36,289737672,356324
electricity-mix?metric=share_of_generation&source=low_carbon&frequency=annual,WorldMap,,,4f3a47ecbc13e9fb16682c5049c79621,electricity-mix?metric=share_of_generation&source=low_carbon&frequency=annual_v0_850x600.svg,2,25,323699664,243604
electricity-mix?metric=share_of_generation&source=low_carbon&frequency=monthly,LineChart,,,19ce6fbb44fa9c96bf09b001197490f8,electricity-mix?metric=share_of_generation&source=low_carbon&frequency=monthly_v0_850x600.svg,21,40,267638384,379618
electricity-mix?metric=share_of_generation&source=nuclear&frequency=annual,WorldMap,,,1a7924710e160e5c23a7a798143b6216,electricity-mix?metric=share_of_generation&source=nuclear&frequency=annual_v0_850x600.svg,3,27,248532848,215409
electricity-mix?metric=share_of_generation&source=nuclear&frequency=monthly,LineChart,,,3a2196aa0dcb880b364df2322fe05aa6,electricity-mix?metric=share_of_generation&source=nuclear&frequency=monthly_v0_850x600.svg,11,28,277890312,187985
electricity-mix?metric=share_of_generation&source=oil&frequency=annual,WorldMap,,,791dd38c4eded4538f9a3486f74ae20b,electricity-mix?metric=share_of_generation&source=oil&frequency=annual_v0_850x600.svg,2,22,345963456,234072
electricity-mix?metric=share_of_generation&source=oil&frequency=monthly,LineChart,,,64a3323b7a8be86d6c33f1e33039338c,electricity-mix?metric=share_of_generation&source=oil&frequency=monthly_v0_850x600.svg,18,38,230576360,327989
electricity-mix?metric=share_of_generation&source=other_renewables&frequency=annual,WorldMap,,,be8382f4cc3a945b9e012dc0c346e8c5,electricity-mix?metric=share_of_generation&source=other_renewables&frequency=annual_v0_850x600.svg,2,20,306161384,175825
electricity-mix?metric=share_of_generation&source=other_renewables&frequency=monthly,LineChart,,,c858c8b80c6d823896cca4c7386ae114,electricity-mix?metric=share_of_generation&source=other_renewables&frequency=monthly_v0_850x600.svg,14,32,345473192,284161
electricity-mix?metric=share_of_generation&source=renewables&frequency=annual,WorldMap,,,a218e9d840adf330ed5aea0b367e0f60,electricity-mix?metric=share_of_generation&source=renewables&frequency=annual_v0_850x600.svg,2,27,271257248,244264
electricity-mix?metric=share_of_generation&source=renewables&frequency=monthly,LineChart,,,574f7b30dbf5f0a71f060027477971a1,electricity-mix?metric=share_of_generation&source=renewables&frequency=monthly_v0_850x600.svg,21,42,288281656,381066
electricity-mix?metric=share_of_generation&source=solar&frequency=annual,WorldMap,,,336c469bddd1f35754c4fa1f87862c0f,electricity-mix?metric=share_of_generation&source=solar&frequency=annual_v0_850x600.svg,3,28,289400360,225490
electricity-mix?metric=share_of_generation&source=solar&frequency=monthly,LineChart,,,fb042c0b1d4b9ed1c51e03dcd99748b4,electricity-mix?metric=share_of_generation&source=solar&frequency=monthly_v0_850x600.svg,16,32,310688496,328175
electricity-mix?metric=share_of_generation&source=solar_and_wind&frequency=annual,WorldMap,,,31348beee6567d0aafcadb78721a1c50,electricity-mix?metric=share_of_generation&source=solar_and_wind&frequency=annual_v0_850x600.svg,3,28,252525688,224605
electricity-mix?metric=share_of_generation&source=solar_and_wind&frequency=monthly,LineChart,,,c093a3aa485162b8e3c2ebdccac1f9e3,electricity-mix?metric=share_of_generation&source=solar_and_wind&frequency=monthly_v0_850x600.svg,22,41,273374968,324074
electricity-mix?metric=share_of_generation&source=wind&frequency=annual,WorldMap,,,d3cfa8127a606c91b42754a11ac302c5,electricity-mix?metric=share_of_generation&source=wind&frequency=annual_v0_850x600.svg,2,22,367284728,220157
electricity-mix?metric=share_of_generation&source=wind&frequency=monthly,LineChart,,,64c75bd02e6541d6d09143d9ef148f4a,electricity-mix?metric=share_of_generation&source=wind&frequency=monthly_v0_850x600.svg,21,40,296997784,354821
energy-mix?metric=annual_change&source=biofuels,WorldMap,,,ad931e0973ed02ab294e5d525225e371,energy-mix?metric=annual_change&source=biofuels_v0_850x600.svg,2,16,322230976,94489
energy-mix?metric=annual_change&source=coal,WorldMap,,,21e552f16f3531e19dabab9211b3a682,energy-mix?metric=annual_change&source=coal_v0_850x600.svg,2,20,302017872,178549
energy-mix?metric=annual_change&source=fossil_fuels,WorldMap,,,eeae132b8fbf4801b127eaee5be81e9c,energy-mix?metric=annual_change&source=fossil_fuels_v0_850x600.svg,2,20,266878056,162147
energy-mix?metric=annual_change&source=gas,WorldMap,,,7aad2b49bf046fb5d4d463d05776f266,energy-mix?metric=annual_change&source=gas_v0_850x600.svg,2,16,335782736,173084
energy-mix?metric=annual_change&source=hydro,WorldMap,,,8303dc9f4645431d43d2c6302af75560,energy-mix?metric=annual_change&source=hydro_v0_850x600.svg,2,16,329730528,185253
energy-mix?metric=annual_change&source=low_carbon_energy,WorldMap,,,d18a17741e0ea77f7f7491bf3ed93502,energy-mix?metric=annual_change&source=low_carbon_energy_v0_850x600.svg,2,19,316883848,186170
energy-mix?metric=annual_change&source=nuclear,WorldMap,,,ed0686007af3cbe97094f05d054f4ca9,energy-mix?metric=annual_change&source=nuclear_v0_850x600.svg,2,27,290066112,320213
energy-mix?metric=annual_change&source=oil,WorldMap,,,b048741fa4bf8507e5030c217ce8e926,energy-mix?metric=annual_change&source=oil_v0_850x600.svg,1,17,287170368,188173
energy-mix?metric=annual_change&source=other_renewables,WorldMap,,,85b2edde9c5e13251e2638e0360e2cc5,energy-mix?metric=annual_change&source=other_renewables_v0_850x600.svg,2,17,344075544,172440
energy-mix?metric=annual_change&source=renewables,WorldMap,,,8acd7feae9583a8e682560a1be05a9d3,energy-mix?metric=annual_change&source=renewables_v0_850x600.svg,2,18,308396888,186472
energy-mix?metric=annual_change&source=solar,WorldMap,,,3823b172cc2817890be4412b95787889,energy-mix?metric=annual_change&source=solar_v0_850x600.svg,2,19,262701464,165536
energy-mix?metric=annual_change&source=solar_and_wind,WorldMap,,,96e8c21770de31aeb4725852113b443d,energy-mix?metric=annual_change&source=solar_and_wind_v0_850x600.svg,2,21,290212656,213440
energy-mix?metric=annual_change&source=total,WorldMap,,,a88313412e59b251b7fe4c157692c2b5,energy-mix?metric=annual_change&source=total_v0_850x600.svg,3,28,270003600,394650
energy-mix?metric=annual_change&source=wind,WorldMap,,,d9dc2649c7d046f0ba4e51db1f7d68b3,energy-mix?metric=annual_change&source=wind_v0_850x600.svg,2,16,357358272,165461
energy-mix?metric=annual_change_pct&source=biofuels,WorldMap,,,7203bc6c546b1ed752aef9c03a7888de,energy-mix?metric=annual_change_pct&source=biofuels_v0_850x600.svg,1,15,319494280,63979
energy-mix?metric=annual_change_pct&source=coal,WorldMap,,,eceeb24c0f43ef88db03e6e01707c7f4,energy-mix?metric=annual_change_pct&source=coal_v0_850x600.svg,2,17,275945328,174102
energy-mix?metric=annual_change_pct&source=fossil_fuels,WorldMap,,,5075ab379c615dfa57e7c9908e7a6f69,energy-mix?metric=annual_change_pct&source=fossil_fuels_v0_850x600.svg,2,18,259638680,162536
energy-mix?metric=annual_change_pct&source=gas,WorldMap,,,9029335657fb9f1006b38d2d554c0560,energy-mix?metric=annual_change_pct&source=gas_v0_850x600.svg,2,18,303687296,172086
energy-mix?metric=annual_change_pct&source=hydro,WorldMap,,,008d8a05345bf36852a4d91583e14fd6,energy-mix?metric=annual_change_pct&source=hydro_v0_850x600.svg,1,15,370628336,167737
energy-mix?metric=annual_change_pct&source=low_carbon_energy,WorldMap,,,7efae760c1ce594c79a5c010854e3a8c,energy-mix?metric=annual_change_pct&source=low_carbon_energy_v0_850x600.svg,1,17,334393736,174702
energy-mix?metric=annual_change_pct&source=nuclear,WorldMap,,,8d7313520ccdcf764d27b799261fedd7,energy-mix?metric=annual_change_pct&source=nuclear_v0_850x600.svg,1,15,287120664,85646
energy-mix?metric=annual_change_pct&source=oil,WorldMap,,,d3aadd2432c69b648e57f9ccca874e69,energy-mix?metric=annual_change_pct&source=oil_v0_850x600.svg,2,19,273471144,188330
energy-mix?metric=annual_change_pct&source=other_renewables,WorldMap,,,c017ffc6b600c4ec7062dd3d1a4b8c71,energy-mix?metric=annual_change_pct&source=other_renewables_v0_850x600.svg,1,18,282936784,116417
energy-mix?metric=annual_change_pct&source=renewables,WorldMap,,,7957d955139b7289ea96acacfea30ba1,energy-mix?metric=annual_change_pct&source=renewables_v0_850x600.svg,2,20,318183872,174339
energy-mix?metric=annual_change_pct&source=solar,WorldMap,,,61c43c5a3e28c5559f413ad27cbcbba4,energy-mix?metric=annual_change_pct&source=solar_v0_850x600.svg,1,13,341454880,76341
energy-mix?metric=annual_change_pct&source=solar_and_wind,WorldMap,,,5b885a5102203cc07b0e8342be031692,energy-mix?metric=annual_change_pct&source=solar_and_wind_v0_850x600.svg,1,15,346175440,91655
energy-mix?metric=annual_change_pct&source=total,WorldMap,,,4a9c8459c8eaa39fa887d6cd11cbf7fd,energy-mix?metric=annual_change_pct&source=total_v0_850x600.svg,3,29,311545504,385351
energy-mix?metric=annual_change_pct&source=wind,WorldMap,,,ab14c44a76684ca262420438a889935d,energy-mix?metric=annual_change_pct&source=wind_v0_850x600.svg,2,16,284482040,84618
energy-mix?metric=by_source&source=fossil_fuels,StackedArea,,,4e80c826405de0305667e7b8d2690fa4,energy-mix?metric=by_source&source=fossil_fuels_v0_850x600.svg,13,25,302944080,541035
energy-mix?metric=by_source&source=low_carbon_energy,StackedArea,,,75e24e825085414f31082e36e29ad0b6,energy-mix?metric=by_source&source=low_carbon_energy_v0_850x600.svg,17,29,372858504,1105501
energy-mix?metric=by_source&source=renewables,StackedArea,,,7a007513ee6b9bf1894511243c1177af,energy-mix?metric=by_source&source=renewables_v0_850x600.svg,9,20,328189096,779697
energy-mix?metric=by_source&source=solar_and_wind,StackedArea,,,5a5e761e5d3df6c7a439a0de23524866,energy-mix?metric=by_source&source=solar_and_wind_v0_850x600.svg,6,17,331739928,331701
energy-mix?metric=by_source&source=total,StackedArea,,,9284d7aa5a5b7c6c5b6d6f32d4bf4f58,energy-mix?metric=by_source&source=total_v0_850x600.svg,42,60,288932352,1646536
energy-mix?metric=by_source_per_capita&source=fossil_fuels,StackedArea,,,1852e600b34b043278f7c07d5c4a5e9a,energy-mix?metric=by_source_per_capita&source=fossil_fuels_v0_850x600.svg,16,27,286167992,489387
energy-mix?metric=by_source_per_capita&source=low_carbon_energy,StackedArea,,,5afb7307422af023d303ad9aa88b4648,energy-mix?metric=by_source_per_capita&source=low_carbon_energy_v0_850x600.svg,22,37,290039128,1012498
energy-mix?metric=by_source_per_capita&source=renewables,StackedArea,,,346b26093e29071bc9c6468b4e2734e2,energy-mix?metric=by_source_per_capita&source=renewables_v0_850x600.svg,8,17,349431200,705687
energy-mix?metric=by_source_per_capita&source=solar_and_wind,StackedArea,,,847ad1e8250855b19ec663787893faea,energy-mix?metric=by_source_per_capita&source=solar_and_wind_v0_850x600.svg,6,17,301847056,302512
energy-mix?metric=by_source_per_capita&source=total,StackedArea,,,fa07799fd52f31cc32d0716f735fd7a4,energy-mix?metric=by_source_per_capita&source=total_v0_850x600.svg,26,40,367357080,1501885
energy-mix?metric=carbon_intensity&source=total,WorldMap,,,828f8556bf3ae91f6d176d52a98658f9,energy-mix?metric=carbon_intensity&source=total_v0_850x600.svg,3,27,324957176,351005
energy-mix?metric=per_capita&source=biofuels,WorldMap,,,d1632746204740083f40b4bf45c859e5,energy-mix?metric=per_capita&source=biofuels_v0_850x600.svg,1,11,360196168,81457
energy-mix?metric=per_capita&source=coal,WorldMap,,,2ce7ef3e3121b7612ed747ccdb08b183,energy-mix?metric=per_capita&source=coal_v0_850x600.svg,2,19,299753728,160775
energy-mix?metric=per_capita&source=fossil_fuels,WorldMap,,,4147c878ed7731cc1679afbe1313f0f2,energy-mix?metric=per_capita&source=fossil_fuels_v0_850x600.svg,1,13,329526472,146432
energy-mix?metric=per_capita&source=gas,WorldMap,,,b97ebc5be92e3e493ceeec5cd320a540,energy-mix?metric=per_capita&source=gas_v0_850x600.svg,2,18,303605344,156835
energy-mix?metric=per_capita&source=hydro,WorldMap,,,dfb68828cca0a84915b96d65a12da7bc,energy-mix?metric=per_capita&source=hydro_v0_850x600.svg,2,18,313875192,167113
energy-mix?metric=per_capita&source=low_carbon_energy,WorldMap,,,b9d4c332401fc24507166125fbca17fd,energy-mix?metric=per_capita&source=low_carbon_energy_v0_850x600.svg,2,14,382025544,168949
energy-mix?metric=per_capita&source=nuclear,WorldMap,,,ec0149e0de7378651e0c202c5c679353,energy-mix?metric=per_capita&source=nuclear_v0_850x600.svg,2,27,312247888,306811
energy-mix?metric=per_capita&source=oil,WorldMap,,,0ed9c6956f89d550a36f1531760a8e9c,energy-mix?metric=per_capita&source=oil_v0_850x600.svg,2,19,339408200,171777
energy-mix?metric=per_capita&source=other_renewables,WorldMap,,,131443a965b62602987f221c8c681ea5,energy-mix?metric=per_capita&source=other_renewables_v0_850x600.svg,1,15,343695728,154605
energy-mix?metric=per_capita&source=renewables,WorldMap,,,38f8a17333a28ff013aee74f7b1febd9,energy-mix?metric=per_capita&source=renewables_v0_850x600.svg,2,18,318078432,169018
energy-mix?metric=per_capita&source=solar,WorldMap,,,9415af34b540dfa45b6e44ad2223f20d,energy-mix?metric=per_capita&source=solar_v0_850x600.svg,1,12,395173160,151594
energy-mix?metric=per_capita&source=solar_and_wind,WorldMap,,,ba6d13cf28baf700c2c286fc1de6e004,energy-mix?metric=per_capita&source=solar_and_wind_v0_850x600.svg,1,14,358859504,196910
energy-mix?metric=per_capita&source=total,WorldMap,,,82f8c9eee5549d2eb419cc3975a22f38,energy-mix?metric=per_capita&source=total_v0_850x600.svg,2,28,300654720,374610
energy-mix?metric=per_capita&source=wind,WorldMap,,,bbaaceb1146a0ea796ff4d5bba2b0325,energy-mix?metric=per_capita&source=wind_v0_850x600.svg,2,20,314871568,150918
energy-mix?metric=share&source=biofuels,WorldMap,,,125690012ff4b32c1a305004fd4ea9b8,energy-mix?metric=share&source=biofuels_v0_850x600.svg,2,11,369633680,96532
energy-mix?metric=share&source=coal,WorldMap,,,70c6bae634325eec5000bfb7ed21df04,energy-mix?metric=share&source=coal_v0_850x600.svg,2,18,288143792,179445
energy-mix?metric=share&source=fossil_fuels,WorldMap,,,a318489077fde63b953f0b95e8ff37ef,energy-mix?metric=share&source=fossil_fuels_v0_850x600.svg,2,13,372734064,161433
energy-mix?metric=share&source=gas,WorldMap,,,aeb2dbd4bf828e230fd7cf4f62cc6de1,energy-mix?metric=share&source=gas_v0_850x600.svg,2,18,284173352,174603
energy-mix?metric=share&source=hydro,WorldMap,,,af467a776aab5df5301e0287bce03ad2,energy-mix?metric=share&source=hydro_v0_850x600.svg,2,13,383017952,187116
energy-mix?metric=share&source=low_carbon_energy,WorldMap,,,7a8ae8f0a8023f991c45257f94585227,energy-mix?metric=share&source=low_carbon_energy_v0_850x600.svg,2,20,330106784,188049
energy-mix?metric=share&source=nuclear,WorldMap,,,fd6c6e16b20802b8787b917b32f0a8ee,energy-mix?metric=share&source=nuclear_v0_850x600.svg,4,28,323321168,315436
energy-mix?metric=share&source=oil,WorldMap,,,a60dec8185682700849dc61445000a11,energy-mix?metric=share&source=oil_v0_850x600.svg,2,14,345638832,188694
energy-mix?metric=share&source=other_renewables,WorldMap,,,cdbde975758a0a01c96740a81b669afe,energy-mix?metric=share&source=other_renewables_v0_850x600.svg,2,21,302778096,174720
energy-mix?metric=share&source=renewables,WorldMap,,,d820f507b19f6d353f55ada5b80168cd,energy-mix?metric=share&source=renewables_v0_850x600.svg,2,18,298827848,188387
energy-mix?metric=share&source=solar,WorldMap,,,a99168b14d8510f25e13fb7f7b3ac4c3,energy-mix?metric=share&source=solar_v0_850x600.svg,2,12,396018320,171546
energy-mix?metric=share&source=solar_and_wind,WorldMap,,,65dd2b4fbf003dfbed2a81efd89978e0,energy-mix?metric=share&source=solar_and_wind_v0_850x600.svg,3,21,346460344,203603
energy-mix?metric=share&source=wind,WorldMap,,,85eac9f60f4343cf9306637d23348cf1,energy-mix?metric=share&source=wind_v0_850x600.svg,2,13,358974536,171361
energy-mix?metric=total&source=biofuels,WorldMap,,,d96a5fd7f6a77bbed5b0e6a62f3a7a86,energy-mix?metric=total&source=biofuels_v0_850x600.svg,1,10,406929984,95411
energy-mix?metric=total&source=coal,WorldMap,,,f6f2a4b5e6332f3186a3919cfcd7eccf,energy-mix?metric=total&source=coal_v0_850x600.svg,2,14,311968176,178418
energy-mix?metric=total&source=fossil_fuels,WorldMap,,,703251412acce2da011e65d94a112611,energy-mix?metric=total&source=fossil_fuels_v0_850x600.svg,2,18,317082904,164277
energy-mix?metric=total&source=gas,WorldMap,,,dcac15d18e2ac260989afe7aa1e39af7,energy-mix?metric=total&source=gas_v0_850x600.svg,2,17,294207824,173089
energy-mix?metric=total&source=hydro,WorldMap,,,4332b62492b7af3383e7be954a53043c,energy-mix?metric=total&source=hydro_v0_850x600.svg,1,13,372751096,179972
energy-mix?metric=total&source=low_carbon_energy,WorldMap,,,95bea0fca0d5890403bf1dbbcbb39505,energy-mix?metric=total&source=low_carbon_energy_v0_850x600.svg,2,13,385667536,185172
energy-mix?metric=total&source=nuclear,WorldMap,,,6aacd05e39b4f3a3fda0574ec4753e5e,energy-mix?metric=total&source=nuclear_v0_850x600.svg,2,26,292883976,325804
energy-mix?metric=total&source=oil,WorldMap,,,7c582e62507218d70fd1f6486e5d4c5d,energy-mix?metric=total&source=oil_v0_850x600.svg,2,14,326288408,189528
energy-mix?metric=total&source=other_renewables,WorldMap,,,261412110130df2485f7a79e97ed2219,energy-mix?metric=total&source=other_renewables_v0_850x600.svg,2,18,331665752,172613
energy-mix?metric=total&source=renewables,WorldMap,,,035011b08c2233513af735fe067b1135,energy-mix?metric=total&source=renewables_v0_850x600.svg,2,14,386483264,184620
energy-mix?metric=total&source=solar,WorldMap,,,24fbfc6b8ae80d7fb83c96cfb163be84,energy-mix?metric=total&source=solar_v0_850x600.svg,2,14,307301864,166173
energy-mix?metric=total&source=solar_and_wind,WorldMap,,,7c419362b6beb35e56cd53a6368aa3af,energy-mix?metric=total&source=solar_and_wind_v0_850x600.svg,2,14,400607944,214638
energy-mix?metric=total&source=total,WorldMap,,,b77376ca9b64b2e170a40523a356a70a,energy-mix?metric=total&source=total_v0_850x600.svg,3,25,350706184,396358
energy-mix?metric=total&source=wind,WorldMap,,,e80644ca7830cb5e71517a1dcd9adf71,energy-mix?metric=total&source=wind_v0_850x600.svg,2,14,320383024,165528
female-teachers?level=level_side_by_side,LineChart,,,10d63a7e714b416227ce15c792ae705b,female-teachers?level=level_side_by_side_v0_850x600.svg,7,24,372498376,572402
female-teachers?level=primary,WorldMap,,,4df041cd391b8a475c558d8f67aeb909,female-teachers?level=primary_v0_850x600.svg,3,25,313008416,238535
female-teachers?level=secondary,WorldMap,,,85942d1eda0bc072d82f30096281c8c6,female-teachers?level=secondary_v0_850x600.svg,2,21,313536872,188088
female-teachers?level=tertiary,WorldMap,,,54258b02feed8079a7021f9d64101d36,female-teachers?level=tertiary_v0_850x600.svg,1,16,419604672,145779
fertilizer-use?metric=agricultural_use&nutrient=all_fertilizers,WorldMap,,,51f11b3aa0ac90da44373c5509ab6b2d,fertilizer-use?metric=agricultural_use&nutrient=all_fertilizers_v0_850x600.svg,3,19,336298456,413601
fertilizer-use?metric=agricultural_use&nutrient=nitrogen,WorldMap,,,9f9f4c7a3dea3d5bab4b536f7f18553a,fertilizer-use?metric=agricultural_use&nutrient=nitrogen_v0_850x600.svg,3,21,366518720,380017
fertilizer-use?metric=agricultural_use&nutrient=phosphate,WorldMap,,,0d4f06c12a76fd7122c71dd174fb502b,fertilizer-use?metric=agricultural_use&nutrient=phosphate_v0_850x600.svg,2,16,398909432,367079
fertilizer-use?metric=agricultural_use&nutrient=potash,WorldMap,,,b172b6ca868341352b4178418b1b44ed,fertilizer-use?metric=agricultural_use&nutrient=potash_v0_850x600.svg,2,16,387616512,357090
fertilizer-use?metric=export_quantity&nutrient=nitrogen,WorldMap,,,8d8bc5fb5702902104918890ca2bbd0a,fertilizer-use?metric=export_quantity&nutrient=nitrogen_v0_850x600.svg,3,18,328431280,305397
fertilizer-use?metric=export_quantity&nutrient=phosphate,WorldMap,,,d625dd209506a4fa9931060e7763ad60,fertilizer-use?metric=export_quantity&nutrient=phosphate_v0_850x600.svg,3,18,327441856,284402
fertilizer-use?metric=export_quantity&nutrient=potash,WorldMap,,,c8ee210482cb54c012444e264c3867ec,fertilizer-use?metric=export_quantity&nutrient=potash_v0_850x600.svg,3,18,318706256,259282
fertilizer-use?metric=import_quantity&nutrient=nitrogen,WorldMap,,,a214af79b9ae3a2055d18f62217edff8,fertilizer-use?metric=import_quantity&nutrient=nitrogen_v0_850x600.svg,2,17,416383680,396860
fertilizer-use?metric=import_quantity&nutrient=phosphate,WorldMap,,,dd77949c44d74115a4a201b538eb53b6,fertilizer-use?metric=import_quantity&nutrient=phosphate_v0_850x600.svg,2,20,365098560,384337
fertilizer-use?metric=import_quantity&nutrient=potash,WorldMap,,,34fb250514269515dd3dec3000f1bae0,fertilizer-use?metric=import_quantity&nutrient=potash_v0_850x600.svg,2,20,345417192,384203
fertilizer-use?metric=production&nutrient=nitrogen,WorldMap,,,3364402bcf2884e5f244483b85cab072,fertilizer-use?metric=production&nutrient=nitrogen_v0_850x600.svg,2,16,340125800,251550
fertilizer-use?metric=production&nutrient=phosphate,WorldMap,,,0af2e0bb9b124e47881c45c8f7741801,fertilizer-use?metric=production&nutrient=phosphate_v0_850x600.svg,2,17,308825640,235649
fertilizer-use?metric=production&nutrient=potash,WorldMap,,,fcf2c839020cb273625353c62c597104,fertilizer-use?metric=production&nutrient=potash_v0_850x600.svg,2,15,328927752,144066
fertilizer-use?metric=share_of_global_exports&nutrient=nitrogen,WorldMap,,,3597b46932b125c49952b8fc99612bf4,fertilizer-use?metric=share_of_global_exports&nutrient=nitrogen_v0_850x600.svg,2,15,430843728,335873
fertilizer-use?metric=share_of_global_exports&nutrient=phosphate,WorldMap,,,c4c1c30c4cae96c4fa293e43e6ce658d,fertilizer-use?metric=share_of_global_exports&nutrient=phosphate_v0_850x600.svg,2,16,322624520,311080
fertilizer-use?metric=share_of_global_exports&nutrient=potash,WorldMap,,,307f4a6e3f07da92b17c4cef709281e7,fertilizer-use?metric=share_of_global_exports&nutrient=potash_v0_850x600.svg,2,14,378687432,284365
fertilizer-use?metric=use_per_area_of_cropland&nutrient=all_fertilizers,WorldMap,,,4ff253f9db98c9e63bff7691ee669ea8,fertilizer-use?metric=use_per_area_of_cropland&nutrient=all_fertilizers_v0_850x600.svg,3,22,320631680,387148
fertilizer-use?metric=use_per_area_of_cropland&nutrient=nitrogen,WorldMap,,,c612ca04e71ac4595d32c41ac6f49d59,fertilizer-use?metric=use_per_area_of_cropland&nutrient=nitrogen_v0_850x600.svg,4,22,362722312,373817
fertilizer-use?metric=use_per_area_of_cropland&nutrient=phosphate,WorldMap,,,699060310b15b14344669a8f11d422dd,fertilizer-use?metric=use_per_area_of_cropland&nutrient=phosphate_v0_850x600.svg,2,18,346063416,362219
fertilizer-use?metric=use_per_area_of_cropland&nutrient=potash,WorldMap,,,106ed72437091ab92a331ba6cab44746,fertilizer-use?metric=use_per_area_of_cropland&nutrient=potash_v0_850x600.svg,2,16,417287640,352966
fossil-fuels?fuel=coal&metric=consumption&per_capita=per_capita,WorldMap,,,5817533b3db259b1dcdab12821931eef,fossil-fuels?fuel=coal&metric=consumption&per_capita=per_capita_v0_850x600.svg,2,22,402593896,343127
fossil-fuels?fuel=coal&metric=consumption&per_capita=total,WorldMap,,,29371970ddc003b61095d9a162daf351,fossil-fuels?fuel=coal&metric=consumption&per_capita=total_v0_850x600.svg,3,25,346079792,363605
fossil-fuels?fuel=coal&metric=consumption_physical&per_capita=per_capita,WorldMap,,,60de086bd493e481ccacfc6e5c30000f,fossil-fuels?fuel=coal&metric=consumption_physical&per_capita=per_capita_v0_850x600.svg,3,24,381887264,308379
fossil-fuels?fuel=coal&metric=consumption_physical&per_capita=total,WorldMap,,,6dedd363d2718a37269149d187c69515,fossil-fuels?fuel=coal&metric=consumption_physical&per_capita=total_v0_850x600.svg,3,26,340627136,299935
fossil-fuels?fuel=coal&metric=exports&per_capita=per_capita,WorldMap,,,314723fb6ba3bcd99a55b6f39c0bb3db,fossil-fuels?fuel=coal&metric=exports&per_capita=per_capita_v0_850x600.svg,3,26,325448880,289038
fossil-fuels?fuel=coal&metric=exports&per_capita=total,WorldMap,,,2f3fbac825252d2cde247eea6b5782ce,fossil-fuels?fuel=coal&metric=exports&per_capita=total_v0_850x600.svg,2,18,436749584,281416
fossil-fuels?fuel=coal&metric=imports&per_capita=per_capita,WorldMap,,,b8158122e6b3cb00ef11e238f703e628,fossil-fuels?fuel=coal&metric=imports&per_capita=per_capita_v0_850x600.svg,1,24,383774152,310511
fossil-fuels?fuel=coal&metric=imports&per_capita=total,WorldMap,,,0d46b671d40e549ac5e43880e7dcbbef,fossil-fuels?fuel=coal&metric=imports&per_capita=total_v0_850x600.svg,2,22,331361456,298525
fossil-fuels?fuel=coal&metric=net_imports&per_capita=per_capita,WorldMap,,,62f20b202e4e9f93be2e2e030aae2515,fossil-fuels?fuel=coal&metric=net_imports&per_capita=per_capita_v0_850x600.svg,3,27,320925040,311966
fossil-fuels?fuel=coal&metric=net_imports&per_capita=total,WorldMap,,,1e701679913bfe887ff3e322acfdf44a,fossil-fuels?fuel=coal&metric=net_imports&per_capita=total_v0_850x600.svg,2,22,417069112,300605
fossil-fuels?fuel=coal&metric=production&per_capita=per_capita,WorldMap,,,f4accbee9c6d618ddc1d3c0a1058e6f0,fossil-fuels?fuel=coal&metric=production&per_capita=per_capita_v0_850x600.svg,3,38,387871128,461686
fossil-fuels?fuel=coal&metric=production&per_capita=total,WorldMap,,,7d7a9bbfd671ac3f8255c20194575efa,fossil-fuels?fuel=coal&metric=production&per_capita=total_v0_850x600.svg,4,39,369141944,476642
fossil-fuels?fuel=coal&metric=production_physical&per_capita=per_capita,WorldMap,,,3e9863782ee00508fad774f32af4e4c8,fossil-fuels?fuel=coal&metric=production_physical&per_capita=per_capita_v0_850x600.svg,1,19,403295344,287100
fossil-fuels?fuel=coal&metric=production_physical&per_capita=total,WorldMap,,,c256b2ff4c001b6bf8cd647cf4774382,fossil-fuels?fuel=coal&metric=production_physical&per_capita=total_v0_850x600.svg,3,23,350519008,283631
fossil-fuels?fuel=coal&metric=reserves&per_capita=per_capita,WorldMap,,,21b377276913e1e0b8e1b659566afbf7,fossil-fuels?fuel=coal&metric=reserves&per_capita=per_capita_v0_850x600.svg,2,13,428064704,104623
fossil-fuels?fuel=coal&metric=reserves&per_capita=total,WorldMap,,,a2441b81da426cf1c8bcf16e412c7071,fossil-fuels?fuel=coal&metric=reserves&per_capita=total_v0_850x600.svg,2,16,332137280,106277
fossil-fuels?fuel=gas&metric=consumption&per_capita=per_capita,WorldMap,,,f0d0df71d538c4f80a3e7b70bf0f6159,fossil-fuels?fuel=gas&metric=consumption&per_capita=per_capita_v0_850x600.svg,1,20,426976064,331626
fossil-fuels?fuel=gas&metric=consumption&per_capita=total,WorldMap,,,62789d49cf075aed8a8a8d0dbf6bbeb7,fossil-fuels?fuel=gas&metric=consumption&per_capita=total_v0_850x600.svg,2,21,451321584,349455
fossil-fuels?fuel=gas&metric=consumption_physical&per_capita=per_capita,WorldMap,,,074fb837cfeed109283e1f7dadb4ac0b,fossil-fuels?fuel=gas&metric=consumption_physical&per_capita=per_capita_v0_850x600.svg,2,23,406337112,293781
fossil-fuels?fuel=gas&metric=consumption_physical&per_capita=total,WorldMap,,,c32f3565fb2e114d88cbbfaacad6e3d0,fossil-fuels?fuel=gas&metric=consumption_physical&per_capita=total_v0_850x600.svg,2,26,330048224,303133
fossil-fuels?fuel=gas&metric=exports&per_capita=per_capita,WorldMap,,,9f6bafa1623e68aa1f3cf85e746d3ec1,fossil-fuels?fuel=gas&metric=exports&per_capita=per_capita_v0_850x600.svg,2,23,386509072,218014
fossil-fuels?fuel=gas&metric=exports&per_capita=total,WorldMap,,,d3bc3ade30ae758c55847a9e4de78586,fossil-fuels?fuel=gas&metric=exports&per_capita=total_v0_850x600.svg,2,23,349906360,222052
fossil-fuels?fuel=gas&metric=imports&per_capita=per_capita,WorldMap,,,ec2f584dc5f904d93f3a017aa871812c,fossil-fuels?fuel=gas&metric=imports&per_capita=per_capita_v0_850x600.svg,1,16,408488536,224247
fossil-fuels?fuel=gas&metric=imports&per_capita=total,WorldMap,,,6aae709908cd6119c0400f9f1fbcf746,fossil-fuels?fuel=gas&metric=imports&per_capita=total_v0_850x600.svg,2,21,430753952,229337
fossil-fuels?fuel=gas&metric=net_imports&per_capita=per_capita,WorldMap,,,d8e7ae644af35e513f08bd9f89361e32,fossil-fuels?fuel=gas&metric=net_imports&per_capita=per_capita_v0_850x600.svg,2,22,368600936,230038
fossil-fuels?fuel=gas&metric=net_imports&per_capita=total,WorldMap,,,f8e2cef573aed71e6c4f83ffb7b6d449,fossil-fuels?fuel=gas&metric=net_imports&per_capita=total_v0_850x600.svg,3,23,376978624,236149
fossil-fuels?fuel=gas&metric=production&per_capita=per_capita,WorldMap,,,9d693e158e183e90e910c9b0fdb6a409,fossil-fuels?fuel=gas&metric=production&per_capita=per_capita_v0_850x600.svg,4,34,360934400,450513
fossil-fuels?fuel=gas&metric=production&per_capita=total,WorldMap,,,6db2dfd66a7d5cd79eeb3e0c3a7d22d1,fossil-fuels?fuel=gas&metric=production&per_capita=total_v0_850x600.svg,3,33,369123248,467832
fossil-fuels?fuel=gas&metric=production_physical&per_capita=per_capita,WorldMap,,,e66e55c675a63a63a7234e734af892cd,fossil-fuels?fuel=gas&metric=production_physical&per_capita=per_capita_v0_850x600.svg,3,19,427295280,288814
fossil-fuels?fuel=gas&metric=production_physical&per_capita=total,WorldMap,,,d5ad25e01f64d2beecaaae2eff1f3303,fossil-fuels?fuel=gas&metric=production_physical&per_capita=total_v0_850x600.svg,2,17,448155472,296441
fossil-fuels?fuel=gas&metric=reserves&per_capita=per_capita,WorldMap,,,110c7c2cff14227d4ffbba1f10457426,fossil-fuels?fuel=gas&metric=reserves&per_capita=per_capita_v0_850x600.svg,3,22,395510584,256977
fossil-fuels?fuel=gas&metric=reserves&per_capita=total,WorldMap,,,59bc0a8ea3a51fb00923f5abb1127fb0,fossil-fuels?fuel=gas&metric=reserves&per_capita=total_v0_850x600.svg,3,23,349460400,271554
fossil-fuels?fuel=oil&metric=consumption&per_capita=per_capita,WorldMap,,,00c19ee0d3396578522788f8f360e655,fossil-fuels?fuel=oil&metric=consumption&per_capita=per_capita_v0_850x600.svg,2,27,408820888,377389
fossil-fuels?fuel=oil&metric=consumption&per_capita=total,WorldMap,,,d6b0c2b7c38dcc898023122569705868,fossil-fuels?fuel=oil&metric=consumption&per_capita=total_v0_850x600.svg,3,22,472093592,397814
fossil-fuels?fuel=oil&metric=consumption_physical&per_capita=per_capita,WorldMap,,,56c22e6b0797b1a391b191a21e6a5ca4,fossil-fuels?fuel=oil&metric=consumption_physical&per_capita=per_capita_v0_850x600.svg,3,24,382861448,337730
fossil-fuels?fuel=oil&metric=consumption_physical&per_capita=total,WorldMap,,,be589f78a37ac857c5cdaddc46ad3418,fossil-fuels?fuel=oil&metric=consumption_physical&per_capita=total_v0_850x600.svg,2,25,390079472,329851
fossil-fuels?fuel=oil&metric=exports&per_capita=per_capita,WorldMap,,,7d065ef4571c5537ef4fd852cb419378,fossil-fuels?fuel=oil&metric=exports&per_capita=per_capita_v0_850x600.svg,3,21,414117448,248707
fossil-fuels?fuel=oil&metric=exports&per_capita=total,WorldMap,,,93d28426880ed777671195cde9c8df2d,fossil-fuels?fuel=oil&metric=exports&per_capita=total_v0_850x600.svg,3,22,368111536,244890
fossil-fuels?fuel=oil&metric=imports&per_capita=per_capita,WorldMap,,,45ff66a83e881a9b0dd17b6e1027747c,fossil-fuels?fuel=oil&metric=imports&per_capita=per_capita_v0_850x600.svg,2,19,427946112,256695
fossil-fuels?fuel=oil&metric=imports&per_capita=total,WorldMap,,,d2e37c9811f7c5d64c579f02fd14ab77,fossil-fuels?fuel=oil&metric=imports&per_capita=total_v0_850x600.svg,2,19,460499376,251390
fossil-fuels?fuel=oil&metric=net_imports&per_capita=per_capita,WorldMap,,,57df856afac21dcc10a079d41235f87e,fossil-fuels?fuel=oil&metric=net_imports&per_capita=per_capita_v0_850x600.svg,2,22,359741720,266151
fossil-fuels?fuel=oil&metric=net_imports&per_capita=total,WorldMap,,,28411e35d649a9e97f4833c142b299d8,fossil-fuels?fuel=oil&metric=net_imports&per_capita=total_v0_850x600.svg,3,24,370127136,260225
fossil-fuels?fuel=oil&metric=production&per_capita=per_capita,WorldMap,,,f95fb685b102ef5ae02467c39f104f72,fossil-fuels?fuel=oil&metric=production&per_capita=per_capita_v0_850x600.svg,4,32,406288584,474822
fossil-fuels?fuel=oil&metric=production&per_capita=total,WorldMap,,,fa65d12c8d08af7fe91eb74f6016ea76,fossil-fuels?fuel=oil&metric=production&per_capita=total_v0_850x600.svg,5,39,355249096,495270
fossil-fuels?fuel=oil&metric=production_physical&per_capita=per_capita,WorldMap,,,82f2b890884b919f5d67d3b3156cf39d,fossil-fuels?fuel=oil&metric=production_physical&per_capita=per_capita_v0_850x600.svg,1,21,446108528,213009
fossil-fuels?fuel=oil&metric=production_physical&per_capita=total,WorldMap,,,f8a23305b6cb3f6806f653d257818706,fossil-fuels?fuel=oil&metric=production_physical&per_capita=total_v0_850x600.svg,1,19,477856888,207926
fossil-fuels?fuel=oil&metric=reserves&per_capita=per_capita,WorldMap,,,732b2b9dd16155b9c4f118225b41697b,fossil-fuels?fuel=oil&metric=reserves&per_capita=per_capita_v0_850x600.svg,2,21,377983344,254830
fossil-fuels?fuel=oil&metric=reserves&per_capita=total,WorldMap,,,4ce75e1cef13aa15f8d7ae41da6d80f2,fossil-fuels?fuel=oil&metric=reserves&per_capita=total_v0_850x600.svg,2,27,388715776,256030
fossil-fuels?fuel=total&metric=consumption&per_capita=per_capita,WorldMap,,,eeb8b7c4c1b7062775ee062d84da1b23,fossil-fuels?fuel=total&metric=consumption&per_capita=per_capita_v0_850x600.svg,2,28,461877864,379500
fossil-fuels?fuel=total&metric=consumption&per_capita=total,WorldMap,,,cb6d399e8c02355d765b044b8d516571,fossil-fuels?fuel=total&metric=consumption&per_capita=total_v0_850x600.svg,3,26,439089688,400030
fossil-fuels?fuel=total&metric=consumption_by_fuel&per_capita=per_capita,StackedArea,,,062fe55e9a65d9e9d2950da26e475871,fossil-fuels?fuel=total&metric=consumption_by_fuel&per_capita=per_capita_v0_850x600.svg,18,33,433345432,1052142
fossil-fuels?fuel=total&metric=consumption_by_fuel&per_capita=total,StackedArea,,,07480b6bb548cd6c2e69b3c111e880e9,fossil-fuels?fuel=total&metric=consumption_by_fuel&per_capita=total_v0_850x600.svg,27,41,371455112,1110874
fossil-fuels?fuel=total&metric=production&per_capita=per_capita,WorldMap,,,26e32a3f73ae2c50c3a28c00f3e1389b,fossil-fuels?fuel=total&metric=production&per_capita=per_capita_v0_850x600.svg,5,46,403625056,550189
fossil-fuels?fuel=total&metric=production&per_capita=total,WorldMap,,,68b43eec6a525d7b3ccd93dd4c0b4d1b,fossil-fuels?fuel=total&metric=production&per_capita=total_v0_850x600.svg,4,50,381809472,572130
fossil-fuels?fuel=total&metric=production_by_fuel&per_capita=per_capita,StackedArea,,,02dfdcc756e808ecb4417edf7626ceec,fossil-fuels?fuel=total&metric=production_by_fuel&per_capita=per_capita_v0_850x600.svg,20,34,495243216,1387021
fossil-fuels?fuel=total&metric=production_by_fuel&per_capita=total,StackedArea,,,22346fbcb26e3d31adc47967c85e4e5c,fossil-fuels?fuel=total&metric=production_by_fuel&per_capita=total_v0_850x600.svg,22,36,473848600,1439744
gini-coefficient-lis?welfare_type=before_vs_after,LineChart,,,fbfbfce1772a55fac976c58c8f7b1893,gini-coefficient-lis?welfare_type=before_vs_after_v0_850x600.svg,2,25,407436376,56462
gini-coefficient-lis?welfare_type=dhi,LineChart,,,602ffcbfc736819cf328af0c0d683cde,gini-coefficient-lis?welfare_type=dhi_v0_850x600.svg,2,23,385623896,35792
gini-coefficient-lis?welfare_type=mi,LineChart,,,43389359cbb93142b5fff5be812a63ba,gini-coefficient-lis?welfare_type=mi_v0_850x600.svg,1,20,416935832,20670
gini-coefficient-wb?survey_comparability=no_spells,WorldMap,,,baeae1867c2c92bb0b5b6f079f0a99e9,gini-coefficient-wb?survey_comparability=no_spells_v0_850x600.svg,1,17,510921912,102493
gini-coefficient-wb?survey_comparability=spells,LineChart,,,9aee0c5ae70f4732684c43cbda63941e,gini-coefficient-wb?survey_comparability=spells_v0_850x600.svg,5,31,452068520,103405
gini-coefficient-wid?welfare_type=after_tax,WorldMap,,,451ce9fb701d2294b6e78bb6e1e45db5,gini-coefficient-wid?welfare_type=after_tax_v0_850x600.svg,1,25,424983792,85880
gini-coefficient-wid?welfare_type=before_tax,WorldMap,,,8d04c7c7af53bd77571beb75a721712d,gini-coefficient-wid?welfare_type=before_tax_v0_850x600.svg,2,24,401349488,115690
gini-coefficient-wid?welfare_type=before_vs_after,LineChart,,,bf334e9dfcee0d724ed8218b973ca452,gini-coefficient-wid?welfare_type=before_vs_after_v0_850x600.svg,5,29,406623504,201570
ihme-deaths-air-pollution?metric=number&pollution_type=all,WorldMap,,,17dc54a21c6c252e8e0b8f1f7b6b840f,ihme-deaths-air-pollution?metric=number&pollution_type=all_v0_850x600.svg,2,22,486224016,258837
ihme-deaths-air-pollution?metric=number&pollution_type=indoor,WorldMap,,,67a78072ca902acb18c7aeb3c9c6e915,ihme-deaths-air-pollution?metric=number&pollution_type=indoor_v0_850x600.svg,2,25,382077032,259527
ihme-deaths-air-pollution?metric=number&pollution_type=outdoor,WorldMap,,,0fc370e88de8955dffc94ec656749fe9,ihme-deaths-air-pollution?metric=number&pollution_type=outdoor_v0_850x600.svg,2,25,444466704,259076
ihme-deaths-air-pollution?metric=rate&pollution_type=all,WorldMap,,,b09131fc6dcc07f307085730e455b822,ihme-deaths-air-pollution?metric=rate&pollution_type=all_v0_850x600.svg,3,27,421884312,252475
ihme-deaths-air-pollution?metric=rate&pollution_type=indoor,WorldMap,,,7ce5a5c655b5a26e32b11378724f6bd6,ihme-deaths-air-pollution?metric=rate&pollution_type=indoor_v0_850x600.svg,2,22,472349200,254696
ihme-deaths-air-pollution?metric=rate&pollution_type=outdoor,WorldMap,,,4e76b8c4840e36a6187657935099fee8,ihme-deaths-air-pollution?metric=rate&pollution_type=outdoor_v0_850x600.svg,1,20,505988040,251879
ihme-deaths-air-pollution?metric=share&pollution_type=all,WorldMap,,,ce24b96f307d290bb911c6d144a1078f,ihme-deaths-air-pollution?metric=share&pollution_type=all_v0_850x600.svg,3,25,390075864,252454
ihme-deaths-air-pollution?metric=share&pollution_type=indoor,WorldMap,,,2a416e65ae84362f8f1ca870659c4ac6,ihme-deaths-air-pollution?metric=share&pollution_type=indoor_v0_850x600.svg,2,25,403524000,256538
ihme-deaths-air-pollution?metric=share&pollution_type=outdoor,WorldMap,,,24e8589b0c52e45021877a6db8f5e2bd,ihme-deaths-air-pollution?metric=share&pollution_type=outdoor_v0_850x600.svg,1,23,448067344,252495
ilo-national-vs-modeled-data?indicator=employment_to_population_ratio,LineChart,,,261576c0dc27d4c2732264522ec67c19,ilo-national-vs-modeled-data?indicator=employment_to_population_ratio_v0_850x600.svg,7,43,434870568,354730
ilo-national-vs-modeled-data?indicator=labor_force_participation_rate,LineChart,,,e5e2e4a78413d56064ae41bb880088a4,ilo-national-vs-modeled-data?indicator=labor_force_participation_rate_v0_850x600.svg,10,46,418602232,380048
ilo-national-vs-modeled-data?indicator=unemployment_rate,LineChart,,,d182cd5b2ad9c0a9236e6e7cd917453f,ilo-national-vs-modeled-data?indicator=unemployment_rate_v0_850x600.svg,6,41,490885352,373095
incomes-across-distribution-lis?decile=_1&period=day&indicator=avg&welfare_type=before_vs_after,LineChart,,,89061b2ee5ab6e3cdecd22116289ce88,incomes-across-distribution-lis?decile=_1&period=day&indicator=avg&welfare_type=before_vs_after_v0_850x600.svg,2,29,409612200,54594
incomes-across-distribution-lis?decile=_1&period=day&indicator=avg&welfare_type=dhi,LineChart,,,9786be87a72afb6af9d259f8ebad02a3,incomes-across-distribution-lis?decile=_1&period=day&indicator=avg&welfare_type=dhi_v0_850x600.svg,2,24,418329712,34232
incomes-across-distribution-lis?decile=_1&period=day&indicator=avg&welfare_type=mi,LineChart,,,2dde6daa896a4047738da106ea516e98,incomes-across-distribution-lis?decile=_1&period=day&indicator=avg&welfare_type=mi_v0_850x600.svg,1,19,461964184,20362
incomes-across-distribution-lis?decile=_1&period=day&indicator=thr&welfare_type=before_vs_after,LineChart,,,710d5114713e08edd1e0b215a0530d14,incomes-across-distribution-lis?decile=_1&period=day&indicator=thr&welfare_type=before_vs_after_v0_850x600.svg,2,29,392747776,54207
incomes-across-distribution-lis?decile=_1&period=day&indicator=thr&welfare_type=dhi,LineChart,,,2d537d554ff857c6856a528f937694bf,incomes-across-distribution-lis?decile=_1&period=day&indicator=thr&welfare_type=dhi_v0_850x600.svg,1,21,424467240,34154
incomes-across-distribution-lis?decile=_1&period=day&indicator=thr&welfare_type=mi,LineChart,,,e76820865a98693e249d23ca88d22265,incomes-across-distribution-lis?decile=_1&period=day&indicator=thr&welfare_type=mi_v0_850x600.svg,1,17,475684544,20053
incomes-across-distribution-lis?decile=_1&period=month&indicator=avg&welfare_type=before_vs_after,LineChart,,,a6bbde74a35b0c404e2c17bcdb3d3829,incomes-across-distribution-lis?decile=_1&period=month&indicator=avg&welfare_type=before_vs_after_v0_850x600.svg,2,28,454712640,53991
incomes-across-distribution-lis?decile=_1&period=month&indicator=avg&welfare_type=dhi,LineChart,,,8ab2163e84c7904eb159a0f35c5a6786,incomes-across-distribution-lis?decile=_1&period=month&indicator=avg&welfare_type=dhi_v0_850x600.svg,1,17,505539584,34111
incomes-across-distribution-lis?decile=_1&period=month&indicator=avg&welfare_type=mi,LineChart,,,c0fe76f39df84a490466f55961b02bec,incomes-across-distribution-lis?decile=_1&period=month&indicator=avg&welfare_type=mi_v0_850x600.svg,1,22,432493384,19880
incomes-across-distribution-lis?decile=_1&period=month&indicator=thr&welfare_type=before_vs_after,LineChart,,,31d62ff7f55351ac3d6e8a024860895c,incomes-across-distribution-lis?decile=_1&period=month&indicator=thr&welfare_type=before_vs_after_v0_850x600.svg,1,25,452766912,54129
incomes-across-distribution-lis?decile=_1&period=month&indicator=thr&welfare_type=dhi,LineChart,,,bd107c56e56c9b5b590ea6175f7aa4a9,incomes-across-distribution-lis?decile=_1&period=month&indicator=thr&welfare_type=dhi_v0_850x600.svg,2,19,520582744,34281
incomes-across-distribution-lis?decile=_1&period=month&indicator=thr&welfare_type=mi,LineChart,,,d71fd02e087c8c87a70cf016fc785d5b,incomes-across-distribution-lis?decile=_1&period=month&indicator=thr&welfare_type=mi_v0_850x600.svg,1,19,394478272,19848
incomes-across-distribution-lis?decile=_1&period=nan&indicator=share&welfare_type=before_vs_after,LineChart,,,c73f2b3d8dc99e8bc8ab1a9edbd18785,incomes-across-distribution-lis?decile=_1&period=nan&indicator=share&welfare_type=before_vs_after_v0_850x600.svg,3,26,410518432,56189
incomes-across-distribution-lis?decile=_1&period=nan&indicator=share&welfare_type=dhi,LineChart,,,05952f9584c96293d54433677b4ca4f2,incomes-across-distribution-lis?decile=_1&period=nan&indicator=share&welfare_type=dhi_v0_850x600.svg,2,20,404379104,34825
incomes-across-distribution-lis?decile=_1&period=nan&indicator=share&welfare_type=mi,LineChart,,,119e7dea910aca7d06b16512d125d758,incomes-across-distribution-lis?decile=_1&period=nan&indicator=share&welfare_type=mi_v0_850x600.svg,2,21,429159424,21364
incomes-across-distribution-lis?decile=_1&period=year&indicator=avg&welfare_type=before_vs_after,LineChart,,,eee2388cd7df9d9f13840bb850064136,incomes-across-distribution-lis?decile=_1&period=year&indicator=avg&welfare_type=before_vs_after_v0_850x600.svg,3,30,496263240,53880
incomes-across-distribution-lis?decile=_1&period=year&indicator=avg&welfare_type=dhi,LineChart,,,15fb9bef9deb97c3b56393723bbd3550,incomes-across-distribution-lis?decile=_1&period=year&indicator=avg&welfare_type=dhi_v0_850x600.svg,1,20,408993240,34140
incomes-across-distribution-lis?decile=_1&period=year&indicator=avg&welfare_type=mi,LineChart,,,2c17593307f7960ecd7d8a66a812c2e0,incomes-across-distribution-lis?decile=_1&period=year&indicator=avg&welfare_type=mi_v0_850x600.svg,1,17,466511416,19740
incomes-across-distribution-lis?decile=_1&period=year&indicator=thr&welfare_type=before_vs_after,LineChart,,,b21f4834d478531a16cfb8a8f39d97fd,incomes-across-distribution-lis?decile=_1&period=year&indicator=thr&welfare_type=before_vs_after_v0_850x600.svg,3,29,423530440,53973
incomes-across-distribution-lis?decile=_1&period=year&indicator=thr&welfare_type=dhi,LineChart,,,75868f047e8a6ce0b0cb740491d97d17,incomes-across-distribution-lis?decile=_1&period=year&indicator=thr&welfare_type=dhi_v0_850x600.svg,2,21,425329672,34215
incomes-across-distribution-lis?decile=_1&period=year&indicator=thr&welfare_type=mi,LineChart,,,53d3464ec7e48c6f30afedf1e1cc81e5,incomes-across-distribution-lis?decile=_1&period=year&indicator=thr&welfare_type=mi_v0_850x600.svg,1,21,443086232,19758
incomes-across-distribution-lis?decile=_10&period=day&indicator=avg&welfare_type=before_vs_after,LineChart,,,b67522db4e93261baba2fd355ffbb068,incomes-across-distribution-lis?decile=_10&period=day&indicator=avg&welfare_type=before_vs_after_v0_850x600.svg,2,26,486162400,53852
incomes-across-distribution-lis?decile=_10&period=day&indicator=avg&welfare_type=dhi,LineChart,,,9976162c9d5d6c8ce3c888c4683d4330,incomes-across-distribution-lis?decile=_10&period=day&indicator=avg&welfare_type=dhi_v0_850x600.svg,1,20,423309056,34250
incomes-across-distribution-lis?decile=_10&period=day&indicator=avg&welfare_type=mi,LineChart,,,3b207b2c124eb5de7d89da20e742cbd1,incomes-across-distribution-lis?decile=_10&period=day&indicator=avg&welfare_type=mi_v0_850x600.svg,1,17,509734496,19602
incomes-across-distribution-lis?decile=_10&period=month&indicator=avg&welfare_type=before_vs_after,LineChart,,,1598944ca68adf7db65d66897cac5ce3,incomes-across-distribution-lis?decile=_10&period=month&indicator=avg&welfare_type=before_vs_after_v0_850x600.svg,2,29,462503608,53573
incomes-across-distribution-lis?decile=_10&period=month&indicator=avg&welfare_type=dhi,LineChart,,,fc8c39caa45f43b011f8738688b5bee5,incomes-across-distribution-lis?decile=_10&period=month&indicator=avg&welfare_type=dhi_v0_850x600.svg,1,19,402116744,34081
incomes-across-distribution-lis?decile=_10&period=month&indicator=avg&welfare_type=mi,LineChart,,,9819ef729baf1db615962933c0d7df52,incomes-across-distribution-lis?decile=_10&period=month&indicator=avg&welfare_type=mi_v0_850x600.svg,1,19,437307680,19492
incomes-across-distribution-lis?decile=_10&period=nan&indicator=share&welfare_type=before_vs_after,LineChart,,,3a867c8e643284fcc904e5ac82f9696f,incomes-across-distribution-lis?decile=_10&period=nan&indicator=share&welfare_type=before_vs_after_v0_850x600.svg,2,22,404250992,54927
incomes-across-distribution-lis?decile=_10&period=nan&indicator=share&welfare_type=dhi,LineChart,,,e9e966bc3b221424d076b05ad95ac3e1,incomes-across-distribution-lis?decile=_10&period=nan&indicator=share&welfare_type=dhi_v0_850x600.svg,1,16,523136096,34801
incomes-across-distribution-lis?decile=_10&period=nan&indicator=share&welfare_type=mi,LineChart,,,aa564752afcb662ae9f5d503ae42495f,incomes-across-distribution-lis?decile=_10&period=nan&indicator=share&welfare_type=mi_v0_850x600.svg,1,17,498756824,20126
incomes-across-distribution-lis?decile=_10&period=year&indicator=avg&welfare_type=before_vs_after,LineChart,,,f6a873746b636cdd294d9dd80b950dd1,incomes-across-distribution-lis?decile=_10&period=year&indicator=avg&welfare_type=before_vs_after_v0_850x600.svg,2,28,421512992,53619
incomes-across-distribution-lis?decile=_10&period=year&indicator=avg&welfare_type=dhi,LineChart,,,e1fadcfb344de8dc22d25f852ab89f57,incomes-across-distribution-lis?decile=_10&period=year&indicator=avg&welfare_type=dhi_v0_850x600.svg,1,20,416110600,34035
incomes-across-distribution-lis?decile=_10&period=year&indicator=avg&welfare_type=mi,LineChart,,,37ee869adab85b7b9edbbcba96362eea,incomes-across-distribution-lis?decile=_10&period=year&indicator=avg&welfare_type=mi_v0_850x600.svg,1,19,536518408,19584
incomes-across-distribution-lis?decile=_10_40_50&period=nan&indicator=share&welfare_type=dhi,StackedArea,,,4424f198405ef8fda6e8318dd88a7ba1,incomes-across-distribution-lis?decile=_10_40_50&period=nan&indicator=share&welfare_type=dhi_v0_850x600.svg,2,31,450455168,104238
incomes-across-distribution-lis?decile=_10_40_50&period=nan&indicator=share&welfare_type=mi,StackedArea,,,7bb562e857a35bd23146294548ce6e0d,incomes-across-distribution-lis?decile=_10_40_50&period=nan&indicator=share&welfare_type=mi_v0_850x600.svg,2,29,426248184,60356
incomes-across-distribution-lis?decile=_5&period=day&indicator=thr&welfare_type=before_vs_after,LineChart,,,0d3d3ea9759cb939b1a2189b9054e797,incomes-across-distribution-lis?decile=_5&period=day&indicator=thr&welfare_type=before_vs_after_v0_850x600.svg,1,20,480662608,53619
incomes-across-distribution-lis?decile=_5&period=day&indicator=thr&welfare_type=dhi,LineChart,,,6657ab8ddd04222bb45d173c43327789,incomes-across-distribution-lis?decile=_5&period=day&indicator=thr&welfare_type=dhi_v0_850x600.svg,1,19,430067112,34098
incomes-across-distribution-lis?decile=_5&period=day&indicator=thr&welfare_type=mi,LineChart,,,eca9bac9b0e75d1f2200894c5842d394,incomes-across-distribution-lis?decile=_5&period=day&indicator=thr&welfare_type=mi_v0_850x600.svg,1,20,434715568,19521
incomes-across-distribution-lis?decile=_5&period=month&indicator=thr&welfare_type=before_vs_after,LineChart,,,02cfcd5d74c824a2680b3e7f0b3b7ec0,incomes-across-distribution-lis?decile=_5&period=month&indicator=thr&welfare_type=before_vs_after_v0_850x600.svg,2,20,517317280,53807
incomes-across-distribution-lis?decile=_5&period=month&indicator=thr&welfare_type=dhi,LineChart,,,223915eaeaafc46087ffbccf90e1fd7d,incomes-across-distribution-lis?decile=_5&period=month&indicator=thr&welfare_type=dhi_v0_850x600.svg,1,18,494742400,34218
incomes-across-distribution-lis?decile=_5&period=month&indicator=thr&welfare_type=mi,LineChart,,,837deb24319bf5de1454c2385d46b638,incomes-across-distribution-lis?decile=_5&period=month&indicator=thr&welfare_type=mi_v0_850x600.svg,1,17,439421672,19589
incomes-across-distribution-lis?decile=_5&period=year&indicator=thr&welfare_type=before_vs_after,LineChart,,,a7bca74f64ebf08ffeb403b85d1dd844,incomes-across-distribution-lis?decile=_5&period=year&indicator=thr&welfare_type=before_vs_after_v0_850x600.svg,2,26,467589144,53712
incomes-across-distribution-lis?decile=_5&period=year&indicator=thr&welfare_type=dhi,LineChart,,,5fc19358a6bea66db0f7d537e4839f30,incomes-across-distribution-lis?decile=_5&period=year&indicator=thr&welfare_type=dhi_v0_850x600.svg,1,19,443961344,34165
incomes-across-distribution-lis?decile=_5&period=year&indicator=thr&welfare_type=mi,LineChart,,,ca2803220d250a7e4b090674e2d9b8ae,incomes-across-distribution-lis?decile=_5&period=year&indicator=thr&welfare_type=mi_v0_850x600.svg,1,17,411640864,19547
incomes-across-distribution-lis?decile=_9&period=day&indicator=thr&welfare_type=before_vs_after,LineChart,,,e6b996b1ed893fe2d0c67ed8874001da,incomes-across-distribution-lis?decile=_9&period=day&indicator=thr&welfare_type=before_vs_after_v0_850x600.svg,1,23,514055800,53864
incomes-across-distribution-lis?decile=_9&period=day&indicator=thr&welfare_type=dhi,LineChart,,,03d12d91dc86e9ee191299262c437267,incomes-across-distribution-lis?decile=_9&period=day&indicator=thr&welfare_type=dhi_v0_850x600.svg,1,18,531815512,34226
incomes-across-distribution-lis?decile=_9&period=day&indicator=thr&welfare_type=mi,LineChart,,,50f350967f59d53758e89604e88fe53e,incomes-across-distribution-lis?decile=_9&period=day&indicator=thr&welfare_type=mi_v0_850x600.svg,1,18,457778224,19638
incomes-across-distribution-lis?decile=_9&period=month&indicator=thr&welfare_type=before_vs_after,LineChart,,,ad0f17592812c727374026d37a8ac5f6,incomes-across-distribution-lis?decile=_9&period=month&indicator=thr&welfare_type=before_vs_after_v0_850x600.svg,2,26,422251968,53568
incomes-across-distribution-lis?decile=_9&period=month&indicator=thr&welfare_type=dhi,LineChart,,,f89d23867d982802aee9172d54c57812,incomes-across-distribution-lis?decile=_9&period=month&indicator=thr&welfare_type=dhi_v0_850x600.svg,1,21,426296936,34131
incomes-across-distribution-lis?decile=_9&period=month&indicator=thr&welfare_type=mi,LineChart,,,ced77af1c550770f6fcd745550f0eb18,incomes-across-distribution-lis?decile=_9&period=month&indicator=thr&welfare_type=mi_v0_850x600.svg,1,20,481367232,19437
incomes-across-distribution-lis?decile=_9&period=year&indicator=thr&welfare_type=before_vs_after,LineChart,,,76b7414467725c8618d90fdfee298f40,incomes-across-distribution-lis?decile=_9&period=year&indicator=thr&welfare_type=before_vs_after_v0_850x600.svg,2,24,551484600,53547
incomes-across-distribution-lis?decile=_9&period=year&indicator=thr&welfare_type=dhi,LineChart,,,c13b9949e3c16e3c1e92512e29e8d7bf,incomes-across-distribution-lis?decile=_9&period=year&indicator=thr&welfare_type=dhi_v0_850x600.svg,1,17,493021840,34110
incomes-across-distribution-lis?decile=_9&period=year&indicator=thr&welfare_type=mi,LineChart,,,0d00be8bdd951a58678f804d6d5f4918,incomes-across-distribution-lis?decile=_9&period=year&indicator=thr&welfare_type=mi_v0_850x600.svg,1,19,424672200,19437
incomes-across-distribution-lis?decile=all&period=day&indicator=avg&welfare_type=dhi,LineChart,,,ac87e765f5a3cf1866063c756071c26c,incomes-across-distribution-lis?decile=all&period=day&indicator=avg&welfare_type=dhi_v0_850x600.svg,5,45,457498056,341386
incomes-across-distribution-lis?decile=all&period=day&indicator=avg&welfare_type=mi,LineChart,,,743ef42c6d99bdb4af2e2039a9a985cc,incomes-across-distribution-lis?decile=all&period=day&indicator=avg&welfare_type=mi_v0_850x600.svg,5,42,450905032,196422
incomes-across-distribution-lis?decile=all&period=day&indicator=thr&welfare_type=dhi,LineChart,,,2a81aceebe213ef42d0162043eaf1a45,incomes-across-distribution-lis?decile=all&period=day&indicator=thr&welfare_type=dhi_v0_850x600.svg,5,42,472951384,307182
incomes-across-distribution-lis?decile=all&period=day&indicator=thr&welfare_type=mi,LineChart,,,1d9bce59d2e1b3feddea111d51f8ad12,incomes-across-distribution-lis?decile=all&period=day&indicator=thr&welfare_type=mi_v0_850x600.svg,2,34,520303400,176588
incomes-across-distribution-lis?decile=all&period=month&indicator=avg&welfare_type=dhi,LineChart,,,2d0b4a7a3d4f870d3709043266767bb1,incomes-across-distribution-lis?decile=all&period=month&indicator=avg&welfare_type=dhi_v0_850x600.svg,3,39,546658424,341999
incomes-across-distribution-lis?decile=all&period=month&indicator=avg&welfare_type=mi,LineChart,,,010f1f8687b90a4932ed6d8a8b15b345,incomes-across-distribution-lis?decile=all&period=month&indicator=avg&welfare_type=mi_v0_850x600.svg,4,43,453221072,195807
incomes-across-distribution-lis?decile=all&period=month&indicator=thr&welfare_type=dhi,LineChart,,,b6eba6408bd18a1c7cf9c5962835812f,incomes-across-distribution-lis?decile=all&period=month&indicator=thr&welfare_type=dhi_v0_850x600.svg,5,49,463543744,308040
incomes-across-distribution-lis?decile=all&period=month&indicator=thr&welfare_type=mi,LineChart,,,b5d8b8b06d202f075d359bff75b86cf4,incomes-across-distribution-lis?decile=all&period=month&indicator=thr&welfare_type=mi_v0_850x600.svg,5,44,445271568,176273
incomes-across-distribution-lis?decile=all&period=nan&indicator=share&welfare_type=dhi,StackedArea,,,dcd066da8dde94a3c4158d47ce0a8c36,incomes-across-distribution-lis?decile=all&period=nan&indicator=share&welfare_type=dhi_v0_850x600.svg,5,48,535553752,346364
incomes-across-distribution-lis?decile=all&period=nan&indicator=share&welfare_type=mi,StackedArea,,,464b061778eb7c541fe803ab9df24d20,incomes-across-distribution-lis?decile=all&period=nan&indicator=share&welfare_type=mi_v0_850x600.svg,3,54,550042200,202368
incomes-across-distribution-lis?decile=all&period=year&indicator=avg&welfare_type=dhi,LineChart,,,2a7aac69c974711e76d951848bc3d337,incomes-across-distribution-lis?decile=all&period=year&indicator=avg&welfare_type=dhi_v0_850x600.svg,5,51,442801672,341823
incomes-across-distribution-lis?decile=all&period=year&indicator=avg&welfare_type=mi,LineChart,,,37872a3ebc1aa182e0d92cd3c6f87cfe,incomes-across-distribution-lis?decile=all&period=year&indicator=avg&welfare_type=mi_v0_850x600.svg,4,47,436169192,195610
incomes-across-distribution-lis?decile=all&period=year&indicator=thr&welfare_type=dhi,LineChart,,,210a6a581459f62cf674c164bcd406ca,incomes-across-distribution-lis?decile=all&period=year&indicator=thr&welfare_type=dhi_v0_850x600.svg,5,46,435006408,307635
incomes-across-distribution-lis?decile=all&period=year&indicator=thr&welfare_type=mi,LineChart,,,5b2ab9ef722d85a7b3630a4f21840482,incomes-across-distribution-lis?decile=all&period=year&indicator=thr&welfare_type=mi_v0_850x600.svg,4,41,490845264,176021
incomes-across-distribution-lis?decile=nan&period=day&indicator=mean&welfare_type=before_vs_after,LineChart,,,92b0d55b217152a0172cc5397ca95da8,incomes-across-distribution-lis?decile=nan&period=day&indicator=mean&welfare_type=before_vs_after_v0_850x600.svg,2,19,518305264,53677
incomes-across-distribution-lis?decile=nan&period=day&indicator=mean&welfare_type=dhi,LineChart,,,f576cf25cc3f7f724015cd291c68093b,incomes-across-distribution-lis?decile=nan&period=day&indicator=mean&welfare_type=dhi_v0_850x600.svg,1,18,456705200,34112
incomes-across-distribution-lis?decile=nan&period=day&indicator=mean&welfare_type=mi,LineChart,,,464ac159716856d26a7f3190a6eeb235,incomes-across-distribution-lis?decile=nan&period=day&indicator=mean&welfare_type=mi_v0_850x600.svg,2,14,562923224,19565
incomes-across-distribution-lis?decile=nan&period=day&indicator=median&welfare_type=before_vs_after,LineChart,,,331e62d5123a04eb940270c1b73269d8,incomes-across-distribution-lis?decile=nan&period=day&indicator=median&welfare_type=before_vs_after_v0_850x600.svg,1,22,453231880,53619
incomes-across-distribution-lis?decile=nan&period=day&indicator=median&welfare_type=dhi,LineChart,,,fbc11b695ae25814496a05fada2aeedb,incomes-across-distribution-lis?decile=nan&period=day&indicator=median&welfare_type=dhi_v0_850x600.svg,1,14,576288432,34098
incomes-across-distribution-lis?decile=nan&period=day&indicator=median&welfare_type=mi,LineChart,,,2c5f3e750ec2788413dc863348500619,incomes-across-distribution-lis?decile=nan&period=day&indicator=median&welfare_type=mi_v0_850x600.svg,2,15,530984264,19521
incomes-across-distribution-lis?decile=nan&period=month&indicator=mean&welfare_type=before_vs_after,LineChart,,,9aa30f72ea3ac3fda587608d75f1c8b6,incomes-across-distribution-lis?decile=nan&period=month&indicator=mean&welfare_type=before_vs_after_v0_850x600.svg,2,24,439194384,53794
incomes-across-distribution-lis?decile=nan&period=month&indicator=mean&welfare_type=dhi,LineChart,,,125f696e5b95855e96f22b91ce88f68b,incomes-across-distribution-lis?decile=nan&period=month&indicator=mean&welfare_type=dhi_v0_850x600.svg,1,16,466537136,34202
incomes-across-distribution-lis?decile=nan&period=month&indicator=mean&welfare_type=mi,LineChart,,,7b85e00d79fe8f1750bbdca811b26cc1,incomes-across-distribution-lis?decile=nan&period=month&indicator=mean&welfare_type=mi_v0_850x600.svg,1,16,503826104,19592
incomes-across-distribution-lis?decile=nan&period=month&indicator=median&welfare_type=before_vs_after,LineChart,,,148fc4bbb52a8ba8664b57b5fc3866f9,incomes-across-distribution-lis?decile=nan&period=month&indicator=median&welfare_type=before_vs_after_v0_850x600.svg,2,17,547865192,53807
incomes-across-distribution-lis?decile=nan&period=month&indicator=median&welfare_type=dhi,LineChart,,,1993bacfd80169d1eba0a28893f0485e,incomes-across-distribution-lis?decile=nan&period=month&indicator=median&welfare_type=dhi_v0_850x600.svg,1,13,553188448,34218
incomes-across-distribution-lis?decile=nan&period=month&indicator=median&welfare_type=mi,LineChart,,,c19b0d8f87e13014a3d6e7ad7eb23158,incomes-across-distribution-lis?decile=nan&period=month&indicator=median&welfare_type=mi_v0_850x600.svg,1,18,448055488,19589
incomes-across-distribution-lis?decile=nan&period=year&indicator=mean&welfare_type=before_vs_after,LineChart,,,b0d98464b3473a7589899ec7b0673f09,incomes-across-distribution-lis?decile=nan&period=year&indicator=mean&welfare_type=before_vs_after_v0_850x600.svg,2,28,445728376,53676
incomes-across-distribution-lis?decile=nan&period=year&indicator=mean&welfare_type=dhi,LineChart,,,a5fc53f92bcd3ea270ec46066fb40642,incomes-across-distribution-lis?decile=nan&period=year&indicator=mean&welfare_type=dhi_v0_850x600.svg,1,18,453086568,34125
incomes-across-distribution-lis?decile=nan&period=year&indicator=mean&welfare_type=mi,LineChart,,,1277708c7e80f59bdc03c96bd791893b,incomes-across-distribution-lis?decile=nan&period=year&indicator=mean&welfare_type=mi_v0_850x600.svg,1,13,565744376,19551
incomes-across-distribution-lis?decile=nan&period=year&indicator=median&welfare_type=before_vs_after,LineChart,,,0c5e7a7a608f99e9a8862d25212ad65e,incomes-across-distribution-lis?decile=nan&period=year&indicator=median&welfare_type=before_vs_after_v0_850x600.svg,3,23,464987480,53712
incomes-across-distribution-lis?decile=nan&period=year&indicator=median&welfare_type=dhi,LineChart,,,01f62f7564467ef8721616b39573cd42,incomes-across-distribution-lis?decile=nan&period=year&indicator=median&welfare_type=dhi_v0_850x600.svg,2,19,483180568,34165
incomes-across-distribution-lis?decile=nan&period=year&indicator=median&welfare_type=mi,LineChart,,,55a24544f48e5292349f75b38a75f61c,incomes-across-distribution-lis?decile=nan&period=year&indicator=median&welfare_type=mi_v0_850x600.svg,1,14,528477696,19547
incomes-across-distribution-lis?decile=p10_p50_p90&period=day&indicator=thr&welfare_type=dhi,LineChart,,,f17b7b6b200070271e14136d673bab68,incomes-across-distribution-lis?decile=p10_p50_p90&period=day&indicator=thr&welfare_type=dhi_v0_850x600.svg,2,32,588052008,102478
incomes-across-distribution-lis?decile=p10_p50_p90&period=day&indicator=thr&welfare_type=mi,LineChart,,,42846ae888bd3339474a77e9f7742a57,incomes-across-distribution-lis?decile=p10_p50_p90&period=day&indicator=thr&welfare_type=mi_v0_850x600.svg,3,30,474168816,59212
incomes-across-distribution-lis?decile=p10_p50_p90&period=month&indicator=thr&welfare_type=dhi,LineChart,,,7bed465dd258af0b830e0a2dc99b0356,incomes-across-distribution-lis?decile=p10_p50_p90&period=month&indicator=thr&welfare_type=dhi_v0_850x600.svg,3,27,466481904,102630
incomes-across-distribution-lis?decile=p10_p50_p90&period=month&indicator=thr&welfare_type=mi,LineChart,,,0b086b028386cc31f70d8baab571256a,incomes-across-distribution-lis?decile=p10_p50_p90&period=month&indicator=thr&welfare_type=mi_v0_850x600.svg,2,34,549739384,58874
incomes-across-distribution-lis?decile=p10_p50_p90&period=year&indicator=thr&welfare_type=dhi,LineChart,,,b921a226de3bdc42a8cad2b960c7519a,incomes-across-distribution-lis?decile=p10_p50_p90&period=year&indicator=thr&welfare_type=dhi_v0_850x600.svg,3,32,505880192,102490
incomes-across-distribution-lis?decile=p10_p50_p90&period=year&indicator=thr&welfare_type=mi,LineChart,,,00ec9b0a3553dec5b8ab5fc14bc0100e,incomes-across-distribution-lis?decile=p10_p50_p90&period=year&indicator=thr&welfare_type=mi_v0_850x600.svg,2,30,486808208,58742
incomes-across-distribution-wb?decile=_1&period=day&indicator=avg&survey_comparability=no_spells,WorldMap,,,4f746a54c0bcbaada288ce43dedfaa94,incomes-across-distribution-wb?decile=_1&period=day&indicator=avg&survey_comparability=no_spells_v0_850x600.svg,39,109,607564952,1942262
incomes-across-distribution-wb?decile=_1&period=day&indicator=avg&survey_comparability=spells,LineChart,,,a82533b19290b77ec6fda9ae411cc20b,incomes-across-distribution-wb?decile=_1&period=day&indicator=avg&survey_comparability=spells_v0_850x600.svg,5,32,492654344,101498
incomes-across-distribution-wb?decile=_1&period=day&indicator=thr&survey_comparability=no_spells,WorldMap,,,976c58cf50d27dd44ad8a6b01f1df579,incomes-across-distribution-wb?decile=_1&period=day&indicator=thr&survey_comparability=no_spells_v0_850x600.svg,49,139,495069952,1958789
incomes-across-distribution-wb?decile=_1&period=day&indicator=thr&survey_comparability=spells,LineChart,,,f6f37e3dce3d4754ec4caf2042e87869,incomes-across-distribution-wb?decile=_1&period=day&indicator=thr&survey_comparability=spells_v0_850x600.svg,5,38,535937288,101264
incomes-across-distribution-wb?decile=_1&period=month&indicator=avg&survey_comparability=no_spells,WorldMap,,,5ed6af9c2080e10c27a24841c9aaf95b,incomes-across-distribution-wb?decile=_1&period=month&indicator=avg&survey_comparability=no_spells_v0_850x600.svg,47,131,571183784,1941713
incomes-across-distribution-wb?decile=_1&period=month&indicator=avg&survey_comparability=spells,LineChart,,,4f3db5a27e7424099d35a9ca52ebc33c,incomes-across-distribution-wb?decile=_1&period=month&indicator=avg&survey_comparability=spells_v0_850x600.svg,5,32,474002704,100949
incomes-across-distribution-wb?decile=_1&period=month&indicator=thr&survey_comparability=no_spells,WorldMap,,,693f58af47037431e91a561322565e4c,incomes-across-distribution-wb?decile=_1&period=month&indicator=thr&survey_comparability=no_spells_v0_850x600.svg,50,130,516284680,1958275
incomes-across-distribution-wb?decile=_1&period=month&indicator=thr&survey_comparability=spells,LineChart,,,d5084c406c31894b69daefae96145bbb,incomes-across-distribution-wb?decile=_1&period=month&indicator=thr&survey_comparability=spells_v0_850x600.svg,6,28,561338544,100860
incomes-across-distribution-wb?decile=_1&period=nan&indicator=share&survey_comparability=no_spells,WorldMap,,,5974cedb8cf467e7f6a5af83e704b600,incomes-across-distribution-wb?decile=_1&period=nan&indicator=share&survey_comparability=no_spells_v0_850x600.svg,46,128,542804016,1942289
incomes-across-distribution-wb?decile=_1&period=nan&indicator=share&survey_comparability=spells,LineChart,,,ac23a96c918ba232b2d742d21ac1658a,incomes-across-distribution-wb?decile=_1&period=nan&indicator=share&survey_comparability=spells_v0_850x600.svg,4,27,549709184,101525
incomes-across-distribution-wb?decile=_1&period=year&indicator=avg&survey_comparability=no_spells,WorldMap,,,647624091436bbbfeab29f3799ec70dc,incomes-across-distribution-wb?decile=_1&period=year&indicator=avg&survey_comparability=no_spells_v0_850x600.svg,37,109,600486792,1941633
incomes-across-distribution-wb?decile=_1&period=year&indicator=avg&survey_comparability=spells,LineChart,,,244392acb53176db9594da0fedc6a78a,incomes-across-distribution-wb?decile=_1&period=year&indicator=avg&survey_comparability=spells_v0_850x600.svg,6,31,633127000,100869
incomes-across-distribution-wb?decile=_1&period=year&indicator=thr&survey_comparability=no_spells,WorldMap,,,b3e961e434c3aaab3f52f24d94193f8d,incomes-across-distribution-wb?decile=_1&period=year&indicator=thr&survey_comparability=no_spells_v0_850x600.svg,48,121,541825512,1958392
incomes-across-distribution-wb?decile=_1&period=year&indicator=thr&survey_comparability=spells,LineChart,,,98f8539d04642c63601fe3d36c4052b8,incomes-across-distribution-wb?decile=_1&period=year&indicator=thr&survey_comparability=spells_v0_850x600.svg,5,29,658939704,100979
incomes-across-distribution-wb?decile=_10&period=day&indicator=avg&survey_comparability=no_spells,WorldMap,,,1099e403dd2406f782cd35ae76ac67e7,incomes-across-distribution-wb?decile=_10&period=day&indicator=avg&survey_comparability=no_spells_v0_850x600.svg,54,122,636459256,1941933
incomes-across-distribution-wb?decile=_10&period=day&indicator=avg&survey_comparability=spells,LineChart,,,a1d9ebd7bec87c6e6801a7ea1cf2a321,incomes-across-distribution-wb?decile=_10&period=day&indicator=avg&survey_comparability=spells_v0_850x600.svg,5,31,542169832,101169
incomes-across-distribution-wb?decile=_10&period=month&indicator=avg&survey_comparability=no_spells,WorldMap,,,0ef2968bccb2d0fb7d6e8357c4ad4d82,incomes-across-distribution-wb?decile=_10&period=month&indicator=avg&survey_comparability=no_spells_v0_850x600.svg,38,106,665204232,1941883
incomes-across-distribution-wb?decile=_10&period=month&indicator=avg&survey_comparability=spells,LineChart,,,a73a303b360b7b5efd8158219f59a13d,incomes-across-distribution-wb?decile=_10&period=month&indicator=avg&survey_comparability=spells_v0_850x600.svg,5,31,568881720,101119
incomes-across-distribution-wb?decile=_10&period=nan&indicator=share&survey_comparability=no_spells,WorldMap,,,cc95ee9588f0bfa6ffbcc0c8956f5337,incomes-across-distribution-wb?decile=_10&period=nan&indicator=share&survey_comparability=no_spells_v0_850x600.svg,46,117,594840400,1942177
incomes-across-distribution-wb?decile=_10&period=nan&indicator=share&survey_comparability=spells,LineChart,,,0570df590433816ad63a029c007acad0,incomes-across-distribution-wb?decile=_10&period=nan&indicator=share&survey_comparability=spells_v0_850x600.svg,5,27,530504672,101413
incomes-across-distribution-wb?decile=_10&period=year&indicator=avg&survey_comparability=no_spells,WorldMap,,,35eb77d3d18cf88ab0e1e052e9303c96,incomes-across-distribution-wb?decile=_10&period=year&indicator=avg&survey_comparability=no_spells_v0_850x600.svg,38,104,639696600,1941844
incomes-across-distribution-wb?decile=_10&period=year&indicator=avg&survey_comparability=spells,LineChart,,,93d13c1254ea098f3722225b24a2cfe0,incomes-across-distribution-wb?decile=_10&period=year&indicator=avg&survey_comparability=spells_v0_850x600.svg,5,29,556674760,101080
incomes-across-distribution-wb?decile=_10_40_50&period=nan&indicator=share&survey_comparability=no_spells,StackedArea,,,61d877e0b04ba18c0bbc701be4afdf83,incomes-across-distribution-wb?decile=_10_40_50&period=nan&indicator=share&survey_comparability=no_spells_v0_850x600.svg,4,32,567442848,301041
incomes-across-distribution-wb?decile=_5&period=day&indicator=thr&survey_comparability=no_spells,WorldMap,,,15145bb5f0f8092bc3e4381874925e7f,incomes-across-distribution-wb?decile=_5&period=day&indicator=thr&survey_comparability=no_spells_v0_850x600.svg,57,130,630568672,1958362
incomes-across-distribution-wb?decile=_5&period=day&indicator=thr&survey_comparability=spells,LineChart,,,46e77315ded1be03b381a380f75fb887,incomes-across-distribution-wb?decile=_5&period=day&indicator=thr&survey_comparability=spells_v0_850x600.svg,6,31,547184448,100922
incomes-across-distribution-wb?decile=_5&period=month&indicator=thr&survey_comparability=no_spells,WorldMap,,,23789f515109af8064971a4678a62616,incomes-across-distribution-wb?decile=_5&period=month&indicator=thr&survey_comparability=no_spells_v0_850x600.svg,40,105,711248616,1958646
incomes-across-distribution-wb?decile=_5&period=month&indicator=thr&survey_comparability=spells,LineChart,,,5145ebc65821c6c18d7441850c2029de,incomes-across-distribution-wb?decile=_5&period=month&indicator=thr&survey_comparability=spells_v0_850x600.svg,5,38,540886304,101222
incomes-across-distribution-wb?decile=_5&period=year&indicator=thr&survey_comparability=no_spells,WorldMap,,,407424098678a25025a48be9ffbe01c5,incomes-across-distribution-wb?decile=_5&period=year&indicator=thr&survey_comparability=no_spells_v0_850x600.svg,46,118,618884608,1958629
incomes-across-distribution-wb?decile=_5&period=year&indicator=thr&survey_comparability=spells,LineChart,,,663f9e4b045bd2ae55d5eacdeb412563,incomes-across-distribution-wb?decile=_5&period=year&indicator=thr&survey_comparability=spells_v0_850x600.svg,4,29,620628168,101155
incomes-across-distribution-wb?decile=_9&period=day&indicator=thr&survey_comparability=no_spells,WorldMap,,,bfa03f4fea7a33bf54557fc4f71530e5,incomes-across-distribution-wb?decile=_9&period=day&indicator=thr&survey_comparability=no_spells_v0_850x600.svg,40,106,687589096,1958357
incomes-across-distribution-wb?decile=_9&period=day&indicator=thr&survey_comparability=spells,LineChart,,,10a001d2b4bf9aa1f0391d95e25fa27a,incomes-across-distribution-wb?decile=_9&period=day&indicator=thr&survey_comparability=spells_v0_850x600.svg,4,31,566805240,100980
incomes-across-distribution-wb?decile=_9&period=month&indicator=thr&survey_comparability=no_spells,WorldMap,,,ae784b8159398d0fff04612bbb9a6fcc,incomes-across-distribution-wb?decile=_9&period=month&indicator=thr&survey_comparability=no_spells_v0_850x600.svg,48,117,615131944,1958600
incomes-across-distribution-wb?decile=_9&period=month&indicator=thr&survey_comparability=spells,LineChart,,,3085ba774fc150cc7ed991a2ac31dbd4,incomes-across-distribution-wb?decile=_9&period=month&indicator=thr&survey_comparability=spells_v0_850x600.svg,5,36,558234000,101133
incomes-across-distribution-wb?decile=_9&period=year&indicator=thr&survey_comparability=no_spells,WorldMap,,,4515b262a08d49f2a3cfea0334c80e09,incomes-across-distribution-wb?decile=_9&period=year&indicator=thr&survey_comparability=no_spells_v0_850x600.svg,36,104,760706416,1958511
incomes-across-distribution-wb?decile=_9&period=year&indicator=thr&survey_comparability=spells,LineChart,,,e8161ab78a6d6a6424fa0bcf5a748ea7,incomes-across-distribution-wb?decile=_9&period=year&indicator=thr&survey_comparability=spells_v0_850x600.svg,5,29,656729024,101053
incomes-across-distribution-wb?decile=all&period=day&indicator=avg&survey_comparability=no_spells,LineChart,,,c02b584c9dbd3458148aa9fd8d88809e,incomes-across-distribution-wb?decile=all&period=day&indicator=avg&survey_comparability=no_spells_v0_850x600.svg,10,35,594043392,1001599
incomes-across-distribution-wb?decile=all&period=day&indicator=thr&survey_comparability=no_spells,LineChart,,,f639d6d5f3d9c04e9ee065744e690acd,incomes-across-distribution-wb?decile=all&period=day&indicator=thr&survey_comparability=no_spells_v0_850x600.svg,8,37,723956088,1050835
incomes-across-distribution-wb?decile=all&period=month&indicator=avg&survey_comparability=no_spells,LineChart,,,c86ba42f50cc99898c3aef78ff5d3a0c,incomes-across-distribution-wb?decile=all&period=month&indicator=avg&survey_comparability=no_spells_v0_850x600.svg,10,44,645266496,1002166
incomes-across-distribution-wb?decile=all&period=month&indicator=thr&survey_comparability=no_spells,LineChart,,,1a97b352612bee82143142472d73849d,incomes-across-distribution-wb?decile=all&period=month&indicator=thr&survey_comparability=no_spells_v0_850x600.svg,10,40,583262376,1052083
incomes-across-distribution-wb?decile=all&period=nan&indicator=share&survey_comparability=no_spells,StackedArea,,,198224dfc6f4985f9f76fdac74109264,incomes-across-distribution-wb?decile=all&period=nan&indicator=share&survey_comparability=no_spells_v0_850x600.svg,9,52,612897488,1000552
incomes-across-distribution-wb?decile=all&period=year&indicator=avg&survey_comparability=no_spells,LineChart,,,b57f80656b7e49b8e3fb309c15fb0903,incomes-across-distribution-wb?decile=all&period=year&indicator=avg&survey_comparability=no_spells_v0_850x600.svg,7,37,707624016,1002071
incomes-across-distribution-wb?decile=all&period=year&indicator=thr&survey_comparability=no_spells,LineChart,,,63635f9a5bfed488bd8922797147c358,incomes-across-distribution-wb?decile=all&period=year&indicator=thr&survey_comparability=no_spells_v0_850x600.svg,11,42,651397744,1052143
incomes-across-distribution-wb?decile=nan&period=day&indicator=mean&survey_comparability=no_spells,WorldMap,,,4be23b15b5730bd976185e1fd95f421b,incomes-across-distribution-wb?decile=nan&period=day&indicator=mean&survey_comparability=no_spells_v0_850x600.svg,42,119,636076224,1958376
incomes-across-distribution-wb?decile=nan&period=day&indicator=mean&survey_comparability=spells,LineChart,,,d5fb753f20beb070dd4b0465c1578e14,incomes-across-distribution-wb?decile=nan&period=day&indicator=mean&survey_comparability=spells_v0_850x600.svg,4,31,671244008,100952
incomes-across-distribution-wb?decile=nan&period=day&indicator=median&survey_comparability=no_spells,WorldMap,,,3983eb814012c6c840f47d0eb16ba6f1,incomes-across-distribution-wb?decile=nan&period=day&indicator=median&survey_comparability=no_spells_v0_850x600.svg,37,107,811323680,1958357
incomes-across-distribution-wb?decile=nan&period=day&indicator=median&survey_comparability=spells,LineChart,,,dc057339527a2be1425a6ca9ff133007,incomes-across-distribution-wb?decile=nan&period=day&indicator=median&survey_comparability=spells_v0_850x600.svg,4,33,600270280,100917
incomes-across-distribution-wb?decile=nan&period=month&indicator=mean&survey_comparability=no_spells,WorldMap,,,b4a540daec716dcf4e7e26d7b8d46703,incomes-across-distribution-wb?decile=nan&period=month&indicator=mean&survey_comparability=no_spells_v0_850x600.svg,50,125,741445088,1958657
incomes-across-distribution-wb?decile=nan&period=month&indicator=mean&survey_comparability=spells,LineChart,,,7bc242c616f77fa0ee09d37f731100ae,incomes-across-distribution-wb?decile=nan&period=month&indicator=mean&survey_comparability=spells_v0_850x600.svg,4,34,688743024,101159
incomes-across-distribution-wb?decile=nan&period=month&indicator=median&survey_comparability=no_spells,WorldMap,,,fe3bde9a7787c973b0b2280afb7801d1,incomes-across-distribution-wb?decile=nan&period=month&indicator=median&survey_comparability=no_spells_v0_850x600.svg,48,123,705240704,1958646
incomes-across-distribution-wb?decile=nan&period=month&indicator=median&survey_comparability=spells,LineChart,,,72e47778c2b18f28a735ded5f528bc45,incomes-across-distribution-wb?decile=nan&period=month&indicator=median&survey_comparability=spells_v0_850x600.svg,5,36,625863712,101222
incomes-across-distribution-wb?decile=nan&period=year&indicator=mean&survey_comparability=no_spells,WorldMap,,,6f0e1d5279a9efccd2515115a9dbeddb,incomes-across-distribution-wb?decile=nan&period=year&indicator=mean&survey_comparability=no_spells_v0_850x600.svg,40,114,737760872,1958642
incomes-across-distribution-wb?decile=nan&period=year&indicator=mean&survey_comparability=spells,LineChart,,,360bbbe7c32ebf19befa4ac880c9a27e,incomes-across-distribution-wb?decile=nan&period=year&indicator=mean&survey_comparability=spells_v0_850x600.svg,5,34,616595208,101164
incomes-across-distribution-wb?decile=nan&period=year&indicator=median&survey_comparability=no_spells,WorldMap,,,d2fc4bab9ed56994f70004ee92e1b158,incomes-across-distribution-wb?decile=nan&period=year&indicator=median&survey_comparability=no_spells_v0_850x600.svg,46,121,682023928,1958627
incomes-across-distribution-wb?decile=nan&period=year&indicator=median&survey_comparability=spells,LineChart,,,2b15c974e9b5bfa69b2cb64c0a2b1ea2,incomes-across-distribution-wb?decile=nan&period=year&indicator=median&survey_comparability=spells_v0_850x600.svg,4,31,837064728,101153
incomes-across-distribution-wb?decile=p10_p50_p90&period=day&indicator=thr&survey_comparability=no_spells,LineChart,,,433973abcee97e4b45d66754ca2e659b,incomes-across-distribution-wb?decile=p10_p50_p90&period=day&indicator=thr&survey_comparability=no_spells_v0_850x600.svg,4,30,641929936,350480
incomes-across-distribution-wb?decile=p10_p50_p90&period=month&indicator=thr&survey_comparability=no_spells,LineChart,,,2cdfc997d0ff057ef21cccfd3aa842c5,incomes-across-distribution-wb?decile=p10_p50_p90&period=month&indicator=thr&survey_comparability=no_spells_v0_850x600.svg,5,30,766657960,350493
incomes-across-distribution-wb?decile=p10_p50_p90&period=year&indicator=thr&survey_comparability=no_spells,LineChart,,,5102492f2ffb1d44d0e80046669d351b,incomes-across-distribution-wb?decile=p10_p50_p90&period=year&indicator=thr&survey_comparability=no_spells_v0_850x600.svg,4,36,797377456,350504
incomes-of-the-richest?quantile=_10&welfare_type=after_tax,WorldMap,,,aa19360ddab4ec104c0d7238197d0e9f,incomes-of-the-richest?quantile=_10&welfare_type=after_tax_v0_850x600.svg,1,21,721844912,83030
incomes-of-the-richest?quantile=_10&welfare_type=before_tax,WorldMap,,,c3b1dd114a52218d5de1ad684d03cfd5,incomes-of-the-richest?quantile=_10&welfare_type=before_tax_v0_850x600.svg,2,22,625089720,111837
incomes-of-the-richest?quantile=_10&welfare_type=before_vs_after,LineChart,,,7112d8a726a9b17151f3b3ee637b9a67,incomes-of-the-richest?quantile=_10&welfare_type=before_vs_after_v0_850x600.svg,4,23,758200592,194867
incomes-of-the-richest?quantile=_10_40_50&welfare_type=after_tax,StackedArea,,,9646dc8b82e2c68438342c26e2a791f5,incomes-of-the-richest?quantile=_10_40_50&welfare_type=after_tax_v0_850x600.svg,6,37,685359984,335712
incomes-of-the-richest?quantile=_10_40_50&welfare_type=before_tax,StackedArea,,,48938850e13911ded2c60e3f3b0cc293,incomes-of-the-richest?quantile=_10_40_50&welfare_type=before_tax_v0_850x600.svg,7,43,660328064,452782
incomes-of-the-richest?quantile=all&welfare_type=after_tax,StackedArea,,,da42969f97c2ea6b199742dc9d4b49a4,incomes-of-the-richest?quantile=all&welfare_type=after_tax_v0_850x600.svg,13,62,751487480,810948
incomes-of-the-richest?quantile=all&welfare_type=before_tax,StackedArea,,,ccdb7d2e314ae2976947b4ad4a1944ee,incomes-of-the-richest?quantile=all&welfare_type=before_tax_v0_850x600.svg,12,66,817861592,1091503
incomes-of-the-richest?quantile=richest_0_1pct&welfare_type=after_tax,WorldMap,,,066efb2ba5e7aad40e4bc8bd56522a72,incomes-of-the-richest?quantile=richest_0_1pct&welfare_type=after_tax_v0_850x600.svg,2,19,774903744,80279
incomes-of-the-richest?quantile=richest_0_1pct&welfare_type=before_tax,WorldMap,,,516ab36683a4e11f433c10f995336ec9,incomes-of-the-richest?quantile=richest_0_1pct&welfare_type=before_tax_v0_850x600.svg,1,20,793107168,108495
incomes-of-the-richest?quantile=richest_0_1pct&welfare_type=before_vs_after,LineChart,,,b36df09a71ae823e84df4b3c14e21224,incomes-of-the-richest?quantile=richest_0_1pct&welfare_type=before_vs_after_v0_850x600.svg,5,24,705466464,188774
incomes-of-the-richest?quantile=richest_1pct&welfare_type=after_tax,WorldMap,,,5e93853e95d0328289950d942ceddea8,incomes-of-the-richest?quantile=richest_1pct&welfare_type=after_tax_v0_850x600.svg,2,23,698593600,81798
incomes-of-the-richest?quantile=richest_1pct&welfare_type=before_tax,WorldMap,,,413df6f22c77dc932ed9ac5286d3aefa,incomes-of-the-richest?quantile=richest_1pct&welfare_type=before_tax_v0_850x600.svg,2,23,639606560,110890
incomes-of-the-richest?quantile=richest_1pct&welfare_type=before_vs_after,LineChart,,,d615c5ab961dac924b1a052153a83a2e,incomes-of-the-richest?quantile=richest_1pct&welfare_type=before_vs_after_v0_850x600.svg,4,23,756982472,192688
internal-displacement?age=all_ages&unit=per_capita&cause=conflict&metric=displacements,WorldMap,,,33e2c52135571e14ff5a24a4f1e7b08a,internal-displacement?age=all_ages&unit=per_capita&cause=conflict&metric=displacements_v0_850x600.svg,3,23,685846704,67898
internal-displacement?age=all_ages&unit=per_capita&cause=conflict&metric=idps,WorldMap,,,d23d7feddc6785cea75e282adf992dfa,internal-displacement?age=all_ages&unit=per_capita&cause=conflict&metric=idps_v0_850x600.svg,2,22,714631456,70019
internal-displacement?age=all_ages&unit=per_capita&cause=conflict&metric=returned,WorldMap,,,67bc4b186d652cc5ae1d96a2d73c794c,internal-displacement?age=all_ages&unit=per_capita&cause=conflict&metric=returned_v0_850x600.svg,4,26,732675392,145663
internal-displacement?age=all_ages&unit=per_capita&cause=disaster&metric=displacements,WorldMap,,,3f52d255bea13d01eecd02ffbbababad,internal-displacement?age=all_ages&unit=per_capita&cause=disaster&metric=displacements_v0_850x600.svg,2,19,834165880,81987
internal-displacement?age=all_ages&unit=per_capita&cause=disaster&metric=idps,WorldMap,,,8efb4a7b5a50da847e1371c79b15de15,internal-displacement?age=all_ages&unit=per_capita&cause=disaster&metric=idps_v0_850x600.svg,1,20,652297288,37830
internal-displacement?age=all_ages&unit=per_capita&cause=total&metric=displacements,WorldMap,,,19ad7a838b3b4e6bb1ce26a8f30f0e51,internal-displacement?age=all_ages&unit=per_capita&cause=total&metric=displacements_v0_850x600.svg,2,19,773336760,79736
internal-displacement?age=all_ages&unit=per_capita&cause=total&metric=idps,WorldMap,,,e66b0fc180ace564a30b60d8297a2660,internal-displacement?age=all_ages&unit=per_capita&cause=total&metric=idps_v0_850x600.svg,2,19,698332928,38680
internal-displacement?age=all_ages&unit=total&cause=conflict&metric=displacements,WorldMap,,,f05d4da829adf80d2718333d7a40fdf6,internal-displacement?age=all_ages&unit=total&cause=conflict&metric=displacements_v0_850x600.svg,2,19,850369120,98391
internal-displacement?age=all_ages&unit=total&cause=conflict&metric=idps,WorldMap,,,fc1de4f498135526c91cc2c60fe700fb,internal-displacement?age=all_ages&unit=total&cause=conflict&metric=idps_v0_850x600.svg,3,22,730821168,100084
internal-displacement?age=all_ages&unit=total&cause=conflict&metric=returned,WorldMap,,,c2cf1728c1f5ee543105ff2641878851,internal-displacement?age=all_ages&unit=total&cause=conflict&metric=returned_v0_850x600.svg,5,26,672441896,147713
internal-displacement?age=all_ages&unit=total&cause=disaster&metric=displacements,WorldMap,,,10f849f8c3afa4717c0d39fd2cf7e2b1,internal-displacement?age=all_ages&unit=total&cause=disaster&metric=displacements_v0_850x600.svg,3,23,749642456,108008
internal-displacement?age=all_ages&unit=total&cause=disaster&metric=idps,WorldMap,,,e7e05e44bc9eef508b8520a989d7b639,internal-displacement?age=all_ages&unit=total&cause=disaster&metric=idps_v0_850x600.svg,1,17,785663048,43510
internal-displacement?age=all_ages&unit=total&cause=total&metric=displacements,WorldMap,,,68aca2d85ff92a0181a760d6fd964ffc,internal-displacement?age=all_ages&unit=total&cause=total&metric=displacements_v0_850x600.svg,3,22,714759288,102934
internal-displacement?age=all_ages&unit=total&cause=total&metric=idps,WorldMap,,,6794e235958a236e8677dd436d503f33,internal-displacement?age=all_ages&unit=total&cause=total&metric=idps_v0_850x600.svg,4,19,827986528,44297
internal-displacement?age=under_18&unit=per_capita&cause=conflict&metric=displacements,WorldMap,,,506501752ca8d25b142bbfb43ded9cb6,internal-displacement?age=under_18&unit=per_capita&cause=conflict&metric=displacements_v0_850x600.svg,2,20,690313144,36951
internal-displacement?age=under_18&unit=per_capita&cause=conflict&metric=idps,WorldMap,,,f11bc8caca0bbfcaaa15c70423f7cefe,internal-displacement?age=under_18&unit=per_capita&cause=conflict&metric=idps_v0_850x600.svg,2,20,763560144,41113
internal-displacement?age=under_18&unit=per_capita&cause=disaster&metric=displacements,WorldMap,,,818f7757eabd055564dc2a546c592cec,internal-displacement?age=under_18&unit=per_capita&cause=disaster&metric=displacements_v0_850x600.svg,3,22,650324648,80336
internal-displacement?age=under_18&unit=per_capita&cause=disaster&metric=idps,WorldMap,,,47bf330010ec0864e2c7a5d00c48be15,internal-displacement?age=under_18&unit=per_capita&cause=disaster&metric=idps_v0_850x600.svg,4,23,760438752,29363
internal-displacement?age=under_18&unit=per_capita&cause=total&metric=displacements,WorldMap,,,e28039c5762bc32ca07fabf825087760,internal-displacement?age=under_18&unit=per_capita&cause=total&metric=displacements_v0_850x600.svg,4,23,696748768,86026
internal-displacement?age=under_18&unit=per_capita&cause=total&metric=idps,WorldMap,,,c8df0a535bd4ea7d8d6d2e8f4be403e2,internal-displacement?age=under_18&unit=per_capita&cause=total&metric=idps_v0_850x600.svg,2,17,841814584,52262
internal-displacement?age=under_18&unit=total&cause=conflict&metric=displacements,WorldMap,,,fd542de3e059033721c25057139790b7,internal-displacement?age=under_18&unit=total&cause=conflict&metric=displacements_v0_850x600.svg,2,19,704384312,60143
internal-displacement?age=under_18&unit=total&cause=conflict&metric=idps,WorldMap,,,2f9fbbf95fb2d28a20dad2d1dc62023d,internal-displacement?age=under_18&unit=total&cause=conflict&metric=idps_v0_850x600.svg,2,17,663955280,58417
internal-displacement?age=under_18&unit=total&cause=disaster&metric=displacements,WorldMap,,,51e36b73697c5d028d694901f77dcf4b,internal-displacement?age=under_18&unit=total&cause=disaster&metric=displacements_v0_850x600.svg,3,21,740680576,95611
internal-displacement?age=under_18&unit=total&cause=disaster&metric=idps,WorldMap,,,bf347ee948e4031688c6a8fa5c77327a,internal-displacement?age=under_18&unit=total&cause=disaster&metric=idps_v0_850x600.svg,2,16,852565992,35086
internal-displacement?age=under_18&unit=total&cause=total&metric=displacements,WorldMap,,,977e422582be2ac51ec943ee2e088c5b,internal-displacement?age=under_18&unit=total&cause=total&metric=displacements_v0_850x600.svg,3,21,712631464,101666
internal-displacement?age=under_18&unit=total&cause=total&metric=idps,WorldMap,,,d81162dee5bc671b87f88e017dc2d637,internal-displacement?age=under_18&unit=total&cause=total&metric=idps_v0_850x600.svg,3,19,718401104,68852
labor-force-participation-rate?sex=both&age_group=_15_24,WorldMap,,,b7e20847d6aebc3174bb90b868eeeab6,labor-force-participation-rate?sex=both&age_group=_15_24_v0_850x600.svg,2,23,197174520,220731
labor-force-participation-rate?sex=both&age_group=_15_64,WorldMap,,,e01682585301a7040bf2b10fbca91267,labor-force-participation-rate?sex=both&age_group=_15_64_v0_850x600.svg,2,25,682314080,220653
labor-force-participation-rate?sex=both&age_group=_15_plus,WorldMap,,,857baaa1d7e283c0bfa68b8a50d9fbf1,labor-force-participation-rate?sex=both&age_group=_15_plus_v0_850x600.svg,2,23,871190048,220491
labor-force-participation-rate?sex=female&age_group=_15_24,WorldMap,,,f02c1599e61725d1c8df02d6606af2fc,labor-force-participation-rate?sex=female&age_group=_15_24_v0_850x600.svg,2,25,759301808,220254
labor-force-participation-rate?sex=female&age_group=_15_64,WorldMap,,,04ee87931439d11c377301ab2b5db1e2,labor-force-participation-rate?sex=female&age_group=_15_64_v0_850x600.svg,2,29,731313456,220753
labor-force-participation-rate?sex=female&age_group=_15_plus,WorldMap,,,fb36d18a41ce60a31305ac9a367eeabb,labor-force-participation-rate?sex=female&age_group=_15_plus_v0_850x600.svg,2,23,705333736,220781
labor-force-participation-rate?sex=male&age_group=_15_24,WorldMap,,,1d01836fdbc57a2433e38f7958eb3115,labor-force-participation-rate?sex=male&age_group=_15_24_v0_850x600.svg,2,25,215667928,220350
labor-force-participation-rate?sex=male&age_group=_15_64,WorldMap,,,71b8ec33b50d51382845bfcc47a4cafe,labor-force-participation-rate?sex=male&age_group=_15_64_v0_850x600.svg,3,28,665160080,220702
labor-force-participation-rate?sex=male&age_group=_15_plus,WorldMap,,,a0c4e70cb04a86e22e937017956cf1dc,labor-force-participation-rate?sex=male&age_group=_15_plus_v0_850x600.svg,3,27,777845272,220654
labor-force-participation-rate?sex=male_vs_female&age_group=_15_24,LineChart,,,65a229cb65df79fe1074ef6bd2435a75,labor-force-participation-rate?sex=male_vs_female&age_group=_15_24_v0_850x600.svg,7,43,861098104,440604
labor-force-participation-rate?sex=male_vs_female&age_group=_15_64,LineChart,,,5e5f910783a4e9b83e8a7d3433b6e8b4,labor-force-participation-rate?sex=male_vs_female&age_group=_15_64_v0_850x600.svg,7,39,737329144,441455
labor-force-participation-rate?sex=male_vs_female&age_group=_15_plus,LineChart,,,9c30bb17802efa03281f51910c03cfbf,labor-force-participation-rate?sex=male_vs_female&age_group=_15_plus_v0_850x600.svg,8,37,247429808,441435
learning-outcomes?sex=both&level=level_side_by_side&subject=mathematics&population=all_children,LineChart,,,9cdd0e7fe51f708630e6c17808e4f625,learning-outcomes?sex=both&level=level_side_by_side&subject=mathematics&population=all_children_v0_850x600.svg,2,19,708716032,36193
learning-outcomes?sex=both&level=level_side_by_side&subject=mathematics&population=students,LineChart,,,394e83a8c01fd0cf20563e4021ff6cf3,learning-outcomes?sex=both&level=level_side_by_side&subject=mathematics&population=students_v0_850x600.svg,2,19,680033520,40317
learning-outcomes?sex=both&level=level_side_by_side&subject=reading&population=all_children,LineChart,,,39149d3861a593d3a05aa26f29d767a5,learning-outcomes?sex=both&level=level_side_by_side&subject=reading&population=all_children_v0_850x600.svg,2,18,754402680,33225
learning-outcomes?sex=both&level=level_side_by_side&subject=reading&population=students,LineChart,,,8f7a4dcaeda4f55d0184643ec40f9dc7,learning-outcomes?sex=both&level=level_side_by_side&subject=reading&population=students_v0_850x600.svg,2,18,723194984,35456
learning-outcomes?sex=both&level=lower_secondary&subject=mathematics&population=all_children,WorldMap,,,8a2c8bc79550af514775e46d8970b846,learning-outcomes?sex=both&level=lower_secondary&subject=mathematics&population=all_children_v0_850x600.svg,2,21,691151328,20323
learning-outcomes?sex=both&level=lower_secondary&subject=mathematics&population=population_side_by_side,LineChart,,,971ea449bd0e1ef48452a0174e01319c,learning-outcomes?sex=both&level=lower_secondary&subject=mathematics&population=population_side_by_side_v0_850x600.svg,2,19,768981648,43182
learning-outcomes?sex=both&level=lower_secondary&subject=mathematics&population=students,WorldMap,,,68ba0610f130a3e1c78bb0f892c472ce,learning-outcomes?sex=both&level=lower_secondary&subject=mathematics&population=students_v0_850x600.svg,2,19,712164592,22859
learning-outcomes?sex=both&level=lower_secondary&subject=reading&population=all_children,WorldMap,,,76d84ab14fdb793bda8666cea3ac3c94,learning-outcomes?sex=both&level=lower_secondary&subject=reading&population=all_children_v0_850x600.svg,1,16,202102944,19203
learning-outcomes?sex=both&level=lower_secondary&subject=reading&population=population_side_by_side,LineChart,,,9cd97066ab6ba58c011d843b9e58e9df,learning-outcomes?sex=both&level=lower_secondary&subject=reading&population=population_side_by_side_v0_850x600.svg,2,19,737499200,39552
learning-outcomes?sex=both&level=lower_secondary&subject=reading&population=students,WorldMap,,,a88e977959949d7861ba4480dba4a568,learning-outcomes?sex=both&level=lower_secondary&subject=reading&population=students_v0_850x600.svg,1,17,208923448,20349
learning-outcomes?sex=both&level=lower_secondary&subject=subject_side_by_side&population=all_children,LineChart,,,40a30df8d0f3414ecd4e4cd17aa0cd99,learning-outcomes?sex=both&level=lower_secondary&subject=subject_side_by_side&population=all_children_v0_850x600.svg,1,18,783734168,39526
learning-outcomes?sex=both&level=lower_secondary&subject=subject_side_by_side&population=students,LineChart,,,f0f4d013f4b438ba669953428691108e,learning-outcomes?sex=both&level=lower_secondary&subject=subject_side_by_side&population=students_v0_850x600.svg,1,15,672816392,43208
learning-outcomes?sex=both&level=primary&subject=mathematics&population=all_children,WorldMap,,,664e3ba34d1bf475a7ff03fa285fdfba,learning-outcomes?sex=both&level=primary&subject=mathematics&population=all_children_v0_850x600.svg,1,18,723200296,15870
learning-outcomes?sex=both&level=primary&subject=mathematics&population=population_side_by_side,LineChart,,,94e8e7d0f63fef2adfdac1634aa45975,learning-outcomes?sex=both&level=primary&subject=mathematics&population=population_side_by_side_v0_850x600.svg,2,20,216780584,33328
learning-outcomes?sex=both&level=primary&subject=mathematics&population=students,WorldMap,,,1de498fa8b9dee4b734ec4c7695b6287,learning-outcomes?sex=both&level=primary&subject=mathematics&population=students_v0_850x600.svg,1,14,219811824,17458
learning-outcomes?sex=both&level=primary&subject=reading&population=all_children,WorldMap,,,9a4c8081d5235d9e247d1939a9ada60c,learning-outcomes?sex=both&level=primary&subject=reading&population=all_children_v0_850x600.svg,1,16,717970544,14022
learning-outcomes?sex=both&level=primary&subject=reading&population=population_side_by_side,LineChart,,,9c2458feb2adcbf2f953fbd590c08dea,learning-outcomes?sex=both&level=primary&subject=reading&population=population_side_by_side_v0_850x600.svg,2,16,686418784,29129
learning-outcomes?sex=both&level=primary&subject=reading&population=students,WorldMap,,,08442324456e378515f9750981fdf5e9,learning-outcomes?sex=both&level=primary&subject=reading&population=students_v0_850x600.svg,1,10,229947336,15107
learning-outcomes?sex=both&level=primary&subject=subject_side_by_side&population=all_children,LineChart,,,9824a36b5fe9206176180a0a69652a76,learning-outcomes?sex=both&level=primary&subject=subject_side_by_side&population=all_children_v0_850x600.svg,2,19,737775936,29892
learning-outcomes?sex=both&level=primary&subject=subject_side_by_side&population=students,LineChart,,,2f13677ad3627168ea935272486410db,learning-outcomes?sex=both&level=primary&subject=subject_side_by_side&population=students_v0_850x600.svg,2,20,766926264,32565
learning-outcomes?sex=female&level=level_side_by_side&subject=mathematics&population=all_children,LineChart,,,b6034c9b77df0245502a01dc43efac1c,learning-outcomes?sex=female&level=level_side_by_side&subject=mathematics&population=all_children_v0_850x600.svg,1,18,231578088,22766
learning-outcomes?sex=female&level=level_side_by_side&subject=mathematics&population=students,LineChart,,,d35326f55f2c006c8cdde3f69fadaca6,learning-outcomes?sex=female&level=level_side_by_side&subject=mathematics&population=students_v0_850x600.svg,2,18,732587448,25981
learning-outcomes?sex=female&level=level_side_by_side&subject=reading&population=all_children,LineChart,,,5964e92381ab64c9ee919291e1cb6803,learning-outcomes?sex=female&level=level_side_by_side&subject=reading&population=all_children_v0_850x600.svg,1,15,243758336,20943
learning-outcomes?sex=female&level=level_side_by_side&subject=reading&population=students,LineChart,,,14c64fc12b4465c0c79805d2e2052043,learning-outcomes?sex=female&level=level_side_by_side&subject=reading&population=students_v0_850x600.svg,2,17,700346888,22403
learning-outcomes?sex=female&level=lower_secondary&subject=mathematics&population=all_children,WorldMap,,,22cbfec999de6c3694cdcabc98cfe7df,learning-outcomes?sex=female&level=lower_secondary&subject=mathematics&population=all_children_v0_850x600.svg,2,16,748548248,13710
learning-outcomes?sex=female&level=lower_secondary&subject=mathematics&population=population_side_by_side,LineChart,,,a5f879224c96fb950655f2b25df0a6a6,learning-outcomes?sex=female&level=lower_secondary&subject=mathematics&population=population_side_by_side_v0_850x600.svg,2,17,246139792,28960
learning-outcomes?sex=female&level=lower_secondary&subject=mathematics&population=students,WorldMap,,,02ef94d283290ad6ff42cead2a5b2a8c,learning-outcomes?sex=female&level=lower_secondary&subject=mathematics&population=students_v0_850x600.svg,1,18,778048072,15250
learning-outcomes?sex=female&level=lower_secondary&subject=reading&population=all_children,WorldMap,,,8d33f42fe981857a0ff0a69551aaa88b,learning-outcomes?sex=female&level=lower_secondary&subject=reading&population=all_children_v0_850x600.svg,1,17,743122856,13377
learning-outcomes?sex=female&level=lower_secondary&subject=reading&population=population_side_by_side,LineChart,,,41b0b6cfee40b16bf0e15162de9d98d1,learning-outcomes?sex=female&level=lower_secondary&subject=reading&population=population_side_by_side_v0_850x600.svg,2,15,714044672,27013
learning-outcomes?sex=female&level=lower_secondary&subject=reading&population=students,WorldMap,,,714bf9a11fcf35ff5fe9482365c06e9e,learning-outcomes?sex=female&level=lower_secondary&subject=reading&population=students_v0_850x600.svg,1,10,217656128,13636
learning-outcomes?sex=female&level=lower_secondary&subject=subject_side_by_side&population=all_children,LineChart,,,ee4f265037878bf466921caabcd14c00,learning-outcomes?sex=female&level=lower_secondary&subject=subject_side_by_side&population=all_children_v0_850x600.svg,2,20,212165680,27087
learning-outcomes?sex=female&level=lower_secondary&subject=subject_side_by_side&population=students,LineChart,,,f48c8dafa314361d5066826f3c088ee1,learning-outcomes?sex=female&level=lower_secondary&subject=subject_side_by_side&population=students_v0_850x600.svg,1,18,792533784,28886
learning-outcomes?sex=female&level=primary&subject=mathematics&population=all_children,WorldMap,,,0401f74e101c84a8732c92db8961e99a,learning-outcomes?sex=female&level=primary&subject=mathematics&population=all_children_v0_850x600.svg,1,12,753277608,9056
learning-outcomes?sex=female&level=primary&subject=mathematics&population=population_side_by_side,LineChart,,,474b620c126ebda8a6c44733f6e07b45,learning-outcomes?sex=female&level=primary&subject=mathematics&population=population_side_by_side_v0_850x600.svg,1,18,725430096,19787
learning-outcomes?sex=female&level=primary&subject=mathematics&population=students,WorldMap,,,71f4b363f898c85f3254334a0e534c90,learning-outcomes?sex=female&level=primary&subject=mathematics&population=students_v0_850x600.svg,1,14,228005464,10731
learning-outcomes?sex=female&level=primary&subject=reading&population=all_children,WorldMap,,,3f077f0f7c5562c1c9acb07a7e8b4418,learning-outcomes?sex=female&level=primary&subject=reading&population=all_children_v0_850x600.svg,1,14,685756016,7566
learning-outcomes?sex=female&level=primary&subject=reading&population=population_side_by_side,LineChart,,,7fab3e08a562b94be410d542363bc7af,learning-outcomes?sex=female&level=primary&subject=reading&population=population_side_by_side_v0_850x600.svg,1,13,241374544,16333
learning-outcomes?sex=female&level=primary&subject=reading&population=students,WorldMap,,,3aac3a002d589e3aec014db74b13d431,learning-outcomes?sex=female&level=primary&subject=reading&population=students_v0_850x600.svg,1,11,727932160,8767
learning-outcomes?sex=female&level=primary&subject=subject_side_by_side&population=all_children,LineChart,,,e12dde3fbd2cb57739f8dcdae13ee815,learning-outcomes?sex=female&level=primary&subject=subject_side_by_side&population=all_children_v0_850x600.svg,1,14,806453128,16622
learning-outcomes?sex=female&level=primary&subject=subject_side_by_side&population=students,LineChart,,,acee07947b98176ef9f49b0d47f35229,learning-outcomes?sex=female&level=primary&subject=subject_side_by_side&population=students_v0_850x600.svg,1,14,226443096,19498
learning-outcomes?sex=male&level=level_side_by_side&subject=mathematics&population=all_children,LineChart,,,d454366f04001932b229f206fb9e3bce,learning-outcomes?sex=male&level=level_side_by_side&subject=mathematics&population=all_children_v0_850x600.svg,1,20,739942872,22738
learning-outcomes?sex=male&level=level_side_by_side&subject=mathematics&population=students,LineChart,,,8d10c38f5fd0ac776c297fa042d385c3,learning-outcomes?sex=male&level=level_side_by_side&subject=mathematics&population=students_v0_850x600.svg,2,15,699964160,25971
learning-outcomes?sex=male&level=level_side_by_side&subject=reading&population=all_children,LineChart,,,1b604e2adb79489f771342cfffbe5fba,learning-outcomes?sex=male&level=level_side_by_side&subject=reading&population=all_children_v0_850x600.svg,2,17,741756872,20957
learning-outcomes?sex=male&level=level_side_by_side&subject=reading&population=students,LineChart,,,93eaf8538feface7f88b6560ef578459,learning-outcomes?sex=male&level=level_side_by_side&subject=reading&population=students_v0_850x600.svg,1,16,255256504,22416
learning-outcomes?sex=male&level=lower_secondary&subject=mathematics&population=all_children,WorldMap,,,9d7f7bba342c7d956ad802f0b8876377,learning-outcomes?sex=male&level=lower_secondary&subject=mathematics&population=all_children_v0_850x600.svg,2,12,236824280,13694
learning-outcomes?sex=male&level=lower_secondary&subject=mathematics&population=population_side_by_side,LineChart,,,0ebecbbfc05363a2a9ebd04cc8016596,learning-outcomes?sex=male&level=lower_secondary&subject=mathematics&population=population_side_by_side_v0_850x600.svg,2,19,781641560,28947
learning-outcomes?sex=male&level=lower_secondary&subject=mathematics&population=students,WorldMap,,,117fa1a72717673f9878fc7bbc4163ce,learning-outcomes?sex=male&level=lower_secondary&subject=mathematics&population=students_v0_850x600.svg,1,13,750365816,15253
learning-outcomes?sex=male&level=lower_secondary&subject=reading&population=all_children,WorldMap,,,6b6cd700da7253db9c73f196657f2782,learning-outcomes?sex=male&level=lower_secondary&subject=reading&population=all_children_v0_850x600.svg,2,15,710023968,13383
learning-outcomes?sex=male&level=lower_secondary&subject=reading&population=population_side_by_side,LineChart,,,6853f525bf707bb56d74845b2a755575,learning-outcomes?sex=male&level=lower_secondary&subject=reading&population=population_side_by_side_v0_850x600.svg,3,25,755409480,27035
learning-outcomes?sex=male&level=lower_secondary&subject=reading&population=students,WorldMap,,,01f607e3eb1d2490468c83dcb1bfeba9,learning-outcomes?sex=male&level=lower_secondary&subject=reading&population=students_v0_850x600.svg,2,12,247044784,13652
learning-outcomes?sex=male&level=lower_secondary&subject=subject_side_by_side&population=all_children,LineChart,,,7505800684b5a197379c0c975c0ac673,learning-outcomes?sex=male&level=lower_secondary&subject=subject_side_by_side&population=all_children_v0_850x600.svg,2,19,234257400,27077
learning-outcomes?sex=male&level=lower_secondary&subject=subject_side_by_side&population=students,LineChart,,,9a98c36966c450324fefd4a7c5ad0c33,learning-outcomes?sex=male&level=lower_secondary&subject=subject_side_by_side&population=students_v0_850x600.svg,1,16,764490000,28905
learning-outcomes?sex=male&level=primary&subject=mathematics&population=all_children,WorldMap,,,5d32b64864965d48db70a022b94e20d6,learning-outcomes?sex=male&level=primary&subject=mathematics&population=all_children_v0_850x600.svg,1,15,720257744,9044
learning-outcomes?sex=male&level=primary&subject=mathematics&population=population_side_by_side,LineChart,,,e6d86c1ea89e9b8505bdd25615fa05af,learning-outcomes?sex=male&level=primary&subject=mathematics&population=population_side_by_side_v0_850x600.svg,2,19,795429368,19762
learning-outcomes?sex=male&level=primary&subject=mathematics&population=students,WorldMap,,,0d3a355d17b372fe4d3ac66be6e67be2,learning-outcomes?sex=male&level=primary&subject=mathematics&population=students_v0_850x600.svg,1,14,257377792,10718
learning-outcomes?sex=male&level=primary&subject=reading&population=all_children,WorldMap,,,3f56683129841d047fa161b9ebada07e,learning-outcomes?sex=male&level=primary&subject=reading&population=all_children_v0_850x600.svg,2,12,244064184,7574
learning-outcomes?sex=male&level=primary&subject=reading&population=population_side_by_side,LineChart,,,25721d63497484f31fbd63c12578e7b5,learning-outcomes?sex=male&level=primary&subject=reading&population=population_side_by_side_v0_850x600.svg,1,18,740102536,16338
learning-outcomes?sex=male&level=primary&subject=reading&population=students,WorldMap,,,8e3009632db8dc186c2a56a7f7e1c421,learning-outcomes?sex=male&level=primary&subject=reading&population=students_v0_850x600.svg,1,12,696050304,8764
learning-outcomes?sex=male&level=primary&subject=subject_side_by_side&population=all_children,LineChart,,,35066d9cf2444fa27425909be926fa37,learning-outcomes?sex=male&level=primary&subject=subject_side_by_side&population=all_children_v0_850x600.svg,1,21,809355112,16618
learning-outcomes?sex=male&level=primary&subject=subject_side_by_side&population=students,LineChart,,,e6cdcdbef6aeaf379311e2cca7f22ab8,learning-outcomes?sex=male&level=primary&subject=subject_side_by_side&population=students_v0_850x600.svg,1,14,258071720,19482
learning-outcomes?sex=sex_side_by_side&level=lower_secondary&subject=mathematics&population=all_children,LineChart,,,0e4b71868be5c913ed7bea6b8df5d18b,learning-outcomes?sex=sex_side_by_side&level=lower_secondary&subject=mathematics&population=all_children_v0_850x600.svg,2,20,236340720,27404
learning-outcomes?sex=sex_side_by_side&level=lower_secondary&subject=mathematics&population=students,LineChart,,,648b673509e5eb645c5cb7e84af44279,learning-outcomes?sex=sex_side_by_side&level=lower_secondary&subject=mathematics&population=students_v0_850x600.svg,2,18,192439912,30503
learning-outcomes?sex=sex_side_by_side&level=lower_secondary&subject=reading&population=all_children,LineChart,,,41ace34411b15c7cf8b5cc9eb3c19de9,learning-outcomes?sex=sex_side_by_side&level=lower_secondary&subject=reading&population=all_children_v0_850x600.svg,2,15,709746184,26760
learning-outcomes?sex=sex_side_by_side&level=lower_secondary&subject=reading&population=students,LineChart,,,a2b588917ae94149c8fbfa1a2d3480d4,learning-outcomes?sex=sex_side_by_side&level=lower_secondary&subject=reading&population=students_v0_850x600.svg,1,16,753654648,27288
learning-outcomes?sex=sex_side_by_side&level=primary&subject=mathematics&population=all_children,LineChart,,,c58aec07f8180d32cfcbb2d26d76fa3e,learning-outcomes?sex=sex_side_by_side&level=primary&subject=mathematics&population=all_children_v0_850x600.svg,1,16,271858520,18100
learning-outcomes?sex=sex_side_by_side&level=primary&subject=mathematics&population=students,LineChart,,,0bbe8379370256925ba952e8472bec52,learning-outcomes?sex=sex_side_by_side&level=primary&subject=mathematics&population=students_v0_850x600.svg,1,18,794611208,21449
learning-outcomes?sex=sex_side_by_side&level=primary&subject=reading&population=all_children,LineChart,,,8414d1f9e627cbb1a9d135c76b0c8e17,learning-outcomes?sex=sex_side_by_side&level=primary&subject=reading&population=all_children_v0_850x600.svg,2,14,249794088,15140
learning-outcomes?sex=sex_side_by_side&level=primary&subject=reading&population=students,LineChart,,,d6287a08021592d44804233e9a9da605,learning-outcomes?sex=sex_side_by_side&level=primary&subject=reading&population=students_v0_850x600.svg,2,17,723087216,17531
literacy?sex=both&age_group=adult,WorldMap,,,42139d3893d1a6f60fe622a7747a06b4,literacy?sex=both&age_group=adult_v0_850x600.svg,2,15,766936776,56200
literacy?sex=both&age_group=age_side_by_side,LineChart,,,d9a9ff3aa9c603d74eeb4162e28434bc,literacy?sex=both&age_group=age_side_by_side_v0_850x600.svg,4,24,209926312,173627
literacy?sex=both&age_group=elderly,WorldMap,,,916d2844a44bdcc196bf2cb264324ce4,literacy?sex=both&age_group=elderly_v0_850x600.svg,2,14,248409960,56644
literacy?sex=both&age_group=youth,WorldMap,,,6c987700b406b376d5a6af39e1cd4356,literacy?sex=both&age_group=youth_v0_850x600.svg,2,19,808469464,60783
literacy?sex=female&age_group=adult,WorldMap,,,059f59898a65cbfe2ac45b6a0442463f,literacy?sex=female&age_group=adult_v0_850x600.svg,2,18,263360024,56567
literacy?sex=female&age_group=age_side_by_side,LineChart,,,d69626737ef23f5f16543bc43b440da6,literacy?sex=female&age_group=age_side_by_side_v0_850x600.svg,6,21,739510576,176459
literacy?sex=female&age_group=elderly,WorldMap,,,4a9b5f83642e8a206e206d90da4093e0,literacy?sex=female&age_group=elderly_v0_850x600.svg,2,19,780465432,56993
literacy?sex=female&age_group=youth,WorldMap,,,750ce46a04f474c76041b41a52b95d67,literacy?sex=female&age_group=youth_v0_850x600.svg,2,14,262042864,62899
literacy?sex=male&age_group=adult,WorldMap,,,a8d9e9b0eed5f9a7ac4ef600a1a0660d,literacy?sex=male&age_group=adult_v0_850x600.svg,2,13,276954872,55895
literacy?sex=male&age_group=age_side_by_side,LineChart,,,29e741157ebc3a72661fff859b4039b7,literacy?sex=male&age_group=age_side_by_side_v0_850x600.svg,4,18,824507576,173119
literacy?sex=male&age_group=elderly,WorldMap,,,27934117d6ac3bda4d804fe50867795e,literacy?sex=male&age_group=elderly_v0_850x600.svg,1,18,223910376,56615
literacy?sex=male&age_group=youth,WorldMap,,,5d6da1f66581660c9cc7657bce6623d2,literacy?sex=male&age_group=youth_v0_850x600.svg,1,17,275415432,60609
literacy?sex=sex_side_by_side&age_group=adult,LineChart,,,1c86937903ac1180b8ec70946eab54c1,literacy?sex=sex_side_by_side&age_group=adult_v0_850x600.svg,3,15,757049656,112462
literacy?sex=sex_side_by_side&age_group=elderly,LineChart,,,b50e4efdb3547f369c1ab800cfe79705,literacy?sex=sex_side_by_side&age_group=elderly_v0_850x600.svg,3,16,716458312,113608
literacy?sex=sex_side_by_side&age_group=youth,LineChart,,,b57e126c7eb510eb5dc899ea337fca0d,literacy?sex=sex_side_by_side&age_group=youth_v0_850x600.svg,3,15,254546448,123508
migrant-populations?unit=number&metric=emigrants,WorldMap,,,23a0540ad3eb1fb1a89fc82f89f56cc5,migrant-populations?unit=number&metric=emigrants_v0_850x600.svg,6,23,237547240,76672
migrant-populations?unit=number&metric=immigrants,WorldMap,,,b799154af449217d26d7215ce6a62e2d,migrant-populations?unit=number&metric=immigrants_v0_850x600.svg,3,20,836832472,76326
migrant-populations?unit=share&metric=emigrants,WorldMap,,,ef9b58f3bef5cd8b51b99f8c3ec49d2f,migrant-populations?unit=share&metric=emigrants_v0_850x600.svg,2,14,288355664,82583
migrant-populations?unit=share&metric=immigrants,WorldMap,,,a782c528315b68f39d295d58da03f16c,migrant-populations?unit=share&metric=immigrants_v0_850x600.svg,3,20,769692920,82762
natural-disasters-deaths?type=all_disasters_excluding_extreme_temperature&metric=per_capita&timespan=annual,StackedBar,,,7b8a29afdf06acf118d16b223ea12d58,natural-disasters-deaths?type=all_disasters_excluding_extreme_temperature&metric=per_capita&timespan=annual_v0_850x600.svg,18,36,743215632,732542
natural-disasters-deaths?type=all_disasters_excluding_extreme_temperature&metric=per_capita&timespan=decadal,StackedBar,,,b18855ab164e6afddb6bd04dd4baafee,natural-disasters-deaths?type=all_disasters_excluding_extreme_temperature&metric=per_capita&timespan=decadal_v0_850x600.svg,12,23,280252280,678033
natural-disasters-deaths?type=all_disasters_excluding_extreme_temperature&metric=total_number&timespan=annual,StackedBar,,,dda6c025f6a526be2a5da04592d9217c,natural-disasters-deaths?type=all_disasters_excluding_extreme_temperature&metric=total_number&timespan=annual_v0_850x600.svg,13,26,273401120,604741
natural-disasters-deaths?type=all_disasters_excluding_extreme_temperature&metric=total_number&timespan=decadal,StackedBar,,,7e5ec7f544a69ac158a165e2559609b6,natural-disasters-deaths?type=all_disasters_excluding_extreme_temperature&metric=total_number&timespan=decadal_v0_850x600.svg,13,26,220904120,649555
natural-disasters-deaths?type=all_stacked&metric=per_capita&timespan=annual,StackedBar,,,3ecd37c8998265e79304b01f535b8e5a,natural-disasters-deaths?type=all_stacked&metric=per_capita&timespan=annual_v0_850x600.svg,20,36,210339632,775164
natural-disasters-deaths?type=all_stacked&metric=per_capita&timespan=decadal,StackedBar,,,df09ee9ed2f1fa8ca265bd63be1f6467,natural-disasters-deaths?type=all_stacked&metric=per_capita&timespan=decadal_v0_850x600.svg,14,26,792932064,760321
natural-disasters-deaths?type=all_stacked&metric=total_number&timespan=annual,StackedBar,,,860d30a20fb6d5b67444ea98838490c9,natural-disasters-deaths?type=all_stacked&metric=total_number&timespan=annual_v0_850x600.svg,17,29,282816776,639264
natural-disasters-deaths?type=all_stacked&metric=total_number&timespan=decadal,StackedBar,,,59f041df5fd8fc5a940b845516b27705,natural-disasters-deaths?type=all_stacked&metric=total_number&timespan=decadal_v0_850x600.svg,14,24,734076984,730046
natural-disasters-deaths?type=drought&metric=per_capita&timespan=annual,StackedBar,,,f1ae5a8862fdf5a233b3d955f04d012d,natural-disasters-deaths?type=drought&metric=per_capita&timespan=annual_v0_850x600.svg,2,14,281756536,57011
natural-disasters-deaths?type=drought&metric=per_capita&timespan=decadal,StackedBar,,,e7029b5ad8289aa905a7a072bda42f0e,natural-disasters-deaths?type=drought&metric=per_capita&timespan=decadal_v0_850x600.svg,3,14,228871480,80612
natural-disasters-deaths?type=drought&metric=total_number&timespan=annual,StackedBar,,,d424216c9ead04c1c9032f32c40a54c2,natural-disasters-deaths?type=drought&metric=total_number&timespan=annual_v0_850x600.svg,1,13,289397584,54499
natural-disasters-deaths?type=drought&metric=total_number&timespan=decadal,StackedBar,,,6e04e4826738a271db8824b68a315bec,natural-disasters-deaths?type=drought&metric=total_number&timespan=decadal_v0_850x600.svg,1,10,760564016,79805
natural-disasters-deaths?type=earthquake&metric=per_capita&timespan=annual,StackedBar,,,d63ed7e3d0cd12e5ca918da642d991b8,natural-disasters-deaths?type=earthquake&metric=per_capita&timespan=annual_v0_850x600.svg,1,11,237391120,71126
natural-disasters-deaths?type=earthquake&metric=per_capita&timespan=decadal,StackedBar,,,ce41a7c1601555baa4f5a7796956714b,natural-disasters-deaths?type=earthquake&metric=per_capita&timespan=decadal_v0_850x600.svg,2,17,218325944,84585
natural-disasters-deaths?type=earthquake&metric=total_number&timespan=annual,StackedBar,,,c8aa97701b7f89d16ad8c2e0a99e70a8,natural-disasters-deaths?type=earthquake&metric=total_number&timespan=annual_v0_850x600.svg,2,11,290799856,57056
natural-disasters-deaths?type=earthquake&metric=total_number&timespan=decadal,StackedBar,,,2a4c0e6c603f31d312088ceec5d99642,natural-disasters-deaths?type=earthquake&metric=total_number&timespan=decadal_v0_850x600.svg,2,13,768265936,81146
natural-disasters-deaths?type=extreme_temperature&metric=per_capita&timespan=annual,StackedBar,,,b561ae924a3d56ffed74422c64b30fb3,natural-disasters-deaths?type=extreme_temperature&metric=per_capita&timespan=annual_v0_850x600.svg,1,9,297105400,37307
natural-disasters-deaths?type=extreme_temperature&metric=per_capita&timespan=decadal,StackedBar,,,04bf6a7c993fe68d112eee50b3ebf4aa,natural-disasters-deaths?type=extreme_temperature&metric=per_capita&timespan=decadal_v0_850x600.svg,2,11,742294616,82261
natural-disasters-deaths?type=extreme_temperature&metric=total_number&timespan=annual,StackedBar,,,7e7a996c6d0bc1188c27cec5052d1050,natural-disasters-deaths?type=extreme_temperature&metric=total_number&timespan=annual_v0_850x600.svg,1,11,298022928,29856
natural-disasters-deaths?type=extreme_temperature&metric=total_number&timespan=decadal,StackedBar,,,541893909fb6d7904771d6857d6701c6,natural-disasters-deaths?type=extreme_temperature&metric=total_number&timespan=decadal_v0_850x600.svg,2,11,226219976,80384
natural-disasters-deaths?type=extreme_weather&metric=per_capita&timespan=annual,StackedBar,,,a3bbcf9649ff747cd71a6f544a056fda,natural-disasters-deaths?type=extreme_weather&metric=per_capita&timespan=annual_v0_850x600.svg,2,12,211736256,119746
natural-disasters-deaths?type=extreme_weather&metric=per_capita&timespan=decadal,StackedBar,,,2d43975a9a70fccafcf7bf7a49963a9f,natural-disasters-deaths?type=extreme_weather&metric=per_capita&timespan=decadal_v0_850x600.svg,1,9,267417448,87498
natural-disasters-deaths?type=extreme_weather&metric=total_number&timespan=annual,StackedBar,,,f816168f6183192edbed5fcb51fed2d6,natural-disasters-deaths?type=extreme_weather&metric=total_number&timespan=annual_v0_850x600.svg,2,17,751197016,96992
natural-disasters-deaths?type=extreme_weather&metric=total_number&timespan=decadal,StackedBar,,,2ef258966b4b1558e04734e6c3c4ca37,natural-disasters-deaths?type=extreme_weather&metric=total_number&timespan=decadal_v0_850x600.svg,2,10,233806984,82091
natural-disasters-deaths?type=flood&metric=per_capita&timespan=annual,StackedBar,,,c04e02bfaea66df6e694cbae12fa5760,natural-disasters-deaths?type=flood&metric=per_capita&timespan=annual_v0_850x600.svg,1,12,264957848,144200
natural-disasters-deaths?type=flood&metric=per_capita&timespan=decadal,StackedBar,,,e7f8d67ffbb4d61aaffbcbe1c1a2c1c6,natural-disasters-deaths?type=flood&metric=per_capita&timespan=decadal_v0_850x600.svg,2,11,275302624,87875
natural-disasters-deaths?type=flood&metric=total_number&timespan=annual,StackedBar,,,2fe4174f7048e533662243e199bc6299,natural-disasters-deaths?type=flood&metric=total_number&timespan=annual_v0_850x600.svg,1,14,220729160,116012
natural-disasters-deaths?type=flood&metric=total_number&timespan=decadal,StackedBar,,,54b40cd6aa16154f061490ed70213846,natural-disasters-deaths?type=flood&metric=total_number&timespan=decadal_v0_850x600.svg,2,11,187444232,82250
natural-disasters-deaths?type=landslide&metric=per_capita&timespan=annual,StackedBar,,,3be22894d9149c40c9e4c16703bdf082,natural-disasters-deaths?type=landslide&metric=per_capita&timespan=annual_v0_850x600.svg,1,10,242088176,45864
natural-disasters-deaths?type=landslide&metric=per_capita&timespan=decadal,StackedBar,,,08eca18f6ddc0ea749a7a6826e8b46e7,natural-disasters-deaths?type=landslide&metric=per_capita&timespan=decadal_v0_850x600.svg,2,12,759498776,83543
natural-disasters-deaths?type=landslide&metric=total_number&timespan=annual,StackedBar,,,caed197547022be12c9c0262087b5879,natural-disasters-deaths?type=landslide&metric=total_number&timespan=annual_v0_850x600.svg,1,8,272894112,35396
natural-disasters-deaths?type=landslide&metric=total_number&timespan=decadal,StackedBar,,,2aa68d730e48d76fafe30e99431a0c6d,natural-disasters-deaths?type=landslide&metric=total_number&timespan=decadal_v0_850x600.svg,1,9,283144728,80600
natural-disasters-deaths?type=volcanic_activity&metric=per_capita&timespan=annual,StackedBar,,,079a682c3ca0f5752f7efa863b5f0453,natural-disasters-deaths?type=volcanic_activity&metric=per_capita&timespan=annual_v0_850x600.svg,1,11,228282184,19745
natural-disasters-deaths?type=volcanic_activity&metric=per_capita&timespan=decadal,StackedBar,,,92eba5a5d167f181c0581195f93c1bc1,natural-disasters-deaths?type=volcanic_activity&metric=per_capita&timespan=decadal_v0_850x600.svg,1,10,195323048,80942
natural-disasters-deaths?type=volcanic_activity&metric=total_number&timespan=annual,StackedBar,,,ea587c7b082997f1b286c3b1a7be52d1,natural-disasters-deaths?type=volcanic_activity&metric=total_number&timespan=annual_v0_850x600.svg,1,8,279765760,17178
natural-disasters-deaths?type=volcanic_activity&metric=total_number&timespan=decadal,StackedBar,,,d365de1a3985fa4c527307ced637f397,natural-disasters-deaths?type=volcanic_activity&metric=total_number&timespan=decadal_v0_850x600.svg,2,10,201887280,79833
natural-disasters-deaths?type=wildfire&metric=per_capita&timespan=annual,StackedBar,,,40578dd749c04cab68810b8a4b57aa08,natural-disasters-deaths?type=wildfire&metric=per_capita&timespan=annual_v0_850x600.svg,2,9,290858560,27908
natural-disasters-deaths?type=wildfire&metric=per_capita&timespan=decadal,StackedBar,,,0288c7c076847c7ea6f1fea7fbd2688d,natural-disasters-deaths?type=wildfire&metric=per_capita&timespan=decadal_v0_850x600.svg,2,11,730647056,81485
natural-disasters-deaths?type=wildfire&metric=total_number&timespan=annual,StackedBar,,,2b107d33298a2d0e6c24436b0848e6f6,natural-disasters-deaths?type=wildfire&metric=total_number&timespan=annual_v0_850x600.svg,1,9,202480304,22614
natural-disasters-deaths?type=wildfire&metric=total_number&timespan=decadal,StackedBar,,,aacb2eaf654f15ff073988f34b6dee80,natural-disasters-deaths?type=wildfire&metric=total_number&timespan=decadal_v0_850x600.svg,1,9,235707056,79903
natural-disasters-economic-damages?type=all_disasters_excluding_extreme_temperature&timespan=annual,StackedBar,,,d10ac30ef2d9929e9fe12aa1cf847d15,natural-disasters-economic-damages?type=all_disasters_excluding_extreme_temperature&timespan=annual_v0_850x600.svg,12,26,306070128,486431
natural-disasters-economic-damages?type=all_disasters_excluding_extreme_temperature&timespan=decadal,StackedBar,,,70809f023d1018948abfb8a219d72051,natural-disasters-economic-damages?type=all_disasters_excluding_extreme_temperature&timespan=decadal_v0_850x600.svg,8,16,312139392,654476
natural-disasters-economic-damages?type=all_stacked&timespan=annual,StackedBar,,,197e0a25b80d05438ad088e1512c83bf,natural-disasters-economic-damages?type=all_stacked&timespan=annual_v0_850x600.svg,11,25,224049832,515067
natural-disasters-economic-damages?type=all_stacked&timespan=decadal,StackedBar,,,2b0a7ecbe25323dd03a7b2ae8b79fa71,natural-disasters-economic-damages?type=all_stacked&timespan=decadal_v0_850x600.svg,14,26,753101960,734633
natural-disasters-economic-damages?type=drought&timespan=annual,StackedBar,,,767e021c67e4533389337bee71b58713,natural-disasters-economic-damages?type=drought&timespan=annual_v0_850x600.svg,1,12,244351768,45119
natural-disasters-economic-damages?type=drought&timespan=decadal,StackedBar,,,3b57942d3d9f5d2b7673705ef59cb915,natural-disasters-economic-damages?type=drought&timespan=decadal_v0_850x600.svg,2,11,210615664,81084
natural-disasters-economic-damages?type=earthquake&timespan=annual,StackedBar,,,3dc4e21d80474d157cce0b5091fcde10,natural-disasters-economic-damages?type=earthquake&timespan=annual_v0_850x600.svg,1,11,219300600,35783
natural-disasters-economic-damages?type=earthquake&timespan=decadal,StackedBar,,,628cc82ea2c3830fbb28b9232c034046,natural-disasters-economic-damages?type=earthquake&timespan=decadal_v0_850x600.svg,2,11,252521680,81273
natural-disasters-economic-damages?type=extreme_temperature&timespan=annual,StackedBar,,,08241ecf5693580cae825e0d314bdc8c,natural-disasters-economic-damages?type=extreme_temperature&timespan=annual_v0_850x600.svg,1,11,279256784,24487
natural-disasters-economic-damages?type=extreme_temperature&timespan=decadal,StackedBar,,,c0ccd05935d5f3d71108b87330bb9b09,natural-disasters-economic-damages?type=extreme_temperature&timespan=decadal_v0_850x600.svg,2,10,232124712,80169
natural-disasters-economic-damages?type=extreme_weather&timespan=annual,StackedBar,,,de162d5e9e26d8f85db011b0b69d4637,natural-disasters-economic-damages?type=extreme_weather&timespan=annual_v0_850x600.svg,1,9,275463800,76569
natural-disasters-economic-damages?type=extreme_weather&timespan=decadal,StackedBar,,,bf99f0793a0229d0625d4f53f0b196e0,natural-disasters-economic-damages?type=extreme_weather&timespan=decadal_v0_850x600.svg,1,9,227447936,82652
natural-disasters-economic-damages?type=flood&timespan=annual,StackedBar,,,9bcd522e93acc818f83c0d0c9dbdc0cc,natural-disasters-economic-damages?type=flood&timespan=annual_v0_850x600.svg,2,11,762558496,105403
natural-disasters-economic-damages?type=flood&timespan=decadal,StackedBar,,,ee3bc0d8c205ea3735a7a23a38d8513c,natural-disasters-economic-damages?type=flood&timespan=decadal_v0_850x600.svg,1,9,225443208,83944
natural-disasters-economic-damages?type=landslide&timespan=annual,StackedBar,,,f6eb59cf6bfa0cf00b410fccdc4452db,natural-disasters-economic-damages?type=landslide&timespan=annual_v0_850x600.svg,1,8,287910680,25405
natural-disasters-economic-damages?type=landslide&timespan=decadal,StackedBar,,,557301eeca0f92efcc3850104561dac5,natural-disasters-economic-damages?type=landslide&timespan=decadal_v0_850x600.svg,1,10,240420976,80223
natural-disasters-economic-damages?type=volcanic_activity&timespan=annual,StackedBar,,,94fc7ec9f0c831cb4eaf125ca8619092,natural-disasters-economic-damages?type=volcanic_activity&timespan=annual_v0_850x600.svg,1,8,283694080,10964
natural-disasters-economic-damages?type=volcanic_activity&timespan=decadal,StackedBar,,,51e3c3d548a44fa2a7920ab9b964239c,natural-disasters-economic-damages?type=volcanic_activity&timespan=decadal_v0_850x600.svg,1,10,235680424,79999
natural-disasters-economic-damages?type=wildfire&timespan=annual,StackedBar,,,57ea30d8577bc548036977857c796212,natural-disasters-economic-damages?type=wildfire&timespan=annual_v0_850x600.svg,1,9,296184768,18119
natural-disasters-economic-damages?type=wildfire&timespan=decadal,StackedBar,,,1070458cb2f8d077ba741e440f3bc32b,natural-disasters-economic-damages?type=wildfire&timespan=decadal_v0_850x600.svg,1,10,233504032,80348
natural-disasters-people-affected?type=all_disasters_excluding_extreme_temperature&impact=homeless&metric=per_capita&timespan=annual,StackedBar,,,9032a27a350c7df3b9645f3f51c078ab,natural-disasters-people-affected?type=all_disasters_excluding_extreme_temperature&impact=homeless&metric=per_capita&timespan=annual_v0_850x600.svg,15,35,740677432,633719
natural-disasters-people-affected?type=all_disasters_excluding_extreme_temperature&impact=homeless&metric=per_capita&timespan=decadal,StackedBar,,,757c124d728d2ef668856522f63b46c2,natural-disasters-people-affected?type=all_disasters_excluding_extreme_temperature&impact=homeless&metric=per_capita&timespan=decadal_v0_850x600.svg,8,17,305464976,654102
natural-disasters-people-affected?type=all_disasters_excluding_extreme_temperature&impact=homeless&metric=total_number&timespan=annual,StackedBar,,,70f1023390b666a60bb83d289cbf1689,natural-disasters-people-affected?type=all_disasters_excluding_extreme_temperature&impact=homeless&metric=total_number&timespan=annual_v0_850x600.svg,12,25,321802240,604815
natural-disasters-people-affected?type=all_disasters_excluding_extreme_temperature&impact=homeless&metric=total_number&timespan=decadal,StackedBar,,,f21603ac82f423640908a3196a9651c5,natural-disasters-people-affected?type=all_disasters_excluding_extreme_temperature&impact=homeless&metric=total_number&timespan=decadal_v0_850x600.svg,13,24,226293840,644096
natural-disasters-people-affected?type=all_disasters_excluding_extreme_temperature&impact=injured&metric=per_capita&timespan=annual,StackedBar,,,2be6097fd4baf81100c160979721a7cf,natural-disasters-people-affected?type=all_disasters_excluding_extreme_temperature&impact=injured&metric=per_capita&timespan=annual_v0_850x600.svg,23,37,225796592,658587
natural-disasters-people-affected?type=all_disasters_excluding_extreme_temperature&impact=injured&metric=per_capita&timespan=decadal,StackedBar,,,f605fede0193fd09e3b4d268e811a41b,natural-disasters-people-affected?type=all_disasters_excluding_extreme_temperature&impact=injured&metric=per_capita&timespan=decadal_v0_850x600.svg,11,23,258970816,660311
natural-disasters-people-affected?type=all_disasters_excluding_extreme_temperature&impact=injured&metric=total_number&timespan=annual,StackedBar,,,084d2676a5fbaa30f2c6960d5f76c4b1,natural-disasters-people-affected?type=all_disasters_excluding_extreme_temperature&impact=injured&metric=total_number&timespan=annual_v0_850x600.svg,12,31,282835144,596762
natural-disasters-people-affected?type=all_disasters_excluding_extreme_temperature&impact=injured&metric=total_number&timespan=decadal,StackedBar,,,f5d4df853b31ed2d92be829cabed8f02,natural-disasters-people-affected?type=all_disasters_excluding_extreme_temperature&impact=injured&metric=total_number&timespan=decadal_v0_850x600.svg,13,23,245388776,644046
natural-disasters-people-affected?type=all_disasters_excluding_extreme_temperature&impact=requiring_assistance&metric=per_capita&timespan=annual,StackedBar,,,8df8f0990ed99d4a3e214ef7d3d16474,natural-disasters-people-affected?type=all_disasters_excluding_extreme_temperature&impact=requiring_assistance&metric=per_capita&timespan=annual_v0_850x600.svg,18,33,252725960,700179
natural-disasters-people-affected?type=all_disasters_excluding_extreme_temperature&impact=requiring_assistance&metric=per_capita&timespan=decadal,StackedBar,,,9408ec4790e549093aa677f8eaa2eaf4,natural-disasters-people-affected?type=all_disasters_excluding_extreme_temperature&impact=requiring_assistance&metric=per_capita&timespan=decadal_v0_850x600.svg,14,27,762086984,667867
natural-disasters-people-affected?type=all_disasters_excluding_extreme_temperature&impact=requiring_assistance&metric=total_number&timespan=annual,StackedBar,,,91de95dea210a3fcf61e65928cef1298,natural-disasters-people-affected?type=all_disasters_excluding_extreme_temperature&impact=requiring_assistance&metric=total_number&timespan=annual_v0_850x600.svg,12,24,308384008,648683
natural-disasters-people-affected?type=all_disasters_excluding_extreme_temperature&impact=requiring_assistance&metric=total_number&timespan=decadal,StackedBar,,,57ae7efe3d62019715b1f9cbb3961d3a,natural-disasters-people-affected?type=all_disasters_excluding_extreme_temperature&impact=requiring_assistance&metric=total_number&timespan=decadal_v0_850x600.svg,14,26,247332464,655281
natural-disasters-people-affected?type=all_disasters_excluding_extreme_temperature&impact=total_affected&metric=per_capita&timespan=annual,StackedBar,,,5e9ec42ca8650dabd37285adac419d1d,natural-disasters-people-affected?type=all_disasters_excluding_extreme_temperature&impact=total_affected&metric=per_capita&timespan=annual_v0_850x600.svg,12,28,309495512,719760
natural-disasters-people-affected?type=all_disasters_excluding_extreme_temperature&impact=total_affected&metric=per_capita&timespan=decadal,StackedBar,,,e2bbb21b6b8b6ff60bd80597292164aa,natural-disasters-people-affected?type=all_disasters_excluding_extreme_temperature&impact=total_affected&metric=per_capita&timespan=decadal_v0_850x600.svg,11,21,267187576,672491
natural-disasters-people-affected?type=all_disasters_excluding_extreme_temperature&impact=total_affected&metric=total_number&timespan=annual,StackedBar,,,cc1baeffe1052f2f85cad99c7b90dade,natural-disasters-people-affected?type=all_disasters_excluding_extreme_temperature&impact=total_affected&metric=total_number&timespan=annual_v0_850x600.svg,13,30,334490768,655168
natural-disasters-people-affected?type=all_disasters_excluding_extreme_temperature&impact=total_affected&metric=total_number&timespan=decadal,StackedBar,,,3976b348abfdb744a7ff33bec3661419,natural-disasters-people-affected?type=all_disasters_excluding_extreme_temperature&impact=total_affected&metric=total_number&timespan=decadal_v0_850x600.svg,12,23,783633064,658013
natural-disasters-people-affected?type=all_stacked&impact=homeless&metric=per_capita&timespan=annual,StackedBar,,,6c2b9374989673d5b175e518bb396247,natural-disasters-people-affected?type=all_stacked&impact=homeless&metric=per_capita&timespan=annual_v0_850x600.svg,16,33,240939032,666251
natural-disasters-people-affected?type=all_stacked&impact=homeless&metric=per_capita&timespan=decadal,StackedBar,,,9dc391839634c68055853fe1397c7b90,natural-disasters-people-affected?type=all_stacked&impact=homeless&metric=per_capita&timespan=decadal_v0_850x600.svg,13,26,227072712,733583
natural-disasters-people-affected?type=all_stacked&impact=homeless&metric=total_number&timespan=annual,StackedBar,,,8bbee823fed03a4865fecb09d8796652,natural-disasters-people-affected?type=all_stacked&impact=homeless&metric=total_number&timespan=annual_v0_850x600.svg,14,29,336344440,637310
natural-disasters-people-affected?type=all_stacked&impact=homeless&metric=total_number&timespan=decadal,StackedBar,,,e2705769042190029b5b410462446083,natural-disasters-people-affected?type=all_stacked&impact=homeless&metric=total_number&timespan=decadal_v0_850x600.svg,13,22,286473176,723501
natural-disasters-people-affected?type=all_stacked&impact=injured&metric=per_capita&timespan=annual,StackedBar,,,7ff237643494f2d1b4a67e88a414cd05,natural-disasters-people-affected?type=all_stacked&impact=injured&metric=per_capita&timespan=annual_v0_850x600.svg,21,43,769483368,693589
natural-disasters-people-affected?type=all_stacked&impact=injured&metric=per_capita&timespan=decadal,StackedBar,,,235ab786a24155c030890ee1e15c6061,natural-disasters-people-affected?type=all_stacked&impact=injured&metric=per_capita&timespan=decadal_v0_850x600.svg,10,22,315444200,740705
natural-disasters-people-affected?type=all_stacked&impact=injured&metric=total_number&timespan=annual,StackedBar,,,6da8fd6f1c10963e19d77b77e1c3bf7c,natural-disasters-people-affected?type=all_stacked&impact=injured&metric=total_number&timespan=annual_v0_850x600.svg,16,32,254207824,629944
natural-disasters-people-affected?type=all_stacked&impact=injured&metric=total_number&timespan=decadal,StackedBar,,,aa980d6c11ff55e1a4d4fc27bfdf662a,natural-disasters-people-affected?type=all_stacked&impact=injured&metric=total_number&timespan=decadal_v0_850x600.svg,13,26,263870808,723818
natural-disasters-people-affected?type=all_stacked&impact=requiring_assistance&metric=per_capita&timespan=annual,StackedBar,,,6638981d7e731e99c053e3a13b46bbe8,natural-disasters-people-affected?type=all_stacked&impact=requiring_assistance&metric=per_capita&timespan=annual_v0_850x600.svg,16,36,261806400,735231
natural-disasters-people-affected?type=all_stacked&impact=requiring_assistance&metric=per_capita&timespan=decadal,StackedBar,,,8cebf07d68963ed8b34aef3656298ec5,natural-disasters-people-affected?type=all_stacked&impact=requiring_assistance&metric=per_capita&timespan=decadal_v0_850x600.svg,9,22,313396288,748132
natural-disasters-people-affected?type=all_stacked&impact=requiring_assistance&metric=total_number&timespan=annual,StackedBar,,,78aec695751f12b75f5baac09dd2aee6,natural-disasters-people-affected?type=all_stacked&impact=requiring_assistance&metric=total_number&timespan=annual_v0_850x600.svg,14,29,342445592,682549
natural-disasters-people-affected?type=all_stacked&impact=requiring_assistance&metric=total_number&timespan=decadal,StackedBar,,,d188aff747beca66f6a423b165c85456,natural-disasters-people-affected?type=all_stacked&impact=requiring_assistance&metric=total_number&timespan=decadal_v0_850x600.svg,13,27,245415640,735162
natural-disasters-people-affected?type=all_stacked&impact=total_affected&metric=per_capita&timespan=annual,StackedBar,,,724c514e08474f5261658a08c72aefc1,natural-disasters-people-affected?type=all_stacked&impact=total_affected&metric=per_capita&timespan=annual_v0_850x600.svg,16,33,240696536,756064
natural-disasters-people-affected?type=all_stacked&impact=total_affected&metric=per_capita&timespan=decadal,StackedBar,,,9530cdc443ad73652440c2aef7546181,natural-disasters-people-affected?type=all_stacked&impact=total_affected&metric=per_capita&timespan=decadal_v0_850x600.svg,9,21,336920064,753268
natural-disasters-people-affected?type=all_stacked&impact=total_affected&metric=total_number&timespan=annual,StackedBar,,,b93220a8e64353b6e423682bf43fd004,natural-disasters-people-affected?type=all_stacked&impact=total_affected&metric=total_number&timespan=annual_v0_850x600.svg,22,41,223316032,689362
natural-disasters-people-affected?type=all_stacked&impact=total_affected&metric=total_number&timespan=decadal,StackedBar,,,1e66bd89a6fb3762951ffacf54ee9de8,natural-disasters-people-affected?type=all_stacked&impact=total_affected&metric=total_number&timespan=decadal_v0_850x600.svg,15,27,284837000,738106
natural-disasters-people-affected?type=drought&impact=homeless&metric=per_capita&timespan=annual,StackedBar,,,66057ff0200e97f755cc6971f27adbcc,natural-disasters-people-affected?type=drought&impact=homeless&metric=per_capita&timespan=annual_v0_850x600.svg,1,10,309332240,53545
natural-disasters-people-affected?type=drought&impact=homeless&metric=per_capita&timespan=decadal,StackedBar,,,2de8ee645609b8a16678bab1196998c1,natural-disasters-people-affected?type=drought&impact=homeless&metric=per_capita&timespan=decadal_v0_850x600.svg,2,13,253892568,79404
natural-disasters-people-affected?type=drought&impact=homeless&metric=total_number&timespan=annual,StackedBar,,,cebc8cf84393654944c394dcc04178c1,natural-disasters-people-affected?type=drought&impact=homeless&metric=total_number&timespan=annual_v0_850x600.svg,1,10,317182592,53635
natural-disasters-people-affected?type=drought&impact=homeless&metric=total_number&timespan=decadal,StackedBar,,,73e255a143e5cd1b6a9a25392827d3b2,natural-disasters-people-affected?type=drought&impact=homeless&metric=total_number&timespan=decadal_v0_850x600.svg,1,10,304069480,79384
natural-disasters-people-affected?type=drought&impact=injured&metric=per_capita&timespan=annual,StackedBar,,,b48e9231b23dfdfb847130af5f89366d,natural-disasters-people-affected?type=drought&impact=injured&metric=per_capita&timespan=annual_v0_850x600.svg,1,11,249103168,53609
natural-disasters-people-affected?type=drought&impact=injured&metric=per_capita&timespan=decadal,StackedBar,,,993f5f3f027662d55055ee500f93cafe,natural-disasters-people-affected?type=drought&impact=injured&metric=per_capita&timespan=decadal_v0_850x600.svg,1,10,325274624,79453
natural-disasters-people-affected?type=drought&impact=injured&metric=total_number&timespan=annual,StackedBar,,,dfeef9bc07e7019e1dc8ed96840dd63a,natural-disasters-people-affected?type=drought&impact=injured&metric=total_number&timespan=annual_v0_850x600.svg,2,12,261711072,53620
natural-disasters-people-affected?type=drought&impact=injured&metric=total_number&timespan=decadal,StackedBar,,,4535c557c6d911fb0a4f5f4e36bbf0c5,natural-disasters-people-affected?type=drought&impact=injured&metric=total_number&timespan=decadal_v0_850x600.svg,1,11,312268352,79385
natural-disasters-people-affected?type=drought&impact=requiring_assistance&metric=per_capita&timespan=annual,StackedBar,,,85e5f5ab1251ccbf35b5a62d71dac710,natural-disasters-people-affected?type=drought&impact=requiring_assistance&metric=per_capita&timespan=annual_v0_850x600.svg,1,12,252145920,65096
natural-disasters-people-affected?type=drought&impact=requiring_assistance&metric=per_capita&timespan=decadal,StackedBar,,,703e1ddd7802f6918f2ab060be411561,natural-disasters-people-affected?type=drought&impact=requiring_assistance&metric=per_capita&timespan=decadal_v0_850x600.svg,1,11,333593240,82728
natural-disasters-people-affected?type=drought&impact=requiring_assistance&metric=total_number&timespan=annual,StackedBar,,,42da2d0fd7f91572d9c3646b78179b59,natural-disasters-people-affected?type=drought&impact=requiring_assistance&metric=total_number&timespan=annual_v0_850x600.svg,1,11,257464480,61641
natural-disasters-people-affected?type=drought&impact=requiring_assistance&metric=total_number&timespan=decadal,StackedBar,,,2ccf5b329ef34909011dd849715797ab,natural-disasters-people-affected?type=drought&impact=requiring_assistance&metric=total_number&timespan=decadal_v0_850x600.svg,1,11,269868176,81794
natural-disasters-people-affected?type=drought&impact=total_affected&metric=per_capita&timespan=annual,StackedBar,,,728807fb059f4e784263f72a54d1b105,natural-disasters-people-affected?type=drought&impact=total_affected&metric=per_capita&timespan=annual_v0_850x600.svg,1,10,320737112,65095
natural-disasters-people-affected?type=drought&impact=total_affected&metric=per_capita&timespan=decadal,StackedBar,,,4dfc763d96d2dac5885d16db9d7b9385,natural-disasters-people-affected?type=drought&impact=total_affected&metric=per_capita&timespan=decadal_v0_850x600.svg,2,13,231923456,82728
natural-disasters-people-affected?type=drought&impact=total_affected&metric=total_number&timespan=annual,StackedBar,,,732ca12c31529b9dc28573d70d9ac421,natural-disasters-people-affected?type=drought&impact=total_affected&metric=total_number&timespan=annual_v0_850x600.svg,2,12,260538872,61641
natural-disasters-people-affected?type=drought&impact=total_affected&metric=total_number&timespan=decadal,StackedBar,,,9b409894f34e2146b73c72c8d55f765d,natural-disasters-people-affected?type=drought&impact=total_affected&metric=total_number&timespan=decadal_v0_850x600.svg,1,11,342064352,81791
natural-disasters-people-affected?type=earthquake&impact=homeless&metric=per_capita&timespan=annual,StackedBar,,,c0bef3ecbbd1a381d2141572587ad5ee,natural-disasters-people-affected?type=earthquake&impact=homeless&metric=per_capita&timespan=annual_v0_850x600.svg,1,10,329576072,61639
natural-disasters-people-affected?type=earthquake&impact=homeless&metric=per_capita&timespan=decadal,StackedBar,,,5991585c53349e72e790fc1062286dc2,natural-disasters-people-affected?type=earthquake&impact=homeless&metric=per_capita&timespan=decadal_v0_850x600.svg,2,12,266120080,82078
natural-disasters-people-affected?type=earthquake&impact=homeless&metric=total_number&timespan=annual,StackedBar,,,9397eb40e0e6a33a7471b306df39cd0e,natural-disasters-people-affected?type=earthquake&impact=homeless&metric=total_number&timespan=annual_v0_850x600.svg,2,12,240403216,57296
natural-disasters-people-affected?type=earthquake&impact=homeless&metric=total_number&timespan=decadal,StackedBar,,,624b61130d0025f6cf5075d1411b24a5,natural-disasters-people-affected?type=earthquake&impact=homeless&metric=total_number&timespan=decadal_v0_850x600.svg,1,10,239868256,80714
natural-disasters-people-affected?type=earthquake&impact=injured&metric=per_capita&timespan=annual,StackedBar,,,21240e369f9eb397ead469a21bdd4912,natural-disasters-people-affected?type=earthquake&impact=injured&metric=per_capita&timespan=annual_v0_850x600.svg,1,11,268951184,67597
natural-disasters-people-affected?type=earthquake&impact=injured&metric=per_capita&timespan=decadal,StackedBar,,,8d09d31e56f951db7118efe8496429a4,natural-disasters-people-affected?type=earthquake&impact=injured&metric=per_capita&timespan=decadal_v0_850x600.svg,1,9,350239696,83603
natural-disasters-people-affected?type=earthquake&impact=injured&metric=total_number&timespan=annual,StackedBar,,,98a13e83408cb2619ae53be9fceea676,natural-disasters-people-affected?type=earthquake&impact=injured&metric=total_number&timespan=annual_v0_850x600.svg,1,12,338115408,57196
natural-disasters-people-affected?type=earthquake&impact=injured&metric=total_number&timespan=decadal,StackedBar,,,9e38a444a7a6df7283fc6e35ed152e4a,natural-disasters-people-affected?type=earthquake&impact=injured&metric=total_number&timespan=decadal_v0_850x600.svg,1,13,248138536,81011
natural-disasters-people-affected?type=earthquake&impact=requiring_assistance&metric=per_capita&timespan=annual,StackedBar,,,5db6edf15e9835620adec4e0ebcbd928,natural-disasters-people-affected?type=earthquake&impact=requiring_assistance&metric=per_capita&timespan=annual_v0_850x600.svg,2,13,249326512,63850
natural-disasters-people-affected?type=earthquake&impact=requiring_assistance&metric=per_capita&timespan=decadal,StackedBar,,,7fcdfe04440e3412790b2e5e714a63e5,natural-disasters-people-affected?type=earthquake&impact=requiring_assistance&metric=per_capita&timespan=decadal_v0_850x600.svg,1,11,233874056,82553
natural-disasters-people-affected?type=earthquake&impact=requiring_assistance&metric=total_number&timespan=annual,StackedBar,,,9781fbf7d2046a11721c3fb630f334b1,natural-disasters-people-affected?type=earthquake&impact=requiring_assistance&metric=total_number&timespan=annual_v0_850x600.svg,2,13,277540992,59046
natural-disasters-people-affected?type=earthquake&impact=requiring_assistance&metric=total_number&timespan=decadal,StackedBar,,,4ad8f18820872b9b80c1966a69983a5c,natural-disasters-people-affected?type=earthquake&impact=requiring_assistance&metric=total_number&timespan=decadal_v0_850x600.svg,1,10,346343896,81208
natural-disasters-people-affected?type=earthquake&impact=total_affected&metric=per_capita&timespan=annual,StackedBar,,,f7be53e05e0d8d8b242d0bbe8e5a736e,natural-disasters-people-affected?type=earthquake&impact=total_affected&metric=per_capita&timespan=annual_v0_850x600.svg,1,11,323406360,68000
natural-disasters-people-affected?type=earthquake&impact=total_affected&metric=per_capita&timespan=decadal,StackedBar,,,93b2f5017e1c8bfc4cdf61dda30669c1,natural-disasters-people-affected?type=earthquake&impact=total_affected&metric=per_capita&timespan=decadal_v0_850x600.svg,2,12,242519064,83540
natural-disasters-people-affected?type=earthquake&impact=total_affected&metric=total_number&timespan=annual,StackedBar,,,8a7cb147794a8918a7dbd3143406d80a,natural-disasters-people-affected?type=earthquake&impact=total_affected&metric=total_number&timespan=annual_v0_850x600.svg,2,13,256868840,60471
natural-disasters-people-affected?type=earthquake&impact=total_affected&metric=total_number&timespan=decadal,StackedBar,,,5396f441847ca6a9f0ee62b9163f866c,natural-disasters-people-affected?type=earthquake&impact=total_affected&metric=total_number&timespan=decadal_v0_850x600.svg,1,12,212648024,81820
natural-disasters-people-affected?type=extreme_temperature&impact=homeless&metric=per_capita&timespan=annual,StackedBar,,,fc0e7e8c68059860c290a96e3ae419a7,natural-disasters-people-affected?type=extreme_temperature&impact=homeless&metric=per_capita&timespan=annual_v0_850x600.svg,1,11,285883680,28416
natural-disasters-people-affected?type=extreme_temperature&impact=homeless&metric=per_capita&timespan=decadal,StackedBar,,,61028c8af0a68b002f65e4b48821ab8d,natural-disasters-people-affected?type=extreme_temperature&impact=homeless&metric=per_capita&timespan=decadal_v0_850x600.svg,1,10,331668696,79480
natural-disasters-people-affected?type=extreme_temperature&impact=homeless&metric=total_number&timespan=annual,StackedBar,,,5ce60393e733741ab09450727700fc75,natural-disasters-people-affected?type=extreme_temperature&impact=homeless&metric=total_number&timespan=annual_v0_850x600.svg,1,9,317576048,28370
natural-disasters-people-affected?type=extreme_temperature&impact=homeless&metric=total_number&timespan=decadal,StackedBar,,,f614276f76fc49fd69616df9ad77a6ec,natural-disasters-people-affected?type=extreme_temperature&impact=homeless&metric=total_number&timespan=decadal_v0_850x600.svg,2,11,250579480,79405
natural-disasters-people-affected?type=extreme_temperature&impact=injured&metric=per_capita&timespan=annual,StackedBar,,,10efc3d166c5517fde500796fb6fd380,natural-disasters-people-affected?type=extreme_temperature&impact=injured&metric=per_capita&timespan=annual_v0_850x600.svg,1,12,264624384,30696
natural-disasters-people-affected?type=extreme_temperature&impact=injured&metric=per_capita&timespan=decadal,StackedBar,,,6bdbbdbb360293996cad5245a935edd7,natural-disasters-people-affected?type=extreme_temperature&impact=injured&metric=per_capita&timespan=decadal_v0_850x600.svg,1,11,220955864,80348
natural-disasters-people-affected?type=extreme_temperature&impact=injured&metric=total_number&timespan=annual,StackedBar,,,0ff89b1e5a9a5c856c848bbddcc515aa,natural-disasters-people-affected?type=extreme_temperature&impact=injured&metric=total_number&timespan=annual_v0_850x600.svg,1,11,293778168,28923
natural-disasters-people-affected?type=extreme_temperature&impact=injured&metric=total_number&timespan=decadal,StackedBar,,,b96f9babfbcf2102128786a94e40a5dc,natural-disasters-people-affected?type=extreme_temperature&impact=injured&metric=total_number&timespan=decadal_v0_850x600.svg,2,11,325699584,79715
natural-disasters-people-affected?type=extreme_temperature&impact=requiring_assistance&metric=per_capita&timespan=annual,StackedBar,,,96764db13b2905898ef7e74752edaff1,natural-disasters-people-affected?type=extreme_temperature&impact=requiring_assistance&metric=per_capita&timespan=annual_v0_850x600.svg,1,13,339847104,30670
natural-disasters-people-affected?type=extreme_temperature&impact=requiring_assistance&metric=per_capita&timespan=decadal,StackedBar,,,7494ae873da3675563bcda5e4cc67134,natural-disasters-people-affected?type=extreme_temperature&impact=requiring_assistance&metric=per_capita&timespan=decadal_v0_850x600.svg,1,12,258873864,80244
natural-disasters-people-affected?type=extreme_temperature&impact=requiring_assistance&metric=total_number&timespan=annual,StackedBar,,,1b62f54521a8cf0865f1af7926bb47fd,natural-disasters-people-affected?type=extreme_temperature&impact=requiring_assistance&metric=total_number&timespan=annual_v0_850x600.svg,1,12,272545072,29563
natural-disasters-people-affected?type=extreme_temperature&impact=requiring_assistance&metric=total_number&timespan=decadal,StackedBar,,,f3588ba25fd8f3956c89a947e6a08f6e,natural-disasters-people-affected?type=extreme_temperature&impact=requiring_assistance&metric=total_number&timespan=decadal_v0_850x600.svg,1,12,229476904,79849
natural-disasters-people-affected?type=extreme_temperature&impact=total_affected&metric=per_capita&timespan=annual,StackedBar,,,e40a93755d4d19252c7a9f373a186975,natural-disasters-people-affected?type=extreme_temperature&impact=total_affected&metric=per_capita&timespan=annual_v0_850x600.svg,1,13,333912088,31857
natural-disasters-people-affected?type=extreme_temperature&impact=total_affected&metric=per_capita&timespan=decadal,StackedBar,,,6bfb8966c9152f64f4b08380dea82add,natural-disasters-people-affected?type=extreme_temperature&impact=total_affected&metric=per_capita&timespan=decadal_v0_850x600.svg,2,11,348263720,80767
natural-disasters-people-affected?type=extreme_temperature&impact=total_affected&metric=total_number&timespan=annual,StackedBar,,,6a5a167de3e75eca16aaa47f54cc0a46,natural-disasters-people-affected?type=extreme_temperature&impact=total_affected&metric=total_number&timespan=annual_v0_850x600.svg,1,11,264534936,29871
natural-disasters-people-affected?type=extreme_temperature&impact=total_affected&metric=total_number&timespan=decadal,StackedBar,,,3d1fdbd4e6a297f6de82dee49bcd602b,natural-disasters-people-affected?type=extreme_temperature&impact=total_affected&metric=total_number&timespan=decadal_v0_850x600.svg,1,12,267216144,80048
natural-disasters-people-affected?type=extreme_weather&impact=homeless&metric=per_capita&timespan=annual,StackedBar,,,448b1a7cbf9f91bd9e8892ca2f4b25cb,natural-disasters-people-affected?type=extreme_weather&impact=homeless&metric=per_capita&timespan=annual_v0_850x600.svg,2,13,281752696,101206
natural-disasters-people-affected?type=extreme_weather&impact=homeless&metric=per_capita&timespan=decadal,StackedBar,,,4194fa08e0e6df94b050c8dc2babcd23,natural-disasters-people-affected?type=extreme_weather&impact=homeless&metric=per_capita&timespan=decadal_v0_850x600.svg,1,13,238083664,82488
natural-disasters-people-affected?type=extreme_weather&impact=homeless&metric=total_number&timespan=annual,StackedBar,,,c217723a2e4dd3c6506fb61241afb02c,natural-disasters-people-affected?type=extreme_weather&impact=homeless&metric=total_number&timespan=annual_v0_850x600.svg,1,11,342895760,97063
natural-disasters-people-affected?type=extreme_weather&impact=homeless&metric=total_number&timespan=decadal,StackedBar,,,dacb04b6a369bbd39f078f1aacaf5f1c,natural-disasters-people-affected?type=extreme_weather&impact=homeless&metric=total_number&timespan=decadal_v0_850x600.svg,1,10,356553160,80808
natural-disasters-people-affected?type=extreme_weather&impact=injured&metric=per_capita&timespan=annual,StackedBar,,,f9fd188e42bcc68ee1c7d9e76ae59311,natural-disasters-people-affected?type=extreme_weather&impact=injured&metric=per_capita&timespan=annual_v0_850x600.svg,1,12,273586368,106767
natural-disasters-people-affected?type=extreme_weather&impact=injured&metric=per_capita&timespan=decadal,StackedBar,,,bf7757bcf671302b85e9372f20cd8068,natural-disasters-people-affected?type=extreme_weather&impact=injured&metric=per_capita&timespan=decadal_v0_850x600.svg,1,12,275581104,84150
natural-disasters-people-affected?type=extreme_weather&impact=injured&metric=total_number&timespan=annual,StackedBar,,,5a7553fc1b5fcc11811818f51cc78953,natural-disasters-people-affected?type=extreme_weather&impact=injured&metric=total_number&timespan=annual_v0_850x600.svg,2,11,351584696,96030
natural-disasters-people-affected?type=extreme_weather&impact=injured&metric=total_number&timespan=decadal,StackedBar,,,0b7257e81a4f7215a847f44cd0bd332c,natural-disasters-people-affected?type=extreme_weather&impact=injured&metric=total_number&timespan=decadal_v0_850x600.svg,1,10,253144256,81039
natural-disasters-people-affected?type=extreme_weather&impact=requiring_assistance&metric=per_capita&timespan=annual,StackedBar,,,e381bd99a2ac9ba057df63f6893034df,natural-disasters-people-affected?type=extreme_weather&impact=requiring_assistance&metric=per_capita&timespan=annual_v0_850x600.svg,2,14,247938320,109224
natural-disasters-people-affected?type=extreme_weather&impact=requiring_assistance&metric=per_capita&timespan=decadal,StackedBar,,,88730a4763cb3c55c107e506c8e5f490,natural-disasters-people-affected?type=extreme_weather&impact=requiring_assistance&metric=per_capita&timespan=decadal_v0_850x600.svg,1,12,281957568,84678
natural-disasters-people-affected?type=extreme_weather&impact=requiring_assistance&metric=total_number&timespan=annual,StackedBar,,,d0b880b1f2b838786b255f978d00e032,natural-disasters-people-affected?type=extreme_weather&impact=requiring_assistance&metric=total_number&timespan=annual_v0_850x600.svg,1,12,334537776,102431
natural-disasters-people-affected?type=extreme_weather&impact=requiring_assistance&metric=total_number&timespan=decadal,StackedBar,,,cd9c7a63542307afdc5165b3f1e36e56,natural-disasters-people-affected?type=extreme_weather&impact=requiring_assistance&metric=total_number&timespan=decadal_v0_850x600.svg,1,12,246812024,82482
natural-disasters-people-affected?type=extreme_weather&impact=total_affected&metric=per_capita&timespan=annual,StackedBar,,,ef8c258c941e6eb1537af317c652ca02,natural-disasters-people-affected?type=extreme_weather&impact=total_affected&metric=per_capita&timespan=annual_v0_850x600.svg,2,14,262661928,113003
natural-disasters-people-affected?type=extreme_weather&impact=total_affected&metric=per_capita&timespan=decadal,StackedBar,,,234b9814b1abdbf378eac8aa1a11dd3e,natural-disasters-people-affected?type=extreme_weather&impact=total_affected&metric=per_capita&timespan=decadal_v0_850x600.svg,2,13,290614888,85761
natural-disasters-people-affected?type=extreme_weather&impact=total_affected&metric=total_number&timespan=annual,StackedBar,,,b21e9c49fdb783c9ecff6b86ac622d33,natural-disasters-people-affected?type=extreme_weather&impact=total_affected&metric=total_number&timespan=annual_v0_850x600.svg,3,13,343497944,103623
natural-disasters-people-affected?type=extreme_weather&impact=total_affected&metric=total_number&timespan=decadal,StackedBar,,,c56c464f32623904353ac0479a1bc2c5,natural-disasters-people-affected?type=extreme_weather&impact=total_affected&metric=total_number&timespan=decadal_v0_850x600.svg,1,12,328948768,83069
natural-disasters-people-affected?type=flood&impact=homeless&metric=per_capita&timespan=annual,StackedBar,,,6572c51791ee6cbbc807c9e8bd5f7e5d,natural-disasters-people-affected?type=flood&impact=homeless&metric=per_capita&timespan=annual_v0_850x600.svg,1,12,224589712,122284
natural-disasters-people-affected?type=flood&impact=homeless&metric=per_capita&timespan=decadal,StackedBar,,,d955dd52884e86bd56845a8953a133ac,natural-disasters-people-affected?type=flood&impact=homeless&metric=per_capita&timespan=decadal_v0_850x600.svg,1,12,255691736,83235
natural-disasters-people-affected?type=flood&impact=homeless&metric=total_number&timespan=annual,StackedBar,,,869670892823045d91fa5cef61eac70f,natural-disasters-people-affected?type=flood&impact=homeless&metric=total_number&timespan=annual_v0_850x600.svg,1,12,272146224,116597
natural-disasters-people-affected?type=flood&impact=homeless&metric=total_number&timespan=decadal,StackedBar,,,68ce8427a06c9bf60a3840e28ec11a6a,natural-disasters-people-affected?type=flood&impact=homeless&metric=total_number&timespan=decadal_v0_850x600.svg,1,11,299081136,81288
natural-disasters-people-affected?type=flood&impact=injured&metric=per_capita&timespan=annual,StackedBar,,,256656af47fdb43bf4d15d60015634b1,natural-disasters-people-affected?type=flood&impact=injured&metric=per_capita&timespan=annual_v0_850x600.svg,1,12,338270640,124201
natural-disasters-people-affected?type=flood&impact=injured&metric=per_capita&timespan=decadal,StackedBar,,,00c979b38c6cc1f4269d7a2d5951d0ca,natural-disasters-people-affected?type=flood&impact=injured&metric=per_capita&timespan=decadal_v0_850x600.svg,1,10,351606920,83492
natural-disasters-people-affected?type=flood&impact=injured&metric=total_number&timespan=annual,StackedBar,,,4d094c9b7a4f15ed0c29d0a8c0db45f9,natural-disasters-people-affected?type=flood&impact=injured&metric=total_number&timespan=annual_v0_850x600.svg,2,13,233873920,113770
natural-disasters-people-affected?type=flood&impact=injured&metric=total_number&timespan=decadal,StackedBar,,,af8e5ec871715833c9cf14cafc7749e1,natural-disasters-people-affected?type=flood&impact=injured&metric=total_number&timespan=decadal_v0_850x600.svg,2,12,264244184,80861
natural-disasters-people-affected?type=flood&impact=requiring_assistance&metric=per_capita&timespan=annual,StackedBar,,,007052b0c4b34fa0aef88f2c09939c3d,natural-disasters-people-affected?type=flood&impact=requiring_assistance&metric=per_capita&timespan=annual_v0_850x600.svg,1,12,361778376,139222
natural-disasters-people-affected?type=flood&impact=requiring_assistance&metric=per_capita&timespan=decadal,StackedBar,,,f31bfdb3c3759f21a59d91563cb6ceca,natural-disasters-people-affected?type=flood&impact=requiring_assistance&metric=per_capita&timespan=decadal_v0_850x600.svg,1,12,280718832,86303
natural-disasters-people-affected?type=flood&impact=requiring_assistance&metric=total_number&timespan=annual,StackedBar,,,c6e905b873c07962a0d1e1eaddd0918e,natural-disasters-people-affected?type=flood&impact=requiring_assistance&metric=total_number&timespan=annual_v0_850x600.svg,2,12,348149664,126995
natural-disasters-people-affected?type=flood&impact=requiring_assistance&metric=total_number&timespan=decadal,StackedBar,,,539ee478cdff1e6a889089c79096f180,natural-disasters-people-affected?type=flood&impact=requiring_assistance&metric=total_number&timespan=decadal_v0_850x600.svg,1,11,275604768,83744
natural-disasters-people-affected?type=flood&impact=total_affected&metric=per_capita&timespan=annual,StackedBar,,,72330b363213059af578add1883cb8e2,natural-disasters-people-affected?type=flood&impact=total_affected&metric=per_capita&timespan=annual_v0_850x600.svg,2,14,243580784,141121
natural-disasters-people-affected?type=flood&impact=total_affected&metric=per_capita&timespan=decadal,StackedBar,,,f9967ee3b67c42ffed5487d3fbb95726,natural-disasters-people-affected?type=flood&impact=total_affected&metric=per_capita&timespan=decadal_v0_850x600.svg,2,13,273200208,86554
natural-disasters-people-affected?type=flood&impact=total_affected&metric=total_number&timespan=annual,StackedBar,,,d979410f11b4e1a26a9412fa6c5cfebd,natural-disasters-people-affected?type=flood&impact=total_affected&metric=total_number&timespan=annual_v0_850x600.svg,1,13,371379880,127835
natural-disasters-people-affected?type=flood&impact=total_affected&metric=total_number&timespan=decadal,StackedBar,,,81391d1e13874d6e37dcc30633473362,natural-disasters-people-affected?type=flood&impact=total_affected&metric=total_number&timespan=decadal_v0_850x600.svg,1,13,289450208,83971
natural-disasters-people-affected?type=landslide&impact=homeless&metric=per_capita&timespan=annual,StackedBar,,,69da648043a1b20c22b8f961d588e83b,natural-disasters-people-affected?type=landslide&impact=homeless&metric=per_capita&timespan=annual_v0_850x600.svg,1,11,356655688,37005
natural-disasters-people-affected?type=landslide&impact=homeless&metric=per_capita&timespan=decadal,StackedBar,,,c83500d4634d4eb7475daecfff514c4f,natural-disasters-people-affected?type=landslide&impact=homeless&metric=per_capita&timespan=decadal_v0_850x600.svg,1,13,284270152,80821
natural-disasters-people-affected?type=landslide&impact=homeless&metric=total_number&timespan=annual,StackedBar,,,5092f67f8ca9b9dba446c7f97472cc72,natural-disasters-people-affected?type=landslide&impact=homeless&metric=total_number&timespan=annual_v0_850x600.svg,1,12,252079344,34629
natural-disasters-people-affected?type=landslide&impact=homeless&metric=total_number&timespan=decadal,StackedBar,,,78597e91e97a8b0c55f2c6f4d8695952,natural-disasters-people-affected?type=landslide&impact=homeless&metric=total_number&timespan=decadal_v0_850x600.svg,1,12,281594552,79920
natural-disasters-people-affected?type=landslide&impact=injured&metric=per_capita&timespan=annual,StackedBar,,,10bdae2c276bb75422678ab68a8e2699,natural-disasters-people-affected?type=landslide&impact=injured&metric=per_capita&timespan=annual_v0_850x600.svg,1,10,364886648,39617
natural-disasters-people-affected?type=landslide&impact=injured&metric=per_capita&timespan=decadal,StackedBar,,,fcbdc98689578dcaaf368842e09767c2,natural-disasters-people-affected?type=landslide&impact=injured&metric=per_capita&timespan=decadal_v0_850x600.svg,1,11,346821072,81647
natural-disasters-people-affected?type=landslide&impact=injured&metric=total_number&timespan=annual,StackedBar,,,144192ced3577a9868bbb6dcc15e7366,natural-disasters-people-affected?type=landslide&impact=injured&metric=total_number&timespan=annual_v0_850x600.svg,1,11,292487240,34261
natural-disasters-people-affected?type=landslide&impact=injured&metric=total_number&timespan=decadal,StackedBar,,,0ea72b961279aad284b59e6f8e8c8dac,natural-disasters-people-affected?type=landslide&impact=injured&metric=total_number&timespan=decadal_v0_850x600.svg,2,12,265408968,79967
natural-disasters-people-affected?type=landslide&impact=requiring_assistance&metric=per_capita&timespan=annual,StackedBar,,,8d04a567e05c03e10d7277598dde059d,natural-disasters-people-affected?type=landslide&impact=requiring_assistance&metric=per_capita&timespan=annual_v0_850x600.svg,2,13,260904216,38524
natural-disasters-people-affected?type=landslide&impact=requiring_assistance&metric=per_capita&timespan=decadal,StackedBar,,,ee76ba11712cb6b14786a898365ee375,natural-disasters-people-affected?type=landslide&impact=requiring_assistance&metric=per_capita&timespan=decadal_v0_850x600.svg,2,12,258095808,81363
natural-disasters-people-affected?type=landslide&impact=requiring_assistance&metric=total_number&timespan=annual,StackedBar,,,e14ad2af18e4028aea737458cce51c3e,natural-disasters-people-affected?type=landslide&impact=requiring_assistance&metric=total_number&timespan=annual_v0_850x600.svg,1,12,355437608,35440
natural-disasters-people-affected?type=landslide&impact=requiring_assistance&metric=total_number&timespan=decadal,StackedBar,,,cca621fdc18721ea0b10d33d12c416dd,natural-disasters-people-affected?type=landslide&impact=requiring_assistance&metric=total_number&timespan=decadal_v0_850x600.svg,2,11,300938104,80280
natural-disasters-people-affected?type=landslide&impact=total_affected&metric=per_capita&timespan=annual,StackedBar,,,5dcdc9e5182110855a531e4122d4b77f,natural-disasters-people-affected?type=landslide&impact=total_affected&metric=per_capita&timespan=annual_v0_850x600.svg,2,11,341154280,40999
natural-disasters-people-affected?type=landslide&impact=total_affected&metric=per_capita&timespan=decadal,StackedBar,,,4ad016fd55fefa4f9371e0b4ea9beffe,natural-disasters-people-affected?type=landslide&impact=total_affected&metric=per_capita&timespan=decadal_v0_850x600.svg,1,12,274338872,82073
natural-disasters-people-affected?type=landslide&impact=total_affected&metric=total_number&timespan=annual,StackedBar,,,a28fa7c110d46c28d57d0ddc8ecd0d10,natural-disasters-people-affected?type=landslide&impact=total_affected&metric=total_number&timespan=annual_v0_850x600.svg,1,12,236175088,35948
natural-disasters-people-affected?type=landslide&impact=total_affected&metric=total_number&timespan=decadal,StackedBar,,,76bbded2aa80d4cf097db888b6ac065d,natural-disasters-people-affected?type=landslide&impact=total_affected&metric=total_number&timespan=decadal_v0_850x600.svg,1,11,349857696,80591
natural-disasters-people-affected?type=volcanic_activity&impact=homeless&metric=per_capita&timespan=annual,StackedBar,,,1c3694bfa84039f1f56977b7904e3d7c,natural-disasters-people-affected?type=volcanic_activity&impact=homeless&metric=per_capita&timespan=annual_v0_850x600.svg,1,11,308923976,17655
natural-disasters-people-affected?type=volcanic_activity&impact=homeless&metric=per_capita&timespan=decadal,StackedBar,,,4f82b1acd15db86d006817ff930bea79,natural-disasters-people-affected?type=volcanic_activity&impact=homeless&metric=per_capita&timespan=decadal_v0_850x600.svg,1,12,266411920,79945
natural-disasters-people-affected?type=volcanic_activity&impact=homeless&metric=total_number&timespan=annual,StackedBar,,,8b533f5f34799cd7d19eaaff87d0a4a0,natural-disasters-people-affected?type=volcanic_activity&impact=homeless&metric=total_number&timespan=annual_v0_850x600.svg,1,9,362813536,17118
natural-disasters-people-affected?type=volcanic_activity&impact=homeless&metric=total_number&timespan=decadal,StackedBar,,,7d30d6bcd9d24f42fee3dd7f829656ca,natural-disasters-people-affected?type=volcanic_activity&impact=homeless&metric=total_number&timespan=decadal_v0_850x600.svg,1,11,282439328,79567
natural-disasters-people-affected?type=volcanic_activity&impact=injured&metric=per_capita&timespan=annual,StackedBar,,,6317e45d3b2abb36b83cd47ca26f2588,natural-disasters-people-affected?type=volcanic_activity&impact=injured&metric=per_capita&timespan=annual_v0_850x600.svg,1,12,243991504,18185
natural-disasters-people-affected?type=volcanic_activity&impact=injured&metric=per_capita&timespan=decadal,StackedBar,,,4d3972cd9c73a47e44ea118d46d302f2,natural-disasters-people-affected?type=volcanic_activity&impact=injured&metric=per_capita&timespan=decadal_v0_850x600.svg,2,11,370718864,80169
natural-disasters-people-affected?type=volcanic_activity&impact=injured&metric=total_number&timespan=annual,StackedBar,,,c8b2cc992dc41a37871f6a4070811210,natural-disasters-people-affected?type=volcanic_activity&impact=injured&metric=total_number&timespan=annual_v0_850x600.svg,2,11,316040792,16974
natural-disasters-people-affected?type=volcanic_activity&impact=injured&metric=total_number&timespan=decadal,StackedBar,,,1c09c83e75dc75c7f70ab46ffa954471,natural-disasters-people-affected?type=volcanic_activity&impact=injured&metric=total_number&timespan=decadal_v0_850x600.svg,1,11,358016528,79578
natural-disasters-people-affected?type=volcanic_activity&impact=requiring_assistance&metric=per_capita&timespan=annual,StackedBar,,,e0de9847924d1a061bd2a99df320976f,natural-disasters-people-affected?type=volcanic_activity&impact=requiring_assistance&metric=per_capita&timespan=annual_v0_850x600.svg,1,10,274523968,20634
natural-disasters-people-affected?type=volcanic_activity&impact=requiring_assistance&metric=per_capita&timespan=decadal,StackedBar,,,7f1c52d035b53cd8a933472318d98e46,natural-disasters-people-affected?type=volcanic_activity&impact=requiring_assistance&metric=per_capita&timespan=decadal_v0_850x600.svg,2,11,290646928,80769
natural-disasters-people-affected?type=volcanic_activity&impact=requiring_assistance&metric=total_number&timespan=annual,StackedBar,,,1884af8c717683228a8b0b5b5a9ae43d,natural-disasters-people-affected?type=volcanic_activity&impact=requiring_assistance&metric=total_number&timespan=annual_v0_850x600.svg,1,11,251473864,18566
natural-disasters-people-affected?type=volcanic_activity&impact=requiring_assistance&metric=total_number&timespan=decadal,StackedBar,,,1985ca77de8fa64ba18b46c8a616593c,natural-disasters-people-affected?type=volcanic_activity&impact=requiring_assistance&metric=total_number&timespan=decadal_v0_850x600.svg,2,11,378761192,80045
natural-disasters-people-affected?type=volcanic_activity&impact=total_affected&metric=per_capita&timespan=annual,StackedBar,,,9e3b64cb0a3d0b16a1f32a6bbff88f6c,natural-disasters-people-affected?type=volcanic_activity&impact=total_affected&metric=per_capita&timespan=annual_v0_850x600.svg,1,10,365745856,20970
natural-disasters-people-affected?type=volcanic_activity&impact=total_affected&metric=per_capita&timespan=decadal,StackedBar,,,57c1c28a89e128ce54500b024b63aa52,natural-disasters-people-affected?type=volcanic_activity&impact=total_affected&metric=per_capita&timespan=decadal_v0_850x600.svg,1,12,283043040,80940
natural-disasters-people-affected?type=volcanic_activity&impact=total_affected&metric=total_number&timespan=annual,StackedBar,,,1e9e98ad09842aa09a7112096ca69247,natural-disasters-people-affected?type=volcanic_activity&impact=total_affected&metric=total_number&timespan=annual_v0_850x600.svg,1,9,298231600,18673
natural-disasters-people-affected?type=volcanic_activity&impact=total_affected&metric=total_number&timespan=decadal,StackedBar,,,ee8a21b3883542f603a41dac48f17418,natural-disasters-people-affected?type=volcanic_activity&impact=total_affected&metric=total_number&timespan=decadal_v0_850x600.svg,1,11,288061928,80116
natural-disasters-people-affected?type=wildfire&impact=homeless&metric=per_capita&timespan=annual,StackedBar,,,b15423b6d6b4202ca226dc35d98ec2b7,natural-disasters-people-affected?type=wildfire&impact=homeless&metric=per_capita&timespan=annual_v0_850x600.svg,1,10,386590608,24950
natural-disasters-people-affected?type=wildfire&impact=homeless&metric=per_capita&timespan=decadal,StackedBar,,,26f9d51c9cee1c8c0b5a9092fe7e0a09,natural-disasters-people-affected?type=wildfire&impact=homeless&metric=per_capita&timespan=decadal_v0_850x600.svg,2,12,259897792,80488
natural-disasters-people-affected?type=wildfire&impact=homeless&metric=total_number&timespan=annual,StackedBar,,,d3df511361018069cf04dda4ca203417,natural-disasters-people-affected?type=wildfire&impact=homeless&metric=total_number&timespan=annual_v0_850x600.svg,1,9,373205440,23031
natural-disasters-people-affected?type=wildfire&impact=homeless&metric=total_number&timespan=decadal,StackedBar,,,cc9ce9af2b0393965bd18959f2ba7bd6,natural-disasters-people-affected?type=wildfire&impact=homeless&metric=total_number&timespan=decadal_v0_850x600.svg,1,11,306398384,79781
natural-disasters-people-affected?type=wildfire&impact=injured&metric=per_capita&timespan=annual,StackedBar,,,c7137819c4bac63a5e80f25b29462e26,natural-disasters-people-affected?type=wildfire&impact=injured&metric=per_capita&timespan=annual_v0_850x600.svg,1,9,295848992,25716
natural-disasters-people-affected?type=wildfire&impact=injured&metric=per_capita&timespan=decadal,StackedBar,,,5c3c39125baa3478ddc0c48bab87a0be,natural-disasters-people-affected?type=wildfire&impact=injured&metric=per_capita&timespan=decadal_v0_850x600.svg,1,12,291074696,80633
natural-disasters-people-affected?type=wildfire&impact=injured&metric=total_number&timespan=annual,StackedBar,,,198860193d9a34d7056bd190831da788,natural-disasters-people-affected?type=wildfire&impact=injured&metric=total_number&timespan=annual_v0_850x600.svg,1,8,380436656,22691
natural-disasters-people-affected?type=wildfire&impact=injured&metric=total_number&timespan=decadal,StackedBar,,,141c7062b8bca3553c91521aab43990f,natural-disasters-people-affected?type=wildfire&impact=injured&metric=total_number&timespan=decadal_v0_850x600.svg,2,12,267996288,79808
natural-disasters-people-affected?type=wildfire&impact=requiring_assistance&metric=per_capita&timespan=annual,StackedBar,,,c1cd9e8ee96b1c552c27a0bf970cdb9e,natural-disasters-people-affected?type=wildfire&impact=requiring_assistance&metric=per_capita&timespan=annual_v0_850x600.svg,1,10,358824288,26095
natural-disasters-people-affected?type=wildfire&impact=requiring_assistance&metric=per_capita&timespan=decadal,StackedBar,,,7b3ab5e7ecb82a666fd38e40ffe995c9,natural-disasters-people-affected?type=wildfire&impact=requiring_assistance&metric=per_capita&timespan=decadal_v0_850x600.svg,2,11,304095480,80763
natural-disasters-people-affected?type=wildfire&impact=requiring_assistance&metric=total_number&timespan=annual,StackedBar,,,258f8009196572b11f2134687d463a4b,natural-disasters-people-affected?type=wildfire&impact=requiring_assistance&metric=total_number&timespan=annual_v0_850x600.svg,1,10,298732016,23831
natural-disasters-people-affected?type=wildfire&impact=requiring_assistance&metric=total_number&timespan=decadal,StackedBar,,,955e1567e0338620d7fd57da760df086,natural-disasters-people-affected?type=wildfire&impact=requiring_assistance&metric=total_number&timespan=decadal_v0_850x600.svg,1,13,277958640,80122
natural-disasters-people-affected?type=wildfire&impact=total_affected&metric=per_capita&timespan=annual,StackedBar,,,80b914d9f01b68fae7fb16390a125509,natural-disasters-people-affected?type=wildfire&impact=total_affected&metric=per_capita&timespan=annual_v0_850x600.svg,1,10,352510368,27508
natural-disasters-people-affected?type=wildfire&impact=total_affected&metric=per_capita&timespan=decadal,StackedBar,,,a44aa98115167e7674e6f7cf22c0c84a,natural-disasters-people-affected?type=wildfire&impact=total_affected&metric=per_capita&timespan=decadal_v0_850x600.svg,1,11,367388152,81155
natural-disasters-people-affected?type=wildfire&impact=total_affected&metric=total_number&timespan=annual,StackedBar,,,8dee254e9a36bad07c98e2ab2468d5c6,natural-disasters-people-affected?type=wildfire&impact=total_affected&metric=total_number&timespan=annual_v0_850x600.svg,1,13,275680400,24221
natural-disasters-people-affected?type=wildfire&impact=total_affected&metric=total_number&timespan=decadal,StackedBar,,,449d0a36d8715d282093415802353f31,natural-disasters-people-affected?type=wildfire&impact=total_affected&metric=total_number&timespan=decadal_v0_850x600.svg,1,11,312400640,80308
net-migration-metrics?metric=net_migration,WorldMap,,,f05df290300d8fd4de3d40ce244ff7ba,net-migration-metrics?metric=net_migration_v0_850x600.svg,4,31,295300072,566417
net-migration-metrics?metric=net_migration_rate,WorldMap,,,c474eeab5db5ee870c439c09b392100b,net-migration-metrics?metric=net_migration_rate_v0_850x600.svg,4,31,283063896,565733
palma-ratio-wb?survey_comparability=no_spells,WorldMap,,,37d08e48f7d87ae6d10ae42cc2dbb1f3,palma-ratio-wb?survey_comparability=no_spells_v0_850x600.svg,1,19,368661960,100907
palma-ratio-wb?survey_comparability=spells,LineChart,,,763c556515da27dc2a5a730f4f600375,palma-ratio-wb?survey_comparability=spells_v0_850x600.svg,5,28,391782632,101819
palma-ratio-wid?welfare_type=after_tax,WorldMap,,,54551f262118c604ee58936913866d39,palma-ratio-wid?welfare_type=after_tax_v0_850x600.svg,2,25,330757384,93501
palma-ratio-wid?welfare_type=before_tax,WorldMap,,,8515434475f1240b7ea5a30818ad6e4c,palma-ratio-wid?welfare_type=before_tax_v0_850x600.svg,2,27,259028112,125873
palma-ratio-wid?welfare_type=before_vs_after,LineChart,,,9e733987ffb38ec4676fca38bf43fd80,palma-ratio-wid?welfare_type=before_vs_after_v0_850x600.svg,3,24,389221376,219374
plastic-entering-ocean?measure=per_capita,WorldMap,,,b6250fa851e81e8b86f75ef905cd6089,plastic-entering-ocean?measure=per_capita_v0_850x600.svg,1,15,304255528,5560
plastic-entering-ocean?measure=share_of_global,WorldMap,,,25f7d695e61db2af178f239859c34823,plastic-entering-ocean?measure=share_of_global_v0_850x600.svg,1,18,291903800,5563
plastic-entering-ocean?measure=total,WorldMap,,,c5a929a4a0b100d9cc31ec811bf6b859,plastic-entering-ocean?measure=total_v0_850x600.svg,1,14,400294064,4497
plastic-pollution?measure=per_person&emission_type=debris&emissions_source=all,WorldMap,,,cea505b0609fcef0c2e4a2db10f468e2,plastic-pollution?measure=per_person&emission_type=debris&emissions_source=all_v0_850x600.svg,1,17,301581832,8721
plastic-pollution?measure=per_person&emission_type=open_burning&emissions_source=all,WorldMap,,,68051171a5be48e23895a09bb60173ce,plastic-pollution?measure=per_person&emission_type=open_burning&emissions_source=all_v0_850x600.svg,1,16,267047400,8292
plastic-pollution?measure=per_person&emission_type=total_burned_debris&emissions_source=all,WorldMap,,,f4e6cc94ac3f7d6fcaa80cb411bdb83f,plastic-pollution?measure=per_person&emission_type=total_burned_debris&emissions_source=all_v0_850x600.svg,2,17,312268296,8726
plastic-pollution?measure=per_person&emission_type=total_burned_debris&emissions_source=collection_system,WorldMap,,,c2b52cc51faf6be2df7e02882ce70ec3,plastic-pollution?measure=per_person&emission_type=total_burned_debris&emissions_source=collection_system_v0_850x600.svg,1,15,299904376,8987
plastic-pollution?measure=per_person&emission_type=total_burned_debris&emissions_source=disposal,WorldMap,,,6d745231eccea0fe7d99f9bb6965f8d1,plastic-pollution?measure=per_person&emission_type=total_burned_debris&emissions_source=disposal_v0_850x600.svg,1,14,372344520,7966
plastic-pollution?measure=per_person&emission_type=total_burned_debris&emissions_source=litter,WorldMap,,,073f02327fa07e0ecf24175f9ee8c434,plastic-pollution?measure=per_person&emission_type=total_burned_debris&emissions_source=litter_v0_850x600.svg,1,14,364879672,8928
plastic-pollution?measure=per_person&emission_type=total_burned_debris&emissions_source=rejects,WorldMap,,,431a59ea2402bb15392e0f2a2df6326e,plastic-pollution?measure=per_person&emission_type=total_burned_debris&emissions_source=rejects_v0_850x600.svg,1,15,274983840,8619
plastic-pollution?measure=per_person&emission_type=total_burned_debris&emissions_source=total_by_source,StackedDiscreteBar,,,3f70c31768661e3650ace3dc354c2872,plastic-pollution?measure=per_person&emission_type=total_burned_debris&emissions_source=total_by_source_v0_850x600.svg,3,13,309058864,42771
plastic-pollution?measure=per_person&emission_type=total_burned_debris&emissions_source=uncollected_waste,WorldMap,,,16564b7cdf9ace4151fd1940955c3c84,plastic-pollution?measure=per_person&emission_type=total_burned_debris&emissions_source=uncollected_waste_v0_850x600.svg,1,14,320173264,8271
plastic-pollution?measure=per_person&emission_type=total_by_type&emissions_source=all,StackedDiscreteBar,,,898c2543637ece3ebb1f43bc706891e4,plastic-pollution?measure=per_person&emission_type=total_by_type&emissions_source=all_v0_850x600.svg,1,10,378398304,17013
plastic-pollution?measure=share_of_global_total&emission_type=debris&emissions_source=all,WorldMap,,,517510be239916de6d32baa17f9f7e9e,plastic-pollution?measure=share_of_global_total&emission_type=debris&emissions_source=all_v0_850x600.svg,1,13,373014624,9171
plastic-pollution?measure=share_of_global_total&emission_type=open_burning&emissions_source=all,WorldMap,,,d7ab0e6dc3cc8234890105e26f607244,plastic-pollution?measure=share_of_global_total&emission_type=open_burning&emissions_source=all_v0_850x600.svg,1,15,307808568,8660
plastic-pollution?measure=share_of_global_total&emission_type=total_burned_debris&emissions_source=all,WorldMap,,,605a25a8f3365b842da40d0975ab660d,plastic-pollution?measure=share_of_global_total&emission_type=total_burned_debris&emissions_source=all_v0_850x600.svg,1,14,316849000,9171
plastic-pollution?measure=total&emission_type=debris&emissions_source=all,WorldMap,,,42999e3cc29755b88896893b364e30c2,plastic-pollution?measure=total&emission_type=debris&emissions_source=all_v0_850x600.svg,1,14,283061464,8611
plastic-pollution?measure=total&emission_type=open_burning&emissions_source=all,WorldMap,,,9502e881e6d596774e17614314bb4ac0,plastic-pollution?measure=total&emission_type=open_burning&emissions_source=all_v0_850x600.svg,0,11,386232136,8216
plastic-pollution?measure=total&emission_type=total_burned_debris&emissions_source=all,WorldMap,,,e3116102a091f7d6eb0f8044c23521a0,plastic-pollution?measure=total&emission_type=total_burned_debris&emissions_source=all_v0_850x600.svg,1,10,380393216,8596
plastic-pollution?measure=total&emission_type=total_burned_debris&emissions_source=collection_system,WorldMap,,,8875d134fe754acaee0f84f4522a6e6e,plastic-pollution?measure=total&emission_type=total_burned_debris&emissions_source=collection_system_v0_850x600.svg,1,16,315900696,8614
plastic-pollution?measure=total&emission_type=total_burned_debris&emissions_source=disposal,WorldMap,,,c9c9fdab16ed6b448e3ef841c29cd51d,plastic-pollution?measure=total&emission_type=total_burned_debris&emissions_source=disposal_v0_850x600.svg,1,17,292088304,7870
plastic-pollution?measure=total&emission_type=total_burned_debris&emissions_source=litter,WorldMap,,,34c870f461b43777f770c7082e105b11,plastic-pollution?measure=total&emission_type=total_burned_debris&emissions_source=litter_v0_850x600.svg,1,15,324764608,8603
plastic-pollution?measure=total&emission_type=total_burned_debris&emissions_source=rejects,WorldMap,,,2a47ca589f29a2565ba7c85795647dea,plastic-pollution?measure=total&emission_type=total_burned_debris&emissions_source=rejects_v0_850x600.svg,1,15,290898128,8270
plastic-pollution?measure=total&emission_type=total_burned_debris&emissions_source=total_by_source,StackedDiscreteBar,,,91f0dd2c0773358f323c4b8fe30e7ac8,plastic-pollution?measure=total&emission_type=total_burned_debris&emissions_source=total_by_source_v0_850x600.svg,1,7,393390880,41574
plastic-pollution?measure=total&emission_type=total_burned_debris&emissions_source=uncollected_waste,WorldMap,,,f795483ba65825292b3afefd8f28ee36,plastic-pollution?measure=total&emission_type=total_burned_debris&emissions_source=uncollected_waste_v0_850x600.svg,0,7,387714768,8217
plastic-pollution?measure=total&emission_type=total_by_type&emissions_source=all,StackedDiscreteBar,,,6f19fb84766b457d7b816c697c619c91,plastic-pollution?measure=total&emission_type=total_by_type&emissions_source=all_v0_850x600.svg,1,6,399136600,16827
plastic-waste-generation?measure=per_person,WorldMap,,,c26a6f0137473f9872cd8f27290b81d2,plastic-waste-generation?measure=per_person_v0_850x600.svg,1,9,395164912,8584
plastic-waste-generation?measure=total,WorldMap,,,e1f844445f5163a2894307863f98d033,plastic-waste-generation?measure=total_v0_850x600.svg,1,14,299946800,8592
plastic-waste-trade?rate=per_capita&metric=exports,WorldMap,,,305d7906143f50023b31f36a0bb85922,plastic-waste-trade?rate=per_capita&metric=exports_v0_850x600.svg,2,22,343223688,147237
plastic-waste-trade?rate=per_capita&metric=imports,WorldMap,,,cdde597b2dbe0b0c44b6c29fcc851c2a,plastic-waste-trade?rate=per_capita&metric=imports_v0_850x600.svg,1,24,295684256,171279
plastic-waste-trade?rate=per_capita&metric=net_exports,WorldMap,,,baca0f5ee0061ceed4d26951ba159a99,plastic-waste-trade?rate=per_capita&metric=net_exports_v0_850x600.svg,2,15,414914544,144101
plastic-waste-trade?rate=total&metric=exports,WorldMap,,,fa8d5caf03ef690edd1337945ae471d3,plastic-waste-trade?rate=total&metric=exports_v0_850x600.svg,2,17,265115920,138835
plastic-waste-trade?rate=total&metric=imports,WorldMap,,,e79a1b45c6aa6fde59e83b5a9fbcbf47,plastic-waste-trade?rate=total&metric=imports_v0_850x600.svg,1,12,408948704,158170
plastic-waste-trade?rate=total&metric=net_exports,WorldMap,,,e4d62063d22d2c42c29258509084dfdd,plastic-waste-trade?rate=total&metric=net_exports_v0_850x600.svg,2,19,315588296,137297
qualified-and-trained-teachers?level=level_side_by_side&teacher_type=qualified,LineChart,,,d2cf33e3ab696e7a57c2a7805dc4753c,qualified-and-trained-teachers?level=level_side_by_side&teacher_type=qualified_v0_850x600.svg,2,17,394097408,128179
qualified-and-trained-teachers?level=level_side_by_side&teacher_type=trained,LineChart,,,a5e0622db55d048e7b4b583d3cc9ddee,qualified-and-trained-teachers?level=level_side_by_side&teacher_type=trained_v0_850x600.svg,4,25,283783568,188669
qualified-and-trained-teachers?level=lower_secondary&teacher_type=qualified,WorldMap,,,ba75b9cab917980bb67a870eda6be4db,qualified-and-trained-teachers?level=lower_secondary&teacher_type=qualified_v0_850x600.svg,1,10,379292704,26874
qualified-and-trained-teachers?level=lower_secondary&teacher_type=teacher_type_side_by_side,LineChart,,,f90c10d151920a30f8495e75f514ad3f,qualified-and-trained-teachers?level=lower_secondary&teacher_type=teacher_type_side_by_side_v0_850x600.svg,2,19,319366672,63735
qualified-and-trained-teachers?level=lower_secondary&teacher_type=trained,WorldMap,,,fb25fa912bd00badefbbb8575f7f6ef9,qualified-and-trained-teachers?level=lower_secondary&teacher_type=trained_v0_850x600.svg,1,17,307059808,36861
qualified-and-trained-teachers?level=pre_primary&teacher_type=qualified,WorldMap,,,22e8d2cd0280a15c1f9098bf85c0035a,qualified-and-trained-teachers?level=pre_primary&teacher_type=qualified_v0_850x600.svg,1,13,326659360,33119
qualified-and-trained-teachers?level=pre_primary&teacher_type=teacher_type_side_by_side,LineChart,,,d2a5aea7c7977620837cfb76fce4f013,qualified-and-trained-teachers?level=pre_primary&teacher_type=teacher_type_side_by_side_v0_850x600.svg,2,15,394280400,81887
qualified-and-trained-teachers?level=pre_primary&teacher_type=trained,WorldMap,,,8b6cfbb18f816ff618e630bcd5ef97a8,qualified-and-trained-teachers?level=pre_primary&teacher_type=trained_v0_850x600.svg,1,13,405507688,48768
qualified-and-trained-teachers?level=primary&teacher_type=qualified,WorldMap,,,850337ca394bd5993ec38b0697173ae7,qualified-and-trained-teachers?level=primary&teacher_type=qualified_v0_850x600.svg,1,15,318786088,43095
qualified-and-trained-teachers?level=primary&teacher_type=teacher_type_side_by_side,LineChart,,,6c2c5982ad47eb9c8c9f3fa83a46341a,qualified-and-trained-teachers?level=primary&teacher_type=teacher_type_side_by_side_v0_850x600.svg,3,17,335376304,112819
qualified-and-trained-teachers?level=primary&teacher_type=trained,WorldMap,,,22bdb0314198d3b2e3181daf16b6a7e5,qualified-and-trained-teachers?level=primary&teacher_type=trained_v0_850x600.svg,1,16,295957944,69724
qualified-and-trained-teachers?level=upper_secondary&teacher_type=qualified,WorldMap,,,4d530cee492bc466e543dba2c31a4c17,qualified-and-trained-teachers?level=upper_secondary&teacher_type=qualified_v0_850x600.svg,1,12,337041864,25091
qualified-and-trained-teachers?level=upper_secondary&teacher_type=teacher_type_side_by_side,LineChart,,,2efb91ac59c023bca9f73e352c97bb5f,qualified-and-trained-teachers?level=upper_secondary&teacher_type=teacher_type_side_by_side_v0_850x600.svg,2,15,408630672,58407
qualified-and-trained-teachers?level=upper_secondary&teacher_type=trained,WorldMap,,,b5a89e41726b481091bb9680b5aece30,qualified-and-trained-teachers?level=upper_secondary&teacher_type=trained_v0_850x600.svg,1,11,416016648,33316
religious-composition?religion=any_religion&indicator=count_unrounded,WorldMap,,,b6bbeb00d602bbd3cf019b48f83df1d5,religious-composition?religion=any_religion&indicator=count_unrounded_v0_850x600.svg,2,15,327392440,13760
religious-composition?religion=any_religion&indicator=share,WorldMap,,,9a601bc945de76fcf4cfa3938e6f9791,religious-composition?religion=any_religion&indicator=share_v0_850x600.svg,1,13,343219704,14071
religious-composition?religion=buddhists&indicator=count_unrounded,WorldMap,,,bec1ae80b6d6bfe6133ea4783ab0485f,religious-composition?religion=buddhists&indicator=count_unrounded_v0_850x600.svg,1,9,424559176,12257
religious-composition?religion=buddhists&indicator=share,WorldMap,,,6f4d7dcfca851866203d35014380be30,religious-composition?religion=buddhists&indicator=share_v0_850x600.svg,1,13,303724816,14316
religious-composition?religion=christians&indicator=count_unrounded,WorldMap,,,17253cb8c039efbef063218d5f8f3883,religious-composition?religion=christians&indicator=count_unrounded_v0_850x600.svg,1,13,304819344,13514
religious-composition?religion=christians&indicator=share,WorldMap,,,c85d3a7af512c816d3414f4f32addf73,religious-composition?religion=christians&indicator=share_v0_850x600.svg,1,10,416405872,14199
religious-composition?religion=hindus&indicator=count_unrounded,WorldMap,,,81f0a21cbe42dadfa094dfc97a70d89c,religious-composition?religion=hindus&indicator=count_unrounded_v0_850x600.svg,2,10,397129816,12240
religious-composition?religion=hindus&indicator=share,WorldMap,,,d937670a715276be7dbd2d61841e8c4d,religious-composition?religion=hindus&indicator=share_v0_850x600.svg,1,14,350846688,14309
religious-composition?religion=jews&indicator=count_unrounded,WorldMap,,,846c98d25149df171907876c5cbc164a,religious-composition?religion=jews&indicator=count_unrounded_v0_850x600.svg,1,13,313439888,11930
religious-composition?religion=jews&indicator=share,WorldMap,,,a7cdfc18d0861de2391eda29ab97b72b,religious-composition?religion=jews&indicator=share_v0_850x600.svg,1,15,295188640,14178
religious-composition?religion=muslims&indicator=count_unrounded,WorldMap,,,189dc1bf6cdd02dd84c5d3b10f186e1e,religious-composition?religion=muslims&indicator=count_unrounded_v0_850x600.svg,1,10,390449344,13080
religious-composition?religion=muslims&indicator=share,WorldMap,,,492765e7e1a16272583cf181336cfcd8,religious-composition?religion=muslims&indicator=share_v0_850x600.svg,1,14,272609320,14488
religious-composition?religion=other_religions&indicator=count_unrounded,WorldMap,,,5d6d77f38465ddf137e3b81351f24e97,religious-composition?religion=other_religions&indicator=count_unrounded_v0_850x600.svg,1,12,405976904,12828
religious-composition?religion=other_religions&indicator=share,WorldMap,,,6df448375be9e60451f574cfa7bdb377,religious-composition?religion=other_religions&indicator=share_v0_850x600.svg,0,9,398521488,14525
religious-composition?religion=religiously_unaffiliated&indicator=count_unrounded,WorldMap,,,0a2c27fedd3eb1d3908df09bfb504dd2,religious-composition?religion=religiously_unaffiliated&indicator=count_unrounded_v0_850x600.svg,1,15,322364536,13032
religious-composition?religion=religiously_unaffiliated&indicator=share,WorldMap,,,aa4bafcf5d956e54d887881b7b308e69,religious-composition?religion=religiously_unaffiliated&indicator=share_v0_850x600.svg,2,14,303061704,14444
remittances?metric=cost_of_receiving,WorldMap,,,4e96051f70e9dbbec49c2aab87373f29,remittances?metric=cost_of_receiving_v0_850x600.svg,1,11,280447736,25458
remittances?metric=cost_of_sending,WorldMap,,,ecdceb656417ca3ae682f1d03522071e,remittances?metric=cost_of_sending_v0_850x600.svg,1,9,324903032,12036
remittances?metric=share_of_gdp,WorldMap,,,a26118b66f1e147616926a7e62ec0093,remittances?metric=share_of_gdp_v0_850x600.svg,2,13,419646128,261443
school-completion?sex=both&level=level_side_by_side,LineChart,,,fff21120584d79d169fa3b15eb08ba7e,school-completion?sex=both&level=level_side_by_side_v0_850x600.svg,7,23,424623944,640866
school-completion?sex=both&level=lower_secondary,WorldMap,,,bac8bb4f01ba4792931a860a35ba5160,school-completion?sex=both&level=lower_secondary_v0_850x600.svg,2,25,342539168,212369
school-completion?sex=both&level=primary,WorldMap,,,209d98ee7133ca39318cced4bc4f79ea,school-completion?sex=both&level=primary_v0_850x600.svg,2,24,344714456,216982
school-completion?sex=both&level=upper_secondary,WorldMap,,,a40084147417b5da7635054ad772d3a2,school-completion?sex=both&level=upper_secondary_v0_850x600.svg,2,22,300147488,211515
school-completion?sex=boys&level=level_side_by_side,LineChart,,,6149821b14a17681556ac056ca8e010b,school-completion?sex=boys&level=level_side_by_side_v0_850x600.svg,11,31,329054696,718430
school-completion?sex=boys&level=lower_secondary,WorldMap,,,58d8de89b9bca7a9ef864ffd91b97e46,school-completion?sex=boys&level=lower_secondary_v0_850x600.svg,2,19,440184816,237918
school-completion?sex=boys&level=primary,WorldMap,,,5ae8ca7f10d847b95d4fd7a054582fff,school-completion?sex=boys&level=primary_v0_850x600.svg,2,23,401256456,241874
school-completion?sex=boys&level=upper_secondary,WorldMap,,,c12a13ff25e8ddc849447d61f49fe9cd,school-completion?sex=boys&level=upper_secondary_v0_850x600.svg,2,22,320238096,238638
school-completion?sex=girls&level=level_side_by_side,LineChart,,,3669ace0da2e012975acb364ef2a9103,school-completion?sex=girls&level=level_side_by_side_v0_850x600.svg,15,35,375052208,717962
school-completion?sex=girls&level=lower_secondary,WorldMap,,,83fe04000e83cfe90232889c230c4c50,school-completion?sex=girls&level=lower_secondary_v0_850x600.svg,2,23,326217912,237719
school-completion?sex=girls&level=primary,WorldMap,,,b0aaec8e21ad59f69b3ddd36a099d27f,school-completion?sex=girls&level=primary_v0_850x600.svg,1,18,421590632,241783
school-completion?sex=girls&level=upper_secondary,WorldMap,,,6c9803a81529077bac4157c4b9dc05d1,school-completion?sex=girls&level=upper_secondary_v0_850x600.svg,2,19,422044840,238460
school-completion?sex=sex_side_by_side&level=lower_secondary,LineChart,,,27ccca0ba7c208cb35eed8b9b672ca53,school-completion?sex=sex_side_by_side&level=lower_secondary_v0_850x600.svg,8,30,304916072,475637
school-completion?sex=sex_side_by_side&level=primary,LineChart,,,977ca975ffcee1ef7587662c915085aa,school-completion?sex=sex_side_by_side&level=primary_v0_850x600.svg,8,26,299898208,483657
school-completion?sex=sex_side_by_side&level=upper_secondary,LineChart,,,d895f44cfa6a91f0669182e50f3c48e2,school-completion?sex=sex_side_by_side&level=upper_secondary_v0_850x600.svg,8,27,348426384,477098
school-enrolment?sex=both&level=level_side_by_side&enrolment_type=gross_enrolment,LineChart,,,c400743e39288b0c8b1d231337be6fff,school-enrolment?sex=both&level=level_side_by_side&enrolment_type=gross_enrolment_v0_850x600.svg,14,37,457030376,1010343
school-enrolment?sex=both&level=level_side_by_side&enrolment_type=net_enrolment,LineChart,,,d6f1a2b99ba54a32fd1f606929e2ff25,school-enrolment?sex=both&level=level_side_by_side&enrolment_type=net_enrolment_v0_850x600.svg,7,24,445053224,511959
school-enrolment?sex=both&level=lower_secondary&enrolment_type=enrolment_type_side_by_side,LineChart,,,df24a2f2bc2643bc4a8f100e53f20bab,school-enrolment?sex=both&level=lower_secondary&enrolment_type=enrolment_type_side_by_side_v0_850x600.svg,7,22,352654264,274785
school-enrolment?sex=both&level=lower_secondary&enrolment_type=gross_enrolment,WorldMap,,,d304756e5778f94232627d19b64935d0,school-enrolment?sex=both&level=lower_secondary&enrolment_type=gross_enrolment_v0_850x600.svg,2,21,325885424,158037
school-enrolment?sex=both&level=lower_secondary&enrolment_type=net_enrolment,WorldMap,,,16f65b5ad4f908337d5ceb18b5f8adfc,school-enrolment?sex=both&level=lower_secondary&enrolment_type=net_enrolment_v0_850x600.svg,1,19,318657680,116748
school-enrolment?sex=both&level=preprimary&enrolment_type=enrolment_type_side_by_side,LineChart,,,cc4911f329f81e97a41cd0f08cbf349c,school-enrolment?sex=both&level=preprimary&enrolment_type=enrolment_type_side_by_side_v0_850x600.svg,7,28,323667344,332897
school-enrolment?sex=both&level=preprimary&enrolment_type=gross_enrolment,WorldMap,,,e56540afd07fb1630df5a2accd1d1ace,school-enrolment?sex=both&level=preprimary&enrolment_type=gross_enrolment_v0_850x600.svg,2,20,373100776,220265
school-enrolment?sex=both&level=preprimary&enrolment_type=net_enrolment,WorldMap,,,b8f92a431712d021783e52e21330e7c9,school-enrolment?sex=both&level=preprimary&enrolment_type=net_enrolment_v0_850x600.svg,1,14,422330904,112632
school-enrolment?sex=both&level=primary&enrolment_type=enrolment_type_side_by_side,LineChart,,,21f00e5c6c2e33bd9eb40a02891ec659,school-enrolment?sex=both&level=primary&enrolment_type=enrolment_type_side_by_side_v0_850x600.svg,8,24,349758776,453719
school-enrolment?sex=both&level=primary&enrolment_type=gross_enrolment,WorldMap,,,854cd23e1b6fbb7c2fc731a8a3187c8f,school-enrolment?sex=both&level=primary&enrolment_type=gross_enrolment_v0_850x600.svg,2,22,441635832,285189
school-enrolment?sex=both&level=primary&enrolment_type=net_enrolment,WorldMap,,,1d952201d7ce86be3cd2acba232cc82a,school-enrolment?sex=both&level=primary&enrolment_type=net_enrolment_v0_850x600.svg,2,26,296022704,168530
school-enrolment?sex=both&level=tertiary&enrolment_type=gross_enrolment,WorldMap,,,c169b4bd631f0f2ce9c6c20a754aeaa0,school-enrolment?sex=both&level=tertiary&enrolment_type=gross_enrolment_v0_850x600.svg,2,21,446897520,198578
school-enrolment?sex=both&level=upper_secondary&enrolment_type=enrolment_type_side_by_side,LineChart,,,befc89d2164317729e1beb8fcefd81d5,school-enrolment?sex=both&level=upper_secondary&enrolment_type=enrolment_type_side_by_side_v0_850x600.svg,6,22,342911032,262323
school-enrolment?sex=both&level=upper_secondary&enrolment_type=gross_enrolment,WorldMap,,,0dcda55376600a87de719f961aa8657a,school-enrolment?sex=both&level=upper_secondary&enrolment_type=gross_enrolment_v0_850x600.svg,2,26,349754688,148274
school-enrolment?sex=both&level=upper_secondary&enrolment_type=net_enrolment,WorldMap,,,e21a472cf9ce4c4cfa6fa350a9303349,school-enrolment?sex=both&level=upper_secondary&enrolment_type=net_enrolment_v0_850x600.svg,1,17,459807128,114049
school-enrolment?sex=boys&level=level_side_by_side&enrolment_type=gross_enrolment,LineChart,,,b4882ac6994337d09510340c92d1f87c,school-enrolment?sex=boys&level=level_side_by_side&enrolment_type=gross_enrolment_v0_850x600.svg,18,39,346445336,939431
school-enrolment?sex=boys&level=level_side_by_side&enrolment_type=net_enrolment,LineChart,,,f1996871622f73cba1f8f4e185d8f90f,school-enrolment?sex=boys&level=level_side_by_side&enrolment_type=net_enrolment_v0_850x600.svg,10,28,318341656,441262
school-enrolment?sex=boys&level=lower_secondary&enrolment_type=enrolment_type_side_by_side,LineChart,,,9542f674e0b7966f9fbd348bdcd49720,school-enrolment?sex=boys&level=lower_secondary&enrolment_type=enrolment_type_side_by_side_v0_850x600.svg,4,17,466111784,251426
school-enrolment?sex=boys&level=lower_secondary&enrolment_type=gross_enrolment,WorldMap,,,fc48b88b7d9ce5141810746c6c4c6514,school-enrolment?sex=boys&level=lower_secondary&enrolment_type=gross_enrolment_v0_850x600.svg,1,22,363425456,156195
school-enrolment?sex=boys&level=lower_secondary&enrolment_type=net_enrolment,WorldMap,,,7d575bedeece33a9e6e9c45e7cd2b8e2,school-enrolment?sex=boys&level=lower_secondary&enrolment_type=net_enrolment_v0_850x600.svg,2,19,367267544,95231
school-enrolment?sex=boys&level=preprimary&enrolment_type=enrolment_type_side_by_side,LineChart,,,98bc23fcfd64e6fd8fbd805734ce7ae8,school-enrolment?sex=boys&level=preprimary&enrolment_type=enrolment_type_side_by_side_v0_850x600.svg,4,20,443022384,304127
school-enrolment?sex=boys&level=preprimary&enrolment_type=gross_enrolment,WorldMap,,,07fd5b105077ecb4afe46bc67c46c250,school-enrolment?sex=boys&level=preprimary&enrolment_type=gross_enrolment_v0_850x600.svg,1,17,440493040,194560
school-enrolment?sex=boys&level=preprimary&enrolment_type=net_enrolment,WorldMap,,,2973daed6df02f85f4f5a5b810eae3c9,school-enrolment?sex=boys&level=preprimary&enrolment_type=net_enrolment_v0_850x600.svg,1,17,333918512,109567
school-enrolment?sex=boys&level=primary&enrolment_type=enrolment_type_side_by_side,LineChart,,,37da554562223af72529e1e04b22c6ba,school-enrolment?sex=boys&level=primary&enrolment_type=enrolment_type_side_by_side_v0_850x600.svg,8,25,389260040,398215
school-enrolment?sex=boys&level=primary&enrolment_type=gross_enrolment,WorldMap,,,8b59c4b8ec2105716364fb6c6c38d70e,school-enrolment?sex=boys&level=primary&enrolment_type=gross_enrolment_v0_850x600.svg,3,28,360526248,268959
school-enrolment?sex=boys&level=primary&enrolment_type=net_enrolment,WorldMap,,,021196ad24c7e38143549d537c4348e5,school-enrolment?sex=boys&level=primary&enrolment_type=net_enrolment_v0_850x600.svg,1,17,462141792,129256
school-enrolment?sex=boys&level=tertiary&enrolment_type=gross_enrolment,WorldMap,,,a28ede3418c963e9164b7924e0a28726,school-enrolment?sex=boys&level=tertiary&enrolment_type=gross_enrolment_v0_850x600.svg,1,22,369745208,174200
school-enrolment?sex=boys&level=upper_secondary&enrolment_type=enrolment_type_side_by_side,LineChart,,,b3fea1b25a10c03dfd42f4010bd0fbe8,school-enrolment?sex=boys&level=upper_secondary&enrolment_type=enrolment_type_side_by_side_v0_850x600.svg,4,18,459540608,252725
school-enrolment?sex=boys&level=upper_secondary&enrolment_type=gross_enrolment,WorldMap,,,9b79291eb4900092721b5e17d6df00cf,school-enrolment?sex=boys&level=upper_secondary&enrolment_type=gross_enrolment_v0_850x600.svg,2,27,310306504,145517
school-enrolment?sex=boys&level=upper_secondary&enrolment_type=net_enrolment,WorldMap,,,6aac07652b28190cca1147fb72706625,school-enrolment?sex=boys&level=upper_secondary&enrolment_type=net_enrolment_v0_850x600.svg,1,15,479527792,107208
school-enrolment?sex=girls&level=level_side_by_side&enrolment_type=gross_enrolment,LineChart,,,36a1ca14e48a7e6b042fde142bd2bb6c,school-enrolment?sex=girls&level=level_side_by_side&enrolment_type=gross_enrolment_v0_850x600.svg,18,39,387062624,938940
school-enrolment?sex=girls&level=level_side_by_side&enrolment_type=net_enrolment,LineChart,,,9cecd11ec5c7746bb3fb9838dceb2add,school-enrolment?sex=girls&level=level_side_by_side&enrolment_type=net_enrolment_v0_850x600.svg,10,27,382778536,441455
school-enrolment?sex=girls&level=lower_secondary&enrolment_type=enrolment_type_side_by_side,LineChart,,,3ede6edc39961b902236613691958773,school-enrolment?sex=girls&level=lower_secondary&enrolment_type=enrolment_type_side_by_side_v0_850x600.svg,4,22,436747120,251790
school-enrolment?sex=girls&level=lower_secondary&enrolment_type=gross_enrolment,WorldMap,,,5a7a3bdef0f3a66fb78e6af292f9eb49,school-enrolment?sex=girls&level=lower_secondary&enrolment_type=gross_enrolment_v0_850x600.svg,2,21,346128576,156265
school-enrolment?sex=girls&level=lower_secondary&enrolment_type=net_enrolment,WorldMap,,,5dedc545c72c104b48a7f3e188f4573b,school-enrolment?sex=girls&level=lower_secondary&enrolment_type=net_enrolment_v0_850x600.svg,1,17,327608752,95525
school-enrolment?sex=girls&level=preprimary&enrolment_type=enrolment_type_side_by_side,LineChart,,,5c0d7b829a34d80f9066cd7551622c48,school-enrolment?sex=girls&level=preprimary&enrolment_type=enrolment_type_side_by_side_v0_850x600.svg,4,25,456040280,304049
school-enrolment?sex=girls&level=preprimary&enrolment_type=gross_enrolment,WorldMap,,,f156270f9deb8b26056cbca75900e5e4,school-enrolment?sex=girls&level=preprimary&enrolment_type=gross_enrolment_v0_850x600.svg,1,18,456414096,194531
school-enrolment?sex=girls&level=preprimary&enrolment_type=net_enrolment,WorldMap,,,c6eaf3ea1d8561d70bb5a329e968af19,school-enrolment?sex=girls&level=preprimary&enrolment_type=net_enrolment_v0_850x600.svg,1,17,361900744,109518
school-enrolment?sex=girls&level=primary&enrolment_type=enrolment_type_side_by_side,LineChart,,,4fa3a1a5362e2ff6e97caa0db04ebc56,school-enrolment?sex=girls&level=primary&enrolment_type=enrolment_type_side_by_side_v0_850x600.svg,7,24,349737008,397659
school-enrolment?sex=girls&level=primary&enrolment_type=gross_enrolment,WorldMap,,,fd23ea094770245afd0cfb0015ff1c9e,school-enrolment?sex=girls&level=primary&enrolment_type=gross_enrolment_v0_850x600.svg,2,26,372582992,268412
school-enrolment?sex=girls&level=primary&enrolment_type=net_enrolment,WorldMap,,,18854fca882cf6bfdb913a628d5dd6dd,school-enrolment?sex=girls&level=primary&enrolment_type=net_enrolment_v0_850x600.svg,1,16,475153424,129247
school-enrolment?sex=girls&level=tertiary&enrolment_type=gross_enrolment,WorldMap,,,3a2cc081cd9d27e5f44a58e1acc236ff,school-enrolment?sex=girls&level=tertiary&enrolment_type=gross_enrolment_v0_850x600.svg,1,21,410385800,174102
school-enrolment?sex=girls&level=upper_secondary&enrolment_type=enrolment_type_side_by_side,LineChart,,,86dfa4ed2e2ce7133d83d9732de05ae4,school-enrolment?sex=girls&level=upper_secondary&enrolment_type=enrolment_type_side_by_side_v0_850x600.svg,5,20,475402128,252795
school-enrolment?sex=girls&level=upper_secondary&enrolment_type=gross_enrolment,WorldMap,,,fb7da5dbb848137162d7f318d9ef8294,school-enrolment?sex=girls&level=upper_secondary&enrolment_type=gross_enrolment_v0_850x600.svg,1,20,381657872,145630
school-enrolment?sex=girls&level=upper_secondary&enrolment_type=net_enrolment,WorldMap,,,62a0df3a5d7f1d97eb615f025b49ddf9,school-enrolment?sex=girls&level=upper_secondary&enrolment_type=net_enrolment_v0_850x600.svg,2,17,491630280,107165
school-enrolment?sex=sex_side_by_side&level=lower_secondary&enrolment_type=gross_enrolment,LineChart,,,f81f9f23334e5e425127c6230ff57296,school-enrolment?sex=sex_side_by_side&level=lower_secondary&enrolment_type=gross_enrolment_v0_850x600.svg,7,30,325214040,312460
school-enrolment?sex=sex_side_by_side&level=lower_secondary&enrolment_type=net_enrolment,LineChart,,,f5354918199de8ff626f4101e1b264cc,school-enrolment?sex=sex_side_by_side&level=lower_secondary&enrolment_type=net_enrolment_v0_850x600.svg,3,19,389419472,190756
school-enrolment?sex=sex_side_by_side&level=preprimary&enrolment_type=gross_enrolment,LineChart,,,fd85ea299bd903b242382cd2894cea0d,school-enrolment?sex=sex_side_by_side&level=preprimary&enrolment_type=gross_enrolment_v0_850x600.svg,5,26,455129896,389091
school-enrolment?sex=sex_side_by_side&level=preprimary&enrolment_type=net_enrolment,LineChart,,,e02380a33d6c5271248344282ab7df45,school-enrolment?sex=sex_side_by_side&level=preprimary&enrolment_type=net_enrolment_v0_850x600.svg,4,20,383944464,219085
school-enrolment?sex=sex_side_by_side&level=primary&enrolment_type=gross_enrolment,LineChart,,,afdb0ece9720cbf781739af25a6e6cac,school-enrolment?sex=sex_side_by_side&level=primary&enrolment_type=gross_enrolment_v0_850x600.svg,10,28,362312968,537371
school-enrolment?sex=sex_side_by_side&level=primary&enrolment_type=net_enrolment,LineChart,,,e4969d9da95cfece26cbf71df92f1e8e,school-enrolment?sex=sex_side_by_side&level=primary&enrolment_type=net_enrolment_v0_850x600.svg,4,18,465694016,258503
school-enrolment?sex=sex_side_by_side&level=tertiary&enrolment_type=gross_enrolment,LineChart,,,202909de7d3e8368da41aee791abfb1d,school-enrolment?sex=sex_side_by_side&level=tertiary&enrolment_type=gross_enrolment_v0_850x600.svg,6,22,374928488,348302
school-enrolment?sex=sex_side_by_side&level=upper_secondary&enrolment_type=gross_enrolment,LineChart,,,5747fee1875efb8f855df59b24a0fc54,school-enrolment?sex=sex_side_by_side&level=upper_secondary&enrolment_type=gross_enrolment_v0_850x600.svg,5,22,344895256,291147
school-enrolment?sex=sex_side_by_side&level=upper_secondary&enrolment_type=net_enrolment,LineChart,,,570bdc48497ad8e7ea3f92bcd1e64663,school-enrolment?sex=sex_side_by_side&level=upper_secondary&enrolment_type=net_enrolment_v0_850x600.svg,4,20,400903656,214373
vaccination-coverage-who-unicef?metric=coverage&antigen=bcg,LineChart,,,cb99c00e650340b70e59cdb4a5ec712d,vaccination-coverage-who-unicef?metric=coverage&antigen=bcg_v0_850x600.svg,2,11,465355224,199284
vaccination-coverage-who-unicef?metric=coverage&antigen=comparison,LineChart,,,cbfce597bb528c6b8145201bc2fc6fc2,vaccination-coverage-who-unicef?metric=coverage&antigen=comparison_v0_850x600.svg,20,37,508059136,1331619
vaccination-coverage-who-unicef?metric=coverage&antigen=dtpcv1,LineChart,,,62841f21103785877fee83d730ca6233,vaccination-coverage-who-unicef?metric=coverage&antigen=dtpcv1_v0_850x600.svg,3,14,373309816,247137
vaccination-coverage-who-unicef?metric=coverage&antigen=dtpcv3,LineChart,,,d908520bfeb2e9d736776d335c4fbab3,vaccination-coverage-who-unicef?metric=coverage&antigen=dtpcv3_v0_850x600.svg,3,15,386236168,247039
vaccination-coverage-who-unicef?metric=coverage&antigen=hepb3,LineChart,,,a0d354b749b1ee78f79ac6127a1f806f,vaccination-coverage-who-unicef?metric=coverage&antigen=hepb3_v0_850x600.svg,2,11,474844792,152664
vaccination-coverage-who-unicef?metric=coverage&antigen=hepb_bd,LineChart,,,90bc562dd0995fdc90cdcdefd983e0dc,vaccination-coverage-who-unicef?metric=coverage&antigen=hepb_bd_v0_850x600.svg,1,10,409085656,67634
vaccination-coverage-who-unicef?metric=coverage&antigen=hib3,LineChart,,,87cde569f6a85282962518ad01961354,vaccination-coverage-who-unicef?metric=coverage&antigen=hib3_v0_850x600.svg,2,12,354187864,128817
vaccination-coverage-who-unicef?metric=coverage&antigen=ipv1,LineChart,,,bf3e557c983547250a361518d695a7cd,vaccination-coverage-who-unicef?metric=coverage&antigen=ipv1_v0_850x600.svg,1,9,380877648,55399
vaccination-coverage-who-unicef?metric=coverage&antigen=ipv2,LineChart,,,ab4bf0f3a76446e4e73d62fa10a98b1a,vaccination-coverage-who-unicef?metric=coverage&antigen=ipv2_v0_850x600.svg,1,7,481762184,11058
vaccination-coverage-who-unicef?metric=coverage&antigen=mcv1,LineChart,,,78c2e3fff4fd2d0284e0499b8f72eaa0,vaccination-coverage-who-unicef?metric=coverage&antigen=mcv1_v0_850x600.svg,2,13,419676832,243688
vaccination-coverage-who-unicef?metric=coverage&antigen=mcv2,LineChart,,,4a6ec2630bfe61d19cdfc9cabeb5a06f,vaccination-coverage-who-unicef?metric=coverage&antigen=mcv2_v0_850x600.svg,1,11,394643376,104018
vaccination-coverage-who-unicef?metric=coverage&antigen=pcv3,LineChart,,,f33cda700784d90184288fa2c7370a01,vaccination-coverage-who-unicef?metric=coverage&antigen=pcv3_v0_850x600.svg,1,10,389103536,61179
vaccination-coverage-who-unicef?metric=coverage&antigen=pol3,LineChart,,,2ff6464891312c308459efe5d6c1d922,vaccination-coverage-who-unicef?metric=coverage&antigen=pol3_v0_850x600.svg,3,13,364853656,247146
vaccination-coverage-who-unicef?metric=coverage&antigen=rcv1,LineChart,,,86c5676adfa27567a8dda38d2d6a51ee,vaccination-coverage-who-unicef?metric=coverage&antigen=rcv1_v0_850x600.svg,2,11,491027752,148618
vaccination-coverage-who-unicef?metric=coverage&antigen=rotac,LineChart,,,c1d9ce9154d2d5048e30b0a34e015719,vaccination-coverage-who-unicef?metric=coverage&antigen=rotac_v0_850x600.svg,1,12,402284952,47069
vaccination-coverage-who-unicef?metric=unvaccinated&antigen=comparison,LineChart,,,0aa2f0fcdf589134a2ad58e30bc6ac9b,vaccination-coverage-who-unicef?metric=unvaccinated&antigen=comparison_v0_850x600.svg,22,41,393721256,1386809
vaccination-coverage-who-unicef?metric=unvaccinated&antigen=dtpcv1,LineChart,,,2b311db73d5155fe73e44766611c0163,vaccination-coverage-who-unicef?metric=unvaccinated&antigen=dtpcv1_v0_850x600.svg,1,11,471125928,264828
vaccination-coverage-who-unicef?metric=unvaccinated&antigen=dtpcv3,LineChart,,,55d293ec024e92181dbdf85e9fdcd93b,vaccination-coverage-who-unicef?metric=unvaccinated&antigen=dtpcv3_v0_850x600.svg,3,14,392510296,266292
vaccination-coverage-who-unicef?metric=unvaccinated&antigen=hepb3,LineChart,,,1f8b00af944cfcb92865da4ba74382e9,vaccination-coverage-who-unicef?metric=unvaccinated&antigen=hepb3_v0_850x600.svg,2,13,466710720,156086
vaccination-coverage-who-unicef?metric=unvaccinated&antigen=hepb_bd,LineChart,,,f9cfd88ee83d3a8aa88bd7f972daf894,vaccination-coverage-who-unicef?metric=unvaccinated&antigen=hepb_bd_v0_850x600.svg,1,10,339138920,64293
vaccination-coverage-who-unicef?metric=unvaccinated&antigen=hib3,LineChart,,,009d605163e7232cff533f304c2ce005,vaccination-coverage-who-unicef?metric=unvaccinated&antigen=hib3_v0_850x600.svg,2,11,375217272,129906
vaccination-coverage-who-unicef?metric=unvaccinated&antigen=ipv1,LineChart,,,71789bbedfc23761f520f68134f96e36,vaccination-coverage-who-unicef?metric=unvaccinated&antigen=ipv1_v0_850x600.svg,1,8,478028336,54608
vaccination-coverage-who-unicef?metric=unvaccinated&antigen=ipv2,LineChart,,,13a66b046c60be5489d70dcfbb462483,vaccination-coverage-who-unicef?metric=unvaccinated&antigen=ipv2_v0_850x600.svg,1,7,398778440,8081
vaccination-coverage-who-unicef?metric=unvaccinated&antigen=mcv1,LineChart,,,2d4ec7158c836ad1cf50d5f1a3c968c9,vaccination-coverage-who-unicef?metric=unvaccinated&antigen=mcv1_v0_850x600.svg,2,11,349087096,262696
vaccination-coverage-who-unicef?metric=unvaccinated&antigen=pcv3,LineChart,,,7dbab6c2c9148934ad4e99fe52a5f1f0,vaccination-coverage-who-unicef?metric=unvaccinated&antigen=pcv3_v0_850x600.svg,1,8,474180776,59765
vaccination-coverage-who-unicef?metric=unvaccinated&antigen=pol3,LineChart,,,046de4c3a157c167836b4e8478072994,vaccination-coverage-who-unicef?metric=unvaccinated&antigen=pol3_v0_850x600.svg,2,12,385191984,266346
vaccination-coverage-who-unicef?metric=unvaccinated&antigen=rcv1,LineChart,,,f15a295e1335083e0c7e22f85900eed4,vaccination-coverage-who-unicef?metric=unvaccinated&antigen=rcv1_v0_850x600.svg,1,10,407589048,147988
vaccination-coverage-who-unicef?metric=unvaccinated&antigen=rotac,LineChart,,,d2705f06a63bb43af8c995e3cae53bd1,vaccination-coverage-who-unicef?metric=unvaccinated&antigen=rotac_v0_850x600.svg,0,7,485101544,43122
vaccination-coverage-who-unicef?metric=vaccinated&antigen=comparison,LineChart,,,a40e4f30e1404112c47d569c29880c73,vaccination-coverage-who-unicef?metric=vaccinated&antigen=comparison_v0_850x600.svg,17,36,517150064,1417178
vaccination-coverage-who-unicef?metric=vaccinated&antigen=dtpcv1,LineChart,,,740c4c2c47e5093dc863d15f9807c011,vaccination-coverage-who-unicef?metric=vaccinated&antigen=dtpcv1_v0_850x600.svg,2,14,359585776,272719
vaccination-coverage-who-unicef?metric=vaccinated&antigen=dtpcv3,LineChart,,,1444eb63702026c33d8e7121b412c94c,vaccination-coverage-who-unicef?metric=vaccinated&antigen=dtpcv3_v0_850x600.svg,2,12,495431400,272090
vaccination-coverage-who-unicef?metric=vaccinated&antigen=hepb3,LineChart,,,77a560e64aab3f3330c97f77d042f8ec,vaccination-coverage-who-unicef?metric=vaccinated&antigen=hepb3_v0_850x600.svg,2,11,394146736,159616
vaccination-coverage-who-unicef?metric=vaccinated&antigen=hepb_bd,LineChart,,,5593e4925d3e549b66fffe91c9394b07,vaccination-coverage-who-unicef?metric=vaccinated&antigen=hepb_bd_v0_850x600.svg,2,12,415199912,65966
vaccination-coverage-who-unicef?metric=vaccinated&antigen=hib3,LineChart,,,e21d10c1c847a0a0951b6cdc1e4970e8,vaccination-coverage-who-unicef?metric=vaccinated&antigen=hib3_v0_850x600.svg,2,12,368040056,133015
vaccination-coverage-who-unicef?metric=vaccinated&antigen=ipv1,LineChart,,,7ce417803f3f6b42f31ce04f75fadd5e,vaccination-coverage-who-unicef?metric=vaccinated&antigen=ipv1_v0_850x600.svg,1,10,401008928,56051
vaccination-coverage-who-unicef?metric=vaccinated&antigen=ipv2,LineChart,,,ddfda65b25d820e1bc04f240c700863f,vaccination-coverage-who-unicef?metric=vaccinated&antigen=ipv2_v0_850x600.svg,1,10,501774632,8212
vaccination-coverage-who-unicef?metric=vaccinated&antigen=mcv1,LineChart,,,8d12af75d6549352b6fca5e90b218367,vaccination-coverage-who-unicef?metric=vaccinated&antigen=mcv1_v0_850x600.svg,2,13,404470536,267905
vaccination-coverage-who-unicef?metric=vaccinated&antigen=pcv3,LineChart,,,ef2cc35c913c52a580a5324bec4333cb,vaccination-coverage-who-unicef?metric=vaccinated&antigen=pcv3_v0_850x600.svg,1,10,422948680,60766
vaccination-coverage-who-unicef?metric=vaccinated&antigen=pol3,LineChart,,,d3129cbf96a0e6251e672aa4b7f8df25,vaccination-coverage-who-unicef?metric=vaccinated&antigen=pol3_v0_850x600.svg,2,11,511862800,272150
vaccination-coverage-who-unicef?metric=vaccinated&antigen=rcv1,LineChart,,,f00311dabc9cca114d07e0a242095744,vaccination-coverage-who-unicef?metric=vaccinated&antigen=rcv1_v0_850x600.svg,1,11,376718568,151904
vaccination-coverage-who-unicef?metric=vaccinated&antigen=rotac,LineChart,,,2a7bcb7fed0387bd425619217d16b18a,vaccination-coverage-who-unicef?metric=vaccinated&antigen=rotac_v0_850x600.svg,1,9,365681944,43681
wealth-share-richest?quantile=richest_10pct,WorldMap,,,45865730385ef01d5cd0729c0bed8604,wealth-share-richest?quantile=richest_10pct_v0_850x600.svg,2,32,410169168,329806
wealth-share-richest?quantile=richest_1pct,WorldMap,,,47610f3ec2df789102b889d8433468ec,wealth-share-richest?quantile=richest_1pct_v0_850x600.svg,3,32,390599128,329788
years-of-schooling?sex=both&level=all&metric_type=average_years_schooling,WorldMap,,,e1ccdc3fb6b6ebe37d4e890ef97f0668,years-of-schooling?sex=both&level=all&metric_type=average_years_schooling_v0_850x600.svg,1,16,484949832,216467
years-of-schooling?sex=both&level=all&metric_type=expected_years_schooling,WorldMap,,,8de11bdb68b4080e3cd8080354921c41,years-of-schooling?sex=both&level=all&metric_type=expected_years_schooling_v0_850x600.svg,2,22,382363512,231874
years-of-schooling?sex=both&level=all&metric_type=learning_adjusted_years_schooling,WorldMap,,,7da61ec42b7c2889d4fea0e8233f83da,years-of-schooling?sex=both&level=all&metric_type=learning_adjusted_years_schooling_v0_850x600.svg,1,14,486481056,19179
years-of-schooling?sex=both&level=all&metric_type=metric_type_side_by_side,LineChart,,,979e16b06684baa98c59cd6fac897b4d,years-of-schooling?sex=both&level=all&metric_type=metric_type_side_by_side_v0_850x600.svg,8,26,369196344,467520
years-of-schooling?sex=both&level=level_side_by_side&metric_type=expected_years_schooling,StackedArea,,,98f667779709697eb8f7df7f69a6b408,years-of-schooling?sex=both&level=level_side_by_side&metric_type=expected_years_schooling_v0_850x600.svg,12,34,518332192,916244
years-of-schooling?sex=both&level=preprimary&metric_type=expected_years_schooling,WorldMap,,,2d4391f073c20105455f465d35b47e43,years-of-schooling?sex=both&level=preprimary&metric_type=expected_years_schooling_v0_850x600.svg,1,24,510921208,213080
years-of-schooling?sex=both&level=primary&metric_type=expected_years_schooling,WorldMap,,,54591da24dbb3afcb17fc5c175672dff,years-of-schooling?sex=both&level=primary&metric_type=expected_years_schooling_v0_850x600.svg,2,26,409736440,275097
years-of-schooling?sex=both&level=secondary&metric_type=expected_years_schooling,WorldMap,,,d834afcf06fc9eaedfb226741eece66c,years-of-schooling?sex=both&level=secondary&metric_type=expected_years_schooling_v0_850x600.svg,3,26,435155968,232465
years-of-schooling?sex=both&level=tertiary&metric_type=expected_years_schooling,WorldMap,,,77343933fd82a3e2cd0e44ab3695a7b8,years-of-schooling?sex=both&level=tertiary&metric_type=expected_years_schooling_v0_850x600.svg,2,27,413906008,195602
years-of-schooling?sex=boys&level=all&metric_type=average_years_schooling,WorldMap,,,2a54f4fd17ba3f811329976ac926e09d,years-of-schooling?sex=boys&level=all&metric_type=average_years_schooling_v0_850x600.svg,2,18,385520464,213362
years-of-schooling?sex=boys&level=all&metric_type=expected_years_schooling,WorldMap,,,b9f3c016655118bdcbdb82e1027bc778,years-of-schooling?sex=boys&level=all&metric_type=expected_years_schooling_v0_850x600.svg,1,18,527812720,220234
years-of-schooling?sex=boys&level=all&metric_type=learning_adjusted_years_schooling,WorldMap,,,c093e20d364b0e3f192f7eafff9ec87f,years-of-schooling?sex=boys&level=all&metric_type=learning_adjusted_years_schooling_v0_850x600.svg,2,13,444297568,16825
years-of-schooling?sex=boys&level=all&metric_type=metric_type_side_by_side,LineChart,,,17634b52d9e16c24a5c7abb9ad7c0c43,years-of-schooling?sex=boys&level=all&metric_type=metric_type_side_by_side_v0_850x600.svg,8,29,437306776,450421
years-of-schooling?sex=boys&level=level_side_by_side&metric_type=expected_years_schooling,StackedArea,,,d8ea016df85ea26d226887d9f16463cb,years-of-schooling?sex=boys&level=level_side_by_side&metric_type=expected_years_schooling_v0_850x600.svg,13,37,404244192,832613
years-of-schooling?sex=boys&level=preprimary&metric_type=expected_years_schooling,WorldMap,,,cb1b8026e05a19ed28e75e90199725fb,years-of-schooling?sex=boys&level=preprimary&metric_type=expected_years_schooling_v0_850x600.svg,2,30,366888328,190003
years-of-schooling?sex=boys&level=primary&metric_type=expected_years_schooling,WorldMap,,,12596c07aa82d693428a6b5b5704da38,years-of-schooling?sex=boys&level=primary&metric_type=expected_years_schooling_v0_850x600.svg,2,28,507145976,259000
years-of-schooling?sex=boys&level=secondary&metric_type=expected_years_schooling,WorldMap,,,8be9f41e33f87926a40c5c569ca9d63d,years-of-schooling?sex=boys&level=secondary&metric_type=expected_years_schooling_v0_850x600.svg,2,26,435652768,212826
years-of-schooling?sex=boys&level=tertiary&metric_type=expected_years_schooling,WorldMap,,,df3858092cd25b1139950a5edc7849f1,years-of-schooling?sex=boys&level=tertiary&metric_type=expected_years_schooling_v0_850x600.svg,2,24,511730744,170784
years-of-schooling?sex=girls&level=all&metric_type=average_years_schooling,WorldMap,,,5c8f3f1db2dcec50351f738a0545f836,years-of-schooling?sex=girls&level=all&metric_type=average_years_schooling_v0_850x600.svg,2,23,383647760,213695
years-of-schooling?sex=girls&level=all&metric_type=expected_years_schooling,WorldMap,,,1e2b51ee0c70274948f65c2f2fcdaf7d,years-of-schooling?sex=girls&level=all&metric_type=expected_years_schooling_v0_850x600.svg,2,20,524105448,220022
years-of-schooling?sex=girls&level=all&metric_type=learning_adjusted_years_schooling,WorldMap,,,a0ddeb7d822b6260a8a48279e77c9729,years-of-schooling?sex=girls&level=all&metric_type=learning_adjusted_years_schooling_v0_850x600.svg,1,17,408089784,16872
years-of-schooling?sex=girls&level=all&metric_type=metric_type_side_by_side,LineChart,,,7843bc0b03f31e256c690d728e713dc9,years-of-schooling?sex=girls&level=all&metric_type=metric_type_side_by_side_v0_850x600.svg,8,28,427738536,450589
years-of-schooling?sex=girls&level=level_side_by_side&metric_type=expected_years_schooling,StackedArea,,,d147a4ce041dffd483d8cea069b3197b,years-of-schooling?sex=girls&level=level_side_by_side&metric_type=expected_years_schooling_v0_850x600.svg,14,38,467595032,832831
years-of-schooling?sex=girls&level=preprimary&metric_type=expected_years_schooling,WorldMap,,,a3fd3b6309d35e2e4703e011e3faaf93,years-of-schooling?sex=girls&level=preprimary&metric_type=expected_years_schooling_v0_850x600.svg,2,23,535027560,190059
years-of-schooling?sex=girls&level=primary&metric_type=expected_years_schooling,WorldMap,,,682740dc2e036c2a276ed6b0f6843023,years-of-schooling?sex=girls&level=primary&metric_type=expected_years_schooling_v0_850x600.svg,2,28,435207488,259015
years-of-schooling?sex=girls&level=secondary&metric_type=expected_years_schooling,WorldMap,,,28842f7a92408616f7a1246b490a10e7,years-of-schooling?sex=girls&level=secondary&metric_type=expected_years_schooling_v0_850x600.svg,1,26,503567088,212877
years-of-schooling?sex=girls&level=tertiary&metric_type=expected_years_schooling,WorldMap,,,1196dfd2a514e8d6dc6c9c3ece12d3b1,years-of-schooling?sex=girls&level=tertiary&metric_type=expected_years_schooling_v0_850x600.svg,2,24,405528104,170880
years-of-schooling?sex=sex_side_by_side&level=all&metric_type=average_years_schooling,LineChart,,,614f65ed119c6a9d6814b66d6b35e6d9,years-of-schooling?sex=sex_side_by_side&level=all&metric_type=average_years_schooling_v0_850x600.svg,5,23,522309552,427057
years-of-schooling?sex=sex_side_by_side&level=all&metric_type=expected_years_schooling,LineChart,,,7cce6bda9bfbe5e296894602a4f1eccf,years-of-schooling?sex=sex_side_by_side&level=all&metric_type=expected_years_schooling_v0_850x600.svg,7,25,407111712,440256
years-of-schooling?sex=sex_side_by_side&level=all&metric_type=learning_adjusted_years_schooling,LineChart,,,98458487f324593e212cec85db681654,years-of-schooling?sex=sex_side_by_side&level=all&metric_type=learning_adjusted_years_schooling_v0_850x600.svg,2,19,449127408,33697
years-of-schooling?sex=sex_side_by_side&level=preprimary&metric_type=expected_years_schooling,LineChart,,,fcf703b98eae657a612acd703c0e66ad,years-of-schooling?sex=sex_side_by_side&level=preprimary&metric_type=expected_years_schooling_v0_850x600.svg,5,22,524906880,380062
years-of-schooling?sex=sex_side_by_side&level=primary&metric_type=expected_years_schooling,LineChart,,,a1342423a3ec2d3544cb63022cce0480,years-of-schooling?sex=sex_side_by_side&level=primary&metric_type=expected_years_schooling_v0_850x600.svg,8,26,447667232,518015
years-of-schooling?sex=sex_side_by_side&level=secondary&metric_type=expected_years_schooling,LineChart,,,c843c41feb330df67ea60fc627647b77,years-of-schooling?sex=sex_side_by_side&level=secondary&metric_type=expected_years_schooling_v0_850x600.svg,7,24,393426696,425703
years-of-schooling?sex=sex_side_by_side&level=tertiary&metric_type=expected_years_schooling,LineChart,,,19c077a166392ace2ee2ce51da53ec84,years-of-schooling?sex=sex_side_by_side&level=tertiary&metric_type=expected_years_schooling_v0_850x600.svg,4,20,542969728,341664