{
  "values": [
    78.852097,
    74.561501,
    79.498001,
    87.738998,
    85.021301,
    86.302498,
    76.113197,
    70.896896,
    74.015404,
    90.399902,
    70.2239,
    52.944901,
    78.433296,
    73.887299,
    56.4739,
    39.656799,
    59.150902,
    53.3241,
    87.132698,
    76.291801,
    46.831799,
    48.981602,
    39.167599,
    53.8386,
    40.791599,
    45.973,
    58.054501,
    49.926498,
    59.543999,
    73.450203,
    36.8218,
    44.615299,
    36.1413,
    83.215103,
    36.897202,
    24.6448,
    44.025101,
    65.305603,
    45.435799,
    48.6539,
    65.285103,
    55.398102,
    40.410198,
    34.3881,
    53.191799,
    59.529999,
    50.7915,
    30.7122,
    60.123798,
    41.536201,
    35.8606,
    19.230801,
    65.346802,
    76.178802,
    47.128101,
    73.751503,
    71.440102,
    56.375099,
    38.687599,
    39.663601,
    62.175301,
    77.328201,
    50.300301,
    55.831902,
    52.097,
    26.641899,
    60.6404,
    35.5481,
    88.308098,
    33.4431,
    47.822899,
    83.722702,
    53.5993,
    46.974998,
    54.4631,
    49.994099,
    64.609497,
    57.733799,
    39.030602,
    32.7379,
    77.0187,
    72.114799,
    48.714001,
    38.6063,
    45.676601,
    69.445801,
    47.488998,
    45.877102,
    54.460999,
    71.512199,
    35.3974,
    47.502701,
    41.9464,
    74.8787,
    46.978401,
    47.564701,
    30.8113,
    74.686699,
    68.725098,
    46.4263,
    54.5079,
    88.150101,
    71.680603,
    30.340799,
    50.511299,
    81.305,
    70.835602,
    61.909901,
    61.070301,
    55.3064,
    52.320801,
    64.243202,
    23.2939,
    29.2034,
    51.230999,
    48.4935,
    83.024597,
    49.926998,
    75.371101,
    67.694099,
    58.176998,
    48.2323,
    39.104801,
    36.919601,
    38.348801,
    51.806198,
    41.723301,
    52.406601,
    41.599998,
    49.099998,
    72,
    49.299999,
    40.299999,
    58.200001,
    42.799999,
    41.099998,
    73.699997,
    38.5,
    44.299999,
    80.099998,
    77.5,
    56.299999,
    55.599998,
    52.200001,
    71.099998,
    37.200001,
    49.200001,
    44.5,
    59.299999,
    79.199997,
    76.699997,
    63.200001,
    60.5,
    58.700001,
    55.799999,
    55.200001,
    38.900002,
    38.200001
  ],
  "years": [
    2012,
    2012,
    2012,
    2012,
    2012,
    2012,
    2012,
    2012,
    2012,
    2012,
    2012,
    2012,
    2012,
    2012,
    2012,
    2012,
    2012,
    2012,
    2012,
    2012,
    2012,
    2012,
    2012,
    2012,
    2012,
    2012,
    2012,
    2012,
    2012,
    2012,
    2012,
    2012,
    2012,
    2012,
    2012,
    2012,
    2012,
    2012,
    2012,
    2012,
    2012,
    2012,
    2012,
    2012,
    2012,
    2012,
    2012,
    2012,
    2012,
    2012,
    2012,
    2012,
    2012,
    2012,
    2012,
    2012,
    2012,
    2012,
    2012,
    2012,
    2012,
    2012,
    2012,
    2012,
    2012,
    2012,
    2012,
    2012,
    2012,
    2012,
    2012,
    2012,
    2012,
    2012,
    2012,
    2012,
    2012,
    2012,
    2012,
    2012,
    2012,
    2012,
    2012,
    2012,
    2012,
    2012,
    2012,
    2012,
    2012,
    2012,
    2012,
    2012,
    2012,
    2012,
    2012,
    2012,
    2012,
    2012,
    2012,
    2012,
    2012,
    2012,
    2012,
    2012,
    2012,
    2012,
    2012,
    2012,
    2012,
    2012,
    2012,
    2012,
    2012,
    2012,
    2012,
    2012,
    2012,
    2012,
    2012,
    2012,
    2012,
    2012,
    2012,
    2012,
    2012,
    2012,
    2012,
    2012,
    2012,
    2012,
    2012,
    2012,
    2012,
    2012,
    2012,
    2012,
    2012,
    2012,
    2012,
    2012,
    2012,
    2012,
    2012,
    2012,
    2012,
    2012,
    2012,
    2012,
    2012,
    2012,
    2012,
    2012,
    2012,
    2012,
    2012,
    2012,
    2012,
    2012
  ],
  "entities": [
    1,
    2,
    3,
    4,
    5,
    6,
    7,
    8,
    9,
    10,
    11,
    12,
    13,
    14,
    16,
    17,
    21,
    22,
    23,
    24,
    25,
    27,
    28,
    30,
    32,
    34,
    35,
    36,
    37,
    39,
    40,
    42,
    43,
    44,
    60,
    61,
    62,
    63,
    64,
    65,
    66,
    67,
    68,
    69,
    70,
    71,
    72,
    74,
    75,
    76,
    77,
    79,
    81,
    83,
    84,
    85,
    86,
    88,
    89,
    90,
    92,
    95,
    96,
    97,
    98,
    99,
    100,
    101,
    102,
    103,
    105,
    106,
    108,
    110,
    111,
    112,
    113,
    116,
    117,
    118,
    119,
    122,
    124,
    125,
    126,
    127,
    129,
    130,
    131,
    133,
    135,
    136,
    137,
    138,
    139,
    141,
    143,
    144,
    149,
    150,
    152,
    155,
    156,
    158,
    160,
    161,
    162,
    165,
    166,
    170,
    171,
    172,
    173,
    195,
    201,
    202,
    207,
    208,
    210,
    213,
    215,
    217,
    221,
    225,
    235,
    238,
    239,
    259,
    273,
    275,
    276,
    277,
    289,
    290,
    293,
    302,
    320,
    326,
    345,
    476,
    3818,
    4676,
    33415,
    34546,
    34579,
    34591,
    34685,
    37224,
    37225,
    37261,
    37262,
    37263,
    37264,
    37265,
    37267,
    37268,
    37270,
    37271
  ]
}