{
  "values": [
    0.83878267,
    0.85876274,
    0.8151592,
    0.7690201,
    0.8334399,
    0.8723017,
    0.85515153,
    0.7742222,
    0.8189861,
    0.9108365,
    0.7654993,
    0.54289395,
    0.6683779,
    0.7554257,
    0.2624128,
    0.72438633,
    0.46202415,
    0.3751131,
    0.6579036,
    0.63636744,
    0.6479075,
    0.8092664,
    0.5284094,
    0.66234165,
    0.6071901,
    0.28522572,
    0.40692285,
    0.5449794,
    0.19799984,
    0.59599745,
    0.60189146,
    0.23551498,
    0.3283409,
    0.5250448,
    0.7557968,
    0.39473423,
    0.14021246,
    0.47378954,
    0.6569082,
    0.3828182,
    0.5203687,
    0.56225926,
    0.55017585,
    0.24783038,
    0.72555053,
    0.52892077,
    0.67147255,
    0.3308715,
    0.7229352,
    0.5321585,
    0.33103144,
    0.36545694,
    0.7896998,
    0.5941649,
    0.703798,
    0.38611645,
    0.6506903,
    0.22114499,
    0.4602095,
    0.5881671,
    0.7025934,
    0.3887484,
    0.7567105,
    0.6018778,
    0.6365825,
    0.5412844,
    0.6826629,
    0.33461377,
    0.9332895,
    0.3719598,
    0.1569778,
    0.58474725,
    0.82768977,
    0.45205253,
    0.06456622,
    0.13362809,
    0.46985623,
    0.7364681,
    0.10498491,
    0.51457477,
    0.10827764,
    0.04369941,
    0.57072735,
    0.5010945,
    0.29335058,
    0.7428024,
    0.39763734,
    0.7053851,
    0.18768539,
    0.49201113,
    0.32453525,
    0.40278178,
    0.771956,
    0.44502053,
    0.57524127,
    0.3748626,
    0.5129568,
    0.79821604,
    0.40156668,
    0.5229613,
    0.5935407,
    0.48871392,
    0.7209967,
    0.48869574,
    0.8048572,
    0.53208184,
    0.297929,
    0.58206147,
    0.40383175,
    0.18758215,
    0.46290508,
    0.78310895,
    0.44260046,
    0.3759146,
    0.6685484,
    0.36189863,
    0.24579695,
    0.87047786,
    0.73340994,
    0.41564527,
    0.64373463,
    0.9054013,
    0.7385416,
    0.85410255,
    0.6103249,
    0.7824686,
    0.7468682,
    0.27630326,
    0.6036534,
    0.5413646,
    0.7149378,
    0.3357324,
    0.48863164,
    0.59522134,
    0.6160528,
    0.4611624,
    0.73387647,
    0.5995089,
    0.71376073,
    0.44976342,
    0.49838316,
    0.3605434,
    0.5108689,
    0.5269241
  ],
  "years": [
    2021,
    2021,
    2021,
    2021,
    2021,
    2021,
    2021,
    2021,
    2021,
    2021,
    2021,
    2021,
    2021,
    2021,
    2021,
    2021,
    2021,
    2021,
    2021,
    2021,
    2021,
    2021,
    2021,
    2021,
    2021,
    2021,
    2021,
    2021,
    2021,
    2021,
    2021,
    2021,
    2021,
    2021,
    2021,
    2021,
    2021,
    2021,
    2021,
    2021,
    2021,
    2021,
    2021,
    2021,
    2021,
    2021,
    2021,
    2021,
    2021,
    2021,
    2021,
    2021,
    2021,
    2021,
    2021,
    2021,
    2021,
    2021,
    2021,
    2021,
    2021,
    2021,
    2021,
    2021,
    2021,
    2021,
    2021,
    2021,
    2021,
    2021,
    2021,
    2021,
    2021,
    2021,
    2021,
    2021,
    2021,
    2021,
    2021,
    2021,
    2021,
    2021,
    2021,
    2021,
    2021,
    2021,
    2021,
    2021,
    2021,
    2021,
    2021,
    2021,
    2021,
    2021,
    2021,
    2021,
    2021,
    2021,
    2021,
    2021,
    2021,
    2021,
    2021,
    2021,
    2021,
    2021,
    2021,
    2021,
    2021,
    2021,
    2021,
    2021,
    2021,
    2021,
    2021,
    2021,
    2021,
    2021,
    2021,
    2021,
    2021,
    2021,
    2021,
    2021,
    2021,
    2021,
    2021,
    2021,
    2021,
    2021,
    2021,
    2021,
    2021,
    2021,
    2021,
    2021,
    2021,
    2021,
    2021,
    2021,
    2021,
    2021,
    2021,
    2021
  ],
  "entities": [
    1,
    2,
    3,
    4,
    5,
    6,
    7,
    8,
    9,
    10,
    11,
    12,
    13,
    14,
    15,
    16,
    17,
    19,
    21,
    22,
    23,
    24,
    25,
    28,
    30,
    32,
    34,
    35,
    36,
    37,
    39,
    40,
    42,
    43,
    44,
    60,
    61,
    62,
    63,
    64,
    65,
    67,
    68,
    69,
    70,
    71,
    72,
    74,
    75,
    76,
    80,
    81,
    83,
    84,
    85,
    87,
    88,
    89,
    90,
    91,
    92,
    94,
    95,
    96,
    97,
    98,
    100,
    101,
    102,
    103,
    104,
    105,
    106,
    107,
    108,
    109,
    110,
    111,
    112,
    113,
    114,
    115,
    116,
    117,
    118,
    119,
    121,
    122,
    123,
    124,
    125,
    126,
    127,
    129,
    130,
    131,
    132,
    133,
    134,
    135,
    136,
    137,
    138,
    139,
    141,
    142,
    143,
    145,
    146,
    147,
    148,
    149,
    150,
    151,
    152,
    153,
    154,
    155,
    156,
    158,
    160,
    161,
    162,
    163,
    164,
    165,
    166,
    168,
    170,
    171,
    172,
    174,
    195,
    201,
    202,
    208,
    210,
    213,
    215,
    217,
    225,
    234,
    238,
    259
  ]
}