{
  "values": [
    27.31385,
    26.787529,
    13.632193,
    30.119781,
    25.107258,
    34.35292,
    9.118176,
    11.031384,
    16.476986,
    44.149574,
    50.812363,
    28.137053,
    49.842644,
    27.73543,
    31.62708,
    34.158455,
    23.600714,
    46.925247,
    34.832066,
    32.82121,
    28.89823,
    33.42697,
    30.98957,
    32.7102,
    40.212452,
    34.791348,
    45.18964,
    29.011911,
    28.740353,
    35.479473,
    21.56232,
    6.2397633,
    32.854927,
    56.30175,
    18.265055,
    32.500786,
    57.762074,
    55.595814,
    27.500248,
    32.198086,
    10.867387,
    46.86176,
    48.73287,
    31.931433,
    35.55642,
    45.868176,
    42.42004,
    17.763678,
    33.546677,
    15.431086,
    10.040452,
    25.580381,
    32.46617,
    26.867035,
    46.918503,
    7.588861,
    22.328264,
    33.18143,
    27.54398,
    14.359293,
    16.665663,
    38.71352,
    18.612715,
    32.662907,
    22.16336,
    21.890553,
    37.546543,
    22.760347,
    44.678345,
    23.2312,
    31.069124,
    37.64489,
    27.167551,
    42.19339,
    6.1554418,
    16.886364,
    52.554665,
    11.138495,
    26.296228,
    34.830353,
    26.115927,
    42.00424,
    36.117657,
    40.400856,
    43.240982,
    34.42822,
    36.064278,
    22.574873,
    28.98032,
    37.076504,
    37.825615,
    35.735733,
    34.636944,
    6.8724785,
    41.21823,
    32.968185,
    17.860544,
    23.458582,
    37.809036,
    29.531935,
    44.884167,
    33.908173,
    14.492253,
    22.740652,
    17.55381,
    50.910717,
    18.155714,
    22.56671,
    10.804328,
    36.35759,
    24.422878,
    32.84825,
    17.011232,
    30.964119,
    38.268513,
    29.342997,
    34.001278,
    17.055094,
    44.599415,
    29.264662,
    27.313831,
    37.75887,
    16.25035
  ],
  "years": [
    2020,
    2020,
    2020,
    2020,
    2020,
    2020,
    2020,
    2020,
    2020,
    2020,
    2020,
    2020,
    2020,
    2020,
    2020,
    2020,
    2020,
    2020,
    2020,
    2020,
    2020,
    2020,
    2020,
    2020,
    2020,
    2020,
    2020,
    2020,
    2020,
    2020,
    2020,
    2020,
    2020,
    2020,
    2020,
    2020,
    2020,
    2020,
    2020,
    2020,
    2020,
    2020,
    2020,
    2020,
    2020,
    2020,
    2020,
    2020,
    2020,
    2020,
    2020,
    2020,
    2020,
    2020,
    2020,
    2020,
    2020,
    2020,
    2020,
    2020,
    2020,
    2020,
    2020,
    2020,
    2020,
    2020,
    2020,
    2020,
    2020,
    2020,
    2020,
    2020,
    2020,
    2020,
    2020,
    2020,
    2020,
    2020,
    2020,
    2020,
    2020,
    2020,
    2020,
    2020,
    2020,
    2020,
    2020,
    2020,
    2020,
    2020,
    2020,
    2020,
    2020,
    2020,
    2020,
    2020,
    2020,
    2020,
    2020,
    2020,
    2020,
    2020,
    2020,
    2020,
    2020,
    2020,
    2020,
    2020,
    2020,
    2020,
    2020,
    2020,
    2020,
    2020,
    2020,
    2020,
    2020,
    2020,
    2020,
    2020,
    2020,
    2020,
    2020
  ],
  "entities": [
    273,
    16,
    17,
    21,
    275,
    23,
    24,
    27,
    28,
    4,
    32,
    34,
    35,
    37,
    39,
    40,
    42,
    43,
    44,
    172,
    171,
    170,
    168,
    166,
    143,
    165,
    163,
    162,
    161,
    160,
    201,
    65,
    259,
    156,
    158,
    276,
    155,
    3,
    153,
    152,
    6,
    150,
    149,
    147,
    457,
    144,
    138,
    137,
    136,
    135,
    134,
    2,
    133,
    8,
    14,
    130,
    131,
    129,
    379,
    126,
    125,
    122,
    124,
    119,
    461,
    460,
    116,
    115,
    212,
    213,
    113,
    111,
    112,
    215,
    110,
    142,
    108,
    107,
    5,
    106,
    105,
    103,
    294,
    66,
    102,
    277,
    98,
    97,
    96,
    11,
    95,
    92,
    12,
    90,
    89,
    88,
    85,
    83,
    81,
    295,
    127,
    9,
    141,
    10,
    7,
    198,
    64,
    75,
    71,
    70,
    68,
    67,
    72,
    1,
    13,
    459,
    63,
    62,
    238,
    84,
    355,
    60,
    80
  ]
}