{
  "values": [
    14.447637,
    15.304516,
    18.39154,
    15.360937,
    14.452659,
    18.68927,
    23.592289,
    9.906572,
    12.28044,
    15.907043,
    13.392721,
    24.40269,
    15.766097,
    55.436,
    0.77157533,
    14.94656,
    18.682262,
    6.215574,
    26.105793,
    8.344197,
    22.651834,
    16.574158,
    0.6111729,
    37.306034,
    2.6038494,
    10.091202,
    19.000105,
    7.9424596,
    8.764266,
    34.864223,
    5.6134796,
    0.7218146,
    1.7334208,
    4.6775455,
    14.47298,
    6.4955792,
    5.5715485,
    2.3330626,
    14.607836,
    1.5188487,
    1.0371629,
    25.691376,
    46.28191,
    4.5339746,
    3.9745884,
    8.397396,
    13.44408,
    8.618382,
    10.911935,
    3.5309827,
    5.246067,
    10.850586,
    9.436383,
    5.815624,
    16.879436,
    12.314807,
    15.350887,
    17.88741,
    1.340792,
    18.668262,
    7.598674,
    12.425655,
    0.8760026,
    16.029848,
    13.098112,
    4.7438173,
    8.434571,
    11.818887,
    5.636656,
    3.5229442,
    10.727533,
    3.0597434,
    0.84442073,
    2.9471104,
    16.34158,
    3.3509881,
    4.3390636,
    2.339691,
    4.096522,
    33.421272,
    5.042023,
    2.7554145,
    4.0651636,
    3.426781,
    3.4209497,
    3.1107054,
    2.255902,
    27.34118,
    13.47234,
    1.0853376,
    28.333828,
    10.823886,
    3.431477,
    11.429568,
    36.547802,
    3.916865,
    2.3928485,
    31.566296,
    12.55881,
    18.99047,
    7.20016,
    1.2828896,
    17.579393,
    3.8238878,
    4.2245164,
    4.162009,
    1.768142,
    2.5363526,
    5.5367093,
    2.3132007,
    2.652159,
    15.235958,
    7.491962,
    2.5964198,
    15.186019,
    8.111144,
    18.303837,
    30.980024,
    0.5413042,
    3.5131762,
    20.536922,
    21.570442,
    24.316132,
    28.4069,
    6.626553,
    3.5447273,
    1.7412764,
    5.452808,
    15.708197,
    12.382203,
    3.471006,
    24.618,
    5.7190614,
    16.747871,
    4.9657283,
    15.727207,
    13.256226,
    17.162752,
    34.09281,
    3.028729,
    9.0389185,
    4.058853,
    10.499804,
    19.850039,
    9.60722,
    11.900143,
    7.876674,
    10.909947,
    19.710304,
    8.086697,
    20.858213,
    13.791181,
    4.2621765,
    2.180485,
    4.164249,
    4.1642494,
    4.1642494,
    4.1642494
  ],
  "years": [
    2018,
    2018,
    2018,
    2018,
    2018,
    2018,
    2018,
    2018,
    2018,
    2018,
    2018,
    2018,
    2018,
    2018,
    2018,
    2018,
    2018,
    2018,
    2018,
    2018,
    2018,
    2018,
    2018,
    2018,
    2018,
    2018,
    2018,
    2018,
    2018,
    2018,
    2018,
    2018,
    2018,
    2018,
    2018,
    2018,
    2018,
    2018,
    2018,
    2018,
    2018,
    2018,
    2018,
    2018,
    2018,
    2018,
    2018,
    2018,
    2018,
    2018,
    2018,
    2018,
    2018,
    2018,
    2018,
    2018,
    2018,
    2018,
    2018,
    2018,
    2018,
    2018,
    2018,
    2018,
    2018,
    2018,
    2018,
    2018,
    2018,
    2018,
    2018,
    2018,
    2018,
    2018,
    2018,
    2018,
    2018,
    2018,
    2018,
    2018,
    2018,
    2018,
    2018,
    2018,
    2018,
    2018,
    2018,
    2018,
    2018,
    2018,
    2018,
    2018,
    2018,
    2018,
    2018,
    2018,
    2018,
    2018,
    2018,
    2018,
    2018,
    2018,
    2018,
    2018,
    2018,
    2018,
    2018,
    2018,
    2018,
    2018,
    2018,
    2018,
    2018,
    2018,
    2018,
    2018,
    2018,
    2018,
    2018,
    2018,
    2018,
    2018,
    2018,
    2018,
    2018,
    2018,
    2018,
    2018,
    2018,
    2018,
    2018,
    2018,
    2018,
    2018,
    2018,
    2018,
    2018,
    2018,
    2018,
    2018,
    2018,
    2018,
    2018,
    2018,
    2018,
    2018,
    2018,
    2018,
    2018,
    2018,
    2018,
    2018,
    2018,
    2018,
    2019,
    2019,
    2019,
    2019
  ],
  "entities": [
    1,
    2,
    3,
    4,
    5,
    6,
    7,
    8,
    9,
    10,
    11,
    12,
    13,
    14,
    15,
    16,
    17,
    21,
    22,
    23,
    24,
    25,
    28,
    30,
    32,
    34,
    35,
    36,
    37,
    39,
    40,
    41,
    42,
    43,
    44,
    60,
    61,
    62,
    63,
    64,
    65,
    66,
    67,
    68,
    69,
    70,
    71,
    72,
    74,
    75,
    76,
    78,
    80,
    81,
    83,
    84,
    85,
    86,
    87,
    88,
    89,
    90,
    91,
    92,
    95,
    96,
    97,
    98,
    100,
    101,
    102,
    103,
    104,
    105,
    106,
    107,
    108,
    109,
    110,
    111,
    112,
    113,
    114,
    115,
    116,
    117,
    118,
    119,
    120,
    121,
    122,
    124,
    125,
    126,
    127,
    129,
    130,
    131,
    133,
    135,
    136,
    137,
    138,
    139,
    140,
    141,
    142,
    143,
    145,
    147,
    148,
    149,
    150,
    151,
    152,
    153,
    155,
    156,
    158,
    160,
    161,
    162,
    163,
    165,
    166,
    168,
    169,
    170,
    171,
    172,
    173,
    198,
    201,
    207,
    208,
    210,
    212,
    213,
    215,
    238,
    259,
    273,
    275,
    276,
    277,
    294,
    295,
    355,
    379,
    390,
    457,
    459,
    460,
    461,
    134,
    275,
    355,
    459
  ]
}