{
  "values": [
    15.766097,
    1.0371629,
    4.096522,
    10.823886,
    12.425655,
    2.3928485,
    8.397396,
    3.5229442,
    7.20016,
    0.6111729,
    14.447637,
    18.39154,
    18.68927,
    14.452659,
    15.360937,
    12.28044,
    9.906572,
    13.392721,
    17.579393,
    21.570442,
    16.029848,
    15.907043,
    15.235958,
    20.536922,
    18.99047,
    17.88741,
    55.436,
    15.708197,
    1.2828896,
    3.028729,
    8.764266,
    2.7554145,
    3.0597434,
    3.916865,
    1.5188487,
    12.55881,
    4.2245164,
    7.491962,
    4.5339746,
    2.6038494,
    2.255902,
    3.1107054,
    5.815624,
    14.47298,
    8.344197,
    4.7438173,
    4.162009,
    12.314807,
    3.5309827,
    1.7334208,
    3.431477,
    1.768142,
    16.34158,
    7.9424596,
    0.5413042,
    3.426781,
    4.0651636,
    2.339691,
    0.84442073,
    0.8760026,
    7.598674,
    6.4955792,
    36.547802,
    24.618,
    0.77157533,
    37.306034,
    15.186019,
    31.566296,
    11.429568,
    33.421272,
    24.40269,
    46.28191,
    5.6134796,
    4.6775455,
    1.340792,
    9.436383,
    6.626553,
    14.94656,
    18.682262,
    6.215574,
    26.105793,
    22.651834,
    16.574158,
    10.091202,
    19.000105,
    34.864223,
    0.7218146,
    3.471006,
    12.382203,
    5.452808,
    1.7412764,
    3.5447273,
    28.4069,
    24.316132,
    3.5131762,
    5.7190614,
    9.0389185,
    30.980024,
    18.303837,
    8.111144,
    2.652159,
    2.3132007,
    5.5367093,
    3.8238878,
    16.747871,
    4.164249,
    15.304516,
    2.5363526,
    4.9657283,
    28.333828,
    1.0853376,
    13.47234,
    27.34118,
    15.727207,
    25.691376,
    3.4209497,
    13.256226,
    17.162752,
    5.042023,
    34.09281,
    4.3390636,
    3.3509881,
    2.9471104,
    10.727533,
    5.636656,
    11.818887,
    8.434571,
    13.098112,
    18.668262,
    15.350887,
    16.879436,
    10.850586,
    23.592289,
    5.246067,
    2.5964198,
    10.911935,
    13.44408,
    3.9745884,
    8.618382,
    14.607836,
    2.3330626,
    5.5715485,
    19.710304,
    8.086697,
    10.909947,
    4.1642494,
    11.900143,
    4.058853,
    10.499804,
    4.1642494,
    19.850039,
    7.876674,
    9.60722,
    20.858213,
    4.2621765,
    13.791181,
    4.1642494,
    2.180485
  ],
  "years": [
    2018,
    2018,
    2018,
    2018,
    2018,
    2018,
    2018,
    2018,
    2018,
    2018,
    2018,
    2018,
    2018,
    2018,
    2018,
    2018,
    2018,
    2018,
    2018,
    2018,
    2018,
    2018,
    2018,
    2018,
    2018,
    2018,
    2018,
    2018,
    2018,
    2018,
    2018,
    2018,
    2018,
    2018,
    2018,
    2018,
    2018,
    2018,
    2018,
    2018,
    2018,
    2018,
    2018,
    2018,
    2018,
    2018,
    2018,
    2018,
    2018,
    2018,
    2018,
    2018,
    2018,
    2018,
    2018,
    2018,
    2018,
    2018,
    2018,
    2018,
    2018,
    2018,
    2018,
    2018,
    2018,
    2018,
    2018,
    2018,
    2018,
    2018,
    2018,
    2018,
    2018,
    2018,
    2018,
    2018,
    2018,
    2018,
    2018,
    2018,
    2018,
    2018,
    2018,
    2018,
    2018,
    2018,
    2018,
    2018,
    2018,
    2018,
    2018,
    2018,
    2018,
    2018,
    2018,
    2018,
    2018,
    2018,
    2018,
    2018,
    2018,
    2018,
    2018,
    2018,
    2018,
    2019,
    2018,
    2018,
    2018,
    2018,
    2018,
    2018,
    2018,
    2018,
    2018,
    2018,
    2018,
    2018,
    2018,
    2018,
    2018,
    2018,
    2018,
    2018,
    2018,
    2018,
    2018,
    2018,
    2018,
    2018,
    2018,
    2018,
    2018,
    2018,
    2018,
    2018,
    2018,
    2018,
    2018,
    2018,
    2018,
    2018,
    2018,
    2018,
    2018,
    2019,
    2018,
    2018,
    2018,
    2019,
    2018,
    2018,
    2018,
    2018,
    2018,
    2018,
    2019,
    2018
  ],
  "entities": [
    13,
    65,
    110,
    124,
    90,
    130,
    70,
    101,
    136,
    28,
    1,
    3,
    6,
    5,
    4,
    9,
    8,
    11,
    138,
    162,
    92,
    10,
    149,
    161,
    135,
    86,
    14,
    171,
    137,
    238,
    37,
    113,
    103,
    129,
    64,
    133,
    140,
    150,
    68,
    32,
    118,
    117,
    81,
    44,
    23,
    96,
    141,
    84,
    75,
    42,
    125,
    142,
    106,
    36,
    158,
    115,
    114,
    109,
    104,
    91,
    89,
    60,
    127,
    198,
    15,
    30,
    152,
    131,
    126,
    111,
    12,
    67,
    40,
    43,
    87,
    80,
    166,
    16,
    17,
    21,
    22,
    24,
    25,
    34,
    35,
    39,
    41,
    173,
    172,
    170,
    169,
    168,
    165,
    163,
    160,
    201,
    259,
    156,
    155,
    153,
    148,
    147,
    145,
    139,
    207,
    134,
    2,
    143,
    208,
    122,
    121,
    120,
    119,
    210,
    66,
    116,
    212,
    213,
    112,
    215,
    108,
    107,
    105,
    102,
    100,
    98,
    97,
    95,
    88,
    85,
    83,
    78,
    7,
    76,
    151,
    74,
    71,
    69,
    72,
    63,
    62,
    61,
    379,
    390,
    355,
    355,
    294,
    273,
    275,
    275,
    276,
    295,
    277,
    457,
    460,
    459,
    459,
    461
  ]
}