{
  "values": [
    67.83732,
    90.60962,
    95.180176,
    90.420845,
    92.07171,
    93.91802,
    95.45861,
    93.811195,
    84.871445,
    78.943146,
    95.12813,
    72.39111,
    100,
    95.129906,
    88.43039,
    84.66303,
    95.52976,
    76.13208,
    81.44287,
    75.22744,
    88.23817,
    50.47267,
    95.59479,
    100,
    91.4872,
    65.11102,
    70.751175,
    95.42077,
    82.76497,
    97.68669,
    93.780945,
    98.52835,
    48.115475,
    100,
    82.60311,
    95.73338,
    88.85462,
    80.906,
    84.81764,
    100,
    84.58964,
    51.31039,
    94.408165,
    100,
    86.65796,
    93.69488,
    81.989685,
    91.34007,
    91.57726,
    85.3149,
    97.09819,
    78.16625,
    79.51536,
    95.09992,
    77.24745,
    95.71835,
    96.480804,
    99.90541,
    65.56514,
    73.174545,
    87.45277,
    85.09519,
    94.778244,
    95.970764,
    98.32021,
    84.62969,
    94.82453,
    100,
    90.62531,
    84.57317,
    95.03104,
    91.36153,
    82.80404,
    87.369156,
    100,
    98.62489,
    77.62884,
    63.820847,
    93.88567,
    66.469025,
    73.01711,
    38.527195,
    61.492973,
    91.69206,
    70.59063,
    95.88666,
    74.330185,
    91.68494,
    80.0686,
    89.88932,
    83.887886,
    92.053314,
    98.54656,
    100,
    54.595966,
    96.16992,
    79.30801,
    79.57426,
    94.13865,
    96.97202,
    69.82634,
    52.0102,
    73.358315,
    96.23399,
    94.5463,
    100,
    62.9907,
    84.15787,
    79.63084,
    89.12428,
    86.500786,
    92.10741,
    95.99584,
    92.79486,
    95.738945,
    99.378426,
    99.160835,
    82.756165,
    94.9714,
    58.63794,
    96.807884,
    99.01574,
    97.509346,
    87.75913,
    67.1229,
    97.1535,
    32.158936,
    93.43289,
    95.93685,
    74.66282,
    98.0137,
    93.32296,
    96.368675,
    81.91693,
    67.77399,
    100,
    68.40618,
    87.57883,
    96.89709,
    76.097466,
    98.89006,
    100,
    92.249115,
    97.18563,
    96.90183,
    92.8425,
    75.41191,
    91.2293,
    95.74464,
    85.63918,
    59.6231,
    62.498505,
    80.97563
  ],
  "years": [
    2021,
    2021,
    2021,
    2021,
    2021,
    2021,
    2021,
    2021,
    2022,
    2021,
    2021,
    2021,
    2021,
    2021,
    2022,
    2021,
    2021,
    2021,
    2021,
    2021,
    2021,
    2022,
    2021,
    2021,
    2021,
    2022,
    2021,
    2021,
    2021,
    2021,
    2021,
    2021,
    2022,
    2021,
    2021,
    2021,
    2021,
    2021,
    2021,
    2021,
    2022,
    2022,
    2021,
    2021,
    2021,
    2021,
    2022,
    2021,
    2021,
    2021,
    2021,
    2022,
    2021,
    2021,
    2021,
    2021,
    2021,
    2021,
    2021,
    2021,
    2021,
    2021,
    2021,
    2021,
    2021,
    2021,
    2021,
    2021,
    2021,
    2021,
    2021,
    2021,
    2021,
    2021,
    2021,
    2021,
    2022,
    2021,
    2021,
    2021,
    2021,
    2022,
    2021,
    2021,
    2021,
    2021,
    2022,
    2021,
    2022,
    2021,
    2021,
    2021,
    2021,
    2021,
    2021,
    2021,
    2021,
    2021,
    2021,
    2021,
    2021,
    2022,
    2021,
    2021,
    2021,
    2021,
    2021,
    2021,
    2021,
    2021,
    2021,
    2021,
    2021,
    2021,
    2021,
    2021,
    2021,
    2021,
    2021,
    2021,
    2021,
    2021,
    2021,
    2021,
    2021,
    2021,
    2021,
    2021,
    2021,
    2021,
    2021,
    2021,
    2021,
    2021,
    2021,
    2021,
    2021,
    2021,
    2021,
    2021,
    2021,
    2021,
    2021,
    2021,
    2021,
    2021,
    2021,
    2021,
    2022,
    2021,
    2022,
    2021,
    2021
  ],
  "entities": [
    15,
    16,
    17,
    371506,
    21,
    22,
    23,
    24,
    25,
    28,
    4,
    32,
    34,
    35,
    36,
    37,
    39,
    40,
    42,
    43,
    44,
    173,
    172,
    171,
    170,
    169,
    168,
    166,
    143,
    165,
    163,
    162,
    167,
    161,
    160,
    349172,
    201,
    65,
    259,
    156,
    78,
    158,
    349171,
    155,
    3,
    153,
    151,
    152,
    6,
    150,
    149,
    148,
    147,
    457,
    139,
    144,
    138,
    207,
    137,
    136,
    135,
    134,
    2,
    133,
    8,
    132,
    14,
    130,
    131,
    129,
    379,
    126,
    125,
    349170,
    122,
    124,
    123,
    121,
    119,
    461,
    460,
    118,
    117,
    116,
    115,
    212,
    114,
    213,
    113,
    349173,
    458,
    111,
    112,
    110,
    109,
    142,
    108,
    107,
    5,
    106,
    105,
    104,
    103,
    278896,
    66,
    102,
    101,
    140,
    100,
    98,
    97,
    96,
    11,
    95,
    92,
    12,
    90,
    89,
    88,
    87,
    86,
    85,
    83,
    81,
    277956,
    127,
    258,
    9,
    141,
    277950,
    10,
    7,
    198,
    76,
    64,
    75,
    74,
    71,
    70,
    68,
    67,
    72,
    1,
    13,
    459,
    63,
    62,
    238,
    84,
    355,
    61,
    60,
    80
  ]
}