{
  "values": [
    14.28571,
    55.55556,
    100,
    75.4,
    84.61538,
    100,
    30.55556,
    16.66667,
    100,
    50,
    28,
    17.3913,
    0,
    20,
    96.15385,
    87.5,
    77.41935,
    47.36842,
    45.09804,
    46.66667,
    52.38095,
    53.48837,
    57.14,
    57.14,
    80.95238,
    82.35294,
    87.5,
    90.90909,
    90.90909,
    90.90909,
    86.67,
    86.67,
    85.71429,
    79.24528,
    78.7234,
    79.48718,
    89.74359,
    84.78261,
    73.08,
    68.63,
    87.5,
    80,
    77.77778,
    100,
    0,
    23.52941,
    100,
    50,
    14.28571,
    71.42857,
    85.18519,
    28.57143,
    100,
    0,
    47.36842,
    100,
    100,
    65.85366,
    69.76744,
    53.19149,
    50,
    48,
    40.625,
    37.84,
    37.5,
    37.5,
    0,
    50,
    82.6087,
    77.77778,
    63.63636,
    74.19355,
    73.07692,
    69.23077,
    84.61538,
    78.57143,
    73.47,
    79.31,
    68.42105,
    66.66667,
    82.35294,
    90,
    88,
    86.2069,
    85.71,
    83.87,
    88.57143,
    66.66667,
    77.77778,
    83.33333,
    72.41379,
    68.96552,
    73.91,
    56.25,
    90,
    90,
    78.94737,
    84.21053,
    78.94737,
    76.19048,
    82.69,
    65.38,
    0,
    100,
    60,
    85.71429,
    74.35897,
    100,
    57.14286,
    100,
    30,
    0,
    56.52174,
    53.84615,
    45.16129,
    50,
    50,
    58.62069,
    67.65,
    67.65,
    56.52174,
    58.33333,
    77.77778,
    72.72727,
    63.63636,
    58.33333,
    38.46,
    45.45,
    70.37037,
    61.90476,
    50,
    47.61905,
    45,
    50,
    41.18,
    46.67,
    89.28571,
    77.27273,
    81.81818,
    88,
    84,
    87.5,
    74.07,
    84.62,
    72.72727,
    69.23077,
    96,
    0,
    31.25,
    44.44444,
    16.66667,
    63.63636,
    59.64,
    57.894737,
    74,
    70.83333,
    72.41379,
    60,
    45.83333,
    63.33333,
    55.55556,
    60.34,
    61.4,
    94.33962,
    94.73684,
    76.59574,
    85.29412,
    86.11111,
    77.5,
    82.61,
    77.55,
    75,
    75,
    83.33333,
    70.58824,
    75,
    66.66667,
    66.67,
    68.29,
    90,
    91.46,
    86.98,
    86.42,
    83.33,
    81.82,
    75.68,
    73.37,
    81.87,
    76.78,
    74.32,
    76.97,
    72.79,
    76.39,
    72.37,
    67.02,
    69.55,
    71.08,
    68,
    66.67,
    65.85,
    100
  ],
  "years": [
    2018,
    2018,
    2018,
    2018,
    2018,
    2018,
    2018,
    2018,
    2018,
    2018,
    2018,
    2018,
    2018,
    2018,
    2018,
    2018,
    2004,
    2006,
    2008,
    2009,
    2011,
    2013,
    2015,
    2017,
    2004,
    2006,
    2008,
    2009,
    2011,
    2013,
    2015,
    2017,
    2004,
    2006,
    2008,
    2009,
    2011,
    2013,
    2015,
    2017,
    2018,
    2018,
    2018,
    2018,
    2018,
    2018,
    2018,
    2018,
    2018,
    2018,
    2018,
    2018,
    2018,
    2018,
    2018,
    2018,
    2018,
    2004,
    2006,
    2008,
    2009,
    2011,
    2013,
    2015,
    2017,
    2018,
    2018,
    2018,
    2018,
    2018,
    2004,
    2006,
    2008,
    2009,
    2011,
    2013,
    2015,
    2017,
    2004,
    2006,
    2008,
    2009,
    2011,
    2013,
    2015,
    2017,
    2004,
    2006,
    2008,
    2009,
    2011,
    2013,
    2015,
    2017,
    2004,
    2006,
    2008,
    2009,
    2011,
    2013,
    2015,
    2017,
    2018,
    2018,
    2018,
    2018,
    2018,
    2018,
    2018,
    2018,
    2018,
    2018,
    2004,
    2006,
    2008,
    2009,
    2011,
    2013,
    2015,
    2017,
    2004,
    2006,
    2008,
    2009,
    2011,
    2013,
    2015,
    2017,
    2004,
    2006,
    2008,
    2009,
    2011,
    2013,
    2015,
    2017,
    2004,
    2006,
    2008,
    2009,
    2011,
    2013,
    2015,
    2017,
    2018,
    2018,
    2018,
    2018,
    2018,
    2018,
    2018,
    2018,
    2017,
    2019,
    2016,
    2004,
    2006,
    2008,
    2009,
    2011,
    2013,
    2015,
    2017,
    2004,
    2006,
    2008,
    2009,
    2011,
    2013,
    2015,
    2017,
    2004,
    2006,
    2008,
    2009,
    2011,
    2013,
    2015,
    2017,
    1974,
    1978,
    1979,
    1981,
    1983,
    1985,
    1987,
    1989,
    1990,
    1992,
    1995,
    1997,
    2000,
    2004,
    2006,
    2008,
    2009,
    2011,
    2013,
    2015,
    2017,
    2018
  ],
  "entities": [
    16,
    19,
    20,
    23,
    4,
    31,
    348,
    39,
    44,
    45,
    172,
    170,
    169,
    165,
    164,
    163,
    363760,
    363760,
    363760,
    363760,
    363760,
    363760,
    363760,
    363760,
    363771,
    363771,
    363771,
    363771,
    363771,
    363771,
    363771,
    363771,
    363761,
    363761,
    363761,
    363761,
    363761,
    363761,
    363761,
    363761,
    156,
    155,
    151,
    152,
    148,
    136,
    135,
    2,
    8,
    14,
    131,
    129,
    122,
    124,
    116,
    223,
    213,
    363762,
    363762,
    363762,
    363762,
    363762,
    363762,
    363762,
    363762,
    109,
    142,
    108,
    106,
    105,
    363770,
    363770,
    363770,
    363770,
    363770,
    363770,
    363770,
    363770,
    363772,
    363772,
    363772,
    363772,
    363772,
    363772,
    363772,
    363772,
    363766,
    363766,
    363766,
    363766,
    363766,
    363766,
    363766,
    363766,
    363765,
    363765,
    363765,
    363765,
    363765,
    363765,
    363765,
    363765,
    101,
    96,
    11,
    95,
    226,
    92,
    260,
    90,
    233,
    83,
    363759,
    363759,
    363759,
    363759,
    363759,
    363759,
    363759,
    363759,
    363764,
    363764,
    363764,
    363764,
    363764,
    363764,
    363764,
    363764,
    363769,
    363769,
    363769,
    363769,
    363769,
    363769,
    363769,
    363769,
    363768,
    363768,
    363768,
    363768,
    363768,
    363768,
    363768,
    363768,
    9,
    10,
    64,
    74,
    73,
    71,
    70,
    67,
    1,
    1,
    13,
    363773,
    363773,
    363773,
    363773,
    363773,
    363773,
    363773,
    363773,
    363763,
    363763,
    363763,
    363763,
    363763,
    363763,
    363763,
    363763,
    363767,
    363767,
    363767,
    363767,
    363767,
    363767,
    363767,
    363767,
    355,
    355,
    355,
    355,
    355,
    355,
    355,
    355,
    355,
    355,
    355,
    355,
    355,
    355,
    355,
    355,
    355,
    355,
    355,
    355,
    355,
    61
  ]
}