{
  "values": [
    6.6013317,
    6.0448036,
    5.5946984,
    4.732419,
    5.990938,
    5.7598014,
    4.965964,
    6.5777144,
    7.368321,
    7.063913,
    8.437792,
    8.247109,
    7.6395254,
    7.890466,
    7.9053106,
    7.2732167,
    6.8534846,
    5.4246845,
    4.617422,
    5.699393,
    5.471766,
    3.8459742,
    2.3423944,
    2.0688646,
    1.8035945,
    0.6249795,
    0.2919032,
    0.8840134,
    1.6634527,
    1.5186503,
    0.21027365,
    0.07674554,
    1.7206209,
    0.7574115,
    1.42806,
    1.7352586,
    1.8540795,
    1.4149679,
    1.359856,
    0.6940863,
    0.32650685,
    0.07936224,
    0.052153092,
    0.21789323,
    0.4582162,
    0.64708716,
    0.55835545,
    0.50630546,
    0.5751462,
    0.13622594,
    0.21333924,
    0.3467465,
    0.2219229,
    0.089257136,
    0.15115635,
    0.03305003,
    0.016307816,
    0.0026173668,
    0.0037807464,
    0.0025525761,
    0.0018334477,
    0.0031870184,
    0.0015969741,
    0.0018600075,
    0.059494175,
    0,
    0,
    0,
    0.046446268,
    0.05908273,
    0.04067652,
    0.03370113,
    0.02915024,
    0.028157275,
    0.023010671,
    0.04777371,
    0.09640888,
    0.1276795,
    0.094688356,
    0.11914385,
    0.08141662,
    0.12161708,
    0.06416152,
    0.121682204,
    0.12396563,
    0.042754695,
    0.044785123,
    0.015325058,
    0.008705475,
    0.0019125083,
    0.0026351097,
    0.0025152077,
    0.0021533414,
    0.0029005616,
    0.0018994984,
    0.00074728613
  ],
  "years": [
    1992,
    1993,
    1994,
    1995,
    1996,
    1997,
    1998,
    1999,
    2000,
    2001,
    2002,
    2003,
    2004,
    2005,
    2006,
    2007,
    2008,
    2009,
    2010,
    2011,
    2012,
    2013,
    2014,
    2015,
    2016,
    2017,
    2018,
    2019,
    2020,
    2021,
    2022,
    2023,
    1992,
    1993,
    1994,
    1995,
    1996,
    1997,
    1998,
    1999,
    2000,
    2001,
    2002,
    2003,
    2004,
    2005,
    2006,
    2007,
    2008,
    2009,
    2010,
    2011,
    2012,
    2013,
    2014,
    2015,
    2016,
    2017,
    2018,
    2019,
    2020,
    2021,
    2022,
    2023,
    1992,
    1993,
    1994,
    1995,
    1996,
    1997,
    1998,
    1999,
    2000,
    2001,
    2002,
    2003,
    2004,
    2005,
    2006,
    2007,
    2008,
    2009,
    2010,
    2011,
    2012,
    2013,
    2014,
    2015,
    2016,
    2017,
    2018,
    2019,
    2020,
    2021,
    2022,
    2023
  ],
  "entities": [
    268316,
    268316,
    268316,
    268316,
    268316,
    268316,
    268316,
    268316,
    268316,
    268316,
    268316,
    268316,
    268316,
    268316,
    268316,
    268316,
    268316,
    268316,
    268316,
    268316,
    268316,
    268316,
    268316,
    268316,
    268316,
    268316,
    268316,
    268316,
    268316,
    268316,
    268316,
    268316,
    268317,
    268317,
    268317,
    268317,
    268317,
    268317,
    268317,
    268317,
    268317,
    268317,
    268317,
    268317,
    268317,
    268317,
    268317,
    268317,
    268317,
    268317,
    268317,
    268317,
    268317,
    268317,
    268317,
    268317,
    268317,
    268317,
    268317,
    268317,
    268317,
    268317,
    268317,
    268317,
    268318,
    268318,
    268318,
    268318,
    268318,
    268318,
    268318,
    268318,
    268318,
    268318,
    268318,
    268318,
    268318,
    268318,
    268318,
    268318,
    268318,
    268318,
    268318,
    268318,
    268318,
    268318,
    268318,
    268318,
    268318,
    268318,
    268318,
    268318,
    268318,
    268318,
    268318,
    268318
  ]
}