{
  "values": [
    26.43907,
    17.621708,
    26.823336,
    16.389187,
    23.50881,
    19.286057,
    16.194988,
    16.981565,
    21.567234,
    24.694782,
    20.60181,
    28.80622,
    21.262445,
    9.992401,
    12.32602,
    7.6590347,
    35.31663,
    27.257576,
    15.339011,
    26.374542,
    19.77898,
    15.002898,
    38.38072,
    15.794312,
    33.012047,
    28.832611,
    26.110977,
    6.9223046,
    36.33164,
    24.215265,
    40.395424,
    27.363058,
    22.862408,
    26.266624,
    21.870832,
    15.210452,
    26.940044,
    11.269754,
    21.156303,
    32.737732,
    17.419088,
    10.193312,
    26.95273,
    18.588274,
    9.423891,
    31.155293,
    15.389589,
    10.0786,
    21.827152,
    29.95655,
    15.480113,
    26.33028,
    19.656734,
    49.34965,
    23.108562,
    22.682476,
    15.3876705,
    35.3196,
    17.365873,
    15.063962,
    8.979812,
    16.526669,
    18.653063,
    18.170506,
    23.650629,
    18.90052,
    19.344215,
    7.7945113,
    19.319052,
    18.330364,
    11.332259,
    17.298023,
    11.832521,
    32.246994,
    24.735323,
    15.052165,
    6.228855,
    31.20851,
    25.959785,
    15.2455435,
    22.55648,
    13.478218,
    20.327734,
    13.909627,
    33.266792,
    10.020943,
    18.56735,
    33.81431,
    18.093695,
    32.572884,
    24.393341,
    17.503534,
    18.549173,
    12.970515,
    38.433903,
    18.341892,
    15.030882,
    25.765331,
    11.787031,
    33.137573,
    25.648352,
    30.246721,
    8.565871,
    37.285408,
    2.933675,
    42.695652,
    20.91646,
    32.38782,
    7.4613748,
    38.228786,
    38.13536,
    19.692047,
    16.018984,
    22.802452,
    25.659658,
    22.815329,
    34.91784,
    19.017418,
    10.965394,
    19.689169,
    15.889128,
    21.649143,
    14.729832
  ],
  "years": [
    2020,
    2020,
    2020,
    2020,
    2020,
    2020,
    2020,
    2020,
    2020,
    2020,
    2020,
    2020,
    2020,
    2020,
    2020,
    2020,
    2020,
    2020,
    2020,
    2020,
    2020,
    2020,
    2020,
    2020,
    2020,
    2020,
    2020,
    2020,
    2020,
    2020,
    2020,
    2020,
    2020,
    2020,
    2020,
    2020,
    2020,
    2020,
    2020,
    2020,
    2020,
    2020,
    2020,
    2020,
    2020,
    2020,
    2020,
    2020,
    2020,
    2020,
    2020,
    2020,
    2020,
    2020,
    2020,
    2020,
    2020,
    2020,
    2020,
    2020,
    2020,
    2020,
    2020,
    2020,
    2020,
    2020,
    2020,
    2020,
    2020,
    2020,
    2020,
    2020,
    2020,
    2020,
    2020,
    2020,
    2020,
    2020,
    2020,
    2020,
    2020,
    2020,
    2020,
    2020,
    2020,
    2020,
    2020,
    2020,
    2020,
    2020,
    2020,
    2020,
    2020,
    2020,
    2020,
    2020,
    2020,
    2020,
    2020,
    2020,
    2020,
    2020,
    2020,
    2020,
    2020,
    2020,
    2020,
    2020,
    2020,
    2020,
    2020,
    2020,
    2020,
    2020,
    2020,
    2020,
    2020,
    2020,
    2020,
    2020,
    2020,
    2020,
    2020
  ],
  "entities": [
    1,
    2,
    3,
    4,
    5,
    6,
    7,
    8,
    9,
    10,
    11,
    12,
    13,
    14,
    16,
    17,
    21,
    23,
    24,
    27,
    28,
    32,
    34,
    35,
    37,
    39,
    40,
    42,
    43,
    44,
    60,
    62,
    63,
    64,
    65,
    66,
    67,
    68,
    70,
    71,
    72,
    75,
    80,
    81,
    83,
    84,
    85,
    88,
    89,
    90,
    92,
    95,
    96,
    97,
    98,
    102,
    103,
    105,
    106,
    107,
    108,
    110,
    111,
    112,
    113,
    115,
    116,
    119,
    122,
    124,
    125,
    126,
    127,
    129,
    130,
    131,
    133,
    134,
    135,
    136,
    137,
    138,
    141,
    142,
    143,
    144,
    147,
    149,
    150,
    152,
    153,
    155,
    156,
    158,
    160,
    161,
    162,
    163,
    165,
    166,
    168,
    170,
    171,
    172,
    198,
    201,
    212,
    213,
    215,
    238,
    259,
    273,
    275,
    276,
    277,
    294,
    295,
    355,
    379,
    457,
    459,
    460,
    461
  ]
}