{
  "values": [
    0,
    0,
    0,
    0,
    0,
    0,
    0,
    0.08999344,
    0,
    0,
    0,
    0,
    5.656046,
    5.619922,
    0,
    0,
    0,
    0,
    0,
    0,
    0,
    0,
    0,
    0,
    0,
    0,
    0,
    0,
    0,
    0,
    0.76865494,
    0.76512355,
    1.0684277,
    0.20453711,
    0,
    0.050840516,
    0.05075105,
    2.827053,
    5.8612423,
    5.9389834,
    6.0082173,
    0.077558525,
    0,
    2.1254418,
    0.5012901,
    0.038466718,
    0.25572404,
    0.33146125,
    3.86445,
    3.6538253,
    7.030397,
    3.6157427,
    3.353069,
    3.3408222,
    11.173602,
    7.319728,
    0,
    0,
    0,
    0,
    0.28980556,
    10.268291,
    10.212369,
    0.19765028,
    0.19643486,
    0.19515453,
    0.89800274,
    0.1924098,
    0.4165889,
    0.4818822,
    0,
    0,
    0,
    0,
    0,
    0,
    0,
    0,
    0.48129436,
    0.4781493,
    0,
    0.12583625,
    0.23025379,
    0,
    0.4285021,
    0,
    0,
    0,
    4.527866,
    4.489894,
    0.058644667,
    0.058147628,
    0,
    0.28592086,
    0.28163102,
    0.56330854,
    4.1675777,
    4.302308,
    86.135025,
    95.674164,
    104.31415,
    106.909256,
    74.729706,
    5.116397,
    4.4664755,
    1.3475729,
    0.646587,
    0,
    0,
    0,
    0,
    0,
    0,
    0.1555248,
    0,
    0.9534886,
    2.0374117,
    2.016735,
    1.1684082,
    1.5181117,
    0.4530659,
    8.968445,
    8.952946,
    57.25879,
    44.85726,
    150.22775,
    126.53253,
    126.32015,
    123.77027,
    119.143074,
    0,
    0.04814381,
    0.3750005,
    0.04723687,
    9.080426,
    8.937819,
    8.775502,
    8.609531,
    0.043964785,
    0.043100126,
    0.20137198,
    0.019608201,
    0.0808784,
    0,
    0,
    0,
    0.059212506,
    0,
    0,
    3.0200138,
    2.7551925,
    3.2655509,
    2.7128248,
    2.7840905,
    2.8030207,
    2.9738634,
    2.539686,
    2.8574507,
    2.2181401,
    2.174238,
    0.032575663,
    0.18772392,
    0.21362653,
    0.58203155,
    3.1244643,
    3.0689325,
    3.0711184,
    2.9596975,
    2.9078064,
    2.8565164,
    2.8864217,
    2.9138205,
    2.7062194,
    0,
    0.38564983,
    0.38783824,
    0.09541051,
    0.12604848,
    0.12419229,
    0.026230114,
    0,
    0,
    0.6709426,
    0.76422375,
    0.65329045,
    0.064501606,
    0,
    0.11265314,
    0,
    0,
    0,
    0,
    0,
    0,
    0
  ],
  "years": [
    1816,
    1817,
    1818,
    1819,
    1820,
    1821,
    1822,
    1823,
    1824,
    1825,
    1826,
    1827,
    1828,
    1829,
    1830,
    1831,
    1832,
    1833,
    1834,
    1835,
    1836,
    1837,
    1838,
    1839,
    1840,
    1841,
    1842,
    1843,
    1844,
    1845,
    1846,
    1847,
    1848,
    1849,
    1850,
    1851,
    1852,
    1853,
    1854,
    1855,
    1856,
    1857,
    1858,
    1859,
    1860,
    1861,
    1862,
    1863,
    1864,
    1865,
    1866,
    1867,
    1868,
    1869,
    1870,
    1871,
    1872,
    1873,
    1874,
    1875,
    1876,
    1877,
    1878,
    1879,
    1880,
    1881,
    1882,
    1883,
    1884,
    1885,
    1886,
    1887,
    1888,
    1889,
    1890,
    1891,
    1892,
    1893,
    1894,
    1895,
    1896,
    1897,
    1898,
    1899,
    1900,
    1901,
    1902,
    1903,
    1904,
    1905,
    1906,
    1907,
    1908,
    1909,
    1910,
    1911,
    1912,
    1913,
    1914,
    1915,
    1916,
    1917,
    1918,
    1919,
    1920,
    1921,
    1922,
    1923,
    1924,
    1925,
    1926,
    1927,
    1928,
    1929,
    1930,
    1931,
    1932,
    1933,
    1934,
    1935,
    1936,
    1937,
    1938,
    1939,
    1940,
    1941,
    1942,
    1943,
    1944,
    1945,
    1946,
    1947,
    1948,
    1949,
    1950,
    1951,
    1952,
    1953,
    1954,
    1955,
    1956,
    1957,
    1958,
    1959,
    1960,
    1961,
    1962,
    1963,
    1964,
    1965,
    1966,
    1967,
    1968,
    1969,
    1970,
    1971,
    1972,
    1973,
    1974,
    1975,
    1976,
    1977,
    1978,
    1979,
    1980,
    1981,
    1982,
    1983,
    1984,
    1985,
    1986,
    1987,
    1988,
    1989,
    1990,
    1991,
    1992,
    1993,
    1994,
    1995,
    1996,
    1997,
    1998,
    1999,
    2000,
    2001,
    2002,
    2003,
    2004,
    2005,
    2006,
    2007,
    2008,
    2009,
    2010
  ],
  "entities": [
    355,
    355,
    355,
    355,
    355,
    355,
    355,
    355,
    355,
    355,
    355,
    355,
    355,
    355,
    355,
    355,
    355,
    355,
    355,
    355,
    355,
    355,
    355,
    355,
    355,
    355,
    355,
    355,
    355,
    355,
    355,
    355,
    355,
    355,
    355,
    355,
    355,
    355,
    355,
    355,
    355,
    355,
    355,
    355,
    355,
    355,
    355,
    355,
    355,
    355,
    355,
    355,
    355,
    355,
    355,
    355,
    355,
    355,
    355,
    355,
    355,
    355,
    355,
    355,
    355,
    355,
    355,
    355,
    355,
    355,
    355,
    355,
    355,
    355,
    355,
    355,
    355,
    355,
    355,
    355,
    355,
    355,
    355,
    355,
    355,
    355,
    355,
    355,
    355,
    355,
    355,
    355,
    355,
    355,
    355,
    355,
    355,
    355,
    355,
    355,
    355,
    355,
    355,
    355,
    355,
    355,
    355,
    355,
    355,
    355,
    355,
    355,
    355,
    355,
    355,
    355,
    355,
    355,
    355,
    355,
    355,
    355,
    355,
    355,
    355,
    355,
    355,
    355,
    355,
    355,
    355,
    355,
    355,
    355,
    355,
    355,
    355,
    355,
    355,
    355,
    355,
    355,
    355,
    355,
    355,
    355,
    355,
    355,
    355,
    355,
    355,
    355,
    355,
    355,
    355,
    355,
    355,
    355,
    355,
    355,
    355,
    355,
    355,
    355,
    355,
    355,
    355,
    355,
    355,
    355,
    355,
    355,
    355,
    355,
    355,
    355,
    355,
    355,
    355,
    355,
    355,
    355,
    355,
    355,
    355,
    355,
    355,
    355,
    355,
    355,
    355,
    355,
    355,
    355,
    355
  ]
}