{
  "values": [
    0,
    0.00005,
    0.00069,
    0.00234,
    0.00836,
    0.02217,
    0.04683,
    0.07566,
    0.10134,
    0.12553,
    0.15383,
    0.16597,
    0.1734,
    0.17952,
    0.18179,
    0.17258,
    0.18049,
    0.16424,
    0.18239,
    0.13574,
    0.1509,
    0.13851,
    0.13084,
    0.12673,
    0.11702,
    0.10162,
    0.10453,
    0.08179,
    0.07341,
    0.04981,
    0.04982,
    0.03449,
    0.02233,
    0.01256,
    0.00731,
    0.00328,
    0.00183,
    0.0008,
    0.00039,
    0.00018,
    0.00007,
    0.00002,
    0.00001,
    0,
    0,
    0.00001,
    0.00011,
    0.00108,
    0.00541,
    0.01582,
    0.03356,
    0.05612,
    0.07593,
    0.09403,
    0.11211,
    0.11788,
    0.12793,
    0.13033,
    0.13294,
    0.12737,
    0.12771,
    0.12338,
    0.11855,
    0.10556,
    0.10438,
    0.09342,
    0.09027,
    0.08198,
    0.0768,
    0.06715,
    0.0635,
    0.05388,
    0.04243,
    0.03387,
    0.02719,
    0.02048,
    0.01254,
    0.00615,
    0.00403,
    0.00099,
    0.00066,
    0.00036,
    0.00005,
    0,
    0.00011,
    0.00011,
    0.00006,
    0.00012,
    0,
    0.00002,
    0.00027,
    0.00103,
    0.00315,
    0.0075,
    0.01523,
    0.02892,
    0.05309,
    0.08631,
    0.12629,
    0.16515,
    0.19216,
    0.20295,
    0.20595,
    0.20586,
    0.20843,
    0.21759,
    0.21529,
    0.20015,
    0.18858,
    0.18087,
    0.17601,
    0.16336,
    0.14418,
    0.12974,
    0.11785,
    0.10644,
    0.09591,
    0.08073,
    0.05917,
    0.03943,
    0.02462,
    0.01466,
    0.00935,
    0.00725,
    0.00642,
    0.00574,
    0.0056,
    0.00269,
    0.00059,
    0.0001,
    0.00002,
    0,
    0,
    0.00002,
    0.00009,
    0.0008,
    0.00455,
    0.01345,
    0.02778,
    0.04357,
    0.06361,
    0.07299,
    0.08509,
    0.09279,
    0.09684,
    0.09938,
    0.10283,
    0.09953,
    0.10055,
    0.09793,
    0.09684,
    0.09044,
    0.08881,
    0.08264,
    0.07906,
    0.07594,
    0.07146,
    0.0634,
    0.05757,
    0.05319,
    0.0462,
    0.03793,
    0.02942,
    0.02256,
    0.01625,
    0.00964,
    0.00499,
    0.00208,
    0.00077,
    0.00038,
    0.00003,
    0,
    0,
    0,
    0,
    0
  ],
  "years": [
    12,
    13,
    14,
    15,
    16,
    17,
    18,
    19,
    20,
    21,
    22,
    23,
    24,
    25,
    26,
    27,
    28,
    29,
    30,
    31,
    32,
    33,
    34,
    35,
    36,
    37,
    38,
    39,
    40,
    41,
    42,
    43,
    44,
    45,
    46,
    47,
    48,
    49,
    50,
    51,
    52,
    53,
    54,
    55,
    12,
    13,
    14,
    15,
    16,
    17,
    18,
    19,
    20,
    21,
    22,
    23,
    24,
    25,
    26,
    27,
    28,
    29,
    30,
    31,
    32,
    33,
    34,
    35,
    36,
    37,
    38,
    39,
    40,
    41,
    42,
    43,
    44,
    45,
    46,
    47,
    48,
    49,
    50,
    51,
    52,
    53,
    54,
    55,
    12,
    13,
    14,
    15,
    16,
    17,
    18,
    19,
    20,
    21,
    22,
    23,
    24,
    25,
    26,
    27,
    28,
    29,
    30,
    31,
    32,
    33,
    34,
    35,
    36,
    37,
    38,
    39,
    40,
    41,
    42,
    43,
    44,
    45,
    46,
    47,
    48,
    49,
    50,
    51,
    52,
    53,
    54,
    55,
    12,
    13,
    14,
    15,
    16,
    17,
    18,
    19,
    20,
    21,
    22,
    23,
    24,
    25,
    26,
    27,
    28,
    29,
    30,
    31,
    32,
    33,
    34,
    35,
    36,
    37,
    38,
    39,
    40,
    41,
    42,
    43,
    44,
    45,
    46,
    47,
    48,
    49,
    50,
    51,
    52,
    53,
    54,
    55
  ],
  "entities": [
    44,
    44,
    44,
    44,
    44,
    44,
    44,
    44,
    44,
    44,
    44,
    44,
    44,
    44,
    44,
    44,
    44,
    44,
    44,
    44,
    44,
    44,
    44,
    44,
    44,
    44,
    44,
    44,
    44,
    44,
    44,
    44,
    44,
    44,
    44,
    44,
    44,
    44,
    44,
    44,
    44,
    44,
    44,
    44,
    161,
    161,
    161,
    161,
    161,
    161,
    161,
    161,
    161,
    161,
    161,
    161,
    161,
    161,
    161,
    161,
    161,
    161,
    161,
    161,
    161,
    161,
    161,
    161,
    161,
    161,
    161,
    161,
    161,
    161,
    161,
    161,
    161,
    161,
    161,
    161,
    161,
    161,
    161,
    161,
    161,
    161,
    161,
    161,
    9,
    9,
    9,
    9,
    9,
    9,
    9,
    9,
    9,
    9,
    9,
    9,
    9,
    9,
    9,
    9,
    9,
    9,
    9,
    9,
    9,
    9,
    9,
    9,
    9,
    9,
    9,
    9,
    9,
    9,
    9,
    9,
    9,
    9,
    9,
    9,
    9,
    9,
    9,
    9,
    9,
    9,
    9,
    9,
    10,
    10,
    10,
    10,
    10,
    10,
    10,
    10,
    10,
    10,
    10,
    10,
    10,
    10,
    10,
    10,
    10,
    10,
    10,
    10,
    10,
    10,
    10,
    10,
    10,
    10,
    10,
    10,
    10,
    10,
    10,
    10,
    10,
    10,
    10,
    10,
    10,
    10,
    10,
    10,
    10,
    10,
    10,
    10
  ]
}