{
  "values": [
    13.83333,
    18.9243,
    31.15608,
    35.68657,
    7.834069,
    23.98765,
    18.47,
    39.67238,
    45.33334,
    20.3193,
    26.82043,
    15.58497,
    21.4158,
    36.7,
    32.25925,
    18.65079,
    13.48684,
    23.05306,
    42.74952,
    26.6223,
    14.83333,
    16.28282,
    17.16667,
    43.62949,
    12.43902,
    26.78868,
    37.28921,
    37.23822,
    17.13397,
    18.49326,
    37.26607,
    63.96489,
    49.8,
    42.41721,
    27.15291,
    8.2026,
    16.07738,
    17,
    22,
    30.15521,
    11.08333,
    22.69327,
    39.05436,
    38.94984,
    23.63636,
    12.58634,
    41,
    14.27773,
    16.58333,
    28.16667,
    12.13049,
    12.70903,
    52.44619,
    11.61538,
    35.5674,
    3.564547,
    17.2,
    18.79929,
    28.28842,
    32.66666,
    19.33333,
    44.95268,
    23.92698,
    13.85659,
    13.83333,
    21.7596,
    20.79081,
    17.49992,
    43.57334,
    28.62156,
    14.8,
    35.77372,
    27.73653,
    25.84065,
    21.22455,
    50.27254,
    11.18012,
    27.41741,
    25.26011,
    42.90274,
    37.852,
    34.61169,
    37.68383,
    25.36249,
    35.49829,
    20.84373,
    54.61847,
    34.68258,
    32.22256,
    41.83333,
    24.16093,
    25.89837,
    15.76764,
    22.72347,
    36.3147,
    38.13524,
    41.97384,
    20.29965,
    21.73863,
    12.6305,
    25.56452,
    35.04202,
    49.41667,
    12.1,
    17.36619,
    15.41632
  ],
  "years": [
    2014,
    2022,
    2014,
    2022,
    2022,
    2014,
    2022,
    2014,
    2022,
    2022,
    2014,
    2022,
    2022,
    2014,
    2022,
    2014,
    2022,
    2022,
    2022,
    2014,
    2022,
    2014,
    2022,
    2014,
    2022,
    2014,
    2014,
    2022,
    2014,
    2022,
    2022,
    2014,
    2014,
    2022,
    2022,
    2022,
    2022,
    2014,
    2022,
    2022,
    2014,
    2022,
    2014,
    2022,
    2022,
    2014,
    2014,
    2022,
    2014,
    2022,
    2014,
    2022,
    2022,
    2014,
    2022,
    2022,
    2014,
    2022,
    2022,
    2022,
    2022,
    2014,
    2022,
    2022,
    2022,
    2014,
    2022,
    2022,
    2014,
    2022,
    2014,
    2014,
    2022,
    2014,
    2022,
    2014,
    2022,
    2014,
    2022,
    2022,
    2014,
    2022,
    2014,
    2022,
    2022,
    2014,
    2022,
    2014,
    2022,
    2022,
    2014,
    2022,
    2014,
    2022,
    2022,
    2014,
    2022,
    2022,
    2022,
    2022,
    2022,
    2022,
    2022,
    2014,
    2014,
    2022
  ],
  "entities": [
    17,
    18,
    21,
    21,
    22,
    23,
    23,
    25,
    28,
    34,
    37,
    37,
    44,
    172,
    172,
    170,
    170,
    163,
    162,
    201,
    201,
    65,
    65,
    156,
    158,
    152,
    6,
    6,
    150,
    149,
    148,
    145,
    144,
    144,
    137,
    136,
    135,
    134,
    134,
    14,
    130,
    130,
    131,
    131,
    129,
    208,
    126,
    126,
    124,
    124,
    120,
    120,
    262,
    116,
    116,
    211,
    113,
    113,
    112,
    110,
    142,
    5,
    5,
    106,
    105,
    103,
    103,
    357,
    101,
    101,
    140,
    97,
    97,
    96,
    96,
    11,
    93,
    92,
    92,
    12,
    91,
    88,
    86,
    86,
    85,
    81,
    127,
    198,
    198,
    76,
    75,
    75,
    71,
    71,
    70,
    67,
    67,
    1,
    13,
    63,
    62,
    238,
    84,
    61,
    80,
    80
  ]
}