{
  "values": [
    53.16667,
    77.78884,
    60.06912,
    48.6441,
    87.25964,
    68.60677,
    73.21379,
    27.17091,
    44.25,
    56.02322,
    62.56731,
    73.33746,
    72.58969,
    50.3,
    42.13745,
    70.17196,
    64.80263,
    65.16311,
    37.69602,
    65.47421,
    56.25,
    81.47736,
    68.83334,
    31.54963,
    86.34146,
    60.48253,
    35.01118,
    41.4267,
    77.76317,
    75.11637,
    44.99593,
    21.37326,
    36.1,
    44.83063,
    64.45173,
    88.2538,
    75.4503,
    60.33334,
    58.16666,
    56.46711,
    64.41666,
    62.17789,
    46.34243,
    29.31034,
    62.7668,
    62.39448,
    47,
    74.35528,
    44.91666,
    54.5,
    69.58733,
    76.08696,
    35.3229,
    88.38461,
    60.09139,
    93.25626,
    72.39999,
    63.90136,
    41.02814,
    56.75,
    78.41667,
    36.85594,
    58.75678,
    84.20542,
    63.41666,
    72.66898,
    70.49764,
    67.61832,
    46.23604,
    49.37343,
    55.7,
    52.55923,
    54.05552,
    63.90349,
    74.27543,
    31.8568,
    79.68056,
    61.151,
    61.7781,
    39.09292,
    56.778,
    51.4861,
    55.32501,
    68.67678,
    53.80091,
    56.87642,
    39.11647,
    51.15071,
    51.46319,
    51.25,
    65.98965,
    59.95439,
    60.08299,
    60.06683,
    54.78261,
    44.53466,
    37.90191,
    72.11529,
    68.69216,
    72.45689,
    62.01613,
    51.09244,
    28.58333,
    74.8,
    76.43044,
    77.65869
  ],
  "years": [
    2014,
    2022,
    2014,
    2022,
    2022,
    2014,
    2022,
    2014,
    2022,
    2022,
    2014,
    2022,
    2022,
    2014,
    2022,
    2014,
    2022,
    2022,
    2022,
    2014,
    2022,
    2014,
    2022,
    2014,
    2022,
    2014,
    2014,
    2022,
    2014,
    2022,
    2022,
    2014,
    2014,
    2022,
    2022,
    2022,
    2022,
    2014,
    2022,
    2022,
    2014,
    2022,
    2014,
    2022,
    2022,
    2014,
    2014,
    2022,
    2014,
    2022,
    2014,
    2022,
    2022,
    2014,
    2022,
    2022,
    2014,
    2022,
    2022,
    2022,
    2022,
    2014,
    2022,
    2022,
    2022,
    2014,
    2022,
    2022,
    2014,
    2022,
    2014,
    2014,
    2022,
    2014,
    2022,
    2014,
    2022,
    2014,
    2022,
    2022,
    2014,
    2022,
    2014,
    2022,
    2022,
    2014,
    2022,
    2014,
    2022,
    2022,
    2014,
    2022,
    2014,
    2022,
    2022,
    2014,
    2022,
    2022,
    2022,
    2022,
    2022,
    2022,
    2022,
    2014,
    2014,
    2022
  ],
  "entities": [
    17,
    18,
    21,
    21,
    22,
    23,
    23,
    25,
    28,
    34,
    37,
    37,
    44,
    172,
    172,
    170,
    170,
    163,
    162,
    201,
    201,
    65,
    65,
    156,
    158,
    152,
    6,
    6,
    150,
    149,
    148,
    145,
    144,
    144,
    137,
    136,
    135,
    134,
    134,
    14,
    130,
    130,
    131,
    131,
    129,
    208,
    126,
    126,
    124,
    124,
    120,
    120,
    262,
    116,
    116,
    211,
    113,
    113,
    112,
    110,
    142,
    5,
    5,
    106,
    105,
    103,
    103,
    357,
    101,
    101,
    140,
    97,
    97,
    96,
    96,
    11,
    93,
    92,
    92,
    12,
    91,
    88,
    86,
    86,
    85,
    81,
    127,
    198,
    198,
    76,
    75,
    75,
    71,
    71,
    70,
    67,
    67,
    1,
    13,
    63,
    62,
    238,
    84,
    61,
    80,
    80
  ]
}