{
  "values": [
    0.5833333,
    1.693227,
    5.790451,
    11.89065,
    2.393855,
    4.877669,
    5.253779,
    22.52688,
    7.416667,
    16.01355,
    5.71924,
    6.039726,
    4.346602,
    8.4,
    15.05789,
    5.68783,
    13.88158,
    4.268186,
    14.62105,
    5.15807,
    20.41667,
    1.71899,
    4.666667,
    13.60477,
    0.5691057,
    6.988353,
    17.15876,
    12.30367,
    3.387315,
    3.259585,
    14.07648,
    12.18379,
    12.6,
    10.07248,
    3.051883,
    2.769435,
    4.869913,
    0.4166667,
    10.58333,
    7.021434,
    0.5,
    8.146301,
    8.773353,
    19.35737,
    8.379447,
    1.53492,
    7,
    7.911359,
    2.333333,
    13.58333,
    2.43227,
    6.187291,
    11.05675,
    3.579589,
    1.541426,
    5.1,
    13.22575,
    25.33321,
    8.083333,
    1.5,
    13.35436,
    6.314751,
    0.8720931,
    14.25,
    2.568051,
    5.830493,
    9.851859,
    7.880115,
    12.6817,
    0.6,
    9.599707,
    15.57051,
    7.034066,
    3.975961,
    11.13655,
    3.460515,
    5.84968,
    4.534187,
    9.968992,
    4.060249,
    8.245446,
    5.845826,
    3.970586,
    7.673285,
    2.058819,
    6.184739,
    8.39582,
    12.86118,
    6.416667,
    6.090121,
    11.88114,
    0.4149378,
    10.86049,
    6.086957,
    9.819936,
    11.33191,
    4.592622,
    5.638997,
    8.095266,
    6.532258,
    10.67227,
    18.58333,
    5.4,
    4.545662,
    3.792251
  ],
  "years": [
    2014,
    2022,
    2014,
    2022,
    2022,
    2014,
    2022,
    2014,
    2022,
    2022,
    2014,
    2022,
    2022,
    2014,
    2022,
    2014,
    2022,
    2022,
    2022,
    2014,
    2022,
    2014,
    2022,
    2014,
    2022,
    2014,
    2014,
    2022,
    2014,
    2022,
    2022,
    2014,
    2014,
    2022,
    2022,
    2022,
    2022,
    2014,
    2022,
    2022,
    2014,
    2022,
    2014,
    2022,
    2022,
    2014,
    2014,
    2022,
    2014,
    2022,
    2014,
    2022,
    2022,
    2022,
    2022,
    2014,
    2022,
    2022,
    2022,
    2022,
    2014,
    2022,
    2022,
    2022,
    2014,
    2022,
    2022,
    2014,
    2022,
    2014,
    2014,
    2022,
    2014,
    2022,
    2014,
    2022,
    2014,
    2022,
    2022,
    2014,
    2022,
    2014,
    2022,
    2022,
    2014,
    2022,
    2014,
    2022,
    2022,
    2014,
    2022,
    2014,
    2022,
    2022,
    2014,
    2022,
    2022,
    2022,
    2022,
    2022,
    2022,
    2022,
    2014,
    2014,
    2022
  ],
  "entities": [
    17,
    18,
    21,
    21,
    22,
    23,
    23,
    25,
    28,
    34,
    37,
    37,
    44,
    172,
    172,
    170,
    170,
    163,
    162,
    201,
    201,
    65,
    65,
    156,
    158,
    152,
    6,
    6,
    150,
    149,
    148,
    145,
    144,
    144,
    137,
    136,
    135,
    134,
    134,
    14,
    130,
    130,
    131,
    131,
    129,
    208,
    126,
    126,
    124,
    124,
    120,
    120,
    262,
    116,
    211,
    113,
    113,
    112,
    110,
    142,
    5,
    5,
    106,
    105,
    103,
    103,
    357,
    101,
    101,
    140,
    97,
    97,
    96,
    96,
    11,
    93,
    92,
    92,
    12,
    91,
    88,
    86,
    86,
    85,
    81,
    127,
    198,
    198,
    76,
    75,
    75,
    71,
    71,
    70,
    67,
    67,
    1,
    13,
    63,
    62,
    238,
    84,
    61,
    80,
    80
  ]
}