{
  "values": [
    68.49423,
    80.67703,
    51.529827,
    67.166214,
    46.87657,
    67.52025,
    49.056637,
    49.580658,
    35.64261,
    67.83796,
    75.39361,
    53.61107,
    67.40371,
    41.60216,
    74.484085,
    29.806576,
    51.355938,
    69.88028,
    62.301727,
    66.13331,
    37.93257,
    26.88602,
    50.90703,
    75.29692,
    77.54291,
    65.30496,
    38.095665,
    73.058846,
    33.810925,
    64.43214,
    69.156685,
    52.573723,
    62.168198,
    60.527626,
    50.960938,
    67.512856,
    52.57093,
    35.51545,
    65.49907,
    45.642654,
    64.01489,
    60.656357,
    63.16383,
    70.74705,
    66.02394,
    46.54618,
    49.63119,
    74.14764,
    68.9926,
    60.55933,
    77.35574,
    60.82566,
    43.941376,
    57.797405,
    54.14773,
    49.559334,
    46.436676,
    66.33756,
    59.97689,
    59.4271,
    64.94933,
    70.44566,
    58.45421,
    55.56324,
    62.86188,
    62.25645,
    45.24862,
    61.911095,
    48.176186,
    64.971085,
    43.534534,
    69.233246,
    63.60064,
    63.113804,
    41.279133,
    62.264053,
    61.43467,
    71.9525,
    56.360245,
    39.90151,
    39.956802,
    44.297504,
    66.37055,
    35.328575,
    38.24674,
    45.08996,
    50.966557,
    63.57089,
    60.74834,
    37.545544,
    69.00242,
    52.46696,
    67.04719,
    44.702774,
    58.212654,
    39.812176,
    73.979126,
    72.96654,
    59.342957,
    34.90877,
    52.957527,
    35.569416,
    72.01893,
    54.880238,
    47.874786,
    82.94253,
    66.93348,
    71.51293,
    50.26319,
    54.9562,
    54.02554,
    43.26435,
    57.4468,
    69.30798,
    63.61081,
    65.25946,
    49.300385,
    76.79983,
    59.86886,
    46.18252,
    46.91573,
    56.416805
  ],
  "years": [
    2020,
    2020,
    2020,
    2020,
    2020,
    2020,
    2020,
    2020,
    2020,
    2020,
    2020,
    2020,
    2020,
    2020,
    2020,
    2020,
    2020,
    2020,
    2020,
    2020,
    2020,
    2020,
    2020,
    2020,
    2020,
    2020,
    2020,
    2020,
    2020,
    2020,
    2020,
    2020,
    2020,
    2020,
    2020,
    2020,
    2020,
    2020,
    2020,
    2020,
    2020,
    2020,
    2020,
    2020,
    2020,
    2020,
    2020,
    2020,
    2020,
    2020,
    2020,
    2020,
    2020,
    2020,
    2020,
    2020,
    2020,
    2020,
    2020,
    2020,
    2020,
    2020,
    2020,
    2020,
    2020,
    2020,
    2020,
    2020,
    2020,
    2020,
    2020,
    2020,
    2020,
    2020,
    2020,
    2020,
    2020,
    2020,
    2020,
    2020,
    2020,
    2020,
    2020,
    2020,
    2020,
    2020,
    2020,
    2020,
    2020,
    2020,
    2020,
    2020,
    2020,
    2020,
    2020,
    2020,
    2020,
    2020,
    2020,
    2020,
    2020,
    2020,
    2020,
    2020,
    2020,
    2020,
    2020,
    2020,
    2020,
    2020,
    2020,
    2020,
    2020,
    2020,
    2020,
    2020,
    2020,
    2020,
    2020,
    2020,
    2020,
    2020
  ],
  "entities": [
    1,
    2,
    3,
    4,
    5,
    6,
    7,
    8,
    9,
    10,
    11,
    12,
    13,
    14,
    16,
    17,
    21,
    23,
    24,
    27,
    28,
    32,
    34,
    35,
    37,
    39,
    40,
    42,
    43,
    44,
    60,
    62,
    63,
    64,
    65,
    66,
    67,
    68,
    70,
    71,
    72,
    75,
    80,
    81,
    83,
    84,
    85,
    88,
    89,
    92,
    95,
    96,
    97,
    98,
    102,
    103,
    105,
    106,
    107,
    108,
    110,
    111,
    112,
    113,
    115,
    116,
    119,
    122,
    124,
    125,
    126,
    127,
    129,
    130,
    131,
    133,
    134,
    135,
    136,
    137,
    138,
    141,
    142,
    143,
    144,
    147,
    149,
    150,
    152,
    153,
    155,
    156,
    158,
    160,
    161,
    162,
    163,
    165,
    166,
    168,
    170,
    171,
    172,
    198,
    201,
    212,
    213,
    215,
    238,
    259,
    273,
    275,
    276,
    277,
    294,
    295,
    355,
    379,
    457,
    459,
    460,
    461
  ]
}