{
  "values": [
    3.31159,
    4.77728,
    4.53159,
    3.64503,
    5.05867,
    4.73135,
    4.98918,
    5.94026,
    5.07762,
    4.63536,
    5.1832,
    4.75979,
    4.07197,
    5.35136,
    5.57264,
    4.81365,
    4.40284,
    3.85398,
    4.15376,
    4.36209,
    5.06955,
    4.66097,
    5.75637,
    4.03097,
    5.1567,
    3.60906,
    4.21757,
    3.39658,
    3.88461,
    4.65483,
    4.92824,
    4.18762,
    3.5025,
    5.00655,
    4.17218,
    4.67554,
    4.3628,
    3.94981,
    4.69745,
    3.79018,
    5.07759,
    5.49024,
    5.06006,
    5.16328,
    3.76623,
    4.97833,
    5.07172,
    4.66497,
    2.98918,
    4.58762,
    3.46338,
    4.39914,
    4.18462,
    4.33094,
    5.90777,
    4.19445,
    4.65843,
    3.49839,
    5.61099,
    4.84031,
    4.289,
    3.90598,
    4.96391,
    5.19315,
    4.15113,
    5.74446,
    4.70431,
    3.71346,
    3.85558,
    4.01511,
    4.54976,
    4.27832,
    3.98353,
    5.09956,
    4.09296,
    4.4544,
    3.70884,
    4.85675,
    3.72536,
    4.76496,
    4.61045,
    5.14039,
    4.81777,
    4.24113,
    4.02768,
    4.35178,
    4.39751,
    3.1418,
    5.0005,
    4.0983,
    3.21059,
    4.86044,
    4.67358,
    4.77315,
    3.49936,
    4.50522,
    5.61956,
    5.03728,
    4.37075,
    4.10307,
    3.81396,
    3.68522,
    3.56806,
    5.07386,
    4.08276,
    4.35239,
    4.15739,
    3.14832,
    5.36771,
    4.24658,
    4.83733,
    4.52795,
    4.0952,
    3.68631,
    4.44486,
    3.23315,
    4.69105,
    5.3526,
    4.18219,
    3.41637,
    3.92851,
    3.69434,
    4.95301,
    4.74508,
    4.65574,
    4.19295,
    4.36313,
    2.98459,
    5.23426,
    4.7578,
    3.3429,
    5.06864,
    5.66945,
    5.06574,
    4.98819,
    5.50914,
    3.78357,
    4.94737,
    4.85873,
    3.17485,
    3.89881,
    4.51654,
    3.86937,
    4.97538,
    3.96046,
    3.88445,
    4.56847,
    5.08732,
    5.09482,
    2.90313,
    3.96365,
    4.57973,
    4.10342,
    4.41739,
    5.21308,
    4.05868,
    3.55097,
    4.8084,
    4.88186,
    4.99544,
    3.94594,
    3.80723,
    4.14388,
    4.39177,
    3.92564,
    3.18038,
    5.17747,
    4.85391,
    4.38664,
    4.2337,
    4.64166,
    6.31443,
    5.11804,
    4.45546,
    5.85717,
    4.96401,
    4.23486,
    3.0919,
    4.21011,
    4.0081,
    3.5746,
    4.01352,
    4.03884
  ],
  "years": [
    2015,
    2015,
    2015,
    2015,
    2015,
    2015,
    2015,
    2015,
    2015,
    2015,
    2015,
    2015,
    2015,
    2015,
    2015,
    2015,
    2015,
    2015,
    2015,
    2015,
    2015,
    2015,
    2015,
    2015,
    2015,
    2015,
    2015,
    2015,
    2015,
    2015,
    2015,
    2015,
    2015,
    2015,
    2015,
    2015,
    2015,
    2015,
    2015,
    2015,
    2015,
    2015,
    2015,
    2015,
    2015,
    2015,
    2015,
    2015,
    2015,
    2015,
    2015,
    2015,
    2015,
    2015,
    2015,
    2015,
    2015,
    2015,
    2015,
    2015,
    2015,
    2015,
    2015,
    2015,
    2015,
    2015,
    2015,
    2015,
    2015,
    2015,
    2015,
    2015,
    2015,
    2015,
    2015,
    2015,
    2015,
    2015,
    2015,
    2015,
    2015,
    2015,
    2015,
    2015,
    2015,
    2015,
    2015,
    2015,
    2015,
    2015,
    2015,
    2015,
    2015,
    2015,
    2015,
    2015,
    2015,
    2015,
    2015,
    2015,
    2015,
    2015,
    2015,
    2015,
    2015,
    2015,
    2015,
    2015,
    2015,
    2015,
    2015,
    2015,
    2015,
    2015,
    2015,
    2015,
    2015,
    2015,
    2015,
    2015,
    2015,
    2015,
    2015,
    2015,
    2015,
    2015,
    2015,
    2015,
    2015,
    2015,
    2015,
    2015,
    2015,
    2015,
    2015,
    2015,
    2015,
    2015,
    2015,
    2015,
    2015,
    2015,
    2015,
    2015,
    2015,
    2015,
    2015,
    2015,
    2015,
    2015,
    2015,
    2015,
    2015,
    2015,
    2015,
    2015,
    2015,
    2015,
    2015,
    2015,
    2015,
    2015,
    2015,
    2015,
    2015,
    2015,
    2015,
    2015,
    2015,
    2015,
    2015,
    2015,
    2015,
    2015,
    2015,
    2015,
    2015,
    2015,
    2015,
    2015,
    2015,
    2015,
    2015
  ],
  "entities": [
    15,
    16,
    17,
    19,
    20,
    21,
    22,
    23,
    24,
    25,
    26,
    27,
    28,
    29,
    30,
    4,
    31,
    32,
    33,
    34,
    35,
    36,
    37,
    38,
    39,
    40,
    41,
    42,
    43,
    44,
    45,
    174,
    173,
    172,
    171,
    170,
    169,
    168,
    166,
    143,
    165,
    164,
    163,
    162,
    167,
    161,
    154,
    160,
    225,
    201,
    65,
    259,
    159,
    157,
    156,
    78,
    158,
    202,
    155,
    3,
    153,
    151,
    152,
    6,
    150,
    149,
    206,
    148,
    147,
    94,
    146,
    145,
    139,
    138,
    207,
    137,
    136,
    135,
    134,
    2,
    133,
    8,
    132,
    14,
    130,
    131,
    129,
    204,
    208,
    126,
    125,
    122,
    124,
    123,
    121,
    120,
    119,
    210,
    118,
    117,
    116,
    211,
    115,
    212,
    114,
    213,
    113,
    222,
    111,
    112,
    215,
    110,
    109,
    142,
    108,
    107,
    5,
    106,
    105,
    104,
    103,
    128,
    66,
    102,
    217,
    101,
    100,
    99,
    98,
    97,
    96,
    11,
    95,
    226,
    92,
    12,
    91,
    229,
    230,
    239,
    232,
    90,
    89,
    88,
    233,
    87,
    86,
    85,
    83,
    195,
    82,
    81,
    127,
    258,
    9,
    141,
    79,
    234,
    10,
    7,
    77,
    76,
    64,
    75,
    74,
    235,
    73,
    71,
    70,
    69,
    68,
    67,
    72,
    1,
    13,
    63,
    62,
    221,
    238,
    84,
    61,
    60,
    80
  ]
}