{
  "values": [
    0.07279396,
    0.027752876,
    0.06531429,
    0.1497399,
    0.06482458,
    0.07132641,
    0.10145168,
    0.034871418,
    0.092182,
    0.090715885,
    0.11921263,
    0.03570938,
    0.07980919,
    0.15166716,
    0.060564358,
    0.1238004,
    0.086681746,
    0.12457431,
    0.25557685,
    0.43918934,
    0.34364286,
    0.26387978,
    0.399228,
    0.4321618,
    0.27368927,
    0.3008555,
    0.6007274,
    0.6984234,
    -0.6861348,
    -0.6417635,
    -0.73242563,
    -0.7263759,
    -0.53498906,
    -0.67469454,
    -0.6716206,
    -0.62712556,
    -0.6879244,
    -0.65547395,
    -0.76699066,
    -0.6345982,
    -0.6503844,
    -0.57326037,
    -0.77015847,
    -0.7880299,
    -0.8474876,
    -0.59928745,
    -0.5324196,
    -0.5675478,
    -0.61265415,
    -0.5370257,
    -0.5975806,
    -0.5605864,
    -0.7725279,
    -0.71060514,
    -0.63242906,
    -0.619348,
    -0.68163204,
    -0.5503759,
    -0.57556623,
    -0.73044676,
    -0.59510803,
    -0.49170908,
    -0.76766163,
    -0.74272674,
    -0.8114531,
    -0.52555496,
    -0.5844896,
    -0.42901316,
    -0.2977883,
    -0.26438943,
    -0.46367216,
    -0.2688066,
    -0.48144078,
    -0.521812,
    -0.43304285,
    -0.27765617,
    -0.24551225,
    -0.36384735,
    -0.15109704,
    -0.20674029,
    -0.41926718,
    -0.37346005,
    -0.33713722,
    -0.17979561,
    -0.28932628,
    -0.16711242,
    -0.1067222,
    -0.24735641,
    -0.25242195,
    -0.12385969,
    -0.06279802,
    -0.08737755,
    -0.10502805,
    -0.04916191,
    -0.045844078,
    -0.13961792,
    -0.055021286,
    -0.10175133,
    -0.08318726,
    -0.12811255,
    -0.03111267,
    -0.095757484
  ],
  "years": [
    1990,
    1991,
    1995,
    1998,
    2001,
    2002,
    2003,
    2004,
    2005,
    2006,
    2007,
    2008,
    2009,
    2010,
    2011,
    2012,
    2013,
    2014,
    2015,
    2016,
    2017,
    2018,
    2019,
    2020,
    2021,
    2022,
    2023,
    2024,
    1940,
    1941,
    1942,
    1943,
    1944,
    1945,
    1946,
    1947,
    1948,
    1949,
    1950,
    1951,
    1952,
    1953,
    1954,
    1955,
    1956,
    1957,
    1958,
    1959,
    1960,
    1961,
    1962,
    1963,
    1964,
    1965,
    1966,
    1967,
    1968,
    1969,
    1970,
    1971,
    1972,
    1973,
    1974,
    1975,
    1976,
    1977,
    1978,
    1979,
    1980,
    1981,
    1982,
    1983,
    1984,
    1985,
    1986,
    1987,
    1988,
    1989,
    1990,
    1991,
    1992,
    1993,
    1994,
    1995,
    1996,
    1997,
    1998,
    1999,
    2000,
    2001,
    2002,
    2003,
    2004,
    2006,
    2007,
    2008,
    2009,
    2010,
    2011,
    2012,
    2013,
    2014
  ],
  "entities": [
    368755,
    368755,
    368755,
    368755,
    368755,
    368755,
    368755,
    368755,
    368755,
    368755,
    368755,
    368755,
    368755,
    368755,
    368755,
    368755,
    368755,
    368755,
    368755,
    368755,
    368755,
    368755,
    368755,
    368755,
    368755,
    368755,
    368755,
    368755,
    368756,
    368756,
    368756,
    368756,
    368756,
    368756,
    368756,
    368756,
    368756,
    368756,
    368756,
    368756,
    368756,
    368756,
    368756,
    368756,
    368756,
    368756,
    368756,
    368756,
    368756,
    368756,
    368756,
    368756,
    368756,
    368756,
    368756,
    368756,
    368756,
    368756,
    368756,
    368756,
    368756,
    368756,
    368756,
    368756,
    368756,
    368756,
    368756,
    368756,
    368756,
    368756,
    368756,
    368756,
    368756,
    368756,
    368756,
    368756,
    368756,
    368756,
    368756,
    368756,
    368756,
    368756,
    368756,
    368756,
    368756,
    368756,
    368756,
    368756,
    368756,
    368756,
    368756,
    368756,
    368756,
    368756,
    368756,
    368756,
    368756,
    368756,
    368756,
    368756,
    368756,
    368756
  ]
}