{
  "values": [
    -0.3756341,
    -0.5858704,
    0.13499615,
    -0.0874449,
    -0.1937442,
    0.40586242,
    -0.3437443,
    -0.0205158,
    0.25979936,
    0.13184653,
    -0.4567365,
    -0.3268151,
    -0.4579176,
    -0.4803585,
    -0.1063426,
    0.6172799,
    0.34247655,
    -0.462642,
    -0.5677601,
    -0.2327206,
    0.2330277,
    -0.168941,
    0.10783077,
    -0.1248465,
    -0.1909883,
    0.30664977,
    0.21176784,
    -0.2957128,
    -0.4260278,
    -0.7024059,
    0.09287013,
    -0.1260276,
    0.4015317,
    0.17948435,
    0.00783071,
    -0.1429568,
    -0.0429567,
    -0.072878,
    0.05192523,
    -0.6740594,
    -0.7618547,
    -0.1067363,
    -0.5004373,
    -0.4965003,
    -0.3142167,
    -0.4256341,
    0.10231895,
    -0.2354765,
    0.07003547,
    0.70035076,
    -0.5421696,
    -0.3189411,
    0.21885446,
    0.5605869,
    0.85704374,
    1.1255479,
    0.08420871,
    -0.3209096,
    0.21846075,
    0.14365757,
    0.6031066,
    0.03027167,
    -0.1567363,
    -0.0417756,
    -1.0665793,
    0.14287016,
    -0.0968938,
    0.04995672,
    -0.0961064,
    -0.0705158,
    0.03224018,
    -0.7724847,
    1.3444456,
    1.1810597,
    0.97476035,
    -0.1240591,
    0.57239795,
    0.7090122,
    0.0405079,
    -0.2976813,
    0.3964136,
    -0.145319,
    -0.2988624,
    0.38105926,
    -0.0965001,
    -0.424453,
    -1.3520125,
    0.6294846,
    0.41649234,
    0.04562601,
    -0.4693349,
    -1.066973,
    -0.0842953,
    -0.0811457,
    0.04838192,
    0.49247664,
    -0.1590985,
    0.7676736,
    0.96176827,
    1.2035006,
    0.09247643,
    -0.5764216,
    -0.2984687,
    0.2393269,
    -0.409886,
    0.6672799,
    0.48972073,
    0.9771226,
    -0.1134292,
    1.3877528,
    0.9657053,
    0.28263402,
    0.7428705,
    0.12790953,
    -0.8382327,
    0.47987822,
    0.921217,
    0.52239794,
    -0.3539805,
    -0.2555553,
    -0.0752402
  ],
  "years": [
    1901,
    1902,
    1903,
    1904,
    1905,
    1906,
    1907,
    1908,
    1909,
    1910,
    1911,
    1912,
    1913,
    1914,
    1915,
    1916,
    1917,
    1918,
    1919,
    1920,
    1921,
    1922,
    1923,
    1924,
    1925,
    1926,
    1927,
    1928,
    1929,
    1930,
    1931,
    1932,
    1933,
    1934,
    1935,
    1936,
    1937,
    1938,
    1939,
    1940,
    1941,
    1942,
    1943,
    1944,
    1945,
    1946,
    1947,
    1948,
    1949,
    1950,
    1951,
    1952,
    1953,
    1954,
    1955,
    1956,
    1957,
    1958,
    1959,
    1960,
    1961,
    1962,
    1963,
    1964,
    1965,
    1966,
    1967,
    1968,
    1969,
    1970,
    1971,
    1972,
    1973,
    1974,
    1975,
    1976,
    1977,
    1978,
    1979,
    1980,
    1981,
    1982,
    1983,
    1984,
    1985,
    1986,
    1987,
    1988,
    1989,
    1990,
    1991,
    1992,
    1993,
    1994,
    1995,
    1996,
    1997,
    1998,
    1999,
    2000,
    2001,
    2002,
    2003,
    2004,
    2005,
    2006,
    2007,
    2008,
    2009,
    2010,
    2011,
    2012,
    2013,
    2014,
    2015,
    2016,
    2017,
    2018,
    2019,
    2020,
    2021
  ],
  "entities": [
    355,
    355,
    355,
    355,
    355,
    355,
    355,
    355,
    355,
    355,
    355,
    355,
    355,
    355,
    355,
    355,
    355,
    355,
    355,
    355,
    355,
    355,
    355,
    355,
    355,
    355,
    355,
    355,
    355,
    355,
    355,
    355,
    355,
    355,
    355,
    355,
    355,
    355,
    355,
    355,
    355,
    355,
    355,
    355,
    355,
    355,
    355,
    355,
    355,
    355,
    355,
    355,
    355,
    355,
    355,
    355,
    355,
    355,
    355,
    355,
    355,
    355,
    355,
    355,
    355,
    355,
    355,
    355,
    355,
    355,
    355,
    355,
    355,
    355,
    355,
    355,
    355,
    355,
    355,
    355,
    355,
    355,
    355,
    355,
    355,
    355,
    355,
    355,
    355,
    355,
    355,
    355,
    355,
    355,
    355,
    355,
    355,
    355,
    355,
    355,
    355,
    355,
    355,
    355,
    355,
    355,
    355,
    355,
    355,
    355,
    355,
    355,
    355,
    355,
    355,
    355,
    355,
    355,
    355,
    355,
    355
  ]
}