{
  "values": [
    -0.347421447,
    -1.917107334,
    0.782894124,
    -1.484036234,
    -0.37222461,
    1.346673956,
    0.289980472,
    -1.110807686,
    -0.408445102,
    0.284862359,
    -0.439941182,
    0.006515752,
    -0.400571082,
    -0.587185356,
    0.983681634,
    1.302973145,
    -0.323799387,
    -0.543484545,
    -0.979705253,
    -0.302145832,
    0.329744273,
    0.771476795,
    -0.287972596,
    -0.336397819,
    -1.406477137,
    -0.20687019,
    0.137224484,
    -0.213956808,
    -1.482855131,
    -0.936004442,
    0.383287609,
    -0.19505916,
    -0.726949211,
    -0.589547562,
    0.068326809,
    -0.870650076,
    -0.820256348,
    0.079350437,
    -1.005689519,
    -1.197028205,
    -0.138366216,
    -1.074980895,
    -1.546634693,
    -1.398209416,
    -0.057657511,
    -0.631673569,
    -0.373012012,
    -0.25805132,
    0.045885852,
    1.367540109,
    -0.167106389,
    0.102185095,
    0.963209182,
    1.431319671,
    1.396673983,
    2.414391068,
    0.669114535,
    -0.339941128,
    1.711634783,
    0.109271713,
    0.871083148,
    -0.431673461,
    -0.475374272,
    0.007696855,
    -0.423799441,
    -0.412775813,
    0.010452762,
    -0.499390033,
    0.733287798,
    1.910060087,
    1.308091258,
    -0.837972893,
    2.112816102,
    3.226596231,
    2.009272739,
    -0.041122069,
    0.029744111,
    0.851004397,
    0.330925376,
    -0.673012174,
    -0.043090574,
    -1.357264512,
    1.172658114,
    1.325020401,
    0.821476822,
    -1.124587221,
    -0.471437262,
    1.451792123,
    0.525019969,
    2.175808262,
    -1.287579435,
    -1.198209308,
    -1.003721014,
    -1.774981273,
    -0.643484599,
    0.053759872,
    -1.036398197,
    1.430138568,
    -0.263169433,
    0.142342597,
    0.668327133,
    -0.01001969,
    -0.124980382,
    1.119508479,
    0.562421564,
    1.030925754,
    1.669115075,
    1.294311723,
    0.912421753,
    3.858486336,
    2.259666575,
    1.7183277,
    1.29313062,
    -1.178917959,
    -0.959232801,
    1.908878984,
    0.676201153,
    0.489586879,
    -0.172224502
  ],
  "years": [
    1901,
    1902,
    1903,
    1904,
    1905,
    1906,
    1907,
    1908,
    1909,
    1910,
    1911,
    1912,
    1913,
    1914,
    1915,
    1916,
    1917,
    1918,
    1919,
    1920,
    1921,
    1922,
    1923,
    1924,
    1925,
    1926,
    1927,
    1928,
    1929,
    1930,
    1931,
    1932,
    1933,
    1934,
    1935,
    1936,
    1937,
    1938,
    1939,
    1940,
    1941,
    1942,
    1943,
    1944,
    1945,
    1946,
    1947,
    1948,
    1949,
    1950,
    1951,
    1952,
    1953,
    1954,
    1955,
    1956,
    1957,
    1958,
    1959,
    1960,
    1961,
    1962,
    1963,
    1964,
    1965,
    1966,
    1967,
    1968,
    1969,
    1970,
    1971,
    1972,
    1973,
    1974,
    1975,
    1976,
    1977,
    1978,
    1979,
    1980,
    1981,
    1982,
    1983,
    1984,
    1985,
    1986,
    1987,
    1988,
    1989,
    1990,
    1991,
    1992,
    1993,
    1994,
    1995,
    1996,
    1997,
    1998,
    1999,
    2000,
    2001,
    2002,
    2003,
    2004,
    2005,
    2006,
    2007,
    2008,
    2009,
    2010,
    2011,
    2012,
    2013,
    2014,
    2015,
    2016,
    2017,
    2018,
    2019
  ],
  "entities": [
    355,
    355,
    355,
    355,
    355,
    355,
    355,
    355,
    355,
    355,
    355,
    355,
    355,
    355,
    355,
    355,
    355,
    355,
    355,
    355,
    355,
    355,
    355,
    355,
    355,
    355,
    355,
    355,
    355,
    355,
    355,
    355,
    355,
    355,
    355,
    355,
    355,
    355,
    355,
    355,
    355,
    355,
    355,
    355,
    355,
    355,
    355,
    355,
    355,
    355,
    355,
    355,
    355,
    355,
    355,
    355,
    355,
    355,
    355,
    355,
    355,
    355,
    355,
    355,
    355,
    355,
    355,
    355,
    355,
    355,
    355,
    355,
    355,
    355,
    355,
    355,
    355,
    355,
    355,
    355,
    355,
    355,
    355,
    355,
    355,
    355,
    355,
    355,
    355,
    355,
    355,
    355,
    355,
    355,
    355,
    355,
    355,
    355,
    355,
    355,
    355,
    355,
    355,
    355,
    355,
    355,
    355,
    355,
    355,
    355,
    355,
    355,
    355,
    355,
    355,
    355,
    355,
    355,
    355
  ]
}