{
  "values": [
    33.06582,
    27.223469,
    19.621117,
    55.74023,
    25.01338,
    57.292385,
    44.272484,
    48.37264,
    21.50377,
    45.559143,
    24.16272,
    51.50309,
    30.274963,
    66.02759,
    49.408886,
    39.614746,
    21.921741,
    53.47335,
    63.32295,
    62.0248,
    21.36633,
    53.364937,
    35.82805,
    53.59103,
    34.59019,
    43.68244,
    44.743523,
    35.917877,
    58.018898,
    51.810017,
    59.416096,
    36.7417,
    49.867603,
    42.409412,
    25.139547,
    45.444027,
    49.570145,
    57.882885,
    52.798367,
    31.248861,
    53.01157,
    35.668785,
    57.0196,
    35.06906,
    46.58189,
    26.827843,
    39.83624,
    24.285688,
    26.875534,
    44.8051,
    49.40815,
    55.557236,
    25.023684,
    31.258493,
    34.638664,
    39.354237,
    26.965807,
    50.417786,
    25.521631,
    30.683977,
    21.741394,
    41.691597,
    28.026682,
    21.057005,
    28.215921,
    28.194563,
    30.225277,
    27.776077,
    44.361748,
    47.52108,
    45.027946,
    29.565474,
    26.342905,
    29.170517,
    39.52102,
    35.11682,
    32.963333,
    24.879023,
    50.897594,
    49.490406,
    46.64826,
    26.93696,
    50.503376,
    33.377647,
    59.87053,
    56.004036,
    36.629395,
    67.46069,
    21.861404,
    43.360527,
    54.65995,
    33.04733,
    39.587437,
    28.987442,
    37.17835,
    30.86312,
    37.094532,
    28.108982,
    33.829544,
    61.4552,
    25.896503,
    56.64592,
    21.740845,
    58.188892,
    38.762486,
    30.92182,
    37.06176,
    24.947937,
    19.316637,
    54.584194,
    28.41555,
    29.499304,
    38.547153,
    40.63467,
    52.900246,
    50.999348,
    31.470758,
    55.216595,
    32.69049,
    55.369904,
    37.75445,
    33.21125,
    58.619587,
    45.39264
  ],
  "years": [
    2020,
    2020,
    2020,
    2020,
    2020,
    2020,
    2020,
    2020,
    2020,
    2020,
    2020,
    2020,
    2020,
    2020,
    2020,
    2020,
    2020,
    2020,
    2020,
    2020,
    2020,
    2020,
    2020,
    2020,
    2020,
    2020,
    2020,
    2020,
    2020,
    2020,
    2020,
    2020,
    2020,
    2020,
    2020,
    2020,
    2020,
    2020,
    2020,
    2020,
    2020,
    2020,
    2020,
    2020,
    2020,
    2020,
    2020,
    2020,
    2020,
    2020,
    2020,
    2020,
    2020,
    2020,
    2020,
    2020,
    2020,
    2020,
    2020,
    2020,
    2020,
    2020,
    2020,
    2020,
    2020,
    2020,
    2020,
    2020,
    2020,
    2020,
    2020,
    2020,
    2020,
    2020,
    2020,
    2020,
    2020,
    2020,
    2020,
    2020,
    2020,
    2020,
    2020,
    2020,
    2020,
    2020,
    2020,
    2020,
    2020,
    2020,
    2020,
    2020,
    2020,
    2020,
    2020,
    2020,
    2020,
    2020,
    2020,
    2020,
    2020,
    2020,
    2020,
    2020,
    2020,
    2020,
    2020,
    2020,
    2020,
    2020,
    2020,
    2020,
    2020,
    2020,
    2020,
    2020,
    2020,
    2020,
    2020,
    2020,
    2020,
    2020,
    2020,
    2020
  ],
  "entities": [
    273,
    16,
    17,
    21,
    275,
    23,
    24,
    27,
    28,
    4,
    32,
    34,
    35,
    37,
    39,
    40,
    42,
    43,
    44,
    172,
    171,
    170,
    168,
    166,
    143,
    165,
    163,
    162,
    161,
    160,
    201,
    65,
    259,
    156,
    158,
    276,
    155,
    3,
    153,
    152,
    6,
    150,
    149,
    147,
    457,
    144,
    138,
    137,
    136,
    135,
    134,
    2,
    133,
    8,
    14,
    130,
    131,
    129,
    379,
    126,
    125,
    122,
    124,
    119,
    461,
    460,
    116,
    115,
    212,
    213,
    113,
    111,
    112,
    215,
    110,
    142,
    108,
    107,
    5,
    106,
    105,
    103,
    294,
    66,
    102,
    277,
    98,
    97,
    96,
    11,
    95,
    92,
    12,
    90,
    89,
    88,
    85,
    83,
    81,
    295,
    127,
    9,
    141,
    10,
    7,
    198,
    76,
    64,
    75,
    71,
    70,
    68,
    67,
    72,
    1,
    13,
    459,
    63,
    62,
    238,
    84,
    355,
    60,
    80
  ]
}