{
  "values": [
    33.82105,
    27.8479,
    25.12785,
    23.511,
    18.06286,
    33.96246,
    4.49248,
    9.30862,
    5.86671,
    26.48602,
    21.41823,
    46.08204,
    10.26371,
    9.45906,
    4.69734,
    8.07553,
    5.08921,
    15.52478,
    27.34293,
    2.97274,
    3.18048,
    8.72071,
    8.98231,
    8.47968,
    4.07493,
    15.39244,
    25.89982,
    12.04686,
    20.29739,
    26.64476,
    5.97151,
    6.82248,
    13.65628,
    14.41335,
    43.18511,
    11.09804,
    5.24889,
    8.30708,
    43.31756,
    7.91091,
    15.61905,
    26.40497,
    5.32515,
    15.05957,
    10.70017,
    10.24317,
    8.66081,
    8.52644,
    31.33335,
    7.81471,
    15.68065,
    6.56028,
    5.49242,
    16.66243,
    5.41395,
    4.85327,
    10.13942,
    6.59341,
    15.96445,
    31.95064,
    2.37577,
    15.23553,
    9.60725,
    28.91601,
    17.93884,
    11.23828,
    1.66845,
    15.09578,
    6.00374,
    10.2354,
    10.74571,
    4.6469,
    3.98727,
    4.01277,
    4.72866,
    13.28368,
    7.93336,
    9.14697,
    13.12185,
    11.69631,
    17.68119,
    37.57456,
    2.33261,
    6.70472,
    12.65127,
    10.95524,
    5.24621,
    4.69171,
    4.59899,
    9.37973,
    11.81355,
    12.03438,
    5.63462,
    24.57666,
    8.89488,
    6.14334,
    6.07735,
    2.41821,
    12.96134,
    10.24256,
    7.19957,
    7.29824,
    8.87082,
    14.9622,
    7.89806,
    1.83958,
    1.68088,
    3.22581,
    5.49298,
    9.14803,
    5.70991,
    4.89433,
    6.83983,
    8.16532
  ],
  "years": [
    2007,
    2008,
    2009,
    2010,
    2010,
    2010,
    2011,
    2011,
    2011,
    2011,
    2012,
    2012,
    2012,
    2012,
    2013,
    2013,
    2013,
    2013,
    2013,
    2013,
    2013,
    2013,
    2013,
    2013,
    2014,
    2014,
    2014,
    2014,
    2014,
    2014,
    2014,
    2014,
    2014,
    2014,
    2014,
    2014,
    2014,
    2014,
    2014,
    2014,
    2014,
    2014,
    2015,
    2015,
    2015,
    2015,
    2015,
    2015,
    2015,
    2015,
    2015,
    2015,
    2015,
    2015,
    2015,
    2015,
    2015,
    2015,
    2015,
    2015,
    2015,
    2015,
    2015,
    2015,
    2015,
    2015,
    2015,
    2015,
    2015,
    2015,
    2015,
    2015,
    2015,
    2015,
    2015,
    2015,
    2015,
    2015,
    2015,
    2015,
    2015,
    2015,
    2015,
    2015,
    2015,
    2015,
    2015,
    2015,
    2015,
    2015,
    2015,
    2015,
    2015,
    2015,
    2015,
    2015,
    2015,
    2015,
    2016,
    2016,
    2016,
    2016,
    2016,
    2016,
    2016,
    2016,
    2016,
    2016,
    2016,
    2016,
    2016,
    2016,
    2016,
    2016
  ],
  "entities": [
    25,
    134,
    215,
    16,
    72,
    77,
    73,
    96,
    132,
    211,
    45,
    90,
    130,
    202,
    26,
    29,
    44,
    66,
    71,
    106,
    139,
    146,
    160,
    238,
    2,
    3,
    27,
    30,
    35,
    39,
    62,
    85,
    95,
    98,
    110,
    116,
    166,
    208,
    217,
    229,
    234,
    259,
    1,
    4,
    6,
    7,
    8,
    9,
    11,
    12,
    14,
    18,
    20,
    21,
    23,
    31,
    37,
    38,
    63,
    65,
    67,
    69,
    70,
    75,
    81,
    83,
    86,
    88,
    97,
    100,
    102,
    105,
    113,
    122,
    126,
    127,
    131,
    133,
    135,
    148,
    149,
    152,
    155,
    156,
    161,
    163,
    164,
    170,
    172,
    200,
    201,
    210,
    212,
    226,
    227,
    230,
    231,
    233,
    5,
    10,
    13,
    22,
    24,
    76,
    92,
    111,
    112,
    119,
    138,
    162,
    165,
    206,
    207,
    213
  ]
}