{
  "values": [
    23.9,
    31.5,
    20.3,
    7.8,
    10.1,
    7.7,
    8.8,
    17.4,
    4.5,
    4.9,
    9.700001,
    80.8,
    3.2,
    31.600002,
    36.1,
    14.5,
    7.7,
    11.5,
    16.9,
    8.7,
    9.5,
    46.1,
    10.400001,
    25.8,
    22.5,
    19.1,
    21.8,
    14.300001,
    18,
    3.8,
    82.3,
    10.599999,
    5.5,
    10.400001,
    30.8,
    25.8,
    38.5,
    36,
    44.9,
    22.300001,
    29.699999,
    13.9,
    15.800001,
    21.8,
    17.5,
    9.5,
    5.7999997,
    3.6,
    25.7,
    26.499998,
    4.4,
    15.2,
    12.4,
    17.4,
    7.8,
    31.400002,
    8.2,
    6,
    5,
    50.800003,
    3.9,
    11,
    4,
    22,
    4.9,
    50.1,
    24.6,
    39,
    26.1,
    8,
    7.6,
    16.5,
    18.5,
    10.599999,
    8,
    32.600002,
    7.7,
    41.100002,
    6.5,
    20.900002,
    27.4,
    11.599999,
    21.8,
    25,
    4.2,
    6.2,
    3.5,
    15.6,
    13.799999,
    34.3,
    7.7,
    21.3,
    22,
    25.6,
    8.2,
    12.9,
    5.4,
    17.1,
    127.4,
    59.100002,
    22.5,
    54.8,
    17.6,
    24.8,
    23.6,
    4.4,
    4,
    6,
    14.4,
    11.599999,
    58.8,
    14.5,
    13.7,
    8.2,
    9.6,
    23.3,
    10.9,
    25.400002,
    5,
    16,
    24.4,
    26.300001,
    22.2,
    7.8,
    21.9,
    10.400001,
    11.3,
    30.4,
    86.7,
    23.4,
    42.1,
    4.3,
    15.000001,
    25.3,
    5.7999997,
    7.2,
    20.900002,
    13.799999,
    20.7,
    17.6,
    5.1,
    4.6,
    16.2,
    28.400002,
    11.8,
    4.6,
    6.6,
    52.899998,
    19.699999,
    8.4,
    24.2,
    23,
    14.8,
    57.9,
    27.1,
    9,
    38.5,
    19.1,
    13.9,
    5.2000003,
    6.1,
    10.8,
    15.299999,
    42,
    12.8,
    31.7,
    36.5,
    144,
    17.3,
    36.199997,
    12.9,
    11.1,
    9.6,
    15.6,
    37.4,
    42.6,
    16.599998,
    9.4,
    12.9,
    25.099998,
    17.3,
    28.600002,
    21.199999,
    29.300001,
    75.5,
    10.599999
  ],
  "years": [
    2017,
    2017,
    2017,
    2017,
    2017,
    2017,
    2017,
    2017,
    2017,
    2017,
    2017,
    2017,
    2017,
    2017,
    2017,
    2017,
    2017,
    2017,
    2017,
    2017,
    2017,
    2017,
    2017,
    2017,
    2017,
    2017,
    2017,
    2017,
    2017,
    2017,
    2017,
    2017,
    2017,
    2017,
    2017,
    2017,
    2017,
    2017,
    2017,
    2017,
    2017,
    2017,
    2017,
    2017,
    2017,
    2017,
    2017,
    2017,
    2017,
    2017,
    2017,
    2017,
    2017,
    2017,
    2017,
    2017,
    2017,
    2017,
    2017,
    2017,
    2017,
    2017,
    2017,
    2017,
    2017,
    2017,
    2017,
    2017,
    2017,
    2017,
    2017,
    2017,
    2017,
    2017,
    2017,
    2017,
    2017,
    2017,
    2017,
    2017,
    2017,
    2017,
    2017,
    2017,
    2017,
    2017,
    2017,
    2017,
    2017,
    2017,
    2017,
    2017,
    2017,
    2017,
    2017,
    2017,
    2017,
    2017,
    2017,
    2017,
    2017,
    2017,
    2017,
    2017,
    2017,
    2017,
    2017,
    2017,
    2017,
    2017,
    2017,
    2017,
    2017,
    2017,
    2017,
    2017,
    2017,
    2017,
    2017,
    2017,
    2017,
    2017,
    2017,
    2017,
    2017,
    2017,
    2017,
    2017,
    2017,
    2017,
    2017,
    2017,
    2017,
    2017,
    2017,
    2017,
    2017,
    2017,
    2017,
    2017,
    2017,
    2017,
    2017,
    2017,
    2017,
    2017,
    2017,
    2017,
    2017,
    2017,
    2017,
    2017,
    2017,
    2017,
    2017,
    2017,
    2017,
    2017,
    2017,
    2017,
    2017,
    2017,
    2017,
    2017,
    2017,
    2017,
    2017,
    2017,
    2017,
    2017,
    2017,
    2017,
    2017,
    2017,
    2017,
    2017,
    2017,
    2017,
    2017,
    2017,
    2017,
    2017,
    2017,
    2017,
    2017,
    2017
  ],
  "entities": [
    219,
    19,
    228,
    16,
    72,
    21,
    22,
    20,
    23,
    24,
    25,
    41,
    4,
    32,
    40,
    28,
    39,
    27,
    26,
    35,
    30,
    31,
    194,
    34,
    201971,
    37,
    29,
    38,
    33,
    36,
    174,
    44,
    7,
    172,
    171,
    143,
    43,
    167,
    168,
    170,
    169,
    45,
    166,
    279,
    197,
    163,
    162,
    6,
    154,
    200,
    161,
    160,
    17,
    277954,
    277951,
    201,
    65,
    9,
    156,
    158,
    155,
    202,
    3,
    153,
    1,
    150,
    147,
    151,
    94,
    159,
    149,
    206,
    146,
    457,
    144,
    139,
    165,
    145,
    138,
    136,
    137,
    2,
    135,
    134,
    207,
    133,
    8,
    132,
    130,
    14,
    131,
    129,
    126,
    42,
    227,
    127,
    208,
    125,
    121,
    229,
    277948,
    461,
    141,
    460,
    123,
    119,
    210,
    122,
    110,
    111,
    118,
    211,
    278895,
    113,
    66,
    115,
    212,
    142,
    215,
    112,
    109,
    114,
    216,
    213,
    117,
    116,
    278896,
    108,
    104,
    103,
    105,
    5,
    102,
    107,
    106,
    217,
    101,
    100,
    97,
    96,
    11,
    95,
    98,
    140,
    226,
    92,
    12,
    91,
    277956,
    90,
    79,
    89,
    86,
    87,
    259,
    88,
    277950,
    232,
    234,
    85,
    83,
    10,
    78,
    281,
    233,
    236,
    173,
    74,
    75,
    76,
    73,
    71,
    70,
    198,
    64,
    68,
    459,
    63,
    13,
    230,
    196,
    84,
    355,
    81,
    60,
    80
  ]
}