{
  "values": [
    4.9,
    11.599999,
    4,
    3.2,
    4.3,
    3.6,
    5.5,
    3.5,
    6,
    10.8,
    5.1,
    6.6,
    12.9,
    34.3,
    7.8,
    12.4,
    31.5,
    17.4,
    7.7,
    8.8,
    4.5,
    4.9,
    9.700001,
    16.9,
    11.5,
    14.5,
    21.8,
    9.5,
    46.1,
    31.600002,
    18,
    25.8,
    8.7,
    3.8,
    19.1,
    14.300001,
    7.7,
    36.1,
    80.8,
    25.6,
    38.5,
    10.599999,
    13.9,
    75.5,
    9.4,
    37.4,
    8.2,
    9.6,
    42.6,
    9.6,
    11.1,
    10.1,
    12.9,
    144,
    17.3,
    36.199997,
    15.299999,
    24.2,
    10.599999,
    29.300001,
    6.1,
    28.600002,
    5.2000003,
    14.8,
    57.9,
    9,
    23,
    8.4,
    52.899998,
    4.6,
    26.1,
    4.6,
    17.6,
    20.7,
    16.2,
    13.799999,
    20.900002,
    15.000001,
    23.4,
    86.7,
    42.1,
    5.7999997,
    25.3,
    30.4,
    24.4,
    14.4,
    11.599999,
    16,
    8.2,
    26.300001,
    23.3,
    10.400001,
    21.9,
    58.8,
    4.4,
    127.4,
    6,
    23.6,
    17.1,
    22,
    12.9,
    21.3,
    13.799999,
    7.7,
    15.6,
    6.2,
    25,
    21.8,
    20.900002,
    27.4,
    6.5,
    32.600002,
    28.400002,
    17.6,
    25.400002,
    25.8,
    8,
    41.100002,
    18.5,
    24.6,
    7.6,
    50.1,
    39,
    22,
    25.7,
    3.9,
    5,
    50.800003,
    8,
    15.2,
    4.4,
    5.7999997,
    9.5,
    7.7,
    15.800001,
    36,
    44.9,
    29.699999,
    22.300001,
    30.8,
    10.400001,
    36.5,
    82.3,
    10.400001,
    17.3,
    17.5,
    15.6,
    26.499998,
    31.400002,
    11,
    16.5,
    4.2,
    5.4,
    4,
    14.5,
    10.9,
    7.8,
    5,
    22.2,
    7.2,
    23.9,
    11.8,
    8.2,
    20.3,
    59.100002,
    25.099998,
    19.1,
    12.8,
    13.9,
    31.7,
    27.1,
    21.8,
    42,
    21.199999,
    10.599999,
    16.599998,
    24.8,
    54.8,
    22.5,
    22.5,
    38.5,
    7.8,
    17.4,
    19.699999,
    13.7,
    11.3
  ],
  "years": [
    2017,
    2017,
    2017,
    2017,
    2017,
    2017,
    2017,
    2017,
    2017,
    2017,
    2017,
    2017,
    2017,
    2017,
    2017,
    2017,
    2017,
    2017,
    2017,
    2017,
    2017,
    2017,
    2017,
    2017,
    2017,
    2017,
    2017,
    2017,
    2017,
    2017,
    2017,
    2017,
    2017,
    2017,
    2017,
    2017,
    2017,
    2017,
    2017,
    2017,
    2017,
    2017,
    2017,
    2017,
    2017,
    2017,
    2017,
    2017,
    2017,
    2017,
    2017,
    2017,
    2017,
    2017,
    2017,
    2017,
    2017,
    2017,
    2017,
    2017,
    2017,
    2017,
    2017,
    2017,
    2017,
    2017,
    2017,
    2017,
    2017,
    2017,
    2017,
    2017,
    2017,
    2017,
    2017,
    2017,
    2017,
    2017,
    2017,
    2017,
    2017,
    2017,
    2017,
    2017,
    2017,
    2017,
    2017,
    2017,
    2017,
    2017,
    2017,
    2017,
    2017,
    2017,
    2017,
    2017,
    2017,
    2017,
    2017,
    2017,
    2017,
    2017,
    2017,
    2017,
    2017,
    2017,
    2017,
    2017,
    2017,
    2017,
    2017,
    2017,
    2017,
    2017,
    2017,
    2017,
    2017,
    2017,
    2017,
    2017,
    2017,
    2017,
    2017,
    2017,
    2017,
    2017,
    2017,
    2017,
    2017,
    2017,
    2017,
    2017,
    2017,
    2017,
    2017,
    2017,
    2017,
    2017,
    2017,
    2017,
    2017,
    2017,
    2017,
    2017,
    2017,
    2017,
    2017,
    2017,
    2017,
    2017,
    2017,
    2017,
    2017,
    2017,
    2017,
    2017,
    2017,
    2017,
    2017,
    2017,
    2017,
    2017,
    2017,
    2017,
    2017,
    2017,
    2017,
    2017,
    2017,
    2017,
    2017,
    2017,
    2017,
    2017,
    2017,
    2017,
    2017,
    2017,
    2017,
    2017,
    2017,
    2017,
    2017,
    2017,
    2017,
    2017
  ],
  "entities": [
    1,
    2,
    3,
    4,
    5,
    6,
    7,
    8,
    9,
    10,
    11,
    12,
    13,
    14,
    16,
    17,
    19,
    20,
    21,
    22,
    23,
    24,
    25,
    26,
    27,
    28,
    29,
    30,
    31,
    32,
    33,
    34,
    35,
    36,
    37,
    38,
    39,
    40,
    41,
    42,
    43,
    44,
    45,
    60,
    63,
    64,
    65,
    66,
    68,
    70,
    71,
    72,
    73,
    74,
    75,
    76,
    78,
    79,
    80,
    81,
    83,
    84,
    85,
    86,
    87,
    88,
    89,
    90,
    91,
    92,
    94,
    95,
    96,
    97,
    98,
    100,
    101,
    102,
    103,
    104,
    105,
    106,
    107,
    108,
    109,
    110,
    111,
    112,
    113,
    114,
    115,
    116,
    117,
    118,
    119,
    121,
    122,
    123,
    125,
    126,
    127,
    129,
    130,
    131,
    132,
    133,
    134,
    135,
    136,
    137,
    138,
    139,
    140,
    141,
    142,
    143,
    144,
    145,
    146,
    147,
    149,
    150,
    151,
    153,
    154,
    155,
    156,
    158,
    159,
    160,
    161,
    162,
    163,
    165,
    166,
    167,
    168,
    169,
    170,
    171,
    172,
    173,
    174,
    194,
    196,
    197,
    198,
    200,
    201,
    202,
    206,
    207,
    208,
    210,
    211,
    212,
    213,
    215,
    216,
    217,
    219,
    226,
    227,
    228,
    229,
    230,
    232,
    233,
    234,
    236,
    259,
    279,
    281,
    355,
    457,
    459,
    460,
    461,
    201971,
    277948,
    277950,
    277951,
    277954,
    277956,
    278895,
    278896
  ]
}