{
  "values": [
    4,
    9,
    4,
    4,
    4,
    5,
    6,
    4,
    6,
    4,
    5,
    6,
    32,
    8,
    14,
    44,
    18,
    8,
    6,
    5,
    10,
    13,
    12,
    9,
    25,
    25,
    15.000001,
    38,
    10,
    24,
    24,
    11,
    9,
    48,
    95,
    33,
    37,
    11,
    17,
    90,
    38,
    10,
    112,
    10,
    9,
    76,
    10,
    10,
    10,
    13,
    64,
    19,
    36,
    58,
    19,
    20,
    25,
    91,
    6,
    28,
    5,
    13,
    0,
    11,
    29,
    3,
    57,
    5,
    36,
    5,
    22,
    19,
    11,
    13,
    19,
    12,
    51,
    58.999996,
    54.000004,
    7,
    19,
    37,
    66,
    17,
    14,
    12,
    9,
    29,
    30.000002,
    9,
    42,
    58,
    5,
    1,
    8,
    44,
    18,
    38,
    17,
    11,
    29,
    26,
    8,
    16,
    5,
    27.000002,
    26,
    21,
    9,
    37,
    8,
    15.000001,
    26,
    12,
    13,
    41,
    18,
    7,
    29,
    47,
    25,
    22,
    4,
    5,
    36,
    19,
    14,
    4,
    6,
    11,
    9,
    18,
    64,
    50,
    32,
    18,
    23,
    9,
    48,
    82,
    19,
    12,
    13,
    21,
    20,
    20,
    14,
    18,
    5,
    7,
    4,
    8,
    11,
    11,
    6,
    5,
    20,
    18,
    13,
    17,
    20,
    20,
    44,
    13,
    26,
    27.000002,
    19,
    22,
    10,
    16,
    31,
    50,
    19,
    42,
    8,
    19,
    15.000001,
    16,
    12
  ],
  "years": [
    2021,
    2021,
    2021,
    2021,
    2021,
    2021,
    2021,
    2021,
    2021,
    2021,
    2021,
    2021,
    2021,
    2021,
    2021,
    2021,
    2021,
    2021,
    2021,
    2021,
    2021,
    2021,
    2021,
    2021,
    2021,
    2021,
    2021,
    2021,
    2021,
    2021,
    2021,
    2021,
    2021,
    2021,
    2021,
    2021,
    2021,
    2021,
    2021,
    2021,
    2021,
    2021,
    2021,
    2021,
    2021,
    2021,
    2021,
    2021,
    2021,
    2021,
    2021,
    2021,
    2021,
    2021,
    2021,
    2021,
    2021,
    2021,
    2021,
    2021,
    2021,
    2021,
    2021,
    2021,
    2021,
    2021,
    2021,
    2021,
    2021,
    2021,
    2021,
    2021,
    2021,
    2021,
    2021,
    2021,
    2021,
    2021,
    2021,
    2021,
    2021,
    2021,
    2021,
    2021,
    2021,
    2021,
    2021,
    2021,
    2021,
    2021,
    2021,
    2021,
    2021,
    2021,
    2021,
    2021,
    2021,
    2021,
    2021,
    2021,
    2021,
    2021,
    2021,
    2021,
    2021,
    2021,
    2021,
    2021,
    2021,
    2021,
    2021,
    2021,
    2021,
    2021,
    2021,
    2021,
    2021,
    2021,
    2021,
    2021,
    2021,
    2021,
    2021,
    2021,
    2021,
    2021,
    2021,
    2021,
    2021,
    2021,
    2021,
    2021,
    2021,
    2021,
    2021,
    2021,
    2021,
    2021,
    2021,
    2021,
    2021,
    2021,
    2021,
    2021,
    2021,
    2021,
    2021,
    2021,
    2021,
    2021,
    2021,
    2021,
    2021,
    2021,
    2021,
    2021,
    2021,
    2021,
    2021,
    2021,
    2021,
    2021,
    2021,
    2021,
    2021,
    2021,
    2021,
    2021,
    2021,
    2021,
    2021,
    2021,
    2021,
    2021,
    2021,
    2021,
    2021,
    2021,
    2021
  ],
  "entities": [
    1,
    2,
    3,
    4,
    5,
    6,
    7,
    8,
    9,
    10,
    11,
    13,
    14,
    16,
    17,
    19,
    20,
    22,
    23,
    24,
    25,
    27,
    28,
    30,
    31,
    32,
    33,
    34,
    35,
    36,
    37,
    38,
    39,
    40,
    41,
    42,
    43,
    44,
    45,
    60,
    62,
    63,
    64,
    65,
    66,
    68,
    70,
    71,
    72,
    73,
    74,
    75,
    76,
    77,
    78,
    79,
    81,
    82,
    83,
    84,
    85,
    86,
    87,
    88,
    89,
    90,
    91,
    92,
    94,
    95,
    96,
    97,
    98,
    100,
    101,
    102,
    103,
    104,
    105,
    106,
    107,
    108,
    109,
    110,
    111,
    112,
    113,
    114,
    115,
    116,
    117,
    118,
    119,
    121,
    122,
    123,
    124,
    125,
    126,
    127,
    129,
    130,
    131,
    132,
    133,
    134,
    136,
    137,
    138,
    139,
    140,
    141,
    143,
    144,
    146,
    147,
    148,
    149,
    150,
    151,
    153,
    154,
    155,
    156,
    158,
    159,
    160,
    161,
    162,
    163,
    165,
    166,
    167,
    168,
    169,
    170,
    171,
    172,
    173,
    174,
    194,
    196,
    197,
    198,
    200,
    201,
    202,
    206,
    207,
    208,
    210,
    211,
    212,
    213,
    215,
    217,
    219,
    226,
    227,
    229,
    230,
    232,
    233,
    234,
    258,
    259,
    279,
    355,
    457,
    459,
    460,
    461,
    277948,
    277950,
    277951,
    277954,
    277956,
    278895,
    278896
  ]
}