{
  "values": [
    8,
    14,
    44,
    18,
    8,
    20,
    6,
    5,
    10,
    13,
    12,
    9,
    4,
    25,
    25,
    19,
    15.000001,
    38,
    10,
    24,
    24,
    12,
    11,
    9,
    48,
    95,
    33,
    37,
    11,
    17,
    13,
    82,
    48,
    9,
    23,
    18,
    32,
    50,
    18,
    26,
    9,
    19,
    11,
    6,
    64,
    4,
    22,
    20,
    14,
    19,
    20,
    10,
    27.000002,
    19,
    5,
    19,
    36,
    8,
    14,
    4,
    4,
    25,
    47,
    5,
    29,
    7,
    18,
    18,
    41,
    36,
    13,
    10,
    37,
    12,
    9,
    5,
    21,
    26,
    27.000002,
    9,
    5,
    4,
    16,
    32,
    26,
    8,
    29,
    7,
    17,
    38,
    19,
    8,
    18,
    44,
    1,
    5,
    50,
    31,
    4,
    58,
    42,
    9,
    8,
    30.000002,
    11,
    29,
    11,
    9,
    16,
    14,
    12,
    6,
    17,
    66,
    37,
    19,
    4,
    7,
    54.000004,
    58.999996,
    51,
    12,
    9,
    12,
    5,
    19,
    8,
    13,
    11,
    19,
    22,
    5,
    5,
    18,
    5,
    57,
    13,
    17,
    20,
    20,
    3,
    29,
    11,
    44,
    0,
    13,
    5,
    6,
    91,
    25,
    15.000001,
    11,
    26,
    6,
    15.000001,
    42,
    20,
    13,
    4,
    6,
    58,
    21,
    36,
    112,
    19,
    64,
    13,
    10,
    10,
    76,
    10,
    4,
    6,
    16,
    10,
    38,
    28,
    22,
    90
  ],
  "years": [
    2021,
    2021,
    2021,
    2021,
    2021,
    2021,
    2021,
    2021,
    2021,
    2021,
    2021,
    2021,
    2021,
    2021,
    2021,
    2021,
    2021,
    2021,
    2021,
    2021,
    2021,
    2021,
    2021,
    2021,
    2021,
    2021,
    2021,
    2021,
    2021,
    2021,
    2021,
    2021,
    2021,
    2021,
    2021,
    2021,
    2021,
    2021,
    2021,
    2021,
    2021,
    2021,
    2021,
    2021,
    2021,
    2021,
    2021,
    2021,
    2021,
    2021,
    2021,
    2021,
    2021,
    2021,
    2021,
    2021,
    2021,
    2021,
    2021,
    2021,
    2021,
    2021,
    2021,
    2021,
    2021,
    2021,
    2021,
    2021,
    2021,
    2021,
    2021,
    2021,
    2021,
    2021,
    2021,
    2021,
    2021,
    2021,
    2021,
    2021,
    2021,
    2021,
    2021,
    2021,
    2021,
    2021,
    2021,
    2021,
    2021,
    2021,
    2021,
    2021,
    2021,
    2021,
    2021,
    2021,
    2021,
    2021,
    2021,
    2021,
    2021,
    2021,
    2021,
    2021,
    2021,
    2021,
    2021,
    2021,
    2021,
    2021,
    2021,
    2021,
    2021,
    2021,
    2021,
    2021,
    2021,
    2021,
    2021,
    2021,
    2021,
    2021,
    2021,
    2021,
    2021,
    2021,
    2021,
    2021,
    2021,
    2021,
    2021,
    2021,
    2021,
    2021,
    2021,
    2021,
    2021,
    2021,
    2021,
    2021,
    2021,
    2021,
    2021,
    2021,
    2021,
    2021,
    2021,
    2021,
    2021,
    2021,
    2021,
    2021,
    2021,
    2021,
    2021,
    2021,
    2021,
    2021,
    2021,
    2021,
    2021,
    2021,
    2021,
    2021,
    2021,
    2021,
    2021,
    2021,
    2021,
    2021,
    2021,
    2021,
    2021,
    2021,
    2021,
    2021,
    2021,
    2021,
    2021
  ],
  "entities": [
    16,
    17,
    19,
    20,
    22,
    219,
    23,
    24,
    25,
    27,
    28,
    30,
    4,
    31,
    32,
    194,
    33,
    34,
    35,
    36,
    37,
    196,
    38,
    39,
    40,
    41,
    42,
    43,
    44,
    45,
    197,
    174,
    173,
    172,
    171,
    170,
    169,
    168,
    166,
    143,
    165,
    279,
    163,
    162,
    167,
    161,
    154,
    200,
    160,
    277954,
    201,
    65,
    259,
    159,
    156,
    78,
    158,
    277951,
    202,
    155,
    3,
    153,
    151,
    6,
    150,
    149,
    206,
    148,
    147,
    94,
    146,
    457,
    139,
    144,
    138,
    207,
    137,
    136,
    134,
    2,
    133,
    8,
    132,
    14,
    130,
    131,
    129,
    208,
    126,
    125,
    277948,
    122,
    124,
    123,
    121,
    119,
    461,
    460,
    210,
    118,
    117,
    116,
    211,
    115,
    212,
    114,
    213,
    113,
    278895,
    111,
    112,
    215,
    110,
    109,
    108,
    107,
    5,
    106,
    105,
    104,
    103,
    278896,
    66,
    102,
    217,
    101,
    140,
    100,
    98,
    97,
    96,
    11,
    95,
    226,
    92,
    91,
    227,
    229,
    230,
    232,
    90,
    89,
    88,
    233,
    87,
    86,
    85,
    83,
    82,
    81,
    277956,
    127,
    258,
    9,
    141,
    277950,
    79,
    234,
    10,
    7,
    77,
    198,
    76,
    64,
    75,
    74,
    73,
    71,
    70,
    68,
    72,
    1,
    13,
    459,
    63,
    62,
    84,
    355,
    60
  ]
}