{
  "values": [
    69.099998,
    68.5,
    68.199997,
    68.199997,
    68.300003,
    68,
    67.599998,
    67.900002,
    68.800003,
    69.400002,
    69.800003,
    68.989998,
    68.82,
    69.419998,
    69.050003,
    68.459999,
    68.839996,
    68.919998,
    68.330002,
    69.309998,
    69.459999,
    69.080002,
    69.270004,
    69.25,
    69.300003,
    69.5,
    69.389999,
    69.040001,
    68.900002,
    68.989998,
    70.660004,
    70.400002,
    71.080002,
    70.370003,
    70,
    70.209999,
    70.059998,
    69.660004,
    70.150002,
    69.540001,
    69.559998,
    69.979996,
    70.160004,
    70.239998,
    70.309998,
    70.029999,
    70.139999,
    69.589996,
    69.849998,
    70.529999,
    70.5,
    70.370003,
    70.660004,
    70.849998,
    70.589996,
    71.020004,
    71.160004,
    71.489998,
    71.229996,
    71.360001,
    71.559998,
    71.629997,
    71.669998,
    71.779999,
    71.800003,
    72.279999,
    72.199997,
    72.160004,
    71.919998,
    72.040001,
    72.160004,
    71.989998,
    72.260002,
    72.080002,
    71.849998,
    72.099998,
    72.020004,
    71.93,
    72.129997,
    71.860001,
    72.129997,
    72.270004,
    72.400002,
    72.339996,
    72.529999,
    72.940002,
    73.279999,
    73.419998,
    73.690002,
    73.800003,
    74.139999,
    74.059998,
    74.32,
    74.620003,
    74.57,
    74.709999,
    74.720001,
    74.919998,
    74.989998,
    75.120003,
    75.43,
    75.639999,
    75.82,
    76.010002,
    75.900002,
    76.07,
    76.169998,
    76.349998,
    76.589996,
    76.75,
    76.809998,
    77,
    77.160004,
    77.25,
    77.419998,
    77.800003,
    77.839996,
    78.139999,
    78.369995,
    78.400002,
    78.699997,
    78.82,
    78.910004,
    78.990005,
    78.990005,
    79.040001
  ],
  "years": [
    1790,
    1800,
    1810,
    1820,
    1830,
    1840,
    1850,
    1860,
    1870,
    1880,
    1890,
    1900,
    1901,
    1902,
    1903,
    1904,
    1905,
    1906,
    1907,
    1908,
    1909,
    1910,
    1911,
    1912,
    1913,
    1914,
    1915,
    1916,
    1917,
    1918,
    1919,
    1920,
    1921,
    1922,
    1923,
    1924,
    1925,
    1926,
    1927,
    1928,
    1929,
    1930,
    1931,
    1932,
    1933,
    1934,
    1935,
    1936,
    1937,
    1938,
    1939,
    1940,
    1941,
    1942,
    1943,
    1944,
    1945,
    1946,
    1947,
    1948,
    1949,
    1950,
    1951,
    1952,
    1953,
    1954,
    1955,
    1956,
    1957,
    1958,
    1959,
    1960,
    1961,
    1962,
    1963,
    1964,
    1965,
    1966,
    1967,
    1968,
    1969,
    1970,
    1971,
    1972,
    1973,
    1974,
    1975,
    1976,
    1977,
    1978,
    1979,
    1980,
    1981,
    1982,
    1983,
    1984,
    1985,
    1986,
    1987,
    1988,
    1989,
    1990,
    1991,
    1992,
    1993,
    1994,
    1995,
    1996,
    1997,
    1998,
    1999,
    2000,
    2001,
    2002,
    2003,
    2004,
    2005,
    2006,
    2007,
    2008,
    2009,
    2010,
    2011,
    2012,
    2013,
    2014
  ],
  "entities": [
    13,
    13,
    13,
    13,
    13,
    13,
    13,
    13,
    13,
    13,
    13,
    13,
    13,
    13,
    13,
    13,
    13,
    13,
    13,
    13,
    13,
    13,
    13,
    13,
    13,
    13,
    13,
    13,
    13,
    13,
    13,
    13,
    13,
    13,
    13,
    13,
    13,
    13,
    13,
    13,
    13,
    13,
    13,
    13,
    13,
    13,
    13,
    13,
    13,
    13,
    13,
    13,
    13,
    13,
    13,
    13,
    13,
    13,
    13,
    13,
    13,
    13,
    13,
    13,
    13,
    13,
    13,
    13,
    13,
    13,
    13,
    13,
    13,
    13,
    13,
    13,
    13,
    13,
    13,
    13,
    13,
    13,
    13,
    13,
    13,
    13,
    13,
    13,
    13,
    13,
    13,
    13,
    13,
    13,
    13,
    13,
    13,
    13,
    13,
    13,
    13,
    13,
    13,
    13,
    13,
    13,
    13,
    13,
    13,
    13,
    13,
    13,
    13,
    13,
    13,
    13,
    13,
    13,
    13,
    13,
    13,
    13,
    13,
    13,
    13,
    13
  ]
}