{
  "values": [
    52,
    20.04024,
    6.93539,
    8.843485,
    29.68733,
    21.5287,
    20.00711,
    23.6956,
    20.28507,
    25.24669,
    34.82763,
    16.24394,
    36.66014,
    27.89337,
    47.3569,
    45,
    18.90203,
    11.38603,
    52.51323,
    42.46691,
    48.00811,
    38.85191,
    63.38373,
    29.78807,
    14.33916,
    20.73333,
    17.68379,
    25.95871,
    30.33333,
    42.1797,
    12.99258,
    16.55825,
    54.10691,
    46.64918,
    28.07052,
    48.0526,
    15.2,
    38.25564,
    18.94053,
    36.80726,
    19.07601,
    43.982,
    47.75,
    5.018248,
    6.467458,
    45.86757,
    54.33334,
    18.16834,
    47.12202,
    20.53333,
    35.91666,
    61.46369,
    22.48127,
    38.30769,
    52.67275,
    34.23077,
    43.5,
    21.41491,
    41.33333,
    23.5,
    16.29857,
    6.57203,
    19.38169,
    41.75048,
    13.17073,
    26.29474,
    28.7,
    20.08308,
    26.561,
    41.23494,
    23.94401,
    21.97724,
    66.90392,
    21.22748,
    34.46992,
    16.89692,
    20.93329,
    40.7432,
    20.75966,
    15.98361,
    17.46478,
    26.22951,
    26.37979,
    37.13189,
    24.06061,
    13.36541,
    20.01386,
    11.96602,
    16.75504,
    12.48928,
    18.7803,
    7.670621,
    28.36003,
    21.19187,
    5.606258,
    24.01639,
    36.13501,
    48.04805,
    52.61411,
    33.35522,
    29.0341,
    19.62266,
    20.07303,
    18.98758,
    19.09752,
    22.3,
    37,
    24.93333,
    22.97388,
    47.8,
    28.97196,
    43.37495
  ],
  "years": [
    2014,
    2010,
    2010,
    2014,
    2014,
    2010,
    2014,
    2014,
    2014,
    2010,
    2014,
    2010,
    2010,
    2010,
    2010,
    2014,
    2010,
    2014,
    2014,
    2010,
    2014,
    2014,
    2010,
    2014,
    2014,
    2010,
    2010,
    2010,
    2010,
    2014,
    2010,
    2014,
    2010,
    2014,
    2010,
    2014,
    2014,
    2010,
    2010,
    2014,
    2010,
    2010,
    2014,
    2010,
    2014,
    2010,
    2014,
    2014,
    2014,
    2014,
    2014,
    2014,
    2010,
    2014,
    2010,
    2010,
    2014,
    2010,
    2010,
    2014,
    2010,
    2014,
    2014,
    2014,
    2010,
    2014,
    2014,
    2010,
    2014,
    2014,
    2010,
    2014,
    2014,
    2010,
    2014,
    2010,
    2014,
    2010,
    2014,
    2010,
    2014,
    2010,
    2014,
    2010,
    2014,
    2010,
    2014,
    2010,
    2014,
    2010,
    2014,
    2010,
    2010,
    2014,
    2010,
    2014,
    2010,
    2014,
    2014,
    2010,
    2014,
    2010,
    2014,
    2010,
    2014,
    2010,
    2014,
    2014,
    2010,
    2014,
    2010,
    2014
  ],
  "entities": [
    17,
    18,
    21,
    21,
    22,
    23,
    23,
    25,
    30,
    37,
    37,
    39,
    40,
    44,
    172,
    172,
    171,
    171,
    170,
    163,
    163,
    201,
    65,
    65,
    156,
    158,
    155,
    3,
    152,
    152,
    6,
    6,
    150,
    150,
    1,
    145,
    144,
    138,
    137,
    137,
    136,
    135,
    134,
    14,
    14,
    130,
    130,
    131,
    208,
    126,
    124,
    120,
    116,
    116,
    115,
    113,
    113,
    111,
    110,
    110,
    5,
    5,
    106,
    103,
    102,
    101,
    140,
    97,
    97,
    96,
    11,
    11,
    226,
    92,
    92,
    12,
    12,
    91,
    91,
    88,
    86,
    83,
    83,
    81,
    81,
    127,
    127,
    9,
    9,
    10,
    10,
    7,
    198,
    198,
    75,
    75,
    73,
    73,
    71,
    70,
    70,
    67,
    67,
    13,
    13,
    63,
    63,
    62,
    84,
    61,
    60,
    80
  ]
}