{
  "values": [
    3.166667,
    3.877604,
    20.23107,
    15.32341,
    3.922478,
    7.93048,
    8.740975,
    6.094192,
    10.60365,
    4.807177,
    3.600471,
    8.724296,
    3.392042,
    6.836472,
    5.488276,
    1.9,
    5.935128,
    6.038311,
    2.71164,
    2.391422,
    3.617279,
    2.745424,
    1.629356,
    4.302683,
    8.572543,
    12.66667,
    8.002305,
    7.642764,
    3.733333,
    3.74376,
    14.11322,
    15.9384,
    1.760104,
    1.207071,
    6.701402,
    4.704097,
    5.7,
    1.742626,
    9.495253,
    12.72683,
    4.669647,
    2.512186,
    2.166667,
    14.78102,
    12.68932,
    1.914139,
    2.416667,
    7.728606,
    4.221028,
    5.933333,
    4.5,
    2.756657,
    4.329725,
    5,
    1.564537,
    3.846154,
    2.1,
    7.07457,
    2.166667,
    3.416667,
    16.28362,
    13.77497,
    11.05826,
    2.30713,
    15.90244,
    6.322566,
    4.4,
    7.375889,
    4.697668,
    3.794128,
    4.19997,
    4.389031,
    2.110672,
    2.646396,
    3.039005,
    12.14179,
    0,
    2.65428,
    5.370007,
    10.4918,
    5.313196,
    6.171649,
    5.425631,
    1.727985,
    3.670695,
    9.079339,
    7.25333,
    10.01086,
    6.059406,
    10.43949,
    9.836601,
    22.61345,
    2.05386,
    3.774585,
    11.01695,
    4.95369,
    4.871964,
    4.004004,
    1.825726,
    2.642427,
    2.617239,
    6.242365,
    9.065246,
    9.611892,
    6.233675,
    6.4,
    3,
    9.4,
    2.143336,
    2.6,
    5.273698,
    2.510583
  ],
  "years": [
    2014,
    2010,
    2010,
    2014,
    2014,
    2010,
    2014,
    2014,
    2014,
    2010,
    2014,
    2010,
    2010,
    2010,
    2010,
    2014,
    2010,
    2014,
    2014,
    2010,
    2014,
    2014,
    2010,
    2014,
    2014,
    2010,
    2010,
    2010,
    2010,
    2014,
    2010,
    2014,
    2010,
    2014,
    2010,
    2014,
    2014,
    2010,
    2010,
    2014,
    2010,
    2010,
    2014,
    2010,
    2014,
    2010,
    2014,
    2014,
    2014,
    2014,
    2014,
    2014,
    2010,
    2014,
    2010,
    2010,
    2014,
    2010,
    2010,
    2014,
    2010,
    2014,
    2014,
    2014,
    2010,
    2014,
    2014,
    2010,
    2014,
    2014,
    2010,
    2014,
    2014,
    2010,
    2014,
    2010,
    2014,
    2010,
    2014,
    2010,
    2014,
    2010,
    2014,
    2010,
    2014,
    2010,
    2014,
    2010,
    2014,
    2010,
    2014,
    2010,
    2010,
    2014,
    2010,
    2014,
    2010,
    2014,
    2014,
    2010,
    2014,
    2010,
    2014,
    2010,
    2014,
    2010,
    2014,
    2014,
    2010,
    2014,
    2010,
    2014
  ],
  "entities": [
    17,
    18,
    21,
    21,
    22,
    23,
    23,
    25,
    30,
    37,
    37,
    39,
    40,
    44,
    172,
    172,
    171,
    171,
    170,
    163,
    163,
    201,
    65,
    65,
    156,
    158,
    155,
    3,
    152,
    152,
    6,
    6,
    150,
    150,
    1,
    145,
    144,
    138,
    137,
    137,
    136,
    135,
    134,
    14,
    14,
    130,
    130,
    131,
    208,
    126,
    124,
    120,
    116,
    116,
    115,
    113,
    113,
    111,
    110,
    110,
    5,
    5,
    106,
    103,
    102,
    101,
    140,
    97,
    97,
    96,
    11,
    11,
    226,
    92,
    92,
    12,
    12,
    91,
    91,
    88,
    86,
    83,
    83,
    81,
    81,
    127,
    127,
    9,
    9,
    10,
    10,
    7,
    198,
    198,
    75,
    75,
    73,
    73,
    71,
    70,
    70,
    67,
    67,
    13,
    13,
    63,
    63,
    62,
    84,
    61,
    60,
    80
  ]
}