{
  "values": [
    1.916667,
    3.069861,
    9.412256,
    12.25088,
    1.199571,
    2.21226,
    2.52967,
    3.583697,
    2.913579,
    2.254126,
    1.190502,
    3.871633,
    2.152642,
    1.573431,
    1.358496,
    1.1,
    1.825295,
    1.386537,
    1.653439,
    1.017298,
    1.377883,
    2.329451,
    1.312307,
    0.6035126,
    1.513783,
    2.4,
    1.281803,
    2.757082,
    1.066667,
    0.9983361,
    3.840276,
    5.40026,
    0.2607562,
    0.702778,
    0.9887409,
    5.361659,
    1.4,
    0.38896,
    4.247876,
    7.5282,
    1.043219,
    0.9373828,
    0.5,
    2.645985,
    2.455997,
    0,
    0.4166667,
    3.45067,
    1.381428,
    3.933333,
    1.583333,
    0.593061,
    0.6661116,
    1.153846,
    0.7822686,
    4.48718,
    3.8,
    3.250478,
    0.5,
    0.5833333,
    2.823698,
    2.471083,
    1.902497,
    0.8585221,
    3.121951,
    2.458595,
    1.5,
    3.428437,
    1.632266,
    1.113381,
    1.236105,
    0.9337553,
    0.365924,
    1.632883,
    2.009663,
    5.057749,
    0,
    0.66357,
    0.7203667,
    1.557377,
    1.183115,
    2.507232,
    1.590271,
    0.372353,
    1.8857,
    5.823889,
    4.088059,
    3.03963,
    1.317512,
    2.782972,
    2.596902,
    9.014248,
    0.4453252,
    0.6842629,
    1.043025,
    2.859406,
    1.360003,
    0.6006006,
    1.493776,
    0.6954918,
    0.2157586,
    2.769242,
    2.480536,
    3.298717,
    1.723064,
    3.9,
    1.5,
    6.133333,
    0.7367716,
    1.6,
    1.802403,
    0.6507403
  ],
  "years": [
    2014,
    2010,
    2010,
    2014,
    2014,
    2010,
    2014,
    2014,
    2014,
    2010,
    2014,
    2010,
    2010,
    2010,
    2010,
    2014,
    2010,
    2014,
    2014,
    2010,
    2014,
    2014,
    2010,
    2014,
    2014,
    2010,
    2010,
    2010,
    2010,
    2014,
    2010,
    2014,
    2010,
    2014,
    2010,
    2014,
    2014,
    2010,
    2010,
    2014,
    2010,
    2010,
    2014,
    2010,
    2014,
    2010,
    2014,
    2014,
    2014,
    2014,
    2014,
    2014,
    2010,
    2014,
    2010,
    2010,
    2014,
    2010,
    2010,
    2014,
    2010,
    2014,
    2014,
    2014,
    2010,
    2014,
    2014,
    2010,
    2014,
    2014,
    2010,
    2014,
    2014,
    2010,
    2014,
    2010,
    2014,
    2010,
    2014,
    2010,
    2014,
    2010,
    2014,
    2010,
    2014,
    2010,
    2014,
    2010,
    2014,
    2010,
    2014,
    2010,
    2010,
    2014,
    2010,
    2014,
    2010,
    2014,
    2014,
    2010,
    2014,
    2010,
    2014,
    2010,
    2014,
    2010,
    2014,
    2014,
    2010,
    2014,
    2010,
    2014
  ],
  "entities": [
    17,
    18,
    21,
    21,
    22,
    23,
    23,
    25,
    30,
    37,
    37,
    39,
    40,
    44,
    172,
    172,
    171,
    171,
    170,
    163,
    163,
    201,
    65,
    65,
    156,
    158,
    155,
    3,
    152,
    152,
    6,
    6,
    150,
    150,
    1,
    145,
    144,
    138,
    137,
    137,
    136,
    135,
    134,
    14,
    14,
    130,
    130,
    131,
    208,
    126,
    124,
    120,
    116,
    116,
    115,
    113,
    113,
    111,
    110,
    110,
    5,
    5,
    106,
    103,
    102,
    101,
    140,
    97,
    97,
    96,
    11,
    11,
    226,
    92,
    92,
    12,
    12,
    91,
    91,
    88,
    86,
    83,
    83,
    81,
    81,
    127,
    127,
    9,
    9,
    10,
    10,
    7,
    198,
    198,
    75,
    75,
    73,
    73,
    71,
    70,
    70,
    67,
    67,
    13,
    13,
    63,
    63,
    62,
    84,
    61,
    60,
    80
  ]
}