{
  "values": [
    21.5,
    48.04515,
    20.6132,
    19.13124,
    44.89796,
    30.68545,
    29.48782,
    19.98844,
    26.01921,
    52.27444,
    47.48404,
    30.02048,
    31.11546,
    33.73678,
    26.87627,
    22.3,
    46.20791,
    35.58925,
    28.04233,
    31.43502,
    27.83798,
    31.03161,
    18.20014,
    28.38775,
    29.37001,
    25.4,
    33.60923,
    31.72602,
    39.6,
    36.60566,
    24.03416,
    23.54719,
    32.26858,
    35.83657,
    36.29043,
    21.14315,
    39.7,
    39.69952,
    20.5897,
    0,
    41.67909,
    35.73303,
    33.5,
    13.86861,
    16.41424,
    36.71485,
    28.66667,
    28.59989,
    21.64236,
    29.66667,
    31,
    20.36081,
    33.05579,
    33.61538,
    27.18383,
    33.39744,
    31.75,
    30.78394,
    27.33333,
    37.16667,
    23.13339,
    24.60568,
    25.92152,
    29.81238,
    25.36585,
    28.86463,
    31.9,
    30.69469,
    28.23761,
    37.26841,
    42.65281,
    45.238,
    26.73132,
    27.30856,
    24.92949,
    25.66187,
    33.67421,
    35.10285,
    28.0943,
    24.09836,
    37.71786,
    33.75121,
    41.15997,
    38.54741,
    30.3589,
    23.19686,
    23.72478,
    31.83691,
    31.9831,
    31.70006,
    30.17177,
    18.64535,
    45.43477,
    43.55456,
    26.33637,
    30.6115,
    42.49966,
    34.03403,
    20.99585,
    39.74746,
    38.26561,
    32.59095,
    26.39401,
    28.14417,
    28.57034,
    30.3,
    32.5,
    24.53333,
    41.86202,
    34.2,
    29.10547,
    30.93378
  ],
  "years": [
    2014,
    2010,
    2010,
    2014,
    2014,
    2010,
    2014,
    2014,
    2014,
    2010,
    2014,
    2010,
    2010,
    2010,
    2010,
    2014,
    2010,
    2014,
    2014,
    2010,
    2014,
    2014,
    2010,
    2014,
    2014,
    2010,
    2010,
    2010,
    2010,
    2014,
    2010,
    2014,
    2010,
    2014,
    2010,
    2014,
    2014,
    2010,
    2010,
    2014,
    2010,
    2010,
    2014,
    2010,
    2014,
    2010,
    2014,
    2014,
    2014,
    2014,
    2014,
    2014,
    2010,
    2014,
    2010,
    2010,
    2014,
    2010,
    2010,
    2014,
    2010,
    2014,
    2014,
    2014,
    2010,
    2014,
    2014,
    2010,
    2014,
    2014,
    2010,
    2014,
    2014,
    2010,
    2014,
    2010,
    2014,
    2010,
    2014,
    2010,
    2014,
    2010,
    2014,
    2010,
    2014,
    2010,
    2014,
    2010,
    2014,
    2010,
    2014,
    2010,
    2010,
    2014,
    2010,
    2014,
    2010,
    2014,
    2014,
    2010,
    2014,
    2010,
    2014,
    2010,
    2014,
    2010,
    2014,
    2014,
    2010,
    2014,
    2010,
    2014
  ],
  "entities": [
    17,
    18,
    21,
    21,
    22,
    23,
    23,
    25,
    30,
    37,
    37,
    39,
    40,
    44,
    172,
    172,
    171,
    171,
    170,
    163,
    163,
    201,
    65,
    65,
    156,
    158,
    155,
    3,
    152,
    152,
    6,
    6,
    150,
    150,
    1,
    145,
    144,
    138,
    137,
    137,
    136,
    135,
    134,
    14,
    14,
    130,
    130,
    131,
    208,
    126,
    124,
    120,
    116,
    116,
    115,
    113,
    113,
    111,
    110,
    110,
    5,
    5,
    106,
    103,
    102,
    101,
    140,
    97,
    97,
    96,
    11,
    11,
    226,
    92,
    92,
    12,
    12,
    91,
    91,
    88,
    86,
    83,
    83,
    81,
    81,
    127,
    127,
    9,
    9,
    10,
    10,
    7,
    198,
    198,
    75,
    75,
    73,
    73,
    71,
    70,
    70,
    67,
    67,
    13,
    13,
    63,
    63,
    62,
    84,
    61,
    60,
    80
  ]
}