{
  "values": [
    3.583333,
    6.742091,
    21.18865,
    19.5541,
    5.238459,
    14.57865,
    15.02647,
    19.2407,
    16.83344,
    3.588548,
    2.77886,
    14.8037,
    6.914546,
    10.67516,
    0,
    6,
    7.267691,
    13.01205,
    5.68783,
    5.800142,
    6.721368,
    7.903494,
    4.762251,
    10.78823,
    17.69792,
    15.6,
    13.02034,
    11.53593,
    5.466667,
    4.076539,
    19.94772,
    16.93875,
    3.194263,
    3.220067,
    9.852827,
    7.233181,
    10.7,
    5.388784,
    10.69465,
    0,
    11.62444,
    4.986876,
    5.166667,
    34.12409,
    30.78183,
    4.381768,
    3.333333,
    17.96053,
    8.979279,
    13.06667,
    7.916667,
    4.065993,
    11.90674,
    7.153846,
    4.889179,
    6.089744,
    5.35,
    13.19312,
    7.166667,
    11.75,
    16.65314,
    24.86856,
    16.88466,
    5.383111,
    17.17073,
    10.70801,
    10.9,
    10.78792,
    12.48025,
    2.994044,
    8.210845,
    7.443226,
    0,
    8.051802,
    10.00414,
    15.2103,
    16.02359,
    10.08626,
    20.43222,
    21.55738,
    12.64711,
    10.22179,
    8.512629,
    5.762562,
    14.28732,
    17.0829,
    15.92645,
    12.66783,
    16.07455,
    16.95205,
    14.97429,
    22.05752,
    5.800763,
    6.740669,
    23.59844,
    10.96703,
    4.330098,
    3.603604,
    5.062241,
    5.310504,
    8.831131,
    12.26297,
    17.15601,
    13.63877,
    17.63923,
    13.8,
    9.8,
    11,
    5.22438,
    2.9,
    11.88251,
    5.616119
  ],
  "years": [
    2014,
    2010,
    2010,
    2014,
    2014,
    2010,
    2014,
    2014,
    2014,
    2010,
    2014,
    2010,
    2010,
    2010,
    2010,
    2014,
    2010,
    2014,
    2014,
    2010,
    2014,
    2014,
    2010,
    2014,
    2014,
    2010,
    2010,
    2010,
    2010,
    2014,
    2010,
    2014,
    2010,
    2014,
    2010,
    2014,
    2014,
    2010,
    2010,
    2014,
    2010,
    2010,
    2014,
    2010,
    2014,
    2010,
    2014,
    2014,
    2014,
    2014,
    2014,
    2014,
    2010,
    2014,
    2010,
    2010,
    2014,
    2010,
    2010,
    2014,
    2010,
    2014,
    2014,
    2014,
    2010,
    2014,
    2014,
    2010,
    2014,
    2014,
    2010,
    2014,
    2014,
    2010,
    2014,
    2010,
    2014,
    2010,
    2014,
    2010,
    2014,
    2010,
    2014,
    2010,
    2014,
    2010,
    2014,
    2010,
    2014,
    2010,
    2014,
    2010,
    2010,
    2014,
    2010,
    2014,
    2010,
    2014,
    2014,
    2010,
    2014,
    2010,
    2014,
    2010,
    2014,
    2010,
    2014,
    2014,
    2010,
    2014,
    2010,
    2014
  ],
  "entities": [
    17,
    18,
    21,
    21,
    22,
    23,
    23,
    25,
    30,
    37,
    37,
    39,
    40,
    44,
    172,
    172,
    171,
    171,
    170,
    163,
    163,
    201,
    65,
    65,
    156,
    158,
    155,
    3,
    152,
    152,
    6,
    6,
    150,
    150,
    1,
    145,
    144,
    138,
    137,
    137,
    136,
    135,
    134,
    14,
    14,
    130,
    130,
    131,
    208,
    126,
    124,
    120,
    116,
    116,
    115,
    113,
    113,
    111,
    110,
    110,
    5,
    5,
    106,
    103,
    102,
    101,
    140,
    97,
    97,
    96,
    11,
    11,
    226,
    92,
    92,
    12,
    12,
    91,
    91,
    88,
    86,
    83,
    83,
    81,
    81,
    127,
    127,
    9,
    9,
    10,
    10,
    7,
    198,
    198,
    75,
    75,
    73,
    73,
    71,
    70,
    70,
    67,
    67,
    13,
    13,
    63,
    63,
    62,
    84,
    61,
    60,
    80
  ]
}