{
  "values": [
    13.66667,
    18.09366,
    18.89203,
    23.56942,
    14.76773,
    21.04985,
    22.5001,
    27.39736,
    22.87197,
    11.57333,
    9.636808,
    22.17934,
    15.9165,
    18.68072,
    15.3635,
    16.1,
    16.45359,
    27.55751,
    9.259259,
    16.48177,
    12.32777,
    17.05491,
    10.53145,
    26.12975,
    27.66407,
    21.2,
    26.10779,
    19.97211,
    16,
    11.98003,
    23.21958,
    21.10425,
    8.148631,
    12.38433,
    17.56007,
    13.50531,
    27,
    14.34557,
    17.09146,
    32.22168,
    19.12568,
    11.39858,
    10.66667,
    24.81752,
    23.20917,
    9.216913,
    10.58333,
    24.09197,
    14.12126,
    26.73333,
    17.66667,
    7.969669,
    27.39384,
    14.76923,
    10.49544,
    14.16667,
    13.2,
    23.61377,
    19.75,
    14.25,
    24.52872,
    23.55415,
    22.11653,
    19.88838,
    24.78049,
    24.2769,
    20,
    24.79675,
    22.97686,
    13.5951,
    18.37182,
    18.58239,
    3.888164,
    29.33558,
    22.85414,
    21.77898,
    23.76067,
    9.95355,
    24.62345,
    23.68852,
    25.67394,
    18.70781,
    15.80917,
    15.65429,
    24.67285,
    31.36426,
    27.67531,
    29.41838,
    26.96763,
    25.32681,
    22.86983,
    19.72571,
    17.75544,
    21.40045,
    32.00782,
    25.66812,
    10.80326,
    9.60961,
    10.12448,
    16.35512,
    19.18331,
    23.27545,
    24.83117,
    24.75911,
    25.04894,
    22.5,
    16,
    20.53333,
    25.787,
    6.9,
    19.75968,
    16.91382
  ],
  "years": [
    2014,
    2010,
    2010,
    2014,
    2014,
    2010,
    2014,
    2014,
    2014,
    2010,
    2014,
    2010,
    2010,
    2010,
    2010,
    2014,
    2010,
    2014,
    2014,
    2010,
    2014,
    2014,
    2010,
    2014,
    2014,
    2010,
    2010,
    2010,
    2010,
    2014,
    2010,
    2014,
    2010,
    2014,
    2010,
    2014,
    2014,
    2010,
    2010,
    2014,
    2010,
    2010,
    2014,
    2010,
    2014,
    2010,
    2014,
    2014,
    2014,
    2014,
    2014,
    2014,
    2010,
    2014,
    2010,
    2010,
    2014,
    2010,
    2010,
    2014,
    2010,
    2014,
    2014,
    2014,
    2010,
    2014,
    2014,
    2010,
    2014,
    2014,
    2010,
    2014,
    2014,
    2010,
    2014,
    2010,
    2014,
    2010,
    2014,
    2010,
    2014,
    2010,
    2014,
    2010,
    2014,
    2010,
    2014,
    2010,
    2014,
    2010,
    2014,
    2010,
    2010,
    2014,
    2010,
    2014,
    2010,
    2014,
    2014,
    2010,
    2014,
    2010,
    2014,
    2010,
    2014,
    2010,
    2014,
    2014,
    2010,
    2014,
    2010,
    2014
  ],
  "entities": [
    17,
    18,
    21,
    21,
    22,
    23,
    23,
    25,
    30,
    37,
    37,
    39,
    40,
    44,
    172,
    172,
    171,
    171,
    170,
    163,
    163,
    201,
    65,
    65,
    156,
    158,
    155,
    3,
    152,
    152,
    6,
    6,
    150,
    150,
    1,
    145,
    144,
    138,
    137,
    137,
    136,
    135,
    134,
    14,
    14,
    130,
    130,
    131,
    208,
    126,
    124,
    120,
    116,
    116,
    115,
    113,
    113,
    111,
    110,
    110,
    5,
    5,
    106,
    103,
    102,
    101,
    140,
    97,
    97,
    96,
    11,
    11,
    226,
    92,
    92,
    12,
    12,
    91,
    91,
    88,
    86,
    83,
    83,
    81,
    81,
    127,
    127,
    9,
    9,
    10,
    10,
    7,
    198,
    198,
    75,
    75,
    73,
    73,
    71,
    70,
    70,
    67,
    67,
    13,
    13,
    63,
    63,
    62,
    84,
    61,
    60,
    80
  ]
}