{
  "values": [
    4.166667,
    0,
    0.463043,
    0.4940372,
    0,
    2.01461,
    1.707865,
    0,
    0,
    0.1958976,
    0.0853647,
    0.1317086,
    1.761252,
    0.1708402,
    0.2697596,
    2.9,
    1.005228,
    4.914516,
    0.0661376,
    0.4074338,
    0,
    0.0831947,
    0.0531552,
    0,
    0.0511781,
    0.5333333,
    0.0916468,
    0.2368664,
    0.6,
    0.0831947,
    1.099741,
    0.1594696,
    0.1955671,
    0,
    0.2865456,
    0,
    0.3,
    0.0658921,
    0.049975,
    0,
    1.092896,
    0.4124484,
    0,
    4.744525,
    0,
    1.904769,
    0,
    0,
    1.765157,
    0.1333333,
    0,
    0.4588447,
    0.1665279,
    0,
    1.955671,
    1.858974,
    0.15,
    0,
    1.75,
    4,
    0.0855233,
    0.4206099,
    2.734839,
    0,
    0.2926829,
    0.0875114,
    0,
    2.833233,
    1.713347,
    0,
    0.0840707,
    0,
    0,
    2.195946,
    0.4175782,
    0.398427,
    0.7814897,
    0.398142,
    0,
    1.065574,
    0,
    0.5785921,
    0.5612722,
    0,
    0,
    0.0873544,
    1.318213,
    0.1653472,
    0.324294,
    0.3093298,
    0,
    0.1364916,
    0.0749071,
    0.1163128,
    0.3911343,
    0.9238619,
    0,
    0,
    0,
    0,
    0,
    0.7113784,
    0,
    1.559764,
    1.687223,
    0.8,
    0.1,
    3.466666,
    0.3348962,
    0,
    1.935915,
    0
  ],
  "years": [
    2014,
    2010,
    2010,
    2014,
    2014,
    2010,
    2014,
    2014,
    2014,
    2010,
    2014,
    2010,
    2010,
    2010,
    2010,
    2014,
    2010,
    2014,
    2014,
    2010,
    2014,
    2014,
    2010,
    2014,
    2014,
    2010,
    2010,
    2010,
    2010,
    2014,
    2010,
    2014,
    2010,
    2014,
    2010,
    2014,
    2014,
    2010,
    2010,
    2014,
    2010,
    2010,
    2014,
    2010,
    2014,
    2010,
    2014,
    2014,
    2014,
    2014,
    2014,
    2014,
    2010,
    2014,
    2010,
    2010,
    2014,
    2010,
    2010,
    2014,
    2010,
    2014,
    2014,
    2014,
    2010,
    2014,
    2014,
    2010,
    2014,
    2014,
    2010,
    2014,
    2014,
    2010,
    2014,
    2010,
    2014,
    2010,
    2014,
    2010,
    2014,
    2010,
    2014,
    2010,
    2014,
    2010,
    2014,
    2010,
    2014,
    2010,
    2014,
    2010,
    2010,
    2014,
    2010,
    2014,
    2010,
    2014,
    2014,
    2010,
    2014,
    2010,
    2014,
    2010,
    2014,
    2010,
    2014,
    2014,
    2010,
    2014,
    2010,
    2014
  ],
  "entities": [
    17,
    18,
    21,
    21,
    22,
    23,
    23,
    25,
    30,
    37,
    37,
    39,
    40,
    44,
    172,
    172,
    171,
    171,
    170,
    163,
    163,
    201,
    65,
    65,
    156,
    158,
    155,
    3,
    152,
    152,
    6,
    6,
    150,
    150,
    1,
    145,
    144,
    138,
    137,
    137,
    136,
    135,
    134,
    14,
    14,
    130,
    130,
    131,
    208,
    126,
    124,
    120,
    116,
    116,
    115,
    113,
    113,
    111,
    110,
    110,
    5,
    5,
    106,
    103,
    102,
    101,
    140,
    97,
    97,
    96,
    11,
    11,
    226,
    92,
    92,
    12,
    12,
    91,
    91,
    88,
    86,
    83,
    83,
    81,
    81,
    127,
    127,
    9,
    9,
    10,
    10,
    7,
    198,
    198,
    75,
    75,
    73,
    73,
    71,
    70,
    70,
    67,
    67,
    13,
    13,
    63,
    63,
    62,
    84,
    61,
    60,
    80
  ]
}