{
  "values": [
    84.33688,
    69.08606,
    64.341225,
    71.84577,
    82.74158,
    72.77237,
    78.26236,
    74.57626,
    74.324295,
    65.36293,
    66.11285,
    24.984978,
    70.85373,
    34.499058,
    48.319183,
    75.43173,
    70.524086,
    30.742939,
    15.696865,
    37.806496,
    23.934847,
    64.30106,
    46.255623,
    37.275566,
    39.494617,
    35.662895,
    77.61447,
    29.777609,
    17.23869,
    65.675545,
    27.042412,
    7.1438456,
    51.614796,
    21.743122,
    31.367619,
    42.53479,
    20.863941,
    25.204256,
    34.6944,
    12.301043,
    49.911667,
    21.627087,
    54.726707,
    42.83574,
    14.718273,
    41.284595,
    58.517345,
    21.831205,
    45.681732,
    39.23913,
    74.65955,
    15.6555,
    48.163048,
    74.73303,
    46.105175,
    17.1925,
    32.65784,
    22.856056,
    46.40894,
    56.547176,
    24.742746,
    38.862625,
    18.011417,
    38.703228,
    15.41396,
    55.34473,
    39.67129,
    17.095291,
    29.349737,
    15.225221,
    40.354855,
    43.486214,
    48.53677,
    63.681328,
    18.156517,
    18.310575,
    18.839119,
    55.96541,
    52.08458,
    49.91992,
    17.928251,
    26.66816,
    22.027765,
    83.76853,
    59.754574,
    25.622267,
    38.403286,
    75.282425,
    69.31126,
    56.159966,
    64.088554,
    43.858498,
    35.24628,
    33.10809,
    34.952682,
    66.788216,
    54.595337,
    58.26752,
    25.127468,
    34.1905,
    46.754635,
    25.937761,
    39.313957,
    55.4842,
    75.35535,
    63.396038,
    45.06616,
    43.382866,
    37.14763,
    67.60664,
    37.965492,
    37.153866,
    34.2737
  ],
  "years": [
    2020,
    2020,
    2020,
    2020,
    2020,
    2020,
    2020,
    2020,
    2020,
    2020,
    2020,
    2020,
    2020,
    2020,
    2020,
    2020,
    2020,
    2020,
    2020,
    2020,
    2020,
    2020,
    2020,
    2020,
    2020,
    2020,
    2020,
    2020,
    2020,
    2020,
    2020,
    2020,
    2020,
    2020,
    2020,
    2020,
    2020,
    2020,
    2020,
    2020,
    2020,
    2020,
    2020,
    2020,
    2020,
    2020,
    2020,
    2020,
    2020,
    2020,
    2020,
    2020,
    2020,
    2020,
    2020,
    2020,
    2020,
    2020,
    2020,
    2020,
    2020,
    2020,
    2020,
    2020,
    2020,
    2020,
    2020,
    2020,
    2020,
    2020,
    2020,
    2020,
    2020,
    2020,
    2020,
    2020,
    2020,
    2020,
    2020,
    2020,
    2020,
    2020,
    2020,
    2020,
    2020,
    2020,
    2020,
    2020,
    2020,
    2020,
    2020,
    2020,
    2020,
    2020,
    2020,
    2020,
    2020,
    2020,
    2020,
    2020,
    2020,
    2020,
    2020,
    2020,
    2020,
    2020,
    2020,
    2020,
    2020,
    2020,
    2020,
    2020,
    2020
  ],
  "entities": [
    1,
    2,
    3,
    4,
    5,
    6,
    7,
    8,
    9,
    10,
    11,
    12,
    13,
    16,
    21,
    23,
    24,
    27,
    28,
    32,
    34,
    35,
    37,
    39,
    40,
    43,
    44,
    60,
    62,
    63,
    64,
    65,
    66,
    67,
    68,
    70,
    71,
    72,
    75,
    80,
    81,
    84,
    85,
    89,
    90,
    92,
    95,
    96,
    97,
    98,
    102,
    103,
    105,
    106,
    107,
    110,
    111,
    112,
    113,
    115,
    116,
    122,
    124,
    125,
    126,
    127,
    129,
    130,
    131,
    134,
    135,
    136,
    137,
    138,
    141,
    142,
    143,
    144,
    147,
    149,
    150,
    152,
    153,
    155,
    156,
    158,
    160,
    161,
    162,
    163,
    165,
    166,
    168,
    170,
    171,
    172,
    201,
    212,
    213,
    238,
    259,
    273,
    275,
    276,
    277,
    294,
    295,
    355,
    379,
    457,
    459,
    460,
    461
  ]
}