{
  "values": [
    56.357536,
    50.724014,
    28.363049,
    21.962563,
    31.091248,
    28.25184,
    72.98657,
    46.563572,
    40.922478,
    17.190386,
    12.392033,
    12.731266,
    14.50429,
    18.188236,
    37.18426,
    27.881594,
    26.657217,
    15.820781,
    44.47758,
    9.442642,
    27.453985,
    16.050905,
    56.264618,
    34.004066,
    18.761171,
    46.679382,
    54.641083,
    53.729458,
    47.55565,
    79.61398,
    78.93723,
    58.527775,
    57.636757,
    64.03269,
    73.41682,
    62.38304,
    29.156185,
    19.388412,
    49.365623,
    79.540665,
    26.911486,
    48.769737,
    54.213783,
    58.548492,
    23.603004,
    66.57121,
    77.97627,
    66.859535,
    77.35696,
    18.567822,
    44.799385,
    36.446976,
    38.57376,
    47.82065,
    17.541325,
    27.202133,
    71.650955,
    63.568485,
    63.313522,
    55.38973,
    36.1776,
    48.529037,
    33.628178,
    51.516064,
    47.506245,
    38.396427,
    6.6898265,
    29.442854,
    59.967686,
    72.28799,
    27.312744,
    44.293118,
    69.43944,
    60.168716,
    73.4358,
    13.352501,
    11.135731,
    70.82588,
    55.93042,
    30.957253,
    59.227043,
    60.910683,
    16.857319,
    36.47355,
    68.6238,
    27.663393,
    56.81488,
    24.021748,
    36.396072,
    69.00884,
    14.538441,
    59.636852,
    56.20702,
    32.367702,
    26.909904,
    20.070494,
    28.068096,
    49.15984,
    31.846924,
    17.447626,
    39.37083,
    43.077442,
    53.024467,
    63.71511,
    40.451416,
    23.166454,
    53.01228,
    19.84918,
    33.53107,
    50.486645,
    36.342205,
    67.49856
  ],
  "years": [
    2020,
    2020,
    2020,
    2020,
    2020,
    2020,
    2020,
    2020,
    2020,
    2020,
    2020,
    2020,
    2020,
    2020,
    2020,
    2020,
    2020,
    2020,
    2020,
    2020,
    2020,
    2020,
    2020,
    2020,
    2020,
    2020,
    2020,
    2020,
    2020,
    2020,
    2020,
    2020,
    2020,
    2020,
    2020,
    2020,
    2020,
    2020,
    2020,
    2020,
    2020,
    2020,
    2020,
    2020,
    2020,
    2020,
    2020,
    2020,
    2020,
    2020,
    2020,
    2020,
    2020,
    2020,
    2020,
    2020,
    2020,
    2020,
    2020,
    2020,
    2020,
    2020,
    2020,
    2020,
    2020,
    2020,
    2020,
    2020,
    2020,
    2020,
    2020,
    2020,
    2020,
    2020,
    2020,
    2020,
    2020,
    2020,
    2020,
    2020,
    2020,
    2020,
    2020,
    2020,
    2020,
    2020,
    2020,
    2020,
    2020,
    2020,
    2020,
    2020,
    2020,
    2020,
    2020,
    2020,
    2020,
    2020,
    2020,
    2020,
    2020,
    2020,
    2020,
    2020,
    2020,
    2020,
    2020,
    2020,
    2020,
    2020,
    2020,
    2020
  ],
  "entities": [
    13,
    65,
    110,
    124,
    130,
    70,
    136,
    28,
    1,
    3,
    6,
    5,
    4,
    9,
    8,
    11,
    138,
    162,
    92,
    10,
    149,
    161,
    135,
    144,
    171,
    137,
    238,
    37,
    113,
    103,
    129,
    64,
    150,
    68,
    32,
    81,
    44,
    23,
    96,
    141,
    84,
    75,
    125,
    142,
    106,
    158,
    115,
    89,
    60,
    127,
    152,
    131,
    126,
    111,
    12,
    67,
    40,
    43,
    80,
    166,
    16,
    21,
    24,
    27,
    34,
    35,
    39,
    172,
    170,
    168,
    165,
    163,
    160,
    201,
    259,
    156,
    155,
    153,
    147,
    134,
    2,
    143,
    122,
    66,
    116,
    212,
    213,
    112,
    107,
    105,
    102,
    98,
    97,
    95,
    85,
    7,
    71,
    72,
    63,
    62,
    379,
    355,
    294,
    273,
    275,
    276,
    295,
    277,
    457,
    460,
    459,
    461
  ]
}