{
  "values": [
    76.839806,
    44.86046,
    53.66353,
    39.217323,
    65.42329,
    41.178677,
    55.197144,
    84.935394,
    40.80793,
    85.09124,
    57.659435,
    82.49715,
    69.69109,
    62.56355,
    73.65014,
    76.4891,
    69.964645,
    62.082047,
    66.858055,
    68.62652,
    67.1728,
    67.76728,
    57.74685,
    61.33049,
    74.467674,
    69.90329,
    77.59706,
    79.48106,
    72.57038,
    82.82454,
    69.28313,
    81.672935,
    75.081635,
    60.869633,
    66.05248,
    69.37909,
    76.17302,
    83.78147,
    78.53241,
    84.270584,
    74.81159,
    84.59566,
    89.74872,
    88.087395,
    70.52709,
    74.37761,
    62.9166,
    74.67608,
    68.23765,
    73.74495,
    67.64175,
    68.189186,
    75.29472,
    58.912827,
    69.686806,
    61.63527,
    67.78508,
    70.91007,
    79.35599,
    63.667732,
    77.87039,
    67.716934,
    73.14098,
    82.49303,
    71.672745,
    81.65489,
    73.94008,
    67.26316,
    76.449104,
    74.10246,
    72.747696,
    74.327934,
    69.99197,
    76.3712,
    88.759445,
    80.8065,
    62.430256,
    69.24617,
    79.61103,
    61.00395,
    52.957485,
    72.094185,
    61.929512,
    55.54621,
    64.68354,
    77.49396,
    68.478424,
    74.62992,
    67.692474,
    79.96148,
    87.899376,
    59.995953,
    80.09212,
    85.73192,
    80.49151,
    76.08368,
    53.449474,
    55.969093,
    80.986725,
    71.38824,
    69.6395,
    70.633575,
    72.66484,
    79.07586,
    66.226456,
    72.909424,
    69.62715,
    75.89173,
    78.07818,
    73.40408,
    73.5357,
    71.11816,
    65.891075
  ],
  "years": [
    2020,
    2020,
    2020,
    2020,
    2020,
    2020,
    2020,
    2020,
    2020,
    2020,
    2020,
    2020,
    2020,
    2020,
    2020,
    2020,
    2020,
    2020,
    2020,
    2020,
    2020,
    2020,
    2020,
    2020,
    2020,
    2020,
    2020,
    2020,
    2020,
    2020,
    2020,
    2020,
    2020,
    2020,
    2020,
    2020,
    2020,
    2020,
    2020,
    2020,
    2020,
    2020,
    2020,
    2020,
    2020,
    2020,
    2020,
    2020,
    2020,
    2020,
    2020,
    2020,
    2020,
    2020,
    2020,
    2020,
    2020,
    2020,
    2020,
    2020,
    2020,
    2020,
    2020,
    2020,
    2020,
    2020,
    2020,
    2020,
    2020,
    2020,
    2020,
    2020,
    2020,
    2020,
    2020,
    2020,
    2020,
    2020,
    2020,
    2020,
    2020,
    2020,
    2020,
    2020,
    2020,
    2020,
    2020,
    2020,
    2020,
    2020,
    2020,
    2020,
    2020,
    2020,
    2020,
    2020,
    2020,
    2020,
    2020,
    2020,
    2020,
    2020,
    2020,
    2020,
    2020,
    2020,
    2020,
    2020,
    2020,
    2020,
    2020,
    2020,
    2020
  ],
  "entities": [
    13,
    65,
    110,
    124,
    90,
    130,
    70,
    136,
    28,
    1,
    3,
    6,
    5,
    4,
    9,
    8,
    11,
    138,
    162,
    92,
    10,
    149,
    161,
    135,
    144,
    171,
    137,
    238,
    37,
    113,
    103,
    129,
    64,
    150,
    68,
    32,
    81,
    44,
    23,
    96,
    141,
    84,
    75,
    125,
    142,
    106,
    158,
    115,
    89,
    60,
    127,
    152,
    131,
    126,
    111,
    12,
    67,
    40,
    43,
    80,
    166,
    16,
    21,
    24,
    27,
    34,
    35,
    39,
    172,
    170,
    168,
    165,
    163,
    160,
    201,
    259,
    156,
    155,
    153,
    147,
    134,
    2,
    143,
    122,
    66,
    116,
    212,
    213,
    112,
    107,
    105,
    102,
    98,
    97,
    95,
    85,
    7,
    71,
    72,
    63,
    62,
    379,
    355,
    294,
    273,
    275,
    276,
    295,
    277,
    457,
    460,
    459,
    461
  ]
}