{
  "values": [
    85.09124,
    72.094185,
    57.659435,
    62.56355,
    69.69109,
    82.49715,
    53.449474,
    76.4891,
    73.65014,
    67.1728,
    69.964645,
    61.63527,
    76.839806,
    67.716934,
    73.14098,
    78.53241,
    82.49303,
    71.672745,
    40.80793,
    69.37909,
    81.65489,
    73.94008,
    72.57038,
    67.26316,
    70.91007,
    79.35599,
    83.78147,
    73.74495,
    69.6395,
    71.38824,
    75.081635,
    44.86046,
    64.68354,
    67.78508,
    66.05248,
    55.197144,
    55.969093,
    80.986725,
    89.74872,
    63.667732,
    76.17302,
    84.59566,
    76.08368,
    68.23765,
    65.42329,
    68.62652,
    80.49151,
    84.270584,
    85.73192,
    80.09212,
    59.995953,
    69.28313,
    87.899376,
    74.37761,
    79.96148,
    53.66353,
    69.686806,
    67.692474,
    82.82454,
    74.67608,
    77.49396,
    55.54621,
    39.217323,
    88.087395,
    58.912827,
    67.64175,
    81.672935,
    41.178677,
    75.29472,
    52.957485,
    61.33049,
    84.935394,
    77.59706,
    62.082047,
    74.81159,
    70.52709,
    61.929512,
    74.467674,
    61.00395,
    67.76728,
    60.869633,
    68.189186,
    79.61103,
    69.24617,
    62.430256,
    62.9166,
    76.3712,
    57.74685,
    66.858055,
    69.99197,
    74.327934,
    77.87039,
    72.747696,
    74.10246,
    69.90329,
    76.449104,
    88.759445,
    68.478424,
    74.62992,
    79.48106,
    80.8065,
    66.226456,
    72.909424,
    69.62715,
    78.07818,
    79.07586,
    75.89173,
    72.66484,
    70.633575,
    73.40408,
    71.11816,
    73.5357,
    65.891075
  ],
  "years": [
    2020,
    2020,
    2020,
    2020,
    2020,
    2020,
    2020,
    2020,
    2020,
    2020,
    2020,
    2020,
    2020,
    2020,
    2020,
    2020,
    2020,
    2020,
    2020,
    2020,
    2020,
    2020,
    2020,
    2020,
    2020,
    2020,
    2020,
    2020,
    2020,
    2020,
    2020,
    2020,
    2020,
    2020,
    2020,
    2020,
    2020,
    2020,
    2020,
    2020,
    2020,
    2020,
    2020,
    2020,
    2020,
    2020,
    2020,
    2020,
    2020,
    2020,
    2020,
    2020,
    2020,
    2020,
    2020,
    2020,
    2020,
    2020,
    2020,
    2020,
    2020,
    2020,
    2020,
    2020,
    2020,
    2020,
    2020,
    2020,
    2020,
    2020,
    2020,
    2020,
    2020,
    2020,
    2020,
    2020,
    2020,
    2020,
    2020,
    2020,
    2020,
    2020,
    2020,
    2020,
    2020,
    2020,
    2020,
    2020,
    2020,
    2020,
    2020,
    2020,
    2020,
    2020,
    2020,
    2020,
    2020,
    2020,
    2020,
    2020,
    2020,
    2020,
    2020,
    2020,
    2020,
    2020,
    2020,
    2020,
    2020,
    2020,
    2020,
    2020,
    2020
  ],
  "entities": [
    1,
    2,
    3,
    4,
    5,
    6,
    7,
    8,
    9,
    10,
    11,
    12,
    13,
    16,
    21,
    23,
    24,
    27,
    28,
    32,
    34,
    35,
    37,
    39,
    40,
    43,
    44,
    60,
    62,
    63,
    64,
    65,
    66,
    67,
    68,
    70,
    71,
    72,
    75,
    80,
    81,
    84,
    85,
    89,
    90,
    92,
    95,
    96,
    97,
    98,
    102,
    103,
    105,
    106,
    107,
    110,
    111,
    112,
    113,
    115,
    116,
    122,
    124,
    125,
    126,
    127,
    129,
    130,
    131,
    134,
    135,
    136,
    137,
    138,
    141,
    142,
    143,
    144,
    147,
    149,
    150,
    152,
    153,
    155,
    156,
    158,
    160,
    161,
    162,
    163,
    165,
    166,
    168,
    170,
    171,
    172,
    201,
    212,
    213,
    238,
    259,
    273,
    275,
    276,
    277,
    294,
    295,
    355,
    379,
    457,
    459,
    460,
    461
  ]
}