{
  "values": [
    56.91862,
    25.952017,
    15.173208,
    21.766975,
    38.515568,
    21.947979,
    21.625143,
    68.29369,
    50.399834,
    53.808205,
    46.33427,
    48.04778,
    52.614864,
    46.59995,
    39.301422,
    54.5747,
    36.660217,
    46.1428,
    47.527622,
    25.702744,
    52.484837,
    45.388798,
    48.82349,
    29.92804,
    41.836918,
    42.258675,
    65.319916,
    67.12808,
    51.045258,
    58.07246,
    55.55149,
    61.680584,
    47.290234,
    42.700703,
    60.669,
    53.539635,
    55.83901,
    56.140034,
    55.528122,
    67.59625,
    37.734955,
    64.33992,
    54.263374,
    67.42581,
    39.761223,
    51.28471,
    57.021492,
    61.97451,
    57.703644,
    62.150967,
    45.70268,
    45.724995,
    48.689663,
    42.463196,
    32.12114,
    41.771442,
    40.182926,
    49.32151,
    66.97163,
    38.669662,
    54.79042,
    39.660843,
    52.18955,
    61.855377,
    49.27055,
    61.071293,
    37.992146,
    50.637257,
    41.274147,
    60.171284,
    52.24882,
    33.21104,
    38.226036,
    69.91374,
    72.82648,
    74.29682,
    43.577805,
    48.76859,
    40.49048,
    55.534122,
    32.60856,
    51.98287,
    36.468803,
    43.011997,
    47.99077,
    59.835167,
    46.917458,
    63.661655,
    52.72376,
    57.267483,
    72.80597,
    53.426712,
    50.466183,
    72.650345,
    48.404198,
    56.19745,
    42.19981,
    29.972229,
    55.355423,
    45.104134,
    47.46711,
    47.304077,
    53.424976,
    58.112545,
    47.92869,
    55.29829,
    45.405403,
    56.22509,
    55.064205,
    50.210964,
    58.462036,
    47.523617,
    56.721054
  ],
  "years": [
    2020,
    2020,
    2020,
    2020,
    2020,
    2020,
    2020,
    2020,
    2020,
    2020,
    2020,
    2020,
    2020,
    2020,
    2020,
    2020,
    2020,
    2020,
    2020,
    2020,
    2020,
    2020,
    2020,
    2020,
    2020,
    2020,
    2020,
    2020,
    2020,
    2020,
    2020,
    2020,
    2020,
    2020,
    2020,
    2020,
    2020,
    2020,
    2020,
    2020,
    2020,
    2020,
    2020,
    2020,
    2020,
    2020,
    2020,
    2020,
    2020,
    2020,
    2020,
    2020,
    2020,
    2020,
    2020,
    2020,
    2020,
    2020,
    2020,
    2020,
    2020,
    2020,
    2020,
    2020,
    2020,
    2020,
    2020,
    2020,
    2020,
    2020,
    2020,
    2020,
    2020,
    2020,
    2020,
    2020,
    2020,
    2020,
    2020,
    2020,
    2020,
    2020,
    2020,
    2020,
    2020,
    2020,
    2020,
    2020,
    2020,
    2020,
    2020,
    2020,
    2020,
    2020,
    2020,
    2020,
    2020,
    2020,
    2020,
    2020,
    2020,
    2020,
    2020,
    2020,
    2020,
    2020,
    2020,
    2020,
    2020,
    2020,
    2020,
    2020,
    2020
  ],
  "entities": [
    13,
    65,
    110,
    124,
    90,
    130,
    70,
    136,
    28,
    1,
    3,
    6,
    5,
    4,
    9,
    8,
    11,
    138,
    162,
    92,
    10,
    149,
    161,
    135,
    144,
    171,
    137,
    238,
    37,
    113,
    103,
    129,
    64,
    150,
    68,
    32,
    81,
    44,
    23,
    96,
    141,
    84,
    75,
    125,
    142,
    106,
    158,
    115,
    89,
    60,
    127,
    152,
    131,
    126,
    111,
    12,
    67,
    40,
    43,
    80,
    166,
    16,
    21,
    24,
    27,
    34,
    35,
    39,
    172,
    170,
    168,
    165,
    163,
    160,
    201,
    259,
    156,
    155,
    153,
    147,
    134,
    2,
    143,
    122,
    66,
    116,
    212,
    213,
    112,
    107,
    105,
    102,
    98,
    97,
    95,
    85,
    7,
    71,
    72,
    63,
    62,
    379,
    355,
    294,
    273,
    275,
    276,
    295,
    277,
    457,
    460,
    459,
    461
  ]
}