{
  "values": [
    47.92869,
    39.660843,
    52.18955,
    55.29829,
    55.528122,
    61.855377,
    49.27055,
    50.399834,
    46.59995,
    53.539635,
    61.071293,
    37.992146,
    51.045258,
    50.637257,
    49.32151,
    66.97163,
    56.140034,
    41.274147,
    42.258675,
    60.171284,
    52.24882,
    54.79042,
    36.468803,
    33.21104,
    38.226036,
    47.527622,
    48.82349,
    69.91374,
    72.82648,
    25.952017,
    74.29682,
    43.577805,
    57.021492,
    45.405403,
    48.76859,
    46.33427,
    40.49048,
    45.724995,
    48.04778,
    42.700703,
    45.388798,
    55.534122,
    50.210964,
    41.836918,
    46.1428,
    65.319916,
    68.29369,
    29.92804,
    32.60856,
    51.98287,
    54.5747,
    21.947979,
    48.689663,
    61.680584,
    47.304077,
    42.463196,
    67.42581,
    43.011997,
    21.766975,
    56.721054,
    58.462036,
    59.835167,
    61.97451,
    46.917458,
    63.661655,
    58.07246,
    32.12114,
    52.72376,
    15.173208,
    39.761223,
    57.267483,
    52.614864,
    51.28471,
    72.80597,
    55.55149,
    58.112545,
    47.99077,
    53.426712,
    55.064205,
    50.466183,
    72.650345,
    67.59625,
    36.660217,
    48.404198,
    25.702744,
    41.771442,
    38.515568,
    57.703644,
    56.19745,
    55.83901,
    56.22509,
    45.70268,
    39.301422,
    37.734955,
    52.484837,
    42.19981,
    47.290234,
    54.263374,
    29.972229,
    21.625143,
    60.669,
    40.182926,
    55.355423,
    53.808205,
    56.91862,
    47.523617,
    45.104134,
    47.46711,
    67.12808,
    64.33992,
    53.424976,
    62.150967,
    38.669662
  ],
  "years": [
    2020,
    2020,
    2020,
    2020,
    2020,
    2020,
    2020,
    2020,
    2020,
    2020,
    2020,
    2020,
    2020,
    2020,
    2020,
    2020,
    2020,
    2020,
    2020,
    2020,
    2020,
    2020,
    2020,
    2020,
    2020,
    2020,
    2020,
    2020,
    2020,
    2020,
    2020,
    2020,
    2020,
    2020,
    2020,
    2020,
    2020,
    2020,
    2020,
    2020,
    2020,
    2020,
    2020,
    2020,
    2020,
    2020,
    2020,
    2020,
    2020,
    2020,
    2020,
    2020,
    2020,
    2020,
    2020,
    2020,
    2020,
    2020,
    2020,
    2020,
    2020,
    2020,
    2020,
    2020,
    2020,
    2020,
    2020,
    2020,
    2020,
    2020,
    2020,
    2020,
    2020,
    2020,
    2020,
    2020,
    2020,
    2020,
    2020,
    2020,
    2020,
    2020,
    2020,
    2020,
    2020,
    2020,
    2020,
    2020,
    2020,
    2020,
    2020,
    2020,
    2020,
    2020,
    2020,
    2020,
    2020,
    2020,
    2020,
    2020,
    2020,
    2020,
    2020,
    2020,
    2020,
    2020,
    2020,
    2020,
    2020,
    2020,
    2020,
    2020,
    2020
  ],
  "entities": [
    273,
    16,
    21,
    275,
    23,
    24,
    27,
    28,
    4,
    32,
    34,
    35,
    37,
    39,
    40,
    43,
    44,
    172,
    171,
    170,
    168,
    166,
    143,
    165,
    163,
    162,
    161,
    160,
    201,
    65,
    259,
    156,
    158,
    276,
    155,
    3,
    153,
    152,
    6,
    150,
    149,
    147,
    457,
    144,
    138,
    137,
    136,
    135,
    134,
    2,
    8,
    130,
    131,
    129,
    379,
    126,
    125,
    122,
    124,
    461,
    460,
    116,
    115,
    212,
    213,
    113,
    111,
    112,
    110,
    142,
    107,
    5,
    106,
    105,
    103,
    294,
    66,
    102,
    277,
    98,
    97,
    96,
    11,
    95,
    92,
    12,
    90,
    89,
    85,
    81,
    295,
    127,
    9,
    141,
    10,
    7,
    64,
    75,
    71,
    70,
    68,
    67,
    72,
    1,
    13,
    459,
    63,
    62,
    238,
    84,
    355,
    60,
    80
  ]
}