{
  "values": [
    55.857964,
    88.64183,
    80.908936,
    69.86946,
    79.70587,
    79.15044,
    76.39494,
    47.59459,
    73.97376,
    58.62989,
    83.14835,
    83.90577,
    64.1756,
    78.67587,
    57.08445,
    76.7072,
    82.182236,
    73.08272,
    66.57247,
    82.57514,
    63.72878,
    80.45617,
    57.989788,
    81.677895,
    73.2286,
    82.29169,
    78.06546,
    80.90873,
    83.09851,
    47.67112,
    83.39334,
    79.68081,
    51.51885,
    77.93554,
    78.077644,
    75.21356,
    54.090183,
    77.76093,
    81.20086,
    50.234814,
    59.645454,
    63.37154,
    78.08823,
    63.91061,
    77.88779,
    71.74699,
    80.834015,
    69.385574,
    64.90544,
    82.38494,
    84.97651,
    61.035038,
    83.13863,
    62.571945,
    70.962296,
    61.87264,
    83.12077,
    74.41799,
    57.872253,
    54.70452,
    68.22995,
    82.919014,
    60.915295,
    65.29331,
    58.55495,
    77.089134,
    80.024055,
    79.68196,
    72.283134,
    48.55097,
    57.21969,
    80.9843,
    77.481094,
    82.19462,
    48.036205,
    82.27631,
    72.84705,
    63.919132,
    79.46265,
    78.7737,
    85.459274,
    77.751175,
    74.02871,
    76.59218,
    80.47305,
    77.51596,
    76.44302,
    58.33919,
    81.89657,
    66.659195,
    73.04221,
    69.80932,
    77.59471,
    82.962746,
    80.76854,
    84.05732,
    37.83041,
    76.00019,
    66.421394,
    75.45285,
    53.531807,
    81.58315,
    75.7897,
    76.0082,
    84.3986,
    71.63303,
    72.80397,
    75.81158,
    78.55409,
    70.14963,
    71.10655,
    62.21714,
    64.34553
  ],
  "years": [
    2020,
    2020,
    2020,
    2020,
    2020,
    2020,
    2020,
    2020,
    2020,
    2020,
    2020,
    2020,
    2020,
    2020,
    2020,
    2020,
    2020,
    2020,
    2020,
    2020,
    2020,
    2020,
    2020,
    2020,
    2020,
    2020,
    2020,
    2020,
    2020,
    2020,
    2020,
    2020,
    2020,
    2020,
    2020,
    2020,
    2020,
    2020,
    2020,
    2020,
    2020,
    2020,
    2020,
    2020,
    2020,
    2020,
    2020,
    2020,
    2020,
    2020,
    2020,
    2020,
    2020,
    2020,
    2020,
    2020,
    2020,
    2020,
    2020,
    2020,
    2020,
    2020,
    2020,
    2020,
    2020,
    2020,
    2020,
    2020,
    2020,
    2020,
    2020,
    2020,
    2020,
    2020,
    2020,
    2020,
    2020,
    2020,
    2020,
    2020,
    2020,
    2020,
    2020,
    2020,
    2020,
    2020,
    2020,
    2020,
    2020,
    2020,
    2020,
    2020,
    2020,
    2020,
    2020,
    2020,
    2020,
    2020,
    2020,
    2020,
    2020,
    2020,
    2020,
    2020,
    2020,
    2020,
    2020,
    2020,
    2020,
    2020,
    2020,
    2020,
    2020
  ],
  "entities": [
    273,
    16,
    21,
    275,
    23,
    24,
    27,
    28,
    4,
    32,
    34,
    35,
    37,
    39,
    40,
    43,
    44,
    172,
    171,
    170,
    168,
    166,
    143,
    165,
    163,
    162,
    161,
    160,
    201,
    65,
    259,
    156,
    158,
    276,
    155,
    3,
    153,
    152,
    6,
    150,
    149,
    147,
    457,
    144,
    138,
    137,
    136,
    135,
    134,
    2,
    8,
    130,
    131,
    129,
    379,
    126,
    125,
    122,
    124,
    461,
    460,
    116,
    115,
    212,
    213,
    113,
    111,
    112,
    110,
    142,
    107,
    5,
    106,
    105,
    103,
    294,
    66,
    102,
    277,
    98,
    97,
    96,
    11,
    95,
    92,
    12,
    90,
    89,
    85,
    81,
    295,
    127,
    9,
    141,
    10,
    7,
    64,
    75,
    71,
    70,
    68,
    67,
    72,
    1,
    13,
    459,
    63,
    62,
    238,
    84,
    355,
    60,
    80
  ]
}