{
  "values": [
    76.0082,
    82.38494,
    75.21356,
    73.97376,
    80.9843,
    81.20086,
    84.05732,
    84.97651,
    77.59471,
    80.76854,
    74.02871,
    77.51596,
    84.3986,
    88.64183,
    80.908936,
    79.70587,
    79.15044,
    76.39494,
    47.59459,
    58.62989,
    83.14835,
    83.90577,
    64.1756,
    78.67587,
    57.08445,
    76.7072,
    82.182236,
    62.21714,
    75.81158,
    72.80397,
    37.83041,
    47.67112,
    72.84705,
    81.58315,
    53.531807,
    75.45285,
    66.421394,
    75.7897,
    76.00019,
    64.34553,
    66.659195,
    70.14963,
    81.89657,
    58.33919,
    76.44302,
    80.47305,
    76.59218,
    77.751175,
    85.459274,
    78.7737,
    63.919132,
    48.036205,
    82.19462,
    77.481094,
    57.21969,
    72.283134,
    80.024055,
    79.68196,
    77.089134,
    60.915295,
    82.919014,
    74.41799,
    57.872253,
    83.12077,
    61.87264,
    69.80932,
    62.571945,
    61.035038,
    83.13863,
    64.90544,
    69.385574,
    80.834015,
    71.74699,
    77.88779,
    82.962746,
    48.55097,
    57.989788,
    63.91061,
    63.37154,
    59.645454,
    50.234814,
    77.76093,
    54.090183,
    78.077644,
    79.68081,
    51.51885,
    80.90873,
    78.06546,
    82.29169,
    73.2286,
    81.677895,
    80.45617,
    63.72878,
    82.57514,
    66.57247,
    73.08272,
    83.09851,
    65.29331,
    58.55495,
    78.55409,
    83.39334,
    55.857964,
    69.86946,
    77.93554,
    79.46265,
    82.27631,
    73.04221,
    71.10655,
    70.962296,
    78.08823,
    71.63303,
    68.22995,
    54.70452
  ],
  "years": [
    2020,
    2020,
    2020,
    2020,
    2020,
    2020,
    2020,
    2020,
    2020,
    2020,
    2020,
    2020,
    2020,
    2020,
    2020,
    2020,
    2020,
    2020,
    2020,
    2020,
    2020,
    2020,
    2020,
    2020,
    2020,
    2020,
    2020,
    2020,
    2020,
    2020,
    2020,
    2020,
    2020,
    2020,
    2020,
    2020,
    2020,
    2020,
    2020,
    2020,
    2020,
    2020,
    2020,
    2020,
    2020,
    2020,
    2020,
    2020,
    2020,
    2020,
    2020,
    2020,
    2020,
    2020,
    2020,
    2020,
    2020,
    2020,
    2020,
    2020,
    2020,
    2020,
    2020,
    2020,
    2020,
    2020,
    2020,
    2020,
    2020,
    2020,
    2020,
    2020,
    2020,
    2020,
    2020,
    2020,
    2020,
    2020,
    2020,
    2020,
    2020,
    2020,
    2020,
    2020,
    2020,
    2020,
    2020,
    2020,
    2020,
    2020,
    2020,
    2020,
    2020,
    2020,
    2020,
    2020,
    2020,
    2020,
    2020,
    2020,
    2020,
    2020,
    2020,
    2020,
    2020,
    2020,
    2020,
    2020,
    2020,
    2020,
    2020,
    2020,
    2020
  ],
  "entities": [
    1,
    2,
    3,
    4,
    5,
    6,
    7,
    8,
    9,
    10,
    11,
    12,
    13,
    16,
    21,
    23,
    24,
    27,
    28,
    32,
    34,
    35,
    37,
    39,
    40,
    43,
    44,
    60,
    62,
    63,
    64,
    65,
    66,
    67,
    68,
    70,
    71,
    72,
    75,
    80,
    81,
    84,
    85,
    89,
    90,
    92,
    95,
    96,
    97,
    98,
    102,
    103,
    105,
    106,
    107,
    110,
    111,
    112,
    113,
    115,
    116,
    122,
    124,
    125,
    126,
    127,
    129,
    130,
    131,
    134,
    135,
    136,
    137,
    138,
    141,
    142,
    143,
    144,
    147,
    149,
    150,
    152,
    153,
    155,
    156,
    158,
    160,
    161,
    162,
    163,
    165,
    166,
    168,
    170,
    171,
    172,
    201,
    212,
    213,
    238,
    259,
    273,
    275,
    276,
    277,
    294,
    295,
    355,
    379,
    457,
    459,
    460,
    461
  ]
}