{
  "values": [
    40.897434,
    37.718056,
    71.37634,
    57.572258,
    35.087814,
    18.87141,
    64.07484,
    59.201405,
    41.01212,
    62.897697,
    44.71939,
    41.78128,
    52.244404,
    52.659348,
    72.9736,
    61.50862,
    32.706,
    40.58397,
    48.305004,
    42.244644,
    70.84487,
    28.826624,
    54.377163,
    52.795513,
    39.4342,
    51.58834,
    15.95659,
    63.724495,
    61.259014,
    28.758259,
    62.72813,
    74.54138,
    44.71403,
    56.773544,
    63.503086,
    26.98448,
    41.507545,
    65.84057,
    49.401466,
    45.364056,
    56.84162,
    45.8359,
    45.45148,
    32.616188,
    63.34675,
    62.11947,
    45.18166,
    28.47173,
    59.524925,
    54.098003,
    37.151733,
    49.35139,
    68.3357,
    42.87858,
    28.97568,
    27.11038,
    70.03972,
    61.17238,
    37.03962,
    43.40719,
    53.4431,
    35.463108,
    30.475817,
    46.749012,
    37.241043,
    49.164993,
    69.73122,
    58.88539,
    43.29604,
    52.5816,
    45.256138,
    42.035915,
    54.38118,
    41.717888,
    68.5301,
    67.66625,
    42.768414,
    41.115032,
    16.64432,
    57.25855,
    51.572186,
    47.996967,
    46.21585,
    72.852615,
    44.99341,
    59.277653,
    72.21736,
    44.095016,
    48.773006,
    29.997808,
    48.557346,
    39.75472,
    34.739998,
    29.405935,
    76.715744,
    67.084915,
    58.520935,
    61.056923,
    36.114902,
    47.534718,
    35.759483,
    41.948612,
    48.85285,
    39.97995,
    46.9011,
    57.03305,
    60.56411,
    71.19648,
    45.060337,
    64.425446,
    40.129444,
    48.588146,
    41.773266
  ],
  "years": [
    2020,
    2020,
    2020,
    2020,
    2020,
    2020,
    2020,
    2020,
    2020,
    2020,
    2020,
    2020,
    2020,
    2020,
    2020,
    2020,
    2020,
    2020,
    2020,
    2020,
    2020,
    2020,
    2020,
    2020,
    2020,
    2020,
    2020,
    2020,
    2020,
    2020,
    2020,
    2020,
    2020,
    2020,
    2020,
    2020,
    2020,
    2020,
    2020,
    2020,
    2020,
    2020,
    2020,
    2020,
    2020,
    2020,
    2020,
    2020,
    2020,
    2020,
    2020,
    2020,
    2020,
    2020,
    2020,
    2020,
    2020,
    2020,
    2020,
    2020,
    2020,
    2020,
    2020,
    2020,
    2020,
    2020,
    2020,
    2020,
    2020,
    2020,
    2020,
    2020,
    2020,
    2020,
    2020,
    2020,
    2020,
    2020,
    2020,
    2020,
    2020,
    2020,
    2020,
    2020,
    2020,
    2020,
    2020,
    2020,
    2020,
    2020,
    2020,
    2020,
    2020,
    2020,
    2020,
    2020,
    2020,
    2020,
    2020,
    2020,
    2020,
    2020,
    2020,
    2020,
    2020,
    2020,
    2020,
    2020,
    2020,
    2020,
    2020,
    2020,
    2020
  ],
  "entities": [
    16,
    21,
    23,
    24,
    27,
    28,
    4,
    32,
    34,
    35,
    37,
    39,
    40,
    43,
    44,
    172,
    171,
    170,
    168,
    166,
    165,
    163,
    162,
    161,
    160,
    201,
    65,
    259,
    156,
    158,
    155,
    3,
    153,
    152,
    6,
    150,
    149,
    147,
    144,
    138,
    137,
    136,
    135,
    134,
    2,
    8,
    143,
    130,
    131,
    129,
    379,
    126,
    125,
    122,
    124,
    116,
    115,
    212,
    213,
    113,
    111,
    112,
    110,
    142,
    107,
    5,
    106,
    105,
    103,
    66,
    102,
    98,
    97,
    96,
    11,
    95,
    92,
    12,
    90,
    89,
    85,
    81,
    127,
    9,
    141,
    10,
    7,
    64,
    75,
    71,
    70,
    68,
    67,
    72,
    1,
    13,
    63,
    62,
    238,
    84,
    60,
    80,
    355,
    273,
    275,
    276,
    294,
    277,
    295,
    457,
    459,
    460,
    461
  ]
}