{
  "values": [
    14.600855,
    0,
    0.4056155,
    54.863064,
    0.03161029,
    0.040960733,
    7.7635193,
    0.84251136,
    8.629308,
    43.499252,
    0.22290468,
    7.0746274,
    0.2074889,
    34.383995,
    0.27309367,
    80.41431,
    91.1099,
    7.9481125,
    42.7492,
    85.95771,
    91.74189,
    0.24139784,
    2.5333536,
    12.984612,
    38.08289,
    70.421425,
    0.29834738,
    26.701902,
    0.19177482,
    0.98706335,
    1.3135161,
    0.17376578,
    4.688532,
    17.483849,
    69.05011,
    7.9181304,
    6.427885,
    37.190937,
    0.11005629,
    16.927137,
    12.978216,
    55.35083,
    61.3449,
    7.4070044,
    59.722626,
    9.120634,
    3.2729623,
    2.6467345,
    0.11472018,
    2.7903116,
    0,
    0.01828568,
    49.21563,
    46.11316,
    0.0023350504,
    7.0154357,
    56.05222,
    76.8774,
    0.60601175,
    67.61932,
    80.36754,
    0.20064886,
    49.15303,
    55.002384,
    0.70970577,
    0.49091572,
    1.8984524,
    0.120057724,
    1.7699776,
    62.129444,
    43.437828,
    56.629696,
    3.3940716,
    20.235777,
    85.10106,
    40.784775,
    0.2257255,
    7.8179855,
    0.023101985,
    82.839554,
    1.65762,
    3.8306928,
    5.0966797,
    53.273693,
    2.6892629,
    0.8522718,
    17.079765,
    29.708857,
    0.19988018,
    0.17160048,
    77.59331,
    10.418175,
    2.2734842,
    52.314926,
    2.611474,
    0.71345747,
    67.64864,
    0.063001186,
    23.629782,
    47.611027,
    1.7010924,
    1.2154332,
    0.13079052,
    0.043432146,
    0.23253874,
    72.27817,
    0.078584075,
    0.05659609,
    0.1771553,
    13.906507,
    67.062225,
    45.018806
  ],
  "years": [
    2022,
    2017,
    2018,
    2015,
    2019,
    2015,
    2019,
    2012,
    2015,
    2021,
    2022,
    2016,
    2011,
    2015,
    2015,
    2021,
    2016,
    2021,
    2018,
    2018,
    2019,
    2014,
    2015,
    2022,
    2014,
    2017,
    2018,
    2021,
    2019,
    2019,
    2018,
    2014,
    2014,
    2021,
    2019,
    2021,
    2019,
    2019,
    2018,
    2022,
    2014,
    2018,
    2018,
    2019,
    2016,
    2019,
    2019,
    2017,
    2018,
    2018,
    2017,
    2015,
    2022,
    2018,
    2018,
    2017,
    2018,
    2019,
    2014,
    2021,
    2019,
    2016,
    2018,
    2019,
    2022,
    2012,
    2018,
    2018,
    2017,
    2022,
    2015,
    2013,
    2022,
    2011,
    2012,
    2021,
    2018,
    2017,
    2019,
    2016,
    2016,
    2022,
    2022,
    2019,
    2012,
    2019,
    2019,
    2019,
    2019,
    2019,
    2019,
    2016,
    2016,
    2014,
    2018,
    2017,
    2022,
    2022,
    2016,
    2017,
    2019,
    2022,
    2023,
    2019,
    2019,
    2016,
    2012,
    2021,
    2020,
    2022,
    2018,
    2019
  ],
  "entities": [
    15,
    16,
    17,
    19,
    21,
    22,
    28,
    29,
    31,
    32,
    33,
    34,
    35,
    36,
    37,
    40,
    41,
    42,
    43,
    174,
    173,
    171,
    170,
    169,
    168,
    167,
    166,
    143,
    164,
    160,
    201,
    65,
    259,
    78,
    158,
    202,
    153,
    151,
    152,
    150,
    148,
    147,
    94,
    146,
    145,
    139,
    137,
    136,
    134,
    132,
    130,
    131,
    129,
    204,
    126,
    125,
    123,
    121,
    120,
    118,
    117,
    211,
    115,
    114,
    113,
    111,
    112,
    215,
    110,
    109,
    142,
    108,
    107,
    105,
    104,
    103,
    66,
    101,
    140,
    99,
    98,
    97,
    96,
    91,
    229,
    239,
    232,
    89,
    88,
    233,
    87,
    81,
    141,
    79,
    234,
    76,
    64,
    75,
    225,
    74,
    235,
    73,
    71,
    69,
    237,
    68,
    67,
    62,
    84,
    61,
    60,
    80
  ]
}