{
  "values": [
    88.712074,
    7.0876517,
    3.9465623,
    55.631454,
    7.61323,
    7.2520695,
    70.261185,
    9.382887,
    17.432207,
    42.11126,
    30.391684,
    22.393076,
    2.2304573,
    17.960773,
    1.780317,
    44.516636,
    84.65007,
    12.302337,
    53.01093,
    86.86073,
    91.38044,
    15.991081,
    50.23689,
    35.64566,
    71.68341,
    13.406471,
    24.871864,
    18.46522,
    15.035928,
    7.8037753,
    5.6947327,
    23.787312,
    10.530795,
    93.24401,
    26.874508,
    9.539097,
    15.807876,
    7.9293675,
    27.42029,
    41.071583,
    43.030525,
    94.24806,
    26.040133,
    41.137943,
    25.537981,
    41.388844,
    10.3449,
    7.9282837,
    22.206467,
    1.3539594,
    8.857567,
    53.589134,
    84.79521,
    8.283344,
    21.047943,
    35.874268,
    49.748722,
    7.0809,
    69.99689,
    72.03072,
    10.4299135,
    72.21887,
    58.025486,
    17.607534,
    8.84748,
    38.606926,
    3.5722988,
    18.50994,
    69.55406,
    73.13584,
    47.8349,
    51.90162,
    40.63824,
    93.62459,
    37.84092,
    1.2180426,
    46.422848,
    2.8491132,
    76.522156,
    17.76939,
    40.095676,
    23.61573,
    69.21384,
    28.033445,
    54.410374,
    2.9236205,
    27.8841,
    5.244894,
    0,
    50.87391,
    16.364876,
    6.4026504,
    91.21324,
    9.911511,
    56.757313,
    57.17892,
    2.1993883,
    65.19826,
    39.91866,
    42.243797,
    8.945841,
    1.0135411,
    1.597114,
    48.11781,
    68.7054,
    3.9474356,
    16.515661,
    8.089604,
    57.167797,
    31.063837
  ],
  "years": [
    2022,
    2017,
    2018,
    2015,
    2019,
    2015,
    2019,
    2012,
    2015,
    2021,
    2022,
    2016,
    2011,
    2015,
    2015,
    2021,
    2016,
    2021,
    2018,
    2018,
    2019,
    2015,
    2022,
    2014,
    2017,
    2018,
    2021,
    2019,
    2019,
    2018,
    2014,
    2014,
    2021,
    2019,
    2021,
    2019,
    2019,
    2018,
    2022,
    2014,
    2018,
    2018,
    2019,
    2016,
    2019,
    2019,
    2017,
    2018,
    2018,
    2017,
    2015,
    2022,
    2018,
    2018,
    2017,
    2018,
    2019,
    2014,
    2021,
    2019,
    2016,
    2018,
    2019,
    2022,
    2012,
    2018,
    2018,
    2017,
    2022,
    2015,
    2013,
    2022,
    2011,
    2012,
    2021,
    2018,
    2017,
    2019,
    2016,
    2016,
    2022,
    2022,
    2019,
    2012,
    2019,
    2019,
    2019,
    2019,
    2019,
    2019,
    2016,
    2016,
    2014,
    2018,
    2017,
    2022,
    2022,
    2016,
    2017,
    2019,
    2022,
    2023,
    2019,
    2019,
    2016,
    2012,
    2021,
    2020,
    2018,
    2019
  ],
  "entities": [
    15,
    16,
    17,
    19,
    21,
    22,
    28,
    29,
    31,
    32,
    33,
    34,
    35,
    36,
    37,
    40,
    41,
    42,
    43,
    174,
    173,
    170,
    169,
    168,
    167,
    166,
    143,
    164,
    160,
    201,
    65,
    259,
    78,
    158,
    202,
    153,
    151,
    152,
    150,
    148,
    147,
    94,
    146,
    145,
    139,
    137,
    136,
    134,
    132,
    130,
    131,
    129,
    204,
    126,
    125,
    123,
    121,
    120,
    118,
    117,
    211,
    115,
    114,
    113,
    111,
    112,
    215,
    110,
    109,
    142,
    108,
    107,
    105,
    104,
    103,
    66,
    101,
    140,
    99,
    98,
    97,
    96,
    91,
    229,
    239,
    232,
    89,
    88,
    233,
    87,
    81,
    141,
    79,
    234,
    76,
    64,
    75,
    225,
    74,
    235,
    73,
    71,
    69,
    237,
    68,
    67,
    62,
    84,
    60,
    80
  ]
}