{
  "values": [
    0,
    0,
    0,
    0,
    0,
    0,
    0,
    0,
    0,
    0,
    0,
    0,
    0,
    0,
    0.4374013113,
    0,
    0,
    0,
    0.1814269593,
    0.3351970288,
    0.0983206098,
    1.551787012,
    0,
    0,
    0,
    0,
    0.4224614293,
    0.1226740288,
    1.984653218,
    0,
    0,
    0,
    0.0810558004,
    0.3571692804,
    0.1503162724,
    2.328253632,
    0,
    0,
    0,
    0,
    0.0397441589,
    0.1095935687,
    2.997938085,
    0,
    0,
    0,
    0.0495804257,
    0.3269112704,
    0.1856931485,
    0,
    2.069322297,
    0,
    0,
    0,
    0.1653759761,
    0.2515054698,
    0.1579129525,
    0,
    3.241008901,
    0,
    0,
    0,
    0.1076409657,
    0.645740534,
    0.2483060112,
    0,
    4.737047994,
    0,
    0,
    0,
    0.0969907332,
    0.617988548,
    0.3098953753,
    0,
    4.66115885,
    0,
    0,
    0.0344683889,
    0.1787917788,
    0.7083615426,
    0.3485386363,
    0,
    5.082141834,
    0,
    0,
    0,
    0.1402273197,
    1.047656669,
    0.3879894256,
    0,
    5.12648435,
    0,
    0,
    0,
    0.1346697964,
    0.7758777615,
    0.3547952212,
    0,
    6.162916703,
    0,
    0.0871607052,
    0,
    0.1282466275,
    0.7466213946,
    0.4152038475,
    0,
    5.711667571,
    0,
    0,
    0.0282914003,
    0.2201573636,
    0.9599861171,
    0.433090192,
    0,
    0,
    4.30034324,
    0,
    0,
    0.0818384182,
    0.1413700311,
    0.7545554941,
    0.3500697301,
    0,
    0,
    4.671939969,
    0,
    0,
    0,
    0.1846750631,
    0.6029728691,
    0.3228035144,
    0,
    0,
    3.548267677,
    0,
    0,
    0,
    0.1355469659,
    0.4543273456,
    0.2437586968,
    0,
    0,
    3.256737958,
    0,
    0,
    0.0255491078,
    0.0441189836,
    0.2058919764,
    0.191574803,
    0,
    0
  ],
  "years": [
    631,
    631,
    631,
    631,
    631,
    631,
    631,
    638,
    638,
    638,
    638,
    638,
    638,
    638,
    645,
    645,
    645,
    645,
    645,
    645,
    645,
    652,
    652,
    652,
    652,
    652,
    652,
    652,
    659,
    659,
    659,
    659,
    659,
    659,
    659,
    666,
    666,
    666,
    666,
    666,
    666,
    666,
    673,
    673,
    673,
    673,
    673,
    673,
    673,
    673,
    680,
    680,
    680,
    680,
    680,
    680,
    680,
    680,
    687,
    687,
    687,
    687,
    687,
    687,
    687,
    687,
    694,
    694,
    694,
    694,
    694,
    694,
    694,
    694,
    701,
    701,
    701,
    701,
    701,
    701,
    701,
    701,
    708,
    708,
    708,
    708,
    708,
    708,
    708,
    708,
    715,
    715,
    715,
    715,
    715,
    715,
    715,
    715,
    722,
    722,
    722,
    722,
    722,
    722,
    722,
    722,
    729,
    729,
    729,
    729,
    729,
    729,
    729,
    729,
    729,
    736,
    736,
    736,
    736,
    736,
    736,
    736,
    736,
    736,
    743,
    743,
    743,
    743,
    743,
    743,
    743,
    743,
    743,
    750,
    750,
    750,
    750,
    750,
    750,
    750,
    750,
    750,
    757,
    757,
    757,
    757,
    757,
    757,
    757,
    757,
    757
  ],
  "entities": [
    168957,
    240195,
    240196,
    240197,
    240198,
    240199,
    240200,
    168957,
    240195,
    240196,
    240197,
    240198,
    240199,
    240200,
    168957,
    240195,
    240196,
    240197,
    240198,
    240199,
    240200,
    168957,
    240195,
    240196,
    240197,
    240198,
    240199,
    240200,
    168957,
    240195,
    240196,
    240197,
    240198,
    240199,
    240200,
    168957,
    240195,
    240196,
    240197,
    240198,
    240199,
    240200,
    168957,
    240195,
    240196,
    240197,
    240198,
    240199,
    240200,
    358121,
    168957,
    240195,
    240196,
    240197,
    240198,
    240199,
    240200,
    358121,
    168957,
    240195,
    240196,
    240197,
    240198,
    240199,
    240200,
    358121,
    168957,
    240195,
    240196,
    240197,
    240198,
    240199,
    240200,
    358121,
    168957,
    240195,
    240196,
    240197,
    240198,
    240199,
    240200,
    358121,
    168957,
    240195,
    240196,
    240197,
    240198,
    240199,
    240200,
    358121,
    168957,
    240195,
    240196,
    240197,
    240198,
    240199,
    240200,
    358121,
    168957,
    240195,
    240196,
    240197,
    240198,
    240199,
    240200,
    358121,
    168957,
    240195,
    240196,
    240197,
    240198,
    240199,
    240200,
    358121,
    358122,
    168957,
    240195,
    240196,
    240197,
    240198,
    240199,
    240200,
    358121,
    358122,
    168957,
    240195,
    240196,
    240197,
    240198,
    240199,
    240200,
    358121,
    358122,
    168957,
    240195,
    240196,
    240197,
    240198,
    240199,
    240200,
    358121,
    358122,
    168957,
    240195,
    240196,
    240197,
    240198,
    240199,
    240200,
    358121,
    358122
  ]
}