{
  "values": [
    3.9569497,
    3.501464,
    4.16756,
    4.8562293,
    5.5480037,
    6.1239543,
    6.3700147,
    7.8674283,
    8.678054,
    9.673135,
    9.85955,
    10.310846,
    11.029499,
    12.284807,
    14.097938,
    16.100876,
    18.648905,
    21.052334,
    22.439243,
    24.281801,
    26.485031,
    29.840757,
    32.80876,
    33.972298,
    35.2679,
    34.227383,
    37.908726,
    39.311523,
    42.240448,
    44.05897,
    49.4702,
    66.90171,
    68.79627,
    72.11819,
    78.01457,
    85.42963,
    91.60059,
    94.492134,
    94.38936,
    94.56903,
    104.039955,
    112.68035,
    124.108116,
    136.7554,
    140.77815,
    141.94585,
    139.17464,
    140.41048,
    154.85706,
    160.41656,
    156.28209,
    152.09813,
    137.9353,
    164.04254,
    142.57748,
    160.2754,
    171.21385,
    173.83559,
    177.75287,
    192.80318,
    195.59329,
    195.5937,
    180.72672,
    184.2862,
    118.629265,
    177.163,
    201.361,
    209.924,
    203.374,
    199.938,
    206.44,
    211.46,
    193.64,
    171.25,
    161.34,
    155.21,
    147.27,
    121.97,
    122.97,
    106.18,
    119.95,
    131.46,
    124.28,
    138.46,
    131.79,
    134.64,
    148.85,
    135.94,
    124.38,
    103.04,
    107.59,
    108.44,
    142.79,
    130.26,
    100.24,
    75.88,
    30.67,
    22.53,
    16.83,
    6.92,
    5.49,
    6.51,
    5.57,
    4.06
  ],
  "years": [
    1920,
    1921,
    1922,
    1923,
    1924,
    1925,
    1926,
    1927,
    1928,
    1929,
    1930,
    1931,
    1932,
    1933,
    1934,
    1935,
    1936,
    1937,
    1938,
    1939,
    1940,
    1941,
    1942,
    1943,
    1944,
    1945,
    1946,
    1947,
    1948,
    1949,
    1950,
    1951,
    1952,
    1953,
    1954,
    1955,
    1956,
    1957,
    1958,
    1959,
    1960,
    1961,
    1962,
    1963,
    1964,
    1965,
    1966,
    1967,
    1968,
    1969,
    1970,
    1971,
    1972,
    1973,
    1974,
    1975,
    1976,
    1977,
    1978,
    1979,
    1980,
    1981,
    1982,
    1983,
    1984,
    1985,
    1986,
    1987,
    1988,
    1989,
    1990,
    1991,
    1992,
    1993,
    1994,
    1995,
    1996,
    1997,
    1998,
    1999,
    2000,
    2001,
    2002,
    2003,
    2004,
    2005,
    2006,
    2007,
    2008,
    2009,
    2010,
    2011,
    2012,
    2013,
    2014,
    2015,
    2016,
    2017,
    2018,
    2019,
    2020,
    2021,
    2022,
    2023
  ],
  "entities": [
    1,
    1,
    1,
    1,
    1,
    1,
    1,
    1,
    1,
    1,
    1,
    1,
    1,
    1,
    1,
    1,
    1,
    1,
    1,
    1,
    1,
    1,
    1,
    1,
    1,
    1,
    1,
    1,
    1,
    1,
    1,
    1,
    1,
    1,
    1,
    1,
    1,
    1,
    1,
    1,
    1,
    1,
    1,
    1,
    1,
    1,
    1,
    1,
    1,
    1,
    1,
    1,
    1,
    1,
    1,
    1,
    1,
    1,
    1,
    1,
    1,
    1,
    1,
    1,
    1,
    1,
    1,
    1,
    1,
    1,
    1,
    1,
    1,
    1,
    1,
    1,
    1,
    1,
    1,
    1,
    1,
    1,
    1,
    1,
    1,
    1,
    1,
    1,
    1,
    1,
    1,
    1,
    1,
    1,
    1,
    1,
    1,
    1,
    1,
    1,
    1,
    1,
    1,
    1
  ]
}