{
  "values": [
    72.84443,
    82.88917,
    71.624275,
    76.020325,
    82.921455,
    87.444565,
    75.75294,
    85.10426,
    87.31633,
    90.40839,
    84.898705,
    72.52477,
    80.09102,
    86.524994,
    71.9629,
    83.661896,
    87.92614,
    79.08222,
    65.628235,
    87.50481,
    81.56846,
    89.42567,
    71.42405,
    85.093575,
    81.40154,
    86.43171,
    84.21834,
    85.21131,
    71.34779,
    80.10275,
    80.421844,
    72.08198,
    84.93578,
    68.07142,
    81.37971,
    74.642845,
    67.43499,
    79.77137,
    81.801636,
    93.6826,
    83.09552,
    87.42293,
    84.32788,
    73.58441,
    68.85982,
    83.580925,
    78.639946,
    94.9963,
    84.922966,
    76.89931,
    75.18707,
    81.09143,
    85.740456,
    75.589424,
    83.74065,
    73.616425,
    84.50433,
    79.32224,
    78.055336,
    82.08106,
    82.908806,
    73.28339,
    60.212986,
    95.364044,
    65.83268,
    58.99228,
    87.82827,
    67.017586,
    70.82149,
    76.73829,
    79.12761,
    84.52044,
    82.82279,
    70.5068,
    84.744804,
    73.42707,
    81.8161,
    71.51011,
    79.842705,
    77.88381,
    67.62067,
    85.06311,
    82.5198,
    85.083595,
    74.37608,
    72.80364,
    89.972916,
    76.89948,
    78.785194,
    78.24367,
    87.80805,
    75.73848,
    79.193275,
    85.64458,
    63.353428,
    84.13164,
    87.61079,
    82.68385,
    86.92501,
    87.47985,
    83.997345,
    79.290146,
    77.5206,
    77.74236,
    82.779366,
    80.36922,
    77.21828,
    78.01984,
    76.02753,
    79.206436,
    72.22729,
    81.32298,
    77.10451
  ],
  "years": [
    2020,
    2020,
    2020,
    2020,
    2020,
    2020,
    2020,
    2020,
    2020,
    2020,
    2020,
    2020,
    2020,
    2020,
    2020,
    2020,
    2020,
    2020,
    2020,
    2020,
    2020,
    2020,
    2020,
    2020,
    2020,
    2020,
    2020,
    2020,
    2020,
    2020,
    2020,
    2020,
    2020,
    2020,
    2020,
    2020,
    2020,
    2020,
    2020,
    2020,
    2020,
    2020,
    2020,
    2020,
    2020,
    2020,
    2020,
    2020,
    2020,
    2020,
    2020,
    2020,
    2020,
    2020,
    2020,
    2020,
    2020,
    2020,
    2020,
    2020,
    2020,
    2020,
    2020,
    2020,
    2020,
    2020,
    2020,
    2020,
    2020,
    2020,
    2020,
    2020,
    2020,
    2020,
    2020,
    2020,
    2020,
    2020,
    2020,
    2020,
    2020,
    2020,
    2020,
    2020,
    2020,
    2020,
    2020,
    2020,
    2020,
    2020,
    2020,
    2020,
    2020,
    2020,
    2020,
    2020,
    2020,
    2020,
    2020,
    2020,
    2020,
    2020,
    2020,
    2020,
    2020,
    2020,
    2020,
    2020,
    2020,
    2020,
    2020,
    2020,
    2020
  ],
  "entities": [
    1,
    2,
    3,
    4,
    5,
    6,
    7,
    8,
    9,
    10,
    11,
    12,
    13,
    16,
    21,
    23,
    24,
    27,
    28,
    32,
    34,
    35,
    37,
    39,
    40,
    43,
    44,
    60,
    62,
    63,
    64,
    65,
    66,
    67,
    68,
    70,
    71,
    72,
    75,
    80,
    81,
    84,
    85,
    89,
    90,
    92,
    95,
    96,
    97,
    98,
    102,
    103,
    105,
    106,
    107,
    110,
    111,
    112,
    113,
    115,
    116,
    122,
    124,
    125,
    126,
    127,
    129,
    130,
    131,
    134,
    135,
    136,
    137,
    138,
    141,
    142,
    143,
    144,
    147,
    149,
    150,
    152,
    153,
    155,
    156,
    158,
    160,
    161,
    162,
    163,
    165,
    166,
    168,
    170,
    171,
    172,
    201,
    212,
    213,
    238,
    259,
    273,
    275,
    276,
    277,
    294,
    295,
    355,
    379,
    457,
    459,
    460,
    461
  ]
}