{
  "values": [
    51.439003,
    58.739597,
    54.21385,
    50.655163,
    56.922443,
    55.287243,
    47.841877,
    55.139214,
    57.077297,
    46.703934,
    65.39474,
    64.40816,
    64.25587,
    54.192497,
    73.66945,
    58.101604,
    47.036987,
    67.351326,
    37.928905,
    61.5533,
    68.96559,
    66.66177,
    74.34573,
    60.67117,
    59.11512,
    75.16382,
    60.003414,
    70.076294,
    58.930195,
    65.167366,
    53.929363,
    53.46195,
    62.512234,
    55.50576,
    68.302414,
    48.28742,
    55.677906,
    54.70345,
    60.922714,
    52.760998,
    70.64971,
    64.91945,
    69.502396,
    48.696583,
    65.34663,
    52.018707,
    52.53663,
    70.40088,
    82.70601,
    59.973225,
    52.447567,
    68.47103,
    80.941956,
    49.71017,
    52.243256,
    49.3291,
    45.6028,
    60.30599,
    74.93055,
    70.95999,
    60.341454,
    46.503036,
    35.618397,
    64.814445,
    64.65831,
    45.7664,
    80.387695,
    50.68966,
    52.776203,
    52.612537,
    61.065655,
    80.767746,
    64.66976,
    55.37301,
    49.514526,
    44.854546,
    53.974735,
    49.445797,
    57.176514,
    50.92366,
    56.74458,
    53.831985,
    63.391388,
    49.452408,
    51.76033,
    74.69701,
    77.95735,
    45.717518,
    57.186417,
    50.989826,
    65.00948,
    72.49933,
    64.94808,
    78.51473,
    51.827423,
    74.81275,
    85.87918,
    60.289124,
    67.260956,
    79.11776,
    77.660355,
    63.704567,
    59.814823,
    57.2798,
    57.184196,
    67.51389,
    76.12451,
    62.49682,
    53.754936,
    57.540028,
    63.62987,
    63.302517,
    69.37425
  ],
  "years": [
    2020,
    2020,
    2020,
    2020,
    2020,
    2020,
    2020,
    2020,
    2020,
    2020,
    2020,
    2020,
    2020,
    2020,
    2020,
    2020,
    2020,
    2020,
    2020,
    2020,
    2020,
    2020,
    2020,
    2020,
    2020,
    2020,
    2020,
    2020,
    2020,
    2020,
    2020,
    2020,
    2020,
    2020,
    2020,
    2020,
    2020,
    2020,
    2020,
    2020,
    2020,
    2020,
    2020,
    2020,
    2020,
    2020,
    2020,
    2020,
    2020,
    2020,
    2020,
    2020,
    2020,
    2020,
    2020,
    2020,
    2020,
    2020,
    2020,
    2020,
    2020,
    2020,
    2020,
    2020,
    2020,
    2020,
    2020,
    2020,
    2020,
    2020,
    2020,
    2020,
    2020,
    2020,
    2020,
    2020,
    2020,
    2020,
    2020,
    2020,
    2020,
    2020,
    2020,
    2020,
    2020,
    2020,
    2020,
    2020,
    2020,
    2020,
    2020,
    2020,
    2020,
    2020,
    2020,
    2020,
    2020,
    2020,
    2020,
    2020,
    2020,
    2020,
    2020,
    2020,
    2020,
    2020,
    2020,
    2020,
    2020,
    2020,
    2020,
    2020,
    2020
  ],
  "entities": [
    1,
    2,
    3,
    4,
    5,
    6,
    7,
    8,
    9,
    10,
    11,
    12,
    13,
    16,
    21,
    23,
    24,
    27,
    28,
    32,
    34,
    35,
    37,
    39,
    40,
    43,
    44,
    60,
    62,
    63,
    64,
    65,
    66,
    67,
    68,
    70,
    71,
    72,
    75,
    80,
    81,
    84,
    85,
    89,
    90,
    92,
    95,
    96,
    97,
    98,
    102,
    103,
    105,
    106,
    107,
    110,
    111,
    112,
    113,
    115,
    116,
    122,
    124,
    125,
    126,
    127,
    129,
    130,
    131,
    134,
    135,
    136,
    137,
    138,
    141,
    142,
    143,
    144,
    147,
    149,
    150,
    152,
    153,
    155,
    156,
    158,
    160,
    161,
    162,
    163,
    165,
    166,
    168,
    170,
    171,
    172,
    201,
    212,
    213,
    238,
    259,
    273,
    275,
    276,
    277,
    294,
    295,
    355,
    379,
    457,
    459,
    460,
    461
  ]
}