{
  "values": [
    63.704567,
    54.192497,
    73.66945,
    59.814823,
    58.101604,
    47.036987,
    67.351326,
    37.928905,
    50.655163,
    61.5533,
    68.96559,
    66.66177,
    74.34573,
    60.67117,
    59.11512,
    75.16382,
    60.003414,
    74.81275,
    51.827423,
    78.51473,
    64.94808,
    72.49933,
    53.974735,
    65.00948,
    50.989826,
    57.186417,
    45.717518,
    77.95735,
    85.87918,
    53.46195,
    77.660355,
    51.76033,
    74.69701,
    57.2798,
    49.452408,
    54.21385,
    63.391388,
    53.831985,
    55.287243,
    56.74458,
    50.92366,
    57.176514,
    57.540028,
    49.445797,
    55.37301,
    64.66976,
    80.767746,
    61.065655,
    52.612537,
    58.739597,
    55.139214,
    50.68966,
    52.776203,
    80.387695,
    53.754936,
    64.65831,
    64.814445,
    46.503036,
    35.618397,
    69.37425,
    63.302517,
    60.341454,
    70.95999,
    60.289124,
    67.260956,
    74.93055,
    45.6028,
    60.30599,
    49.3291,
    44.854546,
    52.243256,
    56.922443,
    49.71017,
    80.941956,
    68.47103,
    67.51389,
    62.512234,
    52.447567,
    57.184196,
    59.973225,
    82.70601,
    70.40088,
    65.39474,
    52.53663,
    52.018707,
    64.40816,
    65.34663,
    48.696583,
    69.502396,
    70.64971,
    76.12451,
    45.7664,
    57.077297,
    49.514526,
    46.703934,
    47.841877,
    53.929363,
    60.922714,
    55.677906,
    48.28742,
    68.302414,
    55.50576,
    54.70345,
    51.439003,
    64.25587,
    63.62987,
    65.167366,
    58.930195,
    79.11776,
    64.91945,
    62.49682,
    70.076294,
    52.760998
  ],
  "years": [
    2020,
    2020,
    2020,
    2020,
    2020,
    2020,
    2020,
    2020,
    2020,
    2020,
    2020,
    2020,
    2020,
    2020,
    2020,
    2020,
    2020,
    2020,
    2020,
    2020,
    2020,
    2020,
    2020,
    2020,
    2020,
    2020,
    2020,
    2020,
    2020,
    2020,
    2020,
    2020,
    2020,
    2020,
    2020,
    2020,
    2020,
    2020,
    2020,
    2020,
    2020,
    2020,
    2020,
    2020,
    2020,
    2020,
    2020,
    2020,
    2020,
    2020,
    2020,
    2020,
    2020,
    2020,
    2020,
    2020,
    2020,
    2020,
    2020,
    2020,
    2020,
    2020,
    2020,
    2020,
    2020,
    2020,
    2020,
    2020,
    2020,
    2020,
    2020,
    2020,
    2020,
    2020,
    2020,
    2020,
    2020,
    2020,
    2020,
    2020,
    2020,
    2020,
    2020,
    2020,
    2020,
    2020,
    2020,
    2020,
    2020,
    2020,
    2020,
    2020,
    2020,
    2020,
    2020,
    2020,
    2020,
    2020,
    2020,
    2020,
    2020,
    2020,
    2020,
    2020,
    2020,
    2020,
    2020,
    2020,
    2020,
    2020,
    2020,
    2020,
    2020
  ],
  "entities": [
    273,
    16,
    21,
    275,
    23,
    24,
    27,
    28,
    4,
    32,
    34,
    35,
    37,
    39,
    40,
    43,
    44,
    172,
    171,
    170,
    168,
    166,
    143,
    165,
    163,
    162,
    161,
    160,
    201,
    65,
    259,
    156,
    158,
    276,
    155,
    3,
    153,
    152,
    6,
    150,
    149,
    147,
    457,
    144,
    138,
    137,
    136,
    135,
    134,
    2,
    8,
    130,
    131,
    129,
    379,
    126,
    125,
    122,
    124,
    461,
    460,
    116,
    115,
    212,
    213,
    113,
    111,
    112,
    110,
    142,
    107,
    5,
    106,
    105,
    103,
    294,
    66,
    102,
    277,
    98,
    97,
    96,
    11,
    95,
    92,
    12,
    90,
    89,
    85,
    81,
    295,
    127,
    9,
    141,
    10,
    7,
    64,
    75,
    71,
    70,
    68,
    67,
    72,
    1,
    13,
    459,
    63,
    62,
    238,
    84,
    355,
    60,
    80
  ]
}