{
  "values": [
    64.25587,
    53.46195,
    49.3291,
    35.618397,
    65.34663,
    50.68966,
    48.28742,
    80.767746,
    37.928905,
    51.439003,
    54.21385,
    55.287243,
    56.922443,
    50.655163,
    57.077297,
    55.139214,
    65.39474,
    55.37301,
    57.186417,
    52.018707,
    46.703934,
    50.92366,
    45.717518,
    61.065655,
    49.445797,
    51.827423,
    64.66976,
    79.11776,
    74.34573,
    74.93055,
    68.47103,
    80.387695,
    53.929363,
    56.74458,
    68.302414,
    61.5533,
    70.64971,
    60.003414,
    58.101604,
    70.40088,
    49.514526,
    64.91945,
    60.922714,
    64.814445,
    44.854546,
    49.71017,
    74.69701,
    70.95999,
    48.696583,
    70.076294,
    45.7664,
    53.831985,
    52.776203,
    64.65831,
    45.6028,
    64.40816,
    55.50576,
    59.11512,
    75.16382,
    52.760998,
    72.49933,
    54.192497,
    73.66945,
    47.036987,
    67.351326,
    68.96559,
    66.66177,
    60.67117,
    74.81275,
    78.51473,
    64.94808,
    65.00948,
    50.989826,
    77.95735,
    85.87918,
    77.660355,
    51.76033,
    49.452408,
    63.391388,
    57.176514,
    52.612537,
    58.739597,
    53.974735,
    46.503036,
    62.512234,
    60.341454,
    60.289124,
    67.260956,
    60.30599,
    52.243256,
    80.941956,
    52.447567,
    59.973225,
    82.70601,
    52.53663,
    69.502396,
    47.841877,
    55.677906,
    54.70345,
    65.167366,
    58.930195,
    53.754936,
    62.49682,
    67.51389,
    63.704567,
    59.814823,
    57.2798,
    76.12451,
    57.184196,
    57.540028,
    63.302517,
    63.62987,
    69.37425
  ],
  "years": [
    2020,
    2020,
    2020,
    2020,
    2020,
    2020,
    2020,
    2020,
    2020,
    2020,
    2020,
    2020,
    2020,
    2020,
    2020,
    2020,
    2020,
    2020,
    2020,
    2020,
    2020,
    2020,
    2020,
    2020,
    2020,
    2020,
    2020,
    2020,
    2020,
    2020,
    2020,
    2020,
    2020,
    2020,
    2020,
    2020,
    2020,
    2020,
    2020,
    2020,
    2020,
    2020,
    2020,
    2020,
    2020,
    2020,
    2020,
    2020,
    2020,
    2020,
    2020,
    2020,
    2020,
    2020,
    2020,
    2020,
    2020,
    2020,
    2020,
    2020,
    2020,
    2020,
    2020,
    2020,
    2020,
    2020,
    2020,
    2020,
    2020,
    2020,
    2020,
    2020,
    2020,
    2020,
    2020,
    2020,
    2020,
    2020,
    2020,
    2020,
    2020,
    2020,
    2020,
    2020,
    2020,
    2020,
    2020,
    2020,
    2020,
    2020,
    2020,
    2020,
    2020,
    2020,
    2020,
    2020,
    2020,
    2020,
    2020,
    2020,
    2020,
    2020,
    2020,
    2020,
    2020,
    2020,
    2020,
    2020,
    2020,
    2020,
    2020,
    2020,
    2020
  ],
  "entities": [
    13,
    65,
    110,
    124,
    90,
    130,
    70,
    136,
    28,
    1,
    3,
    6,
    5,
    4,
    9,
    8,
    11,
    138,
    162,
    92,
    10,
    149,
    161,
    135,
    144,
    171,
    137,
    238,
    37,
    113,
    103,
    129,
    64,
    150,
    68,
    32,
    81,
    44,
    23,
    96,
    141,
    84,
    75,
    125,
    142,
    106,
    158,
    115,
    89,
    60,
    127,
    152,
    131,
    126,
    111,
    12,
    67,
    40,
    43,
    80,
    166,
    16,
    21,
    24,
    27,
    34,
    35,
    39,
    172,
    170,
    168,
    165,
    163,
    160,
    201,
    259,
    156,
    155,
    153,
    147,
    134,
    2,
    143,
    122,
    66,
    116,
    212,
    213,
    112,
    107,
    105,
    102,
    98,
    97,
    95,
    85,
    7,
    71,
    72,
    63,
    62,
    379,
    355,
    294,
    273,
    275,
    276,
    295,
    277,
    457,
    460,
    459,
    461
  ]
}