{
  "values": [
    8.4,
    5.7,
    6.4,
    7.2,
    7.8,
    7.5,
    12.6,
    12.8,
    10.25426786,
    10.98321291,
    11.55238364,
    14.02665064,
    16.18686253,
    17.14396458,
    16.62599555,
    15.04254219,
    16.27897014,
    16.75576478,
    16.30956188,
    17.05773462,
    19.04027751,
    19.41537481,
    23.99036453,
    22.55629062,
    22.99887853,
    22.78832712,
    22.73398052,
    21.27397399,
    20.49277639,
    22.77049926,
    24.28283917,
    24.17918045,
    24.00816124,
    22.71777997,
    23.43857714,
    23.88593141,
    23.91567263,
    23.35395922,
    24.21746136,
    25.26145978,
    25.24181232,
    25.45989819,
    25.98426301,
    24.94995503,
    24.92080988,
    25.85267397,
    26.34765968,
    27.80078079,
    28.94317838,
    28.17459729,
    27.66867529,
    29.20783929,
    29.36032462,
    29.79952754,
    28.55278378,
    29.35047525,
    29.59871901,
    29.9008082,
    29.83156242,
    30.07443908,
    30.5125717,
    29.79618075,
    29.14911868,
    29.14404197,
    29.63102817,
    29.92001894,
    30.47590433,
    30.28657973,
    30.42336283,
    30.30593034,
    30.49736046,
    30.38280039,
    30.61083641,
    30.97588822,
    31.27925828,
    31.71276967,
    32.02124254,
    32.37143385,
    32.40716481,
    32.78291412,
    31.84776887,
    29.65853438,
    29.24125389,
    29.35262732,
    30.67499164,
    31.4062854,
    31.38477032,
    30.24189819,
    28.47465573,
    29.22350954,
    29.17302535,
    28.95191934,
    31.05741367,
    31.23198866,
    31.55277736,
    31.12098066,
    30.57018467,
    29.35851827,
    29.21575049
  ],
  "years": [
    1870,
    1880,
    1890,
    1900,
    1902,
    1913,
    1922,
    1927,
    1929,
    1930,
    1931,
    1932,
    1933,
    1934,
    1935,
    1936,
    1937,
    1938,
    1939,
    1940,
    1941,
    1942,
    1943,
    1944,
    1945,
    1946,
    1947,
    1948,
    1949,
    1950,
    1951,
    1952,
    1953,
    1954,
    1955,
    1956,
    1957,
    1958,
    1959,
    1960,
    1961,
    1962,
    1963,
    1964,
    1965,
    1966,
    1967,
    1968,
    1969,
    1970,
    1971,
    1972,
    1973,
    1974,
    1975,
    1976,
    1977,
    1978,
    1979,
    1980,
    1981,
    1982,
    1983,
    1984,
    1985,
    1986,
    1987,
    1988,
    1989,
    1990,
    1991,
    1992,
    1993,
    1994,
    1995,
    1996,
    1997,
    1998,
    1999,
    2000,
    2001,
    2002,
    2003,
    2004,
    2005,
    2006,
    2007,
    2008,
    2009,
    2010,
    2011,
    2012,
    2013,
    2014,
    2015,
    2016,
    2017,
    2018,
    2019
  ],
  "entities": [
    13,
    13,
    13,
    13,
    13,
    13,
    13,
    13,
    13,
    13,
    13,
    13,
    13,
    13,
    13,
    13,
    13,
    13,
    13,
    13,
    13,
    13,
    13,
    13,
    13,
    13,
    13,
    13,
    13,
    13,
    13,
    13,
    13,
    13,
    13,
    13,
    13,
    13,
    13,
    13,
    13,
    13,
    13,
    13,
    13,
    13,
    13,
    13,
    13,
    13,
    13,
    13,
    13,
    13,
    13,
    13,
    13,
    13,
    13,
    13,
    13,
    13,
    13,
    13,
    13,
    13,
    13,
    13,
    13,
    13,
    13,
    13,
    13,
    13,
    13,
    13,
    13,
    13,
    13,
    13,
    13,
    13,
    13,
    13,
    13,
    13,
    13,
    13,
    13,
    13,
    13,
    13,
    13,
    13,
    13,
    13,
    13,
    13,
    13
  ]
}