{
  "values": [
    2.382227,
    1.5163399,
    2.4980685,
    -2.9648241,
    2.8223718,
    -1.0828507,
    0.9674134,
    1.9667171,
    9.9406528,
    9.4466937,
    0.9864365,
    3.8054538,
    0.019604,
    -0.5488044,
    -1.5175404,
    0.7404443,
    2.2447358,
    -2.5646007,
    4.0079761,
    -0.6134969,
    2.2183642,
    7.5108511,
    -6.6877304,
    -4.7404063,
    9.9723539,
    -3.8247441,
    7.5616131,
    0.2603715,
    7.184903,
    0.9853012,
    9.1170825,
    -0.9674582,
    2.9455299,
    -3.1056794,
    5.2678439,
    9.4164082,
    -0.2834321,
    -9.9483204,
    10.0143472,
    -1.0693792,
    1.6477722,
    3.0735313,
    1.9250126,
    -9.4679669,
    1.3635124,
    12.2141512,
    -3.8599856,
    7.8304239,
    0.3815911,
    -2.2578044,
    -4.1367118,
    4.0816327,
    11.2686038,
    1.1146497,
    0.7979003,
    5.0932195,
    -0.3964321,
    -0.0995025,
    5.0099602,
    -9.9876695,
    -6.5964173,
    -15.1060469,
    -3.3887043,
    8.3356259,
    12.3666836,
    9.8079096,
    7.5324141,
    -6.2488038,
    6.7571706,
    8.1078497,
    13.5933493,
    10.3628153,
    8.5855379,
    6.5553534,
    -2.4937504,
    -9.5110055,
    -2.8608942,
    3.5711745,
    -3.0702658,
    8.0002834,
    5.8067056,
    1.9657696,
    2.8826856,
    -2.3881303,
    5.1898504,
    0.1611975,
    0.0517301,
    -2.6541047,
    5.6417822,
    0.877046,
    0.6479123,
    4.4126547,
    2.8350108,
    4.3300026,
    5.0589391,
    5.3249182,
    1.3893204,
    3.7212153,
    2.1273004,
    -0.9836337,
    1.8240254,
    4.1811847,
    4.6744049,
    -1.187836,
    -1.2591775,
    4.2494992,
    3.4812816,
    4.5926931,
    2.2672175,
    -1.1285099,
    1.4959646,
    -2.8114187,
    3.2453528,
    6.3563115,
    2.9554807,
    2.5042393,
    2.5966737,
    3.268068,
    2.4871044,
    0.6121283,
    -1.4006814,
    2.1308688,
    1.3989957,
    2.7699804,
    1.5022676,
    2.5970399,
    3.2389766,
    3.2356254,
    3.4894249,
    2.9410445,
    -0.0196134,
    0.847901,
    1.9257786,
    2.8309089,
    2.3962221,
    1.6816031,
    0.8160032,
    -1.2298142,
    -3.6259846,
    1.6799785,
    0.8281405,
    1.4474082,
    0.9306663,
    1.5748186,
    1.7942862,
    0.8062216,
    1.74,
    1.25,
    1.37
  ],
  "years": [
    1871,
    1872,
    1873,
    1874,
    1875,
    1876,
    1877,
    1878,
    1879,
    1880,
    1881,
    1882,
    1883,
    1884,
    1885,
    1886,
    1887,
    1888,
    1889,
    1890,
    1891,
    1892,
    1893,
    1894,
    1895,
    1896,
    1897,
    1898,
    1899,
    1900,
    1901,
    1902,
    1903,
    1904,
    1905,
    1906,
    1907,
    1908,
    1909,
    1910,
    1911,
    1912,
    1913,
    1914,
    1915,
    1916,
    1917,
    1918,
    1919,
    1920,
    1921,
    1922,
    1923,
    1924,
    1925,
    1926,
    1927,
    1928,
    1929,
    1930,
    1931,
    1932,
    1933,
    1934,
    1935,
    1936,
    1937,
    1938,
    1939,
    1940,
    1941,
    1942,
    1943,
    1944,
    1945,
    1946,
    1947,
    1948,
    1949,
    1950,
    1951,
    1952,
    1953,
    1954,
    1955,
    1956,
    1957,
    1958,
    1959,
    1960,
    1961,
    1962,
    1963,
    1964,
    1965,
    1966,
    1967,
    1968,
    1969,
    1970,
    1971,
    1972,
    1973,
    1974,
    1975,
    1976,
    1977,
    1978,
    1979,
    1980,
    1981,
    1982,
    1983,
    1984,
    1985,
    1986,
    1987,
    1988,
    1989,
    1990,
    1991,
    1992,
    1993,
    1994,
    1995,
    1996,
    1997,
    1998,
    1999,
    2000,
    2001,
    2002,
    2003,
    2004,
    2005,
    2006,
    2007,
    2008,
    2009,
    2010,
    2011,
    2012,
    2013,
    2014,
    2015,
    2016,
    2017,
    2018,
    2019
  ],
  "entities": [
    13,
    13,
    13,
    13,
    13,
    13,
    13,
    13,
    13,
    13,
    13,
    13,
    13,
    13,
    13,
    13,
    13,
    13,
    13,
    13,
    13,
    13,
    13,
    13,
    13,
    13,
    13,
    13,
    13,
    13,
    13,
    13,
    13,
    13,
    13,
    13,
    13,
    13,
    13,
    13,
    13,
    13,
    13,
    13,
    13,
    13,
    13,
    13,
    13,
    13,
    13,
    13,
    13,
    13,
    13,
    13,
    13,
    13,
    13,
    13,
    13,
    13,
    13,
    13,
    13,
    13,
    13,
    13,
    13,
    13,
    13,
    13,
    13,
    13,
    13,
    13,
    13,
    13,
    13,
    13,
    13,
    13,
    13,
    13,
    13,
    13,
    13,
    13,
    13,
    13,
    13,
    13,
    13,
    13,
    13,
    13,
    13,
    13,
    13,
    13,
    13,
    13,
    13,
    13,
    13,
    13,
    13,
    13,
    13,
    13,
    13,
    13,
    13,
    13,
    13,
    13,
    13,
    13,
    13,
    13,
    13,
    13,
    13,
    13,
    13,
    13,
    13,
    13,
    13,
    13,
    13,
    13,
    13,
    13,
    13,
    13,
    13,
    13,
    13,
    13,
    13,
    13,
    13,
    13,
    13,
    13,
    13,
    13,
    13
  ]
}