{
  "values": [
    59,
    57.700001,
    57,
    57.099998,
    57.400002,
    56.599998,
    55.700001,
    57.299999,
    58.900002,
    61,
    62.700001,
    61.869999,
    62.220001,
    63.43,
    62.98,
    62.279999,
    62.880001,
    63.330002,
    63.009998,
    64.160004,
    64.619995,
    64.160004,
    64.309998,
    64.740005,
    64.790001,
    64.949997,
    64.800003,
    64.43,
    64.25,
    58.73,
    63.970001,
    63.919998,
    66.18,
    65.75,
    65.490005,
    66.119995,
    65.970001,
    65.630005,
    66.479996,
    65.720001,
    65.949997,
    66.849998,
    67.270004,
    67.540001,
    68.009995,
    67.990005,
    68.190002,
    67.75,
    68.349998,
    69.270004,
    69.509995,
    69.839996,
    70.470001,
    70.979996,
    70.660004,
    71.330002,
    71.770004,
    72.290001,
    72.43,
    72.910004,
    73.349998,
    73.639999,
    73.839996,
    74.119995,
    74.380005,
    75.040001,
    75.07,
    75.160004,
    74.990005,
    75.229996,
    75.490005,
    75.459999,
    75.779999,
    75.639999,
    75.550003,
    75.849998,
    75.919998,
    75.919998,
    76.209999,
    76.089996,
    76.43,
    76.630005,
    76.75,
    76.860001,
    77.059998,
    77.540001,
    78.020004,
    78.18,
    78.490005,
    78.559998,
    78.959999,
    78.729996,
    79,
    79.32,
    79.199997,
    79.25,
    79.239998,
    79.290001,
    79.209999,
    79.349998,
    79.610001,
    79.809998,
    79.919998,
    80.059998,
    79.790001,
    79.879997,
    79.849998,
    79.949997,
    80.080002,
    80.129997,
    80.029999,
    80.07,
    80.129997,
    80.18,
    80.279999,
    80.650002,
    80.639999,
    80.889999,
    81.120003,
    81.120003,
    81.440002,
    81.540001,
    81.550003,
    81.639999,
    81.639999,
    81.690002
  ],
  "years": [
    1790,
    1800,
    1810,
    1820,
    1830,
    1840,
    1850,
    1860,
    1870,
    1880,
    1890,
    1900,
    1901,
    1902,
    1903,
    1904,
    1905,
    1906,
    1907,
    1908,
    1909,
    1910,
    1911,
    1912,
    1913,
    1914,
    1915,
    1916,
    1917,
    1918,
    1919,
    1920,
    1921,
    1922,
    1923,
    1924,
    1925,
    1926,
    1927,
    1928,
    1929,
    1930,
    1931,
    1932,
    1933,
    1934,
    1935,
    1936,
    1937,
    1938,
    1939,
    1940,
    1941,
    1942,
    1943,
    1944,
    1945,
    1946,
    1947,
    1948,
    1949,
    1950,
    1951,
    1952,
    1953,
    1954,
    1955,
    1956,
    1957,
    1958,
    1959,
    1960,
    1961,
    1962,
    1963,
    1964,
    1965,
    1966,
    1967,
    1968,
    1969,
    1970,
    1971,
    1972,
    1973,
    1974,
    1975,
    1976,
    1977,
    1978,
    1979,
    1980,
    1981,
    1982,
    1983,
    1984,
    1985,
    1986,
    1987,
    1988,
    1989,
    1990,
    1991,
    1992,
    1993,
    1994,
    1995,
    1996,
    1997,
    1998,
    1999,
    2000,
    2001,
    2002,
    2003,
    2004,
    2005,
    2006,
    2007,
    2008,
    2009,
    2010,
    2011,
    2012,
    2013,
    2014
  ],
  "entities": [
    13,
    13,
    13,
    13,
    13,
    13,
    13,
    13,
    13,
    13,
    13,
    13,
    13,
    13,
    13,
    13,
    13,
    13,
    13,
    13,
    13,
    13,
    13,
    13,
    13,
    13,
    13,
    13,
    13,
    13,
    13,
    13,
    13,
    13,
    13,
    13,
    13,
    13,
    13,
    13,
    13,
    13,
    13,
    13,
    13,
    13,
    13,
    13,
    13,
    13,
    13,
    13,
    13,
    13,
    13,
    13,
    13,
    13,
    13,
    13,
    13,
    13,
    13,
    13,
    13,
    13,
    13,
    13,
    13,
    13,
    13,
    13,
    13,
    13,
    13,
    13,
    13,
    13,
    13,
    13,
    13,
    13,
    13,
    13,
    13,
    13,
    13,
    13,
    13,
    13,
    13,
    13,
    13,
    13,
    13,
    13,
    13,
    13,
    13,
    13,
    13,
    13,
    13,
    13,
    13,
    13,
    13,
    13,
    13,
    13,
    13,
    13,
    13,
    13,
    13,
    13,
    13,
    13,
    13,
    13,
    13,
    13,
    13,
    13,
    13,
    13
  ]
}