{
  "values": [
    60,
    58.799999,
    58.099998,
    58.200001,
    58.400002,
    57.700001,
    56.799999,
    50.299999,
    59.700001,
    61.099998,
    62.200001,
    60.700001,
    60.57,
    61.599998,
    61.220001,
    60.450001,
    61.07,
    60.82,
    60.119999,
    61.93,
    62.43,
    61.77,
    62.09,
    62.290001,
    62.150002,
    62.580002,
    62.700001,
    62.080002,
    61.669998,
    55.57,
    62.93,
    63.5,
    65.389999,
    64.630005,
    64.150002,
    64.509995,
    64.349998,
    63.950001,
    64.610001,
    63.740002,
    63.77,
    64.449997,
    64.729996,
    65.229996,
    65.389999,
    65.059998,
    65.18,
    64.520004,
    64.949997,
    66.160004,
    66.339996,
    66.300003,
    66.610001,
    66.869995,
    66.479996,
    66.809998,
    66.800003,
    67.959999,
    67.900002,
    68.150002,
    68.509995,
    68.650002,
    68.639999,
    68.75,
    68.849998,
    69.490005,
    69.419998,
    69.389999,
    69.139999,
    69.349998,
    69.479996,
    69.32,
    69.630005,
    69.440002,
    69.169998,
    69.330002,
    69.25,
    69.080002,
    69.229996,
    68.849998,
    69.040001,
    69.229996,
    69.380005,
    69.360001,
    69.529999,
    70.059998,
    70.449997,
    70.720001,
    70.970001,
    71.099998,
    71.419998,
    71.349998,
    71.709999,
    72.130005,
    72.18,
    72.290001,
    72.270004,
    72.300003,
    72.389999,
    72.440002,
    72.720001,
    72.900002,
    73.059998,
    73.270004,
    73.089996,
    73.25,
    73.389999,
    73.830002,
    74.279999,
    74.540001,
    74.639999,
    74.830002,
    74.93,
    75.009995,
    75.190002,
    75.610001,
    75.599998,
    75.869995,
    76.150002,
    76.259995,
    76.619995,
    76.800003,
    76.869995,
    76.970001,
    76.970001,
    76.990005
  ],
  "years": [
    1790,
    1800,
    1810,
    1820,
    1830,
    1840,
    1850,
    1860,
    1870,
    1880,
    1890,
    1900,
    1901,
    1902,
    1903,
    1904,
    1905,
    1906,
    1907,
    1908,
    1909,
    1910,
    1911,
    1912,
    1913,
    1914,
    1915,
    1916,
    1917,
    1918,
    1919,
    1920,
    1921,
    1922,
    1923,
    1924,
    1925,
    1926,
    1927,
    1928,
    1929,
    1930,
    1931,
    1932,
    1933,
    1934,
    1935,
    1936,
    1937,
    1938,
    1939,
    1940,
    1941,
    1942,
    1943,
    1944,
    1945,
    1946,
    1947,
    1948,
    1949,
    1950,
    1951,
    1952,
    1953,
    1954,
    1955,
    1956,
    1957,
    1958,
    1959,
    1960,
    1961,
    1962,
    1963,
    1964,
    1965,
    1966,
    1967,
    1968,
    1969,
    1970,
    1971,
    1972,
    1973,
    1974,
    1975,
    1976,
    1977,
    1978,
    1979,
    1980,
    1981,
    1982,
    1983,
    1984,
    1985,
    1986,
    1987,
    1988,
    1989,
    1990,
    1991,
    1992,
    1993,
    1994,
    1995,
    1996,
    1997,
    1998,
    1999,
    2000,
    2001,
    2002,
    2003,
    2004,
    2005,
    2006,
    2007,
    2008,
    2009,
    2010,
    2011,
    2012,
    2013,
    2014
  ],
  "entities": [
    13,
    13,
    13,
    13,
    13,
    13,
    13,
    13,
    13,
    13,
    13,
    13,
    13,
    13,
    13,
    13,
    13,
    13,
    13,
    13,
    13,
    13,
    13,
    13,
    13,
    13,
    13,
    13,
    13,
    13,
    13,
    13,
    13,
    13,
    13,
    13,
    13,
    13,
    13,
    13,
    13,
    13,
    13,
    13,
    13,
    13,
    13,
    13,
    13,
    13,
    13,
    13,
    13,
    13,
    13,
    13,
    13,
    13,
    13,
    13,
    13,
    13,
    13,
    13,
    13,
    13,
    13,
    13,
    13,
    13,
    13,
    13,
    13,
    13,
    13,
    13,
    13,
    13,
    13,
    13,
    13,
    13,
    13,
    13,
    13,
    13,
    13,
    13,
    13,
    13,
    13,
    13,
    13,
    13,
    13,
    13,
    13,
    13,
    13,
    13,
    13,
    13,
    13,
    13,
    13,
    13,
    13,
    13,
    13,
    13,
    13,
    13,
    13,
    13,
    13,
    13,
    13,
    13,
    13,
    13,
    13,
    13,
    13,
    13,
    13,
    13
  ]
}