{
  "values": [
    2.6562457,
    4.3259926,
    18.279898,
    5.3350105,
    10.823317,
    3.2121398,
    7.6822267,
    5.635366,
    5.863777,
    3.1159585,
    3.961529,
    11.990161,
    5.7896175,
    3.2941608,
    1.8311286,
    8.965412,
    7.702428,
    2.9470096,
    12.468821,
    4.0857897,
    11.296405,
    8.419122,
    0.44854414,
    9.83391,
    6.6086836,
    8.654473,
    6.200151,
    4.075795,
    6.681066,
    6.4392586,
    8.622097,
    3.486858,
    2.041912,
    9.546399,
    5.802206,
    8.151724,
    3.2180734,
    1.130839,
    6.8379583,
    4.2618604,
    0.59980553,
    9.0405655,
    7.0637436,
    13.627934,
    5.3198824,
    3.5755816,
    3.2959208,
    3.3967204,
    12.200869,
    2.250121,
    0.7813719,
    8.097927,
    1.8518499,
    10.762112,
    7.9537573,
    3.569155,
    2.3912249,
    2.8701663,
    3.61239,
    5.181778,
    9.406832,
    3.8677416,
    0.6476656,
    6.0031395,
    8.314214,
    8.878665,
    15.378988,
    8.336977,
    5.632542,
    4.363841,
    2.733297,
    15.966202,
    3.4455779,
    3.7585824,
    6.6288853,
    6.8057733,
    15.706316,
    9.172432,
    4.317193,
    7.265897,
    5.2499294,
    4.762753,
    5.2277555,
    4.690276,
    4.0958276,
    1.6701276,
    4.9971952,
    4.1753154,
    5.5655456,
    27.58858,
    9.832646,
    1.10874,
    1.4176657,
    7.155839,
    2.4473586,
    7.692894,
    2.337959,
    4.869171,
    2.1415317,
    2.5889335,
    11.550375,
    1.7975471,
    1.3463554,
    4.6544123,
    2.9053617,
    3.5299623,
    3.1102297,
    7.825141,
    10.222868,
    7.321238,
    7.3723936,
    2.464642,
    5.9666457,
    5.2137837,
    5.148997,
    11.639642,
    4.2309766,
    6.5804396,
    1.9437684,
    2.7613947,
    4.0856314,
    3.086702,
    6.18859,
    3.972601,
    5.342327,
    3.4319572,
    2.558276,
    7.9518237,
    2.8330152,
    6.4576836,
    7.1028433,
    5.794453,
    5.772119,
    1.2016084,
    3.0632489,
    6.910709,
    5.231021,
    5.4296064,
    7.032891,
    2.4909062,
    8.155796,
    7.130688,
    3.0808551,
    7.508952,
    4.4874196,
    5.6175394,
    6.788102,
    4.5599174,
    5.399059,
    1.0998019,
    5.512284,
    4.4728727,
    4.131551,
    5.0576096,
    3.8726807,
    3.8726804,
    3.8726804,
    3.8726804
  ],
  "years": [
    2018,
    2018,
    2018,
    2018,
    2018,
    2018,
    2018,
    2018,
    2018,
    2018,
    2018,
    2018,
    2018,
    2018,
    2018,
    2018,
    2018,
    2018,
    2018,
    2018,
    2018,
    2018,
    2018,
    2018,
    2018,
    2018,
    2018,
    2018,
    2018,
    2018,
    2018,
    2018,
    2018,
    2018,
    2018,
    2018,
    2018,
    2018,
    2018,
    2018,
    2018,
    2018,
    2018,
    2018,
    2018,
    2018,
    2018,
    2018,
    2018,
    2018,
    2018,
    2018,
    2018,
    2018,
    2018,
    2018,
    2018,
    2018,
    2018,
    2018,
    2018,
    2018,
    2018,
    2018,
    2018,
    2018,
    2018,
    2018,
    2018,
    2018,
    2018,
    2018,
    2018,
    2018,
    2018,
    2018,
    2018,
    2018,
    2018,
    2018,
    2018,
    2018,
    2018,
    2018,
    2018,
    2018,
    2018,
    2018,
    2018,
    2018,
    2018,
    2018,
    2018,
    2018,
    2018,
    2018,
    2018,
    2018,
    2018,
    2018,
    2018,
    2018,
    2018,
    2018,
    2018,
    2018,
    2018,
    2018,
    2018,
    2018,
    2018,
    2018,
    2018,
    2018,
    2018,
    2018,
    2018,
    2018,
    2018,
    2018,
    2018,
    2018,
    2018,
    2018,
    2018,
    2018,
    2018,
    2018,
    2018,
    2018,
    2018,
    2018,
    2018,
    2018,
    2018,
    2018,
    2018,
    2018,
    2018,
    2018,
    2018,
    2018,
    2018,
    2018,
    2018,
    2018,
    2018,
    2018,
    2018,
    2018,
    2018,
    2018,
    2018,
    2018,
    2019,
    2019,
    2019,
    2019
  ],
  "entities": [
    1,
    2,
    3,
    4,
    5,
    6,
    7,
    8,
    9,
    10,
    11,
    12,
    13,
    14,
    15,
    16,
    17,
    21,
    22,
    23,
    24,
    25,
    28,
    30,
    32,
    34,
    35,
    36,
    37,
    39,
    40,
    41,
    42,
    43,
    44,
    60,
    61,
    62,
    63,
    64,
    65,
    66,
    67,
    68,
    69,
    70,
    71,
    72,
    74,
    75,
    76,
    78,
    80,
    81,
    83,
    84,
    85,
    86,
    87,
    88,
    89,
    90,
    91,
    92,
    95,
    96,
    97,
    98,
    100,
    101,
    102,
    103,
    104,
    105,
    106,
    107,
    108,
    109,
    110,
    111,
    112,
    113,
    114,
    115,
    116,
    117,
    118,
    119,
    120,
    121,
    122,
    124,
    125,
    126,
    127,
    129,
    130,
    131,
    133,
    135,
    136,
    137,
    138,
    139,
    140,
    141,
    142,
    143,
    145,
    147,
    148,
    149,
    150,
    151,
    152,
    153,
    155,
    156,
    158,
    160,
    161,
    162,
    163,
    165,
    166,
    168,
    169,
    170,
    171,
    172,
    173,
    198,
    201,
    207,
    208,
    210,
    212,
    213,
    215,
    238,
    259,
    273,
    275,
    276,
    277,
    294,
    295,
    355,
    379,
    390,
    457,
    459,
    460,
    461,
    134,
    275,
    355,
    459
  ]
}