{
  "values": [
    0,
    0,
    81.88,
    14.215969,
    0,
    0,
    19.106901,
    0,
    56.193752,
    0,
    0,
    48.6487,
    5.2,
    0,
    19.106901,
    23,
    0,
    0,
    0,
    3.17,
    28.967999,
    0,
    0,
    0,
    18.39168,
    17.846388,
    0,
    48.667896,
    21.9484,
    66.46664,
    16.273565,
    0,
    0,
    0,
    11.8888,
    72.606705,
    0,
    0,
    0,
    0,
    0.081370294,
    0,
    14.1376,
    13.010684,
    13.010684,
    77.22401,
    0,
    0,
    13.010684,
    59.88096,
    0,
    19.4909,
    0,
    0,
    17.210915,
    52.6,
    0,
    1.15,
    13.664026,
    0,
    0,
    0.059223667,
    0,
    43.1082,
    0,
    61.6216,
    2.170669,
    0,
    24.310122,
    2.170669,
    0,
    19.106901,
    33.05452,
    11.797217,
    11.51,
    25.78,
    13.664026,
    0,
    2.170669,
    0,
    13.109109,
    2.23,
    0,
    13.664026,
    20,
    60.483055,
    0,
    19.106901,
    64,
    11.965799,
    13.664026,
    0,
    0,
    13.654825,
    0,
    7.684,
    66,
    0,
    39.43,
    0,
    13.8,
    0,
    0,
    10.7212,
    28,
    18.75,
    37.5,
    0,
    13.3,
    13.664026,
    11.4,
    0,
    0,
    0,
    0,
    0,
    0,
    0,
    77.467445,
    0,
    0,
    0,
    19.35059,
    0,
    55.974392,
    17.98,
    0,
    0,
    0,
    9.5,
    0,
    0,
    89.59,
    0,
    19.106901,
    0,
    89.18,
    13.664026,
    69.583,
    0,
    0,
    9.6,
    0,
    0,
    19.106901,
    31.82,
    0,
    0,
    0,
    14.215969,
    8.695,
    0.921,
    13.664026,
    9.180562,
    24.25,
    0,
    0,
    0,
    13.010684,
    0,
    0,
    19.098873,
    64.25549,
    5.7520003,
    0,
    0,
    10.550796,
    0,
    35.4033,
    0,
    18.564001,
    19.92808,
    0,
    11.065,
    48.97,
    15.4450035,
    23.25,
    13.664026,
    16.191,
    0,
    0,
    19.106901,
    0,
    0,
    19.106901,
    19.106901,
    21.910524,
    0,
    55.49404,
    0,
    0,
    0,
    13.79715,
    21.6125,
    0,
    2,
    19.106901,
    17.18,
    5.320728,
    0,
    0,
    0,
    16.0672,
    0,
    55.09,
    0,
    0,
    0,
    17.840376,
    0.8,
    1,
    3.2,
    35.813545,
    0,
    0,
    6.1254783,
    0,
    0,
    0,
    0,
    0,
    47.5848,
    21.18744,
    19.106901,
    0,
    2.73,
    17.840376,
    9.823075,
    25.14,
    52.6,
    19.106901,
    10.29,
    0,
    0,
    0,
    0,
    0,
    0,
    0
  ],
  "years": [
    2020,
    2020,
    2020,
    2020,
    2020,
    2020,
    2020,
    2020,
    2020,
    2020,
    2020,
    2020,
    2020,
    2020,
    2020,
    2020,
    2020,
    2020,
    2020,
    2020,
    2020,
    2020,
    2020,
    2020,
    2020,
    2020,
    2020,
    2020,
    2020,
    2020,
    2020,
    2020,
    2020,
    2020,
    2020,
    2020,
    2020,
    2020,
    2020,
    2020,
    2020,
    2020,
    2020,
    2020,
    2020,
    2020,
    2020,
    2020,
    2020,
    2020,
    2020,
    2020,
    2020,
    2020,
    2020,
    2020,
    2020,
    2020,
    2020,
    2020,
    2020,
    2020,
    2020,
    2020,
    2020,
    2020,
    2020,
    2020,
    2020,
    2020,
    2020,
    2020,
    2020,
    2020,
    2020,
    2020,
    2020,
    2020,
    2020,
    2020,
    2020,
    2020,
    2020,
    2020,
    2020,
    2020,
    2020,
    2020,
    2020,
    2020,
    2020,
    2020,
    2020,
    2020,
    2020,
    2020,
    2020,
    2020,
    2020,
    2020,
    2020,
    2020,
    2020,
    2020,
    2020,
    2020,
    2020,
    2020,
    2020,
    2020,
    2020,
    2020,
    2020,
    2020,
    2020,
    2020,
    2020,
    2020,
    2020,
    2020,
    2020,
    2020,
    2020,
    2020,
    2020,
    2020,
    2020,
    2020,
    2020,
    2020,
    2020,
    2020,
    2020,
    2020,
    2020,
    2020,
    2020,
    2020,
    2020,
    2020,
    2020,
    2020,
    2020,
    2020,
    2020,
    2020,
    2020,
    2020,
    2020,
    2020,
    2020,
    2020,
    2020,
    2020,
    2020,
    2020,
    2020,
    2020,
    2020,
    2020,
    2020,
    2020,
    2020,
    2020,
    2020,
    2020,
    2020,
    2020,
    2020,
    2020,
    2020,
    2020,
    2020,
    2020,
    2020,
    2020,
    2020,
    2020,
    2020,
    2020,
    2020,
    2020,
    2020,
    2020,
    2020,
    2020,
    2020,
    2020,
    2020,
    2020,
    2020,
    2020,
    2020,
    2020,
    2020,
    2020,
    2020,
    2020,
    2020,
    2020,
    2020,
    2020,
    2020,
    2020,
    2020,
    2020,
    2020,
    2020,
    2020,
    2020,
    2020,
    2020,
    2020,
    2020,
    2020,
    2020,
    2020,
    2020,
    2020,
    2020,
    2020,
    2020,
    2020,
    2020,
    2020,
    2020,
    2020,
    2020,
    2020,
    2020,
    2020,
    2020,
    2020,
    2020,
    2020,
    2020,
    2020,
    2020,
    2020
  ],
  "entities": [
    15,
    16,
    17,
    246,
    18,
    19,
    228,
    20,
    21,
    22,
    219,
    23,
    24,
    25,
    26,
    27,
    28,
    29,
    30,
    4,
    31,
    32,
    194,
    33,
    34,
    35,
    36,
    37,
    196,
    38,
    39,
    40,
    41,
    42,
    43,
    44,
    45,
    197,
    174,
    173,
    304,
    172,
    171,
    247,
    263,
    170,
    169,
    168,
    199,
    166,
    143,
    165,
    164,
    279,
    163,
    162,
    167,
    161,
    372426,
    154,
    200,
    160,
    225,
    201,
    65,
    259,
    159,
    157,
    156,
    78,
    158,
    249,
    250,
    202,
    155,
    3,
    253,
    203,
    153,
    151,
    152,
    6,
    150,
    251,
    149,
    205,
    206,
    252,
    254,
    148,
    282,
    147,
    94,
    146,
    145,
    139,
    144,
    138,
    207,
    137,
    136,
    135,
    134,
    2,
    265,
    133,
    8,
    132,
    14,
    283,
    130,
    131,
    129,
    204,
    379,
    208,
    126,
    125,
    122,
    124,
    123,
    121,
    120,
    209,
    119,
    210,
    262,
    118,
    117,
    116,
    211,
    115,
    212,
    223,
    284,
    114,
    213,
    193,
    113,
    222,
    111,
    214,
    112,
    215,
    216,
    110,
    109,
    142,
    108,
    218,
    107,
    5,
    362,
    220,
    106,
    105,
    104,
    103,
    261,
    285,
    128,
    66,
    266,
    102,
    217,
    101,
    224,
    140,
    100,
    99,
    98,
    97,
    96,
    11,
    95,
    93,
    226,
    245,
    92,
    12,
    91,
    260,
    227,
    229,
    280,
    372427,
    230,
    239,
    231,
    232,
    90,
    89,
    88,
    233,
    87,
    86,
    281,
    85,
    83,
    195,
    82,
    81,
    127,
    258,
    9,
    141,
    79,
    234,
    68469,
    10,
    7,
    77,
    198,
    76,
    64,
    75,
    74,
    287,
    235,
    73,
    71,
    70,
    69,
    236,
    237,
    68,
    67,
    72,
    1,
    13,
    256,
    63,
    62,
    221,
    238,
    84,
    61,
    60,
    80
  ]
}