{
  "values": [
    0,
    0,
    5.84,
    33.942387,
    23.95,
    0,
    47.410145,
    98.61473,
    13.04699,
    10,
    44.890377,
    0,
    0,
    22,
    47.410145,
    46,
    0,
    86.45,
    76.9,
    0,
    0,
    0,
    12.1,
    94.885,
    21.223042,
    28.794107,
    49.882,
    27.796032,
    0,
    15.817158,
    34.22285,
    0,
    0,
    0,
    0,
    0,
    0,
    40.245262,
    0,
    0,
    39.186153,
    86.038246,
    31.2752,
    43.112667,
    43.112667,
    1,
    0,
    0,
    43.112667,
    26.044,
    0,
    41.196712,
    41.90243,
    49.07098,
    41.714546,
    0,
    0,
    0,
    31.186924,
    0,
    94.18,
    22.097837,
    0,
    14.198,
    0,
    13.752001,
    48.369934,
    0,
    6.42986,
    48.369934,
    0,
    47.410145,
    0,
    47.527122,
    0,
    0,
    31.186924,
    40.055,
    48.369934,
    0,
    47.226894,
    0,
    0,
    31.186924,
    40.5,
    0,
    99.05,
    47.410145,
    9.075,
    20.629398,
    31.186924,
    0,
    0,
    49.7597,
    1.0934,
    40.732002,
    0,
    0,
    0,
    0,
    43.2,
    10.15,
    12,
    37.7364,
    0,
    37.5,
    0,
    48.64,
    1.1,
    31.186924,
    25.3,
    25.737299,
    0,
    0,
    56.4077,
    0,
    0,
    16.5,
    0,
    48,
    0,
    0,
    43.615963,
    17.7,
    0,
    0,
    40,
    0,
    0,
    0,
    47.517,
    0,
    1.675,
    0,
    47.410145,
    41.70919,
    1,
    31.186924,
    3.3,
    0,
    0,
    0,
    7.5753894,
    2.9646995,
    47.410145,
    7.86,
    0,
    0,
    49.469,
    33.942387,
    48.6511,
    0,
    31.186924,
    45.14018,
    50,
    0,
    0,
    0,
    43.112667,
    0,
    0,
    49.892746,
    0,
    0,
    0.01,
    0,
    44.414833,
    34.326,
    29.157051,
    36.6,
    45.002,
    21.455494,
    0,
    22.13,
    0,
    43.49684,
    46.5,
    31.186924,
    43.025,
    7.8369923,
    0,
    47.410145,
    99,
    98.35,
    47.410145,
    47.410145,
    49.959053,
    31,
    0,
    0,
    85,
    1.0913999,
    49.71625,
    45.725,
    0,
    0,
    47.410145,
    37.19,
    16.607035,
    0,
    0,
    55.192,
    0,
    0,
    0,
    0,
    0,
    0,
    47.75075,
    0,
    0,
    16.4,
    0,
    0,
    0,
    16.87704,
    0,
    0,
    0,
    12,
    0,
    6.3806,
    50,
    47.410145,
    0,
    0,
    47.75075,
    0,
    0,
    0,
    47.410145,
    60.466,
    0,
    0,
    0,
    0,
    47.9,
    0,
    0
  ],
  "years": [
    2020,
    2020,
    2020,
    2020,
    2020,
    2020,
    2020,
    2020,
    2020,
    2020,
    2020,
    2020,
    2020,
    2020,
    2020,
    2020,
    2020,
    2020,
    2020,
    2020,
    2020,
    2020,
    2020,
    2020,
    2020,
    2020,
    2020,
    2020,
    2020,
    2020,
    2020,
    2020,
    2020,
    2020,
    2020,
    2020,
    2020,
    2020,
    2020,
    2020,
    2020,
    2020,
    2020,
    2020,
    2020,
    2020,
    2020,
    2020,
    2020,
    2020,
    2020,
    2020,
    2020,
    2020,
    2020,
    2020,
    2020,
    2020,
    2020,
    2020,
    2020,
    2020,
    2020,
    2020,
    2020,
    2020,
    2020,
    2020,
    2020,
    2020,
    2020,
    2020,
    2020,
    2020,
    2020,
    2020,
    2020,
    2020,
    2020,
    2020,
    2020,
    2020,
    2020,
    2020,
    2020,
    2020,
    2020,
    2020,
    2020,
    2020,
    2020,
    2020,
    2020,
    2020,
    2020,
    2020,
    2020,
    2020,
    2020,
    2020,
    2020,
    2020,
    2020,
    2020,
    2020,
    2020,
    2020,
    2020,
    2020,
    2020,
    2020,
    2020,
    2020,
    2020,
    2020,
    2020,
    2020,
    2020,
    2020,
    2020,
    2020,
    2020,
    2020,
    2020,
    2020,
    2020,
    2020,
    2020,
    2020,
    2020,
    2020,
    2020,
    2020,
    2020,
    2020,
    2020,
    2020,
    2020,
    2020,
    2020,
    2020,
    2020,
    2020,
    2020,
    2020,
    2020,
    2020,
    2020,
    2020,
    2020,
    2020,
    2020,
    2020,
    2020,
    2020,
    2020,
    2020,
    2020,
    2020,
    2020,
    2020,
    2020,
    2020,
    2020,
    2020,
    2020,
    2020,
    2020,
    2020,
    2020,
    2020,
    2020,
    2020,
    2020,
    2020,
    2020,
    2020,
    2020,
    2020,
    2020,
    2020,
    2020,
    2020,
    2020,
    2020,
    2020,
    2020,
    2020,
    2020,
    2020,
    2020,
    2020,
    2020,
    2020,
    2020,
    2020,
    2020,
    2020,
    2020,
    2020,
    2020,
    2020,
    2020,
    2020,
    2020,
    2020,
    2020,
    2020,
    2020,
    2020,
    2020,
    2020,
    2020,
    2020,
    2020,
    2020,
    2020,
    2020,
    2020,
    2020,
    2020,
    2020,
    2020,
    2020,
    2020,
    2020,
    2020,
    2020,
    2020,
    2020,
    2020,
    2020,
    2020,
    2020,
    2020,
    2020,
    2020,
    2020,
    2020
  ],
  "entities": [
    15,
    16,
    17,
    246,
    18,
    19,
    228,
    20,
    21,
    22,
    219,
    23,
    24,
    25,
    26,
    27,
    28,
    29,
    30,
    4,
    31,
    32,
    194,
    33,
    34,
    35,
    36,
    37,
    196,
    38,
    39,
    40,
    41,
    42,
    43,
    44,
    45,
    197,
    174,
    173,
    304,
    172,
    171,
    247,
    263,
    170,
    169,
    168,
    199,
    166,
    143,
    165,
    164,
    279,
    163,
    162,
    167,
    161,
    372426,
    154,
    200,
    160,
    225,
    201,
    65,
    259,
    159,
    157,
    156,
    78,
    158,
    249,
    250,
    202,
    155,
    3,
    253,
    203,
    153,
    151,
    152,
    6,
    150,
    251,
    149,
    205,
    206,
    252,
    254,
    148,
    282,
    147,
    94,
    146,
    145,
    139,
    144,
    138,
    207,
    137,
    136,
    135,
    134,
    2,
    265,
    133,
    8,
    132,
    14,
    283,
    130,
    131,
    129,
    204,
    379,
    208,
    126,
    125,
    122,
    124,
    123,
    121,
    120,
    209,
    119,
    210,
    262,
    118,
    117,
    116,
    211,
    115,
    212,
    223,
    284,
    114,
    213,
    193,
    113,
    222,
    111,
    214,
    112,
    215,
    216,
    110,
    109,
    142,
    108,
    218,
    107,
    5,
    362,
    220,
    106,
    105,
    104,
    103,
    261,
    285,
    128,
    66,
    266,
    102,
    217,
    101,
    224,
    140,
    100,
    99,
    98,
    97,
    96,
    11,
    95,
    93,
    226,
    245,
    92,
    12,
    91,
    260,
    227,
    229,
    280,
    372427,
    230,
    239,
    231,
    232,
    90,
    89,
    88,
    233,
    87,
    86,
    281,
    85,
    83,
    195,
    82,
    81,
    127,
    258,
    9,
    141,
    79,
    234,
    68469,
    10,
    7,
    77,
    198,
    76,
    64,
    75,
    74,
    287,
    235,
    73,
    71,
    70,
    69,
    236,
    237,
    68,
    67,
    72,
    1,
    13,
    256,
    63,
    62,
    221,
    238,
    84,
    61,
    60,
    80
  ]
}