{
  "values": [
    0,
    8.270926,
    0,
    21.348042,
    52.1,
    0,
    0.1259742,
    0,
    0,
    0,
    0,
    9.6723,
    37.9,
    0,
    0.1259742,
    0,
    0,
    0,
    0,
    43.39,
    0,
    0,
    67.6,
    0,
    0,
    0,
    0,
    0,
    78.0516,
    0,
    2.7032502,
    0,
    0,
    0,
    0,
    2.97,
    0,
    0,
    0,
    0,
    16.42853,
    0.133,
    28.0496,
    0,
    0,
    0,
    0,
    0,
    0,
    0,
    0,
    0,
    0,
    0,
    0,
    17.68,
    0,
    52.59,
    9.479528,
    0,
    0,
    0,
    0,
    0,
    0,
    0,
    0,
    0,
    44.63539,
    0,
    0,
    0.1259742,
    0,
    0,
    47.92,
    34.7,
    9.479528,
    0,
    0,
    0,
    1.5582618,
    31.71,
    0,
    9.479528,
    0,
    39.516945,
    0,
    0.1259742,
    0,
    0,
    9.479528,
    0,
    0,
    0,
    0,
    0,
    0,
    14.131516,
    1.9,
    0,
    0,
    0.4,
    0,
    15.6468,
    24,
    0,
    19,
    0,
    80.2,
    9.479528,
    0,
    0,
    0,
    0,
    0,
    0,
    0,
    0,
    0,
    0,
    0,
    0,
    0.34372947,
    0,
    11.388826,
    33.99,
    0,
    0,
    0,
    0,
    2.292,
    0,
    0.37,
    0,
    0.1259742,
    0,
    0,
    9.479528,
    0,
    0,
    0,
    85,
    0,
    0,
    0.1259742,
    0,
    0,
    0,
    0,
    21.348042,
    0,
    47.369,
    9.479528,
    0,
    0,
    0,
    0,
    0,
    0,
    0,
    0,
    0,
    0,
    51.8265,
    0,
    0,
    0,
    0,
    0,
    0,
    0,
    0,
    0,
    13.24,
    20.68,
    0,
    4,
    9.479528,
    2.133,
    0,
    0,
    0.1259742,
    0,
    0,
    0.1259742,
    0.1259742,
    0,
    0,
    0,
    0,
    0,
    0,
    0,
    0,
    0,
    37,
    0.1259742,
    10.71,
    16.009104,
    0,
    0,
    0,
    24.98,
    0,
    11.62,
    0,
    0,
    0,
    2.070978,
    51.2,
    46.53,
    0,
    64.18645,
    0,
    0,
    0.3629913,
    0,
    0,
    0,
    0,
    0,
    0,
    0,
    0.1259742,
    0,
    0,
    2.070978,
    0,
    31.38,
    12.8,
    0.1259742,
    0,
    0,
    0,
    0,
    0,
    0,
    0,
    0
  ],
  "years": [
    2020,
    2020,
    2020,
    2020,
    2020,
    2020,
    2020,
    2020,
    2020,
    2020,
    2020,
    2020,
    2020,
    2020,
    2020,
    2020,
    2020,
    2020,
    2020,
    2020,
    2020,
    2020,
    2020,
    2020,
    2020,
    2020,
    2020,
    2020,
    2020,
    2020,
    2020,
    2020,
    2020,
    2020,
    2020,
    2020,
    2020,
    2020,
    2020,
    2020,
    2020,
    2020,
    2020,
    2020,
    2020,
    2020,
    2020,
    2020,
    2020,
    2020,
    2020,
    2020,
    2020,
    2020,
    2020,
    2020,
    2020,
    2020,
    2020,
    2020,
    2020,
    2020,
    2020,
    2020,
    2020,
    2020,
    2020,
    2020,
    2020,
    2020,
    2020,
    2020,
    2020,
    2020,
    2020,
    2020,
    2020,
    2020,
    2020,
    2020,
    2020,
    2020,
    2020,
    2020,
    2020,
    2020,
    2020,
    2020,
    2020,
    2020,
    2020,
    2020,
    2020,
    2020,
    2020,
    2020,
    2020,
    2020,
    2020,
    2020,
    2020,
    2020,
    2020,
    2020,
    2020,
    2020,
    2020,
    2020,
    2020,
    2020,
    2020,
    2020,
    2020,
    2020,
    2020,
    2020,
    2020,
    2020,
    2020,
    2020,
    2020,
    2020,
    2020,
    2020,
    2020,
    2020,
    2020,
    2020,
    2020,
    2020,
    2020,
    2020,
    2020,
    2020,
    2020,
    2020,
    2020,
    2020,
    2020,
    2020,
    2020,
    2020,
    2020,
    2020,
    2020,
    2020,
    2020,
    2020,
    2020,
    2020,
    2020,
    2020,
    2020,
    2020,
    2020,
    2020,
    2020,
    2020,
    2020,
    2020,
    2020,
    2020,
    2020,
    2020,
    2020,
    2020,
    2020,
    2020,
    2020,
    2020,
    2020,
    2020,
    2020,
    2020,
    2020,
    2020,
    2020,
    2020,
    2020,
    2020,
    2020,
    2020,
    2020,
    2020,
    2020,
    2020,
    2020,
    2020,
    2020,
    2020,
    2020,
    2020,
    2020,
    2020,
    2020,
    2020,
    2020,
    2020,
    2020,
    2020,
    2020,
    2020,
    2020,
    2020,
    2020,
    2020,
    2020,
    2020,
    2020,
    2020,
    2020,
    2020,
    2020,
    2020,
    2020,
    2020,
    2020,
    2020,
    2020,
    2020,
    2020,
    2020,
    2020,
    2020,
    2020,
    2020,
    2020,
    2020,
    2020,
    2020,
    2020,
    2020,
    2020,
    2020,
    2020,
    2020,
    2020,
    2020,
    2020
  ],
  "entities": [
    15,
    16,
    17,
    246,
    18,
    19,
    228,
    20,
    21,
    22,
    219,
    23,
    24,
    25,
    26,
    27,
    28,
    29,
    30,
    4,
    31,
    32,
    194,
    33,
    34,
    35,
    36,
    37,
    196,
    38,
    39,
    40,
    41,
    42,
    43,
    44,
    45,
    197,
    174,
    173,
    304,
    172,
    171,
    247,
    263,
    170,
    169,
    168,
    199,
    166,
    143,
    165,
    164,
    279,
    163,
    162,
    167,
    161,
    372426,
    154,
    200,
    160,
    225,
    201,
    65,
    259,
    159,
    157,
    156,
    78,
    158,
    249,
    250,
    202,
    155,
    3,
    253,
    203,
    153,
    151,
    152,
    6,
    150,
    251,
    149,
    205,
    206,
    252,
    254,
    148,
    282,
    147,
    94,
    146,
    145,
    139,
    144,
    138,
    207,
    137,
    136,
    135,
    134,
    2,
    265,
    133,
    8,
    132,
    14,
    283,
    130,
    131,
    129,
    204,
    379,
    208,
    126,
    125,
    122,
    124,
    123,
    121,
    120,
    209,
    119,
    210,
    262,
    118,
    117,
    116,
    211,
    115,
    212,
    223,
    284,
    114,
    213,
    193,
    113,
    222,
    111,
    214,
    112,
    215,
    216,
    110,
    109,
    142,
    108,
    218,
    107,
    5,
    362,
    220,
    106,
    105,
    104,
    103,
    261,
    285,
    128,
    66,
    266,
    102,
    217,
    101,
    224,
    140,
    100,
    99,
    98,
    97,
    96,
    11,
    95,
    93,
    226,
    245,
    92,
    12,
    91,
    260,
    227,
    229,
    280,
    372427,
    230,
    239,
    231,
    232,
    90,
    89,
    88,
    233,
    87,
    86,
    281,
    85,
    83,
    195,
    82,
    81,
    127,
    258,
    9,
    141,
    79,
    234,
    68469,
    10,
    7,
    77,
    198,
    76,
    64,
    75,
    74,
    287,
    235,
    73,
    71,
    70,
    69,
    236,
    237,
    68,
    67,
    72,
    1,
    13,
    256,
    63,
    62,
    221,
    238,
    84,
    61,
    60,
    80
  ]
}