{
  "values": [
    4.2143216,
    3.6382716,
    0.92,
    2.4022398,
    0,
    0,
    0.39374,
    0.078888,
    0,
    0,
    0,
    0,
    31.24,
    0,
    0.39374,
    0,
    2.73,
    0,
    0,
    19.137,
    0,
    0,
    18.3,
    1.3066,
    0.2304,
    0,
    0,
    0.1826,
    0,
    1.8990468,
    10.14456,
    0,
    0.7013025,
    0,
    0,
    4.0392,
    1.6405045,
    0,
    0.7013025,
    0.7013025,
    15.896881,
    0.41799998,
    2.82,
    1.0747982,
    1.0747982,
    0,
    0.38452694,
    0,
    1.0747982,
    0,
    0,
    1.6521441,
    0,
    0,
    4.269804,
    4.22,
    0,
    18.99,
    10.395168,
    4.475087,
    0,
    0,
    5.493192,
    0,
    4.375,
    0,
    0,
    0,
    3.1280398,
    0,
    0,
    0.39374,
    0,
    0,
    12.45,
    17.26,
    10.395168,
    0,
    0,
    0.7013025,
    0.9778616,
    18.23,
    0,
    10.395168,
    0,
    0,
    0.2,
    0.39374,
    0,
    0,
    10.395168,
    0,
    0.7013025,
    0,
    0,
    0,
    0,
    6.216268,
    2.86,
    9.36,
    0,
    12.3,
    0,
    5.5224,
    0,
    0,
    17.6,
    0,
    0.5,
    10.395168,
    0,
    0,
    0,
    4.490799,
    0,
    0,
    0,
    0,
    4.622928,
    15,
    0,
    0.7013025,
    6.921823,
    0,
    10.017035,
    19.66,
    0,
    0.63,
    0.7013025,
    0.95,
    2.674,
    0.7690539,
    0,
    3.6,
    0.39374,
    0,
    8.82,
    10.395168,
    0,
    0.6653036,
    0,
    0,
    0,
    0,
    0.39374,
    0.86,
    0,
    0,
    0,
    2.4022398,
    2.6978,
    27.1,
    10.395168,
    0.758396,
    0,
    0,
    0,
    0,
    1.0747982,
    0.95,
    3.0976572,
    0.07661,
    0,
    16.5231,
    0,
    1.04,
    0.8715895,
    0.461,
    0,
    0,
    0,
    0,
    0,
    16.11,
    14.12,
    0,
    0,
    10.395168,
    6.714,
    0,
    0.7013025,
    0.39374,
    0,
    0.1,
    0.39374,
    0.39374,
    0.0819,
    0,
    0,
    0,
    0,
    0,
    0,
    8.55,
    0.8459593,
    0,
    0.39374,
    7.29,
    7.197528,
    0,
    0.7013025,
    0,
    0.9992,
    0.7013025,
    16.45,
    2.6,
    0,
    0,
    0,
    15.63,
    20.79,
    1.2,
    0,
    0,
    0,
    0,
    0.65657014,
    0.95,
    0,
    0.8,
    4.75,
    0.8812,
    0,
    0.39374,
    0,
    0,
    0,
    8.83289,
    16.23,
    0,
    0.39374,
    0,
    0,
    0,
    0,
    10.8,
    0,
    0,
    0
  ],
  "years": [
    2020,
    2020,
    2020,
    2020,
    2020,
    2020,
    2020,
    2020,
    2020,
    2020,
    2020,
    2020,
    2020,
    2020,
    2020,
    2020,
    2020,
    2020,
    2020,
    2020,
    2020,
    2020,
    2020,
    2020,
    2020,
    2020,
    2020,
    2020,
    2020,
    2020,
    2020,
    2020,
    2020,
    2020,
    2020,
    2020,
    2020,
    2020,
    2020,
    2020,
    2020,
    2020,
    2020,
    2020,
    2020,
    2020,
    2020,
    2020,
    2020,
    2020,
    2020,
    2020,
    2020,
    2020,
    2020,
    2020,
    2020,
    2020,
    2020,
    2020,
    2020,
    2020,
    2020,
    2020,
    2020,
    2020,
    2020,
    2020,
    2020,
    2020,
    2020,
    2020,
    2020,
    2020,
    2020,
    2020,
    2020,
    2020,
    2020,
    2020,
    2020,
    2020,
    2020,
    2020,
    2020,
    2020,
    2020,
    2020,
    2020,
    2020,
    2020,
    2020,
    2020,
    2020,
    2020,
    2020,
    2020,
    2020,
    2020,
    2020,
    2020,
    2020,
    2020,
    2020,
    2020,
    2020,
    2020,
    2020,
    2020,
    2020,
    2020,
    2020,
    2020,
    2020,
    2020,
    2020,
    2020,
    2020,
    2020,
    2020,
    2020,
    2020,
    2020,
    2020,
    2020,
    2020,
    2020,
    2020,
    2020,
    2020,
    2020,
    2020,
    2020,
    2020,
    2020,
    2020,
    2020,
    2020,
    2020,
    2020,
    2020,
    2020,
    2020,
    2020,
    2020,
    2020,
    2020,
    2020,
    2020,
    2020,
    2020,
    2020,
    2020,
    2020,
    2020,
    2020,
    2020,
    2020,
    2020,
    2020,
    2020,
    2020,
    2020,
    2020,
    2020,
    2020,
    2020,
    2020,
    2020,
    2020,
    2020,
    2020,
    2020,
    2020,
    2020,
    2020,
    2020,
    2020,
    2020,
    2020,
    2020,
    2020,
    2020,
    2020,
    2020,
    2020,
    2020,
    2020,
    2020,
    2020,
    2020,
    2020,
    2020,
    2020,
    2020,
    2020,
    2020,
    2020,
    2020,
    2020,
    2020,
    2020,
    2020,
    2020,
    2020,
    2020,
    2020,
    2020,
    2020,
    2020,
    2020,
    2020,
    2020,
    2020,
    2020,
    2020,
    2020,
    2020,
    2020,
    2020,
    2020,
    2020,
    2020,
    2020,
    2020,
    2020,
    2020,
    2020,
    2020,
    2020,
    2020,
    2020,
    2020,
    2020,
    2020,
    2020,
    2020,
    2020,
    2020
  ],
  "entities": [
    15,
    16,
    17,
    246,
    18,
    19,
    228,
    20,
    21,
    22,
    219,
    23,
    24,
    25,
    26,
    27,
    28,
    29,
    30,
    4,
    31,
    32,
    194,
    33,
    34,
    35,
    36,
    37,
    196,
    38,
    39,
    40,
    41,
    42,
    43,
    44,
    45,
    197,
    174,
    173,
    304,
    172,
    171,
    247,
    263,
    170,
    169,
    168,
    199,
    166,
    143,
    165,
    164,
    279,
    163,
    162,
    167,
    161,
    372426,
    154,
    200,
    160,
    225,
    201,
    65,
    259,
    159,
    157,
    156,
    78,
    158,
    249,
    250,
    202,
    155,
    3,
    253,
    203,
    153,
    151,
    152,
    6,
    150,
    251,
    149,
    205,
    206,
    252,
    254,
    148,
    282,
    147,
    94,
    146,
    145,
    139,
    144,
    138,
    207,
    137,
    136,
    135,
    134,
    2,
    265,
    133,
    8,
    132,
    14,
    283,
    130,
    131,
    129,
    204,
    379,
    208,
    126,
    125,
    122,
    124,
    123,
    121,
    120,
    209,
    119,
    210,
    262,
    118,
    117,
    116,
    211,
    115,
    212,
    223,
    284,
    114,
    213,
    193,
    113,
    222,
    111,
    214,
    112,
    215,
    216,
    110,
    109,
    142,
    108,
    218,
    107,
    5,
    362,
    220,
    106,
    105,
    104,
    103,
    261,
    285,
    128,
    66,
    266,
    102,
    217,
    101,
    224,
    140,
    100,
    99,
    98,
    97,
    96,
    11,
    95,
    93,
    226,
    245,
    92,
    12,
    91,
    260,
    227,
    229,
    280,
    372427,
    230,
    239,
    231,
    232,
    90,
    89,
    88,
    233,
    87,
    86,
    281,
    85,
    83,
    195,
    82,
    81,
    127,
    258,
    9,
    141,
    79,
    234,
    68469,
    10,
    7,
    77,
    198,
    76,
    64,
    75,
    74,
    287,
    235,
    73,
    71,
    70,
    69,
    236,
    237,
    68,
    67,
    72,
    1,
    13,
    256,
    63,
    62,
    221,
    238,
    84,
    61,
    60,
    80
  ]
}