{
  "values": [
    6.6700001,
    5,
    2.1700001,
    3.3,
    5.0100002,
    4.4499998,
    2.05,
    6.5700002,
    4.0500002,
    1.98,
    2.74,
    4.46,
    3.8399999,
    1.8,
    6.3800001,
    3.6900001,
    1.88,
    2.5799999,
    3.9300001,
    3.5899999,
    1.79,
    6.0700002,
    3.4400001,
    1.8200001,
    2.49,
    3.4200001,
    3.3900001,
    1.87,
    5.6199999,
    2.97,
    1.5700001,
    2.49,
    3.02,
    3.04,
    1.96,
    5.23,
    2.6500001,
    1.42,
    2.45,
    2.73,
    2.79,
    1.92,
    4.9299998,
    2.4100001,
    1.4299999,
    2.4100001,
    2.52,
    2.6199999,
    1.99,
    4.6300001,
    2.28,
    1.53,
    2.49,
    2.3,
    2.52,
    2.03,
    4.29,
    2.1500001,
    1.55,
    2.3199999,
    2.1500001,
    2.4000001,
    1.86,
    3.98,
    2.0699999,
    1.5599999,
    2.23,
    2.0699999,
    2.3499999,
    1.87,
    3.6900001,
    2,
    1.6,
    2.1600001,
    2,
    2.28,
    1.9,
    3.4200001,
    1.9400001,
    1.64,
    2.0799999,
    1.9299999,
    2.21,
    1.92,
    3.1800001,
    1.9,
    1.6799999,
    2,
    1.88,
    2.1700001,
    1.92,
    2.96,
    1.85,
    1.6900001,
    1.9400001,
    1.84,
    2.1099999,
    1.92,
    2.77,
    1.8200001,
    1.7,
    1.89,
    1.8,
    2.0599999,
    1.9,
    2.6099999,
    1.77,
    1.71,
    1.86,
    1.75,
    2,
    1.9,
    2.4300001,
    1.75,
    1.71,
    1.84,
    1.72,
    1.9400001,
    1.89,
    2.29,
    1.71,
    1.73,
    1.8200001,
    1.7,
    1.89,
    1.88,
    2.1800001,
    1.6799999,
    1.74,
    1.8,
    1.6799999,
    1.85,
    1.88,
    2.0699999,
    1.6799999,
    1.74,
    1.78,
    1.66,
    1.8200001,
    1.87,
    2,
    1.66,
    1.74,
    1.76,
    1.64,
    1.79,
    1.86,
    1.92,
    1.66,
    1.73,
    1.76,
    1.62,
    1.76,
    1.86,
    1.88,
    1.64,
    1.74,
    1.76,
    1.62,
    1.74,
    1.86,
    1.8200001,
    1.62,
    1.75,
    1.75,
    1.61,
    1.71,
    1.85,
    1.78,
    1.6,
    1.75,
    1.75,
    1.62,
    1.7,
    1.84,
    1.76,
    1.6,
    1.74,
    1.75,
    1.62,
    1.6799999,
    1.84
  ],
  "years": [
    1973,
    1973,
    1973,
    1973,
    1973,
    1973,
    1973,
    1978,
    1978,
    1978,
    1978,
    1978,
    1978,
    1978,
    1983,
    1983,
    1983,
    1983,
    1983,
    1983,
    1983,
    1988,
    1988,
    1988,
    1988,
    1988,
    1988,
    1988,
    1993,
    1993,
    1993,
    1993,
    1993,
    1993,
    1993,
    1998,
    1998,
    1998,
    1998,
    1998,
    1998,
    1998,
    2003,
    2003,
    2003,
    2003,
    2003,
    2003,
    2003,
    2008,
    2008,
    2008,
    2008,
    2008,
    2008,
    2008,
    2013,
    2013,
    2013,
    2013,
    2013,
    2013,
    2013,
    2018,
    2018,
    2018,
    2018,
    2018,
    2018,
    2018,
    2023,
    2023,
    2023,
    2023,
    2023,
    2023,
    2023,
    2028,
    2028,
    2028,
    2028,
    2028,
    2028,
    2028,
    2033,
    2033,
    2033,
    2033,
    2033,
    2033,
    2033,
    2038,
    2038,
    2038,
    2038,
    2038,
    2038,
    2038,
    2043,
    2043,
    2043,
    2043,
    2043,
    2043,
    2043,
    2048,
    2048,
    2048,
    2048,
    2048,
    2048,
    2048,
    2053,
    2053,
    2053,
    2053,
    2053,
    2053,
    2053,
    2058,
    2058,
    2058,
    2058,
    2058,
    2058,
    2058,
    2063,
    2063,
    2063,
    2063,
    2063,
    2063,
    2063,
    2068,
    2068,
    2068,
    2068,
    2068,
    2068,
    2068,
    2073,
    2073,
    2073,
    2073,
    2073,
    2073,
    2073,
    2078,
    2078,
    2078,
    2078,
    2078,
    2078,
    2078,
    2083,
    2083,
    2083,
    2083,
    2083,
    2083,
    2083,
    2088,
    2088,
    2088,
    2088,
    2088,
    2088,
    2088,
    2093,
    2093,
    2093,
    2093,
    2093,
    2093,
    2093,
    2098,
    2098,
    2098,
    2098,
    2098,
    2098,
    2098
  ],
  "entities": [
    273,
    275,
    276,
    277,
    343,
    355,
    450,
    273,
    275,
    276,
    277,
    343,
    355,
    450,
    273,
    275,
    276,
    277,
    343,
    355,
    450,
    273,
    275,
    276,
    277,
    343,
    355,
    450,
    273,
    275,
    276,
    277,
    343,
    355,
    450,
    273,
    275,
    276,
    277,
    343,
    355,
    450,
    273,
    275,
    276,
    277,
    343,
    355,
    450,
    273,
    275,
    276,
    277,
    343,
    355,
    450,
    273,
    275,
    276,
    277,
    343,
    355,
    450,
    273,
    275,
    276,
    277,
    343,
    355,
    450,
    273,
    275,
    276,
    277,
    343,
    355,
    450,
    273,
    275,
    276,
    277,
    343,
    355,
    450,
    273,
    275,
    276,
    277,
    343,
    355,
    450,
    273,
    275,
    276,
    277,
    343,
    355,
    450,
    273,
    275,
    276,
    277,
    343,
    355,
    450,
    273,
    275,
    276,
    277,
    343,
    355,
    450,
    273,
    275,
    276,
    277,
    343,
    355,
    450,
    273,
    275,
    276,
    277,
    343,
    355,
    450,
    273,
    275,
    276,
    277,
    343,
    355,
    450,
    273,
    275,
    276,
    277,
    343,
    355,
    450,
    273,
    275,
    276,
    277,
    343,
    355,
    450,
    273,
    275,
    276,
    277,
    343,
    355,
    450,
    273,
    275,
    276,
    277,
    343,
    355,
    450,
    273,
    275,
    276,
    277,
    343,
    355,
    450,
    273,
    275,
    276,
    277,
    343,
    355,
    450,
    273,
    275,
    276,
    277,
    343,
    355,
    450
  ]
}