{
  "values": [
    8.927784,
    1.566402,
    5.0599117,
    10.888516,
    11.607867,
    2.6827717,
    6.939791,
    4.4434023,
    13.390435,
    0.8403408,
    10.221205,
    12.223862,
    12.697926,
    11.636039,
    10.889202,
    13.306905,
    8.902566,
    9.53851,
    17.849966,
    15.23698,
    12.195236,
    10.408202,
    11.263753,
    10.463998,
    10.61484,
    19.06647,
    32.19137,
    14.187062,
    1.8177153,
    3.3626497,
    8.765247,
    3.3661492,
    2.25403,
    3.6366618,
    3.0322893,
    8.899407,
    4.70564,
    4.386178,
    4.6943755,
    2.5545156,
    1.2388828,
    3.7739284,
    4.6958866,
    11.195577,
    4.664297,
    3.529849,
    2.6869552,
    9.480311,
    2.8003943,
    1.6062688,
    3.2570927,
    1.6624532,
    9.884012,
    3.4634333,
    0.4644185,
    1.8011698,
    2.2924669,
    2.5557613,
    0.8087151,
    0.11948494,
    5.1543226,
    7.716496,
    23.213966,
    17.194942,
    1.8443637,
    34.679394,
    11.061317,
    29.258577,
    10.534673,
    31.734983,
    18.408047,
    35.400906,
    3.958487,
    4.350205,
    0.8230485,
    5.583039,
    7.1280136,
    13.546322,
    17.952795,
    6.8483872,
    19.762503,
    20.148605,
    16.116455,
    9.919755,
    14.998767,
    29.622782,
    0.20120753,
    3.3273966,
    14.452394,
    8.617487,
    1.3112884,
    2.6445053,
    22.277283,
    21.497395,
    4.083058,
    5.414094,
    7.3546734,
    26.190315,
    12.18099,
    6.500867,
    3.1123357,
    1.2934769,
    2.689482,
    4.400806,
    1.4592961,
    3.4205182,
    8.012858,
    2.2364106,
    5.6955075,
    29.79456,
    2.7115355,
    15.181985,
    24.531673,
    11.620615,
    22.671854,
    4.5919957,
    9.334208,
    8.780981,
    2.61723,
    31.984303,
    4.1389346,
    4.2134356,
    4.2702584,
    4.0435343,
    8.058158,
    10.780327,
    10.799893,
    18.747095,
    15.013155,
    12.359269,
    11.931423,
    11.6997595,
    14.395936,
    2.7095208,
    1.6462984,
    9.812458,
    11.926966,
    3.828287,
    7.070381,
    15.820455,
    1.9858651,
    5.9445066,
    12.8877945,
    6.635862,
    9.052028,
    3.420518,
    7.52098,
    3.7333539,
    9.042947,
    3.420518,
    15.276126,
    8.567534,
    5.4886436,
    13.814044,
    4.3338313,
    12.44612,
    3.420518,
    2.0722744
  ],
  "years": [
    2018,
    2018,
    2018,
    2018,
    2018,
    2018,
    2018,
    2018,
    2018,
    2018,
    2018,
    2018,
    2018,
    2018,
    2018,
    2018,
    2018,
    2018,
    2018,
    2018,
    2018,
    2018,
    2018,
    2018,
    2018,
    2018,
    2018,
    2018,
    2018,
    2018,
    2018,
    2018,
    2018,
    2018,
    2018,
    2018,
    2018,
    2018,
    2018,
    2018,
    2018,
    2018,
    2018,
    2018,
    2018,
    2018,
    2018,
    2018,
    2018,
    2018,
    2018,
    2018,
    2018,
    2018,
    2018,
    2018,
    2018,
    2018,
    2018,
    2018,
    2018,
    2018,
    2018,
    2018,
    2018,
    2018,
    2018,
    2018,
    2018,
    2018,
    2018,
    2018,
    2018,
    2018,
    2018,
    2018,
    2018,
    2018,
    2018,
    2018,
    2018,
    2018,
    2018,
    2018,
    2018,
    2018,
    2018,
    2018,
    2018,
    2018,
    2018,
    2018,
    2018,
    2018,
    2018,
    2018,
    2018,
    2018,
    2018,
    2018,
    2018,
    2018,
    2018,
    2018,
    2018,
    2019,
    2018,
    2018,
    2018,
    2018,
    2018,
    2018,
    2018,
    2018,
    2018,
    2018,
    2018,
    2018,
    2018,
    2018,
    2018,
    2018,
    2018,
    2018,
    2018,
    2018,
    2018,
    2018,
    2018,
    2018,
    2018,
    2018,
    2018,
    2018,
    2018,
    2018,
    2018,
    2018,
    2018,
    2018,
    2018,
    2018,
    2018,
    2018,
    2018,
    2019,
    2018,
    2018,
    2018,
    2019,
    2018,
    2018,
    2018,
    2018,
    2018,
    2018,
    2019,
    2018
  ],
  "entities": [
    13,
    65,
    110,
    124,
    90,
    130,
    70,
    101,
    136,
    28,
    1,
    3,
    6,
    5,
    4,
    9,
    8,
    11,
    138,
    162,
    92,
    10,
    149,
    161,
    135,
    86,
    14,
    171,
    137,
    238,
    37,
    113,
    103,
    129,
    64,
    133,
    140,
    150,
    68,
    32,
    118,
    117,
    81,
    44,
    23,
    96,
    141,
    84,
    75,
    42,
    125,
    142,
    106,
    36,
    158,
    115,
    114,
    109,
    104,
    91,
    89,
    60,
    127,
    198,
    15,
    30,
    152,
    131,
    126,
    111,
    12,
    67,
    40,
    43,
    87,
    80,
    166,
    16,
    17,
    21,
    22,
    24,
    25,
    34,
    35,
    39,
    41,
    173,
    172,
    170,
    169,
    168,
    165,
    163,
    160,
    201,
    259,
    156,
    155,
    153,
    148,
    147,
    145,
    139,
    207,
    134,
    2,
    143,
    208,
    122,
    121,
    120,
    119,
    210,
    66,
    116,
    212,
    213,
    112,
    215,
    108,
    107,
    105,
    102,
    100,
    98,
    97,
    95,
    88,
    85,
    83,
    78,
    7,
    76,
    151,
    74,
    71,
    69,
    72,
    63,
    62,
    61,
    379,
    390,
    355,
    355,
    294,
    273,
    275,
    275,
    276,
    295,
    277,
    457,
    460,
    459,
    459,
    461
  ]
}