{
  "values": [
    10.221205,
    8.012858,
    12.223862,
    10.889202,
    11.636039,
    12.697926,
    14.395936,
    8.902566,
    13.306905,
    10.408202,
    9.53851,
    18.408047,
    8.927784,
    32.19137,
    1.8443637,
    13.546322,
    17.952795,
    6.8483872,
    19.762503,
    4.664297,
    20.148605,
    16.116455,
    0.8403408,
    34.679394,
    2.5545156,
    9.919755,
    14.998767,
    3.4634333,
    8.765247,
    29.622782,
    3.958487,
    0.20120753,
    1.6062688,
    4.350205,
    11.195577,
    7.716496,
    5.9445066,
    1.9858651,
    15.820455,
    3.0322893,
    1.566402,
    22.671854,
    35.400906,
    4.6943755,
    3.828287,
    6.939791,
    11.926966,
    7.070381,
    9.812458,
    2.8003943,
    2.7095208,
    11.6997595,
    5.583039,
    4.6958866,
    11.931423,
    9.480311,
    12.359269,
    19.06647,
    0.8230485,
    15.013155,
    5.1543226,
    11.607867,
    0.11948494,
    12.195236,
    18.747095,
    3.529849,
    10.799893,
    10.780327,
    8.058158,
    4.4434023,
    4.0435343,
    2.25403,
    0.8087151,
    4.2702584,
    9.884012,
    4.2134356,
    4.1389346,
    2.5557613,
    5.0599117,
    31.734983,
    2.61723,
    3.3661492,
    2.2924669,
    1.8011698,
    4.5919957,
    3.7739284,
    1.2388828,
    24.531673,
    15.181985,
    2.7115355,
    29.79456,
    10.888516,
    3.2570927,
    10.534673,
    23.213966,
    3.6366618,
    2.6827717,
    29.258577,
    8.899407,
    10.61484,
    13.390435,
    1.8177153,
    17.849966,
    4.400806,
    4.70564,
    2.6869552,
    1.6624532,
    2.2364106,
    2.689482,
    1.2934769,
    3.1123357,
    11.263753,
    4.386178,
    1.6462984,
    11.061317,
    6.500867,
    12.18099,
    26.190315,
    0.4644185,
    4.083058,
    10.463998,
    15.23698,
    21.497395,
    22.277283,
    7.1280136,
    2.6445053,
    1.3112884,
    8.617487,
    14.187062,
    14.452394,
    3.3273966,
    17.194942,
    5.414094,
    1.4592961,
    5.6955075,
    11.620615,
    9.334208,
    8.780981,
    31.984303,
    3.3626497,
    7.3546734,
    3.7333539,
    9.042947,
    15.276126,
    5.4886436,
    7.52098,
    8.567534,
    9.052028,
    12.8877945,
    6.635862,
    13.814044,
    12.44612,
    4.3338313,
    2.0722744,
    3.4205182,
    3.420518,
    3.420518,
    3.420518
  ],
  "years": [
    2018,
    2018,
    2018,
    2018,
    2018,
    2018,
    2018,
    2018,
    2018,
    2018,
    2018,
    2018,
    2018,
    2018,
    2018,
    2018,
    2018,
    2018,
    2018,
    2018,
    2018,
    2018,
    2018,
    2018,
    2018,
    2018,
    2018,
    2018,
    2018,
    2018,
    2018,
    2018,
    2018,
    2018,
    2018,
    2018,
    2018,
    2018,
    2018,
    2018,
    2018,
    2018,
    2018,
    2018,
    2018,
    2018,
    2018,
    2018,
    2018,
    2018,
    2018,
    2018,
    2018,
    2018,
    2018,
    2018,
    2018,
    2018,
    2018,
    2018,
    2018,
    2018,
    2018,
    2018,
    2018,
    2018,
    2018,
    2018,
    2018,
    2018,
    2018,
    2018,
    2018,
    2018,
    2018,
    2018,
    2018,
    2018,
    2018,
    2018,
    2018,
    2018,
    2018,
    2018,
    2018,
    2018,
    2018,
    2018,
    2018,
    2018,
    2018,
    2018,
    2018,
    2018,
    2018,
    2018,
    2018,
    2018,
    2018,
    2018,
    2018,
    2018,
    2018,
    2018,
    2018,
    2018,
    2018,
    2018,
    2018,
    2018,
    2018,
    2018,
    2018,
    2018,
    2018,
    2018,
    2018,
    2018,
    2018,
    2018,
    2018,
    2018,
    2018,
    2018,
    2018,
    2018,
    2018,
    2018,
    2018,
    2018,
    2018,
    2018,
    2018,
    2018,
    2018,
    2018,
    2018,
    2018,
    2018,
    2018,
    2018,
    2018,
    2018,
    2018,
    2018,
    2018,
    2018,
    2018,
    2018,
    2018,
    2018,
    2018,
    2018,
    2018,
    2019,
    2019,
    2019,
    2019
  ],
  "entities": [
    1,
    2,
    3,
    4,
    5,
    6,
    7,
    8,
    9,
    10,
    11,
    12,
    13,
    14,
    15,
    16,
    17,
    21,
    22,
    23,
    24,
    25,
    28,
    30,
    32,
    34,
    35,
    36,
    37,
    39,
    40,
    41,
    42,
    43,
    44,
    60,
    61,
    62,
    63,
    64,
    65,
    66,
    67,
    68,
    69,
    70,
    71,
    72,
    74,
    75,
    76,
    78,
    80,
    81,
    83,
    84,
    85,
    86,
    87,
    88,
    89,
    90,
    91,
    92,
    95,
    96,
    97,
    98,
    100,
    101,
    102,
    103,
    104,
    105,
    106,
    107,
    108,
    109,
    110,
    111,
    112,
    113,
    114,
    115,
    116,
    117,
    118,
    119,
    120,
    121,
    122,
    124,
    125,
    126,
    127,
    129,
    130,
    131,
    133,
    135,
    136,
    137,
    138,
    139,
    140,
    141,
    142,
    143,
    145,
    147,
    148,
    149,
    150,
    151,
    152,
    153,
    155,
    156,
    158,
    160,
    161,
    162,
    163,
    165,
    166,
    168,
    169,
    170,
    171,
    172,
    173,
    198,
    201,
    207,
    208,
    210,
    212,
    213,
    215,
    238,
    259,
    273,
    275,
    276,
    277,
    294,
    295,
    355,
    379,
    390,
    457,
    459,
    460,
    461,
    134,
    275,
    355,
    459
  ]
}