{
  "values": [
    37.93146,
    37.9842,
    45.257587,
    34.234077,
    34.410454,
    66.09566,
    37.44999,
    44.672077,
    48.509808,
    37.487614,
    50.5848,
    45.188347,
    37.570576,
    42.298466,
    53.4015,
    37.134823,
    45.568058,
    46.229008,
    46.02013,
    41.35558,
    41.29625,
    48.59955,
    55.266598,
    36.213947,
    39.75522,
    42.18448,
    42.546467,
    49.796852,
    35.55654,
    45.89385,
    40.561817,
    41.67038,
    54.444054,
    49.157936,
    39.781227,
    41.8788,
    46.494312,
    38.29435,
    51.20119,
    48.36274,
    34.37994,
    45.906166,
    39.056705,
    55.042057,
    47.754665,
    38.962334,
    41.838196,
    51.718334,
    41.977955,
    46.95372,
    35.3875,
    38.714344,
    45.14262,
    51.332783,
    39.172626,
    53.23501,
    48.3623,
    38.242237,
    36.487343,
    52.905006,
    38.750458,
    55.03447,
    43.030434,
    36.281227,
    38.946712,
    37.860725,
    56.36844,
    36.592346,
    37.121643,
    57.371414,
    37.95601,
    40.47824,
    39.642662,
    39.360523,
    33.986023,
    42.23127,
    34.047836,
    36.703247,
    42.613033,
    49.457886,
    38.101536,
    51.711525,
    47.314747,
    42.5025,
    59.994377,
    55.95346,
    46.327087,
    49.556286,
    41.976074,
    42.717747,
    34.97258,
    39.288498,
    47.477207,
    53.33445,
    38.763607,
    38.060352,
    61.421032,
    40.91726,
    34.229683,
    38.144566,
    38.2353,
    39.119812,
    40.275715,
    42.276478,
    35.29128,
    38.91451,
    52.904293,
    40.52968,
    56.40658,
    38.096855
  ],
  "years": [
    2011,
    2011,
    2011,
    2012,
    2012,
    2012,
    2012,
    2012,
    2012,
    2012,
    2013,
    2013,
    2014,
    2014,
    2014,
    2014,
    2014,
    2014,
    2014,
    2014,
    2014,
    2015,
    2015,
    2015,
    2015,
    2015,
    2015,
    2015,
    2015,
    2015,
    2015,
    2016,
    2016,
    2016,
    2016,
    2016,
    2016,
    2016,
    2016,
    2016,
    2016,
    2016,
    2017,
    2017,
    2017,
    2017,
    2017,
    2017,
    2017,
    2017,
    2017,
    2017,
    2017,
    2017,
    2018,
    2018,
    2018,
    2018,
    2018,
    2018,
    2018,
    2018,
    2018,
    2018,
    2018,
    2018,
    2018,
    2018,
    2018,
    2018,
    2018,
    2018,
    2018,
    2018,
    2019,
    2019,
    2019,
    2019,
    2019,
    2019,
    2019,
    2019,
    2019,
    2019,
    2019,
    2019,
    2019,
    2019,
    2019,
    2019,
    2019,
    2019,
    2019,
    2019,
    2019,
    2019,
    2019,
    2019,
    2019,
    2019,
    2019,
    2019,
    2020,
    2021,
    2021,
    2021,
    2021,
    2021,
    2021,
    2021
  ],
  "entities": [
    35,
    73,
    105,
    29,
    67,
    104,
    111,
    153,
    169,
    229,
    61,
    108,
    65,
    78,
    79,
    120,
    129,
    148,
    168,
    171,
    259,
    15,
    19,
    22,
    31,
    36,
    37,
    64,
    131,
    142,
    170,
    34,
    41,
    68,
    81,
    98,
    99,
    141,
    143,
    145,
    211,
    225,
    16,
    32,
    74,
    76,
    96,
    101,
    110,
    125,
    130,
    136,
    150,
    167,
    17,
    43,
    60,
    66,
    71,
    94,
    112,
    115,
    123,
    126,
    132,
    134,
    147,
    152,
    166,
    174,
    201,
    204,
    215,
    234,
    21,
    28,
    69,
    75,
    80,
    87,
    88,
    89,
    91,
    107,
    109,
    114,
    117,
    121,
    137,
    139,
    140,
    146,
    151,
    158,
    160,
    164,
    173,
    232,
    233,
    235,
    237,
    239,
    84,
    42,
    62,
    97,
    103,
    113,
    118,
    202
  ]
}