{
  "values": [
    55.91024,
    0.7035613,
    1.3808349,
    51.10411,
    0.43232334,
    0.19055338,
    24.640574,
    2.4913368,
    4.3035436,
    66.79889,
    9.060217,
    2.1901336,
    17.219296,
    3.8419268,
    75.09747,
    16.644697,
    43.591637,
    80.41418,
    84.17495,
    3.88502,
    4.8462505,
    37.26492,
    24.266834,
    64.51798,
    0.54046667,
    0.70643204,
    46.067486,
    2.2666078,
    2.0912206,
    5.2386203,
    7.8608856,
    68.736855,
    1.5113224,
    15.601549,
    41.70908,
    0.34012586,
    24.6371,
    28.881828,
    66.211105,
    64.39631,
    1.823615,
    41.268898,
    11.974922,
    16.392805,
    3.619007,
    8.635419,
    2.7756622,
    0.43120325,
    0.4529779,
    37.477146,
    19.802591,
    0.3930311,
    23.072346,
    19.604542,
    52.323074,
    1.998519,
    68.41886,
    49.88339,
    0.77198905,
    68.33225,
    58.448082,
    4.069145,
    0.9436332,
    7.2584486,
    1.2357647,
    6.3597007,
    61.933224,
    38.315857,
    40.881012,
    17.504595,
    16.4602,
    90.97116,
    33.044067,
    0.37185663,
    38.33213,
    0.5661842,
    56.628628,
    4.5007453,
    6.630745,
    5.795982,
    48.822403,
    1.9211311,
    6.288499,
    11.712264,
    50.83238,
    0.11367367,
    0.8657576,
    59.221962,
    6.2568817,
    2.920718,
    52.32804,
    2.8537397,
    7.4446063,
    57.067726,
    0.5777915,
    48.2537,
    37.612297,
    0.8746081,
    0.6365607,
    0.79143363,
    0.24940716,
    2.114436,
    57.168484,
    0.24423733,
    1.7295365,
    1.9191206,
    48.46643,
    47.90613,
    25.80004,
    19.213776
  ],
  "years": [
    2015,
    2017,
    2018,
    2015,
    2019,
    2015,
    2019,
    2012,
    2015,
    2017,
    2016,
    2011,
    2015,
    2015,
    2016,
    2021,
    2018,
    2018,
    2019,
    2014,
    2015,
    2012,
    2014,
    2017,
    2018,
    2019,
    2016,
    2019,
    2018,
    2014,
    2014,
    2019,
    2021,
    2012,
    2019,
    2018,
    2017,
    2014,
    2018,
    2018,
    2019,
    2016,
    2019,
    2019,
    2017,
    2018,
    2018,
    2017,
    2015,
    2014,
    2018,
    2018,
    2017,
    2018,
    2019,
    2014,
    2021,
    2019,
    2016,
    2018,
    2019,
    2021,
    2012,
    2018,
    2018,
    2017,
    2019,
    2015,
    2013,
    2019,
    2011,
    2012,
    2021,
    2018,
    2017,
    2019,
    2016,
    2016,
    2021,
    2017,
    2019,
    2012,
    2019,
    2019,
    2019,
    2019,
    2019,
    2019,
    2016,
    2016,
    2014,
    2018,
    2017,
    2015,
    2019,
    2016,
    2017,
    2019,
    2011,
    2018,
    2019,
    2019,
    2016,
    2012,
    2021,
    2020,
    2013,
    2018,
    2019,
    2014
  ],
  "entities": [
    15,
    16,
    17,
    19,
    21,
    22,
    28,
    29,
    31,
    32,
    34,
    35,
    36,
    37,
    41,
    42,
    43,
    174,
    173,
    171,
    170,
    169,
    168,
    167,
    166,
    164,
    143,
    160,
    201,
    65,
    259,
    158,
    202,
    153,
    151,
    152,
    150,
    148,
    147,
    94,
    146,
    145,
    139,
    137,
    136,
    134,
    132,
    130,
    131,
    129,
    204,
    126,
    125,
    123,
    121,
    120,
    118,
    117,
    211,
    115,
    114,
    113,
    111,
    112,
    215,
    110,
    109,
    142,
    108,
    107,
    105,
    104,
    103,
    66,
    101,
    140,
    99,
    98,
    97,
    96,
    91,
    229,
    239,
    232,
    89,
    88,
    233,
    87,
    81,
    141,
    79,
    234,
    76,
    64,
    75,
    225,
    74,
    235,
    73,
    71,
    69,
    237,
    68,
    67,
    62,
    84,
    61,
    60,
    80,
    78
  ]
}