{
  "values": [
    4.4709854,
    6.2046065,
    15.848162,
    11.275698,
    4.8453727,
    20.570263,
    5.6526423,
    4.446228,
    6.9062147,
    21.05363,
    11.221876,
    0.9081961,
    14.774946,
    20.637094,
    14.019665,
    13.104352,
    8.300703,
    9.001017,
    9.0423565,
    15.613044,
    20.752563,
    6.529531,
    7.541631,
    13.10581,
    8.322633,
    10.05007,
    11.377432,
    8.290824,
    10.703785,
    7.5059705,
    17.507635,
    5.810229,
    16.350672,
    6.794648,
    9.8596325,
    6.603516,
    8.979715,
    4.905059,
    5.392729,
    0.5882389,
    11.386116,
    13.489924,
    10.092143,
    2.543092,
    15.460518,
    7.9916806,
    33.293846,
    25.858,
    4.782896,
    9.573975,
    12.878869,
    3.4929857,
    3.5870504,
    7.28519,
    14.051355,
    20.393074,
    11.347265,
    5.889667,
    2.632852,
    21.267006,
    1.9952949,
    5.7377253,
    9.154815,
    4.446227,
    9.355553,
    4.8209233,
    13.714695,
    8.347281,
    3.1533735,
    10.333684,
    5.3009844,
    5.418528,
    4.0970163,
    8.84145,
    1.8565953,
    17.071777,
    3.348813,
    2.5051758,
    9.027481,
    8.280442,
    6.459917,
    4.2449875,
    12.373071,
    10.401119,
    3.8405266,
    2.8044143,
    17.14582,
    6.252082,
    9.624182,
    17.0214,
    6.539341,
    10.749008,
    15.975293,
    13.437918,
    3.8731158,
    4.376629,
    4.1995707,
    11.166874,
    3.3037214,
    16.95792,
    9.809272,
    2.7703233,
    7.241706,
    4.9520464,
    9.68245,
    13.512278,
    4.0802526,
    5.6726685,
    7.3646936,
    4.4825478,
    2.984743,
    5.074908,
    7.960702,
    17.467445,
    13.905193,
    5.265835,
    5.1428604,
    12.886169,
    23.611448,
    1.6380618,
    2.732971,
    14.741615,
    9.233046,
    3.9252548,
    3.045648,
    6.38816,
    12.285954,
    8.989363,
    9.107942,
    7.8878226,
    7.039002,
    7.046223,
    12.274451,
    21.543848,
    17.03332,
    0.8926883,
    2.293314,
    3.0042443,
    25.01031,
    5.0609107,
    5.8909454,
    4.8515854,
    8.528302,
    15.265272,
    4.379338,
    8.731762,
    11.088987,
    9.196603,
    4.446228,
    10.758926,
    3.3228931,
    4.056767,
    8.115223,
    7.535656,
    4.446228,
    3.0627756,
    10.275866,
    3.7658324
  ],
  "years": [
    2018,
    2018,
    2018,
    2018,
    2018,
    2018,
    2018,
    2019,
    2018,
    2018,
    2018,
    2018,
    2018,
    2018,
    2018,
    2018,
    2018,
    2018,
    2018,
    2018,
    2018,
    2018,
    2018,
    2018,
    2018,
    2018,
    2018,
    2018,
    2018,
    2018,
    2018,
    2018,
    2018,
    2018,
    2018,
    2018,
    2018,
    2018,
    2018,
    2018,
    2018,
    2018,
    2018,
    2018,
    2018,
    2018,
    2018,
    2018,
    2018,
    2018,
    2018,
    2018,
    2018,
    2018,
    2018,
    2018,
    2018,
    2018,
    2018,
    2018,
    2018,
    2018,
    2018,
    2019,
    2018,
    2018,
    2018,
    2018,
    2018,
    2018,
    2018,
    2018,
    2018,
    2018,
    2018,
    2018,
    2018,
    2018,
    2018,
    2018,
    2018,
    2018,
    2018,
    2018,
    2018,
    2018,
    2018,
    2018,
    2018,
    2018,
    2018,
    2018,
    2018,
    2018,
    2018,
    2018,
    2018,
    2018,
    2018,
    2018,
    2018,
    2018,
    2018,
    2018,
    2018,
    2018,
    2018,
    2018,
    2018,
    2018,
    2018,
    2018,
    2018,
    2018,
    2018,
    2018,
    2018,
    2018,
    2018,
    2018,
    2018,
    2018,
    2018,
    2018,
    2018,
    2018,
    2018,
    2018,
    2018,
    2018,
    2018,
    2018,
    2018,
    2018,
    2018,
    2018,
    2018,
    2018,
    2018,
    2018,
    2018,
    2018,
    2018,
    2018,
    2018,
    2018,
    2018,
    2018,
    2019,
    2018,
    2018,
    2018,
    2018,
    2018,
    2019,
    2018,
    2018,
    2018
  ],
  "entities": [
    15,
    273,
    16,
    17,
    21,
    22,
    275,
    275,
    23,
    24,
    25,
    28,
    30,
    4,
    32,
    34,
    35,
    36,
    37,
    39,
    40,
    41,
    42,
    43,
    44,
    173,
    172,
    171,
    170,
    169,
    168,
    166,
    143,
    165,
    163,
    162,
    161,
    160,
    201,
    65,
    259,
    156,
    78,
    158,
    276,
    155,
    3,
    153,
    151,
    152,
    6,
    150,
    149,
    148,
    147,
    145,
    457,
    139,
    138,
    207,
    137,
    136,
    135,
    134,
    2,
    133,
    8,
    14,
    130,
    131,
    129,
    379,
    208,
    126,
    125,
    122,
    124,
    121,
    120,
    119,
    461,
    460,
    210,
    118,
    117,
    116,
    115,
    212,
    114,
    213,
    113,
    111,
    112,
    215,
    110,
    109,
    142,
    108,
    107,
    5,
    106,
    105,
    104,
    103,
    294,
    66,
    390,
    102,
    277,
    101,
    140,
    100,
    98,
    97,
    96,
    11,
    95,
    92,
    12,
    91,
    90,
    89,
    88,
    87,
    86,
    85,
    83,
    81,
    295,
    127,
    9,
    141,
    10,
    7,
    198,
    76,
    64,
    75,
    74,
    71,
    70,
    69,
    68,
    67,
    72,
    1,
    13,
    459,
    459,
    63,
    62,
    238,
    84,
    355,
    355,
    61,
    60,
    80
  ]
}