{
  "values": [
    4.8796296,
    3.0959136,
    9.545296,
    2.0470567,
    8.944217,
    0.34371,
    0.8672247,
    2.6236744,
    21.338985,
    0.18460932,
    7.5800858,
    3.7880206,
    2.1568031,
    1.4989313,
    1.8815135,
    9.353822,
    7.9358177,
    2.8721511,
    0.11099154,
    0.8021267,
    10.208591,
    1.3295475,
    6.0395956,
    1.5714654,
    9.584598,
    2.018658,
    0.7135281,
    3.623561,
    0.058516014,
    2.5764728,
    1.5949073,
    4.6967745,
    1.7245876,
    2.508386,
    0.5308934,
    1.1647189,
    0.7729805,
    0.44382802,
    8.319585,
    1.6066552,
    0.10272348,
    5.825451,
    0.29764783,
    14.274051,
    0.8435912,
    0.20117018,
    5.800455,
    11.347732,
    1.9941058,
    1.1260457,
    1.6664307,
    0.5841272,
    3.4175668,
    0.6274256,
    1.3586583,
    2.65191,
    5.6751833,
    0.4174146,
    5.0904202,
    7.10434,
    12.392594,
    3.2601364,
    6.5410504,
    10.853552,
    3.562933,
    8.658189,
    4.737961,
    2.0332687,
    0.99027544,
    1.3360385,
    0.8814592,
    2.097977,
    2.609826,
    2.8974376,
    18.398405,
    1.0358495,
    1.6925632,
    3.327266,
    1.2673466,
    0.064961456,
    2.7771485,
    4.822363,
    0.5679651,
    4.852302,
    0.74505985,
    0.2986806,
    1.7432635,
    0.944563,
    0.69857615,
    1.3551786,
    6.1569114,
    0.7785883,
    4.5011144,
    4.376836,
    2.4770117,
    1.2167292,
    2.516417,
    1.5222301,
    1.0872391,
    8.184088,
    0.18959461,
    0.5314069,
    4.2083516,
    0.9673781,
    4.5501738,
    5.8991694,
    2.0010688,
    6.817387,
    3.783855,
    8.090915,
    0.5899241,
    0.38013488,
    6.8911476,
    2.3738952,
    12.973101,
    1.3365681,
    9.873286,
    6.376663,
    2.4403224,
    2.3807685
  ],
  "years": [
    2020,
    2020,
    2020,
    2020,
    2020,
    2020,
    2020,
    2020,
    2020,
    2020,
    2020,
    2020,
    2020,
    2020,
    2020,
    2020,
    2020,
    2020,
    2020,
    2020,
    2020,
    2020,
    2020,
    2020,
    2020,
    2020,
    2020,
    2020,
    2020,
    2020,
    2020,
    2020,
    2020,
    2020,
    2020,
    2020,
    2020,
    2020,
    2020,
    2020,
    2020,
    2020,
    2020,
    2020,
    2020,
    2020,
    2020,
    2020,
    2020,
    2020,
    2020,
    2020,
    2020,
    2020,
    2020,
    2020,
    2020,
    2020,
    2020,
    2020,
    2020,
    2020,
    2020,
    2020,
    2020,
    2020,
    2020,
    2020,
    2020,
    2020,
    2020,
    2020,
    2020,
    2020,
    2020,
    2020,
    2020,
    2020,
    2020,
    2020,
    2020,
    2020,
    2020,
    2020,
    2020,
    2020,
    2020,
    2020,
    2020,
    2020,
    2020,
    2020,
    2020,
    2020,
    2020,
    2020,
    2020,
    2020,
    2020,
    2020,
    2020,
    2020,
    2020,
    2020,
    2020,
    2020,
    2020,
    2020,
    2020,
    2020,
    2020,
    2020,
    2020,
    2020,
    2020,
    2020,
    2020,
    2020,
    2020,
    2020
  ],
  "entities": [
    273,
    16,
    17,
    21,
    275,
    23,
    24,
    27,
    28,
    4,
    32,
    34,
    35,
    37,
    39,
    40,
    42,
    43,
    44,
    172,
    171,
    170,
    168,
    166,
    143,
    165,
    163,
    162,
    161,
    160,
    201,
    65,
    259,
    156,
    158,
    276,
    155,
    3,
    153,
    152,
    6,
    150,
    149,
    147,
    457,
    144,
    138,
    137,
    136,
    135,
    134,
    2,
    133,
    8,
    14,
    130,
    131,
    129,
    379,
    126,
    125,
    122,
    124,
    119,
    461,
    460,
    116,
    115,
    212,
    213,
    113,
    111,
    112,
    215,
    110,
    142,
    108,
    107,
    5,
    106,
    105,
    103,
    294,
    66,
    102,
    277,
    98,
    97,
    11,
    95,
    92,
    12,
    89,
    88,
    85,
    83,
    81,
    295,
    127,
    141,
    10,
    7,
    198,
    64,
    75,
    71,
    70,
    68,
    67,
    72,
    1,
    13,
    459,
    63,
    62,
    238,
    84,
    355,
    60,
    80
  ]
}