{
  "values": [
    3.3053644,
    5.6974735,
    3.7363813,
    1.110469,
    1.5138096,
    2.601004,
    8.013215,
    0.5165385,
    10.827613,
    2.7432702,
    2.7818892,
    3.7347887,
    2.9016318,
    6.545925,
    1.1044389,
    12.937655,
    0.7262108,
    1.3363892,
    1.5648061,
    5.34267,
    13.71816,
    1.8846984,
    1.9556546,
    1.3526684,
    4.839468,
    0.55229497,
    5.0728345,
    2.8008995,
    2.6101005,
    3.3808272,
    1.8867378,
    3.4766293,
    0.6067692,
    0.913206,
    3.5355852,
    3.1356807,
    2.1043382,
    2.4164877,
    1.3959196,
    6.73079,
    1.4064484,
    8.741431,
    14.296967,
    5.216786,
    2.4803023,
    8.258863,
    0.98942924,
    1.4379574,
    2.1680949,
    5.787049,
    0.86619055,
    4.0546427,
    4.7806206,
    5.246997,
    2.672578,
    2.3124578,
    4.167254,
    1.6744612,
    9.948332,
    1.8216434,
    1.8278316,
    5.6569977,
    0.2718026,
    1.9145813,
    2.2434118,
    2.167951,
    2.7057214,
    4.092753,
    3.3138452,
    1.1169529,
    9.433185,
    5.844539,
    0.04907297,
    0.5594664,
    2.5462315,
    0.40971896,
    4.016142,
    0.81730604,
    2.0112257,
    3.5097456,
    3.1716087,
    1.0559846,
    1.2002484,
    7.6558847,
    2.9225287,
    4.5915756,
    2.5299497,
    3.980634,
    0.57297486,
    1.3527201,
    1.230623,
    5.960832,
    3.7457583,
    1.2762475,
    1.6687034,
    1.9562231,
    10.326504,
    1.963904,
    11.007218,
    6.5191474,
    9.480996,
    3.325452,
    3.3688836,
    0.9112425,
    0.6660146,
    0.99420196,
    2.7373579,
    3.0028396,
    0.8233512,
    5.3525724,
    6.7669296,
    4.9773784,
    4.254073,
    6.2479053,
    2.4743547,
    1.1750046,
    1.0214595,
    3.6408591,
    1.4083446,
    2.410769,
    9.006889,
    5.334327
  ],
  "years": [
    2020,
    2020,
    2020,
    2020,
    2020,
    2020,
    2020,
    2020,
    2020,
    2020,
    2020,
    2020,
    2020,
    2020,
    2020,
    2020,
    2020,
    2020,
    2020,
    2020,
    2020,
    2020,
    2020,
    2020,
    2020,
    2020,
    2020,
    2020,
    2020,
    2020,
    2020,
    2020,
    2020,
    2020,
    2020,
    2020,
    2020,
    2020,
    2020,
    2020,
    2020,
    2020,
    2020,
    2020,
    2020,
    2020,
    2020,
    2020,
    2020,
    2020,
    2020,
    2020,
    2020,
    2020,
    2020,
    2020,
    2020,
    2020,
    2020,
    2020,
    2020,
    2020,
    2020,
    2020,
    2020,
    2020,
    2020,
    2020,
    2020,
    2020,
    2020,
    2020,
    2020,
    2020,
    2020,
    2020,
    2020,
    2020,
    2020,
    2020,
    2020,
    2020,
    2020,
    2020,
    2020,
    2020,
    2020,
    2020,
    2020,
    2020,
    2020,
    2020,
    2020,
    2020,
    2020,
    2020,
    2020,
    2020,
    2020,
    2020,
    2020,
    2020,
    2020,
    2020,
    2020,
    2020,
    2020,
    2020,
    2020,
    2020,
    2020,
    2020,
    2020,
    2020,
    2020,
    2020,
    2020,
    2020,
    2020,
    2020,
    2020,
    2020
  ],
  "entities": [
    16,
    17,
    21,
    23,
    24,
    27,
    28,
    4,
    32,
    34,
    35,
    37,
    39,
    40,
    42,
    43,
    44,
    172,
    171,
    170,
    168,
    166,
    165,
    163,
    162,
    161,
    160,
    201,
    65,
    259,
    156,
    158,
    155,
    3,
    153,
    152,
    6,
    150,
    149,
    147,
    144,
    138,
    137,
    136,
    135,
    134,
    2,
    133,
    8,
    143,
    14,
    130,
    131,
    129,
    379,
    126,
    125,
    122,
    124,
    119,
    116,
    115,
    212,
    213,
    113,
    111,
    112,
    215,
    110,
    142,
    108,
    107,
    5,
    106,
    105,
    103,
    66,
    102,
    98,
    97,
    96,
    11,
    95,
    92,
    12,
    89,
    88,
    85,
    83,
    81,
    127,
    9,
    141,
    10,
    7,
    198,
    64,
    75,
    71,
    70,
    68,
    67,
    72,
    1,
    13,
    63,
    62,
    238,
    84,
    60,
    80,
    355,
    273,
    275,
    276,
    294,
    277,
    295,
    457,
    459,
    460,
    461
  ]
}