{
  "values": [
    0.5899241,
    0.5841272,
    0.44382802,
    0.18460932,
    1.2673466,
    0.10272348,
    0.5314069,
    0.6274256,
    0.18959461,
    0.69857615,
    0.7785883,
    0.38013488,
    1.3586583,
    3.0959136,
    9.545296,
    2.0470567,
    0.34371,
    0.8672247,
    2.6236744,
    21.338985,
    7.5800858,
    3.7880206,
    2.1568031,
    1.4989313,
    1.8815135,
    9.353822,
    7.9358177,
    2.8721511,
    0.11099154,
    2.4403224,
    12.973101,
    2.3738952,
    0.9673781,
    4.6967745,
    4.852302,
    3.783855,
    6.817387,
    2.0010688,
    5.8991694,
    8.090915,
    4.5501738,
    2.3807685,
    2.516417,
    1.2167292,
    9.873286,
    2.4770117,
    4.376836,
    4.5011144,
    6.1569114,
    1.3551786,
    0.944563,
    1.7432635,
    0.74505985,
    4.822363,
    2.7771485,
    0.064961456,
    3.327266,
    1.6925632,
    18.398405,
    2.097977,
    2.609826,
    0.8814592,
    2.0332687,
    4.737961,
    10.853552,
    3.2601364,
    6.5410504,
    12.392594,
    7.10434,
    1.0872391,
    0.4174146,
    2.65191,
    5.6751833,
    3.4175668,
    1.6664307,
    1.1260457,
    1.9941058,
    11.347732,
    5.800455,
    8.184088,
    1.0358495,
    9.584598,
    0.20117018,
    14.274051,
    0.29764783,
    5.825451,
    1.6066552,
    8.319585,
    0.7729805,
    2.508386,
    0.5308934,
    2.5764728,
    0.058516014,
    3.623561,
    0.7135281,
    2.018658,
    1.5714654,
    6.0395956,
    1.3295475,
    10.208591,
    0.8021267,
    4.2083516,
    1.5949073,
    0.99027544,
    1.3360385,
    2.8974376,
    1.3365681,
    1.7245876,
    4.8796296,
    8.944217,
    1.1647189,
    0.2986806,
    0.5679651,
    1.5222301,
    6.376663,
    5.0904202,
    0.8435912,
    6.8911476,
    8.658189,
    3.562933
  ],
  "years": [
    2020,
    2020,
    2020,
    2020,
    2020,
    2020,
    2020,
    2020,
    2020,
    2020,
    2020,
    2020,
    2020,
    2020,
    2020,
    2020,
    2020,
    2020,
    2020,
    2020,
    2020,
    2020,
    2020,
    2020,
    2020,
    2020,
    2020,
    2020,
    2020,
    2020,
    2020,
    2020,
    2020,
    2020,
    2020,
    2020,
    2020,
    2020,
    2020,
    2020,
    2020,
    2020,
    2020,
    2020,
    2020,
    2020,
    2020,
    2020,
    2020,
    2020,
    2020,
    2020,
    2020,
    2020,
    2020,
    2020,
    2020,
    2020,
    2020,
    2020,
    2020,
    2020,
    2020,
    2020,
    2020,
    2020,
    2020,
    2020,
    2020,
    2020,
    2020,
    2020,
    2020,
    2020,
    2020,
    2020,
    2020,
    2020,
    2020,
    2020,
    2020,
    2020,
    2020,
    2020,
    2020,
    2020,
    2020,
    2020,
    2020,
    2020,
    2020,
    2020,
    2020,
    2020,
    2020,
    2020,
    2020,
    2020,
    2020,
    2020,
    2020,
    2020,
    2020,
    2020,
    2020,
    2020,
    2020,
    2020,
    2020,
    2020,
    2020,
    2020,
    2020,
    2020,
    2020,
    2020,
    2020,
    2020,
    2020,
    2020
  ],
  "entities": [
    1,
    2,
    3,
    4,
    5,
    6,
    7,
    8,
    10,
    11,
    12,
    13,
    14,
    16,
    17,
    21,
    23,
    24,
    27,
    28,
    32,
    34,
    35,
    37,
    39,
    40,
    42,
    43,
    44,
    60,
    62,
    63,
    64,
    65,
    66,
    67,
    68,
    70,
    71,
    72,
    75,
    80,
    81,
    83,
    84,
    85,
    88,
    89,
    92,
    95,
    97,
    98,
    102,
    103,
    105,
    106,
    107,
    108,
    110,
    111,
    112,
    113,
    115,
    116,
    119,
    122,
    124,
    125,
    126,
    127,
    129,
    130,
    131,
    133,
    134,
    135,
    136,
    137,
    138,
    141,
    142,
    143,
    144,
    147,
    149,
    150,
    152,
    153,
    155,
    156,
    158,
    160,
    161,
    162,
    163,
    165,
    166,
    168,
    170,
    171,
    172,
    198,
    201,
    212,
    213,
    215,
    238,
    259,
    273,
    275,
    276,
    277,
    294,
    295,
    355,
    379,
    457,
    459,
    460,
    461
  ]
}