{
  "values": [
    67.40371,
    50.960938,
    64.94933,
    48.176186,
    63.113804,
    65.49907,
    56.360245,
    37.93257,
    68.49423,
    51.529827,
    67.52025,
    46.87657,
    67.166214,
    35.64261,
    49.580658,
    75.39361,
    39.956802,
    39.812176,
    60.55933,
    67.83796,
    50.966557,
    58.212654,
    71.9525,
    38.24674,
    41.60216,
    35.569416,
    39.90151,
    50.26319,
    77.54291,
    55.56324,
    49.559334,
    63.60064,
    60.527626,
    62.264053,
    63.57089,
    35.51545,
    26.88602,
    70.74705,
    64.43214,
    69.88028,
    60.82566,
    44.297504,
    46.54618,
    60.656357,
    73.058846,
    64.971085,
    66.37055,
    66.33756,
    67.04719,
    62.86188,
    68.9926,
    69.156685,
    69.233246,
    54.880238,
    60.74834,
    41.279133,
    43.534534,
    70.44566,
    53.61107,
    52.57093,
    38.095665,
    33.810925,
    63.16383,
    59.342957,
    74.484085,
    29.806576,
    51.355938,
    62.301727,
    66.13331,
    50.90703,
    75.29692,
    65.30496,
    72.01893,
    52.957527,
    34.90877,
    72.96654,
    73.979126,
    44.702774,
    47.874786,
    54.9562,
    52.46696,
    69.00242,
    37.545544,
    45.08996,
    61.43467,
    80.67703,
    35.328575,
    61.911095,
    45.24862,
    67.512856,
    62.25645,
    82.94253,
    66.93348,
    58.45421,
    71.51293,
    59.4271,
    59.97689,
    46.436676,
    54.14773,
    57.797405,
    43.941376,
    77.35574,
    74.14764,
    49.63119,
    66.02394,
    49.056637,
    45.642654,
    64.01489,
    62.168198,
    52.573723,
    76.79983,
    49.300385,
    63.61081,
    54.02554,
    43.26435,
    57.4468,
    65.25946,
    69.30798,
    59.86886,
    46.91573,
    46.18252,
    56.416805
  ],
  "years": [
    2020,
    2020,
    2020,
    2020,
    2020,
    2020,
    2020,
    2020,
    2020,
    2020,
    2020,
    2020,
    2020,
    2020,
    2020,
    2020,
    2020,
    2020,
    2020,
    2020,
    2020,
    2020,
    2020,
    2020,
    2020,
    2020,
    2020,
    2020,
    2020,
    2020,
    2020,
    2020,
    2020,
    2020,
    2020,
    2020,
    2020,
    2020,
    2020,
    2020,
    2020,
    2020,
    2020,
    2020,
    2020,
    2020,
    2020,
    2020,
    2020,
    2020,
    2020,
    2020,
    2020,
    2020,
    2020,
    2020,
    2020,
    2020,
    2020,
    2020,
    2020,
    2020,
    2020,
    2020,
    2020,
    2020,
    2020,
    2020,
    2020,
    2020,
    2020,
    2020,
    2020,
    2020,
    2020,
    2020,
    2020,
    2020,
    2020,
    2020,
    2020,
    2020,
    2020,
    2020,
    2020,
    2020,
    2020,
    2020,
    2020,
    2020,
    2020,
    2020,
    2020,
    2020,
    2020,
    2020,
    2020,
    2020,
    2020,
    2020,
    2020,
    2020,
    2020,
    2020,
    2020,
    2020,
    2020,
    2020,
    2020,
    2020,
    2020,
    2020,
    2020,
    2020,
    2020,
    2020,
    2020,
    2020,
    2020,
    2020,
    2020,
    2020
  ],
  "entities": [
    13,
    65,
    110,
    124,
    130,
    70,
    136,
    28,
    1,
    3,
    6,
    5,
    4,
    9,
    8,
    11,
    138,
    162,
    92,
    10,
    149,
    161,
    135,
    144,
    14,
    171,
    137,
    238,
    37,
    113,
    103,
    129,
    64,
    133,
    150,
    68,
    32,
    81,
    44,
    23,
    96,
    141,
    84,
    75,
    42,
    125,
    142,
    106,
    158,
    115,
    89,
    60,
    127,
    198,
    152,
    131,
    126,
    111,
    12,
    67,
    40,
    43,
    80,
    166,
    16,
    17,
    21,
    24,
    27,
    34,
    35,
    39,
    172,
    170,
    168,
    165,
    163,
    160,
    201,
    259,
    156,
    155,
    153,
    147,
    134,
    2,
    143,
    122,
    119,
    66,
    116,
    212,
    213,
    112,
    215,
    108,
    107,
    105,
    102,
    98,
    97,
    95,
    88,
    85,
    83,
    7,
    71,
    72,
    63,
    62,
    379,
    355,
    294,
    273,
    275,
    276,
    295,
    277,
    457,
    460,
    459,
    461
  ]
}