{
  "values": [
    28.267273,
    32.80197,
    10.350249,
    19.708323,
    23.686197,
    22.785551,
    20.624756,
    22.536604,
    26.750061,
    40.132706,
    24.940023,
    47.655586,
    27.0358,
    36.865246,
    35.207775,
    20.17082,
    28.204731,
    39.51855,
    18.465715,
    28.960215,
    42.765053,
    39.603962,
    22.099333,
    52.225624,
    50.081894,
    45.663914,
    27.575144,
    40.1564,
    14.403591,
    35.31955,
    37.674366,
    23.600513,
    24.46631,
    28.33417,
    22.141779,
    29.202675,
    37.212666,
    20.411085,
    30.311844,
    26.396433,
    26.937765,
    39.496662,
    34.768845,
    27.865294,
    14.564528,
    13.190468,
    28.559534,
    31.355717,
    24.51224,
    20.768442,
    16.900286,
    16.111223,
    25.913649,
    34.50345,
    28.366781,
    36.927845,
    35.72651,
    17.125904,
    33.2618,
    31.395502,
    32.313145,
    31.041462,
    17.969007,
    32.90533,
    13.947882,
    37.657635,
    37.829784,
    29.633692,
    25.364077,
    34.41524,
    15.058756,
    23.994833,
    20.56604,
    35.263035,
    29.98607,
    20.003805,
    21.835571,
    42.619297,
    41.026947,
    34.446907,
    34.79389,
    27.69968,
    36.26775,
    24.447311,
    19.727095,
    15.534475,
    33.333176,
    27.436499,
    33.473866,
    18.398201,
    26.332308,
    14.783955,
    23.04901,
    29.338423,
    17.73659,
    20.62732,
    25.396822,
    41.923485,
    36.79028,
    34.20118,
    46.919205,
    18.044363,
    14.996109,
    33.24075,
    29.783367,
    42.996044,
    26.229656,
    20.948154,
    29.70887,
    25.455242,
    12.442399,
    32.316032,
    30.56011,
    28.280329,
    34.23625,
    30.959139,
    25.538425,
    27.197563,
    32.26913,
    27.252611,
    38.0947,
    25.842499
  ],
  "years": [
    2020,
    2020,
    2020,
    2020,
    2020,
    2020,
    2020,
    2020,
    2020,
    2020,
    2020,
    2020,
    2020,
    2020,
    2020,
    2020,
    2020,
    2020,
    2020,
    2020,
    2020,
    2020,
    2020,
    2020,
    2020,
    2020,
    2020,
    2020,
    2020,
    2020,
    2020,
    2020,
    2020,
    2020,
    2020,
    2020,
    2020,
    2020,
    2020,
    2020,
    2020,
    2020,
    2020,
    2020,
    2020,
    2020,
    2020,
    2020,
    2020,
    2020,
    2020,
    2020,
    2020,
    2020,
    2020,
    2020,
    2020,
    2020,
    2020,
    2020,
    2020,
    2020,
    2020,
    2020,
    2020,
    2020,
    2020,
    2020,
    2020,
    2020,
    2020,
    2020,
    2020,
    2020,
    2020,
    2020,
    2020,
    2020,
    2020,
    2020,
    2020,
    2020,
    2020,
    2020,
    2020,
    2020,
    2020,
    2020,
    2020,
    2020,
    2020,
    2020,
    2020,
    2020,
    2020,
    2020,
    2020,
    2020,
    2020,
    2020,
    2020,
    2020,
    2020,
    2020,
    2020,
    2020,
    2020,
    2020,
    2020,
    2020,
    2020,
    2020,
    2020,
    2020,
    2020,
    2020,
    2020,
    2020,
    2020,
    2020,
    2020,
    2020
  ],
  "entities": [
    13,
    65,
    110,
    124,
    130,
    70,
    136,
    28,
    1,
    3,
    6,
    5,
    4,
    9,
    8,
    11,
    138,
    162,
    92,
    10,
    149,
    161,
    135,
    144,
    14,
    171,
    137,
    238,
    37,
    113,
    103,
    129,
    64,
    133,
    150,
    68,
    32,
    81,
    44,
    23,
    96,
    141,
    84,
    75,
    42,
    125,
    142,
    106,
    158,
    115,
    89,
    60,
    127,
    198,
    152,
    131,
    126,
    111,
    12,
    67,
    40,
    43,
    80,
    166,
    16,
    17,
    21,
    24,
    27,
    34,
    35,
    39,
    172,
    170,
    168,
    165,
    163,
    160,
    201,
    259,
    156,
    155,
    153,
    147,
    134,
    2,
    143,
    122,
    119,
    66,
    116,
    212,
    213,
    112,
    215,
    108,
    107,
    105,
    102,
    98,
    97,
    95,
    88,
    85,
    83,
    7,
    71,
    72,
    63,
    62,
    379,
    355,
    294,
    273,
    275,
    276,
    295,
    277,
    457,
    460,
    459,
    461
  ]
}