{
  "values": [
    3.2545383,
    2.2149339,
    6.9804306,
    5.096837,
    4.151424,
    5.3326645,
    5.7472124,
    12.416051,
    21.531313,
    1.7359861,
    2.6810079,
    9.426016,
    3.2828758,
    6.091097,
    5.1667495,
    17.293022,
    5.0308404,
    2.269107,
    5.6835456,
    3.2779362,
    10.178624,
    17.493618,
    8.146441,
    4.7056293,
    2.819782,
    5.9170675,
    13.691446,
    3.3363714,
    19.337809,
    4.4188137,
    6.9391956,
    6.2605715,
    4.7548337,
    3.7121854,
    8.93022,
    5.220497,
    8.924263,
    18.983494,
    3.1951647,
    11.2213,
    3.5771494,
    4.9642706,
    9.719465,
    4.972722,
    2.402979,
    7.988338,
    10.67042,
    3.949471,
    5.014424,
    7.162158,
    2.0444648,
    9.064964,
    4.685107,
    4.2469234,
    7.4996223,
    7.534222,
    6.316461,
    1.682294,
    5.454484,
    8.819834,
    2.988172,
    8.162502,
    6.8918266,
    5.9923377,
    8.679416,
    4.8454494,
    8.60232,
    5.71781,
    15.62611,
    5.278594,
    11.322156,
    2.535249,
    7.134436,
    6.4934506,
    11.337217,
    4.5462513,
    8.912938,
    2.341826,
    15.804111,
    6.878648,
    17.296585,
    4.2759857,
    2.917109,
    15.966605,
    7.920027,
    9.457885,
    4.574825,
    6.0453954,
    6.14254,
    14.331538,
    1.9181471,
    8.3440275,
    4.4330487,
    5.028621,
    1.5725746,
    12.206243,
    2.1191032,
    3.0553393,
    4.295554,
    15.347404,
    5.1072235,
    6.99327,
    5.276512,
    4.451737,
    6.702467,
    1.0114363,
    6.7668905,
    3.7602913,
    5.2410035,
    5.491482,
    8.5604315,
    7.307273,
    7.9549866,
    2.1743126,
    4.0861087,
    4.039022,
    7.0295453,
    2.9947748,
    5.6100793,
    6.420862,
    8.16658,
    8.843438
  ],
  "years": [
    2020,
    2020,
    2020,
    2020,
    2020,
    2020,
    2020,
    2020,
    2020,
    2020,
    2020,
    2020,
    2020,
    2020,
    2020,
    2020,
    2020,
    2020,
    2020,
    2020,
    2020,
    2020,
    2020,
    2020,
    2020,
    2020,
    2020,
    2020,
    2020,
    2020,
    2020,
    2020,
    2020,
    2020,
    2020,
    2020,
    2020,
    2020,
    2020,
    2020,
    2020,
    2020,
    2020,
    2020,
    2020,
    2020,
    2020,
    2020,
    2020,
    2020,
    2020,
    2020,
    2020,
    2020,
    2020,
    2020,
    2020,
    2020,
    2020,
    2020,
    2020,
    2020,
    2020,
    2020,
    2020,
    2020,
    2020,
    2020,
    2020,
    2020,
    2020,
    2020,
    2020,
    2020,
    2020,
    2020,
    2020,
    2020,
    2020,
    2020,
    2020,
    2020,
    2020,
    2020,
    2020,
    2020,
    2020,
    2020,
    2020,
    2020,
    2020,
    2020,
    2020,
    2020,
    2020,
    2020,
    2020,
    2020,
    2020,
    2020,
    2020,
    2020,
    2020,
    2020,
    2020,
    2020,
    2020,
    2020,
    2020,
    2020,
    2020,
    2020,
    2020,
    2020,
    2020,
    2020,
    2020,
    2020,
    2020,
    2020,
    2020,
    2020
  ],
  "entities": [
    1,
    2,
    3,
    4,
    5,
    6,
    7,
    8,
    9,
    10,
    11,
    12,
    13,
    14,
    16,
    17,
    21,
    23,
    24,
    27,
    28,
    32,
    34,
    35,
    37,
    39,
    40,
    42,
    43,
    44,
    60,
    62,
    63,
    64,
    65,
    66,
    67,
    68,
    70,
    71,
    72,
    75,
    80,
    81,
    83,
    84,
    85,
    88,
    89,
    92,
    95,
    96,
    97,
    98,
    102,
    103,
    105,
    106,
    107,
    108,
    110,
    111,
    112,
    113,
    115,
    116,
    119,
    122,
    124,
    125,
    126,
    127,
    129,
    130,
    131,
    133,
    134,
    135,
    136,
    137,
    138,
    141,
    142,
    143,
    144,
    147,
    149,
    150,
    152,
    153,
    155,
    156,
    158,
    160,
    161,
    162,
    163,
    165,
    166,
    168,
    170,
    171,
    172,
    198,
    201,
    212,
    213,
    215,
    238,
    259,
    273,
    275,
    276,
    277,
    294,
    295,
    355,
    379,
    457,
    459,
    460,
    461
  ]
}