{
  "values": [
    0.51,
    17.86338,
    62.27,
    3.72,
    85.71,
    48.64,
    44.65,
    89.35,
    43.18,
    44.210266,
    87.73,
    90.68,
    29.76,
    45.12,
    31.11,
    14.72,
    42.44,
    37.73,
    86.43,
    51.22,
    41.91,
    56.76,
    85.24,
    59.7,
    56.1,
    95.06,
    3.26,
    51.82,
    29.47,
    7.91,
    45,
    3.16,
    95.35,
    49.47,
    27.03,
    15,
    100,
    42.38,
    97.73,
    12.82,
    47.62,
    83.33,
    33,
    78.64,
    80.91,
    78,
    75.46,
    32.09,
    92.86,
    37.3,
    44.87,
    40.48,
    48.84,
    87.5,
    5.12,
    41.03,
    38.18,
    4.87,
    80.48,
    26.22,
    6.51,
    70.71288,
    59.76,
    85,
    88.64,
    41,
    1.84,
    45.58,
    100,
    19.51,
    89.55,
    90.75,
    25.26,
    46.05,
    16.92,
    49.71,
    25.8,
    45.46,
    55.71,
    60.46,
    97.62,
    61.16,
    32.27,
    6.05,
    3,
    85,
    76.36,
    68.68,
    24.76,
    58,
    33.66,
    38.52,
    20.79,
    28.33,
    5.64,
    33.85,
    47.27,
    61.86,
    17.56,
    51.91,
    27.18,
    4.29,
    68.57,
    67.73,
    80.8,
    40,
    12.09,
    8.21,
    15.79,
    4.29,
    100,
    56.76,
    2.79,
    53.9,
    84.63,
    53.14,
    63.7,
    54.6,
    63.42,
    72.27,
    7.91,
    48.21,
    11.71,
    51.43,
    48.44,
    82.58,
    90.46,
    87.05,
    41.46,
    38.97,
    4.6,
    77.34579,
    32.11,
    60.91,
    86.82,
    68.9678,
    2.93,
    30.93,
    43.75,
    44,
    21,
    41.36,
    61,
    54.75,
    61.36,
    93.18,
    4.39,
    55.46,
    31.55,
    42.27,
    47.43,
    29.1,
    18.42,
    21.47,
    63.64,
    50,
    2.93,
    3.24,
    62.27,
    51.43,
    22.44,
    44.29,
    65.8,
    83.64,
    17.65,
    1,
    83.64,
    87.73487,
    60,
    6.83,
    99.86,
    24.39,
    5.75,
    63.08,
    80.46,
    75.91,
    10.24,
    72.96,
    35.12,
    8.46,
    69.05,
    6.11,
    20.59,
    27.96,
    10.53,
    35.46,
    19.87,
    26.52,
    0.56,
    57.27,
    0.47,
    81.59,
    79.63,
    93.18,
    23.21,
    42.56,
    50,
    52.27,
    46.575184,
    2.86,
    4.88,
    17.5
  ],
  "years": [
    2025,
    2025,
    2025,
    2025,
    2025,
    2025,
    2025,
    2025,
    2025,
    2025,
    2025,
    2025,
    2025,
    2025,
    2025,
    2025,
    2025,
    2025,
    2025,
    2025,
    2025,
    2025,
    2025,
    2025,
    2025,
    2025,
    2025,
    2025,
    2025,
    2025,
    2025,
    2025,
    2025,
    2025,
    2025,
    2025,
    2025,
    2025,
    2025,
    2025,
    2025,
    2025,
    2025,
    2025,
    2025,
    2025,
    2025,
    2025,
    2025,
    2025,
    2025,
    2025,
    2025,
    2025,
    2025,
    2025,
    2025,
    2025,
    2025,
    2025,
    2025,
    2025,
    2025,
    2025,
    2025,
    2025,
    2025,
    2025,
    2025,
    2025,
    2025,
    2025,
    2025,
    2025,
    2025,
    2025,
    2025,
    2025,
    2025,
    2025,
    2025,
    2025,
    2025,
    2025,
    2025,
    2025,
    2025,
    2025,
    2025,
    2025,
    2025,
    2025,
    2025,
    2025,
    2025,
    2025,
    2025,
    2025,
    2025,
    2025,
    2025,
    2025,
    2025,
    2025,
    2025,
    2025,
    2025,
    2025,
    2025,
    2025,
    2025,
    2025,
    2025,
    2025,
    2025,
    2025,
    2025,
    2025,
    2025,
    2025,
    2025,
    2025,
    2025,
    2025,
    2025,
    2025,
    2025,
    2025,
    2025,
    2025,
    2025,
    2025,
    2025,
    2025,
    2025,
    2025,
    2025,
    2025,
    2025,
    2025,
    2025,
    2025,
    2025,
    2025,
    2025,
    2025,
    2025,
    2025,
    2025,
    2025,
    2025,
    2025,
    2025,
    2025,
    2025,
    2025,
    2025,
    2025,
    2025,
    2025,
    2025,
    2025,
    2025,
    2025,
    2025,
    2025,
    2025,
    2025,
    2025,
    2025,
    2025,
    2025,
    2025,
    2025,
    2025,
    2025,
    2025,
    2025,
    2025,
    2025,
    2025,
    2025,
    2025,
    2025,
    2025,
    2025,
    2025,
    2025,
    2025,
    2025,
    2025,
    2025,
    2025,
    2025,
    2025,
    2025,
    2025,
    2025,
    2025,
    2025,
    2025,
    2025
  ],
  "entities": [
    15,
    273,
    16,
    17,
    18,
    19,
    20,
    21,
    22,
    275,
    23,
    24,
    25,
    26,
    27,
    28,
    29,
    30,
    4,
    31,
    32,
    33,
    34,
    35,
    36,
    37,
    38,
    39,
    40,
    41,
    42,
    43,
    44,
    45,
    174,
    173,
    172,
    171,
    170,
    169,
    168,
    166,
    143,
    165,
    164,
    163,
    162,
    167,
    161,
    154,
    200,
    160,
    225,
    201,
    65,
    259,
    159,
    157,
    156,
    78,
    158,
    276,
    202,
    155,
    3,
    153,
    151,
    152,
    6,
    150,
    149,
    205,
    206,
    148,
    147,
    94,
    146,
    145,
    139,
    138,
    207,
    137,
    136,
    135,
    134,
    2,
    133,
    8,
    132,
    14,
    130,
    131,
    129,
    204,
    208,
    126,
    125,
    122,
    124,
    123,
    121,
    120,
    209,
    119,
    210,
    118,
    117,
    116,
    211,
    115,
    212,
    223,
    114,
    213,
    113,
    222,
    111,
    214,
    112,
    215,
    110,
    109,
    142,
    108,
    218,
    107,
    5,
    106,
    105,
    104,
    103,
    294,
    128,
    66,
    102,
    277,
    217,
    101,
    224,
    100,
    99,
    98,
    97,
    96,
    11,
    95,
    226,
    92,
    12,
    91,
    227,
    229,
    230,
    239,
    231,
    232,
    90,
    89,
    88,
    233,
    87,
    86,
    85,
    83,
    195,
    82,
    81,
    295,
    127,
    258,
    9,
    141,
    79,
    234,
    10,
    7,
    77,
    198,
    76,
    64,
    75,
    74,
    235,
    73,
    71,
    70,
    69,
    237,
    68,
    67,
    72,
    1,
    13,
    63,
    62,
    221,
    238,
    84,
    355,
    61,
    60,
    80
  ]
}