{
  "values": [
    80.46,
    85,
    90,
    87.05,
    90.46,
    95.23,
    75.35,
    78.79,
    93.18,
    80.46,
    62.27,
    7.44,
    86.34,
    70,
    0,
    62.27,
    3.42,
    85.71,
    66.19,
    84.21,
    87.17,
    47.73,
    89.65,
    92.96,
    48.18,
    46.19,
    30.77,
    23.25,
    54.76,
    40.46,
    55,
    43.81,
    53.33,
    83.64,
    63.33,
    61.91,
    97.96,
    6.83,
    55.46,
    52.22,
    10.24,
    53.89,
    5.5,
    95.46,
    51.22,
    17.65,
    0,
    20.83,
    93.18,
    8.05,
    7.33,
    63.64,
    59.55,
    2.78,
    29.58,
    42.73,
    16.92,
    4.88,
    48.33,
    16.41,
    56.82,
    40,
    17.56,
    21.45,
    6.75,
    33.03,
    83.64,
    1.11,
    83.64,
    58.18,
    65.38,
    53,
    24.74,
    62.27,
    6.15,
    6.98,
    45,
    57.73,
    46.19,
    91.82,
    56.41,
    72.27,
    41.36,
    28.93,
    48,
    30.24,
    85.34,
    2.5,
    40.5,
    48.57,
    87.05,
    83.33,
    67.5,
    62.86,
    11.71,
    62.73,
    65.24,
    89.87,
    0,
    32.73,
    7.81,
    15,
    43.81,
    50.91,
    3.9,
    27.81,
    62.73,
    48.95,
    20.74,
    49.47,
    44.74,
    48.33,
    38.33,
    25.39,
    40.95,
    59.09,
    33.5,
    70.91,
    4.32,
    5.13,
    17.78,
    65,
    62.27,
    59.05,
    23.9,
    16.1,
    33.16,
    46,
    26.51,
    20.49,
    49.76,
    93.18,
    17.07,
    12.56,
    63.72,
    45.79,
    32.82,
    85,
    83.64,
    6.34,
    7,
    48.57,
    50,
    91.59,
    71.25,
    80,
    80.91,
    81.36,
    83.33,
    34.21,
    43.81,
    15.39,
    94.55,
    51,
    100,
    18.05,
    31.67,
    21.54,
    80.68,
    50,
    80.46,
    53.57,
    33.33,
    35,
    90.48,
    15.9,
    66.11,
    82.16,
    22.93,
    100,
    55,
    53.81,
    70.95,
    11.35,
    48.68,
    60.53,
    53.14,
    60.53,
    43.16,
    46.32,
    10.24,
    56.67,
    31.88,
    31.89,
    63.64,
    51.91,
    53.33,
    50.91,
    28.95,
    22.7,
    51.82,
    37.97,
    17.07,
    48.57,
    20.723385,
    48.20449,
    65.955826,
    72.361984,
    82.892235,
    89.187965,
    49.721184
  ],
  "years": [
    2024,
    2024,
    2024,
    2024,
    2024,
    2024,
    2024,
    2024,
    2024,
    2024,
    2024,
    2024,
    2024,
    2024,
    2024,
    2024,
    2024,
    2024,
    2024,
    2024,
    2024,
    2024,
    2024,
    2024,
    2024,
    2024,
    2024,
    2024,
    2024,
    2024,
    2024,
    2024,
    2024,
    2024,
    2024,
    2024,
    2024,
    2024,
    2024,
    2024,
    2024,
    2024,
    2024,
    2024,
    2024,
    2024,
    2024,
    2024,
    2024,
    2024,
    2024,
    2024,
    2024,
    2024,
    2024,
    2024,
    2024,
    2024,
    2024,
    2024,
    2024,
    2024,
    2024,
    2024,
    2024,
    2024,
    2024,
    2024,
    2024,
    2024,
    2024,
    2024,
    2024,
    2024,
    2024,
    2024,
    2024,
    2024,
    2024,
    2024,
    2024,
    2024,
    2024,
    2024,
    2024,
    2024,
    2024,
    2024,
    2024,
    2024,
    2024,
    2024,
    2024,
    2024,
    2024,
    2024,
    2024,
    2024,
    2024,
    2024,
    2024,
    2024,
    2024,
    2024,
    2024,
    2024,
    2024,
    2024,
    2024,
    2024,
    2024,
    2024,
    2024,
    2024,
    2024,
    2024,
    2024,
    2024,
    2024,
    2024,
    2024,
    2024,
    2024,
    2024,
    2024,
    2024,
    2024,
    2024,
    2024,
    2024,
    2024,
    2024,
    2024,
    2024,
    2024,
    2024,
    2024,
    2024,
    2024,
    2024,
    2024,
    2024,
    2024,
    2024,
    2024,
    2024,
    2024,
    2024,
    2024,
    2024,
    2024,
    2024,
    2024,
    2024,
    2024,
    2024,
    2024,
    2024,
    2024,
    2024,
    2024,
    2024,
    2024,
    2024,
    2024,
    2024,
    2024,
    2024,
    2024,
    2024,
    2024,
    2024,
    2024,
    2024,
    2024,
    2024,
    2024,
    2024,
    2024,
    2024,
    2024,
    2024,
    2024,
    2024,
    2024,
    2024,
    2024,
    2024,
    2024,
    2024,
    2024,
    2024,
    2024,
    2024,
    2024,
    2024,
    2024,
    2024,
    2024,
    2024,
    2024
  ],
  "entities": [
    1,
    2,
    3,
    4,
    5,
    6,
    7,
    8,
    9,
    10,
    11,
    12,
    13,
    14,
    15,
    16,
    17,
    18,
    19,
    20,
    21,
    22,
    23,
    24,
    25,
    26,
    27,
    28,
    29,
    30,
    31,
    32,
    33,
    34,
    35,
    36,
    37,
    38,
    39,
    40,
    41,
    42,
    43,
    44,
    45,
    60,
    61,
    62,
    63,
    64,
    65,
    66,
    67,
    68,
    69,
    70,
    71,
    72,
    73,
    74,
    75,
    76,
    77,
    78,
    79,
    80,
    81,
    82,
    83,
    84,
    85,
    86,
    87,
    88,
    89,
    90,
    91,
    92,
    94,
    95,
    96,
    97,
    98,
    99,
    100,
    101,
    102,
    103,
    104,
    105,
    106,
    107,
    108,
    109,
    110,
    111,
    112,
    113,
    114,
    115,
    116,
    117,
    118,
    119,
    120,
    121,
    122,
    123,
    124,
    125,
    126,
    127,
    128,
    129,
    130,
    131,
    132,
    133,
    134,
    135,
    136,
    137,
    138,
    139,
    141,
    142,
    143,
    145,
    146,
    147,
    148,
    149,
    150,
    151,
    152,
    153,
    154,
    155,
    156,
    157,
    158,
    159,
    160,
    161,
    162,
    163,
    164,
    165,
    166,
    167,
    168,
    169,
    170,
    171,
    172,
    173,
    174,
    195,
    198,
    200,
    201,
    202,
    204,
    206,
    207,
    208,
    209,
    210,
    211,
    212,
    213,
    214,
    215,
    217,
    218,
    221,
    222,
    223,
    224,
    225,
    226,
    227,
    229,
    230,
    231,
    232,
    233,
    234,
    235,
    237,
    238,
    239,
    258,
    259,
    273,
    275,
    276,
    277,
    294,
    295,
    355
  ]
}