{
  "values": [
    0,
    20.723385,
    62.27,
    3.42,
    85.71,
    66.19,
    84.21,
    87.17,
    47.73,
    48.20449,
    89.65,
    92.96,
    48.18,
    46.19,
    30.77,
    23.25,
    54.76,
    40.46,
    87.05,
    55,
    43.81,
    53.33,
    83.64,
    63.33,
    61.91,
    97.96,
    6.83,
    55.46,
    52.22,
    10.24,
    53.89,
    5.5,
    95.46,
    51.22,
    31.67,
    18.05,
    100,
    51,
    94.55,
    15.39,
    43.81,
    83.33,
    33.16,
    81.36,
    80.91,
    80,
    71.25,
    34.21,
    91.59,
    32.82,
    50,
    50,
    46.32,
    80.46,
    7.33,
    48.57,
    48.57,
    6.34,
    83.64,
    21.45,
    7,
    65.955826,
    53.57,
    85,
    90,
    45.79,
    12.56,
    63.72,
    95.23,
    17.07,
    93.18,
    35,
    49.76,
    20.49,
    46.19,
    26.51,
    46,
    59.05,
    62.27,
    90.48,
    65,
    17.78,
    5.13,
    4.32,
    85,
    70.91,
    78.79,
    33.5,
    70,
    40.95,
    59.09,
    25.39,
    33.33,
    15.9,
    44.74,
    49.47,
    62.73,
    20.74,
    48.95,
    27.81,
    3.9,
    66.11,
    50.91,
    82.16,
    43.81,
    15,
    7.81,
    22.93,
    32.73,
    100,
    60.53,
    0,
    55,
    89.87,
    53.14,
    62.73,
    53.81,
    65.24,
    70.95,
    11.71,
    62.86,
    16.1,
    67.5,
    48.68,
    83.33,
    90.46,
    87.05,
    48.57,
    40.5,
    2.5,
    82.892235,
    38.33,
    63.64,
    85.34,
    72.361984,
    11.35,
    30.24,
    43.16,
    48,
    28.93,
    41.36,
    72.27,
    56.41,
    62.27,
    91.82,
    10.24,
    57.73,
    7.44,
    45,
    56.67,
    31.88,
    31.89,
    37.97,
    63.64,
    51.91,
    6.98,
    6.15,
    62.27,
    53.33,
    24.74,
    53,
    65.38,
    83.64,
    21.54,
    1.11,
    83.64,
    89.187965,
    48.33,
    17.07,
    93.18,
    23.9,
    6.75,
    50.91,
    80.46,
    75.35,
    17.56,
    80.68,
    40,
    8.05,
    56.82,
    16.41,
    28.95,
    48.33,
    16.92,
    42.73,
    29.58,
    22.7,
    2.78,
    59.55,
    4.88,
    80.46,
    86.34,
    93.18,
    20.83,
    60.53,
    51.82,
    58.18,
    49.721184,
    0,
    17.65,
    33.03
  ],
  "years": [
    2024,
    2024,
    2024,
    2024,
    2024,
    2024,
    2024,
    2024,
    2024,
    2024,
    2024,
    2024,
    2024,
    2024,
    2024,
    2024,
    2024,
    2024,
    2024,
    2024,
    2024,
    2024,
    2024,
    2024,
    2024,
    2024,
    2024,
    2024,
    2024,
    2024,
    2024,
    2024,
    2024,
    2024,
    2024,
    2024,
    2024,
    2024,
    2024,
    2024,
    2024,
    2024,
    2024,
    2024,
    2024,
    2024,
    2024,
    2024,
    2024,
    2024,
    2024,
    2024,
    2024,
    2024,
    2024,
    2024,
    2024,
    2024,
    2024,
    2024,
    2024,
    2024,
    2024,
    2024,
    2024,
    2024,
    2024,
    2024,
    2024,
    2024,
    2024,
    2024,
    2024,
    2024,
    2024,
    2024,
    2024,
    2024,
    2024,
    2024,
    2024,
    2024,
    2024,
    2024,
    2024,
    2024,
    2024,
    2024,
    2024,
    2024,
    2024,
    2024,
    2024,
    2024,
    2024,
    2024,
    2024,
    2024,
    2024,
    2024,
    2024,
    2024,
    2024,
    2024,
    2024,
    2024,
    2024,
    2024,
    2024,
    2024,
    2024,
    2024,
    2024,
    2024,
    2024,
    2024,
    2024,
    2024,
    2024,
    2024,
    2024,
    2024,
    2024,
    2024,
    2024,
    2024,
    2024,
    2024,
    2024,
    2024,
    2024,
    2024,
    2024,
    2024,
    2024,
    2024,
    2024,
    2024,
    2024,
    2024,
    2024,
    2024,
    2024,
    2024,
    2024,
    2024,
    2024,
    2024,
    2024,
    2024,
    2024,
    2024,
    2024,
    2024,
    2024,
    2024,
    2024,
    2024,
    2024,
    2024,
    2024,
    2024,
    2024,
    2024,
    2024,
    2024,
    2024,
    2024,
    2024,
    2024,
    2024,
    2024,
    2024,
    2024,
    2024,
    2024,
    2024,
    2024,
    2024,
    2024,
    2024,
    2024,
    2024,
    2024,
    2024,
    2024,
    2024,
    2024,
    2024,
    2024,
    2024,
    2024,
    2024,
    2024,
    2024,
    2024,
    2024,
    2024,
    2024,
    2024,
    2024
  ],
  "entities": [
    15,
    273,
    16,
    17,
    18,
    19,
    20,
    21,
    22,
    275,
    23,
    24,
    25,
    26,
    27,
    28,
    29,
    30,
    4,
    31,
    32,
    33,
    34,
    35,
    36,
    37,
    38,
    39,
    40,
    41,
    42,
    43,
    44,
    45,
    174,
    173,
    172,
    171,
    170,
    169,
    168,
    166,
    143,
    165,
    164,
    163,
    162,
    167,
    161,
    154,
    200,
    160,
    225,
    201,
    65,
    259,
    159,
    157,
    156,
    78,
    158,
    276,
    202,
    155,
    3,
    153,
    151,
    152,
    6,
    150,
    149,
    206,
    148,
    147,
    94,
    146,
    145,
    139,
    138,
    207,
    137,
    136,
    135,
    134,
    2,
    133,
    8,
    132,
    14,
    130,
    131,
    129,
    204,
    208,
    126,
    125,
    122,
    124,
    123,
    121,
    120,
    209,
    119,
    210,
    118,
    117,
    116,
    211,
    115,
    212,
    223,
    114,
    213,
    113,
    222,
    111,
    214,
    112,
    215,
    110,
    109,
    142,
    108,
    218,
    107,
    5,
    106,
    105,
    104,
    103,
    294,
    128,
    66,
    102,
    277,
    217,
    101,
    224,
    100,
    99,
    98,
    97,
    96,
    11,
    95,
    226,
    92,
    12,
    91,
    227,
    229,
    230,
    239,
    231,
    232,
    90,
    89,
    88,
    233,
    87,
    86,
    85,
    83,
    195,
    82,
    81,
    295,
    127,
    258,
    9,
    141,
    79,
    234,
    10,
    7,
    77,
    198,
    76,
    64,
    75,
    74,
    235,
    73,
    71,
    70,
    69,
    237,
    68,
    67,
    72,
    1,
    13,
    63,
    62,
    221,
    238,
    84,
    355,
    61,
    60,
    80
  ]
}