{
  "values": [
    -9233.35,
    -555.557,
    -9232.354,
    -19522.613,
    18260.97,
    -1348.7888,
    -129691.17,
    -3970.0293,
    -5907.778,
    -20374.674,
    -16327.732,
    -1839.6931,
    -176.59204,
    -8067.011,
    -589.335,
    -1228.6656,
    -128.90747,
    -39457.508,
    0,
    0,
    -12455.101,
    -2281.5886,
    -5462.7935,
    -3133.3936,
    -797.8329,
    -35040.273,
    -2433.2964,
    2458.0032,
    -859.5236,
    -635809.75,
    -19934.254,
    -369.1621,
    -1986.5958,
    -15198.868,
    -3425.7273,
    -6780.9585,
    -424.74957,
    -9778.339,
    49319.043,
    -6062.2217,
    109.24229,
    -3794.5144,
    1002.0372,
    -8228.647,
    1005.85815,
    -2300.2578,
    -155.72589,
    2299.6328,
    -10957.537,
    -25690.293,
    0,
    -591.21606,
    -3875.1467,
    -41949.125,
    -1088.1726,
    3280.491,
    -3029.812,
    -16681.355,
    -31031.379,
    -4119.6904,
    -8771.841,
    -7959.857,
    -1110.9198,
    -243.10957,
    647.5003,
    -4360.3096,
    -15916.731,
    4.77556,
    -497348.2,
    -53989.367,
    -60411.477,
    19680.227,
    -957.2664,
    -237.10027,
    -17934.11,
    -692.79364,
    -1641.9457,
    -512.6939,
    -65183.184,
    -9214.342,
    -417.9166,
    -1386.4589,
    -339.8762,
    -518.52954,
    -3173.288,
    -3566.9653,
    -5900.4185,
    -21832.953,
    861.3479,
    23872.787,
    2472.9893,
    -68935.98,
    -4169.6035,
    -85.75455,
    -17181.053,
    -19551.986,
    -2194.2112,
    -2359.69,
    -20669.596,
    -979.465,
    -19.338818,
    -695.24963,
    28661.553,
    -174674.56,
    -2832.592,
    -19118.867,
    -303.06918,
    -848.7466,
    -42978.023,
    -319.79352,
    -828.6963,
    -1129.0668,
    2124.1328,
    -10358.307,
    -13679.565,
    -48682.625,
    -5285.7036,
    -36856.254,
    -285040.6,
    -12958.998,
    0,
    906.6396,
    13746.656,
    -3849.9236,
    -4618.249,
    -542.70764,
    -102.71482,
    -4470.916,
    -19130.312,
    -3450.9707,
    -33503.855,
    -6089.5015,
    -28835.316,
    -3227.8936,
    52.02779,
    -12710.334,
    807.56146,
    -34713.004,
    -107698.94,
    -1621.2869,
    -1191.6278,
    -6518.8833,
    -98328.67,
    -1935.1602,
    -20172,
    -113006.45,
    -12168.776,
    -230311.06,
    56.016636,
    -786.0893,
    -1.222422,
    -7631.3135,
    -3390000,
    9051.992,
    -7137.5415,
    -4226.696
  ],
  "years": [
    2050,
    2050,
    2050,
    2050,
    2050,
    2050,
    2050,
    2050,
    2050,
    2050,
    2050,
    2050,
    2050,
    2050,
    2050,
    2050,
    2050,
    2050,
    2050,
    2050,
    2050,
    2050,
    2050,
    2050,
    2050,
    2050,
    2050,
    2050,
    2050,
    2050,
    2050,
    2050,
    2050,
    2050,
    2050,
    2050,
    2050,
    2050,
    2050,
    2050,
    2050,
    2050,
    2050,
    2050,
    2050,
    2050,
    2050,
    2050,
    2050,
    2050,
    2050,
    2050,
    2050,
    2050,
    2050,
    2050,
    2050,
    2050,
    2050,
    2050,
    2050,
    2050,
    2050,
    2050,
    2050,
    2050,
    2050,
    2050,
    2050,
    2050,
    2050,
    2050,
    2050,
    2050,
    2050,
    2050,
    2050,
    2050,
    2050,
    2050,
    2050,
    2050,
    2050,
    2050,
    2050,
    2050,
    2050,
    2050,
    2050,
    2050,
    2050,
    2050,
    2050,
    2050,
    2050,
    2050,
    2050,
    2050,
    2050,
    2050,
    2050,
    2050,
    2050,
    2050,
    2050,
    2050,
    2050,
    2050,
    2050,
    2050,
    2050,
    2050,
    2050,
    2050,
    2050,
    2050,
    2050,
    2050,
    2050,
    2050,
    2050,
    2050,
    2050,
    2050,
    2050,
    2050,
    2050,
    2050,
    2050,
    2050,
    2050,
    2050,
    2050,
    2050,
    2050,
    2050,
    2050,
    2050,
    2050,
    2050,
    2050,
    2050,
    2050,
    2050,
    2050,
    2050,
    2050,
    2050,
    2050,
    2050,
    2050,
    2050,
    2050,
    2050,
    2050,
    2050
  ],
  "entities": [
    15,
    16,
    17,
    19,
    21,
    22,
    23,
    24,
    25,
    28,
    30,
    4,
    31,
    32,
    33,
    34,
    36,
    37,
    351,
    38,
    39,
    40,
    41,
    42,
    43,
    44,
    174,
    173,
    172,
    171,
    170,
    168,
    166,
    143,
    165,
    164,
    163,
    162,
    167,
    161,
    154,
    160,
    225,
    201,
    65,
    259,
    159,
    157,
    156,
    158,
    249,
    202,
    155,
    3,
    153,
    151,
    152,
    6,
    150,
    149,
    148,
    147,
    94,
    146,
    145,
    139,
    138,
    207,
    137,
    136,
    135,
    134,
    2,
    133,
    8,
    132,
    14,
    130,
    131,
    129,
    126,
    125,
    124,
    123,
    121,
    120,
    118,
    117,
    116,
    115,
    114,
    113,
    111,
    112,
    110,
    109,
    142,
    108,
    107,
    5,
    106,
    105,
    104,
    103,
    128,
    66,
    102,
    217,
    101,
    140,
    100,
    99,
    98,
    97,
    96,
    11,
    95,
    92,
    12,
    91,
    239,
    90,
    89,
    87,
    85,
    83,
    195,
    82,
    81,
    127,
    9,
    141,
    79,
    10,
    7,
    77,
    76,
    64,
    75,
    74,
    73,
    71,
    70,
    69,
    68,
    67,
    1,
    13,
    63,
    62,
    221,
    238,
    355,
    61,
    60,
    80
  ]
}