{
  "values": [
    6993.2705,
    -196.31325,
    5436.1177,
    12444.168,
    155065.16,
    -603.12506,
    -51614.184,
    1033.1259,
    -2866.3652,
    54049.562,
    -4837.5913,
    941.59076,
    262.74228,
    24839.248,
    77.54401,
    13297.683,
    -165.3611,
    376869.22,
    0,
    0,
    -5910.965,
    35451.273,
    26295.246,
    6616.542,
    83892.195,
    51033.76,
    16312.168,
    28190.52,
    4224.678,
    -186431.22,
    -1002.2516,
    4923.5854,
    -17.082579,
    166716.44,
    -872.89197,
    5367.5156,
    106.84662,
    -2177.6694,
    81827.49,
    2370.2183,
    45.507538,
    866.19543,
    1128.5552,
    1226.0922,
    56627.156,
    2089.0654,
    1545.5648,
    7009.3228,
    -5324.1035,
    133500.77,
    0,
    241.83882,
    -343.44455,
    90.0526,
    -139.4918,
    8829.699,
    -2585.541,
    18237.8,
    58175.664,
    1189.0768,
    11462.834,
    91361.11,
    11312.135,
    1908.8585,
    12180.144,
    7814.879,
    -4860.9673,
    -0.348692,
    280228.03,
    155557.6,
    -4219.1045,
    71309.42,
    102.365486,
    887.8814,
    -1037.9222,
    58.724762,
    -1251.5166,
    -398.59354,
    -40348.95,
    58381.555,
    2949.155,
    3757.563,
    295.17477,
    1193.858,
    4648.1562,
    269.4115,
    42792.918,
    37442.92,
    99310.26,
    68735.38,
    5202.477,
    15023.835,
    3156.2527,
    -213.31436,
    30462.549,
    29841.91,
    37921.184,
    -2020.8296,
    -103.53669,
    370.63025,
    82.889046,
    9619.186,
    248430.58,
    381307.4,
    1988.6863,
    -12418.318,
    -91.195305,
    499.1378,
    139670.62,
    -16.957197,
    647.871,
    3159.7397,
    25574.04,
    5090.43,
    43778.043,
    -12158.623,
    -3945.3147,
    -20534.457,
    -149384.6,
    20516.244,
    0,
    3868.6704,
    39056.08,
    17811.371,
    -1766.3386,
    -151.39525,
    413.25333,
    14276.7,
    15358.931,
    -974.6594,
    -15640.974,
    -2960.7056,
    53972.81,
    1521.8826,
    997.26056,
    34684.242,
    3670.7288,
    208444.34,
    -43538.773,
    38324.305,
    -264.47394,
    -3916.1904,
    -199.4066,
    4595.3755,
    99800.875,
    -53376.082,
    -1696.5641,
    178723.5,
    2871.3127,
    10147.146,
    195.01373,
    3440.0264,
    3350000,
    994.39685,
    19860.592,
    76489.05
  ],
  "years": [
    2050,
    2050,
    2050,
    2050,
    2050,
    2050,
    2050,
    2050,
    2050,
    2050,
    2050,
    2050,
    2050,
    2050,
    2050,
    2050,
    2050,
    2050,
    2050,
    2050,
    2050,
    2050,
    2050,
    2050,
    2050,
    2050,
    2050,
    2050,
    2050,
    2050,
    2050,
    2050,
    2050,
    2050,
    2050,
    2050,
    2050,
    2050,
    2050,
    2050,
    2050,
    2050,
    2050,
    2050,
    2050,
    2050,
    2050,
    2050,
    2050,
    2050,
    2050,
    2050,
    2050,
    2050,
    2050,
    2050,
    2050,
    2050,
    2050,
    2050,
    2050,
    2050,
    2050,
    2050,
    2050,
    2050,
    2050,
    2050,
    2050,
    2050,
    2050,
    2050,
    2050,
    2050,
    2050,
    2050,
    2050,
    2050,
    2050,
    2050,
    2050,
    2050,
    2050,
    2050,
    2050,
    2050,
    2050,
    2050,
    2050,
    2050,
    2050,
    2050,
    2050,
    2050,
    2050,
    2050,
    2050,
    2050,
    2050,
    2050,
    2050,
    2050,
    2050,
    2050,
    2050,
    2050,
    2050,
    2050,
    2050,
    2050,
    2050,
    2050,
    2050,
    2050,
    2050,
    2050,
    2050,
    2050,
    2050,
    2050,
    2050,
    2050,
    2050,
    2050,
    2050,
    2050,
    2050,
    2050,
    2050,
    2050,
    2050,
    2050,
    2050,
    2050,
    2050,
    2050,
    2050,
    2050,
    2050,
    2050,
    2050,
    2050,
    2050,
    2050,
    2050,
    2050,
    2050,
    2050,
    2050,
    2050,
    2050,
    2050,
    2050,
    2050,
    2050,
    2050
  ],
  "entities": [
    15,
    16,
    17,
    19,
    21,
    22,
    23,
    24,
    25,
    28,
    30,
    4,
    31,
    32,
    33,
    34,
    36,
    37,
    351,
    38,
    39,
    40,
    41,
    42,
    43,
    44,
    174,
    173,
    172,
    171,
    170,
    168,
    166,
    143,
    165,
    164,
    163,
    162,
    167,
    161,
    154,
    160,
    225,
    201,
    65,
    259,
    159,
    157,
    156,
    158,
    249,
    202,
    155,
    3,
    153,
    151,
    152,
    6,
    150,
    149,
    148,
    147,
    94,
    146,
    145,
    139,
    138,
    207,
    137,
    136,
    135,
    134,
    2,
    133,
    8,
    132,
    14,
    130,
    131,
    129,
    126,
    125,
    124,
    123,
    121,
    120,
    118,
    117,
    116,
    115,
    114,
    113,
    111,
    112,
    110,
    109,
    142,
    108,
    107,
    5,
    106,
    105,
    104,
    103,
    128,
    66,
    102,
    217,
    101,
    140,
    100,
    99,
    98,
    97,
    96,
    11,
    95,
    92,
    12,
    91,
    239,
    90,
    89,
    87,
    85,
    83,
    195,
    82,
    81,
    127,
    9,
    141,
    79,
    10,
    7,
    77,
    76,
    64,
    75,
    74,
    73,
    71,
    70,
    69,
    68,
    67,
    1,
    13,
    63,
    62,
    221,
    238,
    355,
    61,
    60,
    80
  ]
}