{
  "values": [
    10267.549,
    8.26364,
    9051.261,
    3325.5986,
    155065.16,
    -414.74554,
    -51614.184,
    2011.7258,
    -2112.2202,
    70746.79,
    -2438.3357,
    1551.5149,
    347.49124,
    14736.222,
    121.53518,
    16516.271,
    -88.31957,
    376869.22,
    0,
    0,
    -4206.4854,
    18759.598,
    18556.725,
    9357.675,
    57832.35,
    75310.734,
    11264.554,
    33295.09,
    4224.678,
    -186431.22,
    -1002.2516,
    5563.673,
    388.553,
    117899.53,
    -242.84706,
    5367.5156,
    196.0588,
    -667.61615,
    57717.145,
    3875.147,
    58.611893,
    866.19543,
    1403.4371,
    1226.0922,
    65410.574,
    2864.3015,
    1291.7704,
    8050.8784,
    -3993.6204,
    78840.54,
    0,
    241.83882,
    596.57745,
    10900.817,
    52.28993,
    9809.281,
    -2337.746,
    27083.322,
    32295.355,
    3671.6758,
    11462.834,
    66686.94,
    7854.143,
    2289.22,
    12180.144,
    9274.866,
    -2390.592,
    0.314085,
    280228.03,
    155557.6,
    6869.4688,
    80317.445,
    372.98477,
    1199.0309,
    5364.8667,
    58.724762,
    -1251.5166,
    -276.29684,
    -31124.773,
    36878.164,
    3985.8118,
    4954.534,
    540.75574,
    1481.2975,
    2518.878,
    883.2716,
    42792.918,
    22786.115,
    99310.26,
    78142.3,
    5910.023,
    15023.835,
    4722.522,
    -91.244225,
    38607.69,
    14205.696,
    54102.562,
    -1874.3063,
    3621.8643,
    881.9392,
    82.889046,
    11235.192,
    277938.1,
    214460.48,
    4387.5933,
    -10201.869,
    176.5598,
    768.04895,
    167548.89,
    105.643005,
    988.386,
    3839.4011,
    31082.117,
    5090.43,
    43778.043,
    -4636.2124,
    -3168.1687,
    -16421.184,
    -117526.88,
    12812.075,
    0,
    4961.4253,
    26724.455,
    11748.972,
    -1053.6249,
    -42.74342,
    413.25333,
    7027.457,
    21194.291,
    -974.6594,
    -6273.274,
    -2960.7056,
    68191.17,
    2651.8635,
    1287.9047,
    41183.707,
    4704.442,
    144581.02,
    -43538.773,
    27472.715,
    -115.683685,
    -705.6081,
    16577.74,
    6346.523,
    65274.816,
    -40014.496,
    1626.8584,
    178723.5,
    3921.0654,
    14056.116,
    195.01373,
    3440.0264,
    3110000,
    1963.7893,
    13080.039,
    55245.086
  ],
  "years": [
    2050,
    2050,
    2050,
    2050,
    2050,
    2050,
    2050,
    2050,
    2050,
    2050,
    2050,
    2050,
    2050,
    2050,
    2050,
    2050,
    2050,
    2050,
    2050,
    2050,
    2050,
    2050,
    2050,
    2050,
    2050,
    2050,
    2050,
    2050,
    2050,
    2050,
    2050,
    2050,
    2050,
    2050,
    2050,
    2050,
    2050,
    2050,
    2050,
    2050,
    2050,
    2050,
    2050,
    2050,
    2050,
    2050,
    2050,
    2050,
    2050,
    2050,
    2050,
    2050,
    2050,
    2050,
    2050,
    2050,
    2050,
    2050,
    2050,
    2050,
    2050,
    2050,
    2050,
    2050,
    2050,
    2050,
    2050,
    2050,
    2050,
    2050,
    2050,
    2050,
    2050,
    2050,
    2050,
    2050,
    2050,
    2050,
    2050,
    2050,
    2050,
    2050,
    2050,
    2050,
    2050,
    2050,
    2050,
    2050,
    2050,
    2050,
    2050,
    2050,
    2050,
    2050,
    2050,
    2050,
    2050,
    2050,
    2050,
    2050,
    2050,
    2050,
    2050,
    2050,
    2050,
    2050,
    2050,
    2050,
    2050,
    2050,
    2050,
    2050,
    2050,
    2050,
    2050,
    2050,
    2050,
    2050,
    2050,
    2050,
    2050,
    2050,
    2050,
    2050,
    2050,
    2050,
    2050,
    2050,
    2050,
    2050,
    2050,
    2050,
    2050,
    2050,
    2050,
    2050,
    2050,
    2050,
    2050,
    2050,
    2050,
    2050,
    2050,
    2050,
    2050,
    2050,
    2050,
    2050,
    2050,
    2050,
    2050,
    2050,
    2050,
    2050,
    2050,
    2050
  ],
  "entities": [
    15,
    16,
    17,
    19,
    21,
    22,
    23,
    24,
    25,
    28,
    30,
    4,
    31,
    32,
    33,
    34,
    36,
    37,
    351,
    38,
    39,
    40,
    41,
    42,
    43,
    44,
    174,
    173,
    172,
    171,
    170,
    168,
    166,
    143,
    165,
    164,
    163,
    162,
    167,
    161,
    154,
    160,
    225,
    201,
    65,
    259,
    159,
    157,
    156,
    158,
    249,
    202,
    155,
    3,
    153,
    151,
    152,
    6,
    150,
    149,
    148,
    147,
    94,
    146,
    145,
    139,
    138,
    207,
    137,
    136,
    135,
    134,
    2,
    133,
    8,
    132,
    14,
    130,
    131,
    129,
    126,
    125,
    124,
    123,
    121,
    120,
    118,
    117,
    116,
    115,
    114,
    113,
    111,
    112,
    110,
    109,
    142,
    108,
    107,
    5,
    106,
    105,
    104,
    103,
    128,
    66,
    102,
    217,
    101,
    140,
    100,
    99,
    98,
    97,
    96,
    11,
    95,
    92,
    12,
    91,
    239,
    90,
    89,
    87,
    85,
    83,
    195,
    82,
    81,
    127,
    9,
    141,
    79,
    10,
    7,
    77,
    76,
    64,
    75,
    74,
    73,
    71,
    70,
    69,
    68,
    67,
    1,
    13,
    63,
    62,
    221,
    238,
    355,
    61,
    60,
    80
  ]
}