{
  "values": [
    3.285739,
    3.224348,
    2.991074,
    3.033494,
    3.080697,
    3.270868,
    3.012343,
    3.099051,
    2.838902,
    2.917032,
    2.893875,
    2.82177,
    2.867165,
    2.829829,
    2.728399,
    2.681576,
    2.746613,
    2.764151,
    2.813066,
    2.729583,
    2.511498,
    2.536503,
    2.598776,
    2.512264,
    2.413915,
    2.314857,
    2.172778,
    2.297515,
    2.185327,
    2.132499,
    2.159447,
    2.037823,
    1.932973,
    1.92387,
    1.958401,
    1.994177,
    1.934375,
    1.869713,
    1.797362,
    1.692474,
    1.602951,
    1.610932,
    1.699731,
    1.601793,
    1.49461,
    1.452901,
    1.345859,
    1.381588,
    1.263874,
    1.296491,
    1.249356,
    1.276106,
    1.244411,
    1.183682,
    1.15088,
    1.101629,
    1.142415,
    1.049384,
    1.047866,
    1.050319,
    1.025158,
    0.9906713,
    0.9299164,
    0.9705579,
    0.9217627,
    0.8806558,
    0.9162712,
    0.970127,
    0.9605023,
    0.9987805,
    1.081321,
    0.8716939,
    0.7696917,
    0.7798976,
    0.7731851,
    0.7239676,
    0.7241271,
    0.7030857,
    0.6451264,
    0.6694018,
    0.6307102,
    0.6508875,
    0.6123967,
    0.6128412,
    0.5694036,
    0.5652465,
    0.5138399,
    0.4908764,
    0.4656698,
    0.4679882,
    0.4148202,
    0.413051,
    0.44145,
    0.436517,
    0.3827873,
    0.3737139,
    0.3558272,
    0.3588436,
    0.3458303,
    0.368806,
    0.3441838,
    0.3120756,
    0.2359262,
    0.1884452,
    0.1300884,
    0.1099215,
    0.09458137,
    0.07280432,
    0.05587168,
    0.04692131,
    0.04384161,
    0.03470667,
    0.03028018,
    0.02996561,
    0.02628717,
    0.02266804,
    0.01806936,
    0.01810583,
    0.01941844,
    0.01629045,
    0.01655197,
    0.01454948,
    0.01273608,
    0.01123635,
    0.01025588,
    0.01016891,
    0.009846025,
    0.009695418,
    0.009394044,
    0.007283629,
    0.006941027,
    0.003284793,
    0.003916021,
    0.002946155,
    0.003678794,
    0.002753494,
    0.002676203,
    0.003751262,
    0.002720751,
    0.002439676,
    0.001942375,
    0.002425839,
    0.00193178,
    0.002873652,
    0.001927417,
    0.002836985,
    0.002272568,
    0.00281764,
    0.002499869,
    0.002272993,
    0.001743773,
    0.00185304,
    0.00231675
  ],
  "years": [
    1848,
    1849,
    1850,
    1851,
    1852,
    1853,
    1854,
    1855,
    1856,
    1857,
    1858,
    1859,
    1860,
    1861,
    1862,
    1863,
    1864,
    1865,
    1866,
    1867,
    1868,
    1869,
    1870,
    1871,
    1872,
    1873,
    1874,
    1875,
    1876,
    1877,
    1878,
    1879,
    1880,
    1881,
    1882,
    1883,
    1884,
    1885,
    1886,
    1887,
    1888,
    1889,
    1890,
    1891,
    1892,
    1893,
    1894,
    1895,
    1896,
    1897,
    1898,
    1899,
    1900,
    1901,
    1902,
    1903,
    1904,
    1905,
    1906,
    1907,
    1908,
    1909,
    1910,
    1911,
    1912,
    1913,
    1914,
    1915,
    1916,
    1917,
    1918,
    1919,
    1920,
    1921,
    1922,
    1923,
    1924,
    1925,
    1926,
    1927,
    1928,
    1929,
    1930,
    1931,
    1932,
    1933,
    1934,
    1935,
    1936,
    1937,
    1938,
    1939,
    1940,
    1941,
    1942,
    1943,
    1944,
    1945,
    1946,
    1947,
    1948,
    1949,
    1950,
    1951,
    1952,
    1953,
    1954,
    1955,
    1956,
    1957,
    1958,
    1959,
    1960,
    1961,
    1962,
    1963,
    1964,
    1965,
    1966,
    1967,
    1968,
    1969,
    1970,
    1971,
    1972,
    1973,
    1974,
    1975,
    1976,
    1977,
    1978,
    1979,
    1980,
    1981,
    1982,
    1983,
    1984,
    1985,
    1986,
    1987,
    1988,
    1989,
    1990,
    1991,
    1992,
    1993,
    1994,
    1995,
    1996,
    1997,
    1998,
    1999,
    2000
  ],
  "entities": [
    278,
    278,
    278,
    278,
    278,
    278,
    278,
    278,
    278,
    278,
    278,
    278,
    278,
    278,
    278,
    278,
    278,
    278,
    278,
    278,
    278,
    278,
    278,
    278,
    278,
    278,
    278,
    278,
    278,
    278,
    278,
    278,
    278,
    278,
    278,
    278,
    278,
    278,
    278,
    278,
    278,
    278,
    278,
    278,
    278,
    278,
    278,
    278,
    278,
    278,
    278,
    278,
    278,
    278,
    278,
    278,
    278,
    278,
    278,
    278,
    278,
    278,
    278,
    278,
    278,
    278,
    278,
    278,
    278,
    278,
    278,
    278,
    278,
    278,
    278,
    278,
    278,
    278,
    278,
    278,
    278,
    278,
    278,
    278,
    278,
    278,
    278,
    278,
    278,
    278,
    278,
    278,
    278,
    278,
    278,
    278,
    278,
    278,
    278,
    278,
    278,
    278,
    278,
    278,
    278,
    278,
    278,
    278,
    278,
    278,
    278,
    278,
    278,
    278,
    278,
    278,
    278,
    278,
    278,
    278,
    278,
    278,
    278,
    278,
    278,
    278,
    278,
    278,
    278,
    278,
    278,
    278,
    278,
    278,
    278,
    278,
    278,
    278,
    278,
    278,
    278,
    278,
    278,
    278,
    278,
    278,
    278,
    278,
    278,
    278,
    278,
    278,
    278
  ]
}