{
  "values": [
    3.307557,
    3.152366,
    2.956323,
    3.141531,
    3.151863,
    3.370295,
    3.080337,
    3.155897,
    2.902565,
    2.961063,
    2.928183,
    2.924819,
    2.943806,
    2.934406,
    2.882861,
    2.889087,
    3.0302,
    3.033965,
    3.142519,
    3.074925,
    2.847122,
    2.912389,
    3.030395,
    2.960075,
    2.911847,
    2.836666,
    2.747516,
    2.734833,
    2.65894,
    2.586375,
    2.640187,
    2.550459,
    2.307386,
    2.448882,
    2.494961,
    2.496251,
    2.457614,
    2.427869,
    2.395333,
    2.232289,
    2.224105,
    2.232602,
    2.417598,
    2.302413,
    2.096314,
    2.105272,
    2.008014,
    2.000508,
    1.90517,
    1.955595,
    1.941824,
    1.987586,
    2.016479,
    1.908968,
    1.85693,
    1.83379,
    1.84921,
    1.706854,
    1.714961,
    1.700585,
    1.649252,
    1.603364,
    1.475606,
    1.521835,
    1.482281,
    1.41798,
    1.449974,
    1.548892,
    1.528456,
    1.548325,
    1.598548,
    1.278614,
    1.162992,
    1.156186,
    1.174509,
    1.091631,
    1.102978,
    1.099216,
    1.009379,
    1.026693,
    0.9844066,
    1.052734,
    0.9659415,
    0.9699285,
    0.8973503,
    0.9083411,
    0.8452916,
    0.8030632,
    0.779007,
    0.7760424,
    0.71625,
    0.7320528,
    0.752225,
    0.742646,
    0.6646482,
    0.6958764,
    0.6467671,
    0.6365381,
    0.6175159,
    0.6322769,
    0.6100331,
    0.571498,
    0.4834616,
    0.4336295,
    0.3529948,
    0.2997946,
    0.2716419,
    0.2267197,
    0.1887041,
    0.1672209,
    0.1553325,
    0.1334548,
    0.1188416,
    0.1129618,
    0.1057693,
    0.0975279,
    0.08063077,
    0.07059255,
    0.07018116,
    0.06058103,
    0.06021787,
    0.05434616,
    0.04541088,
    0.03767395,
    0.04062168,
    0.03597802,
    0.0312195,
    0.03183775,
    0.02484903,
    0.02246478,
    0.01992407,
    0.01314011,
    0.01214554,
    0.01148211,
    0.01127455,
    0.008960346,
    0.007966615,
    0.007949306,
    0.007194393,
    0.007145177,
    0.008568344,
    0.006563626,
    0.006988959,
    0.006083854,
    0.00589086,
    0.005539895,
    0.006106228,
    0.006462349,
    0.005499025,
    0.005311684,
    0.005752779,
    0.005538339,
    0.004281534
  ],
  "years": [
    1848,
    1849,
    1850,
    1851,
    1852,
    1853,
    1854,
    1855,
    1856,
    1857,
    1858,
    1859,
    1860,
    1861,
    1862,
    1863,
    1864,
    1865,
    1866,
    1867,
    1868,
    1869,
    1870,
    1871,
    1872,
    1873,
    1874,
    1875,
    1876,
    1877,
    1878,
    1879,
    1880,
    1881,
    1882,
    1883,
    1884,
    1885,
    1886,
    1887,
    1888,
    1889,
    1890,
    1891,
    1892,
    1893,
    1894,
    1895,
    1896,
    1897,
    1898,
    1899,
    1900,
    1901,
    1902,
    1903,
    1904,
    1905,
    1906,
    1907,
    1908,
    1909,
    1910,
    1911,
    1912,
    1913,
    1914,
    1915,
    1916,
    1917,
    1918,
    1919,
    1920,
    1921,
    1922,
    1923,
    1924,
    1925,
    1926,
    1927,
    1928,
    1929,
    1930,
    1931,
    1932,
    1933,
    1934,
    1935,
    1936,
    1937,
    1938,
    1939,
    1940,
    1941,
    1942,
    1943,
    1944,
    1945,
    1946,
    1947,
    1948,
    1949,
    1950,
    1951,
    1952,
    1953,
    1954,
    1955,
    1956,
    1957,
    1958,
    1959,
    1960,
    1961,
    1962,
    1963,
    1964,
    1965,
    1966,
    1967,
    1968,
    1969,
    1970,
    1971,
    1972,
    1973,
    1974,
    1975,
    1976,
    1977,
    1978,
    1979,
    1980,
    1981,
    1982,
    1983,
    1984,
    1985,
    1986,
    1987,
    1988,
    1989,
    1990,
    1991,
    1992,
    1993,
    1994,
    1995,
    1996,
    1997,
    1998,
    1999,
    2000
  ],
  "entities": [
    278,
    278,
    278,
    278,
    278,
    278,
    278,
    278,
    278,
    278,
    278,
    278,
    278,
    278,
    278,
    278,
    278,
    278,
    278,
    278,
    278,
    278,
    278,
    278,
    278,
    278,
    278,
    278,
    278,
    278,
    278,
    278,
    278,
    278,
    278,
    278,
    278,
    278,
    278,
    278,
    278,
    278,
    278,
    278,
    278,
    278,
    278,
    278,
    278,
    278,
    278,
    278,
    278,
    278,
    278,
    278,
    278,
    278,
    278,
    278,
    278,
    278,
    278,
    278,
    278,
    278,
    278,
    278,
    278,
    278,
    278,
    278,
    278,
    278,
    278,
    278,
    278,
    278,
    278,
    278,
    278,
    278,
    278,
    278,
    278,
    278,
    278,
    278,
    278,
    278,
    278,
    278,
    278,
    278,
    278,
    278,
    278,
    278,
    278,
    278,
    278,
    278,
    278,
    278,
    278,
    278,
    278,
    278,
    278,
    278,
    278,
    278,
    278,
    278,
    278,
    278,
    278,
    278,
    278,
    278,
    278,
    278,
    278,
    278,
    278,
    278,
    278,
    278,
    278,
    278,
    278,
    278,
    278,
    278,
    278,
    278,
    278,
    278,
    278,
    278,
    278,
    278,
    278,
    278,
    278,
    278,
    278,
    278,
    278,
    278,
    278,
    278,
    278
  ]
}