{
  "values": [
    9.23611,
    9.84167,
    5.41667,
    9.58333,
    8.91944,
    13.81944,
    13.81944,
    11.04167,
    3.19444,
    10.02083,
    11.18056,
    7.36111,
    8.14504,
    8.47222,
    12.69744,
    2.29167,
    12.13362,
    11.11111,
    11.18056,
    10.13889,
    5.34722,
    10.47917,
    10.90278,
    6.35316,
    4.58333,
    7.01389,
    8.05556,
    7.3,
    6.73611,
    9.875,
    5.97222,
    8.95694,
    9.09722,
    6.18056,
    2.5,
    17.36111,
    4.79167,
    10.32917,
    9.86111,
    9.79167,
    4.58333,
    1.25,
    8.125,
    2.77778,
    8.95833,
    9.23611,
    9.66667,
    6.11111,
    10,
    1.25,
    9.65278,
    9.79167,
    9.58333,
    2.70833,
    11.38889,
    4.58333,
    3.55152,
    2.70833,
    15.06944,
    10.90833,
    9.95833,
    5.06944,
    9.72222,
    1.80556,
    8.26389,
    4.16667,
    9.41667,
    4.37083,
    8.88889,
    1.66667,
    6.25,
    5.06644,
    7.5,
    7.7,
    9.75,
    10.05396,
    5.97222,
    6.04167,
    3.40278,
    10.38447,
    3.12361,
    5.20833,
    4.31393,
    4.58333,
    11.25,
    9.49464,
    9.775,
    8.61111,
    9.875,
    6.59722,
    9.23611,
    10.41667,
    6.45833,
    8.94605,
    10.55556,
    2.57656,
    6.31944,
    7.9796,
    10.49167,
    10.76389,
    7.84513,
    12.82797,
    9.66667,
    2.98611,
    3.47222,
    9.48935,
    7.57184,
    12.33333,
    9.09722,
    9.23611,
    9.33333,
    3.75,
    3.03476,
    9.375,
    2.98611,
    11.2725,
    7.70833,
    4.72192,
    10.06944,
    10.4,
    10.3875,
    9.92917,
    9.70833,
    9.2486,
    8.37738,
    2.5,
    2.98611,
    3.33333,
    6.59722,
    4.54167,
    2.22222,
    8.4,
    8.125,
    9.70833,
    4.56784,
    4.23611,
    9.76495,
    3.60833,
    2.35751,
    7.01389,
    7.08333,
    6.96528,
    9.75,
    9.51389,
    5.90278,
    2.43056,
    5.41667,
    3.70575,
    3.75,
    8.69038,
    10.2414,
    6.38889,
    9.51389,
    9.85396,
    10.80417,
    9.79167,
    3.125,
    9.58333,
    4.27041,
    3.78561,
    12.47024,
    5.19476,
    9.875,
    5.13276,
    10.06278,
    2.60537,
    8.37858,
    2.92763,
    7.02928,
    9.54167,
    7.5,
    6.25,
    5.90278,
    9.66667,
    7.59633,
    11.11167,
    4.375
  ],
  "years": [
    2000,
    2000,
    2000,
    2000,
    2000,
    2000,
    2000,
    2000,
    2000,
    2000,
    2000,
    2000,
    2001,
    2001,
    2001,
    2001,
    2001,
    2001,
    2001,
    2001,
    2001,
    2002,
    2002,
    2002,
    2002,
    2002,
    2003,
    2003,
    2003,
    2003,
    2003,
    2003,
    2003,
    2003,
    2003,
    2003,
    2003,
    2004,
    2004,
    2004,
    2004,
    2004,
    2004,
    2004,
    2005,
    2005,
    2005,
    2005,
    2005,
    2005,
    2005,
    2006,
    2006,
    2006,
    2006,
    2006,
    2006,
    2006,
    2006,
    2007,
    2007,
    2007,
    2007,
    2007,
    2007,
    2007,
    2008,
    2008,
    2008,
    2008,
    2008,
    2008,
    2008,
    2009,
    2009,
    2009,
    2009,
    2009,
    2009,
    2009,
    2009,
    2009,
    2009,
    2009,
    2009,
    2010,
    2010,
    2010,
    2010,
    2010,
    2010,
    2010,
    2010,
    2010,
    2010,
    2010,
    2010,
    2010,
    2010,
    2010,
    2010,
    2011,
    2011,
    2011,
    2011,
    2011,
    2011,
    2011,
    2011,
    2012,
    2012,
    2012,
    2012,
    2012,
    2012,
    2012,
    2012,
    2012,
    2013,
    2013,
    2013,
    2013,
    2013,
    2013,
    2013,
    2013,
    2013,
    2013,
    2013,
    2013,
    2013,
    2014,
    2014,
    2014,
    2014,
    2014,
    2014,
    2014,
    2014,
    2014,
    2014,
    2015,
    2015,
    2015,
    2015,
    2015,
    2015,
    2015,
    2015,
    2015,
    2015,
    2015,
    2015,
    2015,
    2016,
    2016,
    2016,
    2016,
    2016,
    2016,
    2016,
    2016,
    2017,
    2017,
    2017,
    2017,
    2017,
    2017,
    2017,
    2018,
    2018,
    2018,
    2018,
    2019,
    2019,
    2019,
    2019
  ],
  "entities": [
    4,
    7,
    81,
    92,
    112,
    126,
    131,
    138,
    140,
    155,
    156,
    217,
    1,
    5,
    10,
    14,
    34,
    83,
    102,
    161,
    164,
    6,
    39,
    113,
    144,
    212,
    5,
    8,
    9,
    13,
    116,
    119,
    122,
    123,
    125,
    131,
    213,
    7,
    11,
    13,
    22,
    42,
    66,
    127,
    2,
    4,
    13,
    21,
    44,
    117,
    126,
    5,
    13,
    14,
    23,
    64,
    70,
    71,
    131,
    7,
    13,
    33,
    63,
    101,
    112,
    134,
    13,
    22,
    25,
    125,
    171,
    172,
    217,
    8,
    13,
    24,
    37,
    66,
    75,
    113,
    127,
    135,
    139,
    150,
    161,
    3,
    7,
    9,
    13,
    21,
    39,
    44,
    81,
    97,
    106,
    121,
    126,
    138,
    155,
    156,
    259,
    10,
    13,
    14,
    16,
    88,
    100,
    102,
    112,
    5,
    13,
    17,
    37,
    92,
    110,
    111,
    131,
    201,
    4,
    6,
    7,
    11,
    13,
    21,
    63,
    125,
    140,
    144,
    158,
    170,
    226,
    8,
    12,
    13,
    43,
    64,
    113,
    127,
    148,
    149,
    210,
    1,
    13,
    30,
    33,
    65,
    66,
    70,
    75,
    88,
    95,
    112,
    126,
    172,
    7,
    13,
    14,
    44,
    98,
    160,
    164,
    202,
    13,
    37,
    125,
    148,
    166,
    170,
    259,
    13,
    68,
    131,
    171,
    13,
    112,
    113,
    127
  ]
}