{
  "values": [
    58.55,
    58.766666,
    17.3,
    69.95417,
    81.48421,
    72.4,
    57,
    18.14,
    58.028572,
    57.68,
    64.4,
    59.04,
    30.5,
    63.6,
    70.4,
    66.06571,
    75.775,
    44.9,
    87.62222,
    91.81765,
    31.804546,
    60.157894,
    62.52,
    52.355556,
    32.1,
    28.3375,
    12.049999,
    98.14286,
    25.9,
    54.16,
    46.6625,
    43.94,
    53.899998,
    24.533333,
    61.646152,
    46.2,
    78.4,
    12,
    65.7,
    45.855556,
    45.1,
    23.566666,
    46.816666,
    58.8,
    30.948387,
    27.561905,
    56.82963,
    20.3,
    75.8,
    59.199997,
    23.9,
    63.4,
    44.45,
    33.85,
    15.757143,
    49.4,
    63.64545,
    47.05,
    61.4,
    39.89,
    29.866667,
    36.75,
    97.7,
    81,
    57.819233,
    15.1,
    46.326668,
    21.8,
    25.253845,
    29.463636,
    91.9,
    84.100006,
    48.971428,
    30.14,
    12.475,
    35.6,
    56.9,
    16.225,
    25.444445,
    31.433334,
    25.3,
    33.75,
    58.88,
    33.36667,
    58.8875,
    28.25,
    46.5,
    48.044445,
    60,
    20.0625,
    17.2,
    24.1875,
    54,
    48.055557,
    70.3,
    19,
    22.25,
    63.1,
    43.06429,
    23.6375,
    41.255554,
    79.18,
    52.115383,
    26.814285,
    23,
    28.98261,
    42.08889,
    71.656,
    29.55,
    60.466663,
    53.579998,
    73.700005,
    16.7,
    41.025,
    69.022224,
    31.785715,
    52.592308,
    18.55,
    27,
    8,
    21.8
  ],
  "years": [
    2020,
    2020,
    2020,
    2020,
    2020,
    2020,
    2020,
    2018,
    2020,
    2020,
    2020,
    2020,
    2020,
    2020,
    2014,
    2020,
    2020,
    2020,
    2020,
    2022,
    2020,
    2020,
    2020,
    2020,
    2020,
    2020,
    2020,
    2020,
    2020,
    2020,
    2020,
    2020,
    2020,
    2020,
    2020,
    2020,
    2020,
    2020,
    2020,
    2020,
    2020,
    2020,
    2020,
    2020,
    2020,
    2020,
    2020,
    2020,
    2020,
    2020,
    2020,
    2020,
    2020,
    2020,
    2020,
    2020,
    2020,
    2020,
    2020,
    2020,
    2020,
    2020,
    2020,
    2020,
    2020,
    2020,
    2020,
    2020,
    2020,
    2020,
    2020,
    2020,
    2020,
    2020,
    2020,
    2020,
    2018,
    2020,
    2020,
    2020,
    2020,
    2020,
    2020,
    2020,
    2020,
    2020,
    2020,
    2020,
    2020,
    2020,
    2020,
    2020,
    2020,
    2020,
    2020,
    2020,
    2020,
    2020,
    2020,
    2020,
    2020,
    2020,
    2020,
    2020,
    2020,
    2021,
    2020,
    2020,
    2020,
    2020,
    2020,
    2020,
    2020,
    2020,
    2020,
    2020,
    2020,
    2020,
    2020,
    2020,
    2020
  ],
  "entities": [
    15,
    17,
    19,
    21,
    23,
    24,
    25,
    27,
    28,
    30,
    4,
    32,
    33,
    34,
    36,
    37,
    39,
    40,
    44,
    172,
    171,
    170,
    166,
    164,
    143,
    128,
    167,
    161,
    160,
    201,
    65,
    259,
    158,
    202,
    3,
    203,
    6,
    150,
    149,
    148,
    94,
    145,
    139,
    138,
    137,
    136,
    135,
    134,
    133,
    8,
    132,
    14,
    130,
    131,
    129,
    208,
    126,
    124,
    119,
    118,
    117,
    116,
    211,
    115,
    113,
    112,
    110,
    109,
    142,
    107,
    5,
    106,
    105,
    104,
    103,
    266,
    102,
    217,
    101,
    100,
    99,
    98,
    97,
    96,
    11,
    226,
    127,
    92,
    12,
    91,
    239,
    90,
    89,
    88,
    86,
    195,
    81,
    9,
    141,
    140,
    79,
    7,
    76,
    75,
    74,
    71,
    69,
    70,
    68,
    67,
    72,
    1,
    64,
    13,
    63,
    62,
    238,
    84,
    61,
    60,
    80
  ]
}