{
  "values": [
    0.5586796142128034,
    0.07460760072585397,
    0.11669846250196587,
    0.03746334656296469,
    0.04458489044340224,
    0.017559487230728952,
    0.04487371344223645,
    0.03406874459916116,
    0.6576597394559655,
    0.09407970818901035,
    0.02685297272490447,
    0.42064352634869584,
    0.9999149654834059,
    0.14009946778913085,
    0.14580208663867125,
    0.003923832485306263,
    0.3910785622811727,
    0.06318197798599484,
    0.07019131724517258,
    0.010489576227223754,
    0.023751696496139577,
    0.7019059446600152,
    0.6341643866194542,
    0.029837530729429095,
    0.10276534609843666,
    0.04952065626421568,
    0.03162712328732091,
    0.440505055579014,
    0.13565744477407898,
    0.2544914764692692,
    0.7001012337798102,
    0.19248474679461566,
    1.0704451761022815,
    0.1295764451224627,
    0.17822762453272412,
    0.13575555011597118,
    0.09584679789992159,
    0.07232153720252489,
    0.002525355732501011,
    0.04798344825848902,
    0.024009980304231137,
    0.027919868625329008,
    0.07576352092239567,
    0.274149636629299,
    0.02028573087776429,
    0.14605925706174222,
    0.06919628102960365,
    0.11502970075595688,
    0.05948165773907413,
    0.09956896404133772,
    0.8788149936896662,
    0.13052042965751307,
    0.004048449285648154,
    0.04544577498386723,
    0.1409134295183313,
    0.5835432092368399,
    0.0019667417684164985,
    0.04478235545982354,
    0.7463552429057579,
    0.1389655797523286,
    0.12325245112394956,
    0.7610614868336402,
    0.7116775360371331,
    0.5780391962028935,
    0.3379464215516644,
    0.13743934107711459,
    0.4551709311778247,
    1.9496065966751086,
    0.0377218794793763,
    0.06807481650975866,
    0.050999923814512876,
    0.10247781053838707,
    0.1133125337434068,
    0.3067469101220086,
    1.1733871056998395,
    0.0006702972821108113,
    0.07668151546549772,
    0.11253558821644194,
    0.8405498989233027,
    0.019222909570839948,
    0.061179433775060896,
    0.12723472531125857,
    0.0631478235620443,
    0.01741134911491796,
    0.5310497413549689,
    0.013497996278223859,
    0.07054150470995912,
    0.08752730887884028,
    0.04742873793353895
  ],
  "years": [
    2018,
    2018,
    2018,
    2018,
    2018,
    2018,
    2018,
    2018,
    2018,
    2018,
    2018,
    2018,
    2018,
    2018,
    2018,
    2018,
    2018,
    2018,
    2018,
    2018,
    2018,
    2018,
    2018,
    2018,
    2018,
    2018,
    2018,
    2018,
    2018,
    2018,
    2018,
    2018,
    2018,
    2018,
    2018,
    2018,
    2018,
    2018,
    2018,
    2018,
    2018,
    2018,
    2018,
    2018,
    2018,
    2018,
    2018,
    2018,
    2018,
    2018,
    2018,
    2018,
    2018,
    2018,
    2018,
    2018,
    2018,
    2018,
    2018,
    2018,
    2018,
    2018,
    2018,
    2018,
    2018,
    2018,
    2018,
    2018,
    2018,
    2018,
    2018,
    2018,
    2018,
    2018,
    2018,
    2018,
    2018,
    2018,
    2018,
    2018,
    2018,
    2018,
    2018,
    2018,
    2018,
    2018,
    2018,
    2018,
    2018
  ],
  "entities": [
    126,
    152,
    149,
    141,
    138,
    137,
    136,
    135,
    133,
    131,
    130,
    127,
    155,
    122,
    120,
    118,
    116,
    113,
    111,
    110,
    107,
    106,
    102,
    201,
    355,
    259,
    238,
    217,
    213,
    212,
    210,
    208,
    207,
    202,
    100,
    172,
    171,
    170,
    167,
    166,
    165,
    164,
    162,
    161,
    158,
    12,
    28,
    27,
    25,
    24,
    23,
    21,
    19,
    17,
    14,
    13,
    30,
    11,
    10,
    9,
    8,
    7,
    6,
    5,
    4,
    3,
    2,
    72,
    99,
    97,
    96,
    95,
    92,
    90,
    86,
    76,
    75,
    73,
    1,
    71,
    70,
    69,
    67,
    65,
    44,
    42,
    39,
    37,
    34
  ]
}