{
  "values": [
    94.66197183,
    105.8,
    122.1,
    104.5,
    99.9,
    98.7,
    111.5,
    116.6,
    79.4,
    126.4,
    56.4,
    81.7,
    137.6478873,
    42.7,
    33.6,
    91.1,
    49,
    29.7,
    64.9,
    161.8,
    79.6,
    158,
    112.3,
    68.3,
    71.6,
    14.9,
    67,
    81.5,
    37.7,
    22.1,
    70.5,
    53.3,
    56.1,
    124.2,
    56.8,
    46.9,
    47.4,
    22.6,
    35.4,
    129.8,
    22.5,
    28.1,
    92.6,
    104.6,
    29.6,
    53.4,
    55.3,
    52.5,
    31.5,
    124,
    60.9,
    46.8,
    55,
    40.9,
    17.7,
    20.9,
    29.2,
    50.2,
    33,
    60.3,
    100.3,
    36.9,
    55.8,
    18,
    55.2,
    32.1,
    46.9,
    26.7,
    65.2,
    23.6,
    96.1,
    27.9,
    28.5,
    70.4,
    75.7,
    50.2,
    106.8,
    25.7,
    61.7,
    31.8,
    191.2,
    37.5,
    53.9,
    13.3,
    45.4,
    29.2,
    139.8,
    65.3,
    66.2,
    62.2,
    32,
    18.1,
    29.9,
    69.4,
    13.4,
    70.7,
    36.7,
    68.3,
    30,
    75.2,
    58.2,
    21.2,
    48.8,
    46.5,
    108.5,
    37.6,
    104.5,
    20.9,
    41.6,
    18.3,
    22.2,
    62.1,
    39.4,
    16.2,
    30.7,
    27.4,
    24,
    30.1,
    23.9,
    30.2,
    114.2,
    26.3,
    28,
    44.2,
    58.7,
    41,
    108.4,
    74.5,
    26.9,
    45.5,
    136.1,
    73.8,
    56.1,
    49.6,
    68,
    75.2,
    30.2,
    63.1,
    40.2,
    76.8,
    39.7,
    74.5,
    156,
    26.7,
    57.2,
    75.4,
    55.3,
    121.8,
    29.1,
    42,
    119.7,
    66.7,
    126.5,
    38.9,
    99.3,
    45.6,
    76.9,
    75.2,
    77.9,
    39.5,
    39.6,
    56.2,
    44.8,
    56.4,
    26.8,
    45.7,
    88,
    52.7,
    41.2,
    49.5,
    39.5
  ],
  "years": [
    2011,
    2011,
    2011,
    2011,
    2011,
    2011,
    2011,
    2011,
    2011,
    2011,
    2011,
    2011,
    2011,
    2011,
    2011,
    2011,
    2011,
    2011,
    2011,
    2011,
    2011,
    2011,
    2011,
    2011,
    2011,
    2011,
    2011,
    2011,
    2011,
    2011,
    2011,
    2011,
    2011,
    2011,
    2011,
    2011,
    2011,
    2011,
    2011,
    2011,
    2011,
    2011,
    2011,
    2011,
    2011,
    2011,
    2011,
    2011,
    2011,
    2011,
    2011,
    2011,
    2011,
    2011,
    2011,
    2011,
    2011,
    2011,
    2011,
    2011,
    2011,
    2011,
    2011,
    2011,
    2011,
    2011,
    2011,
    2011,
    2011,
    2011,
    2011,
    2011,
    2011,
    2011,
    2011,
    2011,
    2011,
    2011,
    2011,
    2011,
    2011,
    2011,
    2011,
    2011,
    2011,
    2011,
    2011,
    2011,
    2011,
    2011,
    2011,
    2011,
    2011,
    2011,
    2011,
    2011,
    2011,
    2011,
    2011,
    2011,
    2011,
    2011,
    2011,
    2011,
    2011,
    2011,
    2011,
    2011,
    2011,
    2011,
    2011,
    2011,
    2011,
    2011,
    2011,
    2011,
    2011,
    2011,
    2011,
    2011,
    2011,
    2011,
    2011,
    2011,
    2011,
    2011,
    2011,
    2011,
    2011,
    2011,
    2011,
    2011,
    2011,
    2011,
    2011,
    2011,
    2011,
    2011,
    2011,
    2011,
    2011,
    2011,
    2011,
    2011,
    2011,
    2011,
    2011,
    2011,
    2011,
    2011,
    2011,
    2011,
    2011,
    2011,
    2011,
    2011,
    2011,
    2011,
    2011,
    2011,
    2011,
    2011,
    2011,
    2011,
    2011,
    2011,
    2011,
    2011,
    2011,
    2011,
    2011
  ],
  "entities": [
    1,
    2,
    3,
    4,
    5,
    6,
    7,
    8,
    9,
    10,
    11,
    12,
    13,
    14,
    15,
    16,
    17,
    19,
    20,
    21,
    22,
    23,
    24,
    25,
    26,
    28,
    29,
    30,
    31,
    32,
    34,
    35,
    36,
    37,
    38,
    39,
    40,
    42,
    43,
    44,
    60,
    61,
    62,
    63,
    64,
    65,
    66,
    67,
    68,
    69,
    70,
    71,
    72,
    73,
    74,
    75,
    76,
    78,
    80,
    81,
    83,
    84,
    85,
    87,
    88,
    89,
    90,
    91,
    92,
    94,
    95,
    96,
    97,
    98,
    100,
    101,
    102,
    103,
    104,
    105,
    106,
    107,
    108,
    109,
    110,
    111,
    112,
    113,
    114,
    115,
    116,
    117,
    118,
    119,
    121,
    122,
    123,
    124,
    125,
    126,
    127,
    128,
    129,
    130,
    131,
    132,
    133,
    134,
    135,
    136,
    137,
    138,
    139,
    141,
    142,
    143,
    145,
    146,
    147,
    148,
    149,
    150,
    151,
    152,
    153,
    154,
    155,
    156,
    158,
    160,
    161,
    162,
    163,
    164,
    165,
    166,
    168,
    170,
    171,
    172,
    173,
    174,
    194,
    195,
    200,
    201,
    202,
    203,
    204,
    206,
    207,
    208,
    210,
    211,
    212,
    213,
    215,
    217,
    220,
    221,
    225,
    227,
    229,
    230,
    232,
    234,
    238,
    239,
    259,
    355,
    18581
  ]
}