{
  "values": [
    60.000004,
    72.6,
    37.8,
    26.6,
    24.5,
    31,
    19.2,
    56.300003,
    23.5,
    31.8,
    22.5,
    181.4,
    29.1,
    121.1,
    159.8,
    43.8,
    42.2,
    41.2,
    75.5,
    38.600002,
    25.7,
    114.3,
    44.7,
    58.600002,
    100.2,
    59.899998,
    54.2,
    44.5,
    48.100002,
    17,
    137.6,
    33.3,
    27.8,
    35,
    76.700005,
    51.300003,
    89,
    131.8,
    117.1,
    56.9,
    93.4,
    56.5,
    45.8,
    45.899998,
    35.8,
    34,
    31.3,
    30.7,
    102.600006,
    75.6,
    25.3,
    37.1,
    37.4,
    48.8,
    30.899998,
    58.600002,
    18.9,
    24.1,
    30.4,
    141.1,
    34.7,
    33.1,
    23.800001,
    59.2,
    28.5,
    152.8,
    60.3,
    100.3,
    52.399998,
    19.300001,
    29.1,
    46.9,
    91.799995,
    35.100002,
    20.3,
    98.799995,
    37.1,
    110,
    33.6,
    54.5,
    73.7,
    41.5,
    50.300003,
    53.8,
    27.1,
    23.3,
    25.099998,
    62.300003,
    34.5,
    41.2,
    20.7,
    51.4,
    56,
    71.200005,
    46.1,
    81.7,
    28.2,
    68.7,
    391.30002,
    149.2,
    61.699997,
    134.4,
    40.4,
    67.2,
    89.5,
    17.3,
    24.4,
    27.8,
    45.2,
    24.3,
    141,
    91.9,
    37.9,
    31.5,
    38.9,
    77,
    38.800003,
    72.6,
    20.900002,
    48.699997,
    125.5,
    84.5,
    59.100002,
    24.2,
    124.3,
    27.4,
    36.5,
    55.299995,
    236.40001,
    35.8,
    72.899994,
    25.400002,
    38.2,
    65.7,
    26.499998,
    26.300001,
    52.999996,
    39.399998,
    50.5,
    43,
    25.2,
    20.3,
    66.2,
    44.5,
    23,
    20.5,
    24.1,
    90.8,
    59.500004,
    16.699999,
    46.8,
    57.4,
    40,
    102.5,
    108.9,
    39.8,
    97.5,
    54.8,
    41.2,
    28.5,
    28.400002,
    32.9,
    36.8,
    73.7,
    43.7,
    69,
    90.7,
    171.59999,
    47.600002,
    93.2,
    40,
    34.6,
    31.099998,
    32,
    73.1,
    118.299995,
    48.100002,
    28.8,
    31.600002,
    58.1,
    33.8,
    73.7,
    59.100002,
    78.899994,
    140.5,
    31.400002
  ],
  "years": [
    2017,
    2017,
    2017,
    2017,
    2017,
    2017,
    2017,
    2017,
    2017,
    2017,
    2017,
    2017,
    2017,
    2017,
    2017,
    2017,
    2017,
    2017,
    2017,
    2017,
    2017,
    2017,
    2017,
    2017,
    2017,
    2017,
    2017,
    2017,
    2017,
    2017,
    2017,
    2017,
    2017,
    2017,
    2017,
    2017,
    2017,
    2017,
    2017,
    2017,
    2017,
    2017,
    2017,
    2017,
    2017,
    2017,
    2017,
    2017,
    2017,
    2017,
    2017,
    2017,
    2017,
    2017,
    2017,
    2017,
    2017,
    2017,
    2017,
    2017,
    2017,
    2017,
    2017,
    2017,
    2017,
    2017,
    2017,
    2017,
    2017,
    2017,
    2017,
    2017,
    2017,
    2017,
    2017,
    2017,
    2017,
    2017,
    2017,
    2017,
    2017,
    2017,
    2017,
    2017,
    2017,
    2017,
    2017,
    2017,
    2017,
    2017,
    2017,
    2017,
    2017,
    2017,
    2017,
    2017,
    2017,
    2017,
    2017,
    2017,
    2017,
    2017,
    2017,
    2017,
    2017,
    2017,
    2017,
    2017,
    2017,
    2017,
    2017,
    2017,
    2017,
    2017,
    2017,
    2017,
    2017,
    2017,
    2017,
    2017,
    2017,
    2017,
    2017,
    2017,
    2017,
    2017,
    2017,
    2017,
    2017,
    2017,
    2017,
    2017,
    2017,
    2017,
    2017,
    2017,
    2017,
    2017,
    2017,
    2017,
    2017,
    2017,
    2017,
    2017,
    2017,
    2017,
    2017,
    2017,
    2017,
    2017,
    2017,
    2017,
    2017,
    2017,
    2017,
    2017,
    2017,
    2017,
    2017,
    2017,
    2017,
    2017,
    2017,
    2017,
    2017,
    2017,
    2017,
    2017,
    2017,
    2017,
    2017,
    2017,
    2017,
    2017,
    2017,
    2017,
    2017,
    2017,
    2017,
    2017,
    2017,
    2017,
    2017,
    2017,
    2017,
    2017
  ],
  "entities": [
    219,
    19,
    228,
    16,
    72,
    21,
    22,
    20,
    23,
    24,
    25,
    41,
    4,
    32,
    40,
    28,
    39,
    27,
    26,
    35,
    30,
    31,
    194,
    34,
    201971,
    37,
    29,
    38,
    33,
    36,
    174,
    44,
    7,
    172,
    171,
    143,
    43,
    167,
    168,
    170,
    169,
    45,
    166,
    279,
    197,
    163,
    162,
    6,
    154,
    200,
    161,
    160,
    17,
    277954,
    277951,
    201,
    65,
    9,
    156,
    158,
    155,
    202,
    3,
    153,
    1,
    150,
    147,
    151,
    94,
    159,
    149,
    206,
    146,
    457,
    144,
    139,
    165,
    145,
    138,
    136,
    137,
    2,
    135,
    134,
    207,
    133,
    8,
    132,
    130,
    14,
    131,
    129,
    126,
    42,
    227,
    127,
    208,
    125,
    121,
    229,
    277948,
    461,
    141,
    460,
    123,
    119,
    210,
    122,
    110,
    111,
    118,
    211,
    278895,
    113,
    66,
    115,
    212,
    142,
    215,
    112,
    109,
    114,
    216,
    213,
    117,
    116,
    278896,
    108,
    104,
    103,
    105,
    5,
    102,
    107,
    106,
    217,
    101,
    100,
    97,
    96,
    11,
    95,
    98,
    140,
    226,
    92,
    12,
    91,
    277956,
    90,
    79,
    89,
    86,
    87,
    259,
    88,
    277950,
    232,
    234,
    85,
    83,
    10,
    78,
    281,
    233,
    236,
    173,
    74,
    75,
    76,
    73,
    71,
    70,
    198,
    64,
    68,
    459,
    63,
    13,
    230,
    196,
    84,
    355,
    81,
    60,
    80
  ]
}