{
  "values": [
    28.5,
    41.5,
    23.800001,
    29.1,
    25.400002,
    30.7,
    27.8,
    25.099998,
    24.1,
    32.9,
    25.2,
    24.1,
    31.600002,
    41.2,
    26.6,
    37.4,
    72.6,
    56.300003,
    31,
    19.2,
    23.5,
    31.8,
    22.5,
    75.5,
    41.2,
    43.8,
    54.2,
    25.7,
    114.3,
    121.1,
    48.100002,
    58.600002,
    38.600002,
    17,
    59.899998,
    44.5,
    42.2,
    159.8,
    181.4,
    71.200005,
    89,
    33.3,
    56.5,
    140.5,
    28.8,
    73.1,
    18.9,
    38.9,
    118.299995,
    31.099998,
    34.6,
    24.5,
    40,
    171.59999,
    47.600002,
    93.2,
    36.8,
    46.8,
    31.400002,
    78.899994,
    28.400002,
    73.7,
    28.5,
    40,
    102.5,
    39.8,
    57.4,
    16.699999,
    90.8,
    20.5,
    52.399998,
    20.3,
    43,
    50.5,
    66.2,
    39.399998,
    52.999996,
    38.2,
    35.8,
    236.40001,
    72.899994,
    26.499998,
    65.7,
    55.299995,
    125.5,
    45.2,
    24.3,
    48.699997,
    31.5,
    84.5,
    77,
    27.4,
    124.3,
    141,
    17.3,
    391.30002,
    27.8,
    89.5,
    68.7,
    56,
    81.7,
    51.4,
    34.5,
    20.7,
    62.300003,
    23.3,
    53.8,
    50.300003,
    54.5,
    73.7,
    33.6,
    98.799995,
    44.5,
    40.4,
    72.6,
    51.300003,
    20.3,
    110,
    91.799995,
    60.3,
    29.1,
    152.8,
    100.3,
    59.2,
    102.600006,
    34.7,
    30.4,
    141.1,
    19.300001,
    37.1,
    25.3,
    31.3,
    34,
    37.1,
    45.8,
    131.8,
    117.1,
    93.4,
    56.9,
    76.700005,
    35,
    90.7,
    137.6,
    44.7,
    33.8,
    35.8,
    32,
    75.6,
    58.600002,
    33.1,
    46.9,
    27.1,
    28.2,
    24.4,
    91.9,
    38.800003,
    24.2,
    20.900002,
    59.100002,
    26.300001,
    60.000004,
    23,
    46.1,
    37.8,
    149.2,
    58.1,
    54.8,
    43.7,
    41.2,
    69,
    108.9,
    45.899998,
    73.7,
    59.100002,
    35.100002,
    48.100002,
    67.2,
    134.4,
    100.2,
    61.699997,
    97.5,
    30.899998,
    48.8,
    59.500004,
    37.9,
    36.5
  ],
  "years": [
    2017,
    2017,
    2017,
    2017,
    2017,
    2017,
    2017,
    2017,
    2017,
    2017,
    2017,
    2017,
    2017,
    2017,
    2017,
    2017,
    2017,
    2017,
    2017,
    2017,
    2017,
    2017,
    2017,
    2017,
    2017,
    2017,
    2017,
    2017,
    2017,
    2017,
    2017,
    2017,
    2017,
    2017,
    2017,
    2017,
    2017,
    2017,
    2017,
    2017,
    2017,
    2017,
    2017,
    2017,
    2017,
    2017,
    2017,
    2017,
    2017,
    2017,
    2017,
    2017,
    2017,
    2017,
    2017,
    2017,
    2017,
    2017,
    2017,
    2017,
    2017,
    2017,
    2017,
    2017,
    2017,
    2017,
    2017,
    2017,
    2017,
    2017,
    2017,
    2017,
    2017,
    2017,
    2017,
    2017,
    2017,
    2017,
    2017,
    2017,
    2017,
    2017,
    2017,
    2017,
    2017,
    2017,
    2017,
    2017,
    2017,
    2017,
    2017,
    2017,
    2017,
    2017,
    2017,
    2017,
    2017,
    2017,
    2017,
    2017,
    2017,
    2017,
    2017,
    2017,
    2017,
    2017,
    2017,
    2017,
    2017,
    2017,
    2017,
    2017,
    2017,
    2017,
    2017,
    2017,
    2017,
    2017,
    2017,
    2017,
    2017,
    2017,
    2017,
    2017,
    2017,
    2017,
    2017,
    2017,
    2017,
    2017,
    2017,
    2017,
    2017,
    2017,
    2017,
    2017,
    2017,
    2017,
    2017,
    2017,
    2017,
    2017,
    2017,
    2017,
    2017,
    2017,
    2017,
    2017,
    2017,
    2017,
    2017,
    2017,
    2017,
    2017,
    2017,
    2017,
    2017,
    2017,
    2017,
    2017,
    2017,
    2017,
    2017,
    2017,
    2017,
    2017,
    2017,
    2017,
    2017,
    2017,
    2017,
    2017,
    2017,
    2017,
    2017,
    2017,
    2017,
    2017,
    2017,
    2017,
    2017,
    2017,
    2017,
    2017,
    2017,
    2017
  ],
  "entities": [
    1,
    2,
    3,
    4,
    5,
    6,
    7,
    8,
    9,
    10,
    11,
    12,
    13,
    14,
    16,
    17,
    19,
    20,
    21,
    22,
    23,
    24,
    25,
    26,
    27,
    28,
    29,
    30,
    31,
    32,
    33,
    34,
    35,
    36,
    37,
    38,
    39,
    40,
    41,
    42,
    43,
    44,
    45,
    60,
    63,
    64,
    65,
    66,
    68,
    70,
    71,
    72,
    73,
    74,
    75,
    76,
    78,
    79,
    80,
    81,
    83,
    84,
    85,
    86,
    87,
    88,
    89,
    90,
    91,
    92,
    94,
    95,
    96,
    97,
    98,
    100,
    101,
    102,
    103,
    104,
    105,
    106,
    107,
    108,
    109,
    110,
    111,
    112,
    113,
    114,
    115,
    116,
    117,
    118,
    119,
    121,
    122,
    123,
    125,
    126,
    127,
    129,
    130,
    131,
    132,
    133,
    134,
    135,
    136,
    137,
    138,
    139,
    140,
    141,
    142,
    143,
    144,
    145,
    146,
    147,
    149,
    150,
    151,
    153,
    154,
    155,
    156,
    158,
    159,
    160,
    161,
    162,
    163,
    165,
    166,
    167,
    168,
    169,
    170,
    171,
    172,
    173,
    174,
    194,
    196,
    197,
    198,
    200,
    201,
    202,
    206,
    207,
    208,
    210,
    211,
    212,
    213,
    215,
    216,
    217,
    219,
    226,
    227,
    228,
    229,
    230,
    232,
    233,
    234,
    236,
    259,
    279,
    281,
    355,
    457,
    459,
    460,
    461,
    201971,
    277948,
    277950,
    277951,
    277954,
    277956,
    278895,
    278896
  ]
}