{
  "values": [
    24,
    35,
    57,
    54.000004,
    22,
    52.999996,
    26,
    22,
    25,
    32,
    28,
    22,
    19,
    48,
    62,
    37,
    45,
    71,
    52,
    90,
    62,
    24,
    42,
    35,
    167,
    218,
    77,
    68,
    33,
    62,
    38,
    143,
    115,
    47,
    52.999996,
    45,
    68,
    113,
    45,
    35,
    26,
    41,
    35,
    34,
    182,
    26,
    54.000004,
    57,
    38,
    44,
    51,
    22,
    55,
    26,
    24,
    42,
    77,
    29,
    31,
    22,
    19,
    68,
    99,
    29,
    58.999996,
    27.000002,
    45,
    46,
    88,
    104.99999,
    52.999996,
    32,
    81,
    25,
    39,
    24,
    58,
    49,
    52.999996,
    35,
    23,
    21,
    45,
    48,
    49,
    16,
    61,
    17,
    46,
    70,
    48,
    26,
    63,
    120.00001,
    2,
    16,
    119.00001,
    65,
    25,
    117.99999,
    136,
    22,
    67,
    81,
    37,
    69,
    25,
    27.000002,
    41,
    27.000002,
    32,
    23,
    41,
    200,
    75,
    44,
    23,
    23,
    81,
    161,
    62,
    30.000002,
    37,
    33,
    23,
    42,
    12,
    32,
    49,
    54.000004,
    48,
    26,
    21,
    32,
    23,
    102,
    44,
    40,
    56,
    45,
    16,
    84,
    47,
    115,
    0,
    39,
    26,
    29,
    180,
    58,
    45,
    55,
    66,
    23,
    34,
    95,
    37,
    42,
    34,
    28,
    186,
    36,
    73,
    222,
    50,
    115,
    34,
    31,
    26,
    136,
    22,
    22,
    20,
    42,
    37,
    60.000004,
    67,
    55,
    151
  ],
  "years": [
    2021,
    2021,
    2021,
    2021,
    2021,
    2021,
    2021,
    2021,
    2021,
    2021,
    2021,
    2021,
    2021,
    2021,
    2021,
    2021,
    2021,
    2021,
    2021,
    2021,
    2021,
    2021,
    2021,
    2021,
    2021,
    2021,
    2021,
    2021,
    2021,
    2021,
    2021,
    2021,
    2021,
    2021,
    2021,
    2021,
    2021,
    2021,
    2021,
    2021,
    2021,
    2021,
    2021,
    2021,
    2021,
    2021,
    2021,
    2021,
    2021,
    2021,
    2021,
    2021,
    2021,
    2021,
    2021,
    2021,
    2021,
    2021,
    2021,
    2021,
    2021,
    2021,
    2021,
    2021,
    2021,
    2021,
    2021,
    2021,
    2021,
    2021,
    2021,
    2021,
    2021,
    2021,
    2021,
    2021,
    2021,
    2021,
    2021,
    2021,
    2021,
    2021,
    2021,
    2021,
    2021,
    2021,
    2021,
    2021,
    2021,
    2021,
    2021,
    2021,
    2021,
    2021,
    2021,
    2021,
    2021,
    2021,
    2021,
    2021,
    2021,
    2021,
    2021,
    2021,
    2021,
    2021,
    2021,
    2021,
    2021,
    2021,
    2021,
    2021,
    2021,
    2021,
    2021,
    2021,
    2021,
    2021,
    2021,
    2021,
    2021,
    2021,
    2021,
    2021,
    2021,
    2021,
    2021,
    2021,
    2021,
    2021,
    2021,
    2021,
    2021,
    2021,
    2021,
    2021,
    2021,
    2021,
    2021,
    2021,
    2021,
    2021,
    2021,
    2021,
    2021,
    2021,
    2021,
    2021,
    2021,
    2021,
    2021,
    2021,
    2021,
    2021,
    2021,
    2021,
    2021,
    2021,
    2021,
    2021,
    2021,
    2021,
    2021,
    2021,
    2021,
    2021,
    2021,
    2021,
    2021,
    2021,
    2021,
    2021,
    2021,
    2021,
    2021,
    2021,
    2021,
    2021,
    2021
  ],
  "entities": [
    16,
    17,
    19,
    20,
    22,
    219,
    23,
    24,
    25,
    27,
    28,
    30,
    4,
    31,
    32,
    194,
    33,
    34,
    35,
    36,
    37,
    196,
    38,
    39,
    40,
    41,
    42,
    43,
    44,
    45,
    197,
    174,
    173,
    172,
    171,
    170,
    169,
    168,
    166,
    143,
    165,
    279,
    163,
    162,
    167,
    161,
    154,
    200,
    160,
    277954,
    201,
    65,
    259,
    159,
    156,
    78,
    158,
    277951,
    202,
    155,
    3,
    153,
    151,
    6,
    150,
    149,
    206,
    148,
    147,
    94,
    146,
    457,
    139,
    144,
    138,
    207,
    137,
    136,
    134,
    2,
    133,
    8,
    132,
    14,
    130,
    131,
    129,
    208,
    126,
    125,
    277948,
    122,
    124,
    123,
    121,
    119,
    461,
    460,
    210,
    118,
    117,
    116,
    211,
    115,
    212,
    114,
    213,
    113,
    278895,
    111,
    112,
    215,
    110,
    109,
    108,
    107,
    5,
    106,
    105,
    104,
    103,
    278896,
    66,
    102,
    217,
    101,
    140,
    100,
    98,
    97,
    96,
    11,
    95,
    226,
    92,
    91,
    227,
    229,
    230,
    232,
    90,
    89,
    88,
    233,
    87,
    86,
    85,
    83,
    82,
    81,
    277956,
    127,
    258,
    9,
    141,
    277950,
    79,
    234,
    10,
    7,
    77,
    198,
    76,
    64,
    75,
    74,
    73,
    71,
    70,
    68,
    72,
    1,
    13,
    459,
    63,
    62,
    84,
    355,
    60
  ]
}