{
  "values": [
    31.061056,
    0.30622172,
    23.338545,
    10.032372,
    53.813335,
    -14.265723,
    -22.195187,
    18.394423,
    -17.469822,
    47.107254,
    -7.132962,
    23.801027,
    44.90341,
    57.393238,
    9.769439,
    63.35246,
    -7.9732847,
    56.49597,
    0,
    0,
    -15.719721,
    39.07671,
    149.68286,
    34.771915,
    124.61983,
    30.625355,
    126.200676,
    97.2234,
    30.746546,
    -11.226809,
    -2.4697764,
    191.47868,
    7.8043485,
    152.38779,
    -2.8306234,
    28.703472,
    19.917566,
    -3.233342,
    97.589615,
    24.163338,
    51.065342,
    10.077831,
    62.8313,
    4.744046,
    128.74301,
    38.742237,
    136.88065,
    140.4929,
    -18.490788,
    56.395077,
    0,
    18.14929,
    5.0381026,
    8.249417,
    2.1039958,
    311.203,
    -41.623257,
    30.107267,
    45.342167,
    12.584229,
    54.544262,
    208.33319,
    131.388,
    83.44075,
    109.155266,
    92.35213,
    -6.8152037,
    3.7145934,
    15.302844,
    40.9608,
    4.9121385,
    206.61974,
    11.627754,
    41.091694,
    6.7607136,
    3.8322415,
    -3.9408598,
    -14.584431,
    -20.319836,
    75.05417,
    40.961205,
    45.524708,
    19.964064,
    63.7953,
    41.993652,
    12.2015505,
    136.7629,
    63.575356,
    133.77888,
    168.68207,
    171.21248,
    9.210117,
    29.512897,
    -5.3471336,
    55.819984,
    29.387554,
    33.81386,
    -49.15532,
    7.930587,
    14.990199,
    3.3298337,
    110.72443,
    247.07802,
    47.34987,
    16.040327,
    -25.808702,
    5.2450175,
    27.528181,
    83.22432,
    6.966054,
    28.102026,
    58.946518,
    74.362785,
    17.555683,
    34.36887,
    -4.450669,
    -23.553463,
    -23.178736,
    -21.80252,
    71.16,
    0,
    52.240112,
    118.239136,
    93.987076,
    -10.049943,
    -2.8873494,
    57.762886,
    74.62505,
    37.836006,
    -5.470675,
    -4.8173733,
    -15.670262,
    56.85491,
    21.560802,
    50.353054,
    91.89941,
    52.42817,
    130.4032,
    -23.104017,
    172.41959,
    -5.5499754,
    -1.6338669,
    8.070605,
    37.72356,
    89.62701,
    -18.456173,
    3.8417356,
    17.27648,
    39.33367,
    37.318405,
    21.572374,
    16.54811,
    18.078255,
    93.14827,
    185.81793
  ],
  "years": [
    2050,
    2050,
    2050,
    2050,
    2050,
    2050,
    2050,
    2050,
    2050,
    2050,
    2050,
    2050,
    2050,
    2050,
    2050,
    2050,
    2050,
    2050,
    2050,
    2050,
    2050,
    2050,
    2050,
    2050,
    2050,
    2050,
    2050,
    2050,
    2050,
    2050,
    2050,
    2050,
    2050,
    2050,
    2050,
    2050,
    2050,
    2050,
    2050,
    2050,
    2050,
    2050,
    2050,
    2050,
    2050,
    2050,
    2050,
    2050,
    2050,
    2050,
    2050,
    2050,
    2050,
    2050,
    2050,
    2050,
    2050,
    2050,
    2050,
    2050,
    2050,
    2050,
    2050,
    2050,
    2050,
    2050,
    2050,
    2050,
    2050,
    2050,
    2050,
    2050,
    2050,
    2050,
    2050,
    2050,
    2050,
    2050,
    2050,
    2050,
    2050,
    2050,
    2050,
    2050,
    2050,
    2050,
    2050,
    2050,
    2050,
    2050,
    2050,
    2050,
    2050,
    2050,
    2050,
    2050,
    2050,
    2050,
    2050,
    2050,
    2050,
    2050,
    2050,
    2050,
    2050,
    2050,
    2050,
    2050,
    2050,
    2050,
    2050,
    2050,
    2050,
    2050,
    2050,
    2050,
    2050,
    2050,
    2050,
    2050,
    2050,
    2050,
    2050,
    2050,
    2050,
    2050,
    2050,
    2050,
    2050,
    2050,
    2050,
    2050,
    2050,
    2050,
    2050,
    2050,
    2050,
    2050,
    2050,
    2050,
    2050,
    2050,
    2050,
    2050,
    2050,
    2050,
    2050,
    2050,
    2050,
    2050,
    2050,
    2050,
    2050,
    2050,
    2050
  ],
  "entities": [
    15,
    16,
    17,
    19,
    21,
    22,
    23,
    24,
    25,
    28,
    30,
    4,
    31,
    32,
    33,
    34,
    36,
    37,
    351,
    38,
    39,
    40,
    41,
    42,
    43,
    44,
    174,
    173,
    172,
    171,
    170,
    168,
    166,
    143,
    165,
    164,
    163,
    162,
    167,
    161,
    154,
    160,
    225,
    201,
    65,
    259,
    159,
    157,
    156,
    158,
    249,
    202,
    155,
    3,
    153,
    151,
    152,
    6,
    150,
    149,
    148,
    147,
    94,
    146,
    145,
    139,
    138,
    207,
    137,
    136,
    135,
    134,
    2,
    133,
    8,
    132,
    14,
    130,
    131,
    129,
    126,
    125,
    124,
    123,
    121,
    120,
    118,
    117,
    116,
    115,
    114,
    113,
    111,
    112,
    110,
    109,
    142,
    108,
    107,
    5,
    106,
    105,
    104,
    103,
    128,
    66,
    102,
    217,
    101,
    140,
    100,
    99,
    98,
    97,
    96,
    11,
    95,
    92,
    12,
    91,
    239,
    90,
    89,
    87,
    85,
    83,
    195,
    82,
    81,
    127,
    9,
    141,
    79,
    10,
    7,
    77,
    76,
    64,
    75,
    74,
    73,
    71,
    70,
    69,
    68,
    67,
    1,
    13,
    63,
    62,
    221,
    238,
    61,
    60,
    80
  ]
}