{
  "values": [
    -56.406593,
    -7.2746506,
    -38.286232,
    -44.29247,
    29.835629,
    -48.466488,
    -22.195185,
    9.446492,
    -49.54366,
    -16.76934,
    -30.953106,
    14.444482,
    33.952007,
    4.199838,
    -30.02911,
    20.410086,
    -14.928414,
    32.883144,
    0,
    0,
    -41.959103,
    7.311865,
    -14.248467,
    -26.396881,
    45.349026,
    20.753044,
    -1.0272163,
    -8.836669,
    15.098725,
    -16.191238,
    -15.951804,
    6.476115,
    -4.5433445,
    21.538109,
    -15.199395,
    28.703472,
    -20.20018,
    -24.836288,
    -12.910062,
    14.779409,
    -23.015875,
    4.2220955,
    12.207059,
    -6.874819,
    44.21436,
    28.256475,
    15.623189,
    -6.201372,
    -37.4499,
    -17.518469,
    0,
    3.3446286,
    -2.9003928,
    0.06814916,
    -5.6127477,
    77.193016,
    -57.05979,
    20.274113,
    0.8655959,
    4.0754185,
    -7.832745,
    41.360195,
    1.6757414,
    57.25735,
    18.214083,
    -13.835044,
    -25.416306,
    -4.1238804,
    -11.933507,
    40.9608,
    -36.616722,
    12.468688,
    3.1912313,
    -19.800497,
    -1.307972,
    -16.703308,
    -5.149896,
    -33.0633,
    -26.341848,
    3.1788282,
    30.307737,
    -10.442089,
    -22.03764,
    -19.10592,
    -36.74569,
    -13.689577,
    -17.969408,
    -34.276566,
    133.77888,
    33.22607,
    42.85355,
    -7.1907916,
    -14.513578,
    -36.575413,
    -24.717344,
    -23.60139,
    16.61005,
    -52.998024,
    -46.119682,
    6.2995515,
    -2.2887094,
    19.380596,
    41.84991,
    2.2284076,
    -30.088953,
    -37.40418,
    -2.709116,
    -20.705135,
    -11.41178,
    -26.758602,
    3.6233015,
    13.153403,
    24.668814,
    -16.470882,
    -3.656449,
    -27.959677,
    -29.331085,
    -40.83412,
    -28.115883,
    -41.216496,
    0,
    -6.133307,
    56.975437,
    -15.565113,
    -31.264742,
    -10.226861,
    5.148683,
    3.2355173,
    -22.617216,
    -6.7525496,
    -12.011019,
    -15.670262,
    -13.835188,
    12.373566,
    38.989777,
    -14.385769,
    -17.91019,
    -0.7164995,
    -23.104017,
    24.336851,
    -17.904114,
    -9.068112,
    -41.81656,
    6.2619433,
    27.40099,
    -37.66524,
    -4.0063415,
    17.276478,
    1.4389731,
    6.3420796,
    -1.1808894,
    16.54811,
    -22.179369,
    -26.482824,
    44.845383
  ],
  "years": [
    2050,
    2050,
    2050,
    2050,
    2050,
    2050,
    2050,
    2050,
    2050,
    2050,
    2050,
    2050,
    2050,
    2050,
    2050,
    2050,
    2050,
    2050,
    2050,
    2050,
    2050,
    2050,
    2050,
    2050,
    2050,
    2050,
    2050,
    2050,
    2050,
    2050,
    2050,
    2050,
    2050,
    2050,
    2050,
    2050,
    2050,
    2050,
    2050,
    2050,
    2050,
    2050,
    2050,
    2050,
    2050,
    2050,
    2050,
    2050,
    2050,
    2050,
    2050,
    2050,
    2050,
    2050,
    2050,
    2050,
    2050,
    2050,
    2050,
    2050,
    2050,
    2050,
    2050,
    2050,
    2050,
    2050,
    2050,
    2050,
    2050,
    2050,
    2050,
    2050,
    2050,
    2050,
    2050,
    2050,
    2050,
    2050,
    2050,
    2050,
    2050,
    2050,
    2050,
    2050,
    2050,
    2050,
    2050,
    2050,
    2050,
    2050,
    2050,
    2050,
    2050,
    2050,
    2050,
    2050,
    2050,
    2050,
    2050,
    2050,
    2050,
    2050,
    2050,
    2050,
    2050,
    2050,
    2050,
    2050,
    2050,
    2050,
    2050,
    2050,
    2050,
    2050,
    2050,
    2050,
    2050,
    2050,
    2050,
    2050,
    2050,
    2050,
    2050,
    2050,
    2050,
    2050,
    2050,
    2050,
    2050,
    2050,
    2050,
    2050,
    2050,
    2050,
    2050,
    2050,
    2050,
    2050,
    2050,
    2050,
    2050,
    2050,
    2050,
    2050,
    2050,
    2050,
    2050,
    2050,
    2050,
    2050,
    2050,
    2050,
    2050,
    2050,
    2050
  ],
  "entities": [
    15,
    16,
    17,
    19,
    21,
    22,
    23,
    24,
    25,
    28,
    30,
    4,
    31,
    32,
    33,
    34,
    36,
    37,
    351,
    38,
    39,
    40,
    41,
    42,
    43,
    44,
    174,
    173,
    172,
    171,
    170,
    168,
    166,
    143,
    165,
    164,
    163,
    162,
    167,
    161,
    154,
    160,
    225,
    201,
    65,
    259,
    159,
    157,
    156,
    158,
    249,
    202,
    155,
    3,
    153,
    151,
    152,
    6,
    150,
    149,
    148,
    147,
    94,
    146,
    145,
    139,
    138,
    207,
    137,
    136,
    135,
    134,
    2,
    133,
    8,
    132,
    14,
    130,
    131,
    129,
    126,
    125,
    124,
    123,
    121,
    120,
    118,
    117,
    116,
    115,
    114,
    113,
    111,
    112,
    110,
    109,
    142,
    108,
    107,
    5,
    106,
    105,
    104,
    103,
    128,
    66,
    102,
    217,
    101,
    140,
    100,
    99,
    98,
    97,
    96,
    11,
    95,
    92,
    12,
    91,
    239,
    90,
    89,
    87,
    85,
    83,
    195,
    82,
    81,
    127,
    9,
    141,
    79,
    10,
    7,
    77,
    76,
    64,
    75,
    74,
    73,
    71,
    70,
    69,
    68,
    67,
    1,
    13,
    63,
    62,
    221,
    238,
    61,
    60,
    80
  ]
}