{
  "values": [
    21.155815,
    -7.274685,
    14.016951,
    37.540466,
    53.813335,
    -20.745287,
    -22.195187,
    9.446492,
    -23.70723,
    35.989285,
    -14.151602,
    14.444482,
    33.952007,
    96.74155,
    6.2332683,
    51.00672,
    -14.928414,
    56.49597,
    0,
    0,
    -22.089396,
    73.84589,
    212.10358,
    24.58622,
    180.77478,
    20.753044,
    182.75084,
    82.31779,
    30.746546,
    -11.226809,
    -2.4697764,
    169.44951,
    -0.34311506,
    215.48474,
    -10.174422,
    28.703472,
    10.854522,
    -10.546704,
    138.356,
    14.779409,
    39.648235,
    10.077831,
    50.52495,
    4.744046,
    111.45524,
    28.256475,
    163.77362,
    122.3171,
    -24.651033,
    95.49385,
    0,
    18.14929,
    -2.9003928,
    0.06814916,
    -5.6127477,
    280.1254,
    -46.035213,
    20.274113,
    81.67771,
    4.0754185,
    54.544262,
    285.4165,
    189.23502,
    69.5768,
    109.155266,
    77.814674,
    -13.857859,
    -4.1238804,
    15.302844,
    40.9608,
    -3.0169473,
    183.44624,
    3.1912313,
    30.428368,
    -1.307972,
    3.8322415,
    -3.9408598,
    -21.039907,
    -26.341848,
    118.81771,
    30.307737,
    34.526344,
    10.897505,
    51.416096,
    77.492065,
    3.7216616,
    136.7629,
    104.46919,
    133.77888,
    148.37581,
    150.71498,
    9.210117,
    19.724663,
    -12.50074,
    44.04353,
    61.734444,
    23.700575,
    -52.998024,
    -0.22670831,
    6.2995515,
    3.3298337,
    94.79845,
    220.8468,
    84.18733,
    7.2703133,
    -31.41588,
    -2.709116,
    17.889946,
    69.37672,
    -1.1181502,
    18.420422,
    48.511642,
    61.18492,
    17.555683,
    34.36887,
    -11.672029,
    -29.331085,
    -28.98468,
    -27.712475,
    113.95001,
    0,
    40.734215,
    172.79892,
    142.48384,
    -16.848124,
    -10.22686,
    57.762886,
    151.60527,
    27.418732,
    -5.470675,
    -12.011019,
    -15.670262,
    45.00024,
    12.373566,
    38.989777,
    77.39617,
    40.90806,
    188.004,
    -23.104017,
    240.52448,
    -12.688252,
    -9.068113,
    -0.097077884,
    27.314789,
    137.03377,
    -24.619036,
    -4.0063415,
    17.27648,
    28.803211,
    26.940252,
    21.572374,
    16.54811,
    9.15422,
    141.43533,
    257.27243
  ],
  "years": [
    2050,
    2050,
    2050,
    2050,
    2050,
    2050,
    2050,
    2050,
    2050,
    2050,
    2050,
    2050,
    2050,
    2050,
    2050,
    2050,
    2050,
    2050,
    2050,
    2050,
    2050,
    2050,
    2050,
    2050,
    2050,
    2050,
    2050,
    2050,
    2050,
    2050,
    2050,
    2050,
    2050,
    2050,
    2050,
    2050,
    2050,
    2050,
    2050,
    2050,
    2050,
    2050,
    2050,
    2050,
    2050,
    2050,
    2050,
    2050,
    2050,
    2050,
    2050,
    2050,
    2050,
    2050,
    2050,
    2050,
    2050,
    2050,
    2050,
    2050,
    2050,
    2050,
    2050,
    2050,
    2050,
    2050,
    2050,
    2050,
    2050,
    2050,
    2050,
    2050,
    2050,
    2050,
    2050,
    2050,
    2050,
    2050,
    2050,
    2050,
    2050,
    2050,
    2050,
    2050,
    2050,
    2050,
    2050,
    2050,
    2050,
    2050,
    2050,
    2050,
    2050,
    2050,
    2050,
    2050,
    2050,
    2050,
    2050,
    2050,
    2050,
    2050,
    2050,
    2050,
    2050,
    2050,
    2050,
    2050,
    2050,
    2050,
    2050,
    2050,
    2050,
    2050,
    2050,
    2050,
    2050,
    2050,
    2050,
    2050,
    2050,
    2050,
    2050,
    2050,
    2050,
    2050,
    2050,
    2050,
    2050,
    2050,
    2050,
    2050,
    2050,
    2050,
    2050,
    2050,
    2050,
    2050,
    2050,
    2050,
    2050,
    2050,
    2050,
    2050,
    2050,
    2050,
    2050,
    2050,
    2050,
    2050,
    2050,
    2050,
    2050,
    2050,
    2050
  ],
  "entities": [
    15,
    16,
    17,
    19,
    21,
    22,
    23,
    24,
    25,
    28,
    30,
    4,
    31,
    32,
    33,
    34,
    36,
    37,
    351,
    38,
    39,
    40,
    41,
    42,
    43,
    44,
    174,
    173,
    172,
    171,
    170,
    168,
    166,
    143,
    165,
    164,
    163,
    162,
    167,
    161,
    154,
    160,
    225,
    201,
    65,
    259,
    159,
    157,
    156,
    158,
    249,
    202,
    155,
    3,
    153,
    151,
    152,
    6,
    150,
    149,
    148,
    147,
    94,
    146,
    145,
    139,
    138,
    207,
    137,
    136,
    135,
    134,
    2,
    133,
    8,
    132,
    14,
    130,
    131,
    129,
    126,
    125,
    124,
    123,
    121,
    120,
    118,
    117,
    116,
    115,
    114,
    113,
    111,
    112,
    110,
    109,
    142,
    108,
    107,
    5,
    106,
    105,
    104,
    103,
    128,
    66,
    102,
    217,
    101,
    140,
    100,
    99,
    98,
    97,
    96,
    11,
    95,
    92,
    12,
    91,
    239,
    90,
    89,
    87,
    85,
    83,
    195,
    82,
    81,
    127,
    9,
    141,
    79,
    10,
    7,
    77,
    76,
    64,
    75,
    74,
    73,
    71,
    70,
    69,
    68,
    67,
    1,
    13,
    63,
    62,
    221,
    238,
    61,
    60,
    80
  ]
}