{
  "values": [
    78.30956,
    -8.062009,
    26.121386,
    24.173183,
    23.302732,
    -23.063566,
    -45.749813,
    -26.346382,
    -30.491121,
    17.823013,
    -42.464123,
    -16.60823,
    -16.23096,
    58.654144,
    -13.131463,
    13.169548,
    -3.6496422,
    4.71955,
    0,
    0,
    -34.901253,
    80.2659,
    131.75136,
    39.65952,
    129.05467,
    -6.2533884,
    141.3616,
    83.53507,
    17.28312,
    -23.47662,
    -38.25757,
    83.82984,
    -30.515005,
    150.13727,
    -34.075146,
    -24.107588,
    6.5296307,
    -42.68708,
    84.55225,
    -30.007662,
    211.96057,
    -34.975834,
    66.937164,
    -9.529178,
    80.85225,
    -27.155989,
    97.60085,
    271.92432,
    -44.257477,
    127.38155,
    0,
    -35.10313,
    -25.438005,
    -22.842815,
    -34.025883,
    274.26437,
    -45.7359,
    -10.46419,
    37.192528,
    -1.5406216,
    -0.3342239,
    158.71353,
    184.25075,
    -3.215771,
    78.453705,
    4.5100055,
    -39.89786,
    75.37725,
    -12.655215,
    17.513456,
    -23.074594,
    237.93166,
    -23.237125,
    36.19084,
    -10.050066,
    -34.775093,
    12.370526,
    -16.675575,
    -36.721394,
    98.91963,
    6.5126905,
    12.314185,
    15.377282,
    28.83301,
    51.81546,
    2.9104564,
    111.44779,
    44.46295,
    93.83672,
    140.7862,
    151.7251,
    -30.929953,
    -6.2222476,
    13.103327,
    27.309677,
    41.056625,
    3.2299004,
    -57.90136,
    -14.555066,
    -6.1458273,
    24.973368,
    30.318756,
    147.16109,
    46.035435,
    19.665178,
    -40.791664,
    2.0213475,
    22.237062,
    27.048904,
    2.7346072,
    -10.853024,
    58.89804,
    17.52654,
    -2.634388,
    13.150468,
    -40.920135,
    -28.598837,
    -47.20731,
    -48.935566,
    38.40965,
    0,
    48.024834,
    214.40967,
    130.80707,
    -39.339024,
    -24.37572,
    44.905514,
    76.46854,
    -6.3844166,
    -0.69218254,
    -13.778925,
    -20.67932,
    8.71028,
    -19.201746,
    20.191137,
    83.36164,
    73.495766,
    134.64146,
    -49.02805,
    197.67102,
    -48.633095,
    -4.448199,
    -16.269077,
    6.2540164,
    83.555145,
    -48.06231,
    -21.891281,
    -7.4988413,
    11.897378,
    24.547892,
    34.247902,
    -24.687252,
    127.767204,
    82.14567,
    143.27338
  ],
  "years": [
    2050,
    2050,
    2050,
    2050,
    2050,
    2050,
    2050,
    2050,
    2050,
    2050,
    2050,
    2050,
    2050,
    2050,
    2050,
    2050,
    2050,
    2050,
    2050,
    2050,
    2050,
    2050,
    2050,
    2050,
    2050,
    2050,
    2050,
    2050,
    2050,
    2050,
    2050,
    2050,
    2050,
    2050,
    2050,
    2050,
    2050,
    2050,
    2050,
    2050,
    2050,
    2050,
    2050,
    2050,
    2050,
    2050,
    2050,
    2050,
    2050,
    2050,
    2050,
    2050,
    2050,
    2050,
    2050,
    2050,
    2050,
    2050,
    2050,
    2050,
    2050,
    2050,
    2050,
    2050,
    2050,
    2050,
    2050,
    2050,
    2050,
    2050,
    2050,
    2050,
    2050,
    2050,
    2050,
    2050,
    2050,
    2050,
    2050,
    2050,
    2050,
    2050,
    2050,
    2050,
    2050,
    2050,
    2050,
    2050,
    2050,
    2050,
    2050,
    2050,
    2050,
    2050,
    2050,
    2050,
    2050,
    2050,
    2050,
    2050,
    2050,
    2050,
    2050,
    2050,
    2050,
    2050,
    2050,
    2050,
    2050,
    2050,
    2050,
    2050,
    2050,
    2050,
    2050,
    2050,
    2050,
    2050,
    2050,
    2050,
    2050,
    2050,
    2050,
    2050,
    2050,
    2050,
    2050,
    2050,
    2050,
    2050,
    2050,
    2050,
    2050,
    2050,
    2050,
    2050,
    2050,
    2050,
    2050,
    2050,
    2050,
    2050,
    2050,
    2050,
    2050,
    2050,
    2050,
    2050,
    2050,
    2050,
    2050,
    2050,
    2050,
    2050,
    2050
  ],
  "entities": [
    15,
    16,
    17,
    19,
    21,
    22,
    23,
    24,
    25,
    28,
    30,
    4,
    31,
    32,
    33,
    34,
    36,
    37,
    351,
    38,
    39,
    40,
    41,
    42,
    43,
    44,
    174,
    173,
    172,
    171,
    170,
    168,
    166,
    143,
    165,
    164,
    163,
    162,
    167,
    161,
    154,
    160,
    225,
    201,
    65,
    259,
    159,
    157,
    156,
    158,
    249,
    202,
    155,
    3,
    153,
    151,
    152,
    6,
    150,
    149,
    148,
    147,
    94,
    146,
    145,
    139,
    138,
    207,
    137,
    136,
    135,
    134,
    2,
    133,
    8,
    132,
    14,
    130,
    131,
    129,
    126,
    125,
    124,
    123,
    121,
    120,
    118,
    117,
    116,
    115,
    114,
    113,
    111,
    112,
    110,
    109,
    142,
    108,
    107,
    5,
    106,
    105,
    104,
    103,
    128,
    66,
    102,
    217,
    101,
    140,
    100,
    99,
    98,
    97,
    96,
    11,
    95,
    92,
    12,
    91,
    239,
    90,
    89,
    87,
    85,
    83,
    195,
    82,
    81,
    127,
    9,
    141,
    79,
    10,
    7,
    77,
    76,
    64,
    75,
    74,
    73,
    71,
    70,
    69,
    68,
    67,
    1,
    13,
    63,
    62,
    221,
    238,
    61,
    60,
    80
  ]
}