{
  "values": [
    56.700001,
    68.800003,
    58.799999,
    66.699997,
    70.5,
    71.300003,
    67.400002,
    50.299999,
    77.199997,
    65,
    81,
    65.5,
    69.699997,
    68,
    69.099998,
    64.400002,
    64.099998,
    61.799999,
    67.199997,
    53,
    55,
    58.099998,
    55.099998,
    67.5,
    56.400002,
    63.5,
    69.599998,
    69.900002,
    64.099998,
    49.700001,
    76.400002,
    65.800003,
    78.300003,
    63.099998,
    66.800003,
    69,
    64.599998,
    60.299999,
    61.599998,
    59.400002,
    67.400002,
    49.099998,
    56,
    58.5,
    55.599998,
    66.5,
    56.900002,
    63.299999,
    67.900002,
    67.900002,
    61.099998,
    44.599998,
    74.699997,
    65.300003,
    76.099998,
    63.299999,
    65,
    68.199997,
    62.400002,
    56.599998,
    62.799999,
    58,
    65.900002,
    46.900002,
    50.400002,
    59.799999,
    54.900002,
    66.199997,
    57.099998,
    59.200001,
    64.5,
    65.699997,
    56.900002,
    41,
    70.800003,
    69.900002,
    73.400002,
    64,
    62.400002,
    61.400002,
    59,
    55.5,
    63.200001,
    59,
    66.099998,
    45.799999,
    45.700001,
    58.400002,
    54.799999,
    64.5,
    56.299999,
    53.900002,
    61.799999,
    63.299999,
    55.799999,
    35.299999,
    67.900002,
    68.199997,
    71.699997,
    64.699997,
    60.099998,
    57.200001,
    53.5,
    54.799999,
    60.5,
    58.200001,
    65.900002,
    42.599998,
    48.200001,
    54,
    54.400002,
    63.700001,
    56.099998,
    51.599998,
    58.5,
    60.099998,
    56.5,
    35.099998,
    62.900002,
    70.599998,
    69.800003,
    64.300003,
    58.799999,
    56.5,
    50.700001,
    53.400002,
    58.299999,
    56.900002,
    62.900002,
    41.299999,
    47.5,
    52.799999,
    55,
    59.799999,
    55.900002,
    52.400002,
    54.400002,
    55.200001,
    52.700001,
    40.799999,
    56.099998,
    65.300003,
    64.800003,
    61.5,
    54.400002,
    54,
    50.900002,
    51.099998,
    57.299999,
    55.900002,
    58.700001,
    45.599998,
    50.900002,
    52.5
  ],
  "years": [
    1970,
    1970,
    1970,
    1970,
    1970,
    1970,
    1970,
    1970,
    1970,
    1970,
    1970,
    1970,
    1970,
    1970,
    1970,
    1970,
    1970,
    1970,
    1970,
    1970,
    1970,
    1970,
    1980,
    1980,
    1980,
    1980,
    1980,
    1980,
    1980,
    1980,
    1980,
    1980,
    1980,
    1980,
    1980,
    1980,
    1980,
    1980,
    1980,
    1980,
    1980,
    1980,
    1980,
    1980,
    1990,
    1990,
    1990,
    1990,
    1990,
    1990,
    1990,
    1990,
    1990,
    1990,
    1990,
    1990,
    1990,
    1990,
    1990,
    1990,
    1990,
    1990,
    1990,
    1990,
    1990,
    1990,
    2000,
    2000,
    2000,
    2000,
    2000,
    2000,
    2000,
    2000,
    2000,
    2000,
    2000,
    2000,
    2000,
    2000,
    2000,
    2000,
    2000,
    2000,
    2000,
    2000,
    2000,
    2000,
    2010,
    2010,
    2010,
    2010,
    2010,
    2010,
    2010,
    2010,
    2010,
    2010,
    2010,
    2010,
    2010,
    2010,
    2010,
    2010,
    2010,
    2010,
    2010,
    2010,
    2010,
    2010,
    2020,
    2020,
    2020,
    2020,
    2020,
    2020,
    2020,
    2020,
    2020,
    2020,
    2020,
    2020,
    2020,
    2020,
    2020,
    2020,
    2020,
    2020,
    2020,
    2020,
    2020,
    2020,
    2030,
    2030,
    2030,
    2030,
    2030,
    2030,
    2030,
    2030,
    2030,
    2030,
    2030,
    2030,
    2030,
    2030,
    2030,
    2030,
    2030,
    2030,
    2030,
    2030,
    2030,
    2030
  ],
  "entities": [
    295,
    355,
    436,
    450,
    462,
    463,
    464,
    465,
    466,
    467,
    468,
    471,
    472,
    473,
    474,
    475,
    476,
    477,
    478,
    479,
    35355,
    96956,
    295,
    355,
    436,
    450,
    462,
    463,
    464,
    465,
    466,
    467,
    468,
    471,
    472,
    473,
    474,
    475,
    476,
    477,
    478,
    479,
    35355,
    96956,
    295,
    355,
    436,
    450,
    462,
    463,
    464,
    465,
    466,
    467,
    468,
    471,
    472,
    473,
    474,
    475,
    476,
    477,
    478,
    479,
    35355,
    96956,
    295,
    355,
    436,
    450,
    462,
    463,
    464,
    465,
    466,
    467,
    468,
    471,
    472,
    473,
    474,
    475,
    476,
    477,
    478,
    479,
    35355,
    96956,
    295,
    355,
    436,
    450,
    462,
    463,
    464,
    465,
    466,
    467,
    468,
    471,
    472,
    473,
    474,
    475,
    476,
    477,
    478,
    479,
    35355,
    96956,
    295,
    355,
    436,
    450,
    462,
    463,
    464,
    465,
    466,
    467,
    468,
    471,
    472,
    473,
    474,
    475,
    476,
    477,
    478,
    479,
    35355,
    96956,
    295,
    355,
    436,
    450,
    462,
    463,
    464,
    465,
    466,
    467,
    468,
    471,
    472,
    473,
    474,
    475,
    476,
    477,
    478,
    479,
    35355,
    96956
  ]
}