{
  "values": [
    3.9841945,
    5.5270095,
    4.066602,
    3.9694004,
    3.2685506,
    3.4525108,
    3.5391827,
    4.429325,
    3.9711387,
    3.3702245,
    6.310494,
    7.2597947,
    1.8917731,
    2.9751182,
    1.024986,
    1.5029346,
    1.9072428,
    4.2396774,
    3.6084158,
    2.0244515,
    0.4062238,
    2.0831773,
    7.7068367,
    2.1234605,
    8.211749,
    1.7316054,
    5.286599,
    1.9194728,
    2.0310335,
    4.0775914,
    3.2034132,
    1.2560966,
    1.5892707,
    4.650829,
    5.943366,
    6.9366417,
    0.9198645,
    2.193852,
    2.848741,
    3.3597922,
    0.38005507,
    3.3100145,
    5.0953207,
    4.8723083,
    2.1061277,
    5.403674,
    2.0328271,
    8.400347,
    0.6622862,
    5.5260305,
    3.050325,
    2.0686703,
    2.4470665,
    4.171368,
    1.7366731,
    1.1184992,
    4.2320204,
    1.0181836,
    5.157721,
    1.4074053,
    3.5990877,
    1.933479,
    5.9182816,
    7.5887203,
    1.1264195,
    10.79207,
    1.8461097,
    3.7248647,
    4.5284147,
    2.3932145,
    2.7868798,
    4.232038,
    0.5480238,
    7.324005,
    2.157086,
    7.7365713,
    4.940554,
    3.4110577,
    0.63056386,
    3.1501498,
    0.7491117,
    1.3271756,
    4.793004,
    0.54242736,
    3.4633963,
    4.997621,
    7.810992,
    3.1160913,
    3.7925355,
    3.631588,
    8.112034,
    6.597164,
    0.7423426,
    3.490476,
    2.865712,
    3.3882349,
    2.5124128,
    0.76533663,
    0.15017472,
    5.107997,
    0.19847071,
    0.28965908,
    3.8176076,
    0.4926488
  ],
  "years": [
    2021,
    2021,
    2021,
    2021,
    2021,
    2021,
    2021,
    2021,
    2021,
    2021,
    2021,
    2021,
    2021,
    2021,
    2021,
    2021,
    2021,
    2021,
    2021,
    2021,
    2021,
    2021,
    2021,
    2021,
    2021,
    2021,
    2021,
    2021,
    2021,
    2021,
    2021,
    2021,
    2021,
    2021,
    2021,
    2021,
    2021,
    2021,
    2021,
    2021,
    2021,
    2021,
    2021,
    2021,
    2021,
    2021,
    2021,
    2021,
    2021,
    2021,
    2021,
    2021,
    2021,
    2021,
    2021,
    2021,
    2021,
    2021,
    2021,
    2021,
    2021,
    2021,
    2021,
    2021,
    2021,
    2021,
    2021,
    2021,
    2021,
    2021,
    2021,
    2021,
    2021,
    2021,
    2021,
    2021,
    2021,
    2021,
    2021,
    2021,
    2021,
    2021,
    2021,
    2021,
    2021,
    2021,
    2021,
    2021,
    2021,
    2021,
    2021,
    2021,
    2021,
    2021,
    2021,
    2021,
    2021,
    2021,
    2021,
    2021,
    2021,
    2021,
    2021,
    2021
  ],
  "entities": [
    1,
    2,
    3,
    4,
    5,
    6,
    7,
    8,
    9,
    10,
    11,
    12,
    13,
    14,
    17,
    19,
    21,
    23,
    24,
    25,
    27,
    28,
    30,
    34,
    35,
    37,
    39,
    42,
    43,
    44,
    62,
    63,
    64,
    65,
    66,
    67,
    68,
    69,
    70,
    71,
    72,
    75,
    81,
    83,
    84,
    85,
    86,
    88,
    90,
    92,
    95,
    96,
    97,
    98,
    100,
    101,
    102,
    103,
    106,
    110,
    113,
    116,
    119,
    122,
    124,
    125,
    127,
    129,
    130,
    131,
    133,
    134,
    135,
    136,
    137,
    138,
    139,
    141,
    142,
    143,
    144,
    148,
    149,
    150,
    152,
    155,
    156,
    158,
    160,
    161,
    162,
    165,
    166,
    170,
    171,
    172,
    198,
    201,
    208,
    215,
    217,
    226,
    238,
    259
  ]
}