{
  "values": [
    38.1,
    34.1,
    56.1,
    58.499996,
    60.800003,
    63.20001,
    59.89999,
    68,
    62.699997,
    19.4,
    60.5,
    45.800003,
    69.2,
    77.8,
    74.6,
    60.4,
    78.1,
    71.4,
    56.200005,
    74.600006,
    63,
    53.3,
    75,
    61.1,
    75.100006,
    74.899994,
    61.399998,
    61,
    60.899998,
    71,
    75.00001,
    61.1,
    60.100002,
    70.99999,
    70.5,
    76.7,
    61,
    71.200005,
    71.7,
    76.700005,
    71.9,
    31.099998,
    71.5,
    71.1,
    73.399994,
    75.40001,
    60.79999,
    71.2,
    90.299995,
    60.2,
    60.8,
    71.299995,
    74.5,
    76.99999,
    79.9,
    74.6,
    61,
    70.700005,
    72.6,
    77.200005,
    75.6,
    71.100006,
    59.400005,
    68.8,
    67.7,
    76.5,
    60.2,
    75.200005,
    60.099995,
    70.4,
    71.3,
    60.3,
    75.100006,
    72.299995,
    71.2,
    59.7,
    61.3,
    71.5,
    65.9,
    76.5,
    46.599995,
    61.3,
    76.700005,
    61.3,
    82.399994,
    33.8,
    69.6,
    73.7,
    61.199997,
    59.89999,
    75.00001,
    71.299995,
    65.6,
    78.1,
    61.100006,
    90.4,
    76.6,
    71,
    71.4,
    69.6,
    70.9,
    71.100006,
    33.1,
    76.600006,
    71.3,
    33,
    71.3,
    76.100006,
    76.6,
    75,
    77.5,
    76.8,
    71.200005,
    74.5,
    75.100006,
    61.3,
    75,
    74.2,
    64.899994,
    72.5,
    72.299995,
    59.900005,
    61.199997,
    74.90001,
    75.2,
    81.8,
    71.9,
    61.5,
    61.499996,
    71.3,
    61.700005,
    58.3,
    71.2,
    69.299995,
    75.1,
    69.799995,
    71.3,
    33.6,
    34.300003,
    71.2,
    67.6,
    71.200005,
    61.4,
    32.999996,
    60.600002,
    75,
    61.4,
    60.700005,
    61.3,
    71.6,
    71.299995,
    71,
    61,
    80.8,
    57.999992,
    71,
    71.100006,
    76.90001,
    61.000008,
    76.700005,
    77.00001,
    33.600002,
    74.799995,
    60.499996,
    74.700005,
    60.700005,
    71.2,
    60.600002,
    74.90001,
    76.600006,
    76.4,
    76.9,
    75.09999,
    63.1,
    70.00001,
    61.199997,
    61.199997,
    76.7,
    70.8,
    60.600002,
    60.899998,
    76.799995,
    76.50001,
    61.199997,
    79.18793,
    79.000786,
    56.486618,
    65.97777,
    61,
    66.55392,
    64.70431,
    75.84265
  ],
  "years": [
    2020,
    2020,
    2020,
    2020,
    2020,
    2020,
    2020,
    2020,
    2020,
    2020,
    2020,
    2020,
    2020,
    2020,
    2020,
    2020,
    2020,
    2020,
    2020,
    2020,
    2020,
    2020,
    2020,
    2020,
    2020,
    2020,
    2020,
    2020,
    2020,
    2020,
    2020,
    2020,
    2020,
    2020,
    2020,
    2020,
    2020,
    2020,
    2020,
    2020,
    2020,
    2020,
    2020,
    2020,
    2020,
    2020,
    2020,
    2020,
    2020,
    2020,
    2020,
    2020,
    2020,
    2020,
    2020,
    2020,
    2020,
    2020,
    2020,
    2020,
    2020,
    2020,
    2020,
    2020,
    2020,
    2020,
    2020,
    2020,
    2020,
    2020,
    2020,
    2020,
    2020,
    2020,
    2020,
    2020,
    2020,
    2020,
    2020,
    2020,
    2020,
    2020,
    2020,
    2020,
    2020,
    2020,
    2020,
    2020,
    2020,
    2020,
    2020,
    2020,
    2020,
    2020,
    2020,
    2020,
    2020,
    2020,
    2020,
    2020,
    2020,
    2020,
    2020,
    2020,
    2020,
    2020,
    2020,
    2020,
    2020,
    2020,
    2020,
    2020,
    2020,
    2020,
    2020,
    2020,
    2020,
    2020,
    2020,
    2020,
    2020,
    2020,
    2020,
    2020,
    2020,
    2020,
    2020,
    2020,
    2020,
    2020,
    2020,
    2020,
    2020,
    2020,
    2020,
    2020,
    2020,
    2020,
    2020,
    2020,
    2020,
    2020,
    2020,
    2020,
    2020,
    2020,
    2020,
    2020,
    2020,
    2020,
    2020,
    2020,
    2020,
    2020,
    2020,
    2020,
    2020,
    2020,
    2020,
    2020,
    2020,
    2020,
    2020,
    2020,
    2020,
    2020,
    2020,
    2020,
    2020,
    2020,
    2020,
    2020,
    2020,
    2020,
    2020,
    2020,
    2020,
    2020,
    2020,
    2020,
    2020,
    2020,
    2020,
    2020,
    2020,
    2020,
    2020,
    2020,
    2020,
    2020,
    2020,
    2020
  ],
  "entities": [
    1,
    2,
    3,
    4,
    5,
    6,
    7,
    8,
    9,
    10,
    11,
    12,
    13,
    14,
    15,
    16,
    17,
    19,
    21,
    22,
    23,
    24,
    25,
    26,
    27,
    28,
    29,
    30,
    31,
    32,
    33,
    34,
    35,
    36,
    37,
    38,
    39,
    40,
    41,
    42,
    43,
    44,
    45,
    60,
    61,
    62,
    63,
    64,
    65,
    66,
    67,
    68,
    69,
    70,
    71,
    72,
    73,
    74,
    75,
    76,
    77,
    78,
    79,
    80,
    81,
    82,
    83,
    84,
    85,
    86,
    87,
    88,
    89,
    90,
    91,
    92,
    93,
    94,
    95,
    96,
    97,
    98,
    99,
    100,
    101,
    102,
    103,
    104,
    105,
    106,
    107,
    108,
    109,
    110,
    111,
    112,
    113,
    114,
    115,
    116,
    117,
    118,
    119,
    120,
    121,
    122,
    123,
    124,
    125,
    126,
    127,
    128,
    129,
    130,
    131,
    132,
    133,
    134,
    135,
    136,
    137,
    138,
    139,
    140,
    141,
    142,
    143,
    145,
    146,
    147,
    148,
    149,
    150,
    151,
    152,
    153,
    154,
    155,
    156,
    157,
    158,
    159,
    160,
    161,
    162,
    163,
    164,
    165,
    166,
    167,
    168,
    169,
    170,
    171,
    172,
    173,
    174,
    195,
    201,
    202,
    203,
    207,
    208,
    210,
    211,
    212,
    213,
    215,
    217,
    220,
    221,
    225,
    226,
    229,
    232,
    234,
    238,
    239,
    245,
    252,
    253,
    254,
    258,
    259,
    273,
    275,
    276,
    277,
    284,
    294,
    295,
    355
  ]
}