{
  "values": [
    74.6,
    79.18793,
    60.4,
    78.1,
    71.4,
    56.200005,
    74.600006,
    79.000786,
    63,
    53.3,
    75,
    61.1,
    75.100006,
    74.899994,
    61.399998,
    61,
    58.499996,
    60.899998,
    71,
    75.00001,
    61.1,
    60.100002,
    70.99999,
    70.5,
    76.7,
    61,
    71.200005,
    71.7,
    76.700005,
    71.9,
    31.099998,
    71.5,
    71.100006,
    71,
    57.999992,
    80.8,
    61,
    71,
    71.299995,
    61.3,
    71.9,
    60.700005,
    61.4,
    75,
    60.600002,
    71.6,
    32.999996,
    71.3,
    61.4,
    76.9,
    61.000008,
    90.299995,
    61.199997,
    71.200005,
    71.2,
    34.300003,
    71.100006,
    67.6,
    56.486618,
    76.700005,
    33.6,
    56.1,
    60.899998,
    77.00001,
    69.799995,
    69.299995,
    75.1,
    63.20001,
    71.2,
    58.3,
    60.600002,
    76.799995,
    61.700005,
    71.3,
    71.5,
    61.499996,
    61.5,
    61.199997,
    59.900005,
    33.600002,
    72.299995,
    72.5,
    64.899994,
    74.2,
    34.1,
    75,
    68,
    61.3,
    77.8,
    74.5,
    75.100006,
    71.200005,
    74.799995,
    75,
    76.6,
    33,
    76.100006,
    71.3,
    71.3,
    76.600006,
    33.1,
    60.499996,
    71.100006,
    70.9,
    69.6,
    74.700005,
    71.4,
    60.700005,
    61,
    71,
    71.2,
    76.6,
    61.100006,
    90.4,
    60.600002,
    78.1,
    65.6,
    81.8,
    71.299995,
    75.00001,
    60.800003,
    76.600006,
    59.89999,
    61.199997,
    73.7,
    69.6,
    66.55392,
    76.8,
    60.2,
    33.8,
    65.97777,
    74.90001,
    82.399994,
    74.90001,
    61.3,
    76.700005,
    61.3,
    46.599995,
    76.5,
    60.5,
    65.9,
    61.3,
    75.09999,
    70.8,
    59.7,
    45.800003,
    71.2,
    63.1,
    76.7,
    70.00001,
    72.299995,
    75.100006,
    60.3,
    71.3,
    70.4,
    60.099995,
    60.2,
    76.90001,
    76.5,
    67.7,
    64.70431,
    77.5,
    76.50001,
    62.699997,
    75.2,
    59.400005,
    61.199997,
    19.4,
    59.89999,
    75.6,
    77.200005,
    71.2,
    72.6,
    70.700005,
    61,
    79.9,
    76.99999,
    74.5,
    71.299995,
    60.8,
    74.6,
    38.1,
    69.2,
    60.79999,
    75.40001,
    76.4,
    61.199997,
    75.200005,
    75.84265,
    73.399994,
    71.1,
    68.8
  ],
  "years": [
    2020,
    2020,
    2020,
    2020,
    2020,
    2020,
    2020,
    2020,
    2020,
    2020,
    2020,
    2020,
    2020,
    2020,
    2020,
    2020,
    2020,
    2020,
    2020,
    2020,
    2020,
    2020,
    2020,
    2020,
    2020,
    2020,
    2020,
    2020,
    2020,
    2020,
    2020,
    2020,
    2020,
    2020,
    2020,
    2020,
    2020,
    2020,
    2020,
    2020,
    2020,
    2020,
    2020,
    2020,
    2020,
    2020,
    2020,
    2020,
    2020,
    2020,
    2020,
    2020,
    2020,
    2020,
    2020,
    2020,
    2020,
    2020,
    2020,
    2020,
    2020,
    2020,
    2020,
    2020,
    2020,
    2020,
    2020,
    2020,
    2020,
    2020,
    2020,
    2020,
    2020,
    2020,
    2020,
    2020,
    2020,
    2020,
    2020,
    2020,
    2020,
    2020,
    2020,
    2020,
    2020,
    2020,
    2020,
    2020,
    2020,
    2020,
    2020,
    2020,
    2020,
    2020,
    2020,
    2020,
    2020,
    2020,
    2020,
    2020,
    2020,
    2020,
    2020,
    2020,
    2020,
    2020,
    2020,
    2020,
    2020,
    2020,
    2020,
    2020,
    2020,
    2020,
    2020,
    2020,
    2020,
    2020,
    2020,
    2020,
    2020,
    2020,
    2020,
    2020,
    2020,
    2020,
    2020,
    2020,
    2020,
    2020,
    2020,
    2020,
    2020,
    2020,
    2020,
    2020,
    2020,
    2020,
    2020,
    2020,
    2020,
    2020,
    2020,
    2020,
    2020,
    2020,
    2020,
    2020,
    2020,
    2020,
    2020,
    2020,
    2020,
    2020,
    2020,
    2020,
    2020,
    2020,
    2020,
    2020,
    2020,
    2020,
    2020,
    2020,
    2020,
    2020,
    2020,
    2020,
    2020,
    2020,
    2020,
    2020,
    2020,
    2020,
    2020,
    2020,
    2020,
    2020,
    2020,
    2020,
    2020,
    2020,
    2020,
    2020,
    2020,
    2020,
    2020,
    2020,
    2020,
    2020,
    2020,
    2020
  ],
  "entities": [
    15,
    273,
    16,
    17,
    19,
    21,
    22,
    275,
    23,
    24,
    25,
    26,
    27,
    28,
    29,
    30,
    4,
    31,
    32,
    33,
    34,
    35,
    36,
    37,
    38,
    39,
    40,
    41,
    42,
    43,
    44,
    45,
    174,
    173,
    172,
    171,
    170,
    169,
    168,
    166,
    143,
    165,
    164,
    163,
    162,
    167,
    161,
    154,
    160,
    225,
    201,
    65,
    259,
    159,
    157,
    156,
    78,
    158,
    276,
    202,
    155,
    3,
    253,
    203,
    153,
    151,
    152,
    6,
    150,
    149,
    252,
    254,
    148,
    147,
    94,
    146,
    145,
    139,
    138,
    207,
    137,
    136,
    135,
    134,
    2,
    133,
    8,
    132,
    14,
    130,
    131,
    129,
    208,
    126,
    125,
    122,
    124,
    123,
    121,
    120,
    119,
    210,
    118,
    117,
    116,
    211,
    115,
    212,
    284,
    114,
    213,
    113,
    111,
    112,
    215,
    110,
    109,
    142,
    108,
    107,
    5,
    220,
    106,
    105,
    104,
    103,
    294,
    128,
    66,
    102,
    277,
    217,
    101,
    140,
    100,
    99,
    98,
    97,
    96,
    11,
    95,
    93,
    226,
    245,
    92,
    12,
    91,
    229,
    239,
    232,
    90,
    89,
    88,
    87,
    86,
    85,
    83,
    195,
    82,
    81,
    295,
    127,
    258,
    9,
    141,
    79,
    234,
    10,
    7,
    77,
    76,
    64,
    75,
    74,
    73,
    71,
    70,
    69,
    68,
    67,
    72,
    1,
    13,
    63,
    62,
    221,
    238,
    84,
    355,
    61,
    60,
    80
  ]
}