{
  "values": [
    23.715319,
    24.65,
    19.017056,
    21.901897,
    22.497345,
    22.53246,
    20.742138,
    18.725082,
    23.984283,
    19.731844,
    19.299606,
    20.861044,
    23.713186,
    17.691349,
    29.666666,
    23.5,
    23.865168,
    39.956047,
    20.133127,
    14.999999,
    23.151316,
    21.526012,
    36.533337,
    28,
    33.977272,
    41.333332,
    18.983334,
    37.82143,
    19.5,
    20.619047,
    41.857143,
    23.327848,
    21.5,
    20.279661,
    39.033333,
    38.673473,
    31.055557,
    39.07692,
    23.718414,
    15.000001,
    43.59701,
    28.588236,
    31.92,
    19.72,
    40.238243,
    20.09589,
    18,
    20.00926,
    36.15574,
    26.875002,
    22.157343,
    24.121952,
    21.5,
    21.6,
    38.77778,
    26.875967,
    25.222221,
    26.85,
    46.09524,
    29.731035,
    38.445312,
    37.829895,
    36.446808,
    19.763638,
    27.242603,
    20.656862,
    23.256409,
    38.210526,
    19.14362,
    35.92308,
    28.64286,
    36.02941,
    19.537678,
    24.03125,
    41.333332,
    19.265,
    25.113926,
    24.588478,
    23.25926,
    42.17647,
    16,
    32.26778,
    21.199999,
    39.534412,
    40.5,
    30.38889,
    23.184616,
    30.086956,
    39.863636,
    43.207207,
    22.845835,
    18.272728,
    18.714285,
    25.260946,
    36.142857,
    36.219513,
    23.26,
    46.15464,
    41.575916,
    18.274195,
    17,
    38,
    19.380955,
    45.857143,
    23.227272,
    30.666668,
    27.558825,
    23.135136,
    26.35294,
    30.955414,
    32.583336,
    22.935484,
    33.399998,
    20.961039,
    25.107141,
    33.608696,
    31.051958,
    24.470844,
    21.755102,
    24.68421,
    34.8,
    25.90566,
    26.618057,
    40.666668,
    14.999999,
    37,
    40.857143,
    26.363638,
    18.247059,
    33.089287,
    18.12,
    48,
    28,
    19.51887,
    17.68182,
    33,
    38.810425,
    15.000001,
    22.592592,
    20.496378,
    16.733334,
    27.454544,
    20.474226,
    20.538464,
    26.554838,
    20.894737,
    44.666668,
    28.805368,
    26.45802,
    18.789062,
    36.5,
    27.214285,
    19.840578,
    21.5,
    28,
    27.444447,
    18.25,
    18.545454,
    21.555557,
    44,
    15.000001,
    48,
    34.75,
    26.999998,
    23.777779,
    19.333332,
    29.62963,
    18.09375,
    35.965008,
    25.55958,
    21.253122,
    23.740261,
    23.875347,
    23.700949,
    24.73245
  ],
  "years": [
    2020,
    2020,
    2020,
    2020,
    2020,
    2020,
    2020,
    2020,
    2020,
    2020,
    2020,
    2020,
    2020,
    2020,
    2020,
    2020,
    2020,
    2020,
    2020,
    2020,
    2020,
    2020,
    2020,
    2020,
    2020,
    2020,
    2020,
    2020,
    2020,
    2020,
    2020,
    2020,
    2020,
    2020,
    2020,
    2020,
    2020,
    2020,
    2020,
    2020,
    2020,
    2020,
    2020,
    2020,
    2020,
    2020,
    2020,
    2020,
    2020,
    2020,
    2020,
    2020,
    2020,
    2020,
    2020,
    2020,
    2020,
    2020,
    2020,
    2020,
    2020,
    2020,
    2020,
    2020,
    2020,
    2020,
    2020,
    2020,
    2020,
    2020,
    2020,
    2020,
    2020,
    2020,
    2020,
    2020,
    2020,
    2020,
    2020,
    2020,
    2020,
    2020,
    2020,
    2020,
    2020,
    2020,
    2020,
    2020,
    2020,
    2020,
    2020,
    2020,
    2020,
    2020,
    2020,
    2020,
    2020,
    2020,
    2020,
    2020,
    2020,
    2020,
    2020,
    2020,
    2020,
    2020,
    2020,
    2020,
    2020,
    2020,
    2020,
    2020,
    2020,
    2020,
    2020,
    2020,
    2020,
    2020,
    2020,
    2020,
    2020,
    2020,
    2020,
    2020,
    2020,
    2020,
    2020,
    2020,
    2020,
    2020,
    2020,
    2020,
    2020,
    2020,
    2020,
    2020,
    2020,
    2020,
    2020,
    2020,
    2020,
    2020,
    2020,
    2020,
    2020,
    2020,
    2020,
    2020,
    2020,
    2020,
    2020,
    2020,
    2020,
    2020,
    2020,
    2020,
    2020,
    2020,
    2020,
    2020,
    2020,
    2020,
    2020,
    2020,
    2020,
    2020,
    2020,
    2020,
    2020,
    2020,
    2020,
    2020,
    2020,
    2020,
    2020
  ],
  "entities": [
    1,
    2,
    3,
    4,
    5,
    6,
    7,
    8,
    9,
    10,
    11,
    12,
    13,
    14,
    15,
    16,
    17,
    19,
    21,
    22,
    23,
    24,
    25,
    27,
    28,
    29,
    30,
    32,
    34,
    35,
    36,
    37,
    38,
    39,
    40,
    41,
    42,
    43,
    44,
    45,
    60,
    61,
    62,
    63,
    64,
    65,
    66,
    67,
    68,
    69,
    70,
    71,
    72,
    73,
    74,
    75,
    76,
    77,
    78,
    79,
    80,
    81,
    82,
    83,
    84,
    85,
    86,
    87,
    88,
    89,
    90,
    91,
    92,
    93,
    94,
    95,
    96,
    97,
    98,
    99,
    100,
    101,
    102,
    103,
    104,
    105,
    106,
    107,
    108,
    109,
    110,
    111,
    112,
    113,
    114,
    115,
    116,
    117,
    118,
    119,
    120,
    121,
    122,
    123,
    124,
    125,
    126,
    127,
    128,
    129,
    130,
    131,
    132,
    133,
    134,
    135,
    136,
    137,
    138,
    139,
    140,
    141,
    142,
    143,
    145,
    146,
    147,
    148,
    149,
    150,
    152,
    153,
    154,
    155,
    156,
    157,
    158,
    160,
    161,
    162,
    163,
    164,
    165,
    166,
    167,
    168,
    169,
    170,
    171,
    172,
    173,
    174,
    201,
    207,
    208,
    210,
    212,
    213,
    215,
    217,
    220,
    229,
    234,
    238,
    245,
    252,
    258,
    259,
    273,
    275,
    276,
    277,
    294,
    295,
    355
  ]
}