{
  "values": [
    80,
    80,
    79.99999,
    80,
    79.99999,
    80,
    80,
    83.65324,
    79.99999,
    79.99999,
    80,
    80,
    79.99999,
    80,
    80,
    80,
    80,
    80,
    80,
    80,
    80,
    100,
    79.99999,
    80,
    80,
    80,
    80,
    80,
    80,
    80,
    79.99999,
    80,
    80.00001,
    80,
    79.99999,
    80,
    80.00001,
    80,
    80,
    80,
    80,
    80,
    80,
    80,
    79.99999,
    80,
    80.00001,
    80,
    80,
    80,
    80,
    80,
    80,
    80,
    80,
    80,
    79.99999,
    80,
    80,
    80,
    79.99999,
    80,
    79.99999,
    80,
    80.00001,
    80,
    80,
    80,
    80.00001,
    80,
    80,
    80,
    100,
    80,
    80,
    80,
    79.99999,
    80,
    79.99999,
    80,
    80,
    80,
    80.00001,
    80,
    80,
    79.99999,
    80,
    80,
    80,
    80,
    80,
    80.00001,
    80,
    80,
    80,
    80.00001,
    80,
    80,
    80.00001,
    80,
    80,
    80,
    80,
    79.99999,
    79.99999,
    80,
    80,
    79.99999,
    80,
    79.99999,
    80,
    80,
    80,
    80,
    80,
    80,
    79.99999,
    79.99999,
    80,
    80,
    80,
    80.00001,
    80,
    79.99999,
    79.99999,
    80,
    80,
    80.00001,
    79.99999,
    80,
    79.99999,
    80,
    80,
    80,
    80,
    80,
    79.99999,
    80,
    80,
    79.99999,
    80.00001,
    80,
    80,
    100,
    80,
    79.99999,
    80,
    79.99999,
    80,
    80,
    80,
    80,
    79.99999,
    80,
    80,
    79.99999,
    80,
    80,
    80,
    80,
    80,
    80,
    80,
    80,
    80,
    80,
    80,
    79.99999,
    79.99999,
    79.99999,
    80,
    80,
    79.99999,
    79.99999,
    80,
    83.10693,
    79.99999,
    80,
    80
  ],
  "years": [
    2020,
    2020,
    2020,
    2020,
    2020,
    2020,
    2020,
    2020,
    2020,
    2020,
    2020,
    2020,
    2020,
    2020,
    2020,
    2020,
    2020,
    2020,
    2020,
    2020,
    2020,
    2020,
    2020,
    2020,
    2020,
    2020,
    2020,
    2020,
    2020,
    2020,
    2020,
    2020,
    2020,
    2020,
    2020,
    2020,
    2020,
    2020,
    2020,
    2020,
    2020,
    2020,
    2020,
    2020,
    2020,
    2020,
    2020,
    2020,
    2020,
    2020,
    2020,
    2020,
    2020,
    2020,
    2020,
    2020,
    2020,
    2020,
    2020,
    2020,
    2020,
    2020,
    2020,
    2020,
    2020,
    2020,
    2020,
    2020,
    2020,
    2020,
    2020,
    2020,
    2020,
    2020,
    2020,
    2020,
    2020,
    2020,
    2020,
    2020,
    2020,
    2020,
    2020,
    2020,
    2020,
    2020,
    2020,
    2020,
    2020,
    2020,
    2020,
    2020,
    2020,
    2020,
    2020,
    2020,
    2020,
    2020,
    2020,
    2020,
    2020,
    2020,
    2020,
    2020,
    2020,
    2020,
    2020,
    2020,
    2020,
    2020,
    2020,
    2020,
    2020,
    2020,
    2020,
    2020,
    2020,
    2020,
    2020,
    2020,
    2020,
    2020,
    2020,
    2020,
    2020,
    2020,
    2020,
    2020,
    2020,
    2020,
    2020,
    2020,
    2020,
    2020,
    2020,
    2020,
    2020,
    2020,
    2020,
    2020,
    2020,
    2020,
    2020,
    2020,
    2020,
    2020,
    2020,
    2020,
    2020,
    2020,
    2020,
    2020,
    2020,
    2020,
    2020,
    2020,
    2020,
    2020,
    2020,
    2020,
    2020,
    2020,
    2020,
    2020,
    2020,
    2020,
    2020,
    2020,
    2020,
    2020,
    2020,
    2020,
    2020,
    2020,
    2020,
    2020,
    2020,
    2020,
    2020
  ],
  "entities": [
    15,
    273,
    16,
    17,
    19,
    21,
    22,
    275,
    23,
    24,
    25,
    27,
    28,
    30,
    4,
    32,
    33,
    34,
    35,
    36,
    37,
    38,
    39,
    40,
    41,
    42,
    43,
    44,
    45,
    174,
    173,
    172,
    171,
    170,
    168,
    166,
    143,
    165,
    164,
    163,
    162,
    167,
    161,
    154,
    160,
    225,
    201,
    65,
    159,
    157,
    156,
    78,
    158,
    276,
    202,
    155,
    3,
    203,
    153,
    152,
    6,
    150,
    149,
    252,
    254,
    148,
    147,
    146,
    145,
    139,
    138,
    137,
    136,
    135,
    134,
    2,
    133,
    8,
    132,
    14,
    130,
    131,
    129,
    208,
    126,
    125,
    122,
    124,
    123,
    121,
    120,
    119,
    210,
    118,
    117,
    116,
    211,
    115,
    212,
    284,
    114,
    213,
    113,
    111,
    112,
    215,
    110,
    109,
    142,
    108,
    107,
    5,
    220,
    106,
    105,
    104,
    103,
    294,
    128,
    66,
    102,
    277,
    217,
    101,
    140,
    100,
    99,
    98,
    97,
    96,
    11,
    95,
    93,
    226,
    245,
    92,
    12,
    91,
    239,
    90,
    89,
    88,
    87,
    86,
    85,
    83,
    82,
    81,
    295,
    127,
    258,
    9,
    141,
    79,
    234,
    10,
    7,
    77,
    76,
    64,
    75,
    74,
    73,
    71,
    70,
    69,
    68,
    67,
    72,
    1,
    13,
    63,
    62,
    238,
    84,
    355,
    61,
    60,
    80
  ]
}