{
  "values": [
    1.6999999,
    1.6999999,
    1.7,
    1.7,
    1.7,
    1.6999999,
    1.6999999,
    9.8,
    1.6999999,
    1.7,
    9.799999,
    9.8,
    1.6999997,
    1.7,
    1.7,
    1.7,
    1.7,
    9.8,
    1.7,
    9.8,
    1.6999999,
    1.6999999,
    9.8,
    1.7,
    9.8,
    1.6999999,
    1.6999999,
    9.8,
    1.6999999,
    9.8,
    1.6999999,
    1.6999999,
    1.7,
    1.7,
    1.7,
    1.7,
    9.8,
    9.8,
    1.6999999,
    1.7,
    9.8,
    1.7,
    9.8,
    1.7,
    9.799999,
    1.7,
    1.6999999,
    1.6999999,
    24,
    1.6999999,
    9.8,
    1.6999999,
    1.7,
    9.8,
    1.6999999,
    9.8,
    1.7,
    9.8,
    9.8,
    1.6999999,
    9.8,
    1.6999999,
    1.6999999,
    1.6999999,
    1.7,
    1.7,
    1.7,
    1.7,
    9.8,
    1.7,
    9.8,
    1.6999999,
    9.8,
    9.8,
    1.6999999,
    9.8,
    1.6999999,
    9.8,
    1.6999999,
    1.7,
    1.6999999,
    1.6999999,
    1.7,
    1.7,
    9.8,
    1.6999999,
    9.8,
    9.8,
    1.6999999,
    1.7,
    1.7,
    1.7,
    1.7,
    1.7,
    9.8,
    9.799999,
    1.7,
    1.6999999,
    9.8,
    1.6999999,
    1.7,
    1.6999999,
    1.7,
    1.7,
    9.8,
    1.6999999,
    1.7,
    9.8,
    1.6999999,
    1.7,
    1.7000003,
    1.6999999,
    1.7,
    9.8,
    1.6999999,
    1.7,
    9.8,
    9.8,
    1.7,
    1.7,
    1.6999997,
    9.8,
    1.7,
    9.8,
    1.6999999,
    1.6999999,
    9.8,
    1.6999999,
    1.6999999,
    9.8,
    1.7,
    1.6999999,
    9.8,
    9.799999,
    9.8,
    9.8,
    1.7,
    1.7,
    1.6999999,
    1.7,
    1.7,
    9.8,
    1.6999999,
    1.7,
    9.799999,
    1.6999999,
    1.6999999,
    1.6999999,
    1.7,
    9.8,
    9.8,
    1.6999999,
    1.6999997,
    1.6999999,
    1.7,
    9.8,
    9.8,
    1.7,
    1.7,
    1.7,
    1.7,
    1.7,
    9.8,
    1.6999999,
    1.6999999,
    1.7,
    1.6999999,
    1.6999999,
    9.8,
    1.7,
    1.7,
    1.6999999,
    9.8,
    1.7,
    1.6999999,
    1.6999999,
    1.7,
    1.7,
    1.7,
    1.7000003,
    1.7,
    1.7,
    1.6999999,
    7.8771224,
    2.690915,
    4.3873987,
    1.6999999,
    1.6999999,
    1.6999999,
    1.6999999,
    3.2873955
  ],
  "years": [
    2020,
    2020,
    2020,
    2020,
    2020,
    2020,
    2020,
    2020,
    2020,
    2020,
    2020,
    2020,
    2020,
    2020,
    2020,
    2020,
    2020,
    2020,
    2020,
    2020,
    2020,
    2020,
    2020,
    2020,
    2020,
    2020,
    2020,
    2020,
    2020,
    2020,
    2020,
    2020,
    2020,
    2020,
    2020,
    2020,
    2020,
    2020,
    2020,
    2020,
    2020,
    2020,
    2020,
    2020,
    2020,
    2020,
    2020,
    2020,
    2020,
    2020,
    2020,
    2020,
    2020,
    2020,
    2020,
    2020,
    2020,
    2020,
    2020,
    2020,
    2020,
    2020,
    2020,
    2020,
    2020,
    2020,
    2020,
    2020,
    2020,
    2020,
    2020,
    2020,
    2020,
    2020,
    2020,
    2020,
    2020,
    2020,
    2020,
    2020,
    2020,
    2020,
    2020,
    2020,
    2020,
    2020,
    2020,
    2020,
    2020,
    2020,
    2020,
    2020,
    2020,
    2020,
    2020,
    2020,
    2020,
    2020,
    2020,
    2020,
    2020,
    2020,
    2020,
    2020,
    2020,
    2020,
    2020,
    2020,
    2020,
    2020,
    2020,
    2020,
    2020,
    2020,
    2020,
    2020,
    2020,
    2020,
    2020,
    2020,
    2020,
    2020,
    2020,
    2020,
    2020,
    2020,
    2020,
    2020,
    2020,
    2020,
    2020,
    2020,
    2020,
    2020,
    2020,
    2020,
    2020,
    2020,
    2020,
    2020,
    2020,
    2020,
    2020,
    2020,
    2020,
    2020,
    2020,
    2020,
    2020,
    2020,
    2020,
    2020,
    2020,
    2020,
    2020,
    2020,
    2020,
    2020,
    2020,
    2020,
    2020,
    2020,
    2020,
    2020,
    2020,
    2020,
    2020,
    2020,
    2020,
    2020,
    2020,
    2020,
    2020,
    2020,
    2020,
    2020,
    2020,
    2020,
    2020,
    2020,
    2020,
    2020,
    2020,
    2020,
    2020,
    2020,
    2020,
    2020,
    2020,
    2020,
    2020
  ],
  "entities": [
    1,
    2,
    3,
    4,
    5,
    6,
    7,
    8,
    9,
    10,
    11,
    12,
    13,
    14,
    15,
    16,
    17,
    19,
    21,
    22,
    23,
    24,
    25,
    26,
    27,
    28,
    29,
    30,
    31,
    32,
    33,
    34,
    35,
    36,
    37,
    38,
    39,
    40,
    41,
    42,
    43,
    44,
    45,
    60,
    61,
    62,
    63,
    64,
    65,
    66,
    67,
    68,
    69,
    70,
    71,
    72,
    73,
    74,
    75,
    76,
    77,
    78,
    79,
    80,
    81,
    82,
    83,
    84,
    85,
    86,
    87,
    88,
    89,
    90,
    91,
    92,
    93,
    94,
    95,
    96,
    97,
    98,
    99,
    100,
    101,
    102,
    103,
    104,
    105,
    106,
    107,
    108,
    109,
    110,
    111,
    112,
    113,
    114,
    115,
    116,
    117,
    118,
    119,
    120,
    121,
    122,
    123,
    124,
    125,
    126,
    127,
    128,
    129,
    130,
    131,
    132,
    133,
    134,
    135,
    136,
    137,
    138,
    139,
    140,
    141,
    142,
    143,
    145,
    146,
    147,
    148,
    149,
    150,
    151,
    152,
    153,
    154,
    155,
    156,
    157,
    158,
    159,
    160,
    161,
    162,
    163,
    164,
    165,
    166,
    167,
    168,
    169,
    170,
    171,
    172,
    173,
    174,
    195,
    201,
    202,
    203,
    207,
    208,
    210,
    211,
    212,
    213,
    215,
    217,
    220,
    221,
    225,
    226,
    229,
    234,
    238,
    239,
    245,
    252,
    253,
    254,
    258,
    259,
    273,
    275,
    276,
    277,
    284,
    294,
    295,
    355
  ]
}