{
  "values": [
    0.008307496,
    0.0024179248,
    0.07449489,
    0.008528862,
    0.0008404318,
    0.6012798,
    0.0035339051,
    0.06969536,
    0.18077141,
    0.007201862,
    0.24516647,
    0.18473454,
    0.019681796,
    0.08127132,
    0.2794396,
    0.0074214647,
    0.17077607,
    0.13351782,
    0.11167629,
    0.016066726,
    0.03246251,
    0.27172124,
    0.28243506,
    0.000690069,
    0.017108832,
    0.0726387,
    0.016346041,
    0.2841793,
    0.0016106326,
    0.17584622,
    0.019657273,
    0.03775427,
    0.4088611,
    0.28102848,
    0.024890643,
    0.018848581,
    0.2632909,
    0.011184699,
    0.235871,
    0.19958769,
    0.0026540936,
    0.22151424,
    0.0027478787,
    0.36767483,
    0.17961626,
    0.029005922,
    0.024249343,
    0.19824739,
    0.026696723,
    0.10833325,
    0.0015259205,
    0.014010749,
    0.111218326,
    0.33118874,
    0.005409093,
    0.23206012,
    0.23168507,
    0.0014220629,
    0.002887731,
    0.34068874,
    0.02812682,
    0.37606293,
    0.08435919,
    0.0014259649,
    0.010810291,
    0.03269432,
    0.37322164,
    0.0012446003,
    0.002006301,
    0.46134752,
    0.00793744,
    0.08015741,
    0.0048989006,
    0.011232468,
    0.0014692951,
    0.10406027,
    0.00084917736,
    0.0021206823,
    0.10994179,
    0.2928993,
    0.00043311415,
    0.26286197,
    0.23100196,
    0.074398905,
    0.3715645,
    0.32703725,
    0.23109521,
    0.25929374,
    0.06881057,
    0.05115417,
    0.0019800924,
    0.0071647093,
    0.19802307,
    0.36660424,
    0.008786188,
    0.002688705,
    0.5170112,
    0.047923375,
    0.002963461,
    0.0033361549,
    0.008084608,
    0.024600489,
    0.007729395,
    0.07036792,
    0.0061037554,
    0.02580322,
    0.17481731,
    0.016492113,
    0.3859274,
    0.0057576634
  ],
  "years": [
    2011,
    2011,
    2011,
    2012,
    2012,
    2012,
    2012,
    2012,
    2012,
    2012,
    2013,
    2013,
    2014,
    2014,
    2014,
    2014,
    2014,
    2014,
    2014,
    2014,
    2014,
    2015,
    2015,
    2015,
    2015,
    2015,
    2015,
    2015,
    2015,
    2015,
    2015,
    2016,
    2016,
    2016,
    2016,
    2016,
    2016,
    2016,
    2016,
    2016,
    2016,
    2016,
    2017,
    2017,
    2017,
    2017,
    2017,
    2017,
    2017,
    2017,
    2017,
    2017,
    2017,
    2017,
    2018,
    2018,
    2018,
    2018,
    2018,
    2018,
    2018,
    2018,
    2018,
    2018,
    2018,
    2018,
    2018,
    2018,
    2018,
    2018,
    2018,
    2018,
    2018,
    2018,
    2019,
    2019,
    2019,
    2019,
    2019,
    2019,
    2019,
    2019,
    2019,
    2019,
    2019,
    2019,
    2019,
    2019,
    2019,
    2019,
    2019,
    2019,
    2019,
    2019,
    2019,
    2019,
    2019,
    2019,
    2019,
    2019,
    2019,
    2019,
    2020,
    2021,
    2021,
    2021,
    2021,
    2021,
    2021,
    2021
  ],
  "entities": [
    35,
    73,
    105,
    29,
    67,
    104,
    111,
    153,
    169,
    229,
    61,
    108,
    65,
    78,
    79,
    120,
    129,
    148,
    168,
    171,
    259,
    15,
    19,
    22,
    31,
    36,
    37,
    64,
    131,
    142,
    170,
    34,
    41,
    68,
    81,
    98,
    99,
    141,
    143,
    145,
    211,
    225,
    16,
    32,
    74,
    76,
    96,
    101,
    110,
    125,
    130,
    136,
    150,
    167,
    17,
    43,
    60,
    66,
    71,
    94,
    112,
    115,
    123,
    126,
    132,
    134,
    147,
    152,
    166,
    174,
    201,
    204,
    215,
    234,
    21,
    28,
    69,
    75,
    80,
    87,
    88,
    89,
    91,
    107,
    109,
    114,
    117,
    121,
    137,
    139,
    140,
    146,
    151,
    158,
    160,
    164,
    173,
    232,
    233,
    235,
    237,
    239,
    84,
    42,
    62,
    97,
    103,
    113,
    118,
    202
  ]
}