{
  "values": [
    13.1,
    13.6,
    3.6,
    12.5,
    5.4,
    14,
    9.8,
    32.03822,
    2.3,
    10.6,
    17.6,
    20.11952,
    23.44,
    3.7,
    18.8,
    16.99434,
    16.104774,
    14.77,
    17.6,
    12.1,
    17.7,
    11.4,
    15.7,
    6.3,
    8.826438,
    7.9,
    15.2,
    14.34622,
    14.1,
    7.3,
    8,
    10.19,
    10,
    9,
    7.098102,
    14.1,
    19.74884,
    7.636316,
    21.3,
    15.1,
    10.84399,
    18.8,
    20.2,
    20.01278,
    4.1,
    18.8,
    7.5,
    13.4,
    10.3,
    4.9,
    13.7,
    16.2,
    31.0951,
    18.549526,
    15.6,
    12.9,
    5.7744694,
    5.9,
    15.7,
    14.29735,
    14.4,
    10.3,
    1.9,
    25,
    15.54,
    6.7,
    9.4,
    32.70899,
    13.7,
    12.831035,
    34.4,
    8.5,
    22.4,
    17.6,
    9.8,
    5.571661,
    10.75,
    16.3,
    13,
    18.81,
    14.5,
    13.65239,
    7.1,
    15.1,
    13.6817665,
    12.9,
    34.3,
    16.4,
    8.815492,
    16.8,
    14.13476,
    7.2,
    29.9,
    7.029537,
    2.3,
    24.9,
    12,
    8.786139,
    31.5,
    29.33432,
    10.975333,
    7.1,
    10.1,
    14.5,
    12.26099,
    11.8,
    40.3,
    19.07945,
    3.7,
    4.050813,
    8.4,
    26.1,
    7.9,
    8.894154,
    12.2,
    13.1,
    14.17376,
    8.3,
    16.2,
    8.117086,
    6.5,
    3.5,
    14.8,
    10.6,
    3,
    9.3,
    4.2,
    21.3,
    16.28939,
    11.6,
    16.9,
    4.2
  ],
  "years": [
    2011,
    2010,
    2013,
    2001,
    2010,
    2005,
    2006,
    2013,
    2012,
    2012,
    2009,
    2013,
    2015,
    2006,
    2011,
    2013,
    2014,
    2015,
    2010,
    2010,
    2012,
    2011,
    2010,
    2010,
    2015,
    2012,
    2012,
    2014,
    2015,
    2012,
    2011,
    2016,
    2012,
    2010,
    2014,
    2009,
    2012,
    2014,
    2007,
    2011,
    2015,
    2009,
    2012,
    2013,
    2010,
    2011,
    2012,
    2008,
    2015,
    2006,
    2006,
    2012,
    2014,
    2015,
    2012,
    2006,
    2014,
    2012,
    2013,
    2014,
    2010,
    2011,
    2011,
    2007,
    2016,
    2006,
    2000,
    2009,
    2007,
    2014,
    2010,
    2000,
    2010,
    2007,
    2011,
    2014,
    2015,
    2013,
    2007,
    2011,
    2011,
    2013,
    2009,
    2012,
    2013,
    2008,
    1999,
    2008,
    2014,
    2010,
    2012,
    2012,
    2010,
    2011,
    2011,
    2011,
    2012,
    2014,
    2005,
    2014,
    2015,
    2011,
    2000,
    2010,
    2011,
    2014,
    2011,
    2015,
    2005,
    2014,
    2013,
    2006,
    2009,
    2014,
    2006,
    2005,
    2014,
    2005,
    2010,
    2014,
    2006,
    2012,
    2006,
    2012,
    2012,
    2009,
    2005,
    2006,
    2013,
    2012,
    2010,
    2008
  ],
  "entities": [
    15,
    16,
    17,
    19,
    22,
    25,
    28,
    28,
    30,
    32,
    34,
    34,
    34,
    35,
    37,
    37,
    37,
    37,
    40,
    41,
    42,
    43,
    174,
    173,
    173,
    172,
    170,
    170,
    170,
    168,
    166,
    166,
    143,
    167,
    167,
    160,
    160,
    160,
    225,
    201,
    201,
    65,
    259,
    259,
    78,
    158,
    153,
    151,
    151,
    152,
    150,
    148,
    148,
    148,
    147,
    94,
    94,
    145,
    139,
    139,
    136,
    134,
    132,
    130,
    130,
    131,
    129,
    129,
    126,
    126,
    125,
    123,
    121,
    118,
    117,
    117,
    117,
    115,
    114,
    114,
    113,
    113,
    111,
    112,
    112,
    109,
    108,
    107,
    107,
    105,
    105,
    104,
    103,
    103,
    66,
    101,
    100,
    100,
    98,
    98,
    97,
    96,
    92,
    91,
    91,
    91,
    89,
    89,
    88,
    88,
    87,
    82,
    141,
    79,
    77,
    76,
    64,
    75,
    74,
    74,
    73,
    71,
    70,
    68,
    67,
    63,
    62,
    238,
    238,
    84,
    61,
    60
  ]
}