{
  "values": [
    89.008675,
    90.76895,
    76.15426,
    88.75937,
    90.18115,
    88.76599,
    75.14677,
    83.82051,
    87.84564,
    92.76282,
    89.290955,
    77.27611,
    86.93455,
    66.45834,
    97.5513,
    96.60528,
    83.811935,
    97.70317,
    73.072044,
    91.96826,
    74.59779,
    77.36032,
    98.81795,
    61.434097,
    97.63683,
    96.10942,
    84.863815,
    94.16951,
    97.41521,
    71.440155,
    94.20957,
    98.39638,
    98.92688,
    97.39968,
    87.49825,
    94.937965,
    93.374626,
    98.28823,
    94.4682,
    98.93528,
    99.414085,
    80.638336,
    76.415726,
    97.451416,
    90.46697,
    93.4521,
    91.529625,
    94.05038,
    90.56253,
    97.15743,
    96.68209,
    94.43939,
    97.31601,
    91.89135,
    88.83694,
    91.72213,
    84.688614,
    85.74144,
    98.39615,
    84.240486,
    94.94049,
    94.51344,
    98.49394,
    89.420525,
    96.446365,
    93.434715,
    94.65921,
    96.559105,
    96.14011,
    92.95755,
    96.46416,
    96.217766,
    93.92772,
    99.44767,
    87.077065,
    98.24327,
    94.2424,
    97.17655,
    94.78751,
    65.59668,
    93.17876,
    98.15518,
    90.54429,
    94.31489,
    93.39695,
    97.624374,
    97.22271,
    68.973526,
    86.81511,
    97.461266,
    73.22545,
    96.900154,
    98.430954,
    88.69965,
    72.30763,
    97.519615,
    98.252945,
    75.85336,
    89.80408,
    93.89081,
    92.82275,
    97.56003,
    90.438644,
    98.89188,
    99.81809,
    98.43022,
    97.96921,
    96.747635,
    97.9967,
    91.28956,
    97.914154,
    94.14578,
    95.39724,
    92.744736,
    89.91529,
    95.29927,
    93.884155,
    77.49984,
    99.67081,
    99.44689,
    92.37401,
    81.38594,
    85.23999,
    77.67209,
    97.914955,
    96.177086,
    98.12308,
    98.877625,
    90.280464,
    88.91723,
    93.125916,
    87.60739,
    98.156654,
    98.47211,
    94.11052,
    88.7489,
    94.33869,
    95.70872,
    68.04479,
    99.57585,
    96.41792,
    96.17256,
    92.54892,
    83.44482,
    91.195786,
    90.38308,
    97.15249,
    91.90132,
    96.26398,
    100,
    84.12624,
    90.93795,
    96.05813,
    97.18763,
    96.17976,
    96.17976,
    96.17976,
    96.17976
  ],
  "years": [
    2018,
    2018,
    2018,
    2018,
    2018,
    2018,
    2018,
    2018,
    2018,
    2018,
    2018,
    2018,
    2018,
    2018,
    2018,
    2018,
    2018,
    2018,
    2018,
    2018,
    2018,
    2018,
    2018,
    2018,
    2018,
    2018,
    2018,
    2018,
    2018,
    2018,
    2018,
    2018,
    2018,
    2018,
    2018,
    2018,
    2018,
    2018,
    2018,
    2018,
    2018,
    2018,
    2018,
    2018,
    2018,
    2018,
    2018,
    2018,
    2018,
    2018,
    2018,
    2018,
    2018,
    2018,
    2018,
    2018,
    2018,
    2018,
    2018,
    2018,
    2018,
    2018,
    2018,
    2018,
    2018,
    2018,
    2018,
    2018,
    2018,
    2018,
    2018,
    2018,
    2018,
    2018,
    2018,
    2018,
    2018,
    2018,
    2018,
    2018,
    2018,
    2018,
    2018,
    2018,
    2018,
    2018,
    2018,
    2018,
    2018,
    2018,
    2018,
    2018,
    2018,
    2018,
    2018,
    2018,
    2018,
    2018,
    2018,
    2018,
    2018,
    2018,
    2018,
    2018,
    2018,
    2018,
    2018,
    2018,
    2018,
    2018,
    2018,
    2018,
    2018,
    2018,
    2018,
    2018,
    2018,
    2018,
    2018,
    2018,
    2018,
    2018,
    2018,
    2018,
    2018,
    2018,
    2018,
    2018,
    2018,
    2018,
    2018,
    2018,
    2018,
    2018,
    2018,
    2018,
    2018,
    2018,
    2018,
    2018,
    2018,
    2018,
    2018,
    2018,
    2018,
    2018,
    2018,
    2018,
    2018,
    2018,
    2018,
    2018,
    2018,
    2018,
    2019,
    2019,
    2019,
    2019
  ],
  "entities": [
    1,
    2,
    3,
    4,
    5,
    6,
    7,
    8,
    9,
    10,
    11,
    12,
    13,
    14,
    15,
    16,
    17,
    21,
    22,
    23,
    24,
    25,
    28,
    30,
    32,
    34,
    35,
    36,
    37,
    39,
    40,
    41,
    42,
    43,
    44,
    60,
    61,
    62,
    63,
    64,
    65,
    66,
    67,
    68,
    69,
    70,
    71,
    72,
    74,
    75,
    76,
    78,
    80,
    81,
    83,
    84,
    85,
    86,
    87,
    88,
    89,
    90,
    91,
    92,
    95,
    96,
    97,
    98,
    100,
    101,
    102,
    103,
    104,
    105,
    106,
    107,
    108,
    109,
    110,
    111,
    112,
    113,
    114,
    115,
    116,
    117,
    118,
    119,
    120,
    121,
    122,
    124,
    125,
    126,
    127,
    129,
    130,
    131,
    133,
    135,
    136,
    137,
    138,
    139,
    140,
    141,
    142,
    143,
    145,
    147,
    148,
    149,
    150,
    151,
    152,
    153,
    155,
    156,
    158,
    160,
    161,
    162,
    163,
    165,
    166,
    168,
    169,
    170,
    171,
    172,
    173,
    198,
    201,
    207,
    208,
    210,
    212,
    213,
    215,
    238,
    259,
    273,
    275,
    276,
    277,
    294,
    295,
    355,
    379,
    390,
    457,
    459,
    460,
    461,
    134,
    275,
    355,
    459
  ]
}