{
  "values": [
    58.30655,
    60.080162,
    62.08705,
    67.43881,
    63.695114,
    44.27724,
    43.508526,
    42.274242,
    44.817055,
    44.37222,
    44.37222,
    43.262474,
    43.07204,
    53.004044,
    53.893566,
    45.86107,
    52.286564,
    56.115078,
    52.65021,
    51.424404,
    50.275494,
    48.557552,
    48.304432,
    52.40416,
    53.705013,
    53.7523,
    55.045666,
    56.347237,
    59.144203,
    56.832672,
    50.05054,
    50.50417,
    50.50417,
    51.544422,
    52.628426,
    53.138584,
    58.95931,
    59.62456,
    63.981167,
    66.133,
    66.882805,
    66.882805,
    62.80528,
    63.52552,
    66.41997,
    68.05191,
    68.05191,
    62.255493,
    59.74012,
    122.62446,
    100,
    88.355545,
    95.78325,
    92.4643,
    77.91828,
    87.72254,
    87.550575,
    88.79738,
    83.88714,
    75.09331,
    78.50095,
    69.16867,
    67.23272,
    72.67857,
    60.00295,
    68.000305,
    117.8443,
    137.63724,
    97.02226,
    71.01641,
    75.434845,
    53.383533,
    51.252422,
    69.01141,
    65.04668,
    58.836494,
    56.843178,
    53.557037,
    55.192844,
    56.668587,
    52.375496,
    54.111084,
    58.47967,
    63.97899,
    68.34339,
    66.282745,
    70.03845,
    84.49973,
    84.324814,
    79.715065,
    77.478165,
    73.79624,
    66.68826,
    62.833447,
    61.76242,
    62.075226,
    63.91031,
    61.55797,
    64.878456,
    71.01579,
    72.85704,
    72.004745,
    71.982315,
    76.54728,
    79.37463,
    84.39087,
    89.47344,
    94.293,
    93.53066,
    98.48257,
    96.953125,
    95.981,
    94.902565,
    94.7775,
    96.62098,
    94.99838,
    91.74139,
    89.61357,
    89.20468,
    90.446434,
    90.86042,
    98.47212,
    86.137566,
    95.31709,
    110.485725,
    107.334595,
    100.51421,
    105.772675,
    108.606514,
    97.60668,
    99.42412,
    94.24559,
    90.27271,
    102.79316,
    107.44397,
    113.2409,
    111.17445,
    76.19456,
    73.72298,
    79.91585,
    79.02988,
    76.46957,
    62.99155,
    64.51959,
    64.64866,
    62.867004,
    61.06394,
    62.21435,
    58.158367,
    49.59785,
    58.337822,
    41.51618,
    46.560276,
    59.095043,
    90.33173,
    110.12003,
    101.06411,
    90.0774,
    139.32108,
    108.15848,
    111.441185,
    119.51211,
    111.99835,
    103.395355,
    105.309494,
    94.14738,
    82.62725,
    87.8875,
    98.75447,
    96.52537,
    87.104416
  ],
  "years": [
    1850,
    1851,
    1852,
    1853,
    1854,
    1855,
    1856,
    1857,
    1858,
    1859,
    1860,
    1861,
    1862,
    1863,
    1864,
    1865,
    1866,
    1867,
    1868,
    1869,
    1870,
    1871,
    1872,
    1873,
    1874,
    1875,
    1876,
    1877,
    1878,
    1879,
    1880,
    1881,
    1882,
    1883,
    1884,
    1885,
    1886,
    1887,
    1888,
    1889,
    1890,
    1891,
    1892,
    1893,
    1894,
    1895,
    1896,
    1897,
    1898,
    1899,
    1900,
    1901,
    1902,
    1903,
    1904,
    1905,
    1906,
    1907,
    1908,
    1909,
    1910,
    1911,
    1912,
    1913,
    1914,
    1915,
    1916,
    1917,
    1918,
    1919,
    1920,
    1921,
    1922,
    1923,
    1924,
    1925,
    1926,
    1927,
    1928,
    1929,
    1930,
    1931,
    1932,
    1933,
    1934,
    1935,
    1936,
    1937,
    1938,
    1939,
    1940,
    1941,
    1942,
    1943,
    1944,
    1945,
    1946,
    1947,
    1948,
    1949,
    1950,
    1951,
    1952,
    1953,
    1954,
    1955,
    1956,
    1957,
    1958,
    1959,
    1960,
    1961,
    1962,
    1963,
    1964,
    1965,
    1966,
    1967,
    1968,
    1969,
    1970,
    1971,
    1972,
    1973,
    1974,
    1975,
    1976,
    1977,
    1978,
    1979,
    1980,
    1981,
    1982,
    1983,
    1984,
    1985,
    1986,
    1987,
    1988,
    1989,
    1990,
    1991,
    1992,
    1993,
    1994,
    1995,
    1996,
    1997,
    1998,
    1999,
    2000,
    2001,
    2002,
    2003,
    2004,
    2005,
    2006,
    2007,
    2008,
    2009,
    2010,
    2011,
    2012,
    2013,
    2014,
    2015,
    2016,
    2017,
    2018,
    2019,
    2020
  ],
  "entities": [
    355,
    355,
    355,
    355,
    355,
    355,
    355,
    355,
    355,
    355,
    355,
    355,
    355,
    355,
    355,
    355,
    355,
    355,
    355,
    355,
    355,
    355,
    355,
    355,
    355,
    355,
    355,
    355,
    355,
    355,
    355,
    355,
    355,
    355,
    355,
    355,
    355,
    355,
    355,
    355,
    355,
    355,
    355,
    355,
    355,
    355,
    355,
    355,
    355,
    355,
    355,
    355,
    355,
    355,
    355,
    355,
    355,
    355,
    355,
    355,
    355,
    355,
    355,
    355,
    355,
    355,
    355,
    355,
    355,
    355,
    355,
    355,
    355,
    355,
    355,
    355,
    355,
    355,
    355,
    355,
    355,
    355,
    355,
    355,
    355,
    355,
    355,
    355,
    355,
    355,
    355,
    355,
    355,
    355,
    355,
    355,
    355,
    355,
    355,
    355,
    355,
    355,
    355,
    355,
    355,
    355,
    355,
    355,
    355,
    355,
    355,
    355,
    355,
    355,
    355,
    355,
    355,
    355,
    355,
    355,
    355,
    355,
    355,
    355,
    355,
    355,
    355,
    355,
    355,
    355,
    355,
    355,
    355,
    355,
    355,
    355,
    355,
    355,
    355,
    355,
    355,
    355,
    355,
    355,
    355,
    355,
    355,
    355,
    355,
    355,
    355,
    355,
    355,
    355,
    355,
    355,
    355,
    355,
    355,
    355,
    355,
    355,
    355,
    355,
    355,
    355,
    355,
    355,
    355,
    355,
    355
  ]
}