{
  "values": [
    100,
    104.07854,
    81.91589,
    71.57092,
    77.4789,
    73.274994,
    68.34453,
    59.03638,
    65.18258,
    62.625526,
    55.238873,
    55.238873,
    46.39058,
    45.424107,
    42.002064,
    49.248314,
    60.110096,
    66.896034,
    113.89205,
    60.495457,
    29.738737,
    20.301277,
    22.535992,
    23.842999,
    24.65121,
    21.55896,
    20.53067,
    20.920717,
    21.213827,
    22.910933,
    29.59367,
    43.90301,
    56.39772,
    44.863316,
    42.337032,
    47.640724,
    47.19388,
    43.526165,
    44.360237,
    42.905994,
    43.513897,
    40.459217,
    49.938652,
    54.613956,
    57.8125,
    56.52778,
    38.682556,
    41.642155,
    45.87684,
    46.319256,
    44.669556,
    44.759705,
    51.463547,
    59.77303,
    45.96487,
    46.67929,
    51.34027,
    57.83304,
    56.293224,
    67.294975,
    42.20363,
    34.007355,
    60.045086,
    55.066715,
    58.086643,
    59.874615,
    54.18427,
    57.446537,
    57.641624,
    54.70217,
    47.90349,
    67.45777,
    68.42379,
    68.99968,
    94.58675,
    158.47816,
    128.40646,
    119.4322,
    102.52114,
    117.37534,
    112.573265,
    113.17811,
    102.12657,
    94.715645,
    101.28833,
    103.07388,
    90.18509,
    84.19454,
    129.01521,
    145.35715,
    99.20319,
    96.05097,
    90.96477,
    69.3087,
    68.06873,
    115.40823,
    86.528725,
    92.3765,
    81.061134,
    61.859673,
    64.23739,
    70.09317,
    63.865013,
    72.85257,
    106.18997,
    112.385704,
    101.663475,
    140.91245,
    235.62305,
    137.53845,
    170.91429,
    168.20692,
    149.16217,
    134.9037,
    154.3636,
    158.96425,
    134.87773,
    190.47621,
    169.78416,
    125.08607,
    143.33157
  ],
  "years": [
    1900,
    1901,
    1902,
    1903,
    1904,
    1905,
    1906,
    1907,
    1908,
    1909,
    1910,
    1911,
    1912,
    1913,
    1914,
    1915,
    1916,
    1917,
    1918,
    1919,
    1920,
    1921,
    1922,
    1923,
    1924,
    1925,
    1926,
    1927,
    1928,
    1929,
    1930,
    1931,
    1932,
    1933,
    1934,
    1935,
    1936,
    1937,
    1938,
    1939,
    1940,
    1941,
    1942,
    1943,
    1944,
    1945,
    1946,
    1947,
    1948,
    1949,
    1950,
    1951,
    1952,
    1953,
    1954,
    1955,
    1956,
    1957,
    1958,
    1959,
    1960,
    1961,
    1962,
    1963,
    1964,
    1965,
    1966,
    1967,
    1968,
    1969,
    1970,
    1971,
    1972,
    1973,
    1974,
    1975,
    1976,
    1977,
    1978,
    1979,
    1980,
    1981,
    1982,
    1983,
    1984,
    1985,
    1986,
    1987,
    1988,
    1989,
    1990,
    1991,
    1992,
    1993,
    1994,
    1995,
    1996,
    1997,
    1998,
    1999,
    2000,
    2001,
    2002,
    2003,
    2004,
    2005,
    2006,
    2007,
    2008,
    2009,
    2010,
    2011,
    2012,
    2013,
    2014,
    2015,
    2016,
    2017,
    2018,
    2019,
    2020
  ],
  "entities": [
    355,
    355,
    355,
    355,
    355,
    355,
    355,
    355,
    355,
    355,
    355,
    355,
    355,
    355,
    355,
    355,
    355,
    355,
    355,
    355,
    355,
    355,
    355,
    355,
    355,
    355,
    355,
    355,
    355,
    355,
    355,
    355,
    355,
    355,
    355,
    355,
    355,
    355,
    355,
    355,
    355,
    355,
    355,
    355,
    355,
    355,
    355,
    355,
    355,
    355,
    355,
    355,
    355,
    355,
    355,
    355,
    355,
    355,
    355,
    355,
    355,
    355,
    355,
    355,
    355,
    355,
    355,
    355,
    355,
    355,
    355,
    355,
    355,
    355,
    355,
    355,
    355,
    355,
    355,
    355,
    355,
    355,
    355,
    355,
    355,
    355,
    355,
    355,
    355,
    355,
    355,
    355,
    355,
    355,
    355,
    355,
    355,
    355,
    355,
    355,
    355,
    355,
    355,
    355,
    355,
    355,
    355,
    355,
    355,
    355,
    355,
    355,
    355,
    355,
    355,
    355,
    355,
    355,
    355,
    355,
    355
  ]
}