{
  "values": [
    2.485547498,
    -12.48671806,
    -23.5395035,
    -4.309971773,
    -4.496529412,
    -10.75332509,
    -2.693457894,
    -7.115143412,
    -4.018569735,
    -2.758431825,
    -8.341655079,
    -1.278704096,
    1.412854089,
    1.801867956,
    0.373119896,
    -1.149431444,
    1.970953504,
    10.16453607,
    -6.318267248,
    -6.517572685,
    -0.887868995,
    1.359807885,
    3.554859227,
    3.607557731,
    -1.234923849,
    4.57951794,
    -0.20417905,
    -21.87290037,
    1.938272446,
    -5.363401335,
    9.858359388,
    -2.773475163,
    0.329551465,
    -1.681815462,
    -3.040468636,
    2.063591556,
    -2.038224093,
    -4.713963958,
    17.26785928,
    -4.270275755,
    1.113249729,
    0.970080177,
    1.631925357,
    6.501255924,
    -9.657451889,
    -11.85933241,
    -4.204646757,
    -1.660859535,
    -18.63536728,
    3.502856131,
    0.78946273,
    5.391662455,
    -17.90070377,
    9.669707343,
    -0.728823079,
    2.125289017,
    1.296007118,
    5.704029802,
    -7.618829663,
    1.311929552,
    0.341233919,
    -1.66737782,
    4.031947722,
    4.201764994,
    1.029101105,
    -3.213411126,
    -4.16709829,
    19.78511687,
    -2.32016526,
    2.010247774,
    -5.678206791,
    -7.547811931,
    -291.7421906,
    -9.450740606,
    -1.678561529,
    -0.920424815,
    -0.996353633,
    -3.966449234,
    5.416721508,
    -3.411816386,
    0.012444245,
    2.903919524,
    -0.08052702,
    -0.05117349,
    1.312782674,
    49.500891,
    0.12650444,
    -3.534146608,
    -0.593219537,
    -1.423093104,
    2.876994694,
    -1.191048181,
    -35.37943634,
    -8.078880597,
    2.510776071,
    0.232363985,
    13.89176832,
    -0.968315229,
    -3.947186742,
    2.365608268,
    0.016529086,
    -0.154049596,
    -7.902636206,
    11.87681113,
    -6.23096836,
    0.319684975,
    -0.389741203,
    -23.79735134,
    10.29383785,
    -7.713817574,
    -2.556937793,
    12.61794903,
    1.286461591,
    1.137705102,
    0.90705376,
    1.754369635,
    0.1582446,
    -2.114427691,
    27.41965669,
    -0.042957643,
    -2.365404867,
    0.020595626,
    0.238002799,
    -5.509172217,
    0.884818833,
    -6.099652373,
    0.958338731
  ],
  "years": [
    2013,
    2013,
    2013,
    2013,
    2013,
    2013,
    2013,
    2013,
    2013,
    2013,
    2013,
    2013,
    2013,
    2013,
    2013,
    2013,
    2013,
    2013,
    2013,
    2013,
    2013,
    2013,
    2013,
    2013,
    2013,
    2013,
    2013,
    2013,
    2013,
    2013,
    2013,
    2013,
    2013,
    2013,
    2013,
    2013,
    2013,
    2013,
    2013,
    2013,
    2013,
    2013,
    2013,
    2013,
    2013,
    2013,
    2013,
    2013,
    2013,
    2013,
    2013,
    2013,
    2013,
    2013,
    2013,
    2013,
    2013,
    2013,
    2013,
    2013,
    2013,
    2013,
    2013,
    2013,
    2013,
    2013,
    2013,
    2013,
    2013,
    2013,
    2013,
    2013,
    2013,
    2013,
    2013,
    2013,
    2013,
    2013,
    2013,
    2013,
    2013,
    2013,
    2013,
    2013,
    2013,
    2013,
    2013,
    2013,
    2013,
    2013,
    2013,
    2013,
    2013,
    2013,
    2013,
    2013,
    2013,
    2013,
    2013,
    2013,
    2013,
    2013,
    2013,
    2013,
    2013,
    2013,
    2013,
    2013,
    2013,
    2013,
    2013,
    2013,
    2013,
    2013,
    2013,
    2013,
    2013,
    2013,
    2013,
    2013,
    2013,
    2013,
    2013,
    2013,
    2013,
    2013,
    2013
  ],
  "entities": [
    1,
    2,
    3,
    4,
    5,
    6,
    7,
    8,
    9,
    10,
    11,
    12,
    13,
    14,
    15,
    17,
    19,
    21,
    23,
    24,
    28,
    30,
    31,
    32,
    36,
    37,
    38,
    39,
    40,
    42,
    43,
    44,
    60,
    61,
    63,
    64,
    65,
    67,
    68,
    70,
    71,
    74,
    75,
    79,
    80,
    81,
    84,
    85,
    87,
    89,
    90,
    91,
    92,
    94,
    95,
    96,
    97,
    98,
    100,
    101,
    102,
    103,
    104,
    105,
    106,
    107,
    109,
    110,
    112,
    113,
    114,
    115,
    116,
    117,
    118,
    119,
    121,
    123,
    124,
    125,
    126,
    127,
    128,
    129,
    130,
    131,
    132,
    133,
    134,
    135,
    136,
    137,
    138,
    139,
    141,
    142,
    143,
    145,
    146,
    147,
    148,
    149,
    150,
    151,
    153,
    155,
    158,
    160,
    161,
    162,
    163,
    164,
    166,
    168,
    170,
    171,
    172,
    173,
    174,
    198,
    201,
    208,
    234,
    238,
    259,
    54352,
    164238
  ]
}