{
  "values": [
    0.000721455,
    0.000278169,
    0.00000589,
    0.14843944,
    0.11414332,
    0.057740845,
    0.001098388,
    0.06148828,
    0.05880034,
    0.08941417,
    0.06549766,
    0.10986182,
    0.10632597,
    0.5760145,
    0.16188388,
    0.07601415,
    0.11984649,
    0.10840483,
    0.110519074,
    0.055527363,
    0.11955785,
    0.14042546,
    0.63546467,
    0.59184,
    0.54048544,
    0.54004645,
    0.44308597,
    0.035851326,
    0.080455504,
    0.36110574,
    0.22854261,
    0.10978344,
    0.18260416,
    0.31050637,
    0.19080624,
    0.4926147,
    0.77758235,
    0.4104615,
    0.5421398,
    0.68640697,
    0.58856887,
    0.12271241,
    0.18716581,
    0.0956603,
    0.1625465,
    0.012165083,
    0.01005477,
    0.010817042,
    0.010658563,
    0.080430575,
    0.08841649,
    0.19223376,
    0.26196116,
    0.27854532,
    0.2864058,
    0.2556755,
    0.18466663,
    0.18784574,
    0.1777555,
    0.00000523,
    0.13170867,
    0.14071731,
    0.17370537,
    0.1659945,
    0.1883129,
    0.20096585,
    0.2542626,
    0.22717965,
    0.20790096,
    0.18401682,
    0.16255865,
    0.15073591,
    0.13305858,
    0.063223355,
    0.12867206,
    0.09693502,
    0.05712666,
    0.047001805,
    0.024476131,
    0.7953191,
    0.8551365,
    0.82524145,
    1.0360382,
    0.8903132,
    0.5863916,
    0.08937911,
    0.04508996,
    0.202053,
    0.22570279,
    0.17255108,
    0.10031877,
    0.16190475,
    0.17020428,
    2.368111,
    1.8615643,
    2.2393444,
    0.24043776,
    0.20915829,
    0.8183989
  ],
  "years": [
    2017,
    2018,
    2021,
    2018,
    2019,
    2020,
    2021,
    2022,
    2016,
    2017,
    2018,
    2019,
    2020,
    2021,
    2022,
    2017,
    2018,
    2021,
    2022,
    2020,
    2021,
    2022,
    2018,
    2019,
    2020,
    2021,
    2022,
    2020,
    2021,
    2017,
    2018,
    2019,
    2020,
    2021,
    2022,
    2017,
    2018,
    2019,
    2020,
    2021,
    2022,
    2018,
    2019,
    2020,
    2021,
    2020,
    2017,
    2018,
    2019,
    2020,
    2021,
    2022,
    2016,
    2017,
    2018,
    2019,
    2020,
    2021,
    2022,
    2021,
    2017,
    2018,
    2019,
    2020,
    2021,
    2022,
    2016,
    2017,
    2018,
    2019,
    2020,
    2021,
    2022,
    2016,
    2017,
    2018,
    2019,
    2020,
    2021,
    2022,
    2018,
    2019,
    2020,
    2021,
    2022,
    2021,
    2022,
    2016,
    2017,
    2018,
    2020,
    2021,
    2022,
    2017,
    2018,
    2019,
    2020,
    2021,
    2022
  ],
  "entities": [
    22,
    22,
    22,
    30,
    30,
    30,
    30,
    30,
    32,
    32,
    32,
    32,
    32,
    32,
    32,
    40,
    40,
    143,
    143,
    65,
    65,
    65,
    3,
    3,
    3,
    3,
    3,
    153,
    153,
    152,
    152,
    152,
    152,
    152,
    152,
    130,
    130,
    130,
    130,
    130,
    130,
    129,
    129,
    129,
    129,
    125,
    115,
    115,
    115,
    115,
    115,
    115,
    212,
    212,
    212,
    212,
    212,
    212,
    212,
    127,
    12,
    12,
    12,
    12,
    12,
    12,
    9,
    9,
    9,
    9,
    9,
    9,
    9,
    76,
    76,
    76,
    76,
    76,
    76,
    76,
    71,
    71,
    71,
    71,
    71,
    68,
    68,
    67,
    67,
    67,
    67,
    67,
    67,
    64,
    64,
    64,
    64,
    64,
    64
  ]
}