{
  "values": [
    0.10994279,
    0.11032249,
    0.09629276,
    0.12915096,
    0.118022926,
    0.1132065,
    0.112102926,
    7.26e-7,
    0.036007416,
    0.002685046,
    0.002293815,
    0.00000498,
    0.0000585,
    0.00000843,
    0.0000255,
    0.002585117,
    0.002977438,
    0.003158044,
    0.003607502,
    0.001806443,
    0.002454334,
    0.03651444,
    0.023178378,
    0.011719428,
    0.5644287,
    0.5697783,
    0.54107356,
    0.46021998,
    0.4406899,
    0.4262273,
    0.39925444,
    0.0000414,
    0.02537408,
    0.025327226,
    0.022441689,
    0.022869948,
    0.041762233,
    0.029537551,
    0.030293677,
    0.84154534,
    0.77429265,
    0.7428899,
    0.7771931,
    0.6984272,
    0.67809147,
    0.64718586,
    0.000161184,
    0.001094698,
    0.002328679,
    0.003057722,
    0.004051133,
    0.004258306,
    9.709613,
    6.6431417,
    2.0994923,
    2.3111544,
    0.049764838,
    0.050465714,
    0.051134065,
    0.057442635,
    0.06266337,
    0.0608269,
    0.064863145,
    0.20422988,
    0.21866442,
    0.3276398,
    0.35084727,
    0.35881826,
    0.32323492,
    0.28731152,
    0.9344531,
    0.9028877,
    0.81519336,
    0.8200603,
    0.7815091,
    0.69839007,
    0.60883284,
    0.007632038,
    0.00840896,
    0.007600796,
    0.007590675,
    0.008365539,
    0.006557175,
    0.008504962,
    0.009131554,
    0.009763429,
    0.011707108,
    0.011960075,
    0.010253571,
    0.009499823,
    0.010071963,
    0.001012133,
    0.005069933,
    0.007067909,
    0.006925483,
    0.007756444,
    0.007459413,
    0.004525051,
    0.003039203,
    0.32100827,
    0.29958624,
    0.29528654,
    0.30119962,
    0.28133565,
    0.26961273,
    0.2515358,
    0.07464846,
    0.075222,
    0.07485321,
    0.08133948,
    0.07392887,
    0.054766662,
    0.0808299,
    5.86e-7,
    0.00000149,
    7.36e-7,
    7.53e-7,
    7.63e-7,
    5.18e-7,
    6.14e-7,
    0.00000994,
    0.004073064,
    0.00366603,
    0.003370394,
    0.003086022,
    0.00284314,
    0.002418169,
    0.002459158,
    0.002123892,
    0.12548916,
    0.11424598,
    0.107159376,
    0.10284588,
    0.09707738,
    0.09694567,
    0.95814586,
    0.7479935,
    0.6551561,
    0.6118443,
    0.58061105,
    0.6558003
  ],
  "years": [
    2016,
    2017,
    2018,
    2019,
    2020,
    2021,
    2022,
    2016,
    2022,
    2021,
    2022,
    2019,
    2020,
    2021,
    2022,
    2016,
    2017,
    2018,
    2019,
    2020,
    2021,
    2019,
    2020,
    2022,
    2016,
    2017,
    2018,
    2019,
    2020,
    2021,
    2022,
    2020,
    2016,
    2017,
    2018,
    2019,
    2020,
    2021,
    2022,
    2016,
    2017,
    2018,
    2019,
    2020,
    2021,
    2022,
    2017,
    2018,
    2019,
    2020,
    2021,
    2022,
    2016,
    2017,
    2018,
    2019,
    2016,
    2017,
    2018,
    2019,
    2020,
    2021,
    2022,
    2016,
    2017,
    2018,
    2019,
    2020,
    2021,
    2022,
    2016,
    2017,
    2018,
    2019,
    2020,
    2021,
    2022,
    2016,
    2017,
    2018,
    2019,
    2020,
    2021,
    2022,
    2016,
    2017,
    2018,
    2019,
    2020,
    2021,
    2022,
    2022,
    2016,
    2017,
    2018,
    2019,
    2020,
    2021,
    2022,
    2016,
    2017,
    2018,
    2019,
    2020,
    2021,
    2022,
    2016,
    2017,
    2018,
    2019,
    2020,
    2021,
    2022,
    2016,
    2017,
    2018,
    2019,
    2020,
    2021,
    2022,
    2021,
    2022,
    2016,
    2017,
    2018,
    2019,
    2020,
    2021,
    2022,
    2016,
    2017,
    2018,
    2019,
    2020,
    2021,
    2017,
    2018,
    2019,
    2020,
    2021,
    2022
  ],
  "entities": [
    24,
    24,
    24,
    24,
    24,
    24,
    24,
    4,
    44,
    144,
    144,
    165,
    165,
    165,
    165,
    163,
    163,
    163,
    163,
    163,
    163,
    162,
    162,
    162,
    161,
    161,
    161,
    161,
    161,
    161,
    161,
    65,
    156,
    156,
    156,
    156,
    156,
    156,
    156,
    155,
    155,
    155,
    155,
    155,
    155,
    155,
    3,
    3,
    3,
    3,
    3,
    3,
    152,
    152,
    152,
    152,
    6,
    6,
    6,
    6,
    6,
    6,
    6,
    207,
    207,
    207,
    207,
    207,
    207,
    207,
    2,
    2,
    2,
    2,
    2,
    2,
    2,
    122,
    122,
    122,
    122,
    122,
    122,
    122,
    119,
    119,
    119,
    119,
    119,
    119,
    119,
    116,
    212,
    212,
    212,
    212,
    212,
    212,
    212,
    102,
    102,
    102,
    102,
    102,
    102,
    102,
    11,
    11,
    11,
    11,
    11,
    11,
    11,
    95,
    95,
    95,
    95,
    95,
    95,
    95,
    226,
    226,
    9,
    9,
    9,
    9,
    9,
    9,
    9,
    10,
    10,
    10,
    10,
    10,
    10,
    1,
    1,
    1,
    1,
    1,
    1
  ]
}