{
  "values": [
    3.7915852,
    3.785868,
    3.7802868,
    3.7749865,
    3.769841,
    3.7649138,
    3.7699318,
    3.7890153,
    3.813583,
    3.8352203,
    3.8455474,
    3.8401377,
    3.8242059,
    3.8037925,
    3.78499,
    3.773679,
    3.7754478,
    3.7876673,
    3.80403,
    3.8178456,
    3.821852,
    3.811399,
    3.7912302,
    3.7687528,
    3.7512484,
    3.7458007,
    3.7599669,
    3.7748022,
    3.7786238,
    3.779522,
    0.49008313,
    0.4896426,
    0.48932484,
    0.489048,
    0.48877683,
    0.48856828,
    0.48831466,
    0.48803732,
    0.48771212,
    0.48734614,
    0.4870348,
    0.4869052,
    0.48707926,
    0.4873679,
    0.48761976,
    0.48770896,
    0.48758087,
    0.48746112,
    0.487444,
    0.48751542,
    0.48762587,
    0.48776188,
    0.48793262,
    0.48812687,
    0.48834854,
    0.4886118,
    0.48887303,
    0.48914567,
    0.48944956,
    0.4898171,
    3.486165,
    3.5208344,
    3.5501535,
    3.5731866,
    3.5891857,
    3.5966735,
    3.5964515,
    3.5908835,
    3.5828843,
    3.5755708,
    3.5714743,
    3.5726268,
    3.576409,
    3.5810776,
    3.58459,
    3.5843492,
    3.5651162,
    3.5223153,
    3.4718347,
    3.4294875,
    3.4102738,
    3.4099221,
    3.4120119,
    3.4156337,
    3.4204633,
    3.4255397,
    3.4293563,
    3.4333224,
    3.43748,
    3.4400527,
    0.15053226,
    0.15092015,
    0.15124461,
    0.15140574,
    0.15142713,
    0.15127873,
    0.1511088,
    0.15092593,
    0.1507919,
    0.15082613,
    0.1509406,
    0.15141876,
    0.15222281,
    0.15322176,
    0.1542961,
    0.15532674,
    0.15643151,
    0.15788984,
    0.15949497,
    0.1610854,
    0.16249368,
    0.16367842,
    0.1647413,
    0.16578408,
    0.16697127,
    0.1683489,
    0.17063996,
    0.17255633,
    0.173436,
    0.17395177,
    0.2899184,
    0.29003072,
    0.29009753,
    0.29010698,
    0.2900472,
    0.2899109,
    0.2896729,
    0.28938755,
    0.28909516,
    0.2888331,
    0.28863811,
    0.2885537,
    0.2885798,
    0.2886505,
    0.28870344,
    0.2886748,
    0.28862995,
    0.28864112,
    0.28865305,
    0.28862357,
    0.2885186,
    0.28840616,
    0.28834462,
    0.2882915,
    0.28820476,
    0.28803006,
    0.28846613,
    0.28885987,
    0.2883245,
    0.28740895
  ],
  "years": [
    1990,
    1991,
    1992,
    1993,
    1994,
    1995,
    1996,
    1997,
    1998,
    1999,
    2000,
    2001,
    2002,
    2003,
    2004,
    2005,
    2006,
    2007,
    2008,
    2009,
    2010,
    2011,
    2012,
    2013,
    2014,
    2015,
    2016,
    2017,
    2018,
    2019,
    1990,
    1991,
    1992,
    1993,
    1994,
    1995,
    1996,
    1997,
    1998,
    1999,
    2000,
    2001,
    2002,
    2003,
    2004,
    2005,
    2006,
    2007,
    2008,
    2009,
    2010,
    2011,
    2012,
    2013,
    2014,
    2015,
    2016,
    2017,
    2018,
    2019,
    1990,
    1991,
    1992,
    1993,
    1994,
    1995,
    1996,
    1997,
    1998,
    1999,
    2000,
    2001,
    2002,
    2003,
    2004,
    2005,
    2006,
    2007,
    2008,
    2009,
    2010,
    2011,
    2012,
    2013,
    2014,
    2015,
    2016,
    2017,
    2018,
    2019,
    1990,
    1991,
    1992,
    1993,
    1994,
    1995,
    1996,
    1997,
    1998,
    1999,
    2000,
    2001,
    2002,
    2003,
    2004,
    2005,
    2006,
    2007,
    2008,
    2009,
    2010,
    2011,
    2012,
    2013,
    2014,
    2015,
    2016,
    2017,
    2018,
    2019,
    1990,
    1991,
    1992,
    1993,
    1994,
    1995,
    1996,
    1997,
    1998,
    1999,
    2000,
    2001,
    2002,
    2003,
    2004,
    2005,
    2006,
    2007,
    2008,
    2009,
    2010,
    2011,
    2012,
    2013,
    2014,
    2015,
    2016,
    2017,
    2018,
    2019
  ],
  "entities": [
    11757,
    11757,
    11757,
    11757,
    11757,
    11757,
    11757,
    11757,
    11757,
    11757,
    11757,
    11757,
    11757,
    11757,
    11757,
    11757,
    11757,
    11757,
    11757,
    11757,
    11757,
    11757,
    11757,
    11757,
    11757,
    11757,
    11757,
    11757,
    11757,
    11757,
    11764,
    11764,
    11764,
    11764,
    11764,
    11764,
    11764,
    11764,
    11764,
    11764,
    11764,
    11764,
    11764,
    11764,
    11764,
    11764,
    11764,
    11764,
    11764,
    11764,
    11764,
    11764,
    11764,
    11764,
    11764,
    11764,
    11764,
    11764,
    11764,
    11764,
    11785,
    11785,
    11785,
    11785,
    11785,
    11785,
    11785,
    11785,
    11785,
    11785,
    11785,
    11785,
    11785,
    11785,
    11785,
    11785,
    11785,
    11785,
    11785,
    11785,
    11785,
    11785,
    11785,
    11785,
    11785,
    11785,
    11785,
    11785,
    11785,
    11785,
    11791,
    11791,
    11791,
    11791,
    11791,
    11791,
    11791,
    11791,
    11791,
    11791,
    11791,
    11791,
    11791,
    11791,
    11791,
    11791,
    11791,
    11791,
    11791,
    11791,
    11791,
    11791,
    11791,
    11791,
    11791,
    11791,
    11791,
    11791,
    11791,
    11791,
    11895,
    11895,
    11895,
    11895,
    11895,
    11895,
    11895,
    11895,
    11895,
    11895,
    11895,
    11895,
    11895,
    11895,
    11895,
    11895,
    11895,
    11895,
    11895,
    11895,
    11895,
    11895,
    11895,
    11895,
    11895,
    11895,
    11895,
    11895,
    11895,
    11895
  ]
}