{
  "values": [
    360.547,
    360.0782,
    359.61197,
    359.19098,
    358.75433,
    358.33615,
    358.82996,
    360.659,
    363.01666,
    365.06494,
    366.05154,
    365.54736,
    364.0752,
    362.1512,
    360.4087,
    359.3846,
    359.61206,
    360.87418,
    362.5424,
    363.94333,
    364.3693,
    363.40784,
    361.54077,
    359.4633,
    357.8269,
    357.30002,
    358.62128,
    359.96918,
    360.2143,
    360.12097,
    105.04815,
    104.973045,
    104.930626,
    104.89711,
    104.86058,
    104.83066,
    104.78874,
    104.73967,
    104.68394,
    104.611786,
    104.55496,
    104.5403,
    104.57687,
    104.6643,
    104.7379,
    104.77021,
    104.772514,
    104.78478,
    104.811066,
    104.87115,
    104.928894,
    104.96599,
    105.00541,
    105.06727,
    105.123795,
    105.18185,
    105.228455,
    105.284805,
    105.346565,
    105.43025,
    588.56586,
    595.8673,
    602.1072,
    606.995,
    610.347,
    611.88745,
    611.8368,
    610.8581,
    609.4454,
    608.07623,
    607.2292,
    607.31744,
    607.9738,
    608.81934,
    609.4108,
    609.2116,
    604.99817,
    595.88116,
    585.1803,
    576.1997,
    572.11774,
    571.99426,
    572.4321,
    573.1966,
    574.1674,
    575.1163,
    575.6663,
    576.2325,
    577.0205,
    577.74695,
    32.154877,
    32.240498,
    32.318398,
    32.36504,
    32.38058,
    32.354492,
    32.32246,
    32.292374,
    32.26759,
    32.280094,
    32.305298,
    32.409294,
    32.582226,
    32.797268,
    33.02615,
    33.244057,
    33.481426,
    33.79751,
    34.14729,
    34.48872,
    34.79182,
    35.039917,
    35.266777,
    35.486176,
    35.73571,
    36.024193,
    36.500103,
    36.898468,
    37.082497,
    37.189297,
    185.18529,
    185.3143,
    185.41089,
    185.45767,
    185.47935,
    185.42226,
    185.3029,
    185.13222,
    184.97702,
    184.84819,
    184.71754,
    184.68338,
    184.76836,
    184.82095,
    184.89145,
    184.88914,
    184.91447,
    185.00061,
    185.10773,
    185.1418,
    185.09683,
    185.0356,
    184.95872,
    184.9032,
    184.8312,
    184.68431,
    184.94211,
    185.16676,
    184.76164,
    184.14943
  ],
  "years": [
    1990,
    1991,
    1992,
    1993,
    1994,
    1995,
    1996,
    1997,
    1998,
    1999,
    2000,
    2001,
    2002,
    2003,
    2004,
    2005,
    2006,
    2007,
    2008,
    2009,
    2010,
    2011,
    2012,
    2013,
    2014,
    2015,
    2016,
    2017,
    2018,
    2019,
    1990,
    1991,
    1992,
    1993,
    1994,
    1995,
    1996,
    1997,
    1998,
    1999,
    2000,
    2001,
    2002,
    2003,
    2004,
    2005,
    2006,
    2007,
    2008,
    2009,
    2010,
    2011,
    2012,
    2013,
    2014,
    2015,
    2016,
    2017,
    2018,
    2019,
    1990,
    1991,
    1992,
    1993,
    1994,
    1995,
    1996,
    1997,
    1998,
    1999,
    2000,
    2001,
    2002,
    2003,
    2004,
    2005,
    2006,
    2007,
    2008,
    2009,
    2010,
    2011,
    2012,
    2013,
    2014,
    2015,
    2016,
    2017,
    2018,
    2019,
    1990,
    1991,
    1992,
    1993,
    1994,
    1995,
    1996,
    1997,
    1998,
    1999,
    2000,
    2001,
    2002,
    2003,
    2004,
    2005,
    2006,
    2007,
    2008,
    2009,
    2010,
    2011,
    2012,
    2013,
    2014,
    2015,
    2016,
    2017,
    2018,
    2019,
    1990,
    1991,
    1992,
    1993,
    1994,
    1995,
    1996,
    1997,
    1998,
    1999,
    2000,
    2001,
    2002,
    2003,
    2004,
    2005,
    2006,
    2007,
    2008,
    2009,
    2010,
    2011,
    2012,
    2013,
    2014,
    2015,
    2016,
    2017,
    2018,
    2019
  ],
  "entities": [
    11757,
    11757,
    11757,
    11757,
    11757,
    11757,
    11757,
    11757,
    11757,
    11757,
    11757,
    11757,
    11757,
    11757,
    11757,
    11757,
    11757,
    11757,
    11757,
    11757,
    11757,
    11757,
    11757,
    11757,
    11757,
    11757,
    11757,
    11757,
    11757,
    11757,
    11764,
    11764,
    11764,
    11764,
    11764,
    11764,
    11764,
    11764,
    11764,
    11764,
    11764,
    11764,
    11764,
    11764,
    11764,
    11764,
    11764,
    11764,
    11764,
    11764,
    11764,
    11764,
    11764,
    11764,
    11764,
    11764,
    11764,
    11764,
    11764,
    11764,
    11785,
    11785,
    11785,
    11785,
    11785,
    11785,
    11785,
    11785,
    11785,
    11785,
    11785,
    11785,
    11785,
    11785,
    11785,
    11785,
    11785,
    11785,
    11785,
    11785,
    11785,
    11785,
    11785,
    11785,
    11785,
    11785,
    11785,
    11785,
    11785,
    11785,
    11791,
    11791,
    11791,
    11791,
    11791,
    11791,
    11791,
    11791,
    11791,
    11791,
    11791,
    11791,
    11791,
    11791,
    11791,
    11791,
    11791,
    11791,
    11791,
    11791,
    11791,
    11791,
    11791,
    11791,
    11791,
    11791,
    11791,
    11791,
    11791,
    11791,
    11895,
    11895,
    11895,
    11895,
    11895,
    11895,
    11895,
    11895,
    11895,
    11895,
    11895,
    11895,
    11895,
    11895,
    11895,
    11895,
    11895,
    11895,
    11895,
    11895,
    11895,
    11895,
    11895,
    11895,
    11895,
    11895,
    11895,
    11895,
    11895,
    11895
  ]
}