{
  "values": [
    3.6173558,
    0.42963096,
    3.3059554,
    0.18875952,
    0.2553874,
    3.6169035,
    0.43061134,
    3.3480523,
    0.18927112,
    0.2569821,
    3.6179786,
    0.4318121,
    3.3873482,
    0.18968102,
    0.25854802,
    3.6204097,
    0.43313605,
    3.4225557,
    0.19000652,
    0.26010585,
    3.6246922,
    0.4345777,
    3.4529233,
    0.19025984,
    0.26164117,
    3.6308627,
    0.4361779,
    3.4768217,
    0.19047996,
    0.26314998,
    3.6505375,
    0.4379105,
    3.495406,
    0.19073273,
    0.26450258,
    3.688534,
    0.43973458,
    3.5109682,
    0.19103752,
    0.26574495,
    3.7341552,
    0.44165748,
    3.5256479,
    0.1914663,
    0.2669865,
    3.7763352,
    0.44365942,
    3.5416024,
    0.19196728,
    0.2682509,
    3.8033893,
    0.44571254,
    3.5597677,
    0.19251148,
    0.2696108,
    3.811945,
    0.4478201,
    3.581785,
    0.19325404,
    0.2709515,
    3.8096979,
    0.4499481,
    3.6060712,
    0.19423184,
    0.27225074,
    3.8018868,
    0.45205742,
    3.6307428,
    0.19529957,
    0.27358952,
    3.794074,
    0.4541304,
    3.6541042,
    0.19635859,
    0.27497742,
    3.791552,
    0.45610157,
    3.6732297,
    0.19725765,
    0.2764526,
    3.799142,
    0.45790917,
    3.671669,
    0.19832371,
    0.27803802,
    3.8141232,
    0.45957142,
    3.6442258,
    0.19973323,
    0.27977115,
    3.8308144,
    0.46111992,
    3.607101,
    0.20124856,
    0.28155845,
    3.8437006,
    0.46250603,
    3.5774872,
    0.20256305,
    0.28322715,
    3.847621,
    0.4637934,
    3.5726798,
    0.20337941,
    0.28468114,
    3.8377166,
    0.46501815,
    3.587813,
    0.20385219,
    0.28595388,
    3.8166854,
    0.46607485,
    3.604296,
    0.20415872,
    0.287184,
    3.7920647,
    0.4669886,
    3.6215634,
    0.20430093,
    0.2883292,
    3.7721844,
    0.46784285,
    3.639685,
    0.20432904,
    0.2893121,
    3.7647254,
    0.46866193,
    3.657982,
    0.20424654,
    0.2900548,
    3.7700913,
    0.46938208,
    3.675127,
    0.20423777,
    0.2904889,
    3.7817893,
    0.470137,
    3.6913047,
    0.20437212,
    0.29082766,
    3.7966068,
    0.4710462,
    3.708465,
    0.20451666,
    0.291258,
    3.81023,
    0.4721393,
    3.7281299,
    0.20452999,
    0.29189512,
    4.371182,
    0.47342688,
    4.158577,
    0.20432243,
    0.29300725,
    4.5519857,
    0.47481403,
    4.2123365,
    0.20333862,
    0.29376596
  ],
  "years": [
    1990,
    1990,
    1990,
    1990,
    1990,
    1991,
    1991,
    1991,
    1991,
    1991,
    1992,
    1992,
    1992,
    1992,
    1992,
    1993,
    1993,
    1993,
    1993,
    1993,
    1994,
    1994,
    1994,
    1994,
    1994,
    1995,
    1995,
    1995,
    1995,
    1995,
    1996,
    1996,
    1996,
    1996,
    1996,
    1997,
    1997,
    1997,
    1997,
    1997,
    1998,
    1998,
    1998,
    1998,
    1998,
    1999,
    1999,
    1999,
    1999,
    1999,
    2000,
    2000,
    2000,
    2000,
    2000,
    2001,
    2001,
    2001,
    2001,
    2001,
    2002,
    2002,
    2002,
    2002,
    2002,
    2003,
    2003,
    2003,
    2003,
    2003,
    2004,
    2004,
    2004,
    2004,
    2004,
    2005,
    2005,
    2005,
    2005,
    2005,
    2006,
    2006,
    2006,
    2006,
    2006,
    2007,
    2007,
    2007,
    2007,
    2007,
    2008,
    2008,
    2008,
    2008,
    2008,
    2009,
    2009,
    2009,
    2009,
    2009,
    2010,
    2010,
    2010,
    2010,
    2010,
    2011,
    2011,
    2011,
    2011,
    2011,
    2012,
    2012,
    2012,
    2012,
    2012,
    2013,
    2013,
    2013,
    2013,
    2013,
    2014,
    2014,
    2014,
    2014,
    2014,
    2015,
    2015,
    2015,
    2015,
    2015,
    2016,
    2016,
    2016,
    2016,
    2016,
    2017,
    2017,
    2017,
    2017,
    2017,
    2018,
    2018,
    2018,
    2018,
    2018,
    2019,
    2019,
    2019,
    2019,
    2019,
    2020,
    2020,
    2020,
    2020,
    2020,
    2021,
    2021,
    2021,
    2021,
    2021
  ],
  "entities": [
    11757,
    11764,
    11785,
    11791,
    11895,
    11757,
    11764,
    11785,
    11791,
    11895,
    11757,
    11764,
    11785,
    11791,
    11895,
    11757,
    11764,
    11785,
    11791,
    11895,
    11757,
    11764,
    11785,
    11791,
    11895,
    11757,
    11764,
    11785,
    11791,
    11895,
    11757,
    11764,
    11785,
    11791,
    11895,
    11757,
    11764,
    11785,
    11791,
    11895,
    11757,
    11764,
    11785,
    11791,
    11895,
    11757,
    11764,
    11785,
    11791,
    11895,
    11757,
    11764,
    11785,
    11791,
    11895,
    11757,
    11764,
    11785,
    11791,
    11895,
    11757,
    11764,
    11785,
    11791,
    11895,
    11757,
    11764,
    11785,
    11791,
    11895,
    11757,
    11764,
    11785,
    11791,
    11895,
    11757,
    11764,
    11785,
    11791,
    11895,
    11757,
    11764,
    11785,
    11791,
    11895,
    11757,
    11764,
    11785,
    11791,
    11895,
    11757,
    11764,
    11785,
    11791,
    11895,
    11757,
    11764,
    11785,
    11791,
    11895,
    11757,
    11764,
    11785,
    11791,
    11895,
    11757,
    11764,
    11785,
    11791,
    11895,
    11757,
    11764,
    11785,
    11791,
    11895,
    11757,
    11764,
    11785,
    11791,
    11895,
    11757,
    11764,
    11785,
    11791,
    11895,
    11757,
    11764,
    11785,
    11791,
    11895,
    11757,
    11764,
    11785,
    11791,
    11895,
    11757,
    11764,
    11785,
    11791,
    11895,
    11757,
    11764,
    11785,
    11791,
    11895,
    11757,
    11764,
    11785,
    11791,
    11895,
    11757,
    11764,
    11785,
    11791,
    11895,
    11757,
    11764,
    11785,
    11791,
    11895
  ]
}