{
  "values": [
    431.16528,
    431.1576,
    431.29285,
    431.59525,
    432.0718,
    432.7886,
    435.03702,
    439.4592,
    444.75757,
    449.6608,
    452.7164,
    453.63544,
    453.3095,
    452.30167,
    451.31012,
    450.89478,
    451.76532,
    453.48245,
    455.476,
    457.002,
    457.35123,
    456.07233,
    453.48746,
    450.47815,
    448.00882,
    446.99777,
    447.42645,
    448.6113,
    450.1307,
    451.54297,
    517.72626,
    538.6864,
    92.40873,
    92.629395,
    92.895065,
    93.17151,
    93.4801,
    93.82912,
    94.20108,
    94.570595,
    94.96834,
    95.40231,
    95.830505,
    96.276886,
    96.72773,
    97.17364,
    97.612785,
    98.036285,
    98.44018,
    98.78073,
    99.12609,
    99.422226,
    99.69913,
    99.94593,
    100.14394,
    100.32614,
    100.468735,
    100.63026,
    100.74305,
    100.882835,
    101.054924,
    101.27294,
    101.31078,
    101.47541,
    556.36975,
    564.3679,
    571.6822,
    578.15814,
    583.57104,
    587.6624,
    590.66705,
    593.11194,
    595.41486,
    597.8409,
    600.5887,
    604.0562,
    608.0243,
    612.0058,
    615.7542,
    618.5342,
    617.225,
    610.76654,
    602.4119,
    595.60443,
    593.86804,
    596.2431,
    599.115,
    602.2248,
    605.397,
    608.42694,
    611.10547,
    613.69257,
    616.37286,
    619.50214,
    707.02606,
    713.82385,
    40.122833,
    40.238728,
    40.325226,
    40.415867,
    40.47204,
    40.52679,
    40.57986,
    40.634563,
    40.731808,
    40.844444,
    40.955647,
    41.12075,
    41.331154,
    41.565575,
    41.78742,
    41.979233,
    42.202057,
    42.514603,
    42.842022,
    43.113247,
    43.29221,
    43.39128,
    43.456444,
    43.48146,
    43.48106,
    43.456898,
    43.458786,
    43.488914,
    43.503746,
    43.498253,
    43.378036,
    43.124996,
    164.28441,
    165.33458,
    166.38168,
    167.3903,
    168.41113,
    169.3729,
    170.2086,
    171.04036,
    171.81502,
    172.63766,
    173.50401,
    174.3398,
    175.14246,
    176.05241,
    176.95845,
    177.90659,
    178.93059,
    180.06468,
    181.27354,
    182.34276,
    183.2679,
    184.03549,
    184.76772,
    185.41093,
    185.96475,
    186.39426,
    186.591,
    186.7696,
    186.97192,
    187.28683,
    187.58966,
    187.75754
  ],
  "years": [
    1990,
    1991,
    1992,
    1993,
    1994,
    1995,
    1996,
    1997,
    1998,
    1999,
    2000,
    2001,
    2002,
    2003,
    2004,
    2005,
    2006,
    2007,
    2008,
    2009,
    2010,
    2011,
    2012,
    2013,
    2014,
    2015,
    2016,
    2017,
    2018,
    2019,
    2020,
    2021,
    1990,
    1991,
    1992,
    1993,
    1994,
    1995,
    1996,
    1997,
    1998,
    1999,
    2000,
    2001,
    2002,
    2003,
    2004,
    2005,
    2006,
    2007,
    2008,
    2009,
    2010,
    2011,
    2012,
    2013,
    2014,
    2015,
    2016,
    2017,
    2018,
    2019,
    2020,
    2021,
    1990,
    1991,
    1992,
    1993,
    1994,
    1995,
    1996,
    1997,
    1998,
    1999,
    2000,
    2001,
    2002,
    2003,
    2004,
    2005,
    2006,
    2007,
    2008,
    2009,
    2010,
    2011,
    2012,
    2013,
    2014,
    2015,
    2016,
    2017,
    2018,
    2019,
    2020,
    2021,
    1990,
    1991,
    1992,
    1993,
    1994,
    1995,
    1996,
    1997,
    1998,
    1999,
    2000,
    2001,
    2002,
    2003,
    2004,
    2005,
    2006,
    2007,
    2008,
    2009,
    2010,
    2011,
    2012,
    2013,
    2014,
    2015,
    2016,
    2017,
    2018,
    2019,
    2020,
    2021,
    1990,
    1991,
    1992,
    1993,
    1994,
    1995,
    1996,
    1997,
    1998,
    1999,
    2000,
    2001,
    2002,
    2003,
    2004,
    2005,
    2006,
    2007,
    2008,
    2009,
    2010,
    2011,
    2012,
    2013,
    2014,
    2015,
    2016,
    2017,
    2018,
    2019,
    2020,
    2021
  ],
  "entities": [
    11757,
    11757,
    11757,
    11757,
    11757,
    11757,
    11757,
    11757,
    11757,
    11757,
    11757,
    11757,
    11757,
    11757,
    11757,
    11757,
    11757,
    11757,
    11757,
    11757,
    11757,
    11757,
    11757,
    11757,
    11757,
    11757,
    11757,
    11757,
    11757,
    11757,
    11757,
    11757,
    11764,
    11764,
    11764,
    11764,
    11764,
    11764,
    11764,
    11764,
    11764,
    11764,
    11764,
    11764,
    11764,
    11764,
    11764,
    11764,
    11764,
    11764,
    11764,
    11764,
    11764,
    11764,
    11764,
    11764,
    11764,
    11764,
    11764,
    11764,
    11764,
    11764,
    11764,
    11764,
    11785,
    11785,
    11785,
    11785,
    11785,
    11785,
    11785,
    11785,
    11785,
    11785,
    11785,
    11785,
    11785,
    11785,
    11785,
    11785,
    11785,
    11785,
    11785,
    11785,
    11785,
    11785,
    11785,
    11785,
    11785,
    11785,
    11785,
    11785,
    11785,
    11785,
    11785,
    11785,
    11791,
    11791,
    11791,
    11791,
    11791,
    11791,
    11791,
    11791,
    11791,
    11791,
    11791,
    11791,
    11791,
    11791,
    11791,
    11791,
    11791,
    11791,
    11791,
    11791,
    11791,
    11791,
    11791,
    11791,
    11791,
    11791,
    11791,
    11791,
    11791,
    11791,
    11791,
    11791,
    11895,
    11895,
    11895,
    11895,
    11895,
    11895,
    11895,
    11895,
    11895,
    11895,
    11895,
    11895,
    11895,
    11895,
    11895,
    11895,
    11895,
    11895,
    11895,
    11895,
    11895,
    11895,
    11895,
    11895,
    11895,
    11895,
    11895,
    11895,
    11895,
    11895,
    11895,
    11895
  ]
}